receipt_id,po_number,receipt_date,receipt_time,sku_id,expected_qty,received_qty,variance_qty,putaway_location,putaway_timestamp,associate_id,condition
RCPT-100175,PO-50000,2024-12-23,07:39:00,SKU-00034,210,211,1,A-04L-017-3-A,2024-12-23 09:54:00,RCV-006,NEW
RCPT-100034,PO-50000,2024-12-23,09:15:00,SKU-03496,797,799,2,B-01R-016-5-B,2024-12-23 11:23:00,RCV-004,NEW
RCPT-100127,PO-50000,2024-12-23,06:50:00,SKU-03854,84,83,-1,B-02L-022-3-A,2024-12-23 09:21:00,RCV-001,NEW
RCPT-100168,PO-50000,2024-12-23,10:34:00,SKU-02585,2844,2846,2,A-01R-012-4-A,2024-12-23 13:02:00,RCV-007,NEW
RCPT-100180,PO-50000,2024-12-23,10:01:00,SKU-02216,18,20,2,C-02L-009-1-A,2024-12-23 12:13:00,RCV-003,NEW
RCPT-100029,PO-50000,2024-12-23,06:19:00,SKU-02045,417,418,1,B-01R-025-3-A,2024-12-23 08:01:00,RCV-003,NEW
RCPT-100134,PO-50000,2024-12-23,12:31:00,SKU-00553,36,35,-1,A-04L-016-4-B,2024-12-23 14:06:00,RCV-001,NEW
RCPT-100150,PO-50000,2024-12-23,10:12:00,SKU-02738,27,26,-1,B-02L-024-3-A,2024-12-23 10:54:00,RCV-006,NEW
RCPT-100167,PO-50000,2024-12-23,08:00:00,SKU-03882,79,78,-1,B-01R-002-3-B,2024-12-23 09:15:00,RCV-008,NEW
RCPT-100133,PO-50000,2024-12-23,07:06:00,SKU-02522,16,17,1,E-01R-002-5-A,2024-12-23 09:40:00,RCV-001,NEW
RCPT-100088,PO-50000,2024-12-23,08:52:00,SKU-00960,12,10,-2,D-04R-014-1-B,2024-12-23 09:34:00,RCV-007,NEW
RCPT-100030,PO-50000,2024-12-23,08:55:00,SKU-00530,21,22,1,A-03L-006-3-B,2024-12-23 11:52:00,RCV-007,NEW
RCPT-100057,PO-50000,2024-12-23,11:24:00,SKU-03236,36,38,2,A-02L-012-2-B,2024-12-23 13:26:00,RCV-002,NEW
RCPT-100101,PO-50000,2024-12-23,07:43:00,SKU-03826,20,18,-2,B-02R-016-4-A,2024-12-23 08:16:00,RCV-005,NEW
RCPT-100017,PO-50000,2024-12-23,07:56:00,SKU-04192,13,11,-2,C-01R-024-5-A,2024-12-23 10:22:00,RCV-007,NEW
RCPT-100102,PO-50000,2024-12-23,08:31:00,SKU-03787,215,216,1,C-02L-018-1-B,2024-12-23 09:23:00,RCV-006,NEW
RCPT-100031,PO-50000,2024-12-23,06:06:00,SKU-03973,18,19,1,D-01L-024-5-A,2024-12-23 07:12:00,RCV-007,NEW
RCPT-100059,PO-50000,2024-12-23,08:36:00,SKU-03881,1347,1347,0,B-02R-002-4-A,2024-12-23 09:52:00,RCV-008,NEW
RCPT-100035,PO-50000,2024-12-23,06:09:00,SKU-03823,871,870,-1,C-02R-020-1-B,2024-12-23 08:45:00,RCV-007,NEW
RCPT-100054,PO-50000,2024-12-23,07:54:00,SKU-01204,1962,1962,0,A-03R-016-1-B,2024-12-23 10:35:00,RCV-007,NEW
RCPT-100069,PO-50000,2024-12-23,07:22:00,SKU-04042,12,11,-1,E-02R-019-2-A,2024-12-23 08:04:00,RCV-007,NEW
RCPT-100103,PO-50000,2024-12-23,06:50:00,SKU-02836,187,185,-2,A-02R-009-1-B,2024-12-23 09:31:00,RCV-007,NEW
RCPT-100147,PO-50000,2024-12-23,11:27:00,SKU-04211,100,98,-2,A-01L-009-5-B,2024-12-23 13:38:00,RCV-005,NEW
RCPT-100044,PO-50000,2024-12-23,10:33:00,SKU-03756,110,109,-1,A-01L-005-3-A,2024-12-23 12:05:00,RCV-006,NEW
RCPT-100115,PO-50000,2024-12-23,09:33:00,SKU-03609,12,10,-2,A-01R-016-2-A,2024-12-23 12:27:00,RCV-007,NEW
RCPT-100075,PO-50000,2024-12-23,10:20:00,SKU-02554,31,31,0,C-01L-003-1-B,2024-12-23 10:57:00,RCV-001,NEW
RCPT-100046,PO-50000,2024-12-23,10:01:00,SKU-04210,12,14,2,D-02L-018-5-A,2024-12-23 10:42:00,RCV-002,NEW
RCPT-100119,PO-50000,2024-12-23,09:47:00,SKU-03831,12,10,-2,A-01L-021-5-B,2024-12-23 10:26:00,RCV-005,NEW
RCPT-100139,PO-50000,2024-12-23,08:16:00,SKU-02432,12,14,2,B-02R-013-5-A,2024-12-23 10:07:00,RCV-003,NEW
RCPT-100052,PO-50000,2024-12-23,10:39:00,SKU-04079,49,49,0,A-02L-006-4-A,2024-12-23 12:18:00,RCV-006,NEW
RCPT-100323,PO-50000,2024-12-24,06:54:00,SKU-03741,12,14,2,D-01R-001-5-A,2024-12-24 09:52:00,RCV-003,NEW
RCPT-100311,PO-50000,2024-12-24,12:01:00,SKU-02584,220,221,1,A-02L-003-1-B,2024-12-24 13:18:00,RCV-008,DAMAGED
RCPT-100290,PO-50000,2024-12-24,06:02:00,SKU-00315,103,105,2,A-03R-020-4-A,2024-12-24 07:22:00,RCV-006,NEW
RCPT-100326,PO-50000,2024-12-24,07:37:00,SKU-04597,15,13,-2,C-01L-013-5-B,2024-12-24 09:07:00,RCV-004,NEW
RCPT-100313,PO-50000,2024-12-24,11:42:00,SKU-01428,290,292,2,A-03L-006-4-A,2024-12-24 12:51:00,RCV-005,NEW
RCPT-100265,PO-50000,2024-12-24,07:55:00,SKU-01721,1152,1151,-1,A-04L-015-4-B,2024-12-24 09:06:00,RCV-004,NEW
RCPT-100312,PO-50000,2024-12-24,12:09:00,SKU-03963,12,14,2,D-01L-006-1-B,2024-12-24 13:08:00,RCV-002,NEW
RCPT-100274,PO-50000,2024-12-24,10:13:00,SKU-01073,109,110,1,B-04R-005-1-A,2024-12-24 10:58:00,RCV-008,NEW
RCPT-100300,PO-50000,2024-12-24,07:37:00,SKU-02280,25,24,-1,C-01L-026-1-A,2024-12-24 09:58:00,RCV-003,NEW
RCPT-100217,PO-50000,2024-12-24,08:14:00,SKU-04809,346,345,-1,A-01R-016-2-B,2024-12-24 08:52:00,RCV-005,NEW
RCPT-100221,PO-50000,2024-12-24,11:59:00,SKU-03095,117,119,2,B-01L-010-3-A,2024-12-24 14:46:00,RCV-008,NEW
RCPT-100259,PO-50000,2024-12-24,10:28:00,SKU-03584,88,90,2,B-02R-023-1-B,2024-12-24 12:47:00,RCV-001,NEW
RCPT-100263,PO-50000,2024-12-24,06:53:00,SKU-04196,123,125,2,A-01R-014-5-B,2024-12-24 08:25:00,RCV-003,NEW
RCPT-100327,PO-50000,2024-12-24,08:04:00,SKU-00125,61,59,-2,A-04L-010-3-B,2024-12-24 10:50:00,RCV-004,NEW
RCPT-100322,PO-50000,2024-12-24,07:45:00,SKU-03821,113,115,2,A-01R-017-3-A,2024-12-24 08:32:00,RCV-005,NEW
RCPT-100245,PO-50000,2024-12-24,12:30:00,SKU-04865,783,782,-1,A-01R-011-4-B,2024-12-24 13:33:00,RCV-007,NEW
RCPT-100194,PO-50000,2024-12-24,08:55:00,SKU-02334,12,12,0,C-02L-007-1-B,2024-12-24 11:17:00,RCV-006,NEW
RCPT-100278,PO-50000,2024-12-24,07:25:00,SKU-03077,486,484,-2,B-02L-012-4-B,2024-12-24 09:20:00,RCV-007,NEW
RCPT-100239,PO-50000,2024-12-24,11:06:00,SKU-01803,459,461,2,B-03R-020-1-A,2024-12-24 13:13:00,RCV-005,NEW
RCPT-100208,PO-50000,2024-12-24,07:39:00,SKU-02073,192,194,2,B-02L-002-5-A,2024-12-24 08:13:00,RCV-002,NEW
RCPT-100315,PO-50000,2024-12-24,11:28:00,SKU-02050,894,896,2,C-02L-007-1-A,2024-12-24 13:26:00,RCV-003,NEW
RCPT-100250,PO-50000,2024-12-24,12:22:00,SKU-01902,17,16,-1,A-03R-005-1-B,2024-12-24 15:15:00,RCV-001,NEW
RCPT-100199,PO-50000,2024-12-24,08:09:00,SKU-04608,1516,1516,0,A-02L-025-1-B,2024-12-24 09:03:00,RCV-001,NEW
RCPT-100218,PO-50000,2024-12-24,10:45:00,SKU-00406,20,20,0,B-03L-005-2-B,2024-12-24 11:26:00,RCV-005,NEW
RCPT-100280,PO-50000,2024-12-24,09:42:00,SKU-00905,12,13,1,C-04R-002-2-A,2024-12-24 10:31:00,RCV-003,NEW
RCPT-100247,PO-50000,2024-12-24,12:23:00,SKU-02886,24,24,0,B-01L-013-2-A,2024-12-24 13:10:00,RCV-002,NEW
RCPT-100283,PO-50000,2024-12-24,12:52:00,SKU-04814,361,362,1,B-02R-017-4-A,2024-12-24 13:26:00,RCV-005,NEW
RCPT-100308,PO-50000,2024-12-24,09:55:00,SKU-04783,16,14,-2,C-02L-013-5-B,2024-12-24 12:51:00,RCV-006,NEW
RCPT-100291,PO-50000,2024-12-24,09:14:00,SKU-03734,55,57,2,A-02L-002-5-A,2024-12-24 10:52:00,RCV-002,NEW
RCPT-100257,PO-50000,2024-12-24,12:38:00,SKU-02509,1754,1755,1,B-01L-020-5-A,2024-12-24 14:37:00,RCV-006,NEW
RCPT-100200,PO-50000,2024-12-24,12:44:00,SKU-03858,12,10,-2,C-02R-016-2-A,2024-12-24 13:56:00,RCV-008,NEW
RCPT-100224,PO-50000,2024-12-24,08:32:00,SKU-02609,2677,2675,-2,C-01R-013-1-B,2024-12-24 10:01:00,RCV-004,NEW
RCPT-100230,PO-50000,2024-12-24,07:59:00,SKU-02798,14,12,-2,D-01L-011-3-B,2024-12-24 10:18:00,RCV-008,NEW
RCPT-100251,PO-50000,2024-12-24,10:04:00,SKU-03654,12,10,-2,E-02R-026-2-A,2024-12-24 12:05:00,RCV-001,NEW
RCPT-100210,PO-50000,2024-12-24,11:03:00,SKU-03908,39,38,-1,A-02R-004-5-B,2024-12-24 12:24:00,RCV-006,NEW
RCPT-100516,PO-50000,2024-12-25,06:11:00,SKU-04973,12,10,-2,E-01R-014-1-A,2024-12-25 06:56:00,RCV-005,NEW
RCPT-100466,PO-50000,2024-12-25,12:14:00,SKU-02640,18,19,1,D-02R-026-1-B,2024-12-25 14:18:00,RCV-007,NEW
RCPT-100469,PO-50000,2024-12-25,07:22:00,SKU-01857,123,121,-2,A-04R-005-1-A,2024-12-25 10:11:00,RCV-003,DAMAGED
RCPT-100353,PO-50000,2024-12-25,07:55:00,SKU-01803,863,861,-2,B-03R-020-1-A,2024-12-25 08:28:00,RCV-001,NEW
RCPT-100499,PO-50000,2024-12-25,09:36:00,SKU-00984,12,11,-1,E-03R-015-1-B,2024-12-25 12:34:00,RCV-003,NEW
RCPT-100478,PO-50000,2024-12-25,11:07:00,SKU-00158,34,32,-2,C-04L-010-3-A,2024-12-25 12:56:00,RCV-008,NEW
RCPT-100383,PO-50000,2024-12-25,07:10:00,SKU-04538,656,658,2,A-01R-001-1-B,2024-12-25 07:56:00,RCV-003,NEW
RCPT-100484,PO-50000,2024-12-25,08:06:00,SKU-00466,114,113,-1,C-04R-016-1-B,2024-12-25 08:56:00,RCV-008,NEW
RCPT-100501,PO-50000,2024-12-25,09:08:00,SKU-00513,59,57,-2,B-04R-019-2-A,2024-12-25 10:39:00,RCV-005,NEW
RCPT-100438,PO-50000,2024-12-25,12:46:00,SKU-00303,75,73,-2,B-03L-008-1-A,2024-12-25 15:07:00,RCV-007,NEW
RCPT-100482,PO-50000,2024-12-25,09:41:00,SKU-04928,455,456,1,B-01L-013-2-B,2024-12-25 11:36:00,RCV-002,NEW
RCPT-100335,PO-50000,2024-12-25,11:00:00,SKU-01147,13,11,-2,C-04R-004-4-A,2024-12-25 12:44:00,RCV-008,NEW
RCPT-100359,PO-50000,2024-12-25,09:48:00,SKU-04773,12,10,-2,C-02R-005-3-B,2024-12-25 11:47:00,RCV-002,NEW
RCPT-100433,PO-50000,2024-12-25,09:37:00,SKU-04895,21,22,1,B-02L-011-5-A,2024-12-25 10:20:00,RCV-007,NEW
RCPT-100360,PO-50000,2024-12-25,10:03:00,SKU-01015,98,96,-2,A-03R-009-3-A,2024-12-25 11:35:00,RCV-001,NEW
RCPT-100513,PO-50000,2024-12-25,10:50:00,SKU-02045,371,372,1,B-01R-025-3-A,2024-12-25 13:23:00,RCV-003,NEW
RCPT-100503,PO-50000,2024-12-25,12:12:00,SKU-03812,13,12,-1,B-01L-010-4-B,2024-12-25 15:10:00,RCV-003,NEW
RCPT-100346,PO-50000,2024-12-25,08:00:00,SKU-04071,12,10,-2,C-02R-023-2-B,2024-12-25 09:30:00,RCV-001,NEW
RCPT-100520,PO-50000,2024-12-25,06:09:00,SKU-02185,482,484,2,C-01R-009-4-B,2024-12-25 07:53:00,RCV-006,NEW
RCPT-100424,PO-50000,2024-12-25,07:15:00,SKU-04623,56,57,1,B-01R-007-5-A,2024-12-25 07:48:00,RCV-006,NEW
RCPT-100367,PO-50000,2024-12-25,08:15:00,SKU-00076,69,71,2,C-03R-008-3-B,2024-12-25 09:14:00,RCV-005,NEW
RCPT-100369,PO-50000,2024-12-25,09:05:00,SKU-03638,16,17,1,C-02R-023-5-A,2024-12-25 11:35:00,RCV-006,NEW
RCPT-100457,PO-50000,2024-12-25,10:09:00,SKU-00580,12,13,1,D-03R-012-4-A,2024-12-25 12:48:00,RCV-002,NEW
RCPT-100439,PO-50000,2024-12-25,09:52:00,SKU-02377,27,25,-2,C-02L-009-2-B,2024-12-25 12:46:00,RCV-007,NEW
RCPT-100409,PO-50000,2024-12-25,08:13:00,SKU-04523,55,57,2,A-02L-024-2-B,2024-12-25 10:35:00,RCV-007,NEW
RCPT-100408,PO-50000,2024-12-25,11:02:00,SKU-02252,270,269,-1,B-02R-025-2-A,2024-12-25 13:01:00,RCV-007,NEW
RCPT-100344,PO-50000,2024-12-25,12:24:00,SKU-01372,12,10,-2,D-04L-012-1-B,2024-12-25 13:17:00,RCV-003,NEW
RCPT-100512,PO-50000,2024-12-25,07:02:00,SKU-01699,25,24,-1,B-04L-005-4-B,2024-12-25 07:38:00,RCV-005,NEW
RCPT-100341,PO-50000,2024-12-25,09:06:00,SKU-00673,172,170,-2,C-03L-015-4-A,2024-12-25 10:35:00,RCV-001,NEW
RCPT-100474,PO-50000,2024-12-25,12:42:00,SKU-00214,30,31,1,D-03L-001-1-B,2024-12-25 14:16:00,RCV-001,NEW
RCPT-100385,PO-50000,2024-12-25,12:11:00,SKU-02192,12,13,1,E-01L-022-3-B,2024-12-25 13:57:00,RCV-006,NEW
RCPT-100459,PO-50000,2024-12-25,11:53:00,SKU-04347,188,187,-1,B-02R-012-5-B,2024-12-25 12:53:00,RCV-007,NEW
RCPT-100334,PO-50000,2024-12-25,07:30:00,SKU-02668,36,35,-1,A-01R-006-1-A,2024-12-25 08:11:00,RCV-002,NEW
RCPT-100491,PO-50000,2024-12-25,08:41:00,SKU-01134,12,13,1,E-03L-010-3-B,2024-12-25 10:41:00,RCV-007,NEW
RCPT-100451,PO-50000,2024-12-25,10:18:00,SKU-04528,1280,1282,2,B-02R-014-3-B,2024-12-25 11:22:00,RCV-001,NEW
RCPT-100410,PO-50000,2024-12-25,07:45:00,SKU-04435,510,509,-1,A-02R-016-4-A,2024-12-25 09:46:00,RCV-007,NEW
RCPT-100380,PO-50000,2024-12-25,07:35:00,SKU-03357,228,228,0,A-02R-015-3-B,2024-12-25 10:08:00,RCV-008,NEW
RCPT-100345,PO-50000,2024-12-25,10:55:00,SKU-04901,12,12,0,E-01L-005-4-A,2024-12-25 13:10:00,RCV-002,NEW
RCPT-100428,PO-50000,2024-12-25,07:07:00,SKU-01428,335,336,1,A-03L-006-4-A,2024-12-25 08:34:00,RCV-008,NEW
RCPT-100373,PO-50000,2024-12-25,12:07:00,SKU-00844,12,10,-2,D-04R-013-3-B,2024-12-25 13:02:00,RCV-001,NEW
RCPT-100447,PO-50000,2024-12-25,09:48:00,SKU-01678,36,37,1,A-03L-012-3-B,2024-12-25 11:02:00,RCV-008,NEW
RCPT-100397,PO-50000,2024-12-25,11:15:00,SKU-01170,425,427,2,A-03L-002-3-B,2024-12-25 13:17:00,RCV-001,NEW
RCPT-100509,PO-50000,2024-12-25,08:49:00,SKU-00034,311,310,-1,A-04L-017-3-A,2024-12-25 11:21:00,RCV-001,NEW
RCPT-100423,PO-50000,2024-12-25,11:15:00,SKU-01463,179,178,-1,A-04L-004-3-B,2024-12-25 12:14:00,RCV-008,NEW
RCPT-100351,PO-50000,2024-12-25,07:35:00,SKU-01331,833,833,0,A-03R-003-4-B,2024-12-25 08:16:00,RCV-003,NEW
RCPT-100643,PO-50000,2024-12-26,10:17:00,SKU-01552,594,593,-1,A-04R-001-1-B,2024-12-26 11:58:00,RCV-001,NEW
RCPT-100616,PO-50000,2024-12-26,06:44:00,SKU-02627,20,18,-2,B-01L-001-2-A,2024-12-26 08:55:00,RCV-003,NEW
RCPT-100673,PO-50000,2024-12-26,10:22:00,SKU-01985,19,18,-1,A-04R-016-3-B,2024-12-26 11:07:00,RCV-008,NEW
RCPT-100640,PO-50000,2024-12-26,11:45:00,SKU-01068,153,152,-1,B-03L-012-3-B,2024-12-26 14:12:00,RCV-006,NEW
RCPT-100554,PO-50000,2024-12-26,08:48:00,SKU-01620,41,42,1,A-03L-010-4-A,2024-12-26 09:42:00,RCV-005,NEW
RCPT-100631,PO-50000,2024-12-26,11:22:00,SKU-03465,180,178,-2,B-01R-013-4-A,2024-12-26 11:54:00,RCV-003,NEW
RCPT-100563,PO-50000,2024-12-26,09:18:00,SKU-00239,387,389,2,A-04L-019-1-B,2024-12-26 10:22:00,RCV-001,NEW
RCPT-100664,PO-50000,2024-12-26,12:10:00,SKU-01222,12,13,1,A-04L-010-1-A,2024-12-26 14:57:00,RCV-006,NEW
RCPT-100536,PO-50000,2024-12-26,11:58:00,SKU-02366,3044,3043,-1,A-01R-020-4-A,2024-12-26 14:07:00,RCV-005,NEW
RCPT-100688,PO-50000,2024-12-26,08:34:00,SKU-00483,236,237,1,C-03L-009-3-A,2024-12-26 10:24:00,RCV-008,NEW
RCPT-100584,PO-50000,2024-12-26,11:23:00,SKU-04851,27,26,-1,C-02L-002-2-A,2024-12-26 13:36:00,RCV-008,NEW
RCPT-100610,PO-50000,2024-12-26,07:09:00,SKU-00839,31,30,-1,B-04R-011-4-B,2024-12-26 09:21:00,RCV-005,NEW
RCPT-100606,PO-50000,2024-12-26,10:57:00,SKU-02336,36,34,-2,D-01R-001-4-A,2024-12-26 13:24:00,RCV-004,NEW
RCPT-100638,PO-50000,2024-12-26,12:55:00,SKU-00237,12,13,1,B-03L-005-1-B,2024-12-26 14:53:00,RCV-005,NEW
RCPT-100618,PO-50000,2024-12-26,08:32:00,SKU-01043,49,47,-2,A-03L-007-2-B,2024-12-26 11:02:00,RCV-004,NEW
RCPT-100531,PO-50000,2024-12-26,10:39:00,SKU-04664,199,199,0,A-02R-002-3-A,2024-12-26 11:48:00,RCV-002,NEW
RCPT-100575,PO-50000,2024-12-26,07:56:00,SKU-01696,130,132,2,B-03L-009-3-B,2024-12-26 09:42:00,RCV-002,NEW
RCPT-100683,PO-50000,2024-12-26,09:12:00,SKU-02807,105,106,1,A-02L-026-2-A,2024-12-26 11:38:00,RCV-001,NEW
RCPT-100585,PO-50000,2024-12-26,06:42:00,SKU-00422,132,134,2,A-03R-005-2-B,2024-12-26 09:34:00,RCV-001,NEW
RCPT-100681,PO-50000,2024-12-26,08:00:00,SKU-01527,63,62,-1,A-04L-008-1-A,2024-12-26 10:54:00,RCV-003,NEW
RCPT-100655,PO-50000,2024-12-26,11:56:00,SKU-01170,354,354,0,A-03L-002-3-B,2024-12-26 14:53:00,RCV-005,NEW
RCPT-100668,PO-50000,2024-12-26,11:36:00,SKU-04733,396,397,1,A-01R-018-1-A,2024-12-26 14:22:00,RCV-008,NEW
RCPT-100649,PO-50000,2024-12-26,10:03:00,SKU-01968,54,54,0,D-03L-004-4-A,2024-12-26 11:23:00,RCV-008,NEW
RCPT-100624,PO-50000,2024-12-26,08:31:00,SKU-03968,42,44,2,A-02L-019-2-B,2024-12-26 10:10:00,RCV-005,NEW
RCPT-100635,PO-50000,2024-12-26,12:39:00,SKU-00375,28,28,0,D-04R-007-4-B,2024-12-26 13:31:00,RCV-004,NEW
RCPT-100547,PO-50000,2024-12-26,06:56:00,SKU-01121,1873,1875,2,B-04R-017-4-A,2024-12-26 08:31:00,RCV-005,NEW
RCPT-100538,PO-50000,2024-12-26,06:23:00,SKU-02585,2649,2650,1,A-01R-012-4-A,2024-12-26 08:12:00,RCV-008,NEW
RCPT-100674,PO-50000,2024-12-26,10:45:00,SKU-01207,207,206,-1,B-04R-018-4-B,2024-12-26 12:28:00,RCV-006,NEW
RCPT-100576,PO-50000,2024-12-26,09:12:00,SKU-02839,21,21,0,C-01R-026-1-A,2024-12-26 10:37:00,RCV-002,NEW
RCPT-100586,PO-50000,2024-12-26,06:48:00,SKU-04421,12,13,1,D-02L-008-5-A,2024-12-26 09:17:00,RCV-003,NEW
RCPT-100812,PO-50000,2024-12-27,11:12:00,SKU-02326,12,10,-2,E-01R-018-5-B,2024-12-27 12:51:00,RCV-006,NEW
RCPT-100809,PO-50000,2024-12-27,11:56:00,SKU-00108,25,25,0,B-03L-019-4-A,2024-12-27 14:52:00,RCV-004,NEW
RCPT-100708,PO-50000,2024-12-27,10:49:00,SKU-02908,5300,5299,-1,B-02L-005-3-A,2024-12-27 13:17:00,RCV-001,NEW
RCPT-100829,PO-50000,2024-12-27,06:36:00,SKU-02939,276,278,2,A-02R-016-5-A,2024-12-27 09:18:00,RCV-008,NEW
RCPT-100828,PO-50000,2024-12-27,08:17:00,SKU-00137,206,207,1,B-03R-003-1-B,2024-12-27 09:53:00,RCV-002,NEW
RCPT-100766,PO-50000,2024-12-27,12:45:00,SKU-03743,12,11,-1,D-02L-025-3-B,2024-12-27 14:32:00,RCV-003,NEW
RCPT-100720,PO-50000,2024-12-27,12:36:00,SKU-03727,5252,5250,-2,B-02R-023-4-A,2024-12-27 13:24:00,RCV-008,NEW
RCPT-100744,PO-50000,2024-12-27,10:33:00,SKU-00946,12,11,-1,C-04L-010-2-A,2024-12-27 13:05:00,RCV-008,NEW
RCPT-100790,PO-50000,2024-12-27,12:28:00,SKU-02204,42,41,-1,A-02R-008-4-B,2024-12-27 14:51:00,RCV-001,NEW
RCPT-100733,PO-50000,2024-12-27,08:38:00,SKU-02242,184,186,2,B-02R-026-1-A,2024-12-27 09:52:00,RCV-003,NEW
RCPT-100715,PO-50000,2024-12-27,11:18:00,SKU-02016,85,85,0,A-02L-016-1-A,2024-12-27 12:22:00,RCV-003,NEW
RCPT-100776,PO-50000,2024-12-27,08:34:00,SKU-04435,382,383,1,A-02R-016-4-A,2024-12-27 10:39:00,RCV-004,NEW
RCPT-100748,PO-50000,2024-12-27,10:41:00,SKU-01121,1536,1536,0,B-04R-017-4-A,2024-12-27 12:43:00,RCV-001,NEW
RCPT-100697,PO-50000,2024-12-27,12:05:00,SKU-03880,12,10,-2,B-01L-003-5-A,2024-12-27 13:39:00,RCV-007,NEW
RCPT-100838,PO-50000,2024-12-27,08:03:00,SKU-03356,264,264,0,A-02L-015-2-A,2024-12-27 08:36:00,RCV-002,NEW
RCPT-100718,PO-50000,2024-12-27,07:26:00,SKU-00872,4116,4117,1,A-04L-005-1-A,2024-12-27 08:45:00,RCV-003,NEW
RCPT-100833,PO-50000,2024-12-27,12:39:00,SKU-00107,12,11,-1,E-04R-008-4-A,2024-12-27 13:36:00,RCV-005,NEW
RCPT-100695,PO-50000,2024-12-27,09:30:00,SKU-04353,373,372,-1,B-02L-022-4-A,2024-12-27 10:11:00,RCV-002,NEW
RCPT-100803,PO-50000,2024-12-27,12:09:00,SKU-01559,40,40,0,A-03L-003-4-B,2024-12-27 15:05:00,RCV-001,NEW
RCPT-100742,PO-50000,2024-12-27,08:33:00,SKU-03541,12,14,2,C-02R-024-1-B,2024-12-27 10:32:00,RCV-008,NEW
RCPT-100735,PO-50000,2024-12-27,06:25:00,SKU-02564,244,242,-2,C-01L-011-5-B,2024-12-27 09:14:00,RCV-005,NEW
RCPT-100819,PO-50000,2024-12-27,09:25:00,SKU-03600,162,162,0,A-01L-017-2-B,2024-12-27 11:30:00,RCV-007,NEW
RCPT-100817,PO-50000,2024-12-27,11:04:00,SKU-00447,195,193,-2,A-04L-008-2-A,2024-12-27 12:01:00,RCV-008,NEW
RCPT-100752,PO-50000,2024-12-27,09:42:00,SKU-00017,544,543,-1,B-03R-001-4-B,2024-12-27 12:26:00,RCV-004,NEW
RCPT-100725,PO-50000,2024-12-27,11:08:00,SKU-03197,29,30,1,A-01R-017-4-A,2024-12-27 13:45:00,RCV-003,NEW
RCPT-100696,PO-50000,2024-12-27,11:56:00,SKU-02509,1810,1808,-2,B-01L-020-5-A,2024-12-27 14:13:00,RCV-008,NEW
RCPT-100826,PO-50000,2024-12-27,11:58:00,SKU-02117,92,93,1,B-01R-025-4-B,2024-12-27 12:44:00,RCV-006,NEW
RCPT-100738,PO-50000,2024-12-27,10:27:00,SKU-03640,42,42,0,B-02L-016-1-A,2024-12-27 11:24:00,RCV-001,NEW
RCPT-100964,PO-50001,2024-12-28,09:40:00,SKU-04052,12,12,0,D-01L-016-4-B,2024-12-28 10:29:00,RCV-003,NEW
RCPT-100913,PO-50001,2024-12-28,08:06:00,SKU-01600,51,50,-1,B-03R-016-1-B,2024-12-28 10:09:00,RCV-003,NEW
RCPT-100880,PO-50001,2024-12-28,11:24:00,SKU-00993,17,19,2,A-03L-015-4-B,2024-12-28 12:37:00,RCV-003,NEW
RCPT-100936,PO-50001,2024-12-28,12:50:00,SKU-02592,12,12,0,C-02L-004-3-B,2024-12-28 13:28:00,RCV-007,NEW
RCPT-100907,PO-50001,2024-12-28,10:40:00,SKU-04733,603,602,-1,A-01R-018-1-A,2024-12-28 13:19:00,RCV-003,NEW
RCPT-100878,PO-50001,2024-12-28,11:04:00,SKU-02407,124,124,0,A-01L-004-2-A,2024-12-28 14:02:00,RCV-003,NEW
RCPT-100971,PO-50001,2024-12-28,09:07:00,SKU-00025,15,15,0,B-03L-020-3-A,2024-12-28 11:32:00,RCV-008,NEW
RCPT-100856,PO-50001,2024-12-28,07:23:00,SKU-04041,10668,10668,0,A-02R-002-2-B,2024-12-28 08:32:00,RCV-006,NEW
RCPT-100875,PO-50001,2024-12-28,07:53:00,SKU-02681,2251,2249,-2,A-01R-018-4-B,2024-12-28 10:12:00,RCV-006,NEW
RCPT-100898,PO-50001,2024-12-28,09:45:00,SKU-01652,284,283,-1,B-04R-013-1-B,2024-12-28 11:54:00,RCV-008,NEW
RCPT-100911,PO-50001,2024-12-28,08:05:00,SKU-01121,1585,1583,-2,B-04R-017-4-A,2024-12-28 09:36:00,RCV-004,NEW
RCPT-100970,PO-50001,2024-12-28,10:46:00,SKU-01339,60,60,0,B-04R-005-2-A,2024-12-28 12:13:00,RCV-005,NEW
RCPT-100866,PO-50001,2024-12-28,08:16:00,SKU-01490,2159,2159,0,B-04R-009-1-A,2024-12-28 10:57:00,RCV-007,NEW
RCPT-100945,PO-50001,2024-12-28,07:15:00,SKU-04717,145,143,-2,B-02R-006-3-B,2024-12-28 08:59:00,RCV-003,NEW
RCPT-100852,PO-50001,2024-12-28,12:16:00,SKU-04608,1901,1899,-2,A-02L-025-1-B,2024-12-28 13:42:00,RCV-001,NEW
RCPT-100928,PO-50001,2024-12-28,06:01:00,SKU-04538,594,595,1,A-01R-001-1-B,2024-12-28 06:31:00,RCV-006,NEW
RCPT-100843,PO-50001,2024-12-28,11:13:00,SKU-02775,305,307,2,C-01R-023-3-A,2024-12-28 11:58:00,RCV-003,NEW
RCPT-100884,PO-50001,2024-12-28,07:54:00,SKU-01170,885,885,0,A-03L-002-3-B,2024-12-28 08:47:00,RCV-007,NEW
RCPT-100905,PO-50001,2024-12-28,08:10:00,SKU-02695,20,21,1,C-02L-015-1-A,2024-12-28 08:43:00,RCV-002,NEW
RCPT-100959,PO-50001,2024-12-28,09:11:00,SKU-00408,255,256,1,A-03L-009-1-A,2024-12-28 09:42:00,RCV-003,NEW
RCPT-100962,PO-50001,2024-12-28,10:56:00,SKU-00958,68,70,2,B-03L-012-2-A,2024-12-28 12:21:00,RCV-003,NEW
RCPT-100943,PO-50001,2024-12-28,11:08:00,SKU-04928,355,353,-2,B-01L-013-2-B,2024-12-28 14:07:00,RCV-002,NEW
RCPT-100960,PO-50001,2024-12-28,11:42:00,SKU-02085,1241,1241,0,D-02R-008-1-A,2024-12-28 12:52:00,RCV-004,NEW
RCPT-100963,PO-50001,2024-12-28,10:10:00,SKU-01552,543,542,-1,A-04R-001-1-B,2024-12-28 12:15:00,RCV-004,NEW
RCPT-101052,PO-50001,2024-12-30,12:39:00,SKU-01810,12,14,2,E-03R-009-1-A,2024-12-30 13:48:00,RCV-007,NEW
RCPT-101097,PO-50001,2024-12-30,10:10:00,SKU-04908,25,23,-2,E-02R-001-5-B,2024-12-30 11:44:00,RCV-004,NEW
RCPT-101009,PO-50001,2024-12-30,10:47:00,SKU-02159,15,13,-2,D-01L-026-5-B,2024-12-30 13:37:00,RCV-004,NEW
RCPT-100984,PO-50001,2024-12-30,12:28:00,SKU-00324,48,48,0,C-03L-004-3-B,2024-12-30 15:00:00,RCV-001,NEW
RCPT-101034,PO-50001,2024-12-30,08:16:00,SKU-02903,209,207,-2,B-01R-020-5-B,2024-12-30 09:00:00,RCV-002,NEW
RCPT-100993,PO-50001,2024-12-30,12:40:00,SKU-03378,450,448,-2,A-01L-004-4-B,2024-12-30 14:14:00,RCV-008,NEW
RCPT-101106,PO-50001,2024-12-30,09:41:00,SKU-00183,62,64,2,B-04R-001-1-B,2024-12-30 12:23:00,RCV-008,NEW
RCPT-101027,PO-50001,2024-12-30,09:40:00,SKU-00910,277,277,0,B-04R-014-3-A,2024-12-30 11:54:00,RCV-002,NEW
RCPT-101061,PO-50001,2024-12-30,07:51:00,SKU-00034,197,195,-2,A-04L-017-3-A,2024-12-30 10:24:00,RCV-003,NEW
RCPT-101078,PO-50001,2024-12-30,11:04:00,SKU-00328,14,14,0,C-03R-019-4-B,2024-12-30 12:29:00,RCV-004,NEW
RCPT-101084,PO-50001,2024-12-30,12:38:00,SKU-00893,12,10,-2,E-03R-001-4-B,2024-12-30 13:21:00,RCV-003,NEW
RCPT-101092,PO-50001,2024-12-30,08:15:00,SKU-01858,55,55,0,B-03R-018-2-B,2024-12-30 11:01:00,RCV-002,NEW
RCPT-101012,PO-50001,2024-12-30,09:19:00,SKU-02908,5156,5158,2,B-02L-005-3-A,2024-12-30 10:09:00,RCV-006,NEW
RCPT-101045,PO-50001,2024-12-30,09:21:00,SKU-00370,120,120,0,A-03R-008-4-B,2024-12-30 11:23:00,RCV-004,NEW
RCPT-101077,PO-50001,2024-12-30,06:37:00,SKU-01331,535,535,0,A-03R-003-4-B,2024-12-30 07:34:00,RCV-004,NEW
RCPT-101020,PO-50001,2024-12-30,08:29:00,SKU-02163,259,257,-2,A-02R-006-3-A,2024-12-30 10:22:00,RCV-004,DAMAGED
RCPT-100996,PO-50001,2024-12-30,06:23:00,SKU-04608,2590,2590,0,A-02L-025-1-B,2024-12-30 08:52:00,RCV-002,NEW
RCPT-100977,PO-50001,2024-12-30,09:55:00,SKU-00193,12,10,-2,C-04R-016-2-A,2024-12-30 10:27:00,RCV-007,NEW
RCPT-101056,PO-50001,2024-12-30,11:46:00,SKU-00483,228,228,0,C-03L-009-3-A,2024-12-30 13:13:00,RCV-008,NEW
RCPT-101065,PO-50001,2024-12-30,12:42:00,SKU-02914,12,13,1,E-02R-013-2-B,2024-12-30 13:53:00,RCV-006,NEW
RCPT-101063,PO-50001,2024-12-30,07:10:00,SKU-00280,13,12,-1,D-03L-010-1-A,2024-12-30 09:15:00,RCV-007,NEW
RCPT-101053,PO-50001,2024-12-30,08:47:00,SKU-04889,80,78,-2,A-01L-015-2-B,2024-12-30 10:52:00,RCV-006,NEW
RCPT-101039,PO-50001,2024-12-30,10:04:00,SKU-04326,12,13,1,E-02R-003-2-B,2024-12-30 11:00:00,RCV-002,NEW
RCPT-101087,PO-50001,2024-12-30,06:40:00,SKU-00007,42,40,-2,B-04L-011-1-A,2024-12-30 07:38:00,RCV-003,NEW
RCPT-100980,PO-50001,2024-12-30,07:43:00,SKU-02366,5031,5032,1,A-01R-020-4-A,2024-12-30 10:06:00,RCV-001,NEW
RCPT-101035,PO-50001,2024-12-30,06:20:00,SKU-04308,326,328,2,B-02R-019-4-A,2024-12-30 06:59:00,RCV-001,NEW
RCPT-101006,PO-50001,2024-12-30,10:00:00,SKU-04486,71,72,1,A-01L-016-3-A,2024-12-30 12:30:00,RCV-007,NEW
RCPT-101108,PO-50001,2024-12-30,06:51:00,SKU-03868,24,26,2,B-02R-015-1-A,2024-12-30 08:57:00,RCV-007,NEW
RCPT-101192,PO-50001,2024-12-31,06:43:00,SKU-02937,281,279,-2,C-02R-019-5-A,2024-12-31 08:26:00,RCV-003,NEW
RCPT-101201,PO-50001,2024-12-31,06:31:00,SKU-01478,19,18,-1,B-04R-012-4-A,2024-12-31 07:43:00,RCV-001,NEW
RCPT-101144,PO-50001,2024-12-31,08:47:00,SKU-02677,133,133,0,B-01R-002-4-A,2024-12-31 09:21:00,RCV-005,NEW
RCPT-101187,PO-50001,2024-12-31,09:23:00,SKU-03600,88,88,0,A-01L-017-2-B,2024-12-31 10:26:00,RCV-002,NEW
RCPT-101227,PO-50001,2024-12-31,07:19:00,SKU-01884,37,39,2,D-03R-018-3-B,2024-12-31 08:44:00,RCV-002,NEW
RCPT-101197,PO-50001,2024-12-31,09:21:00,SKU-04583,15,16,1,C-02L-020-4-B,2024-12-31 11:26:00,RCV-003,NEW
RCPT-101276,PO-50001,2024-12-31,07:50:00,SKU-02141,46,47,1,B-02L-018-2-A,2024-12-31 09:17:00,RCV-001,NEW
RCPT-101131,PO-50001,2024-12-31,12:51:00,SKU-02428,62,60,-2,B-01L-024-5-A,2024-12-31 14:24:00,RCV-001,NEW
RCPT-101163,PO-50001,2024-12-31,10:46:00,SKU-00662,12,10,-2,D-03R-017-1-A,2024-12-31 13:24:00,RCV-004,NEW
RCPT-101166,PO-50001,2024-12-31,12:56:00,SKU-02366,5907,5907,0,A-01R-020-4-A,2024-12-31 14:58:00,RCV-002,NEW
RCPT-101243,PO-50001,2024-12-31,07:23:00,SKU-04710,350,352,2,A-02L-008-2-A,2024-12-31 09:37:00,RCV-001,NEW
RCPT-101121,PO-50001,2024-12-31,06:06:00,SKU-02050,911,912,1,C-02L-007-1-A,2024-12-31 08:28:00,RCV-008,NEW
RCPT-101282,PO-50001,2024-12-31,07:48:00,SKU-02124,30,30,0,B-01R-023-4-A,2024-12-31 08:34:00,RCV-003,NEW
RCPT-101206,PO-50001,2024-12-31,08:48:00,SKU-00426,12,12,0,C-04L-019-3-A,2024-12-31 11:47:00,RCV-007,NEW
RCPT-101246,PO-50001,2024-12-31,07:49:00,SKU-02681,1461,1462,1,A-01R-018-4-B,2024-12-31 09:09:00,RCV-004,NEW
RCPT-101122,PO-50001,2024-12-31,11:31:00,SKU-01204,4497,4498,1,A-03R-016-1-B,2024-12-31 13:44:00,RCV-003,NEW
RCPT-101114,PO-50001,2024-12-31,07:36:00,SKU-02586,161,159,-2,A-02R-026-3-A,2024-12-31 09:27:00,RCV-005,NEW
RCPT-101147,PO-50001,2024-12-31,08:42:00,SKU-02044,177,175,-2,A-01R-023-5-B,2024-12-31 11:08:00,RCV-008,NEW
RCPT-101272,PO-50001,2024-12-31,11:33:00,SKU-00643,106,104,-2,A-03R-014-2-B,2024-12-31 14:20:00,RCV-002,NEW
RCPT-101190,PO-50001,2024-12-31,09:53:00,SKU-00262,19,20,1,C-03R-011-1-A,2024-12-31 10:53:00,RCV-008,NEW
RCPT-101261,PO-50001,2024-12-31,08:43:00,SKU-00037,1136,1136,0,A-03L-004-3-A,2024-12-31 09:33:00,RCV-004,NEW
RCPT-101255,PO-50001,2024-12-31,11:35:00,SKU-04990,19,19,0,D-01R-016-1-B,2024-12-31 12:44:00,RCV-008,NEW
RCPT-101174,PO-50001,2024-12-31,12:38:00,SKU-00254,62,60,-2,A-04L-020-4-A,2024-12-31 15:30:00,RCV-005,NEW
RCPT-101158,PO-50001,2024-12-31,09:43:00,SKU-04878,1067,1069,2,B-01R-016-3-B,2024-12-31 11:55:00,RCV-007,NEW
RCPT-101182,PO-50001,2024-12-31,12:35:00,SKU-01639,12,12,0,D-04R-001-1-A,2024-12-31 14:37:00,RCV-007,NEW
RCPT-101256,PO-50001,2024-12-31,07:52:00,SKU-00983,117,118,1,A-03R-013-4-B,2024-12-31 08:31:00,RCV-003,NEW
RCPT-101205,PO-50001,2024-12-31,09:13:00,SKU-04775,389,391,2,A-02R-001-5-B,2024-12-31 11:38:00,RCV-003,DAMAGED
RCPT-101199,PO-50001,2024-12-31,06:45:00,SKU-03646,12,12,0,D-02L-011-3-A,2024-12-31 07:53:00,RCV-002,NEW
RCPT-101215,PO-50001,2024-12-31,09:03:00,SKU-00017,529,527,-2,B-03R-001-4-B,2024-12-31 10:09:00,RCV-004,DAMAGED
RCPT-101113,PO-50001,2024-12-31,06:33:00,SKU-00872,5258,5257,-1,A-04L-005-1-A,2024-12-31 07:25:00,RCV-007,NEW
RCPT-101202,PO-50001,2024-12-31,12:47:00,SKU-00303,111,113,2,B-03L-008-1-A,2024-12-31 15:44:00,RCV-005,NEW
RCPT-101433,PO-50001,2025-01-01,10:44:00,SKU-04727,16,17,1,D-02L-007-1-B,2025-01-01 11:15:00,RCV-006,DAMAGED
RCPT-101412,PO-50001,2025-01-01,11:10:00,SKU-03370,12,13,1,D-02R-002-1-A,2025-01-01 13:49:00,RCV-002,NEW
RCPT-101347,PO-50001,2025-01-01,06:05:00,SKU-03049,248,249,1,C-02L-003-4-A,2025-01-01 07:59:00,RCV-003,NEW
RCPT-101288,PO-50001,2025-01-01,06:33:00,SKU-02145,19,21,2,E-02R-023-4-A,2025-01-01 08:54:00,RCV-004,NEW
RCPT-101302,PO-50001,2025-01-01,10:07:00,SKU-01459,34,32,-2,B-04L-007-1-B,2025-01-01 12:36:00,RCV-002,NEW
RCPT-101318,PO-50001,2025-01-01,08:04:00,SKU-04959,107,105,-2,B-01L-008-1-B,2025-01-01 09:19:00,RCV-004,NEW
RCPT-101290,PO-50001,2025-01-01,09:54:00,SKU-00442,64,62,-2,B-04L-003-4-A,2025-01-01 12:53:00,RCV-007,NEW
RCPT-101393,PO-50001,2025-01-01,08:27:00,SKU-03825,277,277,0,B-01R-003-2-A,2025-01-01 11:16:00,RCV-007,NEW
RCPT-101336,PO-50001,2025-01-01,07:23:00,SKU-04608,1711,1709,-2,A-02L-025-1-B,2025-01-01 08:30:00,RCV-007,NEW
RCPT-101297,PO-50001,2025-01-01,07:49:00,SKU-02115,12,10,-2,B-02R-018-5-A,2025-01-01 09:21:00,RCV-002,NEW
RCPT-101362,PO-50001,2025-01-01,12:16:00,SKU-02408,28,27,-1,C-02L-012-3-A,2025-01-01 13:19:00,RCV-006,NEW
RCPT-101337,PO-50001,2025-01-01,11:02:00,SKU-01220,52,54,2,B-04L-018-2-B,2025-01-01 13:17:00,RCV-007,NEW
RCPT-101422,PO-50001,2025-01-01,10:12:00,SKU-02973,165,166,1,B-01R-015-1-A,2025-01-01 12:11:00,RCV-001,NEW
RCPT-101311,PO-50001,2025-01-01,08:40:00,SKU-04528,1410,1412,2,B-02R-014-3-B,2025-01-01 10:41:00,RCV-003,NEW
RCPT-101346,PO-50001,2025-01-01,11:05:00,SKU-00229,107,106,-1,A-04R-007-2-A,2025-01-01 13:24:00,RCV-001,NEW
RCPT-101418,PO-50001,2025-01-01,09:58:00,SKU-02142,18,20,2,C-01R-017-2-B,2025-01-01 10:34:00,RCV-005,NEW
RCPT-101371,PO-50001,2025-01-01,09:10:00,SKU-00535,265,265,0,A-03R-010-2-A,2025-01-01 11:43:00,RCV-008,NEW
RCPT-101328,PO-50001,2025-01-01,06:11:00,SKU-01803,915,916,1,B-03R-020-1-A,2025-01-01 06:52:00,RCV-005,NEW
RCPT-101339,PO-50001,2025-01-01,06:14:00,SKU-04370,671,669,-2,A-02R-026-5-A,2025-01-01 06:55:00,RCV-006,NEW
RCPT-101429,PO-50001,2025-01-01,10:07:00,SKU-02893,223,221,-2,B-01L-026-2-B,2025-01-01 12:08:00,RCV-005,NEW
RCPT-101432,PO-50001,2025-01-01,07:56:00,SKU-02509,1781,1783,2,B-01L-020-5-A,2025-01-01 08:49:00,RCV-008,NEW
RCPT-101383,PO-50001,2025-01-01,09:32:00,SKU-00047,71,73,2,A-03L-014-4-B,2025-01-01 11:01:00,RCV-001,NEW
RCPT-101338,PO-50001,2025-01-01,10:08:00,SKU-02316,160,161,1,A-02L-026-1-A,2025-01-01 12:51:00,RCV-002,NEW
RCPT-101366,PO-50001,2025-01-01,07:44:00,SKU-04769,12,11,-1,A-02R-008-3-A,2025-01-01 09:59:00,RCV-008,NEW
RCPT-101350,PO-50001,2025-01-01,12:53:00,SKU-02366,3380,3381,1,A-01R-020-4-A,2025-01-01 15:23:00,RCV-002,NEW
RCPT-101355,PO-50001,2025-01-01,08:19:00,SKU-04814,405,404,-1,B-02R-017-4-A,2025-01-01 09:17:00,RCV-002,NEW
RCPT-101398,PO-50001,2025-01-01,12:34:00,SKU-00446,272,272,0,B-04L-006-4-A,2025-01-01 15:27:00,RCV-004,NEW
RCPT-101356,PO-50001,2025-01-01,10:43:00,SKU-00193,27,27,0,C-04R-016-2-A,2025-01-01 12:29:00,RCV-001,NEW
RCPT-101427,PO-50001,2025-01-01,09:05:00,SKU-04137,12,12,0,D-01R-010-3-A,2025-01-01 11:06:00,RCV-007,NEW
RCPT-101405,PO-50001,2025-01-01,08:52:00,SKU-01490,1236,1235,-1,B-04R-009-1-A,2025-01-01 11:13:00,RCV-002,NEW
RCPT-101456,PO-50001,2025-01-02,07:53:00,SKU-03164,21,22,1,A-02L-018-4-A,2025-01-02 10:00:00,RCV-001,NEW
RCPT-101574,PO-50001,2025-01-02,11:04:00,SKU-02668,52,51,-1,A-01R-006-1-A,2025-01-02 12:43:00,RCV-001,NEW
RCPT-101448,PO-50001,2025-01-02,08:03:00,SKU-04165,34,34,0,B-02L-002-5-B,2025-01-02 09:12:00,RCV-007,NEW
RCPT-101510,PO-50001,2025-01-02,07:19:00,SKU-04778,226,227,1,B-01L-023-3-B,2025-01-02 07:59:00,RCV-004,NEW
RCPT-101453,PO-50001,2025-01-02,09:14:00,SKU-01652,218,220,2,B-04R-013-1-B,2025-01-02 10:17:00,RCV-006,NEW
RCPT-101450,PO-50001,2025-01-02,09:57:00,SKU-02050,997,996,-1,C-02L-007-1-A,2025-01-02 10:43:00,RCV-002,NEW
RCPT-101534,PO-50001,2025-01-02,09:26:00,SKU-02509,1440,1439,-1,B-01L-020-5-A,2025-01-02 11:32:00,RCV-007,NEW
RCPT-101483,PO-50001,2025-01-02,08:04:00,SKU-04800,26,27,1,C-01R-014-3-A,2025-01-02 09:30:00,RCV-004,NEW
RCPT-101572,PO-50001,2025-01-02,09:35:00,SKU-00680,22,24,2,B-03R-017-4-B,2025-01-02 10:21:00,RCV-008,NEW
RCPT-101503,PO-50001,2025-01-02,06:12:00,SKU-03712,12,11,-1,B-01L-006-5-B,2025-01-02 07:46:00,RCV-007,NEW
RCPT-101504,PO-50001,2025-01-02,06:10:00,SKU-04528,1153,1154,1,B-02R-014-3-B,2025-01-02 08:04:00,RCV-001,NEW
RCPT-101569,PO-50001,2025-01-02,09:40:00,SKU-01428,220,221,1,A-03L-006-4-A,2025-01-02 11:38:00,RCV-006,NEW
RCPT-101474,PO-50001,2025-01-02,07:25:00,SKU-02390,22,20,-2,C-01L-020-1-B,2025-01-02 08:15:00,RCV-001,NEW
RCPT-101512,PO-50001,2025-01-02,12:17:00,SKU-02247,18,17,-1,B-02L-014-5-A,2025-01-02 13:21:00,RCV-005,NEW
RCPT-101530,PO-50001,2025-01-02,11:28:00,SKU-02585,1655,1655,0,A-01R-012-4-A,2025-01-02 12:05:00,RCV-006,NEW
RCPT-101522,PO-50001,2025-01-02,10:40:00,SKU-04563,294,295,1,A-02L-022-4-B,2025-01-02 13:10:00,RCV-003,NEW
RCPT-101584,PO-50001,2025-01-02,10:17:00,SKU-02893,208,207,-1,B-01L-026-2-B,2025-01-02 12:02:00,RCV-003,NEW
RCPT-101493,PO-50001,2025-01-02,11:03:00,SKU-00017,337,337,0,B-03R-001-4-B,2025-01-02 12:02:00,RCV-002,NEW
RCPT-101475,PO-50001,2025-01-02,07:18:00,SKU-04370,478,480,2,A-02R-026-5-A,2025-01-02 08:25:00,RCV-002,NEW
RCPT-101457,PO-50001,2025-01-02,12:39:00,SKU-00255,13,15,2,D-03R-005-2-B,2025-01-02 14:37:00,RCV-002,NEW
RCPT-101527,PO-50001,2025-01-02,12:16:00,SKU-00014,73,71,-2,A-04L-004-2-B,2025-01-02 12:54:00,RCV-003,NEW
RCPT-101580,PO-50001,2025-01-02,09:32:00,SKU-04094,12,11,-1,C-02L-012-5-A,2025-01-02 11:52:00,RCV-008,NEW
RCPT-101554,PO-50001,2025-01-02,07:37:00,SKU-02936,12,11,-1,D-02L-012-4-B,2025-01-02 08:45:00,RCV-008,NEW
RCPT-101535,PO-50001,2025-01-02,10:15:00,SKU-04245,89,89,0,B-01R-001-1-A,2025-01-02 11:32:00,RCV-005,NEW
RCPT-101441,PO-50001,2025-01-02,10:26:00,SKU-01803,548,547,-1,B-03R-020-1-A,2025-01-02 12:42:00,RCV-006,NEW
RCPT-101498,PO-50001,2025-01-02,12:49:00,SKU-01170,384,386,2,A-03L-002-3-B,2025-01-02 15:18:00,RCV-004,NEW
RCPT-101553,PO-50001,2025-01-02,07:33:00,SKU-00703,16,15,-1,A-04R-002-2-B,2025-01-02 08:06:00,RCV-008,NEW
RCPT-101488,PO-50001,2025-01-02,09:15:00,SKU-02707,49,50,1,A-02L-009-3-A,2025-01-02 09:53:00,RCV-008,NEW
RCPT-101443,PO-50001,2025-01-02,08:19:00,SKU-02859,1053,1053,0,A-01L-018-3-A,2025-01-02 10:23:00,RCV-002,NEW
RCPT-101489,PO-50001,2025-01-02,12:28:00,SKU-02357,344,343,-1,C-02L-006-2-A,2025-01-02 14:57:00,RCV-007,NEW
RCPT-101595,PO-50001,2025-01-03,08:39:00,SKU-04457,1627,1625,-2,A-01L-020-2-B,2025-01-03 11:33:00,RCV-006,NEW
RCPT-101598,PO-50001,2025-01-03,06:19:00,SKU-00859,16,16,0,C-04L-007-3-A,2025-01-03 08:26:00,RCV-003,NEW
RCPT-101635,PO-50001,2025-01-03,06:02:00,SKU-03554,235,236,1,C-02L-010-3-A,2025-01-03 06:32:00,RCV-005,NEW
RCPT-101604,PO-50001,2025-01-03,10:21:00,SKU-02443,12,10,-2,D-02R-017-4-B,2025-01-03 12:07:00,RCV-004,NEW
RCPT-101675,PO-50001,2025-01-03,10:33:00,SKU-04982,30,31,1,D-01R-011-1-B,2025-01-03 13:12:00,RCV-005,NEW
RCPT-101684,PO-50001,2025-01-03,11:37:00,SKU-04664,112,111,-1,A-02R-002-3-A,2025-01-03 12:10:00,RCV-001,NEW
RCPT-101668,PO-50001,2025-01-03,08:01:00,SKU-01775,48,48,0,B-03R-006-4-B,2025-01-03 10:29:00,RCV-008,NEW
RCPT-101730,PO-50001,2025-01-03,07:06:00,SKU-04775,903,904,1,A-02R-001-5-B,2025-01-03 08:52:00,RCV-008,NEW
RCPT-101608,PO-50001,2025-01-03,11:39:00,SKU-02085,1189,1189,0,D-02R-008-1-A,2025-01-03 14:32:00,RCV-006,NEW
RCPT-101729,PO-50001,2025-01-03,06:32:00,SKU-02280,16,17,1,C-01L-026-1-A,2025-01-03 08:55:00,RCV-005,NEW
RCPT-101640,PO-50001,2025-01-03,07:47:00,SKU-01040,185,186,1,B-04R-019-4-A,2025-01-03 09:35:00,RCV-001,NEW
RCPT-101712,PO-50001,2025-01-03,08:27:00,SKU-00654,95,94,-1,B-04R-010-4-B,2025-01-03 09:23:00,RCV-007,NEW
RCPT-101611,PO-50001,2025-01-03,07:26:00,SKU-02737,83,83,0,D-01L-021-5-A,2025-01-03 08:28:00,RCV-005,NEW
RCPT-101692,PO-50001,2025-01-03,06:36:00,SKU-04768,417,417,0,A-01R-021-2-A,2025-01-03 07:39:00,RCV-006,NEW
RCPT-101662,PO-50001,2025-01-03,08:49:00,SKU-03077,440,440,0,B-02L-012-4-B,2025-01-03 09:53:00,RCV-006,NEW
RCPT-101704,PO-50001,2025-01-03,11:43:00,SKU-00063,25,27,2,C-04L-014-4-A,2025-01-03 13:44:00,RCV-002,NEW
RCPT-101719,PO-50001,2025-01-03,12:32:00,SKU-02292,15,13,-2,C-02L-013-5-A,2025-01-03 15:19:00,RCV-004,NEW
RCPT-101680,PO-50001,2025-01-03,07:16:00,SKU-00293,34,36,2,C-03L-006-1-A,2025-01-03 09:09:00,RCV-002,NEW
RCPT-101632,PO-50001,2025-01-03,06:24:00,SKU-00430,24,26,2,B-04R-002-3-B,2025-01-03 07:05:00,RCV-004,NEW
RCPT-101698,PO-50001,2025-01-03,09:17:00,SKU-01975,159,161,2,B-04L-014-4-A,2025-01-03 12:08:00,RCV-006,NEW
RCPT-101687,PO-50001,2025-01-03,09:31:00,SKU-03378,224,223,-1,A-01L-004-4-B,2025-01-03 11:13:00,RCV-002,NEW
RCPT-101713,PO-50001,2025-01-03,07:26:00,SKU-04023,12,12,0,D-02R-009-5-B,2025-01-03 09:55:00,RCV-004,NEW
RCPT-101603,PO-50001,2025-01-03,06:30:00,SKU-02908,4187,4187,0,B-02L-005-3-A,2025-01-03 07:13:00,RCV-005,NEW
RCPT-101703,PO-50001,2025-01-03,06:12:00,SKU-00061,12,11,-1,D-03L-004-3-A,2025-01-03 07:11:00,RCV-004,NEW
RCPT-101606,PO-50001,2025-01-03,11:31:00,SKU-04041,11080,11078,-2,A-02R-002-2-B,2025-01-03 14:01:00,RCV-006,NEW
RCPT-101710,PO-50001,2025-01-03,09:22:00,SKU-04865,807,807,0,A-01R-011-4-B,2025-01-03 10:16:00,RCV-006,NEW
RCPT-101642,PO-50001,2025-01-03,07:30:00,SKU-01442,12,10,-2,D-03L-016-1-B,2025-01-03 08:29:00,RCV-007,NEW
RCPT-101599,PO-50001,2025-01-03,12:31:00,SKU-02050,710,712,2,C-02L-007-1-A,2025-01-03 13:44:00,RCV-008,NEW
RCPT-101644,PO-50001,2025-01-03,06:10:00,SKU-00195,12,10,-2,C-03L-014-2-B,2025-01-03 07:52:00,RCV-008,NEW
RCPT-101661,PO-50001,2025-01-03,06:20:00,SKU-01428,179,181,2,A-03L-006-4-A,2025-01-03 07:32:00,RCV-005,NEW
RCPT-101738,PO-50001,2025-01-03,09:55:00,SKU-00391,24,24,0,C-04L-006-1-A,2025-01-03 11:47:00,RCV-005,NEW
RCPT-101624,PO-50001,2025-01-03,10:52:00,SKU-02084,12,10,-2,D-02R-015-1-A,2025-01-03 13:25:00,RCV-002,NEW
RCPT-101788,PO-50001,2025-01-04,12:51:00,SKU-04116,147,149,2,B-02L-002-3-A,2025-01-04 14:41:00,RCV-007,NEW
RCPT-101748,PO-50001,2025-01-04,07:52:00,SKU-04328,11751,11751,0,A-02L-021-1-B,2025-01-04 09:08:00,RCV-007,NEW
RCPT-101812,PO-50001,2025-01-04,11:11:00,SKU-04865,488,490,2,A-01R-011-4-B,2025-01-04 12:36:00,RCV-006,NEW
RCPT-101835,PO-50001,2025-01-04,08:09:00,SKU-00019,150,150,0,A-03R-001-1-A,2025-01-04 09:07:00,RCV-002,NEW
RCPT-101747,PO-50001,2025-01-04,09:36:00,SKU-02836,179,178,-1,A-02R-009-1-B,2025-01-04 11:45:00,RCV-005,NEW
RCPT-101796,PO-50001,2025-01-04,08:22:00,SKU-03172,119,120,1,A-01R-006-1-B,2025-01-04 09:31:00,RCV-004,NEW
RCPT-101743,PO-50001,2025-01-04,11:10:00,SKU-02365,61,63,2,A-02L-010-3-A,2025-01-04 14:01:00,RCV-001,NEW
RCPT-101765,PO-50001,2025-01-04,07:56:00,SKU-04457,3277,3275,-2,A-01L-020-2-B,2025-01-04 10:00:00,RCV-004,NEW
RCPT-101808,PO-50001,2025-01-04,06:19:00,SKU-00017,293,292,-1,B-03R-001-4-B,2025-01-04 07:51:00,RCV-007,NEW
RCPT-101818,PO-50001,2025-01-04,12:07:00,SKU-03821,79,77,-2,A-01R-017-3-A,2025-01-04 14:15:00,RCV-004,NEW
RCPT-101768,PO-50001,2025-01-04,10:12:00,SKU-02807,59,59,0,A-02L-026-2-A,2025-01-04 10:54:00,RCV-003,NEW
RCPT-101862,PO-50001,2025-01-04,08:25:00,SKU-01490,1168,1168,0,B-04R-009-1-A,2025-01-04 09:33:00,RCV-004,NEW
RCPT-101873,PO-50001,2025-01-04,09:44:00,SKU-00315,90,90,0,A-03R-020-4-A,2025-01-04 11:28:00,RCV-006,NEW
RCPT-101847,PO-50001,2025-01-04,10:08:00,SKU-04925,19,21,2,C-01L-015-4-A,2025-01-04 10:58:00,RCV-007,NEW
RCPT-101815,PO-50001,2025-01-04,08:27:00,SKU-02342,12,13,1,C-02R-004-2-B,2025-01-04 10:12:00,RCV-003,NEW
RCPT-101805,PO-50001,2025-01-04,09:02:00,SKU-02232,302,301,-1,C-01L-002-5-A,2025-01-04 09:41:00,RCV-006,NEW
RCPT-101870,PO-50001,2025-01-04,06:33:00,SKU-04292,92,93,1,B-02L-008-2-A,2025-01-04 07:19:00,RCV-003,NEW
RCPT-101807,PO-50001,2025-01-04,06:43:00,SKU-02973,159,157,-2,B-01R-015-1-A,2025-01-04 08:56:00,RCV-008,NEW
RCPT-101827,PO-50001,2025-01-04,08:40:00,SKU-01019,572,572,0,B-03R-014-1-A,2025-01-04 11:11:00,RCV-001,NEW
RCPT-101822,PO-50001,2025-01-04,08:52:00,SKU-04563,353,355,2,A-02L-022-4-B,2025-01-04 11:14:00,RCV-004,NEW
RCPT-101929,PO-50002,2025-01-06,07:23:00,SKU-00634,12,11,-1,C-04L-020-3-B,2025-01-06 09:47:00,RCV-003,NEW
RCPT-101968,PO-50002,2025-01-06,09:55:00,SKU-00506,210,208,-2,B-03R-016-3-B,2025-01-06 12:35:00,RCV-007,NEW
RCPT-102020,PO-50002,2025-01-06,09:50:00,SKU-03077,420,418,-2,B-02L-012-4-B,2025-01-06 10:44:00,RCV-006,NEW
RCPT-101921,PO-50002,2025-01-06,11:23:00,SKU-03881,749,750,1,B-02R-002-4-A,2025-01-06 13:44:00,RCV-004,NEW
RCPT-102053,PO-50002,2025-01-06,07:43:00,SKU-02913,598,599,1,B-01L-015-2-B,2025-01-06 10:30:00,RCV-002,NEW
RCPT-101962,PO-50002,2025-01-06,12:27:00,SKU-02859,1085,1084,-1,A-01L-018-3-A,2025-01-06 13:53:00,RCV-004,NEW
RCPT-102008,PO-50002,2025-01-06,10:35:00,SKU-04932,265,265,0,A-02R-018-5-A,2025-01-06 12:26:00,RCV-007,NEW
RCPT-102034,PO-50002,2025-01-06,08:40:00,SKU-00326,68,67,-1,B-04L-006-2-B,2025-01-06 09:40:00,RCV-002,NEW
RCPT-102009,PO-50002,2025-01-06,08:57:00,SKU-03302,34,33,-1,D-02L-002-3-B,2025-01-06 09:50:00,RCV-004,NEW
RCPT-102041,PO-50002,2025-01-06,06:14:00,SKU-04563,313,313,0,A-02L-022-4-B,2025-01-06 07:52:00,RCV-006,NEW
RCPT-101981,PO-50002,2025-01-06,09:06:00,SKU-00358,50,50,0,A-03L-008-1-B,2025-01-06 09:55:00,RCV-003,NEW
RCPT-102004,PO-50002,2025-01-06,12:11:00,SKU-04457,3529,3530,1,A-01L-020-2-B,2025-01-06 14:53:00,RCV-006,NEW
RCPT-102043,PO-50002,2025-01-06,12:16:00,SKU-04681,14,14,0,C-01R-024-5-B,2025-01-06 12:54:00,RCV-002,NEW
RCPT-101889,PO-50002,2025-01-06,09:43:00,SKU-03035,15,15,0,C-02R-025-2-B,2025-01-06 12:10:00,RCV-002,NEW
RCPT-101880,PO-50002,2025-01-06,08:31:00,SKU-02099,12,12,0,D-02L-010-2-B,2025-01-06 10:29:00,RCV-008,NEW
RCPT-101923,PO-50002,2025-01-06,09:00:00,SKU-03715,12,11,-1,D-02L-011-5-A,2025-01-06 10:45:00,RCV-008,NEW
RCPT-101911,PO-50002,2025-01-06,12:22:00,SKU-02775,220,221,1,C-01R-023-3-A,2025-01-06 13:36:00,RCV-006,NEW
RCPT-102051,PO-50002,2025-01-06,12:57:00,SKU-01795,12,10,-2,B-04L-017-3-A,2025-01-06 14:35:00,RCV-001,NEW
RCPT-102055,PO-50002,2025-01-06,10:56:00,SKU-03895,20,21,1,A-01L-002-1-B,2025-01-06 12:05:00,RCV-005,NEW
RCPT-101943,PO-50002,2025-01-06,09:31:00,SKU-04778,178,178,0,B-01L-023-3-B,2025-01-06 11:58:00,RCV-005,NEW
RCPT-101901,PO-50002,2025-01-06,11:45:00,SKU-02747,133,133,0,A-01R-022-3-A,2025-01-06 12:50:00,RCV-008,NEW
RCPT-102028,PO-50002,2025-01-06,09:03:00,SKU-02854,14,14,0,D-02R-014-5-B,2025-01-06 10:56:00,RCV-004,NEW
RCPT-101978,PO-50002,2025-01-06,12:06:00,SKU-04846,68,68,0,B-01L-003-1-A,2025-01-06 13:40:00,RCV-008,NEW
RCPT-102026,PO-50002,2025-01-06,11:07:00,SKU-04595,12,13,1,D-01R-020-4-B,2025-01-06 13:58:00,RCV-004,NEW
RCPT-101888,PO-50002,2025-01-06,12:32:00,SKU-03855,30,29,-1,B-02R-015-3-B,2025-01-06 13:18:00,RCV-002,NEW
RCPT-102003,PO-50002,2025-01-06,06:36:00,SKU-00162,34,36,2,C-03R-006-1-B,2025-01-06 07:23:00,RCV-003,NEW
RCPT-101940,PO-50002,2025-01-06,06:27:00,SKU-04353,434,435,1,B-02L-022-4-A,2025-01-06 09:14:00,RCV-001,NEW
RCPT-102012,PO-50002,2025-01-06,10:15:00,SKU-04843,12,10,-2,C-02L-008-1-B,2025-01-06 13:00:00,RCV-007,DAMAGED
RCPT-101891,PO-50002,2025-01-06,11:15:00,SKU-02290,29,30,1,B-02L-026-5-B,2025-01-06 14:03:00,RCV-002,NEW
RCPT-102085,PO-50002,2025-01-07,09:07:00,SKU-00631,12,14,2,B-04R-003-4-B,2025-01-07 10:13:00,RCV-003,NEW
RCPT-102168,PO-50002,2025-01-07,12:47:00,SKU-04417,12,13,1,D-02R-015-3-A,2025-01-07 15:31:00,RCV-002,NEW
RCPT-102145,PO-50002,2025-01-07,06:35:00,SKU-01909,12,12,0,D-03R-013-1-B,2025-01-07 07:12:00,RCV-001,NEW
RCPT-102199,PO-50002,2025-01-07,07:56:00,SKU-02699,555,555,0,C-01L-007-2-B,2025-01-07 09:21:00,RCV-001,NEW
RCPT-102220,PO-50002,2025-01-07,10:43:00,SKU-03361,37,36,-1,C-01R-018-4-B,2025-01-07 11:27:00,RCV-007,NEW
RCPT-102208,PO-50002,2025-01-07,07:52:00,SKU-00655,12,14,2,D-03L-001-4-B,2025-01-07 09:11:00,RCV-002,NEW
RCPT-102109,PO-50002,2025-01-07,12:21:00,SKU-01468,12,11,-1,B-03R-018-4-B,2025-01-07 14:26:00,RCV-003,NEW
RCPT-102209,PO-50002,2025-01-07,09:35:00,SKU-04090,15,17,2,D-02L-016-1-A,2025-01-07 12:15:00,RCV-008,NEW
RCPT-102214,PO-50002,2025-01-07,08:10:00,SKU-02985,21,23,2,E-01R-020-2-A,2025-01-07 09:19:00,RCV-005,NEW
RCPT-102195,PO-50002,2025-01-07,07:11:00,SKU-02585,3364,3362,-2,A-01R-012-4-A,2025-01-07 09:45:00,RCV-001,NEW
RCPT-102166,PO-50002,2025-01-07,07:17:00,SKU-02908,4933,4932,-1,B-02L-005-3-A,2025-01-07 08:14:00,RCV-007,NEW
RCPT-102240,PO-50002,2025-01-07,09:41:00,SKU-01043,38,36,-2,A-03L-007-2-B,2025-01-07 11:20:00,RCV-008,NEW
RCPT-102177,PO-50002,2025-01-07,12:31:00,SKU-04196,49,47,-2,A-01R-014-5-B,2025-01-07 13:33:00,RCV-003,NEW
RCPT-102127,PO-50002,2025-01-07,12:20:00,SKU-03129,14,12,-2,B-01L-006-5-A,2025-01-07 13:46:00,RCV-004,NEW
RCPT-102075,PO-50002,2025-01-07,10:04:00,SKU-04809,278,279,1,A-01R-016-2-B,2025-01-07 12:42:00,RCV-005,NEW
RCPT-102090,PO-50002,2025-01-07,09:27:00,SKU-01844,46,44,-2,A-03R-017-4-A,2025-01-07 10:20:00,RCV-001,NEW
RCPT-102061,PO-50002,2025-01-07,12:01:00,SKU-03727,5014,5015,1,B-02R-023-4-A,2025-01-07 12:54:00,RCV-001,NEW
RCPT-102140,PO-50002,2025-01-07,06:03:00,SKU-04928,512,510,-2,B-01L-013-2-B,2025-01-07 06:36:00,RCV-006,NEW
RCPT-102232,PO-50002,2025-01-07,07:24:00,SKU-01910,22,20,-2,A-04R-014-2-B,2025-01-07 10:05:00,RCV-005,NEW
RCPT-102222,PO-50002,2025-01-07,07:28:00,SKU-01207,132,132,0,B-04R-018-4-B,2025-01-07 09:30:00,RCV-006,NEW
RCPT-102074,PO-50002,2025-01-07,12:05:00,SKU-03493,17,16,-1,D-02R-021-2-B,2025-01-07 12:43:00,RCV-007,NEW
RCPT-102111,PO-50002,2025-01-07,10:04:00,SKU-01331,842,841,-1,A-03R-003-4-B,2025-01-07 12:04:00,RCV-002,NEW
RCPT-102245,PO-50002,2025-01-07,12:45:00,SKU-01918,37,37,0,B-04R-013-2-A,2025-01-07 15:40:00,RCV-005,NEW
RCPT-102141,PO-50002,2025-01-07,09:20:00,SKU-03049,452,454,2,C-02L-003-4-A,2025-01-07 11:55:00,RCV-003,NEW
RCPT-102084,PO-50002,2025-01-07,06:08:00,SKU-00752,12,14,2,D-03R-005-4-A,2025-01-07 07:17:00,RCV-007,NEW
RCPT-102235,PO-50002,2025-01-07,08:05:00,SKU-02836,415,415,0,A-02R-009-1-B,2025-01-07 08:57:00,RCV-006,DAMAGED
RCPT-102213,PO-50002,2025-01-07,08:50:00,SKU-03018,251,252,1,C-02L-015-3-B,2025-01-07 10:00:00,RCV-004,NEW
RCPT-102165,PO-50002,2025-01-07,12:07:00,SKU-01251,13,13,0,B-03L-016-1-A,2025-01-07 14:00:00,RCV-003,NEW
RCPT-102189,PO-50002,2025-01-07,08:39:00,SKU-02718,12,12,0,D-02L-001-1-A,2025-01-07 10:42:00,RCV-001,NEW
RCPT-102115,PO-50002,2025-01-07,12:37:00,SKU-04670,346,344,-2,C-02R-018-2-B,2025-01-07 14:36:00,RCV-007,NEW
RCPT-102174,PO-50002,2025-01-07,06:24:00,SKU-00357,12,11,-1,D-04L-020-4-B,2025-01-07 07:47:00,RCV-002,NEW
RCPT-102229,PO-50002,2025-01-07,09:54:00,SKU-04710,601,602,1,A-02L-008-2-A,2025-01-07 12:10:00,RCV-006,NEW
RCPT-102152,PO-50002,2025-01-07,06:40:00,SKU-00289,12,10,-2,B-04R-011-2-A,2025-01-07 07:32:00,RCV-004,NEW
RCPT-102238,PO-50002,2025-01-07,08:53:00,SKU-01359,12,10,-2,B-04L-011-2-A,2025-01-07 09:29:00,RCV-007,NEW
RCPT-102095,PO-50002,2025-01-07,09:25:00,SKU-02034,607,608,1,A-02L-014-4-B,2025-01-07 10:30:00,RCV-003,NEW
RCPT-102247,PO-50002,2025-01-07,06:18:00,SKU-04411,70,71,1,A-01L-011-5-B,2025-01-07 07:18:00,RCV-003,NEW
RCPT-102150,PO-50002,2025-01-07,11:29:00,SKU-04828,12,12,0,D-01L-015-3-A,2025-01-07 13:47:00,RCV-008,NEW
RCPT-102202,PO-50002,2025-01-07,12:48:00,SKU-01999,138,138,0,A-04L-007-3-A,2025-01-07 14:39:00,RCV-004,NEW
RCPT-102133,PO-50002,2025-01-07,10:13:00,SKU-02146,12,10,-2,D-02R-023-1-B,2025-01-07 12:42:00,RCV-001,NEW
RCPT-102112,PO-50002,2025-01-07,12:49:00,SKU-00986,12,12,0,E-03L-002-2-B,2025-01-07 15:39:00,RCV-001,NEW
RCPT-102153,PO-50002,2025-01-07,11:28:00,SKU-03212,12,11,-1,C-01R-016-5-A,2025-01-07 13:56:00,RCV-004,NEW
RCPT-102173,PO-50002,2025-01-07,09:21:00,SKU-01552,627,629,2,A-04R-001-1-B,2025-01-07 10:36:00,RCV-001,NEW
RCPT-102182,PO-50002,2025-01-07,12:01:00,SKU-04158,12,10,-2,C-01L-006-5-A,2025-01-07 15:00:00,RCV-004,NEW
RCPT-102201,PO-50002,2025-01-07,08:14:00,SKU-01033,63,65,2,C-03R-010-1-A,2025-01-07 10:27:00,RCV-005,NEW
RCPT-102136,PO-50002,2025-01-07,08:19:00,SKU-04622,12,11,-1,D-01L-010-2-A,2025-01-07 10:31:00,RCV-005,NEW
RCPT-102171,PO-50002,2025-01-07,11:55:00,SKU-02785,28,26,-2,D-02L-026-1-A,2025-01-07 14:51:00,RCV-005,NEW
RCPT-102221,PO-50002,2025-01-07,10:07:00,SKU-04524,26,25,-1,C-02L-002-5-A,2025-01-07 10:54:00,RCV-007,NEW
RCPT-102119,PO-50002,2025-01-07,07:11:00,SKU-04733,524,526,2,A-01R-018-1-A,2025-01-07 08:28:00,RCV-003,NEW
RCPT-102188,PO-50002,2025-01-07,10:55:00,SKU-00506,175,176,1,B-03R-016-3-B,2025-01-07 13:50:00,RCV-006,NEW
RCPT-102323,PO-50002,2025-01-08,09:40:00,SKU-04520,47,47,0,C-02L-010-3-B,2025-01-08 12:15:00,RCV-008,NEW
RCPT-102270,PO-50002,2025-01-08,11:37:00,SKU-02185,572,571,-1,C-01R-009-4-B,2025-01-08 12:51:00,RCV-008,NEW
RCPT-102349,PO-50002,2025-01-08,12:33:00,SKU-04984,79,78,-1,B-02R-026-4-B,2025-01-08 15:11:00,RCV-001,NEW
RCPT-102386,PO-50002,2025-01-08,07:08:00,SKU-03239,12,13,1,C-01L-023-5-B,2025-01-08 09:29:00,RCV-008,NEW
RCPT-102266,PO-50002,2025-01-08,12:33:00,SKU-01490,2049,2047,-2,B-04R-009-1-A,2025-01-08 13:39:00,RCV-004,NEW
RCPT-102299,PO-50002,2025-01-08,11:12:00,SKU-01721,586,586,0,A-04L-015-4-B,2025-01-08 11:49:00,RCV-005,NEW
RCPT-102332,PO-50002,2025-01-08,09:08:00,SKU-04782,324,324,0,C-01L-004-3-A,2025-01-08 09:48:00,RCV-007,NEW
RCPT-102404,PO-50002,2025-01-08,12:11:00,SKU-02737,172,174,2,D-01L-021-5-A,2025-01-08 14:28:00,RCV-008,NEW
RCPT-102319,PO-50002,2025-01-08,07:18:00,SKU-04247,30,30,0,B-01R-022-4-B,2025-01-08 09:00:00,RCV-007,NEW
RCPT-102252,PO-50002,2025-01-08,10:34:00,SKU-01032,47,49,2,A-03L-009-3-B,2025-01-08 11:19:00,RCV-008,NEW
RCPT-102275,PO-50002,2025-01-08,11:03:00,SKU-04411,81,79,-2,A-01L-011-5-B,2025-01-08 12:25:00,RCV-004,NEW
RCPT-102375,PO-50002,2025-01-08,09:38:00,SKU-02990,96,96,0,A-01R-022-1-B,2025-01-08 10:16:00,RCV-006,NEW
RCPT-102403,PO-50002,2025-01-08,06:29:00,SKU-03588,12,10,-2,B-01R-024-2-B,2025-01-08 07:12:00,RCV-005,NEW
RCPT-102290,PO-50002,2025-01-08,12:54:00,SKU-00430,27,28,1,B-04R-002-3-B,2025-01-08 14:36:00,RCV-002,NEW
RCPT-102342,PO-50002,2025-01-08,06:01:00,SKU-01937,68,69,1,A-03L-004-3-B,2025-01-08 06:55:00,RCV-004,NEW
RCPT-102315,PO-50002,2025-01-08,09:17:00,SKU-03592,72,71,-1,B-01R-008-5-A,2025-01-08 11:02:00,RCV-008,NEW
RCPT-102405,PO-50002,2025-01-08,10:11:00,SKU-01253,12,10,-2,B-03R-014-4-A,2025-01-08 10:51:00,RCV-007,NEW
RCPT-102325,PO-50002,2025-01-08,12:04:00,SKU-01112,12,12,0,C-03R-006-1-A,2025-01-08 14:52:00,RCV-001,NEW
RCPT-102255,PO-50002,2025-01-08,07:09:00,SKU-03812,22,21,-1,B-01L-010-4-B,2025-01-08 09:30:00,RCV-001,NEW
RCPT-102351,PO-50002,2025-01-08,07:34:00,SKU-02154,87,88,1,B-02R-026-5-A,2025-01-08 08:16:00,RCV-008,NEW
RCPT-102254,PO-50002,2025-01-08,07:38:00,SKU-02469,40,41,1,A-01R-018-3-A,2025-01-08 08:56:00,RCV-008,NEW
RCPT-102350,PO-50002,2025-01-08,06:16:00,SKU-03530,12,12,0,C-01L-026-2-B,2025-01-08 08:10:00,RCV-002,NEW
RCPT-102265,PO-50002,2025-01-08,12:08:00,SKU-02232,323,325,2,C-01L-002-5-A,2025-01-08 13:04:00,RCV-002,NEW
RCPT-102388,PO-50002,2025-01-08,06:07:00,SKU-04848,13,11,-2,E-01L-005-5-A,2025-01-08 07:15:00,RCV-006,NEW
RCPT-102408,PO-50002,2025-01-08,07:35:00,SKU-02772,313,313,0,A-02R-012-5-A,2025-01-08 10:08:00,RCV-006,NEW
RCPT-102264,PO-50002,2025-01-08,06:30:00,SKU-02908,5302,5302,0,B-02L-005-3-A,2025-01-08 08:43:00,RCV-005,NEW
RCPT-102359,PO-50002,2025-01-08,10:05:00,SKU-00267,34,36,2,B-03R-013-4-A,2025-01-08 12:02:00,RCV-006,NEW
RCPT-102361,PO-50002,2025-01-08,09:10:00,SKU-02095,12,14,2,B-01L-005-3-A,2025-01-08 12:00:00,RCV-001,NEW
RCPT-102308,PO-50002,2025-01-08,08:52:00,SKU-00019,187,188,1,A-03R-001-1-A,2025-01-08 11:20:00,RCV-001,NEW
RCPT-102300,PO-50002,2025-01-08,10:00:00,SKU-02085,1266,1264,-2,D-02R-008-1-A,2025-01-08 12:50:00,RCV-001,NEW
RCPT-102277,PO-50002,2025-01-08,07:55:00,SKU-04353,292,290,-2,B-02L-022-4-A,2025-01-08 10:12:00,RCV-002,NEW
RCPT-102305,PO-50002,2025-01-08,08:14:00,SKU-00268,12,13,1,E-03L-013-1-A,2025-01-08 08:47:00,RCV-006,NEW
RCPT-102380,PO-50002,2025-01-08,06:29:00,SKU-02044,369,370,1,A-01R-023-5-B,2025-01-08 07:09:00,RCV-003,NEW
RCPT-102393,PO-50002,2025-01-08,09:23:00,SKU-03722,12,12,0,A-01L-001-5-B,2025-01-08 11:39:00,RCV-002,NEW
RCPT-102346,PO-50002,2025-01-08,08:25:00,SKU-02456,31,31,0,D-01L-019-2-B,2025-01-08 10:50:00,RCV-008,NEW
RCPT-102267,PO-50002,2025-01-08,11:49:00,SKU-02613,19,19,0,D-01R-018-5-A,2025-01-08 14:45:00,RCV-005,NEW
RCPT-102250,PO-50002,2025-01-08,10:44:00,SKU-03035,12,13,1,C-02R-025-2-B,2025-01-08 13:08:00,RCV-005,NEW
RCPT-102334,PO-50002,2025-01-08,10:51:00,SKU-02670,12,14,2,D-01L-006-4-A,2025-01-08 11:27:00,RCV-006,NEW
RCPT-102528,PO-50002,2025-01-09,10:34:00,SKU-02505,85,87,2,B-02R-020-5-A,2025-01-09 11:29:00,RCV-003,NEW
RCPT-102485,PO-50002,2025-01-09,12:30:00,SKU-02403,63,62,-1,A-01R-001-2-A,2025-01-09 13:49:00,RCV-005,NEW
RCPT-102527,PO-50002,2025-01-09,09:54:00,SKU-02588,30,29,-1,C-02L-014-3-B,2025-01-09 12:09:00,RCV-006,NEW
RCPT-102476,PO-50002,2025-01-09,09:47:00,SKU-04810,29,27,-2,D-02R-009-4-B,2025-01-09 10:33:00,RCV-005,NEW
RCPT-102447,PO-50002,2025-01-09,09:14:00,SKU-02144,66,64,-2,A-02R-006-3-B,2025-01-09 12:11:00,RCV-006,NEW
RCPT-102505,PO-50002,2025-01-09,11:53:00,SKU-04775,657,656,-1,A-02R-001-5-B,2025-01-09 13:06:00,RCV-007,NEW
RCPT-102561,PO-50002,2025-01-09,12:45:00,SKU-02210,12,13,1,C-01R-010-2-B,2025-01-09 14:22:00,RCV-005,NEW
RCPT-102559,PO-50002,2025-01-09,11:16:00,SKU-02241,22,23,1,D-02L-004-2-A,2025-01-09 12:25:00,RCV-007,NEW
RCPT-102546,PO-50002,2025-01-09,09:38:00,SKU-03040,12,13,1,C-02L-005-1-A,2025-01-09 12:35:00,RCV-005,NEW
RCPT-102449,PO-50002,2025-01-09,12:51:00,SKU-04457,1967,1968,1,A-01L-020-2-B,2025-01-09 15:15:00,RCV-003,NEW
RCPT-102564,PO-50002,2025-01-09,12:05:00,SKU-00153,20,22,2,D-03L-012-4-A,2025-01-09 14:36:00,RCV-005,NEW
RCPT-102533,PO-50002,2025-01-09,09:57:00,SKU-02858,129,130,1,A-01R-006-4-B,2025-01-09 10:42:00,RCV-006,NEW
RCPT-102445,PO-50002,2025-01-09,07:41:00,SKU-02050,395,394,-1,C-02L-007-1-A,2025-01-09 09:16:00,RCV-006,NEW
RCPT-102480,PO-50002,2025-01-09,10:48:00,SKU-02973,201,202,1,B-01R-015-1-A,2025-01-09 11:24:00,RCV-004,NEW
RCPT-102434,PO-50002,2025-01-09,06:40:00,SKU-00919,26,26,0,A-04L-012-1-A,2025-01-09 08:29:00,RCV-002,NEW
RCPT-102519,PO-50002,2025-01-09,12:04:00,SKU-04951,12,14,2,D-01R-022-1-B,2025-01-09 14:41:00,RCV-008,NEW
RCPT-102420,PO-50002,2025-01-09,06:28:00,SKU-04163,12,11,-1,D-02R-021-3-A,2025-01-09 07:33:00,RCV-002,NEW
RCPT-102583,PO-50002,2025-01-09,07:13:00,SKU-01528,40,38,-2,B-03R-015-4-B,2025-01-09 08:28:00,RCV-003,NEW
RCPT-102579,PO-50002,2025-01-09,12:51:00,SKU-02202,466,465,-1,C-01R-025-1-B,2025-01-09 15:14:00,RCV-002,NEW
RCPT-102467,PO-50002,2025-01-09,09:35:00,SKU-03554,102,100,-2,C-02L-010-3-A,2025-01-09 10:48:00,RCV-001,NEW
RCPT-102545,PO-50002,2025-01-09,11:14:00,SKU-03881,2040,2041,1,B-02R-002-4-A,2025-01-09 12:44:00,RCV-005,NEW
RCPT-102412,PO-50002,2025-01-09,09:34:00,SKU-04025,265,265,0,C-01L-004-5-A,2025-01-09 12:26:00,RCV-006,NEW
RCPT-102435,PO-50002,2025-01-09,11:58:00,SKU-03324,23,22,-1,A-02R-015-1-B,2025-01-09 13:36:00,RCV-002,NEW
RCPT-102512,PO-50002,2025-01-09,09:10:00,SKU-00192,29,27,-2,C-04L-009-4-A,2025-01-09 10:01:00,RCV-001,NEW
RCPT-102497,PO-50002,2025-01-09,11:08:00,SKU-02387,15,17,2,E-01L-006-2-B,2025-01-09 14:02:00,RCV-006,NEW
RCPT-102516,PO-50002,2025-01-09,12:55:00,SKU-02609,1696,1696,0,C-01R-013-1-B,2025-01-09 15:09:00,RCV-006,NEW
RCPT-102501,PO-50002,2025-01-09,10:57:00,SKU-04313,12,10,-2,B-01R-018-4-B,2025-01-09 12:22:00,RCV-004,NEW
RCPT-102518,PO-50002,2025-01-09,12:51:00,SKU-00370,103,103,0,A-03R-008-4-B,2025-01-09 14:37:00,RCV-008,NEW
RCPT-102444,PO-50002,2025-01-09,08:33:00,SKU-00404,15,15,0,B-04L-002-3-B,2025-01-09 09:27:00,RCV-004,NEW
RCPT-102508,PO-50002,2025-01-09,10:05:00,SKU-02156,90,91,1,B-02L-006-1-A,2025-01-09 11:58:00,RCV-004,NEW
RCPT-102425,PO-50002,2025-01-09,06:40:00,SKU-02467,56,58,2,A-01R-006-2-B,2025-01-09 09:20:00,RCV-004,NEW
RCPT-102534,PO-50002,2025-01-09,11:30:00,SKU-01490,1582,1582,0,B-04R-009-1-A,2025-01-09 14:05:00,RCV-004,NEW
RCPT-102498,PO-50002,2025-01-09,08:58:00,SKU-04840,20,22,2,E-01L-021-5-A,2025-01-09 10:09:00,RCV-004,NEW
RCPT-102450,PO-50002,2025-01-09,06:37:00,SKU-04608,2520,2521,1,A-02L-025-1-B,2025-01-09 09:24:00,RCV-003,NEW
RCPT-102457,PO-50002,2025-01-09,08:10:00,SKU-03496,980,979,-1,B-01R-016-5-B,2025-01-09 09:07:00,RCV-007,NEW
RCPT-102458,PO-50002,2025-01-09,10:58:00,SKU-01552,521,520,-1,A-04R-001-1-B,2025-01-09 13:47:00,RCV-002,DAMAGED
RCPT-102554,PO-50002,2025-01-09,07:01:00,SKU-02039,13,15,2,E-02R-021-5-B,2025-01-09 08:09:00,RCV-007,NEW
RCPT-102571,PO-50002,2025-01-09,07:19:00,SKU-01803,874,872,-2,B-03R-020-1-A,2025-01-09 08:59:00,RCV-006,NEW
RCPT-102638,PO-50002,2025-01-10,07:16:00,SKU-04775,934,932,-2,A-02R-001-5-B,2025-01-10 08:52:00,RCV-001,NEW
RCPT-102712,PO-50002,2025-01-10,10:51:00,SKU-00017,400,402,2,B-03R-001-4-B,2025-01-10 12:13:00,RCV-006,NEW
RCPT-102740,PO-50002,2025-01-10,09:26:00,SKU-04345,54,56,2,A-02R-011-2-B,2025-01-10 10:24:00,RCV-008,NEW
RCPT-102647,PO-50002,2025-01-10,07:40:00,SKU-03854,72,73,1,B-02L-022-3-A,2025-01-10 08:52:00,RCV-003,NEW
RCPT-102602,PO-50002,2025-01-10,07:51:00,SKU-02366,2143,2143,0,A-01R-020-4-A,2025-01-10 10:18:00,RCV-008,NEW
RCPT-102697,PO-50002,2025-01-10,06:31:00,SKU-02483,14,15,1,D-01L-022-4-B,2025-01-10 08:25:00,RCV-007,NEW
RCPT-102608,PO-50002,2025-01-10,11:49:00,SKU-01490,1261,1263,2,B-04R-009-1-A,2025-01-10 13:25:00,RCV-008,NEW
RCPT-102704,PO-50002,2025-01-10,07:44:00,SKU-04865,633,632,-1,A-01R-011-4-B,2025-01-10 08:43:00,RCV-007,NEW
RCPT-102724,PO-50002,2025-01-10,06:37:00,SKU-04710,600,599,-1,A-02L-008-2-A,2025-01-10 08:45:00,RCV-008,NEW
RCPT-102645,PO-50002,2025-01-10,09:51:00,SKU-04217,38,38,0,B-01L-009-4-B,2025-01-10 10:23:00,RCV-006,NEW
RCPT-102617,PO-50002,2025-01-10,07:16:00,SKU-04563,298,297,-1,A-02L-022-4-B,2025-01-10 08:22:00,RCV-005,NEW
RCPT-102734,PO-50002,2025-01-10,07:58:00,SKU-04608,2598,2597,-1,A-02L-025-1-B,2025-01-10 10:55:00,RCV-001,NEW
RCPT-102715,PO-50002,2025-01-10,10:57:00,SKU-04747,12,14,2,B-02L-017-1-B,2025-01-10 12:02:00,RCV-006,NEW
RCPT-102683,PO-50002,2025-01-10,07:50:00,SKU-03095,163,164,1,B-01L-010-3-A,2025-01-10 09:50:00,RCV-001,NEW
RCPT-102621,PO-50002,2025-01-10,11:48:00,SKU-03077,756,758,2,B-02L-012-4-B,2025-01-10 14:32:00,RCV-003,NEW
RCPT-102698,PO-50002,2025-01-10,08:11:00,SKU-02966,12,11,-1,E-01R-011-1-B,2025-01-10 09:49:00,RCV-007,NEW
RCPT-102748,PO-50002,2025-01-10,11:47:00,SKU-02420,399,397,-2,B-01L-005-4-B,2025-01-10 14:36:00,RCV-004,NEW
RCPT-102604,PO-50002,2025-01-10,10:21:00,SKU-04041,4986,4988,2,A-02R-002-2-B,2025-01-10 11:11:00,RCV-002,NEW
RCPT-102619,PO-50002,2025-01-10,06:56:00,SKU-04457,2727,2728,1,A-01L-020-2-B,2025-01-10 09:11:00,RCV-007,NEW
RCPT-102707,PO-50002,2025-01-10,06:00:00,SKU-00884,12,11,-1,D-04R-002-4-B,2025-01-10 06:58:00,RCV-006,NEW
RCPT-102676,PO-50002,2025-01-10,06:52:00,SKU-00831,130,131,1,A-03R-004-3-B,2025-01-10 08:59:00,RCV-004,NEW
RCPT-102681,PO-50002,2025-01-10,11:29:00,SKU-02232,128,127,-1,C-01L-002-5-A,2025-01-10 13:31:00,RCV-002,NEW
RCPT-102733,PO-50002,2025-01-10,06:14:00,SKU-02054,12,14,2,C-02R-026-2-A,2025-01-10 08:07:00,RCV-007,NEW
RCPT-102622,PO-50002,2025-01-10,07:30:00,SKU-01407,88,87,-1,A-04L-005-1-B,2025-01-10 08:50:00,RCV-007,NEW
RCPT-102641,PO-50002,2025-01-10,08:08:00,SKU-04984,93,91,-2,B-02R-026-4-B,2025-01-10 10:30:00,RCV-002,NEW
RCPT-102635,PO-50002,2025-01-10,06:43:00,SKU-02564,203,202,-1,C-01L-011-5-B,2025-01-10 08:57:00,RCV-002,NEW
RCPT-102687,PO-50002,2025-01-10,07:32:00,SKU-01937,98,96,-2,A-03L-004-3-B,2025-01-10 08:58:00,RCV-003,NEW
RCPT-102710,PO-50002,2025-01-10,08:53:00,SKU-00084,220,222,2,A-03L-015-3-A,2025-01-10 10:29:00,RCV-001,NEW
RCPT-102644,PO-50002,2025-01-10,09:25:00,SKU-02913,449,450,1,B-01L-015-2-B,2025-01-10 11:30:00,RCV-001,NEW
RCPT-102744,PO-50002,2025-01-10,09:38:00,SKU-02202,226,227,1,C-01R-025-1-B,2025-01-10 10:28:00,RCV-007,NEW
RCPT-102727,PO-50002,2025-01-10,06:31:00,SKU-04609,17,16,-1,C-02L-014-4-B,2025-01-10 08:27:00,RCV-006,NEW
RCPT-102714,PO-50002,2025-01-10,09:06:00,SKU-04279,38,36,-2,A-02L-015-4-A,2025-01-10 10:18:00,RCV-002,NEW
RCPT-102595,PO-50002,2025-01-10,08:26:00,SKU-02986,16,15,-1,D-01R-006-5-A,2025-01-10 10:41:00,RCV-006,NEW
RCPT-102772,PO-50002,2025-01-11,11:35:00,SKU-04865,601,600,-1,A-01R-011-4-B,2025-01-11 14:16:00,RCV-001,NEW
RCPT-102830,PO-50002,2025-01-11,10:59:00,SKU-02705,15,16,1,A-01L-003-3-B,2025-01-11 11:35:00,RCV-004,NEW
RCPT-102812,PO-50002,2025-01-11,09:25:00,SKU-04814,241,239,-2,B-02R-017-4-A,2025-01-11 11:46:00,RCV-003,NEW
RCPT-102905,PO-50002,2025-01-11,09:05:00,SKU-04745,69,68,-1,B-01R-013-5-A,2025-01-11 10:10:00,RCV-005,NEW
RCPT-102893,PO-50002,2025-01-11,08:32:00,SKU-02345,12,13,1,C-02L-018-5-A,2025-01-11 10:34:00,RCV-001,NEW
RCPT-102897,PO-50002,2025-01-11,06:15:00,SKU-00064,12,10,-2,E-03L-020-3-A,2025-01-11 06:48:00,RCV-005,NEW
RCPT-102789,PO-50002,2025-01-11,08:01:00,SKU-04368,12,14,2,B-01L-025-2-B,2025-01-11 10:51:00,RCV-002,NEW
RCPT-102885,PO-50002,2025-01-11,07:02:00,SKU-00079,89,90,1,A-03R-013-2-B,2025-01-11 07:47:00,RCV-001,NEW
RCPT-102781,PO-50002,2025-01-11,12:46:00,SKU-02299,13,12,-1,D-02R-009-1-B,2025-01-11 13:40:00,RCV-004,NEW
RCPT-102842,PO-50002,2025-01-11,10:05:00,SKU-00500,13,13,0,C-03R-002-2-A,2025-01-11 12:55:00,RCV-005,NEW
RCPT-102884,PO-50002,2025-01-11,09:05:00,SKU-04778,233,235,2,B-01L-023-3-B,2025-01-11 10:12:00,RCV-002,NEW
RCPT-102838,PO-50002,2025-01-11,07:29:00,SKU-02886,22,20,-2,B-01L-013-2-A,2025-01-11 08:47:00,RCV-005,NEW
RCPT-102766,PO-50002,2025-01-11,07:01:00,SKU-02363,211,211,0,A-01R-022-2-A,2025-01-11 07:48:00,RCV-005,NEW
RCPT-102878,PO-50002,2025-01-11,11:26:00,SKU-03338,12,10,-2,B-01L-006-3-A,2025-01-11 13:31:00,RCV-002,NEW
RCPT-102767,PO-50002,2025-01-11,11:21:00,SKU-02585,1970,1970,0,A-01R-012-4-A,2025-01-11 13:00:00,RCV-001,NEW
RCPT-102764,PO-50002,2025-01-11,09:05:00,SKU-01220,27,26,-1,B-04L-018-2-B,2025-01-11 10:45:00,RCV-005,NEW
RCPT-102907,PO-50002,2025-01-11,07:08:00,SKU-01532,165,167,2,B-03R-008-1-A,2025-01-11 08:04:00,RCV-003,NEW
RCPT-102851,PO-50002,2025-01-11,08:58:00,SKU-04546,13,11,-2,B-02R-018-5-B,2025-01-11 10:05:00,RCV-001,NEW
RCPT-102874,PO-50002,2025-01-11,09:25:00,SKU-04072,12,13,1,E-01L-009-1-B,2025-01-11 11:20:00,RCV-001,NEW
RCPT-102862,PO-50002,2025-01-11,12:28:00,SKU-00779,214,215,1,B-04L-003-4-B,2025-01-11 13:26:00,RCV-003,NEW
RCPT-102900,PO-50002,2025-01-11,07:05:00,SKU-00749,12,13,1,D-04R-017-4-A,2025-01-11 08:19:00,RCV-003,NEW
RCPT-102876,PO-50002,2025-01-11,11:30:00,SKU-02509,1320,1320,0,B-01L-020-5-A,2025-01-11 12:10:00,RCV-008,NEW
RCPT-102751,PO-50002,2025-01-11,09:34:00,SKU-03693,12,14,2,E-01L-026-4-A,2025-01-11 10:10:00,RCV-002,NEW
RCPT-102752,PO-50002,2025-01-11,06:45:00,SKU-04803,26,24,-2,B-02L-004-5-A,2025-01-11 09:40:00,RCV-007,NEW
RCPT-102864,PO-50002,2025-01-11,06:14:00,SKU-04719,51,49,-2,B-01L-006-4-B,2025-01-11 08:31:00,RCV-002,NEW
RCPT-102797,PO-50002,2025-01-11,07:21:00,SKU-04328,22297,22299,2,A-02L-021-1-B,2025-01-11 08:38:00,RCV-008,NEW
RCPT-102859,PO-50002,2025-01-11,07:03:00,SKU-01972,42,41,-1,A-04R-008-3-B,2025-01-11 08:10:00,RCV-001,NEW
RCPT-102813,PO-50002,2025-01-11,11:26:00,SKU-04116,293,294,1,B-02L-002-3-A,2025-01-11 12:42:00,RCV-008,NEW
RCPT-102898,PO-50002,2025-01-11,12:04:00,SKU-03149,101,102,1,A-01R-009-5-A,2025-01-11 13:07:00,RCV-007,NEW
RCPT-102858,PO-50002,2025-01-11,10:28:00,SKU-00244,17,19,2,C-04R-017-1-B,2025-01-11 12:44:00,RCV-003,NEW
RCPT-102790,PO-50002,2025-01-11,08:51:00,SKU-04824,66,64,-2,A-01R-007-4-B,2025-01-11 09:35:00,RCV-004,NEW
RCPT-102799,PO-50002,2025-01-11,11:59:00,SKU-04420,27,25,-2,A-01R-009-3-B,2025-01-11 12:57:00,RCV-005,NEW
RCPT-102910,PO-50002,2025-01-11,07:22:00,SKU-04875,115,114,-1,B-02R-023-5-B,2025-01-11 07:58:00,RCV-005,NEW
RCPT-102904,PO-50002,2025-01-11,07:55:00,SKU-02179,28,27,-1,C-01L-024-5-B,2025-01-11 09:31:00,RCV-008,NEW
RCPT-102806,PO-50002,2025-01-11,08:50:00,SKU-04391,12,11,-1,C-02R-022-4-A,2025-01-11 09:36:00,RCV-006,NEW
RCPT-102826,PO-50002,2025-01-11,09:46:00,SKU-03787,143,141,-2,C-02L-018-1-B,2025-01-11 10:42:00,RCV-005,NEW
RCPT-103062,PO-50003,2025-01-13,07:50:00,SKU-00910,192,190,-2,B-04R-014-3-A,2025-01-13 09:25:00,RCV-003,NEW
RCPT-102929,PO-50003,2025-01-13,10:12:00,SKU-01466,14,13,-1,B-03R-019-4-B,2025-01-13 10:56:00,RCV-007,NEW
RCPT-103053,PO-50003,2025-01-13,12:29:00,SKU-02202,474,473,-1,C-01R-025-1-B,2025-01-13 15:02:00,RCV-003,NEW
RCPT-103078,PO-50003,2025-01-13,08:03:00,SKU-02858,82,82,0,A-01R-006-4-B,2025-01-13 11:02:00,RCV-008,DAMAGED
RCPT-103002,PO-50003,2025-01-13,12:06:00,SKU-04530,12,13,1,D-02R-025-4-A,2025-01-13 12:41:00,RCV-005,NEW
RCPT-102915,PO-50003,2025-01-13,07:55:00,SKU-02428,75,77,2,B-01L-024-5-A,2025-01-13 09:31:00,RCV-002,NEW
RCPT-103018,PO-50003,2025-01-13,08:48:00,SKU-03705,81,80,-1,A-02L-025-2-A,2025-01-13 10:38:00,RCV-005,NEW
RCPT-102923,PO-50003,2025-01-13,12:58:00,SKU-03727,4794,4792,-2,B-02R-023-4-A,2025-01-13 13:57:00,RCV-007,NEW
RCPT-102992,PO-50003,2025-01-13,07:26:00,SKU-02211,45,47,2,C-01R-007-2-A,2025-01-13 08:10:00,RCV-001,NEW
RCPT-102937,PO-50003,2025-01-13,09:24:00,SKU-02512,337,336,-1,B-02L-023-2-B,2025-01-13 10:08:00,RCV-004,NEW
RCPT-102950,PO-50003,2025-01-13,12:51:00,SKU-04328,9912,9911,-1,A-02L-021-1-B,2025-01-13 14:16:00,RCV-006,NEW
RCPT-103070,PO-50003,2025-01-13,12:59:00,SKU-02043,115,113,-2,A-02L-003-4-B,2025-01-13 13:39:00,RCV-008,NEW
RCPT-103043,PO-50003,2025-01-13,10:27:00,SKU-04775,682,683,1,A-02R-001-5-B,2025-01-13 12:52:00,RCV-006,NEW
RCPT-102988,PO-50003,2025-01-13,10:02:00,SKU-01552,570,569,-1,A-04R-001-1-B,2025-01-13 10:45:00,RCV-002,NEW
RCPT-103058,PO-50003,2025-01-13,09:33:00,SKU-04684,20,18,-2,A-02R-022-1-B,2025-01-13 10:37:00,RCV-005,NEW
RCPT-103014,PO-50003,2025-01-13,07:30:00,SKU-03226,12,11,-1,D-02L-021-4-A,2025-01-13 08:19:00,RCV-005,NEW
RCPT-103035,PO-50003,2025-01-13,09:54:00,SKU-02213,27,29,2,B-02L-011-4-B,2025-01-13 11:19:00,RCV-002,NEW
RCPT-103045,PO-50003,2025-01-13,11:29:00,SKU-01564,12,13,1,E-03L-011-3-A,2025-01-13 14:15:00,RCV-007,NEW
RCPT-103031,PO-50003,2025-01-13,12:22:00,SKU-00446,285,287,2,B-04L-006-4-A,2025-01-13 14:29:00,RCV-004,NEW
RCPT-102981,PO-50003,2025-01-13,12:35:00,SKU-01331,711,710,-1,A-03R-003-4-B,2025-01-13 14:41:00,RCV-001,NEW
RCPT-103068,PO-50003,2025-01-13,08:08:00,SKU-04006,12,14,2,D-01L-009-2-B,2025-01-13 09:23:00,RCV-005,NEW
RCPT-103023,PO-50003,2025-01-13,09:28:00,SKU-02406,101,100,-1,B-01R-024-3-B,2025-01-13 11:36:00,RCV-007,NEW
RCPT-103073,PO-50003,2025-01-13,12:53:00,SKU-04116,213,214,1,B-02L-002-3-A,2025-01-13 15:33:00,RCV-004,NEW
RCPT-102927,PO-50003,2025-01-13,09:34:00,SKU-02389,13,11,-2,D-02L-010-3-A,2025-01-13 10:58:00,RCV-001,NEW
RCPT-103077,PO-50003,2025-01-13,08:11:00,SKU-01428,346,344,-2,A-03L-006-4-A,2025-01-13 10:25:00,RCV-001,NEW
RCPT-103001,PO-50003,2025-01-13,11:24:00,SKU-02125,2813,2813,0,A-01R-020-2-B,2025-01-13 13:38:00,RCV-005,NEW
RCPT-103047,PO-50003,2025-01-13,11:58:00,SKU-02083,13,11,-2,C-01L-008-1-B,2025-01-13 14:23:00,RCV-003,NEW
RCPT-103050,PO-50003,2025-01-13,12:39:00,SKU-03908,46,47,1,A-02R-004-5-B,2025-01-13 13:34:00,RCV-002,NEW
RCPT-103000,PO-50003,2025-01-13,07:00:00,SKU-00345,117,115,-2,C-03R-006-3-B,2025-01-13 09:08:00,RCV-004,NEW
RCPT-103015,PO-50003,2025-01-13,08:56:00,SKU-02085,859,861,2,D-02R-008-1-A,2025-01-13 11:21:00,RCV-002,NEW
RCPT-102930,PO-50003,2025-01-13,06:53:00,SKU-04865,1233,1231,-2,A-01R-011-4-B,2025-01-13 09:20:00,RCV-008,NEW
RCPT-103027,PO-50003,2025-01-13,08:46:00,SKU-04414,12,10,-2,C-01R-022-5-B,2025-01-13 10:14:00,RCV-007,NEW
RCPT-102947,PO-50003,2025-01-13,07:15:00,SKU-02074,26,24,-2,D-02L-017-3-B,2025-01-13 09:29:00,RCV-006,NEW
RCPT-103207,PO-50004,2025-01-14,07:57:00,SKU-02354,24,23,-1,C-01R-012-4-B,2025-01-14 09:41:00,RCV-002,NEW
RCPT-103214,PO-50004,2025-01-14,11:23:00,SKU-04670,458,460,2,C-02R-018-2-B,2025-01-14 13:14:00,RCV-003,NEW
RCPT-103100,PO-50004,2025-01-14,12:05:00,SKU-02609,2716,2718,2,C-01R-013-1-B,2025-01-14 14:16:00,RCV-002,NEW
RCPT-103110,PO-50004,2025-01-14,06:07:00,SKU-04041,6210,6210,0,A-02R-002-2-B,2025-01-14 08:53:00,RCV-002,NEW
RCPT-103102,PO-50004,2025-01-14,10:08:00,SKU-02272,672,671,-1,A-02R-002-5-A,2025-01-14 11:42:00,RCV-007,NEW
RCPT-103226,PO-50004,2025-01-14,11:40:00,SKU-03032,220,222,2,A-02L-020-4-B,2025-01-14 13:16:00,RCV-008,NEW
RCPT-103142,PO-50004,2025-01-14,06:44:00,SKU-02050,839,838,-1,C-02L-007-1-A,2025-01-14 08:30:00,RCV-007,NEW
RCPT-103125,PO-50004,2025-01-14,09:46:00,SKU-03763,12,13,1,B-02L-013-4-A,2025-01-14 11:32:00,RCV-007,NEW
RCPT-103197,PO-50004,2025-01-14,07:34:00,SKU-02913,655,653,-2,B-01L-015-2-B,2025-01-14 10:19:00,RCV-006,NEW
RCPT-103222,PO-50004,2025-01-14,06:54:00,SKU-00034,395,396,1,A-04L-017-3-A,2025-01-14 07:50:00,RCV-003,NEW
RCPT-103113,PO-50004,2025-01-14,11:19:00,SKU-04925,22,22,0,C-01L-015-4-A,2025-01-14 12:52:00,RCV-008,NEW
RCPT-103115,PO-50004,2025-01-14,12:54:00,SKU-04733,627,627,0,A-01R-018-1-A,2025-01-14 14:45:00,RCV-001,NEW
RCPT-103096,PO-50004,2025-01-14,06:01:00,SKU-00139,12,11,-1,B-04L-007-4-A,2025-01-14 08:03:00,RCV-005,NEW
RCPT-103111,PO-50004,2025-01-14,07:37:00,SKU-02716,32,33,1,C-01R-008-3-A,2025-01-14 10:14:00,RCV-003,NEW
RCPT-103208,PO-50004,2025-01-14,07:49:00,SKU-04064,12,12,0,D-01L-025-5-A,2025-01-14 09:39:00,RCV-001,NEW
RCPT-103209,PO-50004,2025-01-14,10:50:00,SKU-02185,708,708,0,C-01R-009-4-B,2025-01-14 13:40:00,RCV-003,NEW
RCPT-103147,PO-50004,2025-01-14,07:04:00,SKU-02346,17,15,-2,C-01L-011-3-A,2025-01-14 07:45:00,RCV-004,NEW
RCPT-103184,PO-50004,2025-01-14,09:15:00,SKU-01640,12,11,-1,D-03R-013-4-A,2025-01-14 11:23:00,RCV-004,NEW
RCPT-103181,PO-50004,2025-01-14,11:19:00,SKU-03659,12,11,-1,C-01R-005-4-A,2025-01-14 12:53:00,RCV-005,NEW
RCPT-103189,PO-50004,2025-01-14,09:19:00,SKU-04664,163,161,-2,A-02R-002-3-A,2025-01-14 10:49:00,RCV-004,NEW
RCPT-103106,PO-50004,2025-01-14,09:19:00,SKU-02580,88,88,0,C-02L-009-2-A,2025-01-14 12:12:00,RCV-003,NEW
RCPT-103122,PO-50004,2025-01-14,06:58:00,SKU-03446,58,58,0,D-02R-002-5-A,2025-01-14 07:45:00,RCV-001,NEW
RCPT-103169,PO-50004,2025-01-14,07:47:00,SKU-02828,557,558,1,A-02L-007-2-A,2025-01-14 09:43:00,RCV-002,NEW
RCPT-103200,PO-50004,2025-01-14,06:02:00,SKU-00354,134,132,-2,A-03R-003-1-B,2025-01-14 06:38:00,RCV-005,NEW
RCPT-103233,PO-50004,2025-01-14,08:49:00,SKU-02402,24,25,1,B-02L-015-4-B,2025-01-14 11:06:00,RCV-004,NEW
RCPT-103223,PO-50004,2025-01-14,06:31:00,SKU-04082,33,33,0,A-02R-002-2-A,2025-01-14 07:21:00,RCV-001,NEW
RCPT-103172,PO-50004,2025-01-14,06:37:00,SKU-03823,1057,1059,2,C-02R-020-1-B,2025-01-14 09:34:00,RCV-002,NEW
RCPT-103128,PO-50004,2025-01-14,09:24:00,SKU-04558,98,96,-2,A-01L-008-1-A,2025-01-14 10:28:00,RCV-007,NEW
RCPT-103108,PO-50004,2025-01-14,10:34:00,SKU-03772,25,27,2,C-02R-016-2-B,2025-01-14 11:58:00,RCV-001,NEW
RCPT-103193,PO-50004,2025-01-14,11:33:00,SKU-02832,12,14,2,C-01R-019-3-B,2025-01-14 13:36:00,RCV-007,NEW
RCPT-103165,PO-50004,2025-01-14,11:10:00,SKU-00910,211,209,-2,B-04R-014-3-A,2025-01-14 12:34:00,RCV-004,NEW
RCPT-103210,PO-50004,2025-01-14,09:25:00,SKU-04608,1737,1736,-1,A-02L-025-1-B,2025-01-14 11:12:00,RCV-005,NEW
RCPT-103211,PO-50004,2025-01-14,07:51:00,SKU-01052,12,13,1,D-04R-020-3-A,2025-01-14 09:44:00,RCV-001,NEW
RCPT-103246,PO-50004,2025-01-14,10:28:00,SKU-04585,14,16,2,B-01L-026-1-B,2025-01-14 12:02:00,RCV-003,NEW
RCPT-103230,PO-50004,2025-01-14,07:36:00,SKU-02560,12,14,2,E-02R-018-4-A,2025-01-14 10:20:00,RCV-008,NEW
RCPT-103213,PO-50004,2025-01-14,07:33:00,SKU-01207,269,268,-1,B-04R-018-4-B,2025-01-14 09:09:00,RCV-002,NEW
RCPT-103296,PO-50005,2025-01-15,09:07:00,SKU-00279,12,10,-2,E-04R-003-3-B,2025-01-15 11:12:00,RCV-005,NEW
RCPT-103288,PO-50005,2025-01-15,11:35:00,SKU-02357,241,243,2,C-02L-006-2-A,2025-01-15 13:39:00,RCV-006,NEW
RCPT-103265,PO-50005,2025-01-15,12:23:00,SKU-04328,18114,18115,1,A-02L-021-1-B,2025-01-15 13:40:00,RCV-005,NEW
RCPT-103328,PO-50005,2025-01-15,11:39:00,SKU-04196,107,105,-2,A-01R-014-5-B,2025-01-15 13:40:00,RCV-006,NEW
RCPT-103315,PO-50005,2025-01-15,09:26:00,SKU-03705,73,71,-2,A-02L-025-2-A,2025-01-15 12:04:00,RCV-004,NEW
RCPT-103350,PO-50005,2025-01-15,11:23:00,SKU-00436,26,28,2,C-03R-008-1-A,2025-01-15 12:17:00,RCV-008,NEW
RCPT-103375,PO-50005,2025-01-15,11:12:00,SKU-03369,329,328,-1,D-02L-005-5-B,2025-01-15 11:50:00,RCV-003,NEW
RCPT-103341,PO-50005,2025-01-15,12:06:00,SKU-03056,15,15,0,C-02L-007-4-B,2025-01-15 12:50:00,RCV-003,NEW
RCPT-103254,PO-50005,2025-01-15,06:42:00,SKU-04041,8879,8878,-1,A-02R-002-2-B,2025-01-15 08:44:00,RCV-006,NEW
RCPT-103295,PO-50005,2025-01-15,09:09:00,SKU-04282,12,14,2,E-01R-020-1-A,2025-01-15 10:51:00,RCV-005,NEW
RCPT-103366,PO-50005,2025-01-15,11:05:00,SKU-02961,135,136,1,B-02R-006-3-A,2025-01-15 13:48:00,RCV-004,NEW
RCPT-103353,PO-50005,2025-01-15,12:04:00,SKU-00559,96,97,1,A-04R-005-4-A,2025-01-15 13:11:00,RCV-003,NEW
RCPT-103277,PO-50005,2025-01-15,06:27:00,SKU-01473,20,19,-1,D-03L-014-3-B,2025-01-15 07:23:00,RCV-002,NEW
RCPT-103316,PO-50005,2025-01-15,08:34:00,SKU-03496,576,574,-2,B-01R-016-5-B,2025-01-15 10:46:00,RCV-005,NEW
RCPT-103268,PO-50005,2025-01-15,06:00:00,SKU-03761,12,12,0,D-01R-019-1-A,2025-01-15 07:54:00,RCV-001,NEW
RCPT-103282,PO-50005,2025-01-15,12:55:00,SKU-03425,22,20,-2,B-01L-008-4-B,2025-01-15 14:28:00,RCV-002,NEW
RCPT-103351,PO-50005,2025-01-15,09:43:00,SKU-01692,16,18,2,D-03R-001-3-A,2025-01-15 10:19:00,RCV-008,NEW
RCPT-103369,PO-50005,2025-01-15,06:15:00,SKU-00459,30,30,0,B-03R-017-3-B,2025-01-15 09:13:00,RCV-004,NEW
RCPT-103256,PO-50005,2025-01-15,08:29:00,SKU-01040,107,107,0,B-04R-019-4-A,2025-01-15 09:34:00,RCV-005,NEW
RCPT-103386,PO-50005,2025-01-15,08:04:00,SKU-02941,14,13,-1,C-01R-006-1-A,2025-01-15 09:54:00,RCV-003,NEW
RCPT-103274,PO-50005,2025-01-15,06:15:00,SKU-01032,52,54,2,A-03L-009-3-B,2025-01-15 08:58:00,RCV-008,NEW
RCPT-103318,PO-50005,2025-01-15,07:11:00,SKU-02761,12,13,1,E-01L-025-1-B,2025-01-15 09:30:00,RCV-003,NEW
RCPT-103383,PO-50005,2025-01-15,12:49:00,SKU-00838,753,753,0,A-03L-009-1-B,2025-01-15 13:40:00,RCV-003,NEW
RCPT-103362,PO-50005,2025-01-15,07:48:00,SKU-02836,172,171,-1,A-02R-009-1-B,2025-01-15 10:32:00,RCV-008,NEW
RCPT-103381,PO-50005,2025-01-15,09:40:00,SKU-01170,406,405,-1,A-03L-002-3-B,2025-01-15 12:09:00,RCV-005,NEW
RCPT-103352,PO-50005,2025-01-15,06:22:00,SKU-00210,50,50,0,C-04L-013-2-B,2025-01-15 08:20:00,RCV-002,NEW
RCPT-103334,PO-50005,2025-01-15,08:02:00,SKU-00215,67,67,0,B-04L-015-1-B,2025-01-15 09:06:00,RCV-008,NEW
RCPT-103302,PO-50005,2025-01-15,10:17:00,SKU-03012,17,18,1,B-02R-010-4-A,2025-01-15 10:56:00,RCV-008,NEW
RCPT-103286,PO-50005,2025-01-15,07:34:00,SKU-00082,12,10,-2,D-03L-010-2-B,2025-01-15 09:09:00,RCV-001,NEW
RCPT-103382,PO-50005,2025-01-15,08:12:00,SKU-04258,12,13,1,D-01L-018-1-A,2025-01-15 09:36:00,RCV-006,NEW
RCPT-103261,PO-50005,2025-01-15,09:36:00,SKU-02509,733,734,1,B-01L-020-5-A,2025-01-15 10:09:00,RCV-008,NEW
RCPT-103310,PO-50005,2025-01-15,06:55:00,SKU-03829,12,10,-2,A-02L-009-5-B,2025-01-15 08:50:00,RCV-006,NEW
RCPT-103308,PO-50005,2025-01-15,10:51:00,SKU-02908,3762,3761,-1,B-02L-005-3-A,2025-01-15 13:15:00,RCV-002,NEW
RCPT-103479,PO-50005,2025-01-16,06:34:00,SKU-03395,12,11,-1,B-01L-014-4-B,2025-01-16 07:29:00,RCV-002,NEW
RCPT-103441,PO-50005,2025-01-16,10:16:00,SKU-01303,12,14,2,C-04R-001-3-A,2025-01-16 13:14:00,RCV-007,NEW
RCPT-103505,PO-50005,2025-01-16,09:47:00,SKU-01918,68,69,1,B-04R-013-2-A,2025-01-16 10:33:00,RCV-008,NEW
RCPT-103518,PO-50005,2025-01-16,09:42:00,SKU-03159,30,32,2,A-02R-002-1-A,2025-01-16 11:21:00,RCV-001,NEW
RCPT-103519,PO-50005,2025-01-16,06:00:00,SKU-00779,147,145,-2,B-04L-003-4-B,2025-01-16 08:32:00,RCV-008,NEW
RCPT-103393,PO-50005,2025-01-16,08:16:00,SKU-00203,49,47,-2,B-03L-001-4-B,2025-01-16 10:33:00,RCV-002,NEW
RCPT-103448,PO-50005,2025-01-16,06:51:00,SKU-02154,94,92,-2,B-02R-026-5-A,2025-01-16 08:25:00,RCV-002,NEW
RCPT-103433,PO-50005,2025-01-16,08:07:00,SKU-02191,52,54,2,A-01L-014-2-B,2025-01-16 10:03:00,RCV-001,NEW
RCPT-103494,PO-50005,2025-01-16,06:17:00,SKU-02060,74,72,-2,A-01R-005-3-B,2025-01-16 07:59:00,RCV-003,NEW
RCPT-103461,PO-50005,2025-01-16,09:21:00,SKU-01721,701,702,1,A-04L-015-4-B,2025-01-16 11:32:00,RCV-002,NEW
RCPT-103498,PO-50005,2025-01-16,12:38:00,SKU-01902,44,46,2,A-03R-005-1-B,2025-01-16 14:27:00,RCV-008,NEW
RCPT-103492,PO-50005,2025-01-16,12:59:00,SKU-04733,675,673,-2,A-01R-018-1-A,2025-01-16 14:14:00,RCV-001,NEW
RCPT-103437,PO-50005,2025-01-16,07:47:00,SKU-04608,2124,2122,-2,A-02L-025-1-B,2025-01-16 08:51:00,RCV-004,NEW
RCPT-103388,PO-50005,2025-01-16,11:57:00,SKU-02085,1100,1101,1,D-02R-008-1-A,2025-01-16 14:07:00,RCV-007,NEW
RCPT-103394,PO-50005,2025-01-16,08:12:00,SKU-02366,5362,5363,1,A-01R-020-4-A,2025-01-16 10:59:00,RCV-008,NEW
RCPT-103472,PO-50005,2025-01-16,06:54:00,SKU-00405,39,38,-1,C-04R-011-1-A,2025-01-16 09:12:00,RCV-005,NEW
RCPT-103422,PO-50005,2025-01-16,11:39:00,SKU-03914,12,12,0,D-02R-004-2-A,2025-01-16 14:13:00,RCV-003,NEW
RCPT-103488,PO-50005,2025-01-16,07:21:00,SKU-02930,19,20,1,D-01R-009-3-A,2025-01-16 09:21:00,RCV-001,NEW
RCPT-103486,PO-50005,2025-01-16,12:50:00,SKU-00238,27,26,-1,C-03L-008-2-A,2025-01-16 13:40:00,RCV-003,NEW
RCPT-103496,PO-50005,2025-01-16,12:26:00,SKU-00354,135,137,2,A-03R-003-1-B,2025-01-16 14:48:00,RCV-001,NEW
RCPT-103426,PO-50005,2025-01-16,06:32:00,SKU-02663,19,18,-1,E-01R-023-2-B,2025-01-16 09:05:00,RCV-005,NEW
RCPT-103470,PO-50005,2025-01-16,09:38:00,SKU-02482,12,10,-2,D-01L-011-1-A,2025-01-16 11:24:00,RCV-006,NEW
RCPT-103458,PO-50005,2025-01-16,06:16:00,SKU-00440,32,33,1,A-03R-016-3-B,2025-01-16 08:31:00,RCV-008,NEW
RCPT-103473,PO-50005,2025-01-16,06:00:00,SKU-04664,123,125,2,A-02R-002-3-A,2025-01-16 06:36:00,RCV-002,NEW
RCPT-103507,PO-50005,2025-01-16,12:09:00,SKU-02158,48,48,0,B-02R-003-5-A,2025-01-16 13:36:00,RCV-003,NEW
RCPT-103429,PO-50005,2025-01-16,08:37:00,SKU-02509,1023,1025,2,B-01L-020-5-A,2025-01-16 10:24:00,RCV-004,NEW
RCPT-103421,PO-50005,2025-01-16,10:59:00,SKU-00162,32,33,1,C-03R-006-1-B,2025-01-16 11:46:00,RCV-002,NEW
RCPT-103525,PO-50005,2025-01-16,11:02:00,SKU-02034,882,883,1,A-02L-014-4-B,2025-01-16 11:49:00,RCV-001,NEW
RCPT-103501,PO-50005,2025-01-16,07:59:00,SKU-04932,148,146,-2,A-02R-018-5-A,2025-01-16 09:52:00,RCV-002,NEW
RCPT-103396,PO-50005,2025-01-16,12:10:00,SKU-04814,535,533,-2,B-02R-017-4-A,2025-01-16 13:59:00,RCV-002,NEW
RCPT-103489,PO-50005,2025-01-16,06:45:00,SKU-04155,12,11,-1,B-02L-007-1-A,2025-01-16 08:57:00,RCV-008,NEW
RCPT-103529,PO-50005,2025-01-16,12:15:00,SKU-03234,12,12,0,C-02L-001-2-A,2025-01-16 14:32:00,RCV-001,NEW
RCPT-103482,PO-50005,2025-01-16,07:42:00,SKU-03544,32,33,1,E-02R-013-3-B,2025-01-16 10:28:00,RCV-008,NEW
RCPT-103509,PO-50005,2025-01-16,09:22:00,SKU-00218,12,11,-1,E-03R-016-4-A,2025-01-16 09:52:00,RCV-007,NEW
RCPT-103468,PO-50005,2025-01-16,07:19:00,SKU-00549,12,14,2,C-03R-013-2-A,2025-01-16 10:12:00,RCV-007,NEW
RCPT-103402,PO-50005,2025-01-16,10:08:00,SKU-04528,1436,1436,0,B-02R-014-3-B,2025-01-16 12:58:00,RCV-004,NEW
RCPT-103398,PO-50005,2025-01-16,08:13:00,SKU-01746,12,10,-2,B-03L-008-2-B,2025-01-16 10:36:00,RCV-008,NEW
RCPT-103387,PO-50005,2025-01-16,12:29:00,SKU-04041,10481,10480,-1,A-02R-002-2-B,2025-01-16 14:42:00,RCV-001,NEW
RCPT-103502,PO-50005,2025-01-16,10:56:00,SKU-00353,107,108,1,A-04L-018-4-A,2025-01-16 11:28:00,RCV-007,NEW
RCPT-103455,PO-50005,2025-01-16,11:52:00,SKU-04876,35,36,1,C-02R-003-4-A,2025-01-16 14:05:00,RCV-001,NEW
RCPT-103418,PO-50005,2025-01-16,08:35:00,SKU-02363,182,183,1,A-01R-022-2-A,2025-01-16 09:45:00,RCV-002,NEW
RCPT-103522,PO-50005,2025-01-16,09:31:00,SKU-04873,106,104,-2,B-02L-018-5-B,2025-01-16 12:09:00,RCV-001,NEW
RCPT-103511,PO-50005,2025-01-16,08:35:00,SKU-04992,64,62,-2,A-01R-020-3-A,2025-01-16 10:01:00,RCV-008,NEW
RCPT-103503,PO-50005,2025-01-16,10:28:00,SKU-01490,2313,2313,0,B-04R-009-1-A,2025-01-16 12:49:00,RCV-001,NEW
RCPT-103463,PO-50005,2025-01-16,06:18:00,SKU-02420,327,328,1,B-01L-005-4-B,2025-01-16 08:52:00,RCV-002,NEW
RCPT-103638,PO-50006,2025-01-17,11:08:00,SKU-04768,312,314,2,A-01R-021-2-A,2025-01-17 13:10:00,RCV-003,NEW
RCPT-103566,PO-50006,2025-01-17,09:07:00,SKU-01178,57,59,2,B-04L-001-3-A,2025-01-17 10:30:00,RCV-003,NEW
RCPT-103620,PO-50006,2025-01-17,08:43:00,SKU-03343,12,10,-2,D-01L-022-5-B,2025-01-17 11:31:00,RCV-007,NEW
RCPT-103578,PO-50006,2025-01-17,10:19:00,SKU-00327,12,11,-1,D-04R-001-3-A,2025-01-17 13:03:00,RCV-005,NEW
RCPT-103634,PO-50006,2025-01-17,10:59:00,SKU-02132,31,31,0,D-01R-026-4-A,2025-01-17 11:49:00,RCV-008,NEW
RCPT-103588,PO-50006,2025-01-17,06:24:00,SKU-03205,103,103,0,C-02L-026-1-B,2025-01-17 07:50:00,RCV-001,NEW
RCPT-103643,PO-50006,2025-01-17,10:23:00,SKU-03774,136,137,1,B-02L-023-2-A,2025-01-17 12:44:00,RCV-006,DAMAGED
RCPT-103662,PO-50006,2025-01-17,09:19:00,SKU-00137,101,101,0,B-03R-003-1-B,2025-01-17 11:31:00,RCV-008,NEW
RCPT-103617,PO-50006,2025-01-17,08:17:00,SKU-02609,2112,2114,2,C-01R-013-1-B,2025-01-17 10:26:00,RCV-002,NEW
RCPT-103635,PO-50006,2025-01-17,06:38:00,SKU-02124,55,56,1,B-01R-023-4-A,2025-01-17 09:20:00,RCV-008,NEW
RCPT-103537,PO-50006,2025-01-17,07:39:00,SKU-02585,2456,2458,2,A-01R-012-4-A,2025-01-17 09:11:00,RCV-007,NEW
RCPT-103594,PO-50006,2025-01-17,11:23:00,SKU-04775,318,318,0,A-02R-001-5-B,2025-01-17 12:50:00,RCV-006,NEW
RCPT-103668,PO-50006,2025-01-17,12:43:00,SKU-00315,126,128,2,A-03R-020-4-A,2025-01-17 13:29:00,RCV-002,NEW
RCPT-103686,PO-50006,2025-01-17,09:10:00,SKU-03803,75,75,0,A-01R-016-4-A,2025-01-17 09:58:00,RCV-005,NEW
RCPT-103548,PO-50006,2025-01-17,10:39:00,SKU-03041,37,38,1,A-01R-001-1-A,2025-01-17 12:56:00,RCV-007,NEW
RCPT-103585,PO-50006,2025-01-17,06:19:00,SKU-04563,369,368,-1,A-02L-022-4-B,2025-01-17 07:36:00,RCV-002,NEW
RCPT-103532,PO-50006,2025-01-17,06:16:00,SKU-03572,12,12,0,D-02L-003-3-A,2025-01-17 08:18:00,RCV-005,NEW
RCPT-103601,PO-50006,2025-01-17,11:44:00,SKU-03522,58,58,0,A-02R-015-2-A,2025-01-17 14:06:00,RCV-007,NEW
RCPT-103615,PO-50006,2025-01-17,11:35:00,SKU-02681,948,949,1,A-01R-018-4-B,2025-01-17 13:38:00,RCV-006,NEW
RCPT-103559,PO-50006,2025-01-17,12:49:00,SKU-02913,691,689,-2,B-01L-015-2-B,2025-01-17 13:44:00,RCV-003,NEW
RCPT-103658,PO-50006,2025-01-17,06:03:00,SKU-04527,12,12,0,D-02L-026-5-B,2025-01-17 07:10:00,RCV-006,NEW
RCPT-103547,PO-50006,2025-01-17,06:56:00,SKU-00176,12,14,2,E-03L-018-3-A,2025-01-17 07:52:00,RCV-005,NEW
RCPT-103533,PO-50006,2025-01-17,09:53:00,SKU-04998,33,34,1,D-01L-024-2-A,2025-01-17 10:56:00,RCV-005,NEW
RCPT-103571,PO-50006,2025-01-17,11:02:00,SKU-01387,17,17,0,A-04L-002-1-A,2025-01-17 13:35:00,RCV-001,NEW
RCPT-103592,PO-50006,2025-01-17,07:57:00,SKU-04185,96,95,-1,A-01L-023-1-B,2025-01-17 09:15:00,RCV-002,NEW
RCPT-103673,PO-50006,2025-01-17,10:53:00,SKU-02537,54,53,-1,A-02L-004-3-A,2025-01-17 11:36:00,RCV-008,NEW
RCPT-103589,PO-50006,2025-01-17,11:31:00,SKU-04457,3347,3347,0,A-01L-020-2-B,2025-01-17 14:25:00,RCV-005,NEW
RCPT-103609,PO-50006,2025-01-17,10:45:00,SKU-01649,12,13,1,E-04L-011-1-A,2025-01-17 11:31:00,RCV-006,NEW
RCPT-103616,PO-50006,2025-01-17,06:35:00,SKU-03830,110,109,-1,A-02R-011-1-A,2025-01-17 08:57:00,RCV-001,NEW
RCPT-103623,PO-50006,2025-01-17,06:56:00,SKU-01915,46,48,2,A-04R-017-2-B,2025-01-17 07:56:00,RCV-008,NEW
RCPT-103639,PO-50006,2025-01-17,07:49:00,SKU-04245,151,153,2,B-01R-001-1-A,2025-01-17 08:35:00,RCV-004,NEW
RCPT-103780,PO-50006,2025-01-18,07:59:00,SKU-01847,12,13,1,D-03R-014-2-A,2025-01-18 10:34:00,RCV-004,NEW
RCPT-103817,PO-50006,2025-01-18,12:19:00,SKU-03985,33,32,-1,A-02R-024-3-B,2025-01-18 13:48:00,RCV-001,NEW
RCPT-103789,PO-50006,2025-01-18,12:02:00,SKU-01399,17,17,0,B-03R-005-2-A,2025-01-18 12:49:00,RCV-003,NEW
RCPT-103734,PO-50006,2025-01-18,07:25:00,SKU-04538,1034,1032,-2,A-01R-001-1-B,2025-01-18 08:22:00,RCV-001,NEW
RCPT-103737,PO-50006,2025-01-18,07:08:00,SKU-03307,68,69,1,C-02R-019-5-B,2025-01-18 09:58:00,RCV-005,NEW
RCPT-103739,PO-50006,2025-01-18,06:21:00,SKU-00345,153,153,0,C-03R-006-3-B,2025-01-18 08:03:00,RCV-004,NEW
RCPT-103794,PO-50006,2025-01-18,11:51:00,SKU-02932,47,48,1,A-01R-025-4-B,2025-01-18 14:50:00,RCV-008,NEW
RCPT-103820,PO-50006,2025-01-18,10:26:00,SKU-02828,497,495,-2,A-02L-007-2-A,2025-01-18 13:06:00,RCV-003,NEW
RCPT-103847,PO-50006,2025-01-18,12:38:00,SKU-04861,12,12,0,D-02L-005-1-B,2025-01-18 13:38:00,RCV-001,NEW
RCPT-103735,PO-50006,2025-01-18,12:09:00,SKU-00295,26,26,0,C-03L-014-1-A,2025-01-18 13:05:00,RCV-007,NEW
RCPT-103843,PO-50006,2025-01-18,06:29:00,SKU-03836,14,15,1,D-02R-025-3-B,2025-01-18 07:50:00,RCV-008,NEW
RCPT-103703,PO-50006,2025-01-18,08:38:00,SKU-02759,12,12,0,C-01L-009-5-B,2025-01-18 11:27:00,RCV-007,NEW
RCPT-103806,PO-50006,2025-01-18,10:50:00,SKU-01552,672,673,1,A-04R-001-1-B,2025-01-18 13:22:00,RCV-006,NEW
RCPT-103710,PO-50006,2025-01-18,06:53:00,SKU-03727,5177,5179,2,B-02R-023-4-A,2025-01-18 08:50:00,RCV-008,NEW
RCPT-103725,PO-50006,2025-01-18,06:40:00,SKU-02859,1134,1134,0,A-01L-018-3-A,2025-01-18 08:58:00,RCV-007,NEW
RCPT-103778,PO-50006,2025-01-18,10:39:00,SKU-00854,12,11,-1,D-04R-006-4-A,2025-01-18 13:11:00,RCV-003,NEW
RCPT-103733,PO-50006,2025-01-18,10:54:00,SKU-02474,54,55,1,A-02R-022-2-A,2025-01-18 13:26:00,RCV-008,NEW
RCPT-103799,PO-50006,2025-01-18,07:29:00,SKU-02695,14,15,1,C-02L-015-1-A,2025-01-18 07:59:00,RCV-008,NEW
RCPT-103813,PO-50006,2025-01-18,06:54:00,SKU-04563,318,319,1,A-02L-022-4-B,2025-01-18 08:02:00,RCV-006,NEW
RCPT-103706,PO-50006,2025-01-18,06:41:00,SKU-00838,671,673,2,A-03L-009-1-B,2025-01-18 09:13:00,RCV-008,NEW
RCPT-103801,PO-50006,2025-01-18,09:42:00,SKU-03827,18,17,-1,A-01L-002-3-A,2025-01-18 10:58:00,RCV-007,NEW
RCPT-103840,PO-50006,2025-01-18,12:01:00,SKU-01652,205,207,2,B-04R-013-1-B,2025-01-18 13:52:00,RCV-002,NEW
RCPT-103798,PO-50006,2025-01-18,07:43:00,SKU-00397,29,28,-1,C-04L-006-4-A,2025-01-18 10:01:00,RCV-002,NEW
RCPT-103752,PO-50006,2025-01-18,10:54:00,SKU-01204,1891,1891,0,A-03R-016-1-B,2025-01-18 11:52:00,RCV-007,NEW
RCPT-103714,PO-50006,2025-01-18,10:17:00,SKU-00394,18,19,1,B-03R-010-2-A,2025-01-18 11:37:00,RCV-003,NEW
RCPT-103834,PO-50006,2025-01-18,12:34:00,SKU-01459,23,22,-1,B-04L-007-1-B,2025-01-18 13:40:00,RCV-001,NEW
RCPT-103792,PO-50006,2025-01-18,10:13:00,SKU-03755,12,10,-2,D-01R-020-4-A,2025-01-18 11:03:00,RCV-002,NEW
RCPT-103769,PO-50006,2025-01-18,07:15:00,SKU-00466,113,115,2,C-04R-016-1-B,2025-01-18 09:21:00,RCV-006,NEW
RCPT-103784,PO-50006,2025-01-18,10:03:00,SKU-03176,12,12,0,C-01R-007-4-A,2025-01-18 11:57:00,RCV-004,NEW
RCPT-103694,PO-50006,2025-01-18,10:37:00,SKU-03386,86,86,0,A-01R-019-5-A,2025-01-18 13:00:00,RCV-006,NEW
RCPT-103732,PO-50006,2025-01-18,07:43:00,SKU-02778,12,13,1,E-01L-015-3-A,2025-01-18 09:33:00,RCV-007,NEW
RCPT-103690,PO-50006,2025-01-18,10:02:00,SKU-00430,31,29,-2,B-04R-002-3-B,2025-01-18 11:37:00,RCV-008,NEW
RCPT-103711,PO-50006,2025-01-18,06:54:00,SKU-04347,271,272,1,B-02R-012-5-B,2025-01-18 07:41:00,RCV-007,NEW
RCPT-103702,PO-50006,2025-01-18,07:50:00,SKU-00872,2329,2331,2,A-04L-005-1-A,2025-01-18 10:09:00,RCV-005,NEW
RCPT-103860,PO-50006,2025-01-18,06:03:00,SKU-02370,12,10,-2,C-02L-011-1-B,2025-01-18 06:40:00,RCV-008,NEW
RCPT-103776,PO-50006,2025-01-18,09:09:00,SKU-04586,12,12,0,C-02L-005-2-B,2025-01-18 10:47:00,RCV-005,NEW
RCPT-103745,PO-50006,2025-01-18,10:42:00,SKU-03596,12,12,0,E-01R-020-1-B,2025-01-18 11:38:00,RCV-005,NEW
RCPT-103844,PO-50006,2025-01-18,06:11:00,SKU-03460,32,31,-1,A-02L-007-1-B,2025-01-18 07:45:00,RCV-001,NEW
RCPT-103848,PO-50006,2025-01-18,08:29:00,SKU-00019,150,152,2,A-03R-001-1-A,2025-01-18 11:22:00,RCV-005,NEW
RCPT-103704,PO-50006,2025-01-18,08:24:00,SKU-00365,12,14,2,B-04R-018-2-B,2025-01-18 09:42:00,RCV-007,NEW
RCPT-103707,PO-50006,2025-01-18,06:20:00,SKU-00281,12,12,0,D-03L-011-1-A,2025-01-18 08:28:00,RCV-003,NEW
RCPT-103821,PO-50006,2025-01-18,10:35:00,SKU-04437,12,10,-2,A-01L-020-4-B,2025-01-18 13:05:00,RCV-001,NEW
RCPT-103699,PO-50006,2025-01-18,06:25:00,SKU-00779,161,160,-1,B-04L-003-4-B,2025-01-18 09:24:00,RCV-003,NEW
RCPT-103689,PO-50006,2025-01-18,08:34:00,SKU-04328,14239,14239,0,A-02L-021-1-B,2025-01-18 10:18:00,RCV-003,NEW
RCPT-103876,PO-50007,2025-01-20,10:11:00,SKU-02656,25,25,0,B-01L-007-5-B,2025-01-20 13:09:00,RCV-002,NEW
RCPT-103971,PO-50007,2025-01-20,12:20:00,SKU-04810,30,28,-2,D-02R-009-4-B,2025-01-20 14:38:00,RCV-007,NEW
RCPT-103901,PO-50007,2025-01-20,10:03:00,SKU-02564,208,207,-1,C-01L-011-5-B,2025-01-20 11:08:00,RCV-008,NEW
RCPT-103958,PO-50007,2025-01-20,10:24:00,SKU-04959,161,162,1,B-01L-008-1-B,2025-01-20 11:12:00,RCV-005,NEW
RCPT-103979,PO-50007,2025-01-20,06:12:00,SKU-03018,588,590,2,C-02L-015-3-B,2025-01-20 06:57:00,RCV-002,NEW
RCPT-103964,PO-50007,2025-01-20,11:35:00,SKU-02954,29,28,-1,A-02L-005-5-B,2025-01-20 13:35:00,RCV-004,NEW
RCPT-103941,PO-50007,2025-01-20,11:57:00,SKU-03465,151,152,1,B-01R-013-4-A,2025-01-20 12:30:00,RCV-004,NEW
RCPT-103953,PO-50007,2025-01-20,11:17:00,SKU-02565,50,52,2,D-02L-009-5-A,2025-01-20 12:24:00,RCV-006,NEW
RCPT-103931,PO-50007,2025-01-20,11:28:00,SKU-02597,216,215,-1,A-01L-006-4-B,2025-01-20 13:49:00,RCV-004,NEW
RCPT-103877,PO-50007,2025-01-20,06:22:00,SKU-02043,139,140,1,A-02L-003-4-B,2025-01-20 07:07:00,RCV-004,NEW
RCPT-103929,PO-50007,2025-01-20,07:11:00,SKU-00203,30,30,0,B-03L-001-4-B,2025-01-20 10:03:00,RCV-006,NEW
RCPT-103974,PO-50007,2025-01-20,10:41:00,SKU-04670,644,642,-2,C-02R-018-2-B,2025-01-20 11:50:00,RCV-003,NEW
RCPT-103946,PO-50007,2025-01-20,12:30:00,SKU-02191,39,40,1,A-01L-014-2-B,2025-01-20 13:15:00,RCV-004,NEW
RCPT-103942,PO-50007,2025-01-20,07:30:00,SKU-02509,1726,1724,-2,B-01L-020-5-A,2025-01-20 09:58:00,RCV-004,NEW
RCPT-103921,PO-50007,2025-01-20,07:12:00,SKU-01073,280,281,1,B-04R-005-1-A,2025-01-20 08:11:00,RCV-001,NEW
RCPT-103899,PO-50007,2025-01-20,09:44:00,SKU-02961,112,113,1,B-02R-006-3-A,2025-01-20 10:24:00,RCV-006,NEW
RCPT-103874,PO-50007,2025-01-20,07:04:00,SKU-04814,462,464,2,B-02R-017-4-A,2025-01-20 09:29:00,RCV-006,NEW
RCPT-103947,PO-50007,2025-01-20,12:38:00,SKU-02913,668,669,1,B-01L-015-2-B,2025-01-20 14:38:00,RCV-006,NEW
RCPT-103919,PO-50007,2025-01-20,09:39:00,SKU-00376,476,475,-1,B-04L-004-2-B,2025-01-20 11:59:00,RCV-001,NEW
RCPT-103993,PO-50007,2025-01-20,11:54:00,SKU-02659,104,104,0,B-02R-007-3-A,2025-01-20 13:53:00,RCV-003,NEW
RCPT-103995,PO-50007,2025-01-20,07:02:00,SKU-02893,371,369,-2,B-01L-026-2-B,2025-01-20 09:08:00,RCV-008,NEW
RCPT-103884,PO-50007,2025-01-20,07:51:00,SKU-04717,102,103,1,B-02R-006-3-B,2025-01-20 10:24:00,RCV-002,NEW
RCPT-103922,PO-50007,2025-01-20,11:58:00,SKU-01532,110,110,0,B-03R-008-1-A,2025-01-20 14:46:00,RCV-001,NEW
RCPT-104140,PO-50007,2025-01-21,12:34:00,SKU-02756,12,10,-2,C-02L-022-4-A,2025-01-21 13:46:00,RCV-003,NEW
RCPT-104032,PO-50007,2025-01-21,07:21:00,SKU-02836,419,419,0,A-02R-009-1-B,2025-01-21 07:59:00,RCV-007,NEW
RCPT-104115,PO-50007,2025-01-21,09:06:00,SKU-00466,116,114,-2,C-04R-016-1-B,2025-01-21 10:35:00,RCV-007,NEW
RCPT-104044,PO-50007,2025-01-21,07:52:00,SKU-02908,6927,6925,-2,B-02L-005-3-A,2025-01-21 09:33:00,RCV-003,NEW
RCPT-104072,PO-50007,2025-01-21,10:39:00,SKU-02145,14,15,1,E-02R-023-4-A,2025-01-21 13:34:00,RCV-003,NEW
RCPT-104125,PO-50007,2025-01-21,06:42:00,SKU-02365,132,131,-1,A-02L-010-3-A,2025-01-21 07:26:00,RCV-003,NEW
RCPT-104101,PO-50007,2025-01-21,07:40:00,SKU-00261,12,12,0,D-04R-011-1-B,2025-01-21 10:22:00,RCV-006,NEW
RCPT-104070,PO-50007,2025-01-21,06:06:00,SKU-03297,42,42,0,B-01L-013-1-A,2025-01-21 08:42:00,RCV-008,NEW
RCPT-104058,PO-50007,2025-01-21,08:15:00,SKU-00017,549,551,2,B-03R-001-4-B,2025-01-21 08:52:00,RCV-001,NEW
RCPT-104068,PO-50007,2025-01-21,11:40:00,SKU-02649,12,11,-1,E-01R-001-4-B,2025-01-21 14:04:00,RCV-001,NEW
RCPT-104085,PO-50007,2025-01-21,12:36:00,SKU-02787,17,19,2,C-02R-010-4-B,2025-01-21 14:47:00,RCV-003,NEW
RCPT-104036,PO-50007,2025-01-21,08:20:00,SKU-02104,1594,1592,-2,B-01R-002-1-A,2025-01-21 09:08:00,RCV-003,NEW
RCPT-104057,PO-50007,2025-01-21,11:37:00,SKU-01428,423,421,-2,A-03L-006-4-A,2025-01-21 12:20:00,RCV-006,NEW
RCPT-104024,PO-50007,2025-01-21,06:37:00,SKU-02541,12,10,-2,E-02R-024-3-B,2025-01-21 09:31:00,RCV-004,NEW
RCPT-104104,PO-50007,2025-01-21,12:10:00,SKU-02702,14,15,1,D-01R-010-4-A,2025-01-21 14:05:00,RCV-006,NEW
RCPT-104037,PO-50007,2025-01-21,11:51:00,SKU-01091,12,14,2,D-03R-002-4-A,2025-01-21 13:46:00,RCV-001,NEW
RCPT-104013,PO-50007,2025-01-21,10:03:00,SKU-03764,17,15,-2,C-02L-025-1-A,2025-01-21 11:17:00,RCV-006,NEW
RCPT-104031,PO-50007,2025-01-21,09:31:00,SKU-00334,20,18,-2,D-04R-020-4-A,2025-01-21 11:38:00,RCV-003,NEW
RCPT-104106,PO-50007,2025-01-21,06:55:00,SKU-01333,13,11,-2,D-03R-004-1-A,2025-01-21 09:27:00,RCV-005,NEW
RCPT-104059,PO-50007,2025-01-21,08:15:00,SKU-02050,519,517,-2,C-02L-007-1-A,2025-01-21 09:58:00,RCV-006,NEW
RCPT-104139,PO-50007,2025-01-21,07:35:00,SKU-01046,12,14,2,B-03R-016-2-B,2025-01-21 09:45:00,RCV-002,NEW
RCPT-104093,PO-50007,2025-01-21,11:49:00,SKU-01019,374,374,0,B-03R-014-1-A,2025-01-21 14:44:00,RCV-007,NEW
RCPT-104003,PO-50007,2025-01-21,08:36:00,SKU-02366,3573,3573,0,A-01R-020-4-A,2025-01-21 10:14:00,RCV-005,NEW
RCPT-104010,PO-50007,2025-01-21,10:07:00,SKU-04754,30,28,-2,A-01L-001-1-B,2025-01-21 12:43:00,RCV-002,NEW
RCPT-104084,PO-50007,2025-01-21,06:34:00,SKU-02499,29,29,0,A-02L-005-3-A,2025-01-21 08:07:00,RCV-002,NEW
RCPT-104048,PO-50007,2025-01-21,07:27:00,SKU-04041,11264,11262,-2,A-02R-002-2-B,2025-01-21 09:28:00,RCV-005,NEW
RCPT-104143,PO-50007,2025-01-21,11:36:00,SKU-01294,12,11,-1,B-04R-020-4-A,2025-01-21 14:21:00,RCV-003,NEW
RCPT-104110,PO-50007,2025-01-21,07:44:00,SKU-03464,73,72,-1,A-01L-024-5-A,2025-01-21 09:13:00,RCV-006,NEW
RCPT-104043,PO-50007,2025-01-21,11:50:00,SKU-00079,222,221,-1,A-03R-013-2-B,2025-01-21 12:33:00,RCV-001,NEW
RCPT-104097,PO-50007,2025-01-21,06:17:00,SKU-00408,222,222,0,A-03L-009-1-A,2025-01-21 07:13:00,RCV-003,NEW
RCPT-104028,PO-50007,2025-01-21,09:58:00,SKU-02232,311,311,0,C-01L-002-5-A,2025-01-21 11:11:00,RCV-005,NEW
RCPT-104159,PO-50007,2025-01-22,10:47:00,SKU-04169,12,14,2,C-01R-025-4-A,2025-01-22 12:49:00,RCV-003,NEW
RCPT-104189,PO-50007,2025-01-22,12:33:00,SKU-02160,59,57,-2,C-01L-022-4-B,2025-01-22 14:07:00,RCV-006,NEW
RCPT-104157,PO-50007,2025-01-22,11:15:00,SKU-02762,27,25,-2,E-01R-005-2-B,2025-01-22 13:51:00,RCV-002,NEW
RCPT-104178,PO-50007,2025-01-22,12:15:00,SKU-02876,45,46,1,C-01R-009-2-A,2025-01-22 13:16:00,RCV-002,NEW
RCPT-104282,PO-50007,2025-01-22,10:55:00,SKU-02609,1145,1144,-1,C-01R-013-1-B,2025-01-22 12:03:00,RCV-004,NEW
RCPT-104252,PO-50007,2025-01-22,06:35:00,SKU-02365,99,101,2,A-02L-010-3-A,2025-01-22 08:03:00,RCV-005,NEW
RCPT-104149,PO-50007,2025-01-22,06:24:00,SKU-02177,37,35,-2,C-02R-010-2-B,2025-01-22 07:43:00,RCV-005,NEW
RCPT-104258,PO-50007,2025-01-22,06:23:00,SKU-03787,213,215,2,C-02L-018-1-B,2025-01-22 07:46:00,RCV-008,NEW
RCPT-104273,PO-50007,2025-01-22,11:20:00,SKU-04851,41,43,2,C-02L-002-2-A,2025-01-22 14:02:00,RCV-002,NEW
RCPT-104265,PO-50007,2025-01-22,11:57:00,SKU-04873,121,120,-1,B-02L-018-5-B,2025-01-22 13:17:00,RCV-007,NEW
RCPT-104170,PO-50007,2025-01-22,10:51:00,SKU-02956,81,79,-2,A-01L-011-1-A,2025-01-22 13:33:00,RCV-001,NEW
RCPT-104194,PO-50007,2025-01-22,08:17:00,SKU-03714,12,10,-2,C-02L-006-5-B,2025-01-22 09:34:00,RCV-005,NEW
RCPT-104269,PO-50007,2025-01-22,11:44:00,SKU-02737,82,81,-1,D-01L-021-5-A,2025-01-22 14:39:00,RCV-003,NEW
RCPT-104152,PO-50007,2025-01-22,10:09:00,SKU-01727,12,11,-1,B-03R-015-1-B,2025-01-22 11:06:00,RCV-002,NEW
RCPT-104220,PO-50007,2025-01-22,10:52:00,SKU-00362,16,16,0,C-03L-018-3-B,2025-01-22 13:50:00,RCV-004,NEW
RCPT-104203,PO-50007,2025-01-22,08:38:00,SKU-02358,19,21,2,C-01L-012-4-B,2025-01-22 09:55:00,RCV-001,NEW
RCPT-104223,PO-50007,2025-01-22,12:05:00,SKU-02742,12,12,0,C-02L-008-1-A,2025-01-22 14:47:00,RCV-001,NEW
RCPT-104279,PO-50007,2025-01-22,07:17:00,SKU-01803,612,611,-1,B-03R-020-1-A,2025-01-22 08:13:00,RCV-001,NEW
RCPT-104191,PO-50007,2025-01-22,09:01:00,SKU-04370,903,901,-2,A-02R-026-5-A,2025-01-22 09:33:00,RCV-003,NEW
RCPT-104286,PO-50007,2025-01-22,12:57:00,SKU-02474,58,59,1,A-02R-022-2-A,2025-01-22 15:20:00,RCV-001,NEW
RCPT-104165,PO-50007,2025-01-22,09:31:00,SKU-02523,112,112,0,A-02L-017-1-A,2025-01-22 11:44:00,RCV-008,NEW
RCPT-104219,PO-50007,2025-01-22,10:21:00,SKU-04246,34,34,0,A-01L-024-1-A,2025-01-22 12:05:00,RCV-005,NEW
RCPT-104156,PO-50007,2025-01-22,10:51:00,SKU-00248,115,117,2,B-04R-005-4-A,2025-01-22 13:24:00,RCV-005,NEW
RCPT-104226,PO-50007,2025-01-22,06:33:00,SKU-00218,13,14,1,E-03R-016-4-A,2025-01-22 07:03:00,RCV-008,NEW
RCPT-104285,PO-50007,2025-01-22,10:04:00,SKU-03446,111,112,1,D-02R-002-5-A,2025-01-22 11:29:00,RCV-003,NEW
RCPT-104271,PO-50007,2025-01-22,10:02:00,SKU-03605,14,15,1,B-01R-007-2-B,2025-01-22 12:46:00,RCV-005,NEW
RCPT-104211,PO-50007,2025-01-22,09:12:00,SKU-04457,1348,1350,2,A-01L-020-2-B,2025-01-22 09:46:00,RCV-007,NEW
RCPT-104205,PO-50007,2025-01-22,10:59:00,SKU-00217,82,81,-1,C-03L-019-3-B,2025-01-22 12:35:00,RCV-008,NEW
RCPT-104229,PO-50007,2025-01-22,10:40:00,SKU-02085,1063,1061,-2,D-02R-008-1-A,2025-01-22 13:16:00,RCV-005,NEW
RCPT-104186,PO-50007,2025-01-22,12:15:00,SKU-01397,81,80,-1,C-03L-015-3-A,2025-01-22 14:33:00,RCV-002,NEW
RCPT-104246,PO-50007,2025-01-22,11:17:00,SKU-00338,27,26,-1,B-03R-012-3-B,2025-01-22 12:35:00,RCV-005,NEW
RCPT-104202,PO-50007,2025-01-22,10:36:00,SKU-01463,169,169,0,A-04L-004-3-B,2025-01-22 12:23:00,RCV-007,NEW
RCPT-104148,PO-50007,2025-01-22,06:58:00,SKU-00910,231,230,-1,B-04R-014-3-A,2025-01-22 08:26:00,RCV-004,NEW
RCPT-104275,PO-50007,2025-01-22,11:40:00,SKU-02699,416,415,-1,C-01L-007-2-B,2025-01-22 13:06:00,RCV-006,NEW
RCPT-104235,PO-50007,2025-01-22,10:19:00,SKU-01365,12,11,-1,C-04L-002-3-A,2025-01-22 11:30:00,RCV-004,NEW
RCPT-104160,PO-50007,2025-01-22,12:17:00,SKU-02487,29,28,-1,B-01L-014-5-B,2025-01-22 14:25:00,RCV-001,NEW
RCPT-104305,PO-50007,2025-01-23,07:41:00,SKU-02908,4093,4094,1,B-02L-005-3-A,2025-01-23 08:24:00,RCV-008,NEW
RCPT-104405,PO-50007,2025-01-23,11:59:00,SKU-02259,29,27,-2,C-02R-004-1-A,2025-01-23 13:22:00,RCV-007,NEW
RCPT-104338,PO-50007,2025-01-23,10:29:00,SKU-00376,465,464,-1,B-04L-004-2-B,2025-01-23 12:08:00,RCV-001,NEW
RCPT-104401,PO-50007,2025-01-23,11:23:00,SKU-04796,12,10,-2,C-01L-021-2-A,2025-01-23 12:42:00,RCV-007,NEW
RCPT-104296,PO-50007,2025-01-23,10:33:00,SKU-04328,20306,20306,0,A-02L-021-1-B,2025-01-23 12:24:00,RCV-003,NEW
RCPT-104376,PO-50007,2025-01-23,06:59:00,SKU-01531,12,11,-1,E-03R-010-2-B,2025-01-23 08:51:00,RCV-001,NEW
RCPT-104410,PO-50007,2025-01-23,12:03:00,SKU-00029,46,46,0,C-03L-006-4-A,2025-01-23 14:25:00,RCV-007,NEW
RCPT-104322,PO-50007,2025-01-23,08:13:00,SKU-04222,12,13,1,C-02R-004-5-B,2025-01-23 09:24:00,RCV-002,NEW
RCPT-104375,PO-50007,2025-01-23,12:51:00,SKU-04121,35,34,-1,C-01L-009-3-B,2025-01-23 14:52:00,RCV-001,NEW
RCPT-104413,PO-50007,2025-01-23,07:04:00,SKU-02150,14,16,2,C-02R-006-4-B,2025-01-23 09:37:00,RCV-003,NEW
RCPT-104344,PO-50007,2025-01-23,10:59:00,SKU-02499,32,32,0,A-02L-005-3-A,2025-01-23 13:17:00,RCV-001,NEW
RCPT-104303,PO-50007,2025-01-23,07:22:00,SKU-02281,188,189,1,A-01L-025-3-B,2025-01-23 08:46:00,RCV-007,NEW
RCPT-104388,PO-50007,2025-01-23,07:53:00,SKU-00925,206,205,-1,B-04R-015-2-B,2025-01-23 09:21:00,RCV-001,NEW
RCPT-104343,PO-50007,2025-01-23,09:16:00,SKU-03032,131,129,-2,A-02L-020-4-B,2025-01-23 10:54:00,RCV-007,NEW
RCPT-104293,PO-50007,2025-01-23,09:46:00,SKU-03465,129,129,0,B-01R-013-4-A,2025-01-23 10:21:00,RCV-005,NEW
RCPT-104391,PO-50007,2025-01-23,11:37:00,SKU-04608,970,969,-1,A-02L-025-1-B,2025-01-23 13:17:00,RCV-006,DAMAGED
RCPT-104393,PO-50007,2025-01-23,10:14:00,SKU-01562,63,63,0,B-04L-001-3-B,2025-01-23 10:47:00,RCV-007,NEW
RCPT-104290,PO-50007,2025-01-23,10:15:00,SKU-02828,305,303,-2,A-02L-007-2-A,2025-01-23 11:26:00,RCV-008,NEW
RCPT-104372,PO-50007,2025-01-23,06:18:00,SKU-01121,1344,1342,-2,B-04R-017-4-A,2025-01-23 08:25:00,RCV-005,NEW
RCPT-104347,PO-50007,2025-01-23,08:40:00,SKU-02583,19,19,0,C-02L-005-1-B,2025-01-23 10:51:00,RCV-007,NEW
RCPT-104400,PO-50007,2025-01-23,07:13:00,SKU-03783,12,12,0,D-02L-010-2-A,2025-01-23 10:07:00,RCV-005,NEW
RCPT-104438,PO-50007,2025-01-23,10:20:00,SKU-00985,12,14,2,B-04L-011-1-B,2025-01-23 11:54:00,RCV-006,NEW
RCPT-104306,PO-50007,2025-01-23,09:20:00,SKU-04411,41,42,1,A-01L-011-5-B,2025-01-23 10:20:00,RCV-001,NEW
RCPT-104336,PO-50007,2025-01-23,08:56:00,SKU-02939,206,206,0,A-02R-016-5-A,2025-01-23 10:54:00,RCV-006,NEW
RCPT-104384,PO-50007,2025-01-23,07:54:00,SKU-02744,12,11,-1,E-02L-007-2-B,2025-01-23 08:49:00,RCV-006,NEW
RCPT-104345,PO-50007,2025-01-23,07:06:00,SKU-02138,43,41,-2,C-02R-024-4-B,2025-01-23 09:08:00,RCV-005,NEW
RCPT-104424,PO-50007,2025-01-23,10:08:00,SKU-02286,12,13,1,D-01L-012-5-A,2025-01-23 10:56:00,RCV-006,NEW
RCPT-104309,PO-50007,2025-01-23,07:29:00,SKU-04435,265,264,-1,A-02R-016-4-A,2025-01-23 08:10:00,RCV-005,NEW
RCPT-104404,PO-50007,2025-01-23,11:41:00,SKU-02232,138,136,-2,C-01L-002-5-A,2025-01-23 14:08:00,RCV-001,NEW
RCPT-104417,PO-50007,2025-01-23,06:07:00,SKU-02956,148,149,1,A-01L-011-1-A,2025-01-23 07:00:00,RCV-007,DAMAGED
RCPT-104291,PO-50007,2025-01-23,09:33:00,SKU-04041,7245,7244,-1,A-02R-002-2-B,2025-01-23 10:34:00,RCV-005,NEW
RCPT-104421,PO-50007,2025-01-23,12:24:00,SKU-00037,1189,1189,0,A-03L-004-3-A,2025-01-23 15:12:00,RCV-001,NEW
RCPT-104420,PO-50007,2025-01-23,10:06:00,SKU-03797,29,31,2,A-01R-006-2-A,2025-01-23 10:56:00,RCV-002,NEW
RCPT-104397,PO-50007,2025-01-23,10:54:00,SKU-02125,1989,1987,-2,A-01R-020-2-B,2025-01-23 12:48:00,RCV-004,NEW
RCPT-104484,PO-50007,2025-01-24,08:02:00,SKU-00925,191,192,1,B-04R-015-2-B,2025-01-24 09:49:00,RCV-003,NEW
RCPT-104455,PO-50007,2025-01-24,06:48:00,SKU-02609,2094,2093,-1,C-01R-013-1-B,2025-01-24 08:20:00,RCV-004,NEW
RCPT-104546,PO-50007,2025-01-24,08:39:00,SKU-04647,13,15,2,C-01R-010-1-A,2025-01-24 10:08:00,RCV-001,NEW
RCPT-104591,PO-50007,2025-01-24,12:01:00,SKU-00442,77,79,2,B-04L-003-4-A,2025-01-24 12:54:00,RCV-007,NEW
RCPT-104520,PO-50007,2025-01-24,08:55:00,SKU-02371,44,46,2,B-01R-024-3-A,2025-01-24 10:26:00,RCV-001,NEW
RCPT-104469,PO-50007,2025-01-24,08:52:00,SKU-03946,26,28,2,A-02L-004-5-B,2025-01-24 09:40:00,RCV-003,NEW
RCPT-104519,PO-50007,2025-01-24,06:07:00,SKU-02734,119,118,-1,C-02R-023-3-A,2025-01-24 07:14:00,RCV-008,NEW
RCPT-104475,PO-50007,2025-01-24,12:39:00,SKU-01918,104,103,-1,B-04R-013-2-A,2025-01-24 14:17:00,RCV-002,NEW
RCPT-104564,PO-50007,2025-01-24,09:34:00,SKU-02908,3155,3157,2,B-02L-005-3-A,2025-01-24 10:16:00,RCV-003,NEW
RCPT-104463,PO-50007,2025-01-24,07:29:00,SKU-02514,116,115,-1,B-02R-020-1-B,2025-01-24 10:02:00,RCV-004,DAMAGED
RCPT-104560,PO-50007,2025-01-24,09:11:00,SKU-03850,53,55,2,A-02L-011-4-A,2025-01-24 09:54:00,RCV-006,NEW
RCPT-104505,PO-50007,2025-01-24,06:01:00,SKU-04608,1742,1744,2,A-02L-025-1-B,2025-01-24 08:42:00,RCV-001,NEW
RCPT-104534,PO-50007,2025-01-24,12:16:00,SKU-04558,77,75,-2,A-01L-008-1-A,2025-01-24 14:34:00,RCV-001,NEW
RCPT-104510,PO-50007,2025-01-24,09:17:00,SKU-03452,12,14,2,D-01R-019-4-A,2025-01-24 11:44:00,RCV-004,NEW
RCPT-104580,PO-50007,2025-01-24,11:01:00,SKU-04216,16,15,-1,A-01L-017-4-A,2025-01-24 12:30:00,RCV-007,NEW
RCPT-104504,PO-50007,2025-01-24,06:56:00,SKU-02272,913,912,-1,A-02R-002-5-A,2025-01-24 08:28:00,RCV-004,NEW
RCPT-104547,PO-50007,2025-01-24,06:38:00,SKU-01730,12,13,1,D-04L-002-2-A,2025-01-24 09:31:00,RCV-004,NEW
RCPT-104442,PO-50007,2025-01-24,11:49:00,SKU-02681,1940,1940,0,A-01R-018-4-B,2025-01-24 14:11:00,RCV-003,NEW
RCPT-104569,PO-50007,2025-01-24,07:50:00,SKU-02907,56,56,0,B-01L-012-2-A,2025-01-24 09:50:00,RCV-002,NEW
RCPT-104449,PO-50007,2025-01-24,08:47:00,SKU-04605,28,27,-1,C-02L-004-4-A,2025-01-24 09:43:00,RCV-002,NEW
RCPT-104489,PO-50007,2025-01-24,09:47:00,SKU-00872,2717,2716,-1,A-04L-005-1-A,2025-01-24 11:09:00,RCV-004,NEW
RCPT-104528,PO-50007,2025-01-24,11:19:00,SKU-02202,424,424,0,C-01R-025-1-B,2025-01-24 13:36:00,RCV-002,NEW
RCPT-104447,PO-50007,2025-01-24,07:58:00,SKU-04809,293,294,1,A-01R-016-2-B,2025-01-24 09:53:00,RCV-005,NEW
RCPT-104556,PO-50007,2025-01-24,12:56:00,SKU-04121,16,18,2,C-01L-009-3-B,2025-01-24 14:02:00,RCV-007,NEW
RCPT-104572,PO-50007,2025-01-24,07:44:00,SKU-00606,115,115,0,B-04L-016-1-A,2025-01-24 09:56:00,RCV-001,NEW
RCPT-104579,PO-50007,2025-01-24,08:21:00,SKU-02224,12,11,-1,E-02L-024-4-A,2025-01-24 10:12:00,RCV-007,NEW
RCPT-104472,PO-50007,2025-01-24,12:47:00,SKU-03093,26,25,-1,A-01R-026-5-A,2025-01-24 13:18:00,RCV-004,NEW
RCPT-104479,PO-50007,2025-01-24,12:25:00,SKU-01204,4050,4051,1,A-03R-016-1-B,2025-01-24 13:09:00,RCV-005,NEW
RCPT-104550,PO-50007,2025-01-24,12:46:00,SKU-04116,147,148,1,B-02L-002-3-A,2025-01-24 14:54:00,RCV-002,NEW
RCPT-104461,PO-50007,2025-01-24,09:31:00,SKU-02288,12,10,-2,C-02L-019-2-B,2025-01-24 12:04:00,RCV-001,NEW
RCPT-104574,PO-50007,2025-01-24,11:18:00,SKU-01124,265,267,2,B-03R-007-4-A,2025-01-24 12:22:00,RCV-002,NEW
RCPT-104563,PO-50007,2025-01-24,12:02:00,SKU-02436,25,26,1,D-01L-005-4-A,2025-01-24 14:18:00,RCV-008,NEW
RCPT-104540,PO-50007,2025-01-24,08:35:00,SKU-01490,1453,1455,2,B-04R-009-1-A,2025-01-24 10:31:00,RCV-001,NEW
RCPT-104696,PO-50008,2025-01-25,09:17:00,SKU-02131,16,14,-2,C-01L-006-5-B,2025-01-25 12:15:00,RCV-004,NEW
RCPT-104689,PO-50008,2025-01-25,12:56:00,SKU-04946,29,27,-2,C-01L-023-3-A,2025-01-25 14:33:00,RCV-007,NEW
RCPT-104706,PO-50008,2025-01-25,08:06:00,SKU-01245,122,123,1,B-03L-017-1-B,2025-01-25 08:52:00,RCV-008,NEW
RCPT-104720,PO-50008,2025-01-25,12:35:00,SKU-00831,101,103,2,A-03R-004-3-B,2025-01-25 14:39:00,RCV-002,NEW
RCPT-104678,PO-50008,2025-01-25,12:11:00,SKU-02737,104,103,-1,D-01L-021-5-A,2025-01-25 13:05:00,RCV-003,NEW
RCPT-104685,PO-50008,2025-01-25,07:39:00,SKU-04475,68,67,-1,A-01L-026-4-A,2025-01-25 09:15:00,RCV-003,NEW
RCPT-104739,PO-50008,2025-01-25,10:47:00,SKU-03459,22,24,2,A-01R-026-3-A,2025-01-25 12:21:00,RCV-005,NEW
RCPT-104630,PO-50008,2025-01-25,07:19:00,SKU-04859,28,28,0,E-01L-014-5-A,2025-01-25 09:56:00,RCV-001,NEW
RCPT-104639,PO-50008,2025-01-25,07:02:00,SKU-04410,12,12,0,D-01R-025-2-B,2025-01-25 08:19:00,RCV-006,NEW
RCPT-104705,PO-50008,2025-01-25,07:59:00,SKU-03970,77,77,0,C-02L-022-1-A,2025-01-25 10:20:00,RCV-008,NEW
RCPT-104740,PO-50008,2025-01-25,11:02:00,SKU-02199,90,90,0,A-02R-016-5-B,2025-01-25 11:48:00,RCV-004,NEW
RCPT-104688,PO-50008,2025-01-25,10:12:00,SKU-03719,12,10,-2,C-02R-016-5-A,2025-01-25 12:10:00,RCV-001,NEW
RCPT-104707,PO-50008,2025-01-25,10:03:00,SKU-02869,23,23,0,D-01R-019-1-B,2025-01-25 12:16:00,RCV-008,NEW
RCPT-104699,PO-50008,2025-01-25,10:46:00,SKU-02232,147,149,2,C-01L-002-5-A,2025-01-25 12:31:00,RCV-003,NEW
RCPT-104634,PO-50008,2025-01-25,08:24:00,SKU-02366,2594,2596,2,A-01R-020-4-A,2025-01-25 10:26:00,RCV-007,NEW
RCPT-104596,PO-50008,2025-01-25,10:41:00,SKU-02585,1379,1381,2,A-01R-012-4-A,2025-01-25 11:52:00,RCV-004,NEW
RCPT-104653,PO-50008,2025-01-25,07:40:00,SKU-02913,608,606,-2,B-01L-015-2-B,2025-01-25 08:17:00,RCV-002,NEW
RCPT-104714,PO-50008,2025-01-25,09:23:00,SKU-00318,74,76,2,A-04R-009-4-A,2025-01-25 10:42:00,RCV-004,NEW
RCPT-104704,PO-50008,2025-01-25,10:38:00,SKU-04847,12,13,1,E-01L-013-4-A,2025-01-25 13:28:00,RCV-007,NEW
RCPT-104724,PO-50008,2025-01-25,09:00:00,SKU-03692,40,38,-2,C-02L-018-2-B,2025-01-25 10:17:00,RCV-002,NEW
RCPT-104605,PO-50008,2025-01-25,10:01:00,SKU-00872,4552,4550,-2,A-04L-005-1-A,2025-01-25 11:14:00,RCV-003,NEW
RCPT-104667,PO-50008,2025-01-25,06:59:00,SKU-00186,21,22,1,B-04L-014-3-A,2025-01-25 09:45:00,RCV-001,NEW
RCPT-104715,PO-50008,2025-01-25,10:27:00,SKU-03823,825,827,2,C-02R-020-1-B,2025-01-25 12:39:00,RCV-005,NEW
RCPT-104600,PO-50008,2025-01-25,10:44:00,SKU-02470,12,11,-1,D-01R-022-4-A,2025-01-25 12:11:00,RCV-005,NEW
RCPT-104679,PO-50008,2025-01-25,07:35:00,SKU-04025,108,110,2,C-01L-004-5-A,2025-01-25 09:29:00,RCV-003,NEW
RCPT-104645,PO-50008,2025-01-25,08:39:00,SKU-02828,369,370,1,A-02L-007-2-A,2025-01-25 11:33:00,RCV-008,NEW
RCPT-104730,PO-50008,2025-01-25,12:22:00,SKU-03932,99,97,-2,B-02L-019-5-B,2025-01-25 13:44:00,RCV-001,NEW
RCPT-104702,PO-50008,2025-01-25,07:35:00,SKU-00931,17,17,0,B-04L-010-3-B,2025-01-25 08:26:00,RCV-006,NEW
RCPT-104610,PO-50008,2025-01-25,07:17:00,SKU-04041,7865,7867,2,A-02R-002-2-B,2025-01-25 09:38:00,RCV-003,NEW
RCPT-104641,PO-50008,2025-01-25,09:10:00,SKU-01124,322,324,2,B-03R-007-4-A,2025-01-25 10:02:00,RCV-004,NEW
RCPT-104618,PO-50008,2025-01-25,12:42:00,SKU-03623,12,13,1,C-02R-013-5-B,2025-01-25 15:35:00,RCV-008,NEW
RCPT-104807,PO-50009,2025-01-27,09:52:00,SKU-01207,372,373,1,B-04R-018-4-B,2025-01-27 12:25:00,RCV-002,NEW
RCPT-104874,PO-50009,2025-01-27,12:21:00,SKU-02104,1091,1090,-1,B-01R-002-1-A,2025-01-27 13:47:00,RCV-007,NEW
RCPT-104742,PO-50009,2025-01-27,12:57:00,SKU-02609,2949,2948,-1,C-01R-013-1-B,2025-01-27 15:46:00,RCV-005,NEW
RCPT-104851,PO-50009,2025-01-27,09:30:00,SKU-02050,821,821,0,C-02L-007-1-A,2025-01-27 11:41:00,RCV-008,NEW
RCPT-104863,PO-50009,2025-01-27,10:41:00,SKU-00942,77,77,0,A-04R-009-4-B,2025-01-27 11:46:00,RCV-008,NEW
RCPT-104771,PO-50009,2025-01-27,09:08:00,SKU-02913,393,393,0,B-01L-015-2-B,2025-01-27 12:06:00,RCV-008,NEW
RCPT-104813,PO-50009,2025-01-27,09:33:00,SKU-04928,506,504,-2,B-01L-013-2-B,2025-01-27 12:30:00,RCV-001,NEW
RCPT-104767,PO-50009,2025-01-27,08:02:00,SKU-02034,411,412,1,A-02L-014-4-B,2025-01-27 09:55:00,RCV-004,NEW
RCPT-104745,PO-50009,2025-01-27,08:00:00,SKU-02990,84,82,-2,A-01R-022-1-B,2025-01-27 09:58:00,RCV-005,NEW
RCPT-104774,PO-50009,2025-01-27,12:03:00,SKU-02366,5561,5562,1,A-01R-020-4-A,2025-01-27 13:11:00,RCV-002,DAMAGED
RCPT-104844,PO-50009,2025-01-27,12:29:00,SKU-01187,37,38,1,A-03R-019-1-B,2025-01-27 14:24:00,RCV-008,NEW
RCPT-104832,PO-50009,2025-01-27,11:32:00,SKU-01865,67,69,2,D-03R-005-4-B,2025-01-27 12:51:00,RCV-004,NEW
RCPT-104824,PO-50009,2025-01-27,06:02:00,SKU-00303,157,159,2,B-03L-008-1-A,2025-01-27 08:41:00,RCV-004,NEW
RCPT-104903,PO-50009,2025-01-27,06:51:00,SKU-04841,87,86,-1,B-01L-019-4-A,2025-01-27 08:59:00,RCV-005,NEW
RCPT-104772,PO-50009,2025-01-27,09:48:00,SKU-02993,15,14,-1,C-01R-019-1-B,2025-01-27 10:20:00,RCV-007,NEW
RCPT-104794,PO-50009,2025-01-27,07:13:00,SKU-02738,18,16,-2,B-02L-024-3-A,2025-01-27 09:35:00,RCV-008,NEW
RCPT-104843,PO-50009,2025-01-27,11:26:00,SKU-01068,149,148,-1,B-03L-012-3-B,2025-01-27 13:34:00,RCV-005,NEW
RCPT-104877,PO-50009,2025-01-27,12:13:00,SKU-04486,140,140,0,A-01L-016-3-A,2025-01-27 13:17:00,RCV-001,NEW
RCPT-104834,PO-50009,2025-01-27,12:25:00,SKU-04748,15,17,2,C-01R-010-2-A,2025-01-27 13:37:00,RCV-004,NEW
RCPT-104783,PO-50009,2025-01-27,09:16:00,SKU-02871,120,121,1,B-02L-022-1-B,2025-01-27 10:48:00,RCV-002,NEW
RCPT-104871,PO-50009,2025-01-27,11:53:00,SKU-01999,194,196,2,A-04L-007-3-A,2025-01-27 14:34:00,RCV-002,NEW
RCPT-104894,PO-50009,2025-01-27,12:48:00,SKU-04120,22,22,0,B-01R-001-5-A,2025-01-27 14:17:00,RCV-001,NEW
RCPT-104788,PO-50009,2025-01-27,07:45:00,SKU-02344,26,24,-2,E-02R-011-3-B,2025-01-27 08:48:00,RCV-008,NEW
RCPT-104884,PO-50009,2025-01-27,10:42:00,SKU-04993,14,16,2,E-01L-017-2-A,2025-01-27 11:27:00,RCV-002,NEW
RCPT-104751,PO-50009,2025-01-27,12:48:00,SKU-00494,12,13,1,D-04L-007-1-A,2025-01-27 13:39:00,RCV-003,NEW
RCPT-104821,PO-50009,2025-01-27,12:19:00,SKU-00733,179,181,2,A-04R-005-1-B,2025-01-27 13:27:00,RCV-008,NEW
RCPT-104902,PO-50009,2025-01-27,10:01:00,SKU-01872,20,19,-1,A-03L-011-4-B,2025-01-27 11:22:00,RCV-001,NEW
RCPT-104954,PO-50010,2025-01-28,06:57:00,SKU-04670,261,260,-1,C-02R-018-2-B,2025-01-28 08:16:00,RCV-003,NEW
RCPT-105019,PO-50010,2025-01-28,06:34:00,SKU-00510,12,12,0,E-04R-006-2-A,2025-01-28 09:01:00,RCV-001,NEW
RCPT-105053,PO-50010,2025-01-28,07:26:00,SKU-02293,51,51,0,A-01R-013-1-A,2025-01-28 10:13:00,RCV-001,NEW
RCPT-105035,PO-50010,2025-01-28,10:39:00,SKU-02050,517,519,2,C-02L-007-1-A,2025-01-28 12:02:00,RCV-007,NEW
RCPT-105048,PO-50010,2025-01-28,08:38:00,SKU-02767,183,182,-1,C-02R-013-1-B,2025-01-28 09:18:00,RCV-001,NEW
RCPT-105001,PO-50010,2025-01-28,10:51:00,SKU-04122,18,20,2,C-01R-011-3-B,2025-01-28 12:38:00,RCV-008,NEW
RCPT-104950,PO-50010,2025-01-28,12:09:00,SKU-04860,166,166,0,C-01R-022-2-B,2025-01-28 14:41:00,RCV-008,NEW
RCPT-104982,PO-50010,2025-01-28,10:05:00,SKU-03506,14,13,-1,B-01L-026-4-B,2025-01-28 12:44:00,RCV-008,NEW
RCPT-105047,PO-50010,2025-01-28,09:40:00,SKU-01591,12,14,2,C-03R-018-1-A,2025-01-28 11:33:00,RCV-006,NEW
RCPT-105018,PO-50010,2025-01-28,06:07:00,SKU-04520,42,44,2,C-02L-010-3-B,2025-01-28 08:59:00,RCV-007,NEW
RCPT-104985,PO-50010,2025-01-28,07:41:00,SKU-02466,12,14,2,B-01L-024-1-B,2025-01-28 09:05:00,RCV-001,NEW
RCPT-104978,PO-50010,2025-01-28,12:01:00,SKU-02396,26,25,-1,C-01R-014-5-A,2025-01-28 14:04:00,RCV-002,NEW
RCPT-104966,PO-50010,2025-01-28,07:16:00,SKU-00872,3151,3149,-2,A-04L-005-1-A,2025-01-28 09:32:00,RCV-002,NEW
RCPT-105026,PO-50010,2025-01-28,07:27:00,SKU-00779,218,219,1,B-04L-003-4-B,2025-01-28 10:24:00,RCV-005,NEW
RCPT-104955,PO-50010,2025-01-28,12:59:00,SKU-03310,16,16,0,B-01R-002-5-A,2025-01-28 15:20:00,RCV-001,NEW
RCPT-104984,PO-50010,2025-01-28,11:48:00,SKU-02567,49,51,2,C-01L-021-1-B,2025-01-28 13:21:00,RCV-003,NEW
RCPT-104949,PO-50010,2025-01-28,11:26:00,SKU-02125,2198,2200,2,A-01R-020-2-B,2025-01-28 13:49:00,RCV-007,NEW
RCPT-105038,PO-50010,2025-01-28,09:18:00,SKU-00643,159,158,-1,A-03R-014-2-B,2025-01-28 11:19:00,RCV-001,NEW
RCPT-104972,PO-50010,2025-01-28,10:21:00,SKU-04733,582,581,-1,A-01R-018-1-A,2025-01-28 11:03:00,RCV-006,NEW
RCPT-104936,PO-50010,2025-01-28,06:58:00,SKU-01073,222,221,-1,B-04R-005-1-A,2025-01-28 07:37:00,RCV-004,NEW
RCPT-104973,PO-50010,2025-01-28,06:10:00,SKU-01040,202,202,0,B-04R-019-4-A,2025-01-28 07:28:00,RCV-003,NEW
RCPT-105005,PO-50010,2025-01-28,09:55:00,SKU-02586,178,179,1,A-02R-026-3-A,2025-01-28 11:12:00,RCV-002,NEW
RCPT-105050,PO-50010,2025-01-28,06:37:00,SKU-00031,57,56,-1,B-04L-006-4-B,2025-01-28 07:50:00,RCV-002,NEW
RCPT-105034,PO-50010,2025-01-28,10:40:00,SKU-02758,12,10,-2,D-01L-018-4-B,2025-01-28 13:15:00,RCV-007,NEW
RCPT-104977,PO-50010,2025-01-28,07:12:00,SKU-00078,12,12,0,C-03R-013-4-A,2025-01-28 09:18:00,RCV-002,NEW
RCPT-104991,PO-50010,2025-01-28,08:53:00,SKU-03878,26,24,-2,E-01R-004-1-B,2025-01-28 11:16:00,RCV-008,NEW
RCPT-105045,PO-50010,2025-01-28,09:58:00,SKU-01124,327,325,-2,B-03R-007-4-A,2025-01-28 11:16:00,RCV-007,NEW
RCPT-105042,PO-50010,2025-01-28,07:27:00,SKU-04392,32,31,-1,A-02R-003-5-B,2025-01-28 09:24:00,RCV-007,NEW
RCPT-105090,PO-50010,2025-01-29,11:08:00,SKU-01696,151,152,1,B-03L-009-3-B,2025-01-29 11:47:00,RCV-005,NEW
RCPT-105098,PO-50010,2025-01-29,08:24:00,SKU-04211,194,195,1,A-01L-009-5-B,2025-01-29 10:02:00,RCV-004,NEW
RCPT-105165,PO-50010,2025-01-29,12:07:00,SKU-03720,18,19,1,C-02L-012-1-A,2025-01-29 14:10:00,RCV-003,NEW
RCPT-105211,PO-50010,2025-01-29,11:58:00,SKU-02763,37,37,0,D-01R-006-3-B,2025-01-29 13:29:00,RCV-008,NEW
RCPT-105160,PO-50010,2025-01-29,07:18:00,SKU-02056,19,19,0,C-01L-006-3-A,2025-01-29 08:39:00,RCV-001,NEW
RCPT-105199,PO-50010,2025-01-29,09:54:00,SKU-02965,14,15,1,D-01R-024-2-A,2025-01-29 10:37:00,RCV-004,NEW
RCPT-105114,PO-50010,2025-01-29,10:01:00,SKU-00203,36,37,1,B-03L-001-4-B,2025-01-29 12:40:00,RCV-006,NEW
RCPT-105174,PO-50010,2025-01-29,11:49:00,SKU-02530,28,26,-2,C-01R-017-4-A,2025-01-29 13:12:00,RCV-008,NEW
RCPT-105102,PO-50010,2025-01-29,12:20:00,SKU-02022,12,13,1,D-01R-004-4-B,2025-01-29 13:22:00,RCV-002,NEW
RCPT-105076,PO-50010,2025-01-29,07:25:00,SKU-04623,53,54,1,B-01R-007-5-A,2025-01-29 09:56:00,RCV-002,DAMAGED
RCPT-105214,PO-50010,2025-01-29,08:48:00,SKU-03692,31,30,-1,C-02L-018-2-B,2025-01-29 09:53:00,RCV-005,NEW
RCPT-105218,PO-50010,2025-01-29,11:09:00,SKU-04723,24,24,0,B-02R-017-5-A,2025-01-29 13:12:00,RCV-003,NEW
RCPT-105117,PO-50010,2025-01-29,12:01:00,SKU-03187,12,12,0,D-01L-026-1-A,2025-01-29 12:47:00,RCV-008,NEW
RCPT-105099,PO-50010,2025-01-29,06:07:00,SKU-04878,952,953,1,B-01R-016-3-B,2025-01-29 06:51:00,RCV-002,NEW
RCPT-105071,PO-50010,2025-01-29,09:41:00,SKU-04328,20948,20946,-2,A-02L-021-1-B,2025-01-29 11:00:00,RCV-008,NEW
RCPT-105148,PO-50010,2025-01-29,11:44:00,SKU-04025,138,136,-2,C-01L-004-5-A,2025-01-29 13:16:00,RCV-006,NEW
RCPT-105210,PO-50010,2025-01-29,09:52:00,SKU-01331,417,418,1,A-03R-003-4-B,2025-01-29 12:51:00,RCV-004,NEW
RCPT-105215,PO-50010,2025-01-29,09:07:00,SKU-00847,12,13,1,C-04R-002-1-B,2025-01-29 10:39:00,RCV-004,NEW
RCPT-105163,PO-50010,2025-01-29,08:32:00,SKU-00280,12,11,-1,D-03L-010-1-A,2025-01-29 09:03:00,RCV-001,NEW
RCPT-105135,PO-50010,2025-01-29,09:03:00,SKU-04525,15,16,1,D-01R-023-1-A,2025-01-29 10:33:00,RCV-008,NEW
RCPT-105194,PO-50010,2025-01-29,11:02:00,SKU-04685,12,10,-2,C-02R-018-4-A,2025-01-29 12:03:00,RCV-007,NEW
RCPT-105128,PO-50010,2025-01-29,06:38:00,SKU-00673,387,388,1,C-03L-015-4-A,2025-01-29 07:43:00,RCV-003,NEW
RCPT-105094,PO-50010,2025-01-29,06:18:00,SKU-00132,498,497,-1,A-04R-016-4-B,2025-01-29 08:54:00,RCV-005,DAMAGED
RCPT-105180,PO-50010,2025-01-29,07:28:00,SKU-04865,1100,1102,2,A-01R-011-4-B,2025-01-29 09:39:00,RCV-004,NEW
RCPT-105068,PO-50010,2025-01-29,06:40:00,SKU-02828,474,475,1,A-02L-007-2-A,2025-01-29 08:44:00,RCV-006,NEW
RCPT-105187,PO-50010,2025-01-29,08:02:00,SKU-04717,172,170,-2,B-02R-006-3-B,2025-01-29 09:28:00,RCV-002,NEW
RCPT-105140,PO-50010,2025-01-29,12:24:00,SKU-01902,34,33,-1,A-03R-005-1-B,2025-01-29 13:01:00,RCV-003,NEW
RCPT-105096,PO-50010,2025-01-29,12:00:00,SKU-01490,2003,2004,1,B-04R-009-1-A,2025-01-29 14:51:00,RCV-005,NEW
RCPT-105217,PO-50010,2025-01-29,08:03:00,SKU-00209,12,10,-2,E-03R-016-1-B,2025-01-29 10:18:00,RCV-002,NEW
RCPT-105107,PO-50010,2025-01-29,06:23:00,SKU-02104,1788,1786,-2,B-01R-002-1-A,2025-01-29 08:01:00,RCV-005,NEW
RCPT-105227,PO-50010,2025-01-29,10:04:00,SKU-04783,15,16,1,C-02L-013-5-B,2025-01-29 11:35:00,RCV-003,NEW
RCPT-105201,PO-50010,2025-01-29,08:50:00,SKU-00602,78,79,1,B-04R-014-4-B,2025-01-29 11:49:00,RCV-008,NEW
RCPT-105225,PO-50010,2025-01-29,06:11:00,SKU-03584,52,50,-2,B-02R-023-1-B,2025-01-29 07:30:00,RCV-004,NEW
RCPT-105219,PO-50010,2025-01-29,09:34:00,SKU-00190,24,24,0,B-04R-017-1-B,2025-01-29 10:57:00,RCV-003,NEW
RCPT-105070,PO-50010,2025-01-29,07:30:00,SKU-02125,3357,3355,-2,A-01R-020-2-B,2025-01-29 08:19:00,RCV-004,DAMAGED
RCPT-105183,PO-50010,2025-01-29,08:01:00,SKU-03648,139,139,0,B-02R-022-3-A,2025-01-29 09:29:00,RCV-008,NEW
RCPT-105100,PO-50010,2025-01-29,11:07:00,SKU-04768,467,467,0,A-01R-021-2-A,2025-01-29 12:51:00,RCV-002,NEW
RCPT-105198,PO-50010,2025-01-29,10:02:00,SKU-01875,12,10,-2,D-03L-018-1-A,2025-01-29 10:37:00,RCV-004,NEW
RCPT-105115,PO-50010,2025-01-29,11:36:00,SKU-00342,12,14,2,C-03R-007-4-A,2025-01-29 12:53:00,RCV-003,NEW
RCPT-105324,PO-50011,2025-01-30,08:01:00,SKU-02402,33,35,2,B-02L-015-4-B,2025-01-30 09:53:00,RCV-007,NEW
RCPT-105252,PO-50011,2025-01-30,07:11:00,SKU-04765,16,15,-1,C-02L-007-3-B,2025-01-30 09:54:00,RCV-006,NEW
RCPT-105312,PO-50011,2025-01-30,07:22:00,SKU-02173,35,35,0,A-02R-018-5-B,2025-01-30 08:13:00,RCV-001,NEW
RCPT-105339,PO-50011,2025-01-30,09:34:00,SKU-02778,12,11,-1,E-01L-015-3-A,2025-01-30 10:34:00,RCV-005,NEW
RCPT-105371,PO-50011,2025-01-30,11:25:00,SKU-04529,12,14,2,D-02L-005-3-B,2025-01-30 13:07:00,RCV-008,NEW
RCPT-105284,PO-50011,2025-01-30,12:55:00,SKU-02509,965,964,-1,B-01L-020-5-A,2025-01-30 13:49:00,RCV-007,NEW
RCPT-105348,PO-50011,2025-01-30,06:58:00,SKU-04353,375,376,1,B-02L-022-4-A,2025-01-30 07:48:00,RCV-003,NEW
RCPT-105325,PO-50011,2025-01-30,12:45:00,SKU-01178,64,66,2,B-04L-001-3-A,2025-01-30 14:19:00,RCV-001,NEW
RCPT-105286,PO-50011,2025-01-30,08:50:00,SKU-01895,52,53,1,C-03L-009-3-B,2025-01-30 10:28:00,RCV-008,NEW
RCPT-105331,PO-50011,2025-01-30,08:49:00,SKU-00663,12,13,1,D-04L-015-2-A,2025-01-30 10:48:00,RCV-005,NEW
RCPT-105357,PO-50011,2025-01-30,08:51:00,SKU-02104,1412,1411,-1,B-01R-002-1-A,2025-01-30 09:56:00,RCV-004,NEW
RCPT-105343,PO-50011,2025-01-30,06:50:00,SKU-02976,13,11,-2,C-01L-025-4-A,2025-01-30 07:58:00,RCV-006,NEW
RCPT-105351,PO-50011,2025-01-30,06:46:00,SKU-00502,18,20,2,C-03L-015-2-B,2025-01-30 07:55:00,RCV-007,NEW
RCPT-105354,PO-50011,2025-01-30,08:30:00,SKU-01068,120,122,2,B-03L-012-3-B,2025-01-30 09:10:00,RCV-001,NEW
RCPT-105290,PO-50011,2025-01-30,09:44:00,SKU-02420,273,273,0,B-01L-005-4-B,2025-01-30 12:34:00,RCV-004,NEW
RCPT-105359,PO-50011,2025-01-30,08:10:00,SKU-02767,324,322,-2,C-02R-013-1-B,2025-01-30 10:55:00,RCV-007,NEW
RCPT-105306,PO-50011,2025-01-30,07:07:00,SKU-02141,93,93,0,B-02L-018-2-A,2025-01-30 08:27:00,RCV-008,NEW
RCPT-105333,PO-50011,2025-01-30,08:32:00,SKU-02467,46,48,2,A-01R-006-2-B,2025-01-30 09:26:00,RCV-001,NEW
RCPT-105365,PO-50011,2025-01-30,08:12:00,SKU-00036,118,120,2,B-04R-004-4-A,2025-01-30 09:54:00,RCV-005,NEW
RCPT-105345,PO-50011,2025-01-30,07:22:00,SKU-04782,512,512,0,C-01L-004-3-A,2025-01-30 09:12:00,RCV-007,NEW
RCPT-105332,PO-50011,2025-01-30,07:41:00,SKU-00341,73,73,0,A-04R-007-1-A,2025-01-30 09:00:00,RCV-002,NEW
RCPT-105259,PO-50011,2025-01-30,07:18:00,SKU-02523,155,157,2,A-02L-017-1-A,2025-01-30 09:50:00,RCV-002,NEW
RCPT-105551,PO-50011,2025-01-31,06:48:00,SKU-00132,189,190,1,A-04R-016-4-B,2025-01-31 08:26:00,RCV-008,NEW
RCPT-105394,PO-50011,2025-01-31,12:19:00,SKU-04247,19,19,0,B-01R-022-4-B,2025-01-31 14:30:00,RCV-002,NEW
RCPT-105464,PO-50011,2025-01-31,06:15:00,SKU-04992,56,55,-1,A-01R-020-3-A,2025-01-31 08:00:00,RCV-003,NEW
RCPT-105523,PO-50011,2025-01-31,09:09:00,SKU-00472,28,28,0,A-04L-004-1-B,2025-01-31 11:02:00,RCV-008,NEW
RCPT-105466,PO-50011,2025-01-31,08:59:00,SKU-03523,12,11,-1,C-02R-011-1-B,2025-01-31 09:51:00,RCV-002,NEW
RCPT-105554,PO-50011,2025-01-31,11:04:00,SKU-02016,116,118,2,A-02L-016-1-A,2025-01-31 11:43:00,RCV-003,NEW
RCPT-105545,PO-50011,2025-01-31,12:14:00,SKU-01207,197,195,-2,B-04R-018-4-B,2025-01-31 14:59:00,RCV-002,NEW
RCPT-105496,PO-50011,2025-01-31,08:44:00,SKU-01331,1146,1144,-2,A-03R-003-4-B,2025-01-31 11:07:00,RCV-005,NEW
RCPT-105516,PO-50011,2025-01-31,06:29:00,SKU-02202,445,447,2,C-01R-025-1-B,2025-01-31 09:12:00,RCV-004,NEW
RCPT-105549,PO-50011,2025-01-31,06:21:00,SKU-02567,46,46,0,C-01L-021-1-B,2025-01-31 08:58:00,RCV-007,NEW
RCPT-105472,PO-50011,2025-01-31,12:38:00,SKU-02956,178,180,2,A-01L-011-1-A,2025-01-31 14:56:00,RCV-007,NEW
RCPT-105478,PO-50011,2025-01-31,08:19:00,SKU-04211,103,104,1,A-01L-009-5-B,2025-01-31 10:19:00,RCV-006,NEW
RCPT-105379,PO-50011,2025-01-31,07:09:00,SKU-04187,51,49,-2,C-02L-010-1-B,2025-01-31 08:50:00,RCV-001,NEW
RCPT-105407,PO-50011,2025-01-31,06:30:00,SKU-02585,3227,3226,-1,A-01R-012-4-A,2025-01-31 09:24:00,RCV-008,NEW
RCPT-105513,PO-50011,2025-01-31,12:26:00,SKU-00718,50,48,-2,A-04R-001-4-B,2025-01-31 15:18:00,RCV-005,NEW
RCPT-105508,PO-50011,2025-01-31,12:40:00,SKU-03053,12,12,0,C-01R-007-3-B,2025-01-31 13:54:00,RCV-005,NEW
RCPT-105405,PO-50011,2025-01-31,11:52:00,SKU-03031,17,19,2,C-02R-009-2-A,2025-01-31 13:30:00,RCV-002,NEW
RCPT-105377,PO-50011,2025-01-31,12:38:00,SKU-01721,664,663,-1,A-04L-015-4-B,2025-01-31 14:17:00,RCV-006,NEW
RCPT-105473,PO-50011,2025-01-31,07:10:00,SKU-00673,339,339,0,C-03L-015-4-A,2025-01-31 09:45:00,RCV-005,NEW
RCPT-105418,PO-50011,2025-01-31,09:13:00,SKU-01552,418,416,-2,A-04R-001-1-B,2025-01-31 11:15:00,RCV-007,NEW
RCPT-105532,PO-50011,2025-01-31,10:19:00,SKU-04542,375,376,1,C-02L-018-4-A,2025-01-31 11:36:00,RCV-005,NEW
RCPT-105460,PO-50011,2025-01-31,08:09:00,SKU-04477,74,75,1,B-02L-001-2-A,2025-01-31 09:18:00,RCV-007,NEW
RCPT-105436,PO-50011,2025-01-31,06:03:00,SKU-04878,594,595,1,B-01R-016-3-B,2025-01-31 08:51:00,RCV-005,NEW
RCPT-105535,PO-50011,2025-01-31,09:10:00,SKU-02449,38,38,0,B-02R-009-5-A,2025-01-31 11:22:00,RCV-004,NEW
RCPT-105500,PO-50011,2025-01-31,11:13:00,SKU-00113,12,13,1,D-04L-006-2-A,2025-01-31 13:41:00,RCV-007,NEW
RCPT-105446,PO-50011,2025-01-31,10:07:00,SKU-01204,3232,3234,2,A-03R-016-1-B,2025-01-31 12:51:00,RCV-008,NEW
RCPT-105514,PO-50011,2025-01-31,08:35:00,SKU-03854,90,88,-2,B-02L-022-3-A,2025-01-31 09:20:00,RCV-001,NEW
RCPT-105533,PO-50011,2025-01-31,11:14:00,SKU-03106,14,12,-2,D-02R-019-3-B,2025-01-31 13:16:00,RCV-005,NEW
RCPT-105391,PO-50011,2025-01-31,09:24:00,SKU-00506,149,149,0,B-03R-016-3-B,2025-01-31 10:51:00,RCV-007,NEW
RCPT-105511,PO-50011,2025-01-31,12:19:00,SKU-02937,229,227,-2,C-02R-019-5-A,2025-01-31 13:30:00,RCV-002,NEW
RCPT-105485,PO-50011,2025-01-31,11:28:00,SKU-02580,113,115,2,C-02L-009-2-A,2025-01-31 13:58:00,RCV-008,NEW
RCPT-105504,PO-50011,2025-01-31,10:28:00,SKU-03790,43,41,-2,A-01L-017-1-B,2025-01-31 12:27:00,RCV-006,NEW
RCPT-105437,PO-50011,2025-01-31,06:43:00,SKU-00078,12,14,2,C-03R-013-4-A,2025-01-31 09:21:00,RCV-006,NEW
RCPT-105384,PO-50011,2025-01-31,09:08:00,SKU-00640,22,24,2,E-03R-001-3-A,2025-01-31 10:42:00,RCV-007,NEW
RCPT-105505,PO-50011,2025-01-31,10:03:00,SKU-02990,104,102,-2,A-01R-022-1-B,2025-01-31 12:47:00,RCV-002,NEW
RCPT-105483,PO-50011,2025-01-31,11:17:00,SKU-02631,12,13,1,D-01L-014-1-A,2025-01-31 13:21:00,RCV-003,NEW
RCPT-105503,PO-50011,2025-01-31,12:25:00,SKU-02859,937,938,1,A-01L-018-3-A,2025-01-31 15:11:00,RCV-005,NEW
RCPT-105477,PO-50011,2025-01-31,06:17:00,SKU-03369,537,537,0,D-02L-005-5-B,2025-01-31 07:36:00,RCV-006,NEW
RCPT-105512,PO-50011,2025-01-31,09:32:00,SKU-02158,62,62,0,B-02R-003-5-A,2025-01-31 10:24:00,RCV-008,NEW
RCPT-105528,PO-50011,2025-01-31,12:11:00,SKU-00353,205,204,-1,A-04L-018-4-A,2025-01-31 14:36:00,RCV-004,NEW
RCPT-105548,PO-50011,2025-01-31,09:54:00,SKU-02281,218,218,0,A-01L-025-3-B,2025-01-31 11:15:00,RCV-001,NEW
RCPT-105456,PO-50011,2025-01-31,07:26:00,SKU-04894,53,54,1,A-02R-007-5-B,2025-01-31 08:56:00,RCV-002,NEW
RCPT-105501,PO-50011,2025-01-31,08:57:00,SKU-00007,26,26,0,B-04L-011-1-A,2025-01-31 10:56:00,RCV-007,NEW
RCPT-105653,PO-50011,2025-02-01,10:44:00,SKU-01463,254,252,-2,A-04L-004-3-B,2025-02-01 12:59:00,RCV-008,NEW
RCPT-105598,PO-50011,2025-02-01,09:49:00,SKU-01873,89,91,2,B-03R-018-4-A,2025-02-01 11:55:00,RCV-004,NEW
RCPT-105689,PO-50011,2025-02-01,06:20:00,SKU-04881,134,132,-2,C-01L-019-5-B,2025-02-01 06:55:00,RCV-005,NEW
RCPT-105678,PO-50011,2025-02-01,10:07:00,SKU-02465,12,10,-2,D-02R-004-3-A,2025-02-01 10:44:00,RCV-001,NEW
RCPT-105705,PO-50011,2025-02-01,09:57:00,SKU-03635,293,292,-1,A-02R-019-5-A,2025-02-01 12:24:00,RCV-006,NEW
RCPT-105663,PO-50011,2025-02-01,12:56:00,SKU-01267,70,72,2,B-03L-020-4-B,2025-02-01 13:53:00,RCV-007,NEW
RCPT-105654,PO-50011,2025-02-01,12:10:00,SKU-02767,129,130,1,C-02R-013-1-B,2025-02-01 15:07:00,RCV-003,NEW
RCPT-105665,PO-50011,2025-02-01,11:31:00,SKU-02827,26,26,0,D-01L-004-5-A,2025-02-01 13:20:00,RCV-004,NEW
RCPT-105570,PO-50011,2025-02-01,08:24:00,SKU-03823,1147,1146,-1,C-02R-020-1-B,2025-02-01 09:35:00,RCV-006,NEW
RCPT-105593,PO-50011,2025-02-01,10:22:00,SKU-04187,95,97,2,C-02L-010-1-B,2025-02-01 13:13:00,RCV-003,NEW
RCPT-105589,PO-50011,2025-02-01,08:35:00,SKU-04775,803,804,1,A-02R-001-5-B,2025-02-01 10:33:00,RCV-001,NEW
RCPT-105657,PO-50011,2025-02-01,06:05:00,SKU-04928,409,407,-2,B-01L-013-2-B,2025-02-01 08:04:00,RCV-007,NEW
RCPT-105610,PO-50011,2025-02-01,06:10:00,SKU-04347,159,160,1,B-02R-012-5-B,2025-02-01 08:20:00,RCV-006,NEW
RCPT-105652,PO-50011,2025-02-01,08:18:00,SKU-04865,918,918,0,A-01R-011-4-B,2025-02-01 09:19:00,RCV-002,NEW
RCPT-105671,PO-50011,2025-02-01,07:00:00,SKU-01121,1321,1320,-1,B-04R-017-4-A,2025-02-01 08:07:00,RCV-002,NEW
RCPT-105658,PO-50011,2025-02-01,10:26:00,SKU-01838,98,98,0,B-03R-019-1-A,2025-02-01 13:05:00,RCV-006,NEW
RCPT-105621,PO-50011,2025-02-01,10:03:00,SKU-03768,89,91,2,A-02R-006-1-A,2025-02-01 12:54:00,RCV-006,NEW
RCPT-105685,PO-50011,2025-02-01,08:17:00,SKU-02851,127,126,-1,B-02R-007-4-A,2025-02-01 11:12:00,RCV-005,NEW
RCPT-105683,PO-50011,2025-02-01,06:22:00,SKU-02115,20,21,1,B-02R-018-5-A,2025-02-01 08:08:00,RCV-008,NEW
RCPT-105711,PO-50011,2025-02-01,09:05:00,SKU-04782,459,460,1,C-01L-004-3-A,2025-02-01 10:35:00,RCV-003,NEW
RCPT-105638,PO-50011,2025-02-01,07:49:00,SKU-04878,1377,1377,0,B-01R-016-3-B,2025-02-01 10:23:00,RCV-008,NEW
RCPT-105706,PO-50011,2025-02-01,09:02:00,SKU-03356,128,130,2,A-02L-015-2-A,2025-02-01 10:40:00,RCV-008,NEW
RCPT-105564,PO-50011,2025-02-01,06:28:00,SKU-03425,14,16,2,B-01L-008-4-B,2025-02-01 08:41:00,RCV-001,NEW
RCPT-105601,PO-50011,2025-02-01,06:13:00,SKU-02366,4994,4995,1,A-01R-020-4-A,2025-02-01 07:59:00,RCV-001,NEW
RCPT-105709,PO-50011,2025-02-01,10:54:00,SKU-04809,467,466,-1,A-01R-016-2-B,2025-02-01 13:28:00,RCV-006,NEW
RCPT-105676,PO-50011,2025-02-01,08:21:00,SKU-02712,12,11,-1,C-01L-018-1-B,2025-02-01 09:55:00,RCV-004,NEW
RCPT-105575,PO-50011,2025-02-01,06:28:00,SKU-01204,4131,4130,-1,A-03R-016-1-B,2025-02-01 08:10:00,RCV-006,NEW
RCPT-105662,PO-50011,2025-02-01,08:43:00,SKU-00772,49,50,1,E-04L-019-4-B,2025-02-01 11:40:00,RCV-001,NEW
RCPT-105627,PO-50011,2025-02-01,08:59:00,SKU-04457,3474,3472,-2,A-01L-020-2-B,2025-02-01 11:19:00,RCV-004,NEW
RCPT-105584,PO-50011,2025-02-01,07:59:00,SKU-00446,235,237,2,B-04L-006-4-A,2025-02-01 08:43:00,RCV-001,NEW
RCPT-105572,PO-50011,2025-02-01,07:22:00,SKU-02549,12,12,0,B-02R-026-3-B,2025-02-01 08:54:00,RCV-008,NEW
RCPT-105597,PO-50011,2025-02-01,10:16:00,SKU-02584,334,333,-1,A-02L-003-1-B,2025-02-01 11:35:00,RCV-008,NEW
RCPT-105625,PO-50011,2025-02-01,09:27:00,SKU-03524,14,15,1,D-02L-026-2-A,2025-02-01 10:09:00,RCV-007,NEW
RCPT-105814,PO-50011,2025-02-03,07:58:00,SKU-02154,129,129,0,B-02R-026-5-A,2025-02-03 08:45:00,RCV-008,NEW
RCPT-105714,PO-50011,2025-02-03,11:57:00,SKU-01121,1541,1541,0,B-04R-017-4-A,2025-02-03 13:26:00,RCV-005,DAMAGED
RCPT-105811,PO-50011,2025-02-03,10:51:00,SKU-04972,40,38,-2,B-02L-002-3-B,2025-02-03 11:48:00,RCV-001,NEW
RCPT-105846,PO-50011,2025-02-03,11:36:00,SKU-04750,32,31,-1,D-02L-001-5-B,2025-02-03 13:18:00,RCV-008,NEW
RCPT-105835,PO-50011,2025-02-03,11:06:00,SKU-04554,19,17,-2,D-01L-016-3-B,2025-02-03 13:52:00,RCV-001,NEW
RCPT-105841,PO-50011,2025-02-03,12:58:00,SKU-03347,12,12,0,C-02L-015-5-A,2025-02-03 14:17:00,RCV-002,NEW
RCPT-105787,PO-50011,2025-02-03,12:04:00,SKU-00392,497,497,0,B-03L-019-1-B,2025-02-03 13:20:00,RCV-001,NEW
RCPT-105847,PO-50011,2025-02-03,11:47:00,SKU-03561,12,11,-1,C-01R-022-2-A,2025-02-03 14:00:00,RCV-004,NEW
RCPT-105826,PO-50011,2025-02-03,07:57:00,SKU-00781,12,14,2,D-04R-010-4-B,2025-02-03 10:28:00,RCV-005,NEW
RCPT-105843,PO-50011,2025-02-03,07:17:00,SKU-02913,592,593,1,B-01L-015-2-B,2025-02-03 09:22:00,RCV-004,NEW
RCPT-105721,PO-50011,2025-02-03,09:56:00,SKU-00117,15,17,2,D-04R-011-1-A,2025-02-03 11:44:00,RCV-008,NEW
RCPT-105763,PO-50011,2025-02-03,10:30:00,SKU-02266,252,253,1,A-01L-021-3-B,2025-02-03 12:07:00,RCV-007,NEW
RCPT-105762,PO-50011,2025-02-03,07:14:00,SKU-04025,269,268,-1,C-01L-004-5-A,2025-02-03 08:51:00,RCV-001,NEW
RCPT-105792,PO-50011,2025-02-03,08:59:00,SKU-02104,1577,1576,-1,B-01R-002-1-A,2025-02-03 11:07:00,RCV-004,NEW
RCPT-105754,PO-50011,2025-02-03,12:02:00,SKU-02366,3713,3713,0,A-01R-020-4-A,2025-02-03 13:45:00,RCV-004,NEW
RCPT-105771,PO-50011,2025-02-03,07:55:00,SKU-02359,12,11,-1,D-01L-005-5-B,2025-02-03 09:45:00,RCV-006,NEW
RCPT-105743,PO-50011,2025-02-03,07:30:00,SKU-04351,12,13,1,C-02R-012-3-A,2025-02-03 08:08:00,RCV-001,DAMAGED
RCPT-105749,PO-50011,2025-02-03,11:20:00,SKU-02681,908,910,2,A-01R-018-4-B,2025-02-03 12:54:00,RCV-008,NEW
RCPT-105764,PO-50011,2025-02-03,12:36:00,SKU-02534,49,48,-1,B-02R-001-4-B,2025-02-03 15:14:00,RCV-008,NEW
RCPT-105784,PO-50011,2025-02-03,09:53:00,SKU-03464,115,114,-1,A-01L-024-5-A,2025-02-03 10:29:00,RCV-001,NEW
RCPT-105732,PO-50011,2025-02-03,11:30:00,SKU-04928,265,267,2,B-01L-013-2-B,2025-02-03 13:27:00,RCV-002,NEW
RCPT-105848,PO-50011,2025-02-03,09:39:00,SKU-01548,13,12,-1,D-03R-006-1-B,2025-02-03 12:33:00,RCV-008,NEW
RCPT-105815,PO-50011,2025-02-03,09:43:00,SKU-02684,103,105,2,B-01L-017-4-A,2025-02-03 12:14:00,RCV-002,NEW
RCPT-105728,PO-50011,2025-02-03,07:07:00,SKU-04328,9697,9695,-2,A-02L-021-1-B,2025-02-03 08:02:00,RCV-003,NEW
RCPT-105719,PO-50011,2025-02-03,12:16:00,SKU-02242,236,238,2,B-02R-026-1-A,2025-02-03 13:48:00,RCV-003,NEW
RCPT-105742,PO-50011,2025-02-03,09:45:00,SKU-04670,647,648,1,C-02R-018-2-B,2025-02-03 10:32:00,RCV-007,NEW
RCPT-105802,PO-50011,2025-02-03,12:59:00,SKU-02085,713,715,2,D-02R-008-1-A,2025-02-03 15:48:00,RCV-005,NEW
RCPT-105864,PO-50011,2025-02-04,10:55:00,SKU-02939,231,230,-1,A-02R-016-5-A,2025-02-04 12:14:00,RCV-002,NEW
RCPT-105923,PO-50011,2025-02-04,12:37:00,SKU-02272,555,557,2,A-02R-002-5-A,2025-02-04 15:00:00,RCV-008,NEW
RCPT-105975,PO-50011,2025-02-04,10:36:00,SKU-02281,283,285,2,A-01L-025-3-B,2025-02-04 12:20:00,RCV-008,NEW
RCPT-105998,PO-50011,2025-02-04,09:25:00,SKU-04161,12,10,-2,B-01L-026-4-A,2025-02-04 11:59:00,RCV-003,NEW
RCPT-105871,PO-50011,2025-02-04,07:42:00,SKU-00226,38,40,2,B-04R-015-1-A,2025-02-04 08:58:00,RCV-003,DAMAGED
RCPT-106011,PO-50011,2025-02-04,06:08:00,SKU-00441,12,10,-2,E-03L-003-3-A,2025-02-04 07:34:00,RCV-006,NEW
RCPT-105999,PO-50011,2025-02-04,07:04:00,SKU-00173,12,10,-2,D-04R-017-3-B,2025-02-04 08:04:00,RCV-007,NEW
RCPT-106029,PO-50011,2025-02-04,11:30:00,SKU-02973,177,175,-2,B-01R-015-1-A,2025-02-04 12:51:00,RCV-002,NEW
RCPT-105887,PO-50011,2025-02-04,06:15:00,SKU-04617,12,10,-2,D-02R-026-2-B,2025-02-04 08:09:00,RCV-007,NEW
RCPT-105995,PO-50011,2025-02-04,08:24:00,SKU-02105,49,47,-2,A-01R-009-2-A,2025-02-04 10:24:00,RCV-006,NEW
RCPT-105940,PO-50011,2025-02-04,09:59:00,SKU-04771,24,26,2,C-01L-002-1-B,2025-02-04 12:21:00,RCV-004,NEW
RCPT-106003,PO-50011,2025-02-04,08:27:00,SKU-00034,239,240,1,A-04L-017-3-A,2025-02-04 10:19:00,RCV-004,NEW
RCPT-105929,PO-50011,2025-02-04,06:19:00,SKU-04992,35,33,-2,A-01R-020-3-A,2025-02-04 08:18:00,RCV-005,NEW
RCPT-105862,PO-50011,2025-02-04,12:16:00,SKU-04660,12,10,-2,E-02R-018-5-A,2025-02-04 14:10:00,RCV-001,NEW
RCPT-106036,PO-50011,2025-02-04,08:18:00,SKU-04774,43,42,-1,B-01L-022-5-B,2025-02-04 09:55:00,RCV-003,NEW
RCPT-106027,PO-50011,2025-02-04,12:09:00,SKU-03378,568,568,0,A-01L-004-4-B,2025-02-04 13:16:00,RCV-006,NEW
RCPT-105925,PO-50011,2025-02-04,10:08:00,SKU-01074,12,14,2,B-04L-005-2-B,2025-02-04 11:08:00,RCV-001,NEW
RCPT-105927,PO-50011,2025-02-04,07:44:00,SKU-03727,3013,3011,-2,B-02R-023-4-A,2025-02-04 09:54:00,RCV-003,NEW
RCPT-105888,PO-50011,2025-02-04,08:53:00,SKU-04664,197,196,-1,A-02R-002-3-A,2025-02-04 11:10:00,RCV-008,NEW
RCPT-106024,PO-50011,2025-02-04,11:15:00,SKU-04481,16,17,1,B-01R-013-5-B,2025-02-04 12:26:00,RCV-006,NEW
RCPT-105953,PO-50011,2025-02-04,12:04:00,SKU-04553,28,30,2,C-01R-015-4-B,2025-02-04 13:44:00,RCV-006,NEW
RCPT-105853,PO-50011,2025-02-04,07:24:00,SKU-02908,5584,5586,2,B-02L-005-3-A,2025-02-04 08:26:00,RCV-006,NEW
RCPT-105928,PO-50011,2025-02-04,12:28:00,SKU-04211,109,108,-1,A-01L-009-5-B,2025-02-04 13:26:00,RCV-007,NEW
RCPT-105865,PO-50011,2025-02-04,09:55:00,SKU-00902,18,16,-2,D-03L-006-4-A,2025-02-04 11:28:00,RCV-006,NEW
RCPT-105921,PO-50011,2025-02-04,06:19:00,SKU-03823,561,563,2,C-02R-020-1-B,2025-02-04 08:44:00,RCV-004,NEW
RCPT-105915,PO-50011,2025-02-04,07:07:00,SKU-03357,84,84,0,A-02R-015-3-B,2025-02-04 07:55:00,RCV-005,NEW
RCPT-105982,PO-50011,2025-02-04,12:39:00,SKU-02530,23,25,2,C-01R-017-4-A,2025-02-04 13:39:00,RCV-007,NEW
RCPT-105934,PO-50011,2025-02-04,10:34:00,SKU-04078,25,23,-2,C-01R-002-2-A,2025-02-04 12:13:00,RCV-007,NEW
RCPT-105971,PO-50011,2025-02-04,08:52:00,SKU-04588,12,13,1,E-02L-011-3-A,2025-02-04 09:43:00,RCV-008,NEW
RCPT-105954,PO-50011,2025-02-04,12:12:00,SKU-04687,49,50,1,B-01R-026-4-A,2025-02-04 13:22:00,RCV-007,NEW
RCPT-105900,PO-50011,2025-02-04,08:36:00,SKU-04457,3155,3157,2,A-01L-020-2-B,2025-02-04 10:45:00,RCV-007,NEW
RCPT-106020,PO-50011,2025-02-04,08:15:00,SKU-00084,293,292,-1,A-03L-015-3-A,2025-02-04 09:42:00,RCV-005,NEW
RCPT-105963,PO-50011,2025-02-04,09:55:00,SKU-02647,16,17,1,D-01R-017-2-B,2025-02-04 10:48:00,RCV-005,NEW
RCPT-105980,PO-50011,2025-02-04,12:32:00,SKU-03038,12,11,-1,B-02L-014-4-A,2025-02-04 13:46:00,RCV-005,NEW
RCPT-105863,PO-50011,2025-02-04,09:26:00,SKU-00387,21,19,-2,D-04R-004-4-B,2025-02-04 11:55:00,RCV-003,NEW
RCPT-106134,PO-50011,2025-02-05,07:09:00,SKU-04217,79,77,-2,B-01L-009-4-B,2025-02-05 09:53:00,RCV-001,NEW
RCPT-106120,PO-50011,2025-02-05,09:43:00,SKU-00239,298,296,-2,A-04L-019-1-B,2025-02-05 12:24:00,RCV-005,NEW
RCPT-106051,PO-50011,2025-02-05,12:53:00,SKU-04973,16,18,2,E-01R-014-1-A,2025-02-05 15:48:00,RCV-008,NEW
RCPT-106161,PO-50011,2025-02-05,06:43:00,SKU-02850,87,89,2,A-01R-014-5-A,2025-02-05 08:04:00,RCV-003,NEW
RCPT-106087,PO-50011,2025-02-05,07:12:00,SKU-00346,12,14,2,D-04R-020-2-A,2025-02-05 09:51:00,RCV-002,NEW
RCPT-106069,PO-50011,2025-02-05,11:08:00,SKU-03298,12,14,2,D-02L-006-1-B,2025-02-05 13:56:00,RCV-005,NEW
RCPT-106186,PO-50011,2025-02-05,11:03:00,SKU-01930,23,21,-2,A-04R-005-4-B,2025-02-05 13:19:00,RCV-002,NEW
RCPT-106119,PO-50011,2025-02-05,10:48:00,SKU-02903,173,172,-1,B-01R-020-5-B,2025-02-05 11:47:00,RCV-006,NEW
RCPT-106091,PO-50011,2025-02-05,10:39:00,SKU-00782,21,20,-1,A-04L-015-2-B,2025-02-05 11:33:00,RCV-005,NEW
RCPT-106070,PO-50011,2025-02-05,08:01:00,SKU-04294,32,33,1,A-02R-019-3-A,2025-02-05 10:04:00,RCV-004,NEW
RCPT-106143,PO-50011,2025-02-05,08:52:00,SKU-02044,149,151,2,A-01R-023-5-B,2025-02-05 11:47:00,RCV-001,NEW
RCPT-106128,PO-50011,2025-02-05,06:50:00,SKU-02937,307,307,0,C-02R-019-5-A,2025-02-05 09:45:00,RCV-004,NEW
RCPT-106178,PO-50011,2025-02-05,10:51:00,SKU-01247,61,61,0,A-04R-019-1-A,2025-02-05 13:40:00,RCV-001,NEW
RCPT-106072,PO-50011,2025-02-05,08:06:00,SKU-04457,3815,3817,2,A-01L-020-2-B,2025-02-05 08:59:00,RCV-008,NEW
RCPT-106202,PO-50011,2025-02-05,12:55:00,SKU-00379,140,139,-1,A-03R-020-4-B,2025-02-05 14:06:00,RCV-003,NEW
RCPT-106151,PO-50011,2025-02-05,07:10:00,SKU-00866,32,34,2,C-03R-004-4-A,2025-02-05 10:09:00,RCV-005,NEW
RCPT-106165,PO-50011,2025-02-05,12:18:00,SKU-00841,89,87,-2,D-04R-010-1-B,2025-02-05 15:15:00,RCV-001,NEW
RCPT-106187,PO-50011,2025-02-05,10:39:00,SKU-04911,33,35,2,B-02L-008-2-B,2025-02-05 12:37:00,RCV-004,NEW
RCPT-106095,PO-50011,2025-02-05,10:33:00,SKU-03138,15,14,-1,A-01L-012-4-B,2025-02-05 12:14:00,RCV-007,NEW
RCPT-106223,PO-50011,2025-02-05,09:21:00,SKU-04768,575,574,-1,A-01R-021-2-A,2025-02-05 10:11:00,RCV-008,NEW
RCPT-106149,PO-50011,2025-02-05,06:27:00,SKU-02242,112,114,2,B-02R-026-1-A,2025-02-05 08:10:00,RCV-006,NEW
RCPT-106052,PO-50011,2025-02-05,08:38:00,SKU-02809,12,10,-2,B-02L-021-1-B,2025-02-05 10:45:00,RCV-005,NEW
RCPT-106215,PO-50011,2025-02-05,11:27:00,SKU-03500,16,18,2,B-02L-005-4-B,2025-02-05 13:58:00,RCV-007,NEW
RCPT-106138,PO-50011,2025-02-05,11:05:00,SKU-00558,12,11,-1,C-03L-003-2-B,2025-02-05 12:56:00,RCV-005,NEW
RCPT-106198,PO-50011,2025-02-05,07:26:00,SKU-00001,64,64,0,C-03L-001-4-A,2025-02-05 09:19:00,RCV-006,NEW
RCPT-106077,PO-50011,2025-02-05,12:35:00,SKU-00125,25,23,-2,A-04L-010-3-B,2025-02-05 15:10:00,RCV-001,NEW
RCPT-106206,PO-50011,2025-02-05,08:41:00,SKU-00541,15,17,2,A-04L-004-4-B,2025-02-05 09:40:00,RCV-007,NEW
RCPT-106039,PO-50011,2025-02-05,06:54:00,SKU-02034,847,849,2,A-02L-014-4-B,2025-02-05 09:02:00,RCV-001,NEW
RCPT-106179,PO-50011,2025-02-05,11:41:00,SKU-01888,35,36,1,A-04L-015-1-A,2025-02-05 13:46:00,RCV-002,NEW
RCPT-106224,PO-50011,2025-02-06,09:41:00,SKU-02994,30,31,1,C-02R-017-4-A,2025-02-06 10:13:00,RCV-008,NEW
RCPT-106231,PO-50011,2025-02-06,10:39:00,SKU-02509,1909,1909,0,B-01L-020-5-A,2025-02-06 12:18:00,RCV-006,NEW
RCPT-106346,PO-50011,2025-02-06,06:47:00,SKU-00733,212,212,0,A-04R-005-1-B,2025-02-06 09:40:00,RCV-003,NEW
RCPT-106394,PO-50011,2025-02-06,07:03:00,SKU-02788,15,13,-2,D-02L-023-3-A,2025-02-06 09:33:00,RCV-002,NEW
RCPT-106235,PO-50011,2025-02-06,07:53:00,SKU-01975,106,104,-2,B-04L-014-4-A,2025-02-06 09:56:00,RCV-003,NEW
RCPT-106379,PO-50011,2025-02-06,10:59:00,SKU-04807,109,109,0,B-02L-013-3-B,2025-02-06 12:14:00,RCV-006,NEW
RCPT-106258,PO-50011,2025-02-06,06:51:00,SKU-04475,56,58,2,A-01L-026-4-A,2025-02-06 08:03:00,RCV-006,NEW
RCPT-106354,PO-50011,2025-02-06,10:42:00,SKU-04710,304,305,1,A-02L-008-2-A,2025-02-06 13:05:00,RCV-007,NEW
RCPT-106309,PO-50011,2025-02-06,07:09:00,SKU-02603,26,24,-2,C-01L-014-4-A,2025-02-06 08:41:00,RCV-004,NEW
RCPT-106407,PO-50011,2025-02-06,07:12:00,SKU-00686,12,12,0,B-03L-001-2-A,2025-02-06 08:23:00,RCV-005,NEW
RCPT-106404,PO-50011,2025-02-06,12:48:00,SKU-03635,148,147,-1,A-02R-019-5-A,2025-02-06 15:22:00,RCV-004,NEW
RCPT-106234,PO-50011,2025-02-06,06:16:00,SKU-02624,439,441,2,A-02R-022-1-A,2025-02-06 07:39:00,RCV-006,NEW
RCPT-106237,PO-50011,2025-02-06,11:22:00,SKU-00490,22,24,2,C-03L-014-2-A,2025-02-06 12:51:00,RCV-007,NEW
RCPT-106355,PO-50011,2025-02-06,12:39:00,SKU-00376,200,199,-1,B-04L-004-2-B,2025-02-06 13:51:00,RCV-004,NEW
RCPT-106292,PO-50011,2025-02-06,12:52:00,SKU-04353,293,293,0,B-02L-022-4-A,2025-02-06 14:28:00,RCV-005,NEW
RCPT-106252,PO-50011,2025-02-06,09:59:00,SKU-00093,12,13,1,B-04L-018-1-A,2025-02-06 12:33:00,RCV-005,NEW
RCPT-106325,PO-50011,2025-02-06,11:45:00,SKU-00017,253,255,2,B-03R-001-4-B,2025-02-06 14:34:00,RCV-008,NEW
RCPT-106281,PO-50011,2025-02-06,08:01:00,SKU-00440,19,19,0,A-03R-016-3-B,2025-02-06 08:31:00,RCV-006,NEW
RCPT-106275,PO-50011,2025-02-06,11:33:00,SKU-00411,62,62,0,C-03L-008-4-A,2025-02-06 12:16:00,RCV-004,NEW
RCPT-106293,PO-50011,2025-02-06,08:20:00,SKU-02891,20,22,2,A-02L-014-3-A,2025-02-06 10:31:00,RCV-007,NEW
RCPT-106289,PO-50011,2025-02-06,07:01:00,SKU-04116,321,323,2,B-02L-002-3-A,2025-02-06 09:37:00,RCV-006,NEW
RCPT-106308,PO-50011,2025-02-06,12:50:00,SKU-02807,62,61,-1,A-02L-026-2-A,2025-02-06 15:25:00,RCV-006,NEW
RCPT-106384,PO-50011,2025-02-06,10:47:00,SKU-02316,117,119,2,A-02L-026-1-A,2025-02-06 12:10:00,RCV-007,NEW
RCPT-106315,PO-50011,2025-02-06,12:02:00,SKU-01463,381,381,0,A-04L-004-3-B,2025-02-06 12:53:00,RCV-002,NEW
RCPT-106340,PO-50011,2025-02-06,09:50:00,SKU-00358,47,49,2,A-03L-008-1-B,2025-02-06 11:03:00,RCV-005,NEW
RCPT-106352,PO-50011,2025-02-06,08:32:00,SKU-04707,25,24,-1,B-01L-019-4-B,2025-02-06 09:39:00,RCV-005,NEW
RCPT-106279,PO-50011,2025-02-06,07:12:00,SKU-02893,257,259,2,B-01L-026-2-B,2025-02-06 08:20:00,RCV-005,NEW
RCPT-106245,PO-50011,2025-02-06,06:33:00,SKU-02365,64,66,2,A-02L-010-3-A,2025-02-06 09:05:00,RCV-006,NEW
RCPT-106307,PO-50011,2025-02-06,09:05:00,SKU-02212,12,10,-2,D-02L-018-1-A,2025-02-06 10:33:00,RCV-002,NEW
RCPT-106225,PO-50011,2025-02-06,11:14:00,SKU-02892,24,23,-1,D-01R-021-3-A,2025-02-06 13:58:00,RCV-004,NEW
RCPT-106366,PO-50011,2025-02-06,10:31:00,SKU-01739,59,59,0,A-03L-013-1-B,2025-02-06 12:19:00,RCV-002,NEW
RCPT-106253,PO-50011,2025-02-06,12:26:00,SKU-00872,4452,4451,-1,A-04L-005-1-A,2025-02-06 15:25:00,RCV-008,NEW
RCPT-106316,PO-50011,2025-02-06,10:00:00,SKU-03205,105,105,0,C-02L-026-1-B,2025-02-06 10:58:00,RCV-001,NEW
RCPT-106290,PO-50011,2025-02-06,10:28:00,SKU-04990,46,47,1,D-01R-016-1-B,2025-02-06 11:58:00,RCV-005,NEW
RCPT-106357,PO-50011,2025-02-06,10:06:00,SKU-04890,91,89,-2,A-02R-006-5-B,2025-02-06 11:51:00,RCV-002,NEW
RCPT-106328,PO-50011,2025-02-06,06:21:00,SKU-01552,383,381,-2,A-04R-001-1-B,2025-02-06 07:00:00,RCV-002,NEW
RCPT-106244,PO-50011,2025-02-06,06:11:00,SKU-00087,56,56,0,A-04L-011-4-A,2025-02-06 06:43:00,RCV-003,NEW
RCPT-106392,PO-50011,2025-02-06,10:46:00,SKU-04025,118,120,2,C-01L-004-5-A,2025-02-06 11:58:00,RCV-005,NEW
RCPT-106241,PO-50011,2025-02-06,10:00:00,SKU-02695,12,13,1,C-02L-015-1-A,2025-02-06 11:26:00,RCV-005,NEW
RCPT-106438,PO-50011,2025-02-07,12:11:00,SKU-00673,171,170,-1,C-03L-015-4-A,2025-02-07 14:16:00,RCV-004,NEW
RCPT-106409,PO-50011,2025-02-07,06:39:00,SKU-03369,826,824,-2,D-02L-005-5-B,2025-02-07 09:09:00,RCV-005,NEW
RCPT-106422,PO-50011,2025-02-07,09:59:00,SKU-02366,2773,2774,1,A-01R-020-4-A,2025-02-07 11:34:00,RCV-001,NEW
RCPT-106508,PO-50011,2025-02-07,12:26:00,SKU-01797,15,16,1,A-03L-004-2-B,2025-02-07 13:34:00,RCV-005,NEW
RCPT-106425,PO-50011,2025-02-07,11:30:00,SKU-04452,12,14,2,B-01L-002-2-B,2025-02-07 12:05:00,RCV-001,NEW
RCPT-106484,PO-50011,2025-02-07,07:32:00,SKU-01284,35,33,-2,A-04R-009-1-B,2025-02-07 08:08:00,RCV-008,NEW
RCPT-106462,PO-50011,2025-02-07,12:27:00,SKU-00446,434,433,-1,B-04L-006-4-A,2025-02-07 14:39:00,RCV-002,NEW
RCPT-106419,PO-50011,2025-02-07,11:39:00,SKU-02266,238,240,2,A-01L-021-3-B,2025-02-07 13:59:00,RCV-002,NEW
RCPT-106427,PO-50011,2025-02-07,11:15:00,SKU-02124,29,31,2,B-01R-023-4-A,2025-02-07 13:28:00,RCV-005,NEW
RCPT-106504,PO-50011,2025-02-07,07:22:00,SKU-00135,22,21,-1,C-04R-004-2-B,2025-02-07 08:04:00,RCV-005,NEW
RCPT-106550,PO-50011,2025-02-07,08:30:00,SKU-01264,16,18,2,B-03R-006-1-B,2025-02-07 11:09:00,RCV-004,NEW
RCPT-106562,PO-50011,2025-02-07,07:14:00,SKU-04586,12,12,0,C-02L-005-2-B,2025-02-07 08:33:00,RCV-006,NEW
RCPT-106478,PO-50011,2025-02-07,08:48:00,SKU-00191,12,12,0,D-03R-007-4-B,2025-02-07 11:18:00,RCV-003,DAMAGED
RCPT-106528,PO-50011,2025-02-07,12:22:00,SKU-00228,26,24,-2,E-04L-013-2-A,2025-02-07 14:38:00,RCV-007,NEW
RCPT-106536,PO-50011,2025-02-07,11:33:00,SKU-02585,3720,3721,1,A-01R-012-4-A,2025-02-07 12:57:00,RCV-005,NEW
RCPT-106503,PO-50011,2025-02-07,12:20:00,SKU-01993,12,14,2,C-04R-002-3-B,2025-02-07 14:36:00,RCV-008,NEW
RCPT-106552,PO-50011,2025-02-07,10:48:00,SKU-03159,40,42,2,A-02R-002-1-A,2025-02-07 11:57:00,RCV-001,NEW
RCPT-106418,PO-50011,2025-02-07,08:02:00,SKU-04733,477,479,2,A-01R-018-1-A,2025-02-07 09:43:00,RCV-005,NEW
RCPT-106455,PO-50011,2025-02-07,07:52:00,SKU-01121,857,855,-2,B-04R-017-4-A,2025-02-07 09:19:00,RCV-008,NEW
RCPT-106423,PO-50011,2025-02-07,11:47:00,SKU-00026,214,213,-1,A-03R-009-1-B,2025-02-07 12:33:00,RCV-005,NEW
RCPT-106551,PO-50011,2025-02-07,06:28:00,SKU-02168,25,24,-1,C-02L-006-1-B,2025-02-07 08:46:00,RCV-001,NEW
RCPT-106534,PO-50011,2025-02-07,07:57:00,SKU-00724,89,88,-1,E-04R-005-3-A,2025-02-07 09:41:00,RCV-003,NEW
RCPT-106537,PO-50011,2025-02-07,07:32:00,SKU-04542,350,351,1,C-02L-018-4-A,2025-02-07 08:52:00,RCV-002,NEW
RCPT-106482,PO-50011,2025-02-07,09:24:00,SKU-02147,33,33,0,E-01L-006-5-B,2025-02-07 10:15:00,RCV-002,NEW
RCPT-106417,PO-50011,2025-02-07,09:43:00,SKU-04328,18059,18061,2,A-02L-021-1-B,2025-02-07 10:51:00,RCV-002,NEW
RCPT-106421,PO-50011,2025-02-07,11:50:00,SKU-03093,18,20,2,A-01R-026-5-A,2025-02-07 14:38:00,RCV-007,NEW
RCPT-106547,PO-50011,2025-02-07,06:40:00,SKU-00014,34,33,-1,A-04L-004-2-B,2025-02-07 09:35:00,RCV-007,NEW
RCPT-106527,PO-50011,2025-02-07,11:50:00,SKU-03970,101,103,2,C-02L-022-1-A,2025-02-07 13:07:00,RCV-002,NEW
RCPT-106510,PO-50011,2025-02-07,08:13:00,SKU-03773,12,13,1,E-02R-014-3-B,2025-02-07 09:25:00,RCV-004,NEW
RCPT-106549,PO-50011,2025-02-07,07:22:00,SKU-02937,143,145,2,C-02R-019-5-A,2025-02-07 08:53:00,RCV-005,NEW
RCPT-106466,PO-50011,2025-02-07,10:20:00,SKU-03823,933,932,-1,C-02R-020-1-B,2025-02-07 11:12:00,RCV-002,NEW
RCPT-106538,PO-50011,2025-02-07,10:33:00,SKU-00293,28,30,2,C-03L-006-1-A,2025-02-07 11:38:00,RCV-001,NEW
RCPT-106453,PO-50011,2025-02-07,06:56:00,SKU-03727,7361,7363,2,B-02R-023-4-A,2025-02-07 08:53:00,RCV-007,NEW
RCPT-106480,PO-50011,2025-02-07,08:59:00,SKU-04020,12,12,0,C-02L-007-2-B,2025-02-07 09:47:00,RCV-005,NEW
RCPT-106434,PO-50011,2025-02-07,10:11:00,SKU-01490,971,972,1,B-04R-009-1-A,2025-02-07 10:56:00,RCV-007,NEW
RCPT-106433,PO-50011,2025-02-07,10:08:00,SKU-03077,401,401,0,B-02L-012-4-B,2025-02-07 13:05:00,RCV-002,NEW
RCPT-106448,PO-50011,2025-02-07,12:54:00,SKU-02140,578,576,-2,B-01R-020-2-B,2025-02-07 14:15:00,RCV-001,NEW
RCPT-106497,PO-50011,2025-02-07,09:40:00,SKU-04865,1152,1153,1,A-01R-011-4-B,2025-02-07 11:10:00,RCV-007,NEW
RCPT-106561,PO-50011,2025-02-07,08:29:00,SKU-00390,24,24,0,C-03L-009-2-A,2025-02-07 10:11:00,RCV-006,DAMAGED
RCPT-106501,PO-50011,2025-02-07,08:52:00,SKU-00015,16,16,0,D-03L-002-2-B,2025-02-07 11:50:00,RCV-002,NEW
RCPT-106498,PO-50011,2025-02-07,06:12:00,SKU-02085,939,939,0,D-02R-008-1-A,2025-02-07 06:43:00,RCV-004,NEW
RCPT-106545,PO-50011,2025-02-07,06:04:00,SKU-02129,12,11,-1,D-01L-024-3-A,2025-02-07 06:35:00,RCV-005,NEW
RCPT-106544,PO-50011,2025-02-07,10:43:00,SKU-00303,164,165,1,B-03L-008-1-A,2025-02-07 13:07:00,RCV-008,NEW
RCPT-106518,PO-50011,2025-02-07,10:56:00,SKU-03818,25,26,1,B-02R-010-1-A,2025-02-07 13:17:00,RCV-002,NEW
RCPT-106557,PO-50011,2025-02-07,10:21:00,SKU-00037,1266,1264,-2,A-03L-004-3-A,2025-02-07 12:50:00,RCV-008,NEW
RCPT-106415,PO-50011,2025-02-07,06:18:00,SKU-04623,122,123,1,B-01R-007-5-A,2025-02-07 07:36:00,RCV-004,NEW
RCPT-106580,PO-50012,2025-02-08,12:57:00,SKU-02045,421,421,0,B-01R-025-3-A,2025-02-08 14:24:00,RCV-008,NEW
RCPT-106646,PO-50012,2025-02-08,11:01:00,SKU-03205,90,92,2,C-02L-026-1-B,2025-02-08 13:44:00,RCV-006,NEW
RCPT-106624,PO-50012,2025-02-08,09:42:00,SKU-04782,256,254,-2,C-01L-004-3-A,2025-02-08 10:40:00,RCV-005,NEW
RCPT-106700,PO-50012,2025-02-08,11:37:00,SKU-03720,17,15,-2,C-02L-012-1-A,2025-02-08 13:36:00,RCV-008,NEW
RCPT-106599,PO-50012,2025-02-08,09:56:00,SKU-03545,12,14,2,E-01R-014-5-A,2025-02-08 12:23:00,RCV-007,NEW
RCPT-106678,PO-50012,2025-02-08,08:14:00,SKU-00872,3716,3718,2,A-04L-005-1-A,2025-02-08 08:46:00,RCV-005,NEW
RCPT-106699,PO-50012,2025-02-08,07:53:00,SKU-03028,48,47,-1,B-01L-011-3-A,2025-02-08 08:35:00,RCV-004,NEW
RCPT-106595,PO-50012,2025-02-08,08:21:00,SKU-01083,43,42,-1,B-03L-011-2-A,2025-02-08 09:24:00,RCV-002,NEW
RCPT-106662,PO-50012,2025-02-08,12:23:00,SKU-03319,12,14,2,D-02R-017-1-B,2025-02-08 14:15:00,RCV-001,NEW
RCPT-106586,PO-50012,2025-02-08,07:02:00,SKU-04833,29,30,1,B-01R-011-4-A,2025-02-08 09:54:00,RCV-002,NEW
RCPT-106667,PO-50012,2025-02-08,12:36:00,SKU-00183,74,74,0,B-04R-001-1-B,2025-02-08 13:16:00,RCV-005,NEW
RCPT-106603,PO-50012,2025-02-08,06:56:00,SKU-04528,1061,1061,0,B-02R-014-3-B,2025-02-08 09:37:00,RCV-008,NEW
RCPT-106688,PO-50012,2025-02-08,10:33:00,SKU-02509,2004,2004,0,B-01L-020-5-A,2025-02-08 12:08:00,RCV-001,NEW
RCPT-106664,PO-50012,2025-02-08,09:10:00,SKU-00489,56,55,-1,C-03L-017-1-B,2025-02-08 11:51:00,RCV-001,NEW
RCPT-106687,PO-50012,2025-02-08,11:35:00,SKU-02684,202,201,-1,B-01L-017-4-A,2025-02-08 12:39:00,RCV-004,NEW
RCPT-106577,PO-50012,2025-02-08,12:05:00,SKU-04300,12,11,-1,B-02R-008-2-A,2025-02-08 14:48:00,RCV-005,NEW
RCPT-106682,PO-50012,2025-02-08,12:08:00,SKU-00780,17,18,1,D-03R-008-3-A,2025-02-08 13:17:00,RCV-005,NEW
RCPT-106657,PO-50012,2025-02-08,11:36:00,SKU-02932,53,51,-2,A-01R-025-4-B,2025-02-08 13:18:00,RCV-006,NEW
RCPT-106650,PO-50012,2025-02-08,10:52:00,SKU-04138,14,16,2,C-02L-010-5-A,2025-02-08 12:43:00,RCV-003,NEW
RCPT-106663,PO-50012,2025-02-08,09:59:00,SKU-03791,12,12,0,D-01L-026-4-B,2025-02-08 11:13:00,RCV-003,DAMAGED
RCPT-106674,PO-50012,2025-02-08,09:07:00,SKU-02278,17,15,-2,C-01L-025-1-B,2025-02-08 10:48:00,RCV-006,NEW
RCPT-106625,PO-50012,2025-02-08,10:24:00,SKU-02939,360,360,0,A-02R-016-5-A,2025-02-08 12:12:00,RCV-008,NEW
RCPT-106692,PO-50012,2025-02-08,11:43:00,SKU-00422,81,82,1,A-03R-005-2-B,2025-02-08 12:16:00,RCV-008,NEW
RCPT-106619,PO-50012,2025-02-08,12:11:00,SKU-02140,275,274,-1,B-01R-020-2-B,2025-02-08 13:22:00,RCV-003,NEW
RCPT-106649,PO-50012,2025-02-08,11:21:00,SKU-01654,12,11,-1,B-03L-004-1-B,2025-02-08 14:12:00,RCV-008,NEW
RCPT-106698,PO-50012,2025-02-08,07:39:00,SKU-01652,318,317,-1,B-04R-013-1-B,2025-02-08 08:24:00,RCV-002,NEW
RCPT-106602,PO-50012,2025-02-08,10:27:00,SKU-03620,13,12,-1,E-02L-026-3-B,2025-02-08 12:06:00,RCV-002,DAMAGED
RCPT-106685,PO-50012,2025-02-08,06:57:00,SKU-00831,127,126,-1,A-03R-004-3-B,2025-02-08 09:38:00,RCV-003,NEW
RCPT-106706,PO-50012,2025-02-10,09:15:00,SKU-04865,1266,1264,-2,A-01R-011-4-B,2025-02-10 09:51:00,RCV-006,NEW
RCPT-106846,PO-50012,2025-02-10,08:55:00,SKU-00370,120,121,1,A-03R-008-4-B,2025-02-10 11:36:00,RCV-007,NEW
RCPT-106769,PO-50012,2025-02-10,12:41:00,SKU-02585,1977,1978,1,A-01R-012-4-A,2025-02-10 13:36:00,RCV-003,NEW
RCPT-106717,PO-50012,2025-02-10,08:50:00,SKU-04984,83,82,-1,B-02R-026-4-B,2025-02-10 09:33:00,RCV-007,NEW
RCPT-106705,PO-50012,2025-02-10,11:14:00,SKU-01803,791,793,2,B-03R-020-1-A,2025-02-10 11:51:00,RCV-006,NEW
RCPT-106824,PO-50012,2025-02-10,07:10:00,SKU-02561,16,17,1,C-02L-020-4-A,2025-02-10 09:25:00,RCV-007,DAMAGED
RCPT-106715,PO-50012,2025-02-10,11:07:00,SKU-04891,14,16,2,C-02L-011-5-B,2025-02-10 11:53:00,RCV-001,NEW
RCPT-106759,PO-50012,2025-02-10,11:22:00,SKU-04447,12,11,-1,D-02L-009-1-A,2025-02-10 13:14:00,RCV-007,NEW
RCPT-106779,PO-50012,2025-02-10,07:45:00,SKU-00023,61,59,-2,A-04R-013-4-B,2025-02-10 09:10:00,RCV-002,NEW
RCPT-106712,PO-50012,2025-02-10,07:27:00,SKU-04389,12,14,2,E-02L-012-4-A,2025-02-10 08:54:00,RCV-001,NEW
RCPT-106815,PO-50012,2025-02-10,06:09:00,SKU-03328,23,23,0,B-02L-023-1-A,2025-02-10 08:00:00,RCV-002,NEW
RCPT-106753,PO-50012,2025-02-10,07:46:00,SKU-04937,12,13,1,B-01L-008-2-A,2025-02-10 09:36:00,RCV-001,NEW
RCPT-106826,PO-50012,2025-02-10,12:24:00,SKU-03821,145,147,2,A-01R-017-3-A,2025-02-10 14:52:00,RCV-003,NEW
RCPT-106756,PO-50012,2025-02-10,12:07:00,SKU-03705,90,90,0,A-02L-025-2-A,2025-02-10 14:37:00,RCV-008,NEW
RCPT-106844,PO-50012,2025-02-10,06:42:00,SKU-02053,83,81,-2,A-01R-017-2-A,2025-02-10 08:43:00,RCV-004,NEW
RCPT-106770,PO-50012,2025-02-10,07:49:00,SKU-03600,186,185,-1,A-01L-017-2-B,2025-02-10 08:36:00,RCV-004,NEW
RCPT-106730,PO-50012,2025-02-10,08:49:00,SKU-02531,40,38,-2,B-01L-024-2-A,2025-02-10 10:22:00,RCV-008,NEW
RCPT-106781,PO-50012,2025-02-10,10:23:00,SKU-01601,18,20,2,A-03L-001-3-B,2025-02-10 13:08:00,RCV-003,NEW
RCPT-106726,PO-50012,2025-02-10,08:36:00,SKU-02125,2133,2132,-1,A-01R-020-2-B,2025-02-10 10:58:00,RCV-001,NEW
RCPT-106803,PO-50012,2025-02-10,12:36:00,SKU-04245,150,150,0,B-01R-001-1-A,2025-02-10 14:01:00,RCV-006,NEW
RCPT-106750,PO-50012,2025-02-10,12:08:00,SKU-01721,1153,1153,0,A-04L-015-4-B,2025-02-10 14:19:00,RCV-003,NEW
RCPT-106725,PO-50012,2025-02-10,09:22:00,SKU-01170,798,799,1,A-03L-002-3-B,2025-02-10 11:12:00,RCV-002,NEW
RCPT-106775,PO-50012,2025-02-10,07:04:00,SKU-03692,41,43,2,C-02L-018-2-B,2025-02-10 08:59:00,RCV-005,NEW
RCPT-106808,PO-50012,2025-02-10,09:59:00,SKU-01915,73,72,-1,A-04R-017-2-B,2025-02-10 11:13:00,RCV-004,NEW
RCPT-106790,PO-50012,2025-02-10,11:48:00,SKU-01528,58,57,-1,B-03R-015-4-B,2025-02-10 14:41:00,RCV-006,NEW
RCPT-106830,PO-50012,2025-02-10,12:35:00,SKU-02956,155,154,-1,A-01L-011-1-A,2025-02-10 14:19:00,RCV-002,NEW
RCPT-106887,PO-50013,2025-02-11,07:31:00,SKU-04563,276,276,0,A-02L-022-4-B,2025-02-11 08:10:00,RCV-007,NEW
RCPT-106896,PO-50013,2025-02-11,10:28:00,SKU-03635,192,192,0,A-02R-019-5-A,2025-02-11 10:58:00,RCV-006,NEW
RCPT-106868,PO-50013,2025-02-11,10:07:00,SKU-04528,1152,1153,1,B-02R-014-3-B,2025-02-11 12:28:00,RCV-002,NEW
RCPT-106878,PO-50013,2025-02-11,07:12:00,SKU-04782,338,340,2,C-01L-004-3-A,2025-02-11 09:14:00,RCV-002,NEW
RCPT-106933,PO-50013,2025-02-11,07:10:00,SKU-02861,18,18,0,C-02L-009-5-B,2025-02-11 09:09:00,RCV-006,NEW
RCPT-106891,PO-50013,2025-02-11,11:07:00,SKU-03584,49,47,-2,B-02R-023-1-B,2025-02-11 14:04:00,RCV-007,NEW
RCPT-106951,PO-50013,2025-02-11,10:54:00,SKU-01652,323,322,-1,B-04R-013-1-B,2025-02-11 13:39:00,RCV-003,NEW
RCPT-106879,PO-50013,2025-02-11,06:52:00,SKU-04470,12,14,2,B-01L-008-3-B,2025-02-11 08:13:00,RCV-001,NEW
RCPT-106870,PO-50013,2025-02-11,06:32:00,SKU-03901,12,14,2,C-01L-019-1-A,2025-02-11 07:55:00,RCV-002,NEW
RCPT-106930,PO-50013,2025-02-11,12:41:00,SKU-02506,12,12,0,D-02L-018-1-B,2025-02-11 13:43:00,RCV-007,NEW
RCPT-106864,PO-50013,2025-02-11,11:47:00,SKU-02366,5131,5133,2,A-01R-020-4-A,2025-02-11 12:26:00,RCV-003,NEW
RCPT-106876,PO-50013,2025-02-11,07:46:00,SKU-03727,4725,4725,0,B-02R-023-4-A,2025-02-11 09:56:00,RCV-008,NEW
RCPT-106950,PO-50013,2025-02-11,09:07:00,SKU-04946,23,21,-2,C-01L-023-3-A,2025-02-11 11:55:00,RCV-003,NEW
RCPT-106946,PO-50013,2025-02-11,09:52:00,SKU-00513,26,28,2,B-04R-019-2-A,2025-02-11 10:40:00,RCV-001,NEW
RCPT-106916,PO-50013,2025-02-11,10:21:00,SKU-03823,1251,1252,1,C-02R-020-1-B,2025-02-11 12:43:00,RCV-005,NEW
RCPT-106909,PO-50013,2025-02-11,06:58:00,SKU-00291,100,101,1,A-04L-017-2-A,2025-02-11 09:00:00,RCV-007,NEW
RCPT-106934,PO-50013,2025-02-11,10:13:00,SKU-02340,38,36,-2,D-01R-013-4-B,2025-02-11 10:49:00,RCV-001,NEW
RCPT-106874,PO-50013,2025-02-11,11:59:00,SKU-01204,2396,2398,2,A-03R-016-1-B,2025-02-11 12:49:00,RCV-006,NEW
RCPT-106959,PO-50013,2025-02-11,07:37:00,SKU-02609,2795,2797,2,C-01R-013-1-B,2025-02-11 10:00:00,RCV-007,NEW
RCPT-106899,PO-50013,2025-02-11,10:55:00,SKU-02205,21,23,2,D-01R-021-2-A,2025-02-11 13:17:00,RCV-008,NEW
RCPT-106871,PO-50013,2025-02-11,06:20:00,SKU-04457,3016,3014,-2,A-01L-020-2-B,2025-02-11 08:51:00,RCV-004,NEW
RCPT-106987,PO-50013,2025-02-11,10:38:00,SKU-02893,227,225,-2,B-01L-026-2-B,2025-02-11 13:12:00,RCV-001,NEW
RCPT-106978,PO-50013,2025-02-11,12:23:00,SKU-03850,68,68,0,A-02L-011-4-A,2025-02-11 13:11:00,RCV-004,NEW
RCPT-106952,PO-50013,2025-02-11,06:10:00,SKU-02859,438,436,-2,A-01L-018-3-A,2025-02-11 08:16:00,RCV-004,NEW
RCPT-106925,PO-50013,2025-02-11,10:51:00,SKU-03694,29,31,2,A-01R-017-1-A,2025-02-11 12:22:00,RCV-004,DAMAGED
RCPT-106906,PO-50013,2025-02-11,12:11:00,SKU-02719,14,15,1,D-01L-003-5-B,2025-02-11 14:26:00,RCV-003,NEW
RCPT-106969,PO-50013,2025-02-11,09:01:00,SKU-02169,40,38,-2,B-02L-026-3-A,2025-02-11 10:33:00,RCV-002,NEW
RCPT-106965,PO-50013,2025-02-11,08:22:00,SKU-04814,439,438,-1,B-02R-017-4-A,2025-02-11 09:48:00,RCV-003,NEW
RCPT-106977,PO-50013,2025-02-11,07:36:00,SKU-03049,215,213,-2,C-02L-003-4-A,2025-02-11 08:23:00,RCV-007,NEW
RCPT-106919,PO-50013,2025-02-11,12:29:00,SKU-04608,2502,2501,-1,A-02L-025-1-B,2025-02-11 13:42:00,RCV-004,NEW
RCPT-106974,PO-50013,2025-02-11,08:37:00,SKU-03672,12,13,1,E-02R-020-2-B,2025-02-11 09:40:00,RCV-007,NEW
RCPT-106888,PO-50013,2025-02-11,07:00:00,SKU-04185,56,57,1,A-01L-023-1-B,2025-02-11 08:53:00,RCV-003,NEW
RCPT-106865,PO-50013,2025-02-11,08:59:00,SKU-02939,251,253,2,A-02R-016-5-A,2025-02-11 09:48:00,RCV-003,NEW
RCPT-106918,PO-50013,2025-02-11,07:41:00,SKU-02418,12,12,0,E-01L-004-5-A,2025-02-11 08:39:00,RCV-005,NEW
RCPT-106932,PO-50013,2025-02-11,11:35:00,SKU-01976,80,80,0,A-03L-005-2-A,2025-02-11 13:32:00,RCV-007,NEW
RCPT-107100,PO-50013,2025-02-12,11:26:00,SKU-00374,24,26,2,B-03R-007-3-B,2025-02-12 13:01:00,RCV-008,NEW
RCPT-107104,PO-50013,2025-02-12,08:18:00,SKU-03378,247,249,2,A-01L-004-4-B,2025-02-12 10:41:00,RCV-008,NEW
RCPT-107070,PO-50013,2025-02-12,08:18:00,SKU-01237,24,24,0,D-04R-008-2-A,2025-02-12 09:29:00,RCV-006,NEW
RCPT-107097,PO-50013,2025-02-12,06:19:00,SKU-03554,164,164,0,C-02L-010-3-A,2025-02-12 07:07:00,RCV-004,NEW
RCPT-107095,PO-50013,2025-02-12,11:05:00,SKU-02681,2480,2480,0,A-01R-018-4-B,2025-02-12 11:54:00,RCV-003,NEW
RCPT-107048,PO-50013,2025-02-12,12:17:00,SKU-02366,3967,3967,0,A-01R-020-4-A,2025-02-12 14:24:00,RCV-007,NEW
RCPT-107019,PO-50013,2025-02-12,12:54:00,SKU-01555,42,43,1,A-03L-017-4-A,2025-02-12 15:13:00,RCV-002,NEW
RCPT-107093,PO-50013,2025-02-12,06:12:00,SKU-04247,33,32,-1,B-01R-022-4-B,2025-02-12 07:55:00,RCV-006,NEW
RCPT-107030,PO-50013,2025-02-12,08:04:00,SKU-00422,71,73,2,A-03R-005-2-B,2025-02-12 10:10:00,RCV-008,NEW
RCPT-107051,PO-50013,2025-02-12,06:06:00,SKU-02677,217,217,0,B-01R-002-4-A,2025-02-12 07:48:00,RCV-005,NEW
RCPT-107088,PO-50013,2025-02-12,10:04:00,SKU-00464,145,146,1,B-04L-018-2-A,2025-02-12 11:58:00,RCV-002,NEW
RCPT-107125,PO-50013,2025-02-12,12:13:00,SKU-01331,850,848,-2,A-03R-003-4-B,2025-02-12 13:59:00,RCV-005,NEW
RCPT-107049,PO-50013,2025-02-12,10:54:00,SKU-02104,1881,1879,-2,B-01R-002-1-A,2025-02-12 11:47:00,RCV-005,DAMAGED
RCPT-107131,PO-50013,2025-02-12,11:12:00,SKU-02549,16,16,0,B-02R-026-3-B,2025-02-12 13:17:00,RCV-008,NEW
RCPT-107003,PO-50013,2025-02-12,06:40:00,SKU-04608,2165,2166,1,A-02L-025-1-B,2025-02-12 07:13:00,RCV-004,NEW
RCPT-107134,PO-50013,2025-02-12,06:13:00,SKU-03635,218,220,2,A-02R-019-5-A,2025-02-12 07:59:00,RCV-004,DAMAGED
RCPT-107047,PO-50013,2025-02-12,07:18:00,SKU-01490,943,944,1,B-04R-009-1-A,2025-02-12 08:29:00,RCV-008,NEW
RCPT-107109,PO-50013,2025-02-12,11:36:00,SKU-03968,24,22,-2,A-02L-019-2-B,2025-02-12 14:19:00,RCV-005,NEW
RCPT-107139,PO-50013,2025-02-12,07:54:00,SKU-01872,48,46,-2,A-03L-011-4-B,2025-02-12 09:50:00,RCV-004,NEW
RCPT-107085,PO-50013,2025-02-12,08:55:00,SKU-02353,12,11,-1,E-02R-006-1-A,2025-02-12 10:09:00,RCV-005,NEW
RCPT-107007,PO-50013,2025-02-12,09:14:00,SKU-02271,85,87,2,A-01L-007-1-B,2025-02-12 11:42:00,RCV-002,NEW
RCPT-107090,PO-50013,2025-02-12,06:47:00,SKU-01988,13,12,-1,B-04L-004-4-A,2025-02-12 07:50:00,RCV-002,NEW
RCPT-107201,PO-50014,2025-02-13,08:29:00,SKU-00931,14,14,0,B-04L-010-3-B,2025-02-13 10:08:00,RCV-001,NEW
RCPT-107168,PO-50014,2025-02-13,12:07:00,SKU-04528,808,810,2,B-02R-014-3-B,2025-02-13 14:38:00,RCV-005,NEW
RCPT-107178,PO-50014,2025-02-13,07:09:00,SKU-01652,382,382,0,B-04R-013-1-B,2025-02-13 08:07:00,RCV-003,NEW
RCPT-107185,PO-50014,2025-02-13,12:27:00,SKU-04457,1420,1421,1,A-01L-020-2-B,2025-02-13 14:24:00,RCV-001,NEW
RCPT-107204,PO-50014,2025-02-13,08:55:00,SKU-02609,1696,1698,2,C-01R-013-1-B,2025-02-13 10:27:00,RCV-005,NEW
RCPT-107231,PO-50014,2025-02-13,07:23:00,SKU-02727,66,65,-1,C-01L-017-5-A,2025-02-13 09:39:00,RCV-005,NEW
RCPT-107278,PO-50014,2025-02-13,12:07:00,SKU-01399,29,31,2,B-03R-005-2-A,2025-02-13 12:44:00,RCV-006,NEW
RCPT-107277,PO-50014,2025-02-13,10:37:00,SKU-03439,12,10,-2,E-02R-004-3-A,2025-02-13 12:32:00,RCV-007,NEW
RCPT-107220,PO-50014,2025-02-13,11:24:00,SKU-04468,12,11,-1,D-01R-013-5-A,2025-02-13 11:56:00,RCV-008,NEW
RCPT-107228,PO-50014,2025-02-13,11:43:00,SKU-01490,2004,2005,1,B-04R-009-1-A,2025-02-13 12:48:00,RCV-007,NEW
RCPT-107191,PO-50014,2025-02-13,06:10:00,SKU-01331,526,525,-1,A-03R-003-4-B,2025-02-13 07:02:00,RCV-002,DAMAGED
RCPT-107198,PO-50014,2025-02-13,08:28:00,SKU-00303,134,136,2,B-03L-008-1-A,2025-02-13 09:38:00,RCV-005,NEW
RCPT-107270,PO-50014,2025-02-13,08:21:00,SKU-01121,1544,1543,-1,B-04R-017-4-A,2025-02-13 09:21:00,RCV-004,NEW
RCPT-107247,PO-50014,2025-02-13,08:11:00,SKU-02859,435,434,-1,A-01L-018-3-A,2025-02-13 10:57:00,RCV-007,NEW
RCPT-107256,PO-50014,2025-02-13,08:13:00,SKU-03018,656,654,-2,C-02L-015-3-B,2025-02-13 11:10:00,RCV-008,NEW
RCPT-107217,PO-50014,2025-02-13,07:23:00,SKU-02340,33,33,0,D-01R-013-4-B,2025-02-13 09:01:00,RCV-004,NEW
RCPT-107152,PO-50014,2025-02-13,12:11:00,SKU-02366,5839,5841,2,A-01R-020-4-A,2025-02-13 12:57:00,RCV-004,NEW
RCPT-107221,PO-50014,2025-02-13,06:36:00,SKU-04710,371,372,1,A-02L-008-2-A,2025-02-13 07:52:00,RCV-006,NEW
RCPT-107223,PO-50014,2025-02-13,11:24:00,SKU-04187,56,57,1,C-02L-010-1-B,2025-02-13 13:42:00,RCV-001,NEW
RCPT-107175,PO-50014,2025-02-13,11:01:00,SKU-00872,2597,2595,-2,A-04L-005-1-A,2025-02-13 12:44:00,RCV-001,NEW
RCPT-107153,PO-50014,2025-02-13,10:41:00,SKU-02890,12,12,0,C-01L-006-3-B,2025-02-13 11:37:00,RCV-004,NEW
RCPT-107212,PO-50014,2025-02-13,06:20:00,SKU-04346,37,35,-2,C-02L-009-3-B,2025-02-13 07:25:00,RCV-004,NEW
RCPT-107307,PO-50015,2025-02-14,06:14:00,SKU-04738,15,13,-2,A-01R-022-4-B,2025-02-14 06:45:00,RCV-003,NEW
RCPT-107356,PO-50015,2025-02-14,11:49:00,SKU-01976,97,98,1,A-03L-005-2-A,2025-02-14 12:55:00,RCV-008,NEW
RCPT-107318,PO-50015,2025-02-14,06:00:00,SKU-00411,72,72,0,C-03L-008-4-A,2025-02-14 08:46:00,RCV-006,NEW
RCPT-107339,PO-50015,2025-02-14,09:48:00,SKU-00489,52,54,2,C-03L-017-1-B,2025-02-14 11:30:00,RCV-003,NEW
RCPT-107363,PO-50015,2025-02-14,08:20:00,SKU-04768,627,627,0,A-01R-021-2-A,2025-02-14 09:57:00,RCV-003,NEW
RCPT-107341,PO-50015,2025-02-14,11:39:00,SKU-00920,27,25,-2,A-03R-014-3-B,2025-02-14 14:19:00,RCV-008,NEW
RCPT-107417,PO-50015,2025-02-14,08:39:00,SKU-04813,168,169,1,C-02L-008-2-B,2025-02-14 09:26:00,RCV-008,NEW
RCPT-107431,PO-50015,2025-02-14,12:01:00,SKU-04928,655,655,0,B-01L-013-2-B,2025-02-14 14:43:00,RCV-007,NEW
RCPT-107442,PO-50015,2025-02-14,11:05:00,SKU-04556,12,13,1,E-01R-018-3-B,2025-02-14 12:18:00,RCV-008,NEW
RCPT-107293,PO-50015,2025-02-14,06:05:00,SKU-03772,25,23,-2,C-02R-016-2-B,2025-02-14 08:35:00,RCV-008,NEW
RCPT-107306,PO-50015,2025-02-14,10:06:00,SKU-03150,12,10,-2,D-01R-012-3-A,2025-02-14 11:23:00,RCV-001,NEW
RCPT-107326,PO-50015,2025-02-14,08:07:00,SKU-00872,4055,4053,-2,A-04L-005-1-A,2025-02-14 09:09:00,RCV-005,NEW
RCPT-107403,PO-50015,2025-02-14,09:23:00,SKU-02832,12,10,-2,C-01R-019-3-B,2025-02-14 10:09:00,RCV-004,NEW
RCPT-107303,PO-50015,2025-02-14,06:22:00,SKU-02050,600,598,-2,C-02L-007-1-A,2025-02-14 07:12:00,RCV-004,NEW
RCPT-107395,PO-50015,2025-02-14,07:25:00,SKU-00331,12,14,2,B-04L-003-2-B,2025-02-14 08:22:00,RCV-001,NEW
RCPT-107375,PO-50015,2025-02-14,08:21:00,SKU-00084,299,300,1,A-03L-015-3-A,2025-02-14 11:10:00,RCV-007,NEW
RCPT-107405,PO-50015,2025-02-14,08:44:00,SKU-02886,17,17,0,B-01L-013-2-A,2025-02-14 09:52:00,RCV-004,NEW
RCPT-107369,PO-50015,2025-02-14,07:35:00,SKU-00688,12,13,1,B-04R-010-4-A,2025-02-14 08:29:00,RCV-001,NEW
RCPT-107317,PO-50015,2025-02-14,10:37:00,SKU-02509,1337,1338,1,B-01L-020-5-A,2025-02-14 11:53:00,RCV-005,NEW
RCPT-107406,PO-50015,2025-02-14,11:57:00,SKU-01490,1584,1582,-2,B-04R-009-1-A,2025-02-14 14:40:00,RCV-003,NEW
RCPT-107330,PO-50015,2025-02-14,06:34:00,SKU-02816,123,125,2,A-02R-004-2-A,2025-02-14 08:45:00,RCV-001,NEW
RCPT-107348,PO-50015,2025-02-14,07:17:00,SKU-00063,39,37,-2,C-04L-014-4-A,2025-02-14 09:47:00,RCV-006,NEW
RCPT-107427,PO-50015,2025-02-14,08:45:00,SKU-03041,37,38,1,A-01R-001-1-A,2025-02-14 10:00:00,RCV-001,NEW
RCPT-107301,PO-50015,2025-02-14,11:33:00,SKU-02223,15,13,-2,C-02R-002-3-B,2025-02-14 13:25:00,RCV-007,NEW
RCPT-107335,PO-50015,2025-02-14,09:59:00,SKU-04893,12,10,-2,E-02L-022-3-B,2025-02-14 11:51:00,RCV-003,NEW
RCPT-107458,PO-50015,2025-02-15,12:38:00,SKU-02681,2377,2376,-1,A-01R-018-4-B,2025-02-15 13:48:00,RCV-002,NEW
RCPT-107502,PO-50015,2025-02-15,11:45:00,SKU-03057,62,61,-1,C-01R-026-4-B,2025-02-15 14:00:00,RCV-003,NEW
RCPT-107539,PO-50015,2025-02-15,08:27:00,SKU-00017,326,328,2,B-03R-001-4-B,2025-02-15 10:21:00,RCV-004,NEW
RCPT-107567,PO-50015,2025-02-15,11:35:00,SKU-03244,12,13,1,C-01L-009-4-B,2025-02-15 13:56:00,RCV-004,NEW
RCPT-107486,PO-50015,2025-02-15,11:44:00,SKU-02105,110,109,-1,A-01R-009-2-A,2025-02-15 12:29:00,RCV-001,NEW
RCPT-107569,PO-50015,2025-02-15,12:35:00,SKU-00546,46,47,1,A-04L-008-4-B,2025-02-15 14:37:00,RCV-007,DAMAGED
RCPT-107503,PO-50015,2025-02-15,06:12:00,SKU-00079,214,215,1,A-03R-013-2-B,2025-02-15 08:49:00,RCV-008,NEW
RCPT-107589,PO-50015,2025-02-15,08:02:00,SKU-00319,12,13,1,B-03R-003-2-B,2025-02-15 10:01:00,RCV-008,NEW
RCPT-107585,PO-50015,2025-02-15,10:50:00,SKU-04435,740,741,1,A-02R-016-4-A,2025-02-15 12:47:00,RCV-002,NEW
RCPT-107584,PO-50015,2025-02-15,08:44:00,SKU-02738,26,26,0,B-02L-024-3-A,2025-02-15 11:31:00,RCV-001,NEW
RCPT-107449,PO-50015,2025-02-15,11:09:00,SKU-02250,33,34,1,C-02L-016-2-B,2025-02-15 14:00:00,RCV-004,NEW
RCPT-107482,PO-50015,2025-02-15,11:32:00,SKU-02933,12,13,1,E-02R-015-1-A,2025-02-15 14:14:00,RCV-008,NEW
RCPT-107582,PO-50015,2025-02-15,09:11:00,SKU-04644,65,66,1,C-02L-023-3-A,2025-02-15 11:13:00,RCV-007,NEW
RCPT-107576,PO-50015,2025-02-15,11:32:00,SKU-04346,22,24,2,C-02L-009-3-B,2025-02-15 13:13:00,RCV-002,NEW
RCPT-107495,PO-50015,2025-02-15,08:18:00,SKU-04041,10457,10457,0,A-02R-002-2-B,2025-02-15 10:37:00,RCV-001,NEW
RCPT-107536,PO-50015,2025-02-15,10:08:00,SKU-04891,22,20,-2,C-02L-011-5-B,2025-02-15 10:38:00,RCV-004,NEW
RCPT-107447,PO-50015,2025-02-15,08:49:00,SKU-01019,575,575,0,B-03R-014-1-A,2025-02-15 09:57:00,RCV-006,NEW
RCPT-107542,PO-50015,2025-02-15,10:21:00,SKU-04691,15,14,-1,C-01R-009-3-B,2025-02-15 12:29:00,RCV-007,NEW
RCPT-107525,PO-50015,2025-02-15,10:10:00,SKU-00956,12,13,1,D-04L-015-1-A,2025-02-15 12:59:00,RCV-001,NEW
RCPT-107500,PO-50015,2025-02-15,09:30:00,SKU-04778,121,123,2,B-01L-023-3-B,2025-02-15 12:07:00,RCV-005,NEW
RCPT-107568,PO-50015,2025-02-15,06:14:00,SKU-02124,31,31,0,B-01R-023-4-A,2025-02-15 08:52:00,RCV-001,NEW
RCPT-107445,PO-50015,2025-02-15,10:57:00,SKU-02908,6669,6670,1,B-02L-005-3-A,2025-02-15 12:31:00,RCV-004,NEW
RCPT-107468,PO-50015,2025-02-15,09:02:00,SKU-02961,126,127,1,B-02R-006-3-A,2025-02-15 10:03:00,RCV-004,NEW
RCPT-107578,PO-50015,2025-02-15,09:50:00,SKU-02034,485,486,1,A-02L-014-4-B,2025-02-15 11:38:00,RCV-003,NEW
RCPT-107481,PO-50015,2025-02-15,08:00:00,SKU-00872,4280,4278,-2,A-04L-005-1-A,2025-02-15 10:36:00,RCV-003,NEW
RCPT-107558,PO-50015,2025-02-15,11:11:00,SKU-00759,12,11,-1,C-04R-014-4-A,2025-02-15 13:40:00,RCV-008,NEW
RCPT-107466,PO-50015,2025-02-15,06:22:00,SKU-00809,12,14,2,D-04R-019-1-B,2025-02-15 09:20:00,RCV-003,NEW
RCPT-107451,PO-50015,2025-02-15,07:08:00,SKU-00074,12,14,2,E-03R-018-1-A,2025-02-15 09:39:00,RCV-008,NEW
RCPT-107592,PO-50015,2025-02-15,07:55:00,SKU-00341,91,89,-2,A-04R-007-1-A,2025-02-15 08:58:00,RCV-008,NEW
RCPT-107609,PO-50015,2025-02-15,08:50:00,SKU-00910,204,205,1,B-04R-014-3-A,2025-02-15 11:30:00,RCV-007,NEW
RCPT-107602,PO-50015,2025-02-15,09:05:00,SKU-04733,518,520,2,A-01R-018-1-A,2025-02-15 09:36:00,RCV-007,NEW
RCPT-107603,PO-50015,2025-02-15,08:26:00,SKU-00404,13,14,1,B-04L-002-3-B,2025-02-15 09:50:00,RCV-003,NEW
RCPT-107469,PO-50015,2025-02-15,12:50:00,SKU-04768,840,838,-2,A-01R-021-2-A,2025-02-15 14:04:00,RCV-002,NEW
RCPT-107553,PO-50015,2025-02-15,12:17:00,SKU-00396,12,10,-2,C-04R-018-3-A,2025-02-15 12:57:00,RCV-002,NEW
RCPT-107571,PO-50015,2025-02-15,10:37:00,SKU-03088,71,71,0,E-01R-025-3-A,2025-02-15 11:10:00,RCV-004,NEW
RCPT-107615,PO-50015,2025-02-15,07:54:00,SKU-04510,12,10,-2,E-02L-001-3-A,2025-02-15 10:36:00,RCV-008,NEW
RCPT-107488,PO-50015,2025-02-15,06:35:00,SKU-04869,31,31,0,B-01R-017-1-B,2025-02-15 08:14:00,RCV-003,NEW
RCPT-107456,PO-50015,2025-02-15,08:57:00,SKU-02948,14,16,2,C-02R-018-1-A,2025-02-15 10:57:00,RCV-007,NEW
RCPT-107497,PO-50015,2025-02-15,10:00:00,SKU-00643,103,103,0,A-03R-014-2-B,2025-02-15 12:29:00,RCV-002,NEW
RCPT-107515,PO-50015,2025-02-15,10:37:00,SKU-03830,90,89,-1,A-02R-011-1-A,2025-02-15 12:52:00,RCV-001,NEW
RCPT-107534,PO-50015,2025-02-15,09:18:00,SKU-04742,21,22,1,C-02L-013-2-B,2025-02-15 10:24:00,RCV-003,NEW
RCPT-107467,PO-50015,2025-02-15,08:52:00,SKU-01721,911,910,-1,A-04L-015-4-B,2025-02-15 10:13:00,RCV-001,NEW
RCPT-107476,PO-50015,2025-02-15,12:24:00,SKU-02509,1762,1761,-1,B-01L-020-5-A,2025-02-15 13:46:00,RCV-003,NEW
RCPT-107554,PO-50015,2025-02-15,10:49:00,SKU-02404,100,100,0,A-01R-019-4-B,2025-02-15 11:36:00,RCV-006,NEW
RCPT-107537,PO-50015,2025-02-15,12:16:00,SKU-01250,12,12,0,C-04L-003-3-A,2025-02-15 13:38:00,RCV-001,NEW
RCPT-107552,PO-50015,2025-02-15,09:07:00,SKU-00108,15,15,0,B-03L-019-4-A,2025-02-15 11:52:00,RCV-007,NEW
RCPT-107474,PO-50015,2025-02-15,12:54:00,SKU-02272,494,493,-1,A-02R-002-5-A,2025-02-15 14:55:00,RCV-006,NEW
RCPT-107513,PO-50015,2025-02-15,09:24:00,SKU-00037,589,587,-2,A-03L-004-3-A,2025-02-15 09:58:00,RCV-007,NEW
RCPT-107648,PO-50015,2025-02-17,11:18:00,SKU-02509,728,726,-2,B-01L-020-5-A,2025-02-17 11:56:00,RCV-002,NEW
RCPT-107708,PO-50015,2025-02-17,10:08:00,SKU-03376,20,19,-1,C-01L-019-2-A,2025-02-17 11:56:00,RCV-007,NEW
RCPT-107786,PO-50015,2025-02-17,08:38:00,SKU-00741,12,14,2,E-04L-001-3-B,2025-02-17 11:11:00,RCV-007,NEW
RCPT-107654,PO-50015,2025-02-17,06:41:00,SKU-02357,289,287,-2,C-02L-006-2-A,2025-02-17 07:27:00,RCV-004,NEW
RCPT-107661,PO-50015,2025-02-17,08:17:00,SKU-02585,2429,2430,1,A-01R-012-4-A,2025-02-17 10:30:00,RCV-008,NEW
RCPT-107732,PO-50015,2025-02-17,11:37:00,SKU-04370,393,395,2,A-02R-026-5-A,2025-02-17 13:56:00,RCV-005,NEW
RCPT-107683,PO-50015,2025-02-17,09:55:00,SKU-03968,52,50,-2,A-02L-019-2-B,2025-02-17 10:39:00,RCV-004,NEW
RCPT-107660,PO-50015,2025-02-17,07:17:00,SKU-01077,12,11,-1,D-04L-018-1-A,2025-02-17 08:43:00,RCV-002,NEW
RCPT-107672,PO-50015,2025-02-17,11:38:00,SKU-02933,12,14,2,E-02R-015-1-A,2025-02-17 13:28:00,RCV-005,NEW
RCPT-107713,PO-50015,2025-02-17,11:49:00,SKU-00447,293,293,0,A-04L-008-2-A,2025-02-17 13:10:00,RCV-004,NEW
RCPT-107781,PO-50015,2025-02-17,06:43:00,SKU-04140,15,13,-2,B-02L-005-4-A,2025-02-17 08:35:00,RCV-007,NEW
RCPT-107722,PO-50015,2025-02-17,07:06:00,SKU-03821,160,160,0,A-01R-017-3-A,2025-02-17 08:54:00,RCV-008,NEW
RCPT-107793,PO-50015,2025-02-17,09:54:00,SKU-03590,24,22,-2,A-02L-001-4-A,2025-02-17 10:57:00,RCV-001,NEW
RCPT-107752,PO-50015,2025-02-17,08:24:00,SKU-04639,97,99,2,B-01L-011-4-B,2025-02-17 09:03:00,RCV-007,NEW
RCPT-107647,PO-50015,2025-02-17,10:08:00,SKU-02185,565,566,1,C-01R-009-4-B,2025-02-17 11:28:00,RCV-005,NEW
RCPT-107757,PO-50015,2025-02-17,09:12:00,SKU-00182,14,15,1,D-04L-005-4-B,2025-02-17 10:56:00,RCV-004,NEW
RCPT-107724,PO-50015,2025-02-17,08:01:00,SKU-00394,26,25,-1,B-03R-010-2-A,2025-02-17 10:50:00,RCV-004,NEW
RCPT-107649,PO-50015,2025-02-17,07:34:00,SKU-01645,30,28,-2,B-04R-009-2-A,2025-02-17 09:25:00,RCV-008,NEW
RCPT-107731,PO-50015,2025-02-17,10:55:00,SKU-04875,108,106,-2,B-02R-023-5-B,2025-02-17 11:34:00,RCV-005,NEW
RCPT-107691,PO-50015,2025-02-17,08:23:00,SKU-01999,209,208,-1,A-04L-007-3-A,2025-02-17 09:29:00,RCV-007,NEW
RCPT-107653,PO-50015,2025-02-17,11:11:00,SKU-03992,12,12,0,A-01R-013-3-A,2025-02-17 12:07:00,RCV-008,NEW
RCPT-107748,PO-50015,2025-02-17,11:23:00,SKU-00796,57,57,0,A-04R-013-4-A,2025-02-17 13:55:00,RCV-006,NEW
RCPT-107745,PO-50015,2025-02-17,10:40:00,SKU-04664,178,176,-2,A-02R-002-3-A,2025-02-17 12:22:00,RCV-006,NEW
RCPT-107695,PO-50015,2025-02-17,11:37:00,SKU-01161,16,18,2,D-03L-006-2-A,2025-02-17 12:41:00,RCV-003,NEW
RCPT-107747,PO-50015,2025-02-17,07:58:00,SKU-04860,288,287,-1,C-01R-022-2-B,2025-02-17 10:25:00,RCV-005,NEW
RCPT-107717,PO-50015,2025-02-17,09:44:00,SKU-00063,39,37,-2,C-04L-014-4-A,2025-02-17 10:45:00,RCV-003,NEW
RCPT-107725,PO-50015,2025-02-17,08:06:00,SKU-04353,360,358,-2,B-02L-022-4-A,2025-02-17 09:40:00,RCV-008,NEW
RCPT-107760,PO-50015,2025-02-17,06:47:00,SKU-00178,15,16,1,C-04L-017-1-B,2025-02-17 09:13:00,RCV-006,NEW
RCPT-107698,PO-50015,2025-02-17,09:57:00,SKU-04528,1250,1250,0,B-02R-014-3-B,2025-02-17 12:29:00,RCV-006,NEW
RCPT-107682,PO-50015,2025-02-17,08:49:00,SKU-04878,1351,1349,-2,B-01R-016-3-B,2025-02-17 10:05:00,RCV-003,NEW
RCPT-107779,PO-50015,2025-02-17,11:36:00,SKU-00925,197,198,1,B-04R-015-2-B,2025-02-17 14:33:00,RCV-004,NEW
RCPT-107639,PO-50015,2025-02-17,11:43:00,SKU-04477,87,86,-1,B-02L-001-2-A,2025-02-17 13:18:00,RCV-005,NEW
RCPT-107729,PO-50015,2025-02-17,10:34:00,SKU-01297,12,14,2,C-03R-006-4-B,2025-02-17 11:04:00,RCV-008,NEW
RCPT-107738,PO-50015,2025-02-17,08:28:00,SKU-00838,674,672,-2,A-03L-009-1-B,2025-02-17 10:26:00,RCV-001,NEW
RCPT-107782,PO-50015,2025-02-17,09:51:00,SKU-02676,79,81,2,B-02R-014-4-B,2025-02-17 10:30:00,RCV-004,NEW
RCPT-107665,PO-50015,2025-02-17,06:52:00,SKU-02273,75,77,2,B-01R-010-5-B,2025-02-17 08:07:00,RCV-007,NEW
RCPT-107780,PO-50015,2025-02-17,10:13:00,SKU-01079,12,14,2,C-03R-002-2-B,2025-02-17 12:43:00,RCV-003,NEW
RCPT-107650,PO-50015,2025-02-17,11:37:00,SKU-02993,19,20,1,C-01R-019-1-B,2025-02-17 13:03:00,RCV-002,DAMAGED
RCPT-107751,PO-50015,2025-02-17,07:23:00,SKU-03378,616,617,1,A-01L-004-4-B,2025-02-17 08:05:00,RCV-007,NEW
RCPT-107775,PO-50015,2025-02-17,09:03:00,SKU-03823,1074,1076,2,C-02R-020-1-B,2025-02-17 11:36:00,RCV-006,NEW
RCPT-107685,PO-50015,2025-02-17,06:44:00,SKU-02823,12,13,1,D-02L-012-2-A,2025-02-17 08:31:00,RCV-002,NEW
RCPT-107719,PO-50015,2025-02-17,12:28:00,SKU-04942,105,106,1,B-01R-023-1-B,2025-02-17 13:17:00,RCV-007,NEW
RCPT-107888,PO-50016,2025-02-18,12:08:00,SKU-02298,173,173,0,A-01L-014-4-A,2025-02-18 13:01:00,RCV-006,NEW
RCPT-107850,PO-50016,2025-02-18,09:27:00,SKU-03823,1537,1538,1,C-02R-020-1-B,2025-02-18 11:12:00,RCV-002,NEW
RCPT-107882,PO-50016,2025-02-18,12:57:00,SKU-01207,263,264,1,B-04R-018-4-B,2025-02-18 14:32:00,RCV-004,NEW
RCPT-107834,PO-50016,2025-02-18,08:56:00,SKU-00367,59,61,2,A-04L-014-1-B,2025-02-18 10:58:00,RCV-002,NEW
RCPT-107811,PO-50016,2025-02-18,11:48:00,SKU-02859,1130,1131,1,A-01L-018-3-A,2025-02-18 12:32:00,RCV-004,NEW
RCPT-107801,PO-50016,2025-02-18,09:40:00,SKU-04865,1299,1301,2,A-01R-011-4-B,2025-02-18 11:12:00,RCV-001,NEW
RCPT-107936,PO-50016,2025-02-18,10:39:00,SKU-01997,12,10,-2,D-04R-008-1-A,2025-02-18 13:02:00,RCV-007,NEW
RCPT-107858,PO-50016,2025-02-18,11:25:00,SKU-02775,506,505,-1,C-01R-023-3-A,2025-02-18 12:42:00,RCV-006,NEW
RCPT-107809,PO-50016,2025-02-18,11:47:00,SKU-02737,96,96,0,D-01L-021-5-A,2025-02-18 14:23:00,RCV-008,NEW
RCPT-107799,PO-50016,2025-02-18,11:14:00,SKU-02585,3224,3223,-1,A-01R-012-4-A,2025-02-18 11:59:00,RCV-008,NEW
RCPT-107924,PO-50016,2025-02-18,07:06:00,SKU-03865,12,11,-1,D-01L-020-2-A,2025-02-18 07:51:00,RCV-003,NEW
RCPT-107914,PO-50016,2025-02-18,08:02:00,SKU-04664,229,230,1,A-02R-002-3-A,2025-02-18 10:19:00,RCV-007,NEW
RCPT-107934,PO-50016,2025-02-18,07:45:00,SKU-03914,12,14,2,D-02R-004-2-A,2025-02-18 09:56:00,RCV-006,NEW
RCPT-107911,PO-50016,2025-02-18,12:09:00,SKU-00324,74,72,-2,C-03L-004-3-B,2025-02-18 14:45:00,RCV-006,NEW
RCPT-107898,PO-50016,2025-02-18,10:46:00,SKU-03756,86,87,1,A-01L-005-3-A,2025-02-18 12:44:00,RCV-002,NEW
RCPT-107949,PO-50016,2025-02-18,12:56:00,SKU-02272,849,851,2,A-02R-002-5-A,2025-02-18 14:50:00,RCV-003,NEW
RCPT-107827,PO-50016,2025-02-18,07:09:00,SKU-02604,20,22,2,C-02L-013-1-B,2025-02-18 09:34:00,RCV-001,NEW
RCPT-107870,PO-50016,2025-02-18,11:19:00,SKU-00394,41,40,-1,B-03R-010-2-A,2025-02-18 13:13:00,RCV-008,NEW
RCPT-107885,PO-50016,2025-02-18,09:22:00,SKU-03138,28,28,0,A-01L-012-4-B,2025-02-18 11:12:00,RCV-002,NEW
RCPT-107915,PO-50016,2025-02-18,10:33:00,SKU-04860,196,198,2,C-01R-022-2-B,2025-02-18 11:34:00,RCV-005,NEW
RCPT-107937,PO-50016,2025-02-18,06:50:00,SKU-02034,887,886,-1,A-02L-014-4-B,2025-02-18 09:29:00,RCV-008,NEW
RCPT-107841,PO-50016,2025-02-18,11:38:00,SKU-04871,56,58,2,A-02L-019-4-B,2025-02-18 13:00:00,RCV-008,NEW
RCPT-107921,PO-50016,2025-02-18,07:55:00,SKU-00231,19,20,1,A-03R-007-2-B,2025-02-18 09:23:00,RCV-002,NEW
RCPT-107839,PO-50016,2025-02-18,11:15:00,SKU-01596,66,67,1,B-04L-001-4-B,2025-02-18 11:56:00,RCV-002,NEW
RCPT-107826,PO-50016,2025-02-18,10:38:00,SKU-00019,92,91,-1,A-03R-001-1-A,2025-02-18 11:53:00,RCV-006,NEW
RCPT-107884,PO-50016,2025-02-18,08:07:00,SKU-03378,542,542,0,A-01L-004-4-B,2025-02-18 09:20:00,RCV-002,NEW
RCPT-107877,PO-50016,2025-02-18,08:31:00,SKU-01918,62,61,-1,B-04R-013-2-A,2025-02-18 11:02:00,RCV-002,NEW
RCPT-107828,PO-50016,2025-02-18,10:36:00,SKU-04670,294,295,1,C-02R-018-2-B,2025-02-18 13:33:00,RCV-003,NEW
RCPT-107889,PO-50016,2025-02-18,06:53:00,SKU-01747,38,38,0,A-03R-020-1-A,2025-02-18 08:07:00,RCV-006,NEW
RCPT-107806,PO-50016,2025-02-18,06:06:00,SKU-04894,57,57,0,A-02R-007-5-B,2025-02-18 08:28:00,RCV-003,NEW
RCPT-108020,PO-50017,2025-02-19,08:33:00,SKU-02903,334,335,1,B-01R-020-5-B,2025-02-19 10:37:00,RCV-001,NEW
RCPT-108054,PO-50017,2025-02-19,07:21:00,SKU-04878,1215,1216,1,B-01R-016-3-B,2025-02-19 09:17:00,RCV-003,NEW
RCPT-107976,PO-50017,2025-02-19,08:26:00,SKU-02828,386,384,-2,A-02L-007-2-A,2025-02-19 09:45:00,RCV-006,NEW
RCPT-108013,PO-50017,2025-02-19,07:30:00,SKU-04994,33,33,0,C-02L-011-5-A,2025-02-19 09:30:00,RCV-008,NEW
RCPT-108091,PO-50017,2025-02-19,09:34:00,SKU-03857,12,12,0,C-01L-017-1-A,2025-02-19 11:33:00,RCV-003,NEW
RCPT-108074,PO-50017,2025-02-19,11:53:00,SKU-00447,147,149,2,A-04L-008-2-A,2025-02-19 13:44:00,RCV-001,NEW
RCPT-108079,PO-50017,2025-02-19,12:00:00,SKU-04758,12,12,0,D-02R-007-4-B,2025-02-19 14:09:00,RCV-006,NEW
RCPT-108086,PO-50017,2025-02-19,10:09:00,SKU-04745,40,38,-2,B-01R-013-5-A,2025-02-19 12:49:00,RCV-001,NEW
RCPT-108072,PO-50017,2025-02-19,12:38:00,SKU-02223,26,26,0,C-02R-002-3-B,2025-02-19 14:19:00,RCV-001,NEW
RCPT-108094,PO-50017,2025-02-19,07:12:00,SKU-02858,76,78,2,A-01R-006-4-B,2025-02-19 10:04:00,RCV-006,NEW
RCPT-108048,PO-50017,2025-02-19,07:51:00,SKU-03850,140,141,1,A-02L-011-4-A,2025-02-19 10:08:00,RCV-001,NEW
RCPT-107998,PO-50017,2025-02-19,07:08:00,SKU-01490,1242,1242,0,B-04R-009-1-A,2025-02-19 09:56:00,RCV-003,NEW
RCPT-107974,PO-50017,2025-02-19,11:38:00,SKU-04538,1304,1302,-2,A-01R-001-1-B,2025-02-19 14:03:00,RCV-008,NEW
RCPT-108088,PO-50017,2025-02-19,10:39:00,SKU-03256,12,14,2,B-02L-012-5-A,2025-02-19 13:23:00,RCV-004,NEW
RCPT-107955,PO-50017,2025-02-19,09:30:00,SKU-00628,26,28,2,C-03L-011-1-B,2025-02-19 10:00:00,RCV-006,NEW
RCPT-108010,PO-50017,2025-02-19,12:28:00,SKU-03727,7428,7429,1,B-02R-023-4-A,2025-02-19 14:34:00,RCV-007,NEW
RCPT-108039,PO-50017,2025-02-19,08:17:00,SKU-00446,349,351,2,B-04L-006-4-A,2025-02-19 11:10:00,RCV-008,NEW
RCPT-108058,PO-50017,2025-02-19,07:59:00,SKU-02045,522,521,-1,B-01R-025-3-A,2025-02-19 10:07:00,RCV-004,NEW
RCPT-107985,PO-50017,2025-02-19,06:13:00,SKU-00872,4406,4405,-1,A-04L-005-1-A,2025-02-19 08:41:00,RCV-001,NEW
RCPT-108025,PO-50017,2025-02-19,09:51:00,SKU-00689,12,13,1,E-03R-005-1-B,2025-02-19 10:38:00,RCV-002,NEW
RCPT-108034,PO-50017,2025-02-19,06:21:00,SKU-00925,87,88,1,B-04R-015-2-B,2025-02-19 07:59:00,RCV-008,NEW
RCPT-108049,PO-50017,2025-02-19,06:05:00,SKU-02053,38,39,1,A-01R-017-2-A,2025-02-19 08:26:00,RCV-005,NEW
RCPT-108030,PO-50017,2025-02-19,08:06:00,SKU-04183,201,200,-1,A-01L-010-2-B,2025-02-19 10:59:00,RCV-008,NEW
RCPT-108087,PO-50017,2025-02-19,09:39:00,SKU-04528,1229,1227,-2,B-02R-014-3-B,2025-02-19 11:47:00,RCV-002,NEW
RCPT-108082,PO-50017,2025-02-19,11:48:00,SKU-04904,14,16,2,D-02R-024-1-B,2025-02-19 12:45:00,RCV-003,NEW
RCPT-108008,PO-50017,2025-02-19,11:42:00,SKU-00449,52,50,-2,B-03R-011-1-B,2025-02-19 13:32:00,RCV-008,NEW
RCPT-108019,PO-50017,2025-02-19,08:48:00,SKU-02893,189,187,-2,B-01L-026-2-B,2025-02-19 11:43:00,RCV-002,NEW
RCPT-108066,PO-50017,2025-02-19,08:35:00,SKU-02354,36,36,0,C-01R-012-4-B,2025-02-19 10:39:00,RCV-006,NEW
RCPT-107969,PO-50017,2025-02-19,11:08:00,SKU-03464,51,49,-2,A-01L-024-5-A,2025-02-19 13:52:00,RCV-004,NEW
RCPT-108099,PO-50017,2025-02-19,10:30:00,SKU-04733,293,293,0,A-01R-018-1-A,2025-02-19 13:23:00,RCV-007,NEW
RCPT-108101,PO-50017,2025-02-20,08:17:00,SKU-04321,12,11,-1,B-02R-007-2-B,2025-02-20 10:23:00,RCV-002,NEW
RCPT-108121,PO-50017,2025-02-20,09:44:00,SKU-01255,16,17,1,C-03R-005-1-B,2025-02-20 12:12:00,RCV-004,NEW
RCPT-108145,PO-50017,2025-02-20,06:01:00,SKU-02125,2860,2858,-2,A-01R-020-2-B,2025-02-20 06:35:00,RCV-002,NEW
RCPT-108203,PO-50017,2025-02-20,10:28:00,SKU-02667,22,22,0,E-01R-021-4-B,2025-02-20 13:03:00,RCV-008,NEW
RCPT-108129,PO-50017,2025-02-20,09:41:00,SKU-02291,130,129,-1,D-01R-026-1-A,2025-02-20 12:27:00,RCV-008,NEW
RCPT-108198,PO-50017,2025-02-20,06:29:00,SKU-02341,15,16,1,D-01R-025-3-A,2025-02-20 07:26:00,RCV-008,NEW
RCPT-108124,PO-50017,2025-02-20,12:34:00,SKU-02660,22,21,-1,D-01L-004-3-B,2025-02-20 14:11:00,RCV-004,NEW
RCPT-108151,PO-50017,2025-02-20,07:38:00,SKU-01918,80,78,-2,B-04R-013-2-A,2025-02-20 08:18:00,RCV-006,NEW
RCPT-108161,PO-50017,2025-02-20,11:36:00,SKU-01625,12,11,-1,D-03L-008-1-B,2025-02-20 13:23:00,RCV-005,NEW
RCPT-108113,PO-50017,2025-02-20,09:18:00,SKU-02699,285,285,0,C-01L-007-2-B,2025-02-20 11:13:00,RCV-004,NEW
RCPT-108229,PO-50017,2025-02-20,12:37:00,SKU-01154,17,19,2,D-03L-003-3-A,2025-02-20 14:35:00,RCV-003,NEW
RCPT-108225,PO-50017,2025-02-20,06:17:00,SKU-01143,12,12,0,C-04L-016-2-A,2025-02-20 08:05:00,RCV-008,NEW
RCPT-108178,PO-50017,2025-02-20,12:51:00,SKU-04512,19,17,-2,B-02L-007-4-A,2025-02-20 15:34:00,RCV-002,NEW
RCPT-108192,PO-50017,2025-02-20,06:08:00,SKU-02411,26,26,0,D-02R-003-4-B,2025-02-20 06:48:00,RCV-007,NEW
RCPT-108100,PO-50017,2025-02-20,07:31:00,SKU-01344,12,11,-1,E-04L-001-1-B,2025-02-20 09:34:00,RCV-001,NEW
RCPT-108187,PO-50017,2025-02-20,08:45:00,SKU-01803,671,673,2,B-03R-020-1-A,2025-02-20 10:08:00,RCV-006,NEW
RCPT-108149,PO-50017,2025-02-20,08:06:00,SKU-04528,1120,1118,-2,B-02R-014-3-B,2025-02-20 08:55:00,RCV-006,NEW
RCPT-108184,PO-50017,2025-02-20,10:41:00,SKU-04733,415,414,-1,A-01R-018-1-A,2025-02-20 11:58:00,RCV-003,NEW
RCPT-108174,PO-50017,2025-02-20,08:37:00,SKU-01121,1850,1848,-2,B-04R-017-4-A,2025-02-20 09:18:00,RCV-003,NEW
RCPT-108213,PO-50017,2025-02-20,12:17:00,SKU-01683,12,14,2,B-03R-014-1-B,2025-02-20 14:12:00,RCV-005,NEW
RCPT-108158,PO-50017,2025-02-20,08:01:00,SKU-03678,32,33,1,D-01R-018-2-B,2025-02-20 09:56:00,RCV-002,NEW
RCPT-108103,PO-50017,2025-02-20,07:40:00,SKU-03727,3145,3144,-1,B-02R-023-4-A,2025-02-20 10:14:00,RCV-003,NEW
RCPT-108116,PO-50017,2025-02-20,06:06:00,SKU-02433,17,18,1,C-01R-001-5-A,2025-02-20 08:25:00,RCV-002,NEW
RCPT-108211,PO-50017,2025-02-20,08:27:00,SKU-02366,2985,2984,-1,A-01R-020-4-A,2025-02-20 11:04:00,RCV-002,NEW
RCPT-108200,PO-50017,2025-02-20,06:23:00,SKU-00925,116,114,-2,B-04R-015-2-B,2025-02-20 08:25:00,RCV-008,NEW
RCPT-108197,PO-50017,2025-02-20,12:57:00,SKU-02487,12,14,2,B-01L-014-5-B,2025-02-20 14:19:00,RCV-006,NEW
RCPT-108180,PO-50017,2025-02-20,09:19:00,SKU-00447,350,349,-1,A-04L-008-2-A,2025-02-20 09:57:00,RCV-008,NEW
RCPT-108196,PO-50017,2025-02-20,09:13:00,SKU-01019,396,394,-2,B-03R-014-1-A,2025-02-20 11:43:00,RCV-006,NEW
RCPT-108164,PO-50017,2025-02-20,12:17:00,SKU-04411,97,95,-2,A-01L-011-5-B,2025-02-20 12:56:00,RCV-005,NEW
RCPT-108214,PO-50017,2025-02-20,12:15:00,SKU-00608,91,91,0,A-03R-011-2-B,2025-02-20 14:50:00,RCV-007,NEW
RCPT-108188,PO-50017,2025-02-20,08:11:00,SKU-02713,116,117,1,B-01L-012-1-B,2025-02-20 10:16:00,RCV-007,NEW
RCPT-108227,PO-50017,2025-02-20,12:41:00,SKU-03825,206,208,2,B-01R-003-2-A,2025-02-20 13:53:00,RCV-002,NEW
RCPT-108117,PO-50017,2025-02-20,10:13:00,SKU-03509,12,14,2,B-01R-019-2-A,2025-02-20 11:00:00,RCV-007,DAMAGED
RCPT-108141,PO-50017,2025-02-20,10:40:00,SKU-04889,119,120,1,A-01L-015-2-B,2025-02-20 12:05:00,RCV-001,NEW
RCPT-108182,PO-50017,2025-02-20,10:28:00,SKU-04795,23,24,1,E-01L-006-3-A,2025-02-20 11:34:00,RCV-002,NEW
RCPT-108233,PO-50017,2025-02-20,11:07:00,SKU-02194,24,23,-1,C-01R-001-2-A,2025-02-20 12:25:00,RCV-005,NEW
RCPT-108206,PO-50017,2025-02-20,12:24:00,SKU-04131,31,31,0,A-02L-001-3-A,2025-02-20 13:27:00,RCV-003,NEW
RCPT-108193,PO-50017,2025-02-20,06:47:00,SKU-02663,44,44,0,E-01R-023-2-B,2025-02-20 09:31:00,RCV-008,NEW
RCPT-108132,PO-50017,2025-02-20,06:59:00,SKU-01318,12,14,2,B-04R-007-1-B,2025-02-20 09:39:00,RCV-003,NEW
RCPT-108147,PO-50017,2025-02-20,06:05:00,SKU-01124,233,235,2,B-03R-007-4-A,2025-02-20 07:14:00,RCV-004,NEW
RCPT-108309,PO-50017,2025-02-21,07:43:00,SKU-01552,384,385,1,A-04R-001-1-B,2025-02-21 08:42:00,RCV-002,NEW
RCPT-108336,PO-50017,2025-02-21,08:43:00,SKU-04782,643,645,2,C-01L-004-3-A,2025-02-21 09:43:00,RCV-002,NEW
RCPT-108310,PO-50017,2025-02-21,06:58:00,SKU-00367,96,97,1,A-04L-014-1-B,2025-02-21 07:46:00,RCV-005,NEW
RCPT-108239,PO-50017,2025-02-21,09:34:00,SKU-02509,828,828,0,B-01L-020-5-A,2025-02-21 10:28:00,RCV-007,NEW
RCPT-108248,PO-50017,2025-02-21,11:11:00,SKU-03825,254,256,2,B-01R-003-2-A,2025-02-21 12:14:00,RCV-008,NEW
RCPT-108345,PO-50017,2025-02-21,07:13:00,SKU-01056,12,14,2,C-04R-013-4-A,2025-02-21 09:25:00,RCV-001,NEW
RCPT-108295,PO-50017,2025-02-21,07:07:00,SKU-02597,206,207,1,A-01L-006-4-B,2025-02-21 07:49:00,RCV-008,NEW
RCPT-108247,PO-50017,2025-02-21,09:14:00,SKU-02875,78,78,0,A-02L-009-4-A,2025-02-21 10:16:00,RCV-007,NEW
RCPT-108358,PO-50017,2025-02-21,08:34:00,SKU-04471,20,22,2,C-02L-014-1-A,2025-02-21 10:48:00,RCV-003,NEW
RCPT-108256,PO-50017,2025-02-21,10:18:00,SKU-02624,796,794,-2,A-02R-022-1-A,2025-02-21 11:10:00,RCV-004,NEW
RCPT-108350,PO-50017,2025-02-21,07:15:00,SKU-03713,27,25,-2,C-01L-016-1-B,2025-02-21 08:55:00,RCV-004,NEW
RCPT-108299,PO-50017,2025-02-21,11:05:00,SKU-01083,77,78,1,B-03L-011-2-A,2025-02-21 13:50:00,RCV-008,NEW
RCPT-108365,PO-50017,2025-02-21,10:19:00,SKU-03250,184,186,2,A-01R-001-3-A,2025-02-21 12:09:00,RCV-004,NEW
RCPT-108242,PO-50017,2025-02-21,09:42:00,SKU-00299,12,10,-2,D-04R-001-2-A,2025-02-21 11:29:00,RCV-001,NEW
RCPT-108304,PO-50017,2025-02-21,06:30:00,SKU-04290,17,15,-2,C-02R-023-1-B,2025-02-21 09:19:00,RCV-003,NEW
RCPT-108351,PO-50017,2025-02-21,10:29:00,SKU-02805,20,20,0,D-02L-025-5-B,2025-02-21 12:28:00,RCV-001,NEW
RCPT-108238,PO-50017,2025-02-21,08:31:00,SKU-00217,74,75,1,C-03L-019-3-B,2025-02-21 10:23:00,RCV-004,NEW
RCPT-108317,PO-50017,2025-02-21,06:20:00,SKU-03994,145,143,-2,A-01L-010-3-A,2025-02-21 07:50:00,RCV-001,NEW
RCPT-108293,PO-50017,2025-02-21,11:26:00,SKU-02585,2896,2894,-2,A-01R-012-4-A,2025-02-21 13:56:00,RCV-007,NEW
RCPT-108344,PO-50017,2025-02-21,11:15:00,SKU-02752,25,24,-1,C-01R-015-3-A,2025-02-21 12:43:00,RCV-004,NEW
RCPT-108255,PO-50017,2025-02-21,09:08:00,SKU-03966,12,11,-1,E-01L-010-3-B,2025-02-21 10:07:00,RCV-005,NEW
RCPT-108270,PO-50017,2025-02-21,11:34:00,SKU-02946,12,13,1,A-01L-003-4-B,2025-02-21 12:28:00,RCV-006,NEW
RCPT-108377,PO-50017,2025-02-21,10:28:00,SKU-04995,13,14,1,B-01R-022-2-A,2025-02-21 12:28:00,RCV-006,NEW
RCPT-108354,PO-50017,2025-02-21,08:34:00,SKU-01850,159,159,0,A-04R-006-2-A,2025-02-21 11:08:00,RCV-007,NEW
RCPT-108274,PO-50017,2025-02-21,10:02:00,SKU-01469,12,11,-1,D-04R-012-1-B,2025-02-21 12:15:00,RCV-001,NEW
RCPT-108318,PO-50017,2025-02-21,09:05:00,SKU-04457,2804,2803,-1,A-01L-020-2-B,2025-02-21 11:48:00,RCV-007,NEW
RCPT-108268,PO-50017,2025-02-21,10:02:00,SKU-02154,112,114,2,B-02R-026-5-A,2025-02-21 12:01:00,RCV-001,NEW
RCPT-108300,PO-50017,2025-02-21,09:56:00,SKU-03394,20,19,-1,C-01L-023-1-A,2025-02-21 11:09:00,RCV-005,NEW
RCPT-108355,PO-50017,2025-02-21,08:13:00,SKU-01609,19,21,2,A-03R-019-1-A,2025-02-21 09:05:00,RCV-008,NEW
RCPT-108332,PO-50017,2025-02-21,06:11:00,SKU-00334,15,17,2,D-04R-020-4-A,2025-02-21 07:10:00,RCV-006,NEW
RCPT-108364,PO-50017,2025-02-21,10:34:00,SKU-02884,110,112,2,D-01R-008-3-B,2025-02-21 13:31:00,RCV-002,NEW
RCPT-108241,PO-50017,2025-02-21,07:41:00,SKU-02908,6299,6299,0,B-02L-005-3-A,2025-02-21 09:41:00,RCV-008,NEW
RCPT-108278,PO-50017,2025-02-21,07:20:00,SKU-04998,25,23,-2,D-01L-024-2-A,2025-02-21 09:22:00,RCV-003,NEW
RCPT-108349,PO-50017,2025-02-21,10:38:00,SKU-00242,12,13,1,E-04R-004-2-B,2025-02-21 12:35:00,RCV-002,NEW
RCPT-108288,PO-50017,2025-02-21,10:58:00,SKU-04037,117,116,-1,A-02R-011-4-B,2025-02-21 12:29:00,RCV-004,NEW
RCPT-108319,PO-50017,2025-02-21,08:07:00,SKU-01204,2089,2089,0,A-03R-016-1-B,2025-02-21 10:27:00,RCV-002,NEW
RCPT-108327,PO-50017,2025-02-21,09:55:00,SKU-02859,1127,1126,-1,A-01L-018-3-A,2025-02-21 11:55:00,RCV-004,NEW
RCPT-108406,PO-50017,2025-02-22,09:04:00,SKU-04041,5778,5776,-2,A-02R-002-2-B,2025-02-22 09:51:00,RCV-003,NEW
RCPT-108483,PO-50017,2025-02-22,08:04:00,SKU-02564,277,278,1,C-01L-011-5-B,2025-02-22 10:54:00,RCV-005,NEW
RCPT-108442,PO-50017,2025-02-22,12:41:00,SKU-04889,101,99,-2,A-01L-015-2-B,2025-02-22 14:29:00,RCV-008,NEW
RCPT-108485,PO-50017,2025-02-22,11:44:00,SKU-04304,82,82,0,A-02R-022-3-B,2025-02-22 12:29:00,RCV-005,NEW
RCPT-108425,PO-50017,2025-02-22,12:06:00,SKU-02185,659,661,2,C-01R-009-4-B,2025-02-22 14:10:00,RCV-001,NEW
RCPT-108393,PO-50017,2025-02-22,08:56:00,SKU-00673,321,321,0,C-03L-015-4-A,2025-02-22 10:04:00,RCV-006,NEW
RCPT-108410,PO-50017,2025-02-22,07:42:00,SKU-04570,12,12,0,D-01R-004-4-A,2025-02-22 09:27:00,RCV-002,NEW
RCPT-108449,PO-50017,2025-02-22,12:32:00,SKU-02731,37,37,0,A-01R-004-5-A,2025-02-22 13:06:00,RCV-002,NEW
RCPT-108409,PO-50017,2025-02-22,08:16:00,SKU-04878,693,691,-2,B-01R-016-3-B,2025-02-22 09:22:00,RCV-001,NEW
RCPT-108460,PO-50017,2025-02-22,12:23:00,SKU-00036,175,174,-1,B-04R-004-4-A,2025-02-22 13:42:00,RCV-008,NEW
RCPT-108487,PO-50017,2025-02-22,10:48:00,SKU-02915,12,11,-1,D-01R-018-2-A,2025-02-22 11:22:00,RCV-005,NEW
RCPT-108513,PO-50017,2025-02-22,08:26:00,SKU-01974,12,14,2,D-04L-008-1-B,2025-02-22 10:17:00,RCV-004,NEW
RCPT-108390,PO-50017,2025-02-22,08:30:00,SKU-00219,12,10,-2,C-03L-004-1-B,2025-02-22 09:53:00,RCV-003,NEW
RCPT-108518,PO-50017,2025-02-22,11:18:00,SKU-00420,107,106,-1,A-03R-014-1-A,2025-02-22 14:12:00,RCV-006,NEW
RCPT-108504,PO-50017,2025-02-22,12:22:00,SKU-00031,53,55,2,B-04L-006-4-B,2025-02-22 14:34:00,RCV-006,NEW
RCPT-108447,PO-50017,2025-02-22,12:30:00,SKU-04841,104,102,-2,B-01L-019-4-A,2025-02-22 13:59:00,RCV-007,NEW
RCPT-108452,PO-50017,2025-02-22,11:13:00,SKU-03803,210,209,-1,A-01R-016-4-A,2025-02-22 13:49:00,RCV-008,NEW
RCPT-108439,PO-50017,2025-02-22,12:52:00,SKU-00735,12,10,-2,D-04R-015-1-A,2025-02-22 13:54:00,RCV-003,NEW
RCPT-108413,PO-50017,2025-02-22,10:47:00,SKU-03727,5728,5726,-2,B-02R-023-4-A,2025-02-22 11:41:00,RCV-005,NEW
RCPT-108492,PO-50017,2025-02-22,08:59:00,SKU-03149,132,130,-2,A-01R-009-5-A,2025-02-22 11:01:00,RCV-005,NEW
RCPT-108478,PO-50017,2025-02-22,12:35:00,SKU-02767,171,170,-1,C-02R-013-1-B,2025-02-22 13:14:00,RCV-006,NEW
RCPT-108470,PO-50017,2025-02-22,09:42:00,SKU-03742,12,10,-2,B-01L-024-4-B,2025-02-22 11:19:00,RCV-002,NEW
RCPT-108388,PO-50017,2025-02-22,09:57:00,SKU-02756,12,13,1,C-02L-022-4-A,2025-02-22 11:48:00,RCV-005,NEW
RCPT-108497,PO-50017,2025-02-22,08:47:00,SKU-02839,18,20,2,C-01R-026-1-A,2025-02-22 09:48:00,RCV-008,NEW
RCPT-108476,PO-50017,2025-02-22,07:41:00,SKU-03376,12,13,1,C-01L-019-2-A,2025-02-22 09:41:00,RCV-004,NEW
RCPT-108482,PO-50017,2025-02-22,07:46:00,SKU-02505,67,66,-1,B-02R-020-5-A,2025-02-22 09:21:00,RCV-002,NEW
RCPT-108477,PO-50017,2025-02-22,06:40:00,SKU-04885,16,17,1,C-01L-011-4-B,2025-02-22 09:15:00,RCV-007,NEW
RCPT-108466,PO-50017,2025-02-22,10:44:00,SKU-03964,29,29,0,A-02L-006-3-A,2025-02-22 12:13:00,RCV-003,NEW
RCPT-108510,PO-50017,2025-02-22,06:10:00,SKU-01668,12,14,2,D-03L-015-2-A,2025-02-22 07:41:00,RCV-005,NEW
RCPT-108426,PO-50017,2025-02-22,12:35:00,SKU-04652,12,12,0,E-01R-019-4-B,2025-02-22 14:06:00,RCV-004,DAMAGED
RCPT-108403,PO-50017,2025-02-22,11:31:00,SKU-04353,263,264,1,B-02L-022-4-A,2025-02-22 14:14:00,RCV-007,NEW
RCPT-108623,PO-50017,2025-02-24,09:01:00,SKU-01126,98,97,-1,D-03L-005-3-B,2025-02-24 10:40:00,RCV-001,NEW
RCPT-108642,PO-50017,2025-02-24,11:03:00,SKU-02891,30,31,1,A-02L-014-3-A,2025-02-24 11:47:00,RCV-008,NEW
RCPT-108583,PO-50017,2025-02-24,08:50:00,SKU-00037,841,841,0,A-03L-004-3-A,2025-02-24 11:29:00,RCV-001,NEW
RCPT-108525,PO-50017,2025-02-24,08:03:00,SKU-01121,791,791,0,B-04R-017-4-A,2025-02-24 10:36:00,RCV-003,NEW
RCPT-108618,PO-50017,2025-02-24,11:06:00,SKU-02908,3300,3299,-1,B-02L-005-3-A,2025-02-24 12:27:00,RCV-001,NEW
RCPT-108582,PO-50017,2025-02-24,12:14:00,SKU-03378,547,549,2,A-01L-004-4-B,2025-02-24 14:23:00,RCV-005,NEW
RCPT-108575,PO-50017,2025-02-24,11:28:00,SKU-04728,20,21,1,D-02R-015-2-A,2025-02-24 13:34:00,RCV-005,NEW
RCPT-108550,PO-50017,2025-02-24,08:37:00,SKU-02272,822,822,0,A-02R-002-5-A,2025-02-24 09:39:00,RCV-007,DAMAGED
RCPT-108528,PO-50017,2025-02-24,09:50:00,SKU-03979,23,25,2,B-02R-002-2-A,2025-02-24 12:38:00,RCV-002,NEW
RCPT-108568,PO-50017,2025-02-24,09:59:00,SKU-03149,206,208,2,A-01R-009-5-A,2025-02-24 11:11:00,RCV-005,NEW
RCPT-108614,PO-50017,2025-02-24,06:43:00,SKU-03033,12,14,2,D-01L-010-4-A,2025-02-24 07:19:00,RCV-002,NEW
RCPT-108602,PO-50017,2025-02-24,07:55:00,SKU-03968,24,26,2,A-02L-019-2-B,2025-02-24 10:16:00,RCV-003,NEW
RCPT-108647,PO-50017,2025-02-24,07:54:00,SKU-02802,51,49,-2,C-01R-020-2-B,2025-02-24 10:17:00,RCV-005,NEW
RCPT-108574,PO-50017,2025-02-24,06:44:00,SKU-00162,35,33,-2,C-03R-006-1-B,2025-02-24 09:31:00,RCV-004,NEW
RCPT-108576,PO-50017,2025-02-24,12:32:00,SKU-04528,1454,1452,-2,B-02R-014-3-B,2025-02-24 15:08:00,RCV-004,NEW
RCPT-108622,PO-50017,2025-02-24,12:07:00,SKU-04244,12,11,-1,E-02R-025-5-B,2025-02-24 13:10:00,RCV-004,NEW
RCPT-108616,PO-50017,2025-02-24,08:28:00,SKU-02737,103,101,-2,D-01L-021-5-A,2025-02-24 09:02:00,RCV-007,DAMAGED
RCPT-108617,PO-50017,2025-02-24,08:22:00,SKU-02523,104,106,2,A-02L-017-1-A,2025-02-24 09:04:00,RCV-006,NEW
RCPT-108589,PO-50017,2025-02-24,12:29:00,SKU-04233,12,12,0,D-01L-005-1-B,2025-02-24 13:25:00,RCV-004,NEW
RCPT-108665,PO-50017,2025-02-24,09:17:00,SKU-01803,421,420,-1,B-03R-020-1-A,2025-02-24 11:54:00,RCV-002,NEW
RCPT-108629,PO-50017,2025-02-24,06:26:00,SKU-03049,481,479,-2,C-02L-003-4-A,2025-02-24 07:35:00,RCV-004,NEW
RCPT-108611,PO-50017,2025-02-24,08:07:00,SKU-04719,45,46,1,B-01L-006-4-B,2025-02-24 10:06:00,RCV-006,NEW
RCPT-108551,PO-50017,2025-02-24,10:21:00,SKU-01124,301,302,1,B-03R-007-4-A,2025-02-24 11:19:00,RCV-002,NEW
RCPT-108557,PO-50017,2025-02-24,10:44:00,SKU-01850,311,312,1,A-04R-006-2-A,2025-02-24 11:41:00,RCV-004,NEW
RCPT-108546,PO-50017,2025-02-24,08:34:00,SKU-03394,17,17,0,C-01L-023-1-A,2025-02-24 09:13:00,RCV-003,NEW
RCPT-108570,PO-50017,2025-02-24,06:28:00,SKU-02585,2248,2246,-2,A-01R-012-4-A,2025-02-24 07:23:00,RCV-004,NEW
RCPT-108541,PO-50017,2025-02-24,10:32:00,SKU-01696,105,103,-2,B-03L-009-3-B,2025-02-24 12:40:00,RCV-007,NEW
RCPT-108758,PO-50017,2025-02-25,07:56:00,SKU-03378,239,239,0,A-01L-004-4-B,2025-02-25 08:40:00,RCV-004,NEW
RCPT-108687,PO-50017,2025-02-25,06:51:00,SKU-02369,12,11,-1,C-02L-007-5-A,2025-02-25 08:44:00,RCV-004,NEW
RCPT-108670,PO-50017,2025-02-25,12:33:00,SKU-00027,12,12,0,D-03L-014-3-A,2025-02-25 13:43:00,RCV-008,NEW
RCPT-108777,PO-50017,2025-02-25,06:09:00,SKU-00520,14,13,-1,C-04R-010-4-B,2025-02-25 09:03:00,RCV-002,NEW
RCPT-108790,PO-50017,2025-02-25,11:35:00,SKU-01490,1757,1759,2,B-04R-009-1-A,2025-02-25 12:54:00,RCV-007,NEW
RCPT-108748,PO-50017,2025-02-25,08:19:00,SKU-00495,24,22,-2,C-03L-011-4-B,2025-02-25 10:48:00,RCV-006,NEW
RCPT-108760,PO-50017,2025-02-25,06:29:00,SKU-01207,234,234,0,B-04R-018-4-B,2025-02-25 07:23:00,RCV-007,NEW
RCPT-108743,PO-50017,2025-02-25,09:39:00,SKU-00303,137,138,1,B-03L-008-1-A,2025-02-25 11:01:00,RCV-007,NEW
RCPT-108781,PO-50017,2025-02-25,12:57:00,SKU-02565,51,49,-2,D-02L-009-5-A,2025-02-25 13:35:00,RCV-006,NEW
RCPT-108704,PO-50017,2025-02-25,06:30:00,SKU-00315,164,166,2,A-03R-020-4-A,2025-02-25 07:30:00,RCV-003,NEW
RCPT-108715,PO-50017,2025-02-25,06:34:00,SKU-04347,353,351,-2,B-02R-012-5-B,2025-02-25 09:29:00,RCV-007,NEW
RCPT-108688,PO-50017,2025-02-25,11:41:00,SKU-04044,12,13,1,C-01L-005-1-A,2025-02-25 14:35:00,RCV-008,NEW
RCPT-108764,PO-50017,2025-02-25,10:59:00,SKU-02436,23,24,1,D-01L-005-4-A,2025-02-25 11:35:00,RCV-002,NEW
RCPT-108769,PO-50017,2025-02-25,06:37:00,SKU-04522,12,14,2,B-02R-021-4-B,2025-02-25 08:05:00,RCV-006,NEW
RCPT-108731,PO-50017,2025-02-25,09:11:00,SKU-01962,17,19,2,A-03L-017-3-B,2025-02-25 10:54:00,RCV-008,NEW
RCPT-108773,PO-50017,2025-02-25,07:56:00,SKU-03823,1514,1513,-1,C-02R-020-1-B,2025-02-25 09:27:00,RCV-008,NEW
RCPT-108692,PO-50017,2025-02-25,12:20:00,SKU-01204,4288,4290,2,A-03R-016-1-B,2025-02-25 14:32:00,RCV-003,NEW
RCPT-108668,PO-50017,2025-02-25,09:56:00,SKU-03746,12,12,0,B-01R-014-1-A,2025-02-25 10:40:00,RCV-002,NEW
RCPT-108739,PO-50017,2025-02-25,07:04:00,SKU-04670,462,463,1,C-02R-018-2-B,2025-02-25 09:44:00,RCV-003,NEW
RCPT-108699,PO-50017,2025-02-25,06:54:00,SKU-00037,786,785,-1,A-03L-004-3-A,2025-02-25 07:29:00,RCV-006,NEW
RCPT-108679,PO-50017,2025-02-25,07:03:00,SKU-00820,12,14,2,E-04L-010-3-B,2025-02-25 09:49:00,RCV-006,NEW
RCPT-108797,PO-50017,2025-02-25,10:23:00,SKU-04297,50,52,2,B-01L-002-3-A,2025-02-25 13:09:00,RCV-008,NEW
RCPT-108675,PO-50017,2025-02-25,06:21:00,SKU-04041,8349,8347,-2,A-02R-002-2-B,2025-02-25 07:46:00,RCV-005,NEW
RCPT-108735,PO-50017,2025-02-25,06:10:00,SKU-03645,69,69,0,B-01L-001-3-A,2025-02-25 09:07:00,RCV-004,NEW
RCPT-108725,PO-50017,2025-02-25,06:57:00,SKU-00872,3471,3471,0,A-04L-005-1-A,2025-02-25 09:43:00,RCV-004,NEW
RCPT-108757,PO-50017,2025-02-25,12:43:00,SKU-02792,28,28,0,B-01L-022-5-A,2025-02-25 13:42:00,RCV-005,NEW
RCPT-108742,PO-50017,2025-02-25,06:48:00,SKU-02277,12,14,2,E-01L-002-3-A,2025-02-25 07:26:00,RCV-006,NEW
RCPT-108729,PO-50017,2025-02-25,07:42:00,SKU-01552,460,460,0,A-04R-001-1-B,2025-02-25 10:20:00,RCV-002,NEW
RCPT-108868,PO-50017,2025-02-26,10:45:00,SKU-00443,12,12,0,D-04L-003-3-A,2025-02-26 13:15:00,RCV-008,NEW
RCPT-108829,PO-50017,2025-02-26,08:29:00,SKU-03039,12,13,1,C-01L-021-3-B,2025-02-26 10:25:00,RCV-006,NEW
RCPT-108856,PO-50017,2025-02-26,10:19:00,SKU-00303,80,82,2,B-03L-008-1-A,2025-02-26 11:06:00,RCV-006,NEW
RCPT-108845,PO-50017,2025-02-26,11:38:00,SKU-04733,570,569,-1,A-01R-018-1-A,2025-02-26 12:35:00,RCV-006,NEW
RCPT-108873,PO-50017,2025-02-26,08:59:00,SKU-03530,12,12,0,C-01L-026-2-B,2025-02-26 09:55:00,RCV-004,NEW
RCPT-108882,PO-50017,2025-02-26,11:10:00,SKU-00145,80,80,0,D-03R-005-2-A,2025-02-26 13:32:00,RCV-002,NEW
RCPT-108898,PO-50017,2025-02-26,11:42:00,SKU-02776,38,40,2,C-02R-007-3-B,2025-02-26 13:41:00,RCV-008,NEW
RCPT-108858,PO-50017,2025-02-26,12:41:00,SKU-02778,12,12,0,E-01L-015-3-A,2025-02-26 14:47:00,RCV-006,NEW
RCPT-108805,PO-50017,2025-02-26,07:29:00,SKU-02908,3042,3043,1,B-02L-005-3-A,2025-02-26 10:03:00,RCV-006,NEW
RCPT-108813,PO-50017,2025-02-26,10:36:00,SKU-02366,4141,4140,-1,A-01R-020-4-A,2025-02-26 12:54:00,RCV-007,NEW
RCPT-108821,PO-50017,2025-02-26,09:11:00,SKU-04586,12,14,2,C-02L-005-2-B,2025-02-26 09:56:00,RCV-001,NEW
RCPT-108843,PO-50017,2025-02-26,08:51:00,SKU-03410,12,11,-1,E-02L-022-3-A,2025-02-26 09:37:00,RCV-001,NEW
RCPT-108826,PO-50017,2025-02-26,09:06:00,SKU-04041,8139,8140,1,A-02R-002-2-B,2025-02-26 10:20:00,RCV-002,NEW
RCPT-108849,PO-50017,2025-02-26,06:18:00,SKU-02609,2584,2584,0,C-01R-013-1-B,2025-02-26 09:07:00,RCV-004,NEW
RCPT-108922,PO-50017,2025-02-26,08:20:00,SKU-00010,68,69,1,B-04R-004-2-B,2025-02-26 09:17:00,RCV-008,NEW
RCPT-108880,PO-50017,2025-02-26,11:24:00,SKU-02681,1494,1492,-2,A-01R-018-4-B,2025-02-26 12:38:00,RCV-006,NEW
RCPT-108919,PO-50017,2025-02-26,11:04:00,SKU-01721,1584,1586,2,A-04L-015-4-B,2025-02-26 11:41:00,RCV-001,NEW
RCPT-108827,PO-50017,2025-02-26,06:14:00,SKU-03608,58,60,2,A-01R-015-2-A,2025-02-26 08:53:00,RCV-005,NEW
RCPT-108807,PO-50017,2025-02-26,11:37:00,SKU-02104,1874,1876,2,B-01R-002-1-A,2025-02-26 13:22:00,RCV-008,NEW
RCPT-108928,PO-50017,2025-02-26,10:01:00,SKU-02359,12,11,-1,D-01L-005-5-B,2025-02-26 11:26:00,RCV-008,NEW
RCPT-108840,PO-50017,2025-02-26,09:52:00,SKU-04604,123,122,-1,A-02R-011-2-A,2025-02-26 12:38:00,RCV-001,NEW
RCPT-108892,PO-50017,2025-02-26,12:17:00,SKU-03440,12,10,-2,D-02L-005-4-B,2025-02-26 13:22:00,RCV-005,NEW
RCPT-108818,PO-50017,2025-02-26,09:36:00,SKU-01642,13,11,-2,D-04R-018-4-A,2025-02-26 10:35:00,RCV-001,NEW
RCPT-108908,PO-50017,2025-02-26,12:52:00,SKU-04435,509,508,-1,A-02R-016-4-A,2025-02-26 13:32:00,RCV-003,NEW
RCPT-108887,PO-50017,2025-02-26,07:09:00,SKU-01068,150,150,0,B-03L-012-3-B,2025-02-26 09:40:00,RCV-005,NEW
RCPT-108862,PO-50017,2025-02-26,11:11:00,SKU-00376,508,506,-2,B-04L-004-2-B,2025-02-26 11:56:00,RCV-007,NEW
RCPT-108891,PO-50017,2025-02-26,08:29:00,SKU-02646,16,18,2,B-02R-009-3-A,2025-02-26 10:53:00,RCV-005,NEW
RCPT-108830,PO-50017,2025-02-26,12:01:00,SKU-03356,197,199,2,A-02L-015-2-A,2025-02-26 12:46:00,RCV-004,NEW
RCPT-108833,PO-50017,2025-02-26,10:15:00,SKU-02408,30,31,1,C-02L-012-3-A,2025-02-26 11:28:00,RCV-002,NEW
RCPT-108929,PO-50017,2025-02-26,09:15:00,SKU-00793,47,48,1,B-03L-008-4-B,2025-02-26 10:08:00,RCV-004,NEW
RCPT-108857,PO-50017,2025-02-26,11:53:00,SKU-04294,41,41,0,A-02R-019-3-A,2025-02-26 14:10:00,RCV-004,NEW
RCPT-108918,PO-50017,2025-02-26,11:29:00,SKU-04441,17,15,-2,B-02L-018-3-B,2025-02-26 14:01:00,RCV-004,NEW
RCPT-108815,PO-50017,2025-02-26,11:55:00,SKU-04281,12,14,2,B-02L-021-5-A,2025-02-26 12:35:00,RCV-007,NEW
RCPT-108900,PO-50017,2025-02-26,06:32:00,SKU-00251,49,49,0,B-03R-014-3-B,2025-02-26 07:13:00,RCV-005,NEW
RCPT-108886,PO-50017,2025-02-26,11:02:00,SKU-03489,17,19,2,B-01R-008-4-B,2025-02-26 11:40:00,RCV-008,NEW
RCPT-108874,PO-50017,2025-02-26,07:34:00,SKU-00057,19,21,2,C-03R-010-4-A,2025-02-26 08:39:00,RCV-005,NEW
RCPT-108972,PO-50017,2025-02-27,06:02:00,SKU-04754,64,62,-2,A-01L-001-1-B,2025-02-27 08:21:00,RCV-007,NEW
RCPT-109047,PO-50017,2025-02-27,06:24:00,SKU-02552,119,118,-1,B-02R-022-5-B,2025-02-27 09:14:00,RCV-005,NEW
RCPT-108939,PO-50017,2025-02-27,10:35:00,SKU-04768,392,390,-2,A-01R-021-2-A,2025-02-27 12:14:00,RCV-002,NEW
RCPT-109061,PO-50017,2025-02-27,07:35:00,SKU-02939,373,375,2,A-02R-016-5-A,2025-02-27 10:16:00,RCV-001,NEW
RCPT-108979,PO-50017,2025-02-27,06:00:00,SKU-01294,12,11,-1,B-04R-020-4-A,2025-02-27 07:16:00,RCV-004,NEW
RCPT-108960,PO-50017,2025-02-27,08:27:00,SKU-04774,96,96,0,B-01L-022-5-B,2025-02-27 10:40:00,RCV-004,NEW
RCPT-108932,PO-50017,2025-02-27,12:35:00,SKU-03683,12,10,-2,E-01L-003-5-B,2025-02-27 13:36:00,RCV-003,NEW
RCPT-109048,PO-50017,2025-02-27,06:02:00,SKU-00653,28,30,2,A-04R-006-2-B,2025-02-27 08:30:00,RCV-007,NEW
RCPT-109042,PO-50017,2025-02-27,06:46:00,SKU-04775,328,326,-2,A-02R-001-5-B,2025-02-27 09:03:00,RCV-008,NEW
RCPT-109010,PO-50017,2025-02-27,08:59:00,SKU-01562,55,54,-1,B-04L-001-3-B,2025-02-27 10:19:00,RCV-007,NEW
RCPT-109056,PO-50017,2025-02-27,12:12:00,SKU-03077,989,990,1,B-02L-012-4-B,2025-02-27 13:33:00,RCV-004,NEW
RCPT-108936,PO-50017,2025-02-27,11:34:00,SKU-00414,58,57,-1,B-04R-018-1-A,2025-02-27 13:54:00,RCV-006,NEW
RCPT-109038,PO-50017,2025-02-27,06:20:00,SKU-03255,12,14,2,D-02R-014-3-B,2025-02-27 07:39:00,RCV-003,NEW
RCPT-109026,PO-50017,2025-02-27,07:45:00,SKU-04794,20,18,-2,D-02L-012-5-A,2025-02-27 09:57:00,RCV-004,NEW
RCPT-108935,PO-50017,2025-02-27,09:16:00,SKU-02125,2588,2589,1,A-01R-020-2-B,2025-02-27 11:33:00,RCV-001,NEW
RCPT-108962,PO-50017,2025-02-27,11:20:00,SKU-02681,1600,1602,2,A-01R-018-4-B,2025-02-27 11:54:00,RCV-005,NEW
RCPT-109006,PO-50017,2025-02-27,06:18:00,SKU-02850,64,66,2,A-01R-014-5-A,2025-02-27 07:58:00,RCV-007,NEW
RCPT-108941,PO-50017,2025-02-27,07:32:00,SKU-01124,399,400,1,B-03R-007-4-A,2025-02-27 08:15:00,RCV-007,NEW
RCPT-108969,PO-50017,2025-02-27,12:03:00,SKU-04710,530,532,2,A-02L-008-2-A,2025-02-27 13:27:00,RCV-004,NEW
RCPT-108937,PO-50017,2025-02-27,07:03:00,SKU-01545,35,33,-2,A-04L-014-4-B,2025-02-27 07:40:00,RCV-002,NEW
RCPT-108980,PO-50017,2025-02-27,10:11:00,SKU-03181,12,12,0,B-01R-014-4-B,2025-02-27 11:53:00,RCV-002,NEW
RCPT-108951,PO-50017,2025-02-27,09:31:00,SKU-04538,795,794,-1,A-01R-001-1-B,2025-02-27 12:27:00,RCV-008,NEW
RCPT-108993,PO-50017,2025-02-27,10:31:00,SKU-04308,536,534,-2,B-02R-019-4-A,2025-02-27 13:29:00,RCV-002,NEW
RCPT-108958,PO-50017,2025-02-27,11:02:00,SKU-02785,21,21,0,D-02L-026-1-A,2025-02-27 11:48:00,RCV-003,NEW
RCPT-108957,PO-50017,2025-02-27,07:15:00,SKU-02043,149,150,1,A-02L-003-4-B,2025-02-27 08:50:00,RCV-005,NEW
RCPT-109043,PO-50017,2025-02-27,11:26:00,SKU-04528,1101,1099,-2,B-02R-014-3-B,2025-02-27 14:18:00,RCV-004,NEW
RCPT-108985,PO-50017,2025-02-27,08:56:00,SKU-03378,333,334,1,A-01L-004-4-B,2025-02-27 11:16:00,RCV-001,NEW
RCPT-109163,PO-50018,2025-02-28,08:23:00,SKU-04196,77,75,-2,A-01R-014-5-B,2025-02-28 11:12:00,RCV-007,NEW
RCPT-109185,PO-50018,2025-02-28,10:55:00,SKU-00269,15,17,2,D-03R-003-1-A,2025-02-28 13:54:00,RCV-006,NEW
RCPT-109098,PO-50018,2025-02-28,08:44:00,SKU-04768,796,797,1,A-01R-021-2-A,2025-02-28 11:20:00,RCV-007,NEW
RCPT-109140,PO-50018,2025-02-28,09:06:00,SKU-01073,251,249,-2,B-04R-005-1-A,2025-02-28 10:25:00,RCV-003,NEW
RCPT-109226,PO-50018,2025-02-28,06:13:00,SKU-01170,548,548,0,A-03L-002-3-B,2025-02-28 07:38:00,RCV-006,NEW
RCPT-109222,PO-50018,2025-02-28,07:14:00,SKU-02634,49,51,2,B-01R-020-5-A,2025-02-28 10:12:00,RCV-001,NEW
RCPT-109197,PO-50018,2025-02-28,09:45:00,SKU-02252,430,429,-1,B-02R-025-2-A,2025-02-28 11:08:00,RCV-004,NEW
RCPT-109070,PO-50018,2025-02-28,07:53:00,SKU-02514,137,137,0,B-02R-020-1-B,2025-02-28 09:27:00,RCV-002,NEW
RCPT-109188,PO-50018,2025-02-28,12:27:00,SKU-02910,32,30,-2,B-02R-016-1-A,2025-02-28 15:01:00,RCV-005,NEW
RCPT-109144,PO-50018,2025-02-28,10:45:00,SKU-02706,31,32,1,D-02R-019-4-A,2025-02-28 12:29:00,RCV-008,NEW
RCPT-109153,PO-50018,2025-02-28,06:41:00,SKU-03808,12,11,-1,C-02L-018-2-A,2025-02-28 08:38:00,RCV-003,NEW
RCPT-109084,PO-50018,2025-02-28,09:20:00,SKU-02281,303,305,2,A-01L-025-3-B,2025-02-28 10:08:00,RCV-002,NEW
RCPT-109161,PO-50018,2025-02-28,11:20:00,SKU-01313,12,13,1,E-04R-012-3-B,2025-02-28 12:24:00,RCV-001,NEW
RCPT-109224,PO-50018,2025-02-28,06:59:00,SKU-04860,364,364,0,C-01R-022-2-B,2025-02-28 08:56:00,RCV-001,NEW
RCPT-109246,PO-50018,2025-02-28,09:16:00,SKU-01491,12,13,1,B-03L-002-4-B,2025-02-28 09:52:00,RCV-002,NEW
RCPT-109132,PO-50018,2025-02-28,10:49:00,SKU-02247,17,17,0,B-02L-014-5-A,2025-02-28 11:44:00,RCV-003,NEW
RCPT-109138,PO-50018,2025-02-28,08:18:00,SKU-03229,12,11,-1,E-01R-007-4-A,2025-02-28 09:43:00,RCV-001,NEW
RCPT-109217,PO-50018,2025-02-28,09:39:00,SKU-00841,58,59,1,D-04R-010-1-B,2025-02-28 10:14:00,RCV-005,NEW
RCPT-109169,PO-50018,2025-02-28,12:52:00,SKU-01567,15,16,1,B-03L-009-4-B,2025-02-28 13:39:00,RCV-003,NEW
RCPT-109100,PO-50018,2025-02-28,06:44:00,SKU-04846,51,53,2,B-01L-003-1-A,2025-02-28 08:13:00,RCV-007,NEW
RCPT-109125,PO-50018,2025-02-28,09:33:00,SKU-01124,255,257,2,B-03R-007-4-A,2025-02-28 12:15:00,RCV-005,NEW
RCPT-109195,PO-50018,2025-02-28,11:13:00,SKU-02886,23,25,2,B-01L-013-2-A,2025-02-28 13:52:00,RCV-007,NEW
RCPT-109213,PO-50018,2025-02-28,12:01:00,SKU-02400,74,73,-1,B-02L-025-2-B,2025-02-28 13:02:00,RCV-002,NEW
RCPT-109201,PO-50018,2025-02-28,06:31:00,SKU-02435,36,34,-2,C-01R-001-4-A,2025-02-28 08:10:00,RCV-006,NEW
RCPT-109092,PO-50018,2025-02-28,09:13:00,SKU-00535,134,135,1,A-03R-010-2-A,2025-02-28 10:47:00,RCV-001,NEW
RCPT-109150,PO-50018,2025-02-28,11:32:00,SKU-00587,12,10,-2,C-03L-007-1-A,2025-02-28 14:23:00,RCV-004,NEW
RCPT-109119,PO-50018,2025-02-28,09:36:00,SKU-02939,303,303,0,A-02R-016-5-A,2025-02-28 11:37:00,RCV-003,NEW
RCPT-109172,PO-50018,2025-02-28,10:16:00,SKU-04353,359,361,2,B-02L-022-4-A,2025-02-28 11:47:00,RCV-001,NEW
RCPT-109231,PO-50018,2025-02-28,08:31:00,SKU-04850,12,10,-2,E-01L-007-2-B,2025-02-28 10:11:00,RCV-003,NEW
RCPT-109109,PO-50018,2025-02-28,09:43:00,SKU-02681,2009,2008,-1,A-01R-018-4-B,2025-02-28 11:51:00,RCV-002,NEW
RCPT-109419,PO-50019,2025-03-01,08:03:00,SKU-00036,69,69,0,B-04R-004-4-A,2025-03-01 10:54:00,RCV-006,NEW
RCPT-109320,PO-50019,2025-03-01,07:33:00,SKU-02903,279,280,1,B-01R-020-5-B,2025-03-01 09:54:00,RCV-008,NEW
RCPT-109418,PO-50019,2025-03-01,07:45:00,SKU-01005,69,68,-1,A-04R-013-1-B,2025-03-01 09:45:00,RCV-002,NEW
RCPT-109413,PO-50019,2025-03-01,11:05:00,SKU-03057,64,64,0,C-01R-026-4-B,2025-03-01 12:03:00,RCV-008,NEW
RCPT-109421,PO-50019,2025-03-01,12:16:00,SKU-02572,160,161,1,C-02L-025-2-A,2025-03-01 13:50:00,RCV-004,NEW
RCPT-109403,PO-50019,2025-03-01,06:34:00,SKU-02291,177,177,0,D-01R-026-1-A,2025-03-01 07:46:00,RCV-001,NEW
RCPT-109351,PO-50019,2025-03-01,08:08:00,SKU-04528,891,889,-2,B-02R-014-3-B,2025-03-01 09:06:00,RCV-003,NEW
RCPT-109254,PO-50019,2025-03-01,07:54:00,SKU-04328,13808,13806,-2,A-02L-021-1-B,2025-03-01 09:43:00,RCV-007,NEW
RCPT-109300,PO-50019,2025-03-01,06:10:00,SKU-00872,2038,2036,-2,A-04L-005-1-A,2025-03-01 07:11:00,RCV-002,NEW
RCPT-109355,PO-50019,2025-03-01,06:50:00,SKU-00679,23,21,-2,D-04L-011-4-B,2025-03-01 07:36:00,RCV-003,NEW
RCPT-109384,PO-50019,2025-03-01,06:31:00,SKU-03446,128,129,1,D-02R-002-5-A,2025-03-01 07:23:00,RCV-002,NEW
RCPT-109299,PO-50019,2025-03-01,12:17:00,SKU-04245,107,107,0,B-01R-001-1-A,2025-03-01 13:39:00,RCV-004,NEW
RCPT-109412,PO-50019,2025-03-01,08:48:00,SKU-00132,511,512,1,A-04R-016-4-B,2025-03-01 09:35:00,RCV-007,NEW
RCPT-109426,PO-50019,2025-03-01,08:24:00,SKU-01191,20,21,1,A-04L-002-2-A,2025-03-01 10:49:00,RCV-006,NEW
RCPT-109263,PO-50019,2025-03-01,11:32:00,SKU-04041,9262,9261,-1,A-02R-002-2-B,2025-03-01 14:22:00,RCV-003,NEW
RCPT-109298,PO-50019,2025-03-01,07:28:00,SKU-04598,65,67,2,B-02L-025-3-B,2025-03-01 08:03:00,RCV-006,NEW
RCPT-109397,PO-50019,2025-03-01,07:35:00,SKU-04733,452,451,-1,A-01R-018-1-A,2025-03-01 10:03:00,RCV-008,NEW
RCPT-109253,PO-50019,2025-03-01,11:58:00,SKU-00392,408,408,0,B-03L-019-1-B,2025-03-01 14:04:00,RCV-003,NEW
RCPT-109334,PO-50019,2025-03-01,08:50:00,SKU-00173,13,12,-1,D-04R-017-3-B,2025-03-01 10:40:00,RCV-007,NEW
RCPT-109345,PO-50019,2025-03-01,09:48:00,SKU-01074,12,14,2,B-04L-005-2-B,2025-03-01 12:09:00,RCV-007,DAMAGED
RCPT-109363,PO-50019,2025-03-01,11:51:00,SKU-04928,339,337,-2,B-01L-013-2-B,2025-03-01 13:15:00,RCV-001,NEW
RCPT-109296,PO-50019,2025-03-01,08:09:00,SKU-02185,1003,1002,-1,C-01R-009-4-B,2025-03-01 08:45:00,RCV-002,NEW
RCPT-109373,PO-50019,2025-03-01,10:42:00,SKU-01011,12,10,-2,D-03R-009-1-B,2025-03-01 13:24:00,RCV-005,NEW
RCPT-109315,PO-50019,2025-03-01,11:22:00,SKU-04265,12,10,-2,C-02R-006-1-A,2025-03-01 13:03:00,RCV-007,NEW
RCPT-109383,PO-50019,2025-03-01,08:22:00,SKU-02104,1769,1769,0,B-01R-002-1-A,2025-03-01 10:50:00,RCV-008,NEW
RCPT-109317,PO-50019,2025-03-01,09:41:00,SKU-00020,54,55,1,B-03L-011-2-B,2025-03-01 12:37:00,RCV-006,NEW
RCPT-109392,PO-50019,2025-03-01,09:18:00,SKU-01331,850,851,1,A-03R-003-4-B,2025-03-01 11:47:00,RCV-004,NEW
RCPT-109284,PO-50019,2025-03-01,12:59:00,SKU-00076,88,88,0,C-03R-008-3-B,2025-03-01 14:40:00,RCV-001,NEW
RCPT-109406,PO-50019,2025-03-01,09:16:00,SKU-03613,14,12,-2,C-01L-020-4-B,2025-03-01 10:04:00,RCV-007,NEW
RCPT-109270,PO-50019,2025-03-01,07:12:00,SKU-03720,12,13,1,C-02L-012-1-A,2025-03-01 08:31:00,RCV-004,NEW
RCPT-109402,PO-50019,2025-03-01,07:20:00,SKU-01842,12,13,1,B-04L-008-4-B,2025-03-01 09:52:00,RCV-003,NEW
RCPT-109322,PO-50019,2025-03-01,06:43:00,SKU-00267,23,23,0,B-03R-013-4-A,2025-03-01 07:23:00,RCV-005,NEW
RCPT-109289,PO-50019,2025-03-01,07:39:00,SKU-04353,282,281,-1,B-02L-022-4-A,2025-03-01 08:19:00,RCV-008,NEW
RCPT-109366,PO-50019,2025-03-01,12:51:00,SKU-00495,43,41,-2,C-03L-011-4-B,2025-03-01 15:25:00,RCV-001,NEW
RCPT-109338,PO-50019,2025-03-01,06:10:00,SKU-02727,26,24,-2,C-01L-017-5-A,2025-03-01 08:53:00,RCV-001,NEW
RCPT-109264,PO-50019,2025-03-01,07:43:00,SKU-00167,141,142,1,A-03L-015-1-A,2025-03-01 10:36:00,RCV-006,NEW
RCPT-109356,PO-50019,2025-03-01,11:41:00,SKU-02833,81,83,2,A-01L-015-4-B,2025-03-01 12:45:00,RCV-005,NEW
RCPT-109360,PO-50019,2025-03-01,12:06:00,SKU-04664,162,164,2,A-02R-002-3-A,2025-03-01 14:36:00,RCV-008,NEW
RCPT-109430,PO-50019,2025-03-03,12:11:00,SKU-03778,12,10,-2,A-02R-007-1-B,2025-03-03 13:59:00,RCV-003,NEW
RCPT-109489,PO-50019,2025-03-03,09:18:00,SKU-03485,12,11,-1,E-02L-017-3-B,2025-03-03 10:14:00,RCV-008,NEW
RCPT-109526,PO-50019,2025-03-03,06:08:00,SKU-04768,499,497,-2,A-01R-021-2-A,2025-03-03 08:44:00,RCV-006,NEW
RCPT-109525,PO-50019,2025-03-03,09:51:00,SKU-04523,90,90,0,A-02L-024-2-B,2025-03-03 12:38:00,RCV-003,NEW
RCPT-109431,PO-50019,2025-03-03,07:27:00,SKU-01040,119,120,1,B-04R-019-4-A,2025-03-03 09:37:00,RCV-007,NEW
RCPT-109485,PO-50019,2025-03-03,12:34:00,SKU-04041,8595,8596,1,A-02R-002-2-B,2025-03-03 15:01:00,RCV-005,NEW
RCPT-109530,PO-50019,2025-03-03,07:42:00,SKU-02822,20,22,2,B-01L-018-4-B,2025-03-03 09:05:00,RCV-007,NEW
RCPT-109469,PO-50019,2025-03-03,06:01:00,SKU-01721,1246,1246,0,A-04L-015-4-B,2025-03-03 06:46:00,RCV-008,NEW
RCPT-109448,PO-50019,2025-03-03,11:33:00,SKU-02828,829,828,-1,A-02L-007-2-A,2025-03-03 12:28:00,RCV-002,NEW
RCPT-109558,PO-50019,2025-03-03,08:39:00,SKU-00506,149,150,1,B-03R-016-3-B,2025-03-03 09:09:00,RCV-007,NEW
RCPT-109478,PO-50019,2025-03-03,11:49:00,SKU-03991,18,17,-1,A-02L-011-2-A,2025-03-03 12:34:00,RCV-008,NEW
RCPT-109459,PO-50019,2025-03-03,06:45:00,SKU-03250,284,284,0,A-01R-001-3-A,2025-03-03 08:22:00,RCV-005,NEW
RCPT-109514,PO-50019,2025-03-03,10:01:00,SKU-03077,582,581,-1,B-02L-012-4-B,2025-03-03 11:26:00,RCV-005,NEW
RCPT-109542,PO-50019,2025-03-03,08:53:00,SKU-04082,63,65,2,A-02R-002-2-A,2025-03-03 09:37:00,RCV-008,NEW
RCPT-109561,PO-50019,2025-03-03,11:29:00,SKU-04874,24,22,-2,C-01R-005-5-A,2025-03-03 13:07:00,RCV-003,NEW
RCPT-109515,PO-50019,2025-03-03,06:57:00,SKU-02634,33,33,0,B-01R-020-5-A,2025-03-03 09:39:00,RCV-008,NEW
RCPT-109512,PO-50019,2025-03-03,10:03:00,SKU-03496,981,979,-2,B-01R-016-5-B,2025-03-03 12:13:00,RCV-002,NEW
RCPT-109468,PO-50019,2025-03-03,08:22:00,SKU-01898,35,36,1,B-04L-004-2-A,2025-03-03 10:50:00,RCV-006,NEW
RCPT-109564,PO-50019,2025-03-03,12:45:00,SKU-02871,80,78,-2,B-02L-022-1-B,2025-03-03 13:15:00,RCV-004,NEW
RCPT-109539,PO-50019,2025-03-03,07:58:00,SKU-00535,200,200,0,A-03R-010-2-A,2025-03-03 09:20:00,RCV-007,NEW
RCPT-109545,PO-50019,2025-03-03,06:23:00,SKU-00124,14,12,-2,C-03L-012-3-A,2025-03-03 08:21:00,RCV-003,NEW
RCPT-109534,PO-50019,2025-03-03,07:54:00,SKU-02117,64,65,1,B-01R-025-4-B,2025-03-03 09:44:00,RCV-006,NEW
RCPT-109601,PO-50019,2025-03-04,12:46:00,SKU-02616,12,11,-1,E-02R-017-2-B,2025-03-04 15:36:00,RCV-002,NEW
RCPT-109607,PO-50019,2025-03-04,11:14:00,SKU-02811,15,14,-1,B-02R-012-3-A,2025-03-04 13:03:00,RCV-001,NEW
RCPT-109619,PO-50019,2025-03-04,07:04:00,SKU-03601,12,14,2,D-02R-020-4-B,2025-03-04 07:48:00,RCV-006,NEW
RCPT-109642,PO-50019,2025-03-04,08:01:00,SKU-02034,879,877,-2,A-02L-014-4-B,2025-03-04 09:15:00,RCV-003,NEW
RCPT-109608,PO-50019,2025-03-04,11:24:00,SKU-02202,368,369,1,C-01R-025-1-B,2025-03-04 13:52:00,RCV-002,NEW
RCPT-109658,PO-50019,2025-03-04,07:55:00,SKU-04637,96,97,1,B-02L-003-1-A,2025-03-04 09:14:00,RCV-005,NEW
RCPT-109633,PO-50019,2025-03-04,06:02:00,SKU-04116,335,333,-2,B-02L-002-3-A,2025-03-04 07:44:00,RCV-008,NEW
RCPT-109570,PO-50019,2025-03-04,07:39:00,SKU-01082,12,14,2,D-04R-015-3-B,2025-03-04 09:53:00,RCV-008,NEW
RCPT-109579,PO-50019,2025-03-04,06:08:00,SKU-00673,164,162,-2,C-03L-015-4-A,2025-03-04 07:13:00,RCV-002,NEW
RCPT-109577,PO-50019,2025-03-04,06:11:00,SKU-02366,3645,3645,0,A-01R-020-4-A,2025-03-04 08:43:00,RCV-007,NEW
RCPT-109644,PO-50019,2025-03-04,10:43:00,SKU-02956,181,182,1,A-01L-011-1-A,2025-03-04 13:36:00,RCV-004,NEW
RCPT-109693,PO-50019,2025-03-04,06:01:00,SKU-04860,251,249,-2,C-01R-022-2-B,2025-03-04 06:31:00,RCV-007,NEW
RCPT-109653,PO-50019,2025-03-04,12:39:00,SKU-02267,12,10,-2,E-02L-004-5-A,2025-03-04 14:23:00,RCV-002,NEW
RCPT-109731,PO-50019,2025-03-04,12:23:00,SKU-01068,79,81,2,B-03L-012-3-B,2025-03-04 13:46:00,RCV-004,NEW
RCPT-109740,PO-50019,2025-03-04,07:09:00,SKU-00658,26,24,-2,C-04R-002-2-B,2025-03-04 09:06:00,RCV-002,NEW
RCPT-109598,PO-50019,2025-03-04,06:37:00,SKU-02977,16,16,0,C-02L-014-2-B,2025-03-04 07:50:00,RCV-001,NEW
RCPT-109610,PO-50019,2025-03-04,06:49:00,SKU-01121,1772,1774,2,B-04R-017-4-A,2025-03-04 08:49:00,RCV-001,NEW
RCPT-109647,PO-50019,2025-03-04,06:11:00,SKU-01104,31,32,1,A-04R-003-1-B,2025-03-04 09:01:00,RCV-004,NEW
RCPT-109701,PO-50019,2025-03-04,12:34:00,SKU-04932,120,122,2,A-02R-018-5-A,2025-03-04 14:27:00,RCV-002,NEW
RCPT-109648,PO-50019,2025-03-04,08:02:00,SKU-04013,12,12,0,D-02R-022-4-A,2025-03-04 09:14:00,RCV-004,NEW
RCPT-109625,PO-50019,2025-03-04,07:01:00,SKU-02383,81,81,0,A-02L-013-5-A,2025-03-04 09:33:00,RCV-004,NEW
RCPT-109575,PO-50019,2025-03-04,11:19:00,SKU-01204,4470,4471,1,A-03R-016-1-B,2025-03-04 13:16:00,RCV-002,NEW
RCPT-109614,PO-50019,2025-03-04,07:06:00,SKU-04809,408,409,1,A-01R-016-2-B,2025-03-04 08:28:00,RCV-001,NEW
RCPT-109728,PO-50019,2025-03-04,07:05:00,SKU-03821,152,153,1,A-01R-017-3-A,2025-03-04 09:07:00,RCV-002,NEW
RCPT-109681,PO-50019,2025-03-04,10:01:00,SKU-00228,15,16,1,E-04L-013-2-A,2025-03-04 12:31:00,RCV-003,NEW
RCPT-109594,PO-50019,2025-03-04,12:43:00,SKU-02102,16,14,-2,A-01L-004-5-A,2025-03-04 14:27:00,RCV-007,NEW
RCPT-109729,PO-50019,2025-03-04,08:15:00,SKU-03881,1995,1995,0,B-02R-002-4-A,2025-03-04 10:09:00,RCV-006,NEW
RCPT-109602,PO-50019,2025-03-04,09:12:00,SKU-00229,92,93,1,A-04R-007-2-A,2025-03-04 10:33:00,RCV-001,NEW
RCPT-109651,PO-50019,2025-03-04,08:41:00,SKU-03600,161,159,-2,A-01L-017-2-B,2025-03-04 09:13:00,RCV-004,NEW
RCPT-109668,PO-50019,2025-03-04,06:21:00,SKU-00459,76,78,2,B-03R-017-3-B,2025-03-04 08:15:00,RCV-007,NEW
RCPT-109623,PO-50019,2025-03-04,09:38:00,SKU-02681,1464,1464,0,A-01R-018-4-B,2025-03-04 11:09:00,RCV-002,NEW
RCPT-109742,PO-50019,2025-03-04,11:33:00,SKU-02572,73,72,-1,C-02L-025-2-A,2025-03-04 13:35:00,RCV-008,NEW
RCPT-109645,PO-50019,2025-03-04,10:53:00,SKU-02876,53,52,-1,C-01R-009-2-A,2025-03-04 11:59:00,RCV-005,NEW
RCPT-109626,PO-50019,2025-03-04,07:58:00,SKU-00733,128,130,2,A-04R-005-1-B,2025-03-04 08:44:00,RCV-007,NEW
RCPT-109704,PO-50019,2025-03-04,09:17:00,SKU-02085,801,800,-1,D-02R-008-1-A,2025-03-04 11:28:00,RCV-006,NEW
RCPT-109684,PO-50019,2025-03-04,08:48:00,SKU-04865,510,512,2,A-01R-011-4-B,2025-03-04 11:06:00,RCV-003,NEW
RCPT-109578,PO-50019,2025-03-04,07:52:00,SKU-04608,2587,2587,0,A-02L-025-1-B,2025-03-04 10:02:00,RCV-008,NEW
RCPT-109807,PO-50019,2025-03-05,10:06:00,SKU-03826,16,14,-2,B-02R-016-4-A,2025-03-05 11:32:00,RCV-004,NEW
RCPT-109826,PO-50019,2025-03-05,10:51:00,SKU-02537,57,57,0,A-02L-004-3-A,2025-03-05 13:27:00,RCV-001,NEW
RCPT-109757,PO-50019,2025-03-05,09:59:00,SKU-03869,12,12,0,D-01L-013-4-A,2025-03-05 11:44:00,RCV-004,NEW
RCPT-109902,PO-50019,2025-03-05,06:22:00,SKU-04392,42,43,1,A-02R-003-5-B,2025-03-05 07:44:00,RCV-006,NEW
RCPT-109818,PO-50019,2025-03-05,08:57:00,SKU-02365,161,163,2,A-02L-010-3-A,2025-03-05 11:11:00,RCV-002,NEW
RCPT-109773,PO-50019,2025-03-05,09:41:00,SKU-01170,644,646,2,A-03L-002-3-B,2025-03-05 11:50:00,RCV-007,NEW
RCPT-109861,PO-50019,2025-03-05,09:03:00,SKU-01555,32,32,0,A-03L-017-4-A,2025-03-05 09:57:00,RCV-003,NEW
RCPT-109849,PO-50019,2025-03-05,09:51:00,SKU-04183,290,291,1,A-01L-010-2-B,2025-03-05 12:42:00,RCV-002,NEW
RCPT-109887,PO-50019,2025-03-05,10:31:00,SKU-00919,16,17,1,A-04L-012-1-A,2025-03-05 12:42:00,RCV-005,NEW
RCPT-109835,PO-50019,2025-03-05,07:54:00,SKU-02085,603,601,-2,D-02R-008-1-A,2025-03-05 10:27:00,RCV-001,NEW
RCPT-109792,PO-50019,2025-03-05,07:32:00,SKU-02796,24,25,1,A-02L-004-2-B,2025-03-05 09:32:00,RCV-002,NEW
RCPT-109770,PO-50019,2025-03-05,07:41:00,SKU-04604,117,115,-2,A-02R-011-2-A,2025-03-05 09:27:00,RCV-004,NEW
RCPT-109841,PO-50019,2025-03-05,12:14:00,SKU-01984,12,14,2,C-03L-016-2-B,2025-03-05 14:13:00,RCV-007,NEW
RCPT-109857,PO-50019,2025-03-05,10:48:00,SKU-00653,33,35,2,A-04R-006-2-B,2025-03-05 13:35:00,RCV-003,NEW
RCPT-109886,PO-50019,2025-03-05,10:03:00,SKU-00318,53,53,0,A-04R-009-4-A,2025-03-05 12:02:00,RCV-006,NEW
RCPT-109755,PO-50019,2025-03-05,07:37:00,SKU-04328,9434,9434,0,A-02L-021-1-B,2025-03-05 09:24:00,RCV-005,NEW
RCPT-109812,PO-50019,2025-03-05,12:42:00,SKU-01490,1937,1937,0,B-04R-009-1-A,2025-03-05 13:13:00,RCV-007,NEW
RCPT-109844,PO-50019,2025-03-05,06:39:00,SKU-03756,139,139,0,A-01L-005-3-A,2025-03-05 08:34:00,RCV-008,NEW
RCPT-109851,PO-50019,2025-03-05,08:24:00,SKU-04814,281,280,-1,B-02R-017-4-A,2025-03-05 10:42:00,RCV-004,NEW
RCPT-109875,PO-50019,2025-03-05,11:35:00,SKU-01110,12,11,-1,D-04L-006-4-B,2025-03-05 13:32:00,RCV-004,NEW
RCPT-109750,PO-50019,2025-03-05,07:27:00,SKU-04457,3162,3162,0,A-01L-020-2-B,2025-03-05 08:30:00,RCV-007,NEW
RCPT-109748,PO-50019,2025-03-05,11:28:00,SKU-00145,35,34,-1,D-03R-005-2-A,2025-03-05 13:26:00,RCV-002,NEW
RCPT-109889,PO-50019,2025-03-05,07:02:00,SKU-00217,48,50,2,C-03L-019-3-B,2025-03-05 09:03:00,RCV-004,NEW
RCPT-109899,PO-50019,2025-03-05,06:00:00,SKU-01207,317,315,-2,B-04R-018-4-B,2025-03-05 07:35:00,RCV-004,NEW
RCPT-109774,PO-50019,2025-03-05,12:58:00,SKU-04528,1244,1245,1,B-02R-014-3-B,2025-03-05 13:28:00,RCV-005,NEW
RCPT-109863,PO-50019,2025-03-05,06:42:00,SKU-03881,2089,2090,1,B-02R-002-4-A,2025-03-05 08:22:00,RCV-007,NEW
RCPT-109811,PO-50019,2025-03-05,11:03:00,SKU-03549,12,14,2,E-01L-025-4-A,2025-03-05 12:47:00,RCV-006,NEW
RCPT-109758,PO-50019,2025-03-05,07:18:00,SKU-00459,53,54,1,B-03R-017-3-B,2025-03-05 08:05:00,RCV-004,NEW
RCPT-109798,PO-50019,2025-03-05,12:51:00,SKU-03727,2583,2583,0,B-02R-023-4-A,2025-03-05 13:57:00,RCV-001,NEW
RCPT-109898,PO-50019,2025-03-05,06:24:00,SKU-02191,46,44,-2,A-01L-014-2-B,2025-03-05 07:25:00,RCV-003,NEW
RCPT-109880,PO-50019,2025-03-05,09:01:00,SKU-01863,14,15,1,A-03L-004-4-A,2025-03-05 11:45:00,RCV-008,NEW
RCPT-109754,PO-50019,2025-03-05,12:16:00,SKU-02886,21,21,0,B-01L-013-2-A,2025-03-05 14:43:00,RCV-002,NEW
RCPT-109864,PO-50019,2025-03-05,10:23:00,SKU-01678,49,49,0,A-03L-012-3-B,2025-03-05 12:41:00,RCV-001,NEW
RCPT-109918,PO-50019,2025-03-05,11:39:00,SKU-04058,12,14,2,C-01L-012-1-A,2025-03-05 12:40:00,RCV-007,NEW
RCPT-110062,PO-50019,2025-03-06,11:03:00,SKU-03608,74,76,2,A-01R-015-2-A,2025-03-06 13:08:00,RCV-005,NEW
RCPT-109961,PO-50019,2025-03-06,06:25:00,SKU-00218,12,11,-1,E-03R-016-4-A,2025-03-06 08:46:00,RCV-007,NEW
RCPT-110052,PO-50019,2025-03-06,07:10:00,SKU-01066,12,11,-1,B-03L-010-4-B,2025-03-06 09:49:00,RCV-004,NEW
RCPT-109934,PO-50019,2025-03-06,10:18:00,SKU-02281,174,173,-1,A-01L-025-3-B,2025-03-06 11:21:00,RCV-004,NEW
RCPT-109987,PO-50019,2025-03-06,10:39:00,SKU-01442,17,17,0,D-03L-016-1-B,2025-03-06 13:29:00,RCV-005,NEW
RCPT-109989,PO-50019,2025-03-06,09:36:00,SKU-02285,80,79,-1,A-02R-024-1-A,2025-03-06 10:06:00,RCV-007,NEW
RCPT-110023,PO-50019,2025-03-06,09:00:00,SKU-02000,12,14,2,B-04R-014-3-B,2025-03-06 11:44:00,RCV-007,NEW
RCPT-109942,PO-50019,2025-03-06,08:55:00,SKU-00446,268,266,-2,B-04L-006-4-A,2025-03-06 10:24:00,RCV-008,NEW
RCPT-110071,PO-50019,2025-03-06,11:55:00,SKU-04211,168,169,1,A-01L-009-5-B,2025-03-06 14:36:00,RCV-004,NEW
RCPT-110061,PO-50019,2025-03-06,08:37:00,SKU-04889,54,55,1,A-01L-015-2-B,2025-03-06 11:08:00,RCV-003,NEW
RCPT-109973,PO-50019,2025-03-06,06:01:00,SKU-00930,19,20,1,C-03L-005-2-B,2025-03-06 08:27:00,RCV-008,NEW
RCPT-110005,PO-50019,2025-03-06,12:14:00,SKU-00296,30,30,0,B-03R-006-4-A,2025-03-06 14:08:00,RCV-003,NEW
RCPT-110029,PO-50019,2025-03-06,08:03:00,SKU-04264,12,11,-1,C-02L-002-4-A,2025-03-06 10:43:00,RCV-007,NEW
RCPT-109999,PO-50019,2025-03-06,09:23:00,SKU-03721,12,13,1,D-01R-026-1-B,2025-03-06 12:17:00,RCV-006,NEW
RCPT-110059,PO-50019,2025-03-06,09:19:00,SKU-02858,128,128,0,A-01R-006-4-B,2025-03-06 11:28:00,RCV-001,NEW
RCPT-109938,PO-50019,2025-03-06,06:28:00,SKU-02085,1394,1396,2,D-02R-008-1-A,2025-03-06 06:59:00,RCV-002,NEW
RCPT-110012,PO-50019,2025-03-06,08:06:00,SKU-02609,1751,1749,-2,C-01R-013-1-B,2025-03-06 10:07:00,RCV-006,NEW
RCPT-110063,PO-50019,2025-03-06,12:28:00,SKU-04891,18,17,-1,C-02L-011-5-B,2025-03-06 14:42:00,RCV-004,NEW
RCPT-109948,PO-50019,2025-03-06,11:11:00,SKU-02188,12,12,0,D-02R-003-4-A,2025-03-06 12:24:00,RCV-004,NEW
RCPT-110056,PO-50019,2025-03-06,06:23:00,SKU-00091,15,15,0,D-03R-010-2-A,2025-03-06 09:08:00,RCV-007,NEW
RCPT-110069,PO-50019,2025-03-06,06:46:00,SKU-02585,3415,3415,0,A-01R-012-4-A,2025-03-06 09:42:00,RCV-003,NEW
RCPT-110044,PO-50019,2025-03-06,10:42:00,SKU-04405,12,13,1,C-01L-014-5-B,2025-03-06 11:48:00,RCV-008,NEW
RCPT-110011,PO-50019,2025-03-06,12:49:00,SKU-02449,61,61,0,B-02R-009-5-A,2025-03-06 14:42:00,RCV-005,NEW
RCPT-110019,PO-50019,2025-03-06,09:16:00,SKU-00053,19,18,-1,B-03L-010-3-B,2025-03-06 11:45:00,RCV-006,NEW
RCPT-110018,PO-50019,2025-03-06,06:06:00,SKU-03914,12,14,2,D-02R-004-2-A,2025-03-06 08:33:00,RCV-007,NEW
RCPT-109939,PO-50019,2025-03-06,07:54:00,SKU-04041,9813,9811,-2,A-02R-002-2-B,2025-03-06 10:21:00,RCV-008,NEW
RCPT-109936,PO-50019,2025-03-06,08:53:00,SKU-03790,82,82,0,A-01L-017-1-B,2025-03-06 09:42:00,RCV-007,NEW
RCPT-109952,PO-50019,2025-03-06,06:35:00,SKU-03143,12,10,-2,D-01R-002-1-A,2025-03-06 07:20:00,RCV-004,NEW
RCPT-109928,PO-50019,2025-03-06,10:59:00,SKU-04328,14810,14808,-2,A-02L-021-1-B,2025-03-06 12:30:00,RCV-002,NEW
RCPT-110117,PO-50019,2025-03-07,12:50:00,SKU-04814,586,587,1,B-02R-017-4-A,2025-03-07 13:55:00,RCV-006,NEW
RCPT-110199,PO-50019,2025-03-07,07:49:00,SKU-04878,1404,1404,0,B-01R-016-3-B,2025-03-07 09:42:00,RCV-001,NEW
RCPT-110189,PO-50019,2025-03-07,09:04:00,SKU-01936,16,18,2,B-04L-005-4-A,2025-03-07 11:20:00,RCV-006,NEW
RCPT-110108,PO-50019,2025-03-07,12:43:00,SKU-00872,4730,4728,-2,A-04L-005-1-A,2025-03-07 13:40:00,RCV-002,NEW
RCPT-110217,PO-50019,2025-03-07,09:39:00,SKU-04435,257,256,-1,A-02R-016-4-A,2025-03-07 10:34:00,RCV-007,NEW
RCPT-110231,PO-50019,2025-03-07,07:33:00,SKU-02272,1066,1064,-2,A-02R-002-5-A,2025-03-07 10:10:00,RCV-001,NEW
RCPT-110205,PO-50019,2025-03-07,06:29:00,SKU-03466,12,13,1,B-02L-010-4-A,2025-03-07 09:18:00,RCV-006,NEW
RCPT-110113,PO-50019,2025-03-07,11:12:00,SKU-03972,12,13,1,E-02L-013-5-A,2025-03-07 12:14:00,RCV-006,NEW
RCPT-110132,PO-50019,2025-03-07,07:13:00,SKU-02585,1809,1807,-2,A-01R-012-4-A,2025-03-07 09:44:00,RCV-001,NEW
RCPT-110105,PO-50019,2025-03-07,10:29:00,SKU-04524,22,24,2,C-02L-002-5-A,2025-03-07 12:39:00,RCV-006,NEW
RCPT-110130,PO-50019,2025-03-07,07:33:00,SKU-00925,157,155,-2,B-04R-015-2-B,2025-03-07 09:38:00,RCV-001,NEW
RCPT-110134,PO-50019,2025-03-07,12:31:00,SKU-02406,47,48,1,B-01R-024-3-B,2025-03-07 14:08:00,RCV-003,NEW
RCPT-110128,PO-50019,2025-03-07,11:49:00,SKU-00174,15,16,1,C-04R-003-2-A,2025-03-07 12:35:00,RCV-008,NEW
RCPT-110175,PO-50019,2025-03-07,12:38:00,SKU-00017,404,403,-1,B-03R-001-4-B,2025-03-07 14:24:00,RCV-002,NEW
RCPT-110163,PO-50019,2025-03-07,10:06:00,SKU-02886,20,22,2,B-01L-013-2-A,2025-03-07 13:01:00,RCV-005,NEW
RCPT-110076,PO-50019,2025-03-07,06:17:00,SKU-00701,32,30,-2,A-04R-017-3-A,2025-03-07 07:58:00,RCV-007,NEW
RCPT-110133,PO-50019,2025-03-07,07:00:00,SKU-04383,12,12,0,C-01L-007-1-A,2025-03-07 07:56:00,RCV-004,NEW
RCPT-110127,PO-50019,2025-03-07,07:18:00,SKU-02104,1136,1136,0,B-01R-002-1-A,2025-03-07 09:47:00,RCV-007,NEW
RCPT-110224,PO-50019,2025-03-07,07:44:00,SKU-01267,57,56,-1,B-03L-020-4-B,2025-03-07 10:11:00,RCV-001,NEW
RCPT-110084,PO-50019,2025-03-07,06:46:00,SKU-03993,24,25,1,B-02L-018-2-B,2025-03-07 07:34:00,RCV-003,NEW
RCPT-110089,PO-50019,2025-03-07,12:13:00,SKU-02280,15,13,-2,C-01L-026-1-A,2025-03-07 13:53:00,RCV-006,NEW
RCPT-110212,PO-50019,2025-03-07,11:44:00,SKU-00414,43,43,0,B-04R-018-1-A,2025-03-07 13:09:00,RCV-005,NEW
RCPT-110114,PO-50019,2025-03-07,12:59:00,SKU-02908,3425,3424,-1,B-02L-005-3-A,2025-03-07 15:27:00,RCV-005,NEW
RCPT-110154,PO-50019,2025-03-07,11:08:00,SKU-01552,677,679,2,A-04R-001-1-B,2025-03-07 14:04:00,RCV-003,NEW
RCPT-110149,PO-50019,2025-03-07,08:44:00,SKU-00912,69,69,0,A-04R-018-1-B,2025-03-07 11:27:00,RCV-003,NEW
RCPT-110215,PO-50019,2025-03-07,06:50:00,SKU-03018,331,329,-2,C-02L-015-3-B,2025-03-07 09:31:00,RCV-001,NEW
RCPT-110162,PO-50019,2025-03-07,12:16:00,SKU-01039,16,16,0,C-03R-020-2-B,2025-03-07 14:27:00,RCV-005,NEW
RCPT-110125,PO-50019,2025-03-07,12:34:00,SKU-04768,510,509,-1,A-01R-021-2-A,2025-03-07 14:00:00,RCV-001,NEW
RCPT-110121,PO-50019,2025-03-07,07:43:00,SKU-04733,534,534,0,A-01R-018-1-A,2025-03-07 09:46:00,RCV-005,NEW
RCPT-110210,PO-50019,2025-03-07,10:31:00,SKU-01710,12,10,-2,C-03R-005-1-A,2025-03-07 13:10:00,RCV-007,NEW
RCPT-110226,PO-50019,2025-03-07,11:26:00,SKU-02105,107,105,-2,A-01R-009-2-A,2025-03-07 12:37:00,RCV-008,NEW
RCPT-110122,PO-50019,2025-03-07,08:07:00,SKU-00045,16,15,-1,A-04R-015-3-B,2025-03-07 10:25:00,RCV-003,NEW
RCPT-110080,PO-50019,2025-03-07,06:06:00,SKU-03727,3468,3467,-1,B-02R-023-4-A,2025-03-07 06:39:00,RCV-004,NEW
RCPT-110235,PO-50019,2025-03-07,12:43:00,SKU-02455,12,13,1,E-02R-008-2-B,2025-03-07 13:32:00,RCV-005,NEW
RCPT-110158,PO-50019,2025-03-07,07:35:00,SKU-04353,341,341,0,B-02L-022-4-A,2025-03-07 09:02:00,RCV-003,NEW
RCPT-110192,PO-50019,2025-03-07,09:19:00,SKU-01397,84,84,0,C-03L-015-3-A,2025-03-07 12:17:00,RCV-005,NEW
RCPT-110144,PO-50019,2025-03-07,08:39:00,SKU-00215,115,116,1,B-04L-015-1-B,2025-03-07 10:53:00,RCV-007,NEW
RCPT-110219,PO-50019,2025-03-07,06:26:00,SKU-01331,949,950,1,A-03R-003-4-B,2025-03-07 09:08:00,RCV-008,NEW
RCPT-110354,PO-50020,2025-03-08,10:53:00,SKU-00137,82,84,2,B-03R-003-1-B,2025-03-08 11:24:00,RCV-008,NEW
RCPT-110312,PO-50020,2025-03-08,06:59:00,SKU-03737,12,11,-1,A-01L-014-5-B,2025-03-08 07:35:00,RCV-004,NEW
RCPT-110275,PO-50020,2025-03-08,12:25:00,SKU-00522,12,14,2,C-03R-014-3-B,2025-03-08 15:05:00,RCV-006,NEW
RCPT-110279,PO-50020,2025-03-08,08:49:00,SKU-02772,182,182,0,A-02R-012-5-A,2025-03-08 11:15:00,RCV-006,NEW
RCPT-110299,PO-50020,2025-03-08,11:56:00,SKU-04435,553,554,1,A-02R-016-4-A,2025-03-08 14:39:00,RCV-004,NEW
RCPT-110242,PO-50020,2025-03-08,08:44:00,SKU-03854,55,53,-2,B-02L-022-3-A,2025-03-08 11:23:00,RCV-008,NEW
RCPT-110300,PO-50020,2025-03-08,07:05:00,SKU-02044,307,308,1,A-01R-023-5-B,2025-03-08 08:36:00,RCV-007,NEW
RCPT-110297,PO-50020,2025-03-08,06:36:00,SKU-00392,549,549,0,B-03L-019-1-B,2025-03-08 07:10:00,RCV-005,NEW
RCPT-110243,PO-50020,2025-03-08,07:37:00,SKU-00411,64,62,-2,C-03L-008-4-A,2025-03-08 09:29:00,RCV-002,NEW
RCPT-110319,PO-50020,2025-03-08,09:59:00,SKU-01846,92,94,2,B-03R-002-1-A,2025-03-08 12:06:00,RCV-004,NEW
RCPT-110277,PO-50020,2025-03-08,06:37:00,SKU-04670,532,534,2,C-02R-018-2-B,2025-03-08 09:35:00,RCV-002,NEW
RCPT-110256,PO-50020,2025-03-08,10:21:00,SKU-03369,462,461,-1,D-02L-005-5-B,2025-03-08 13:16:00,RCV-003,NEW
RCPT-110296,PO-50020,2025-03-08,08:46:00,SKU-02104,1192,1194,2,B-01R-002-1-A,2025-03-08 11:36:00,RCV-003,NEW
RCPT-110341,PO-50020,2025-03-08,11:22:00,SKU-00326,80,80,0,B-04L-006-2-B,2025-03-08 12:10:00,RCV-005,NEW
RCPT-110287,PO-50020,2025-03-08,11:54:00,SKU-02535,39,37,-2,A-01R-022-4-A,2025-03-08 13:24:00,RCV-005,NEW
RCPT-110342,PO-50020,2025-03-08,11:46:00,SKU-04245,65,67,2,B-01R-001-1-A,2025-03-08 14:21:00,RCV-003,NEW
RCPT-110260,PO-50020,2025-03-08,11:58:00,SKU-02272,731,731,0,A-02R-002-5-A,2025-03-08 13:32:00,RCV-002,NEW
RCPT-110285,PO-50020,2025-03-08,07:50:00,SKU-02851,91,91,0,B-02R-007-4-A,2025-03-08 10:16:00,RCV-008,NEW
RCPT-110330,PO-50020,2025-03-08,10:43:00,SKU-03077,463,464,1,B-02L-012-4-B,2025-03-08 11:26:00,RCV-002,NEW
RCPT-110359,PO-50020,2025-03-08,06:47:00,SKU-04663,12,11,-1,B-02R-010-1-B,2025-03-08 09:38:00,RCV-005,NEW
RCPT-110276,PO-50020,2025-03-08,08:23:00,SKU-02252,481,481,0,B-02R-025-2-A,2025-03-08 09:17:00,RCV-003,NEW
RCPT-110254,PO-50020,2025-03-08,06:05:00,SKU-04475,32,30,-2,A-01L-026-4-A,2025-03-08 07:52:00,RCV-008,NEW
RCPT-110311,PO-50020,2025-03-08,12:32:00,SKU-04878,806,808,2,B-01R-016-3-B,2025-03-08 14:18:00,RCV-008,NEW
RCPT-110466,PO-50021,2025-03-10,12:38:00,SKU-00673,370,372,2,C-03L-015-4-A,2025-03-10 14:36:00,RCV-006,NEW
RCPT-110422,PO-50021,2025-03-10,12:39:00,SKU-01900,28,30,2,B-04L-016-3-A,2025-03-10 14:07:00,RCV-004,NEW
RCPT-110462,PO-50021,2025-03-10,06:07:00,SKU-04878,1486,1486,0,B-01R-016-3-B,2025-03-10 07:27:00,RCV-004,NEW
RCPT-110477,PO-50021,2025-03-10,06:39:00,SKU-04542,189,191,2,C-02L-018-4-A,2025-03-10 07:38:00,RCV-002,NEW
RCPT-110519,PO-50021,2025-03-10,09:34:00,SKU-04663,12,12,0,B-02R-010-1-B,2025-03-10 11:34:00,RCV-002,NEW
RCPT-110500,PO-50021,2025-03-10,08:44:00,SKU-02249,12,14,2,D-01L-017-5-A,2025-03-10 11:07:00,RCV-004,NEW
RCPT-110431,PO-50021,2025-03-10,06:01:00,SKU-02240,32,32,0,B-02L-008-4-B,2025-03-10 08:56:00,RCV-001,NEW
RCPT-110505,PO-50021,2025-03-10,11:47:00,SKU-04297,88,89,1,B-01L-002-3-A,2025-03-10 14:14:00,RCV-004,NEW
RCPT-110476,PO-50021,2025-03-10,07:27:00,SKU-00733,171,170,-1,A-04R-005-1-B,2025-03-10 09:01:00,RCV-004,NEW
RCPT-110443,PO-50021,2025-03-10,09:08:00,SKU-01047,12,11,-1,D-04L-010-1-A,2025-03-10 09:51:00,RCV-006,NEW
RCPT-110493,PO-50021,2025-03-10,11:40:00,SKU-04538,971,971,0,A-01R-001-1-B,2025-03-10 12:46:00,RCV-003,NEW
RCPT-110480,PO-50021,2025-03-10,06:23:00,SKU-04545,12,11,-1,C-01L-020-5-B,2025-03-10 07:30:00,RCV-001,NEW
RCPT-110461,PO-50021,2025-03-10,06:09:00,SKU-01126,85,85,0,D-03L-005-3-B,2025-03-10 08:55:00,RCV-005,NEW
RCPT-110421,PO-50021,2025-03-10,12:21:00,SKU-02251,23,24,1,C-02L-002-5-B,2025-03-10 14:45:00,RCV-008,NEW
RCPT-110469,PO-50021,2025-03-10,11:23:00,SKU-04528,717,716,-1,B-02R-014-3-B,2025-03-10 14:06:00,RCV-006,NEW
RCPT-110520,PO-50021,2025-03-10,06:17:00,SKU-00104,12,13,1,D-03R-018-4-B,2025-03-10 07:38:00,RCV-006,NEW
RCPT-110513,PO-50021,2025-03-10,07:36:00,SKU-04707,62,61,-1,B-01L-019-4-B,2025-03-10 10:10:00,RCV-004,NEW
RCPT-110455,PO-50021,2025-03-10,06:36:00,SKU-03012,22,21,-1,B-02R-010-4-A,2025-03-10 09:31:00,RCV-007,NEW
RCPT-110425,PO-50021,2025-03-10,08:06:00,SKU-01257,12,12,0,C-04L-014-4-B,2025-03-10 09:53:00,RCV-001,NEW
RCPT-110444,PO-50021,2025-03-10,12:48:00,SKU-03018,411,413,2,C-02L-015-3-B,2025-03-10 14:43:00,RCV-006,NEW
RCPT-110454,PO-50021,2025-03-10,11:25:00,SKU-00422,92,94,2,A-03R-005-2-B,2025-03-10 12:08:00,RCV-001,NEW
RCPT-110436,PO-50021,2025-03-10,08:33:00,SKU-01850,358,359,1,A-04R-006-2-A,2025-03-10 11:02:00,RCV-002,NEW
RCPT-110384,PO-50021,2025-03-10,08:30:00,SKU-04928,334,336,2,B-01L-013-2-B,2025-03-10 10:55:00,RCV-003,NEW
RCPT-110389,PO-50021,2025-03-10,11:29:00,SKU-03727,3376,3377,1,B-02R-023-4-A,2025-03-10 13:32:00,RCV-005,NEW
RCPT-110373,PO-50021,2025-03-10,12:50:00,SKU-02772,221,222,1,A-02R-012-5-A,2025-03-10 15:31:00,RCV-002,NEW
RCPT-110424,PO-50021,2025-03-10,06:43:00,SKU-00266,14,12,-2,D-03R-006-2-A,2025-03-10 08:29:00,RCV-006,NEW
RCPT-110468,PO-50021,2025-03-10,10:11:00,SKU-00132,494,492,-2,A-04R-016-4-B,2025-03-10 12:51:00,RCV-003,NEW
RCPT-110440,PO-50021,2025-03-10,10:22:00,SKU-04938,74,76,2,C-01L-014-2-A,2025-03-10 11:24:00,RCV-008,NEW
RCPT-110501,PO-50021,2025-03-10,06:39:00,SKU-02575,66,66,0,A-01L-016-2-A,2025-03-10 07:43:00,RCV-008,NEW
RCPT-110428,PO-50021,2025-03-10,06:09:00,SKU-01265,12,14,2,D-04R-008-4-A,2025-03-10 07:41:00,RCV-003,NEW
RCPT-110369,PO-50021,2025-03-10,09:49:00,SKU-03600,185,185,0,A-01L-017-2-B,2025-03-10 11:04:00,RCV-004,NEW
RCPT-110465,PO-50021,2025-03-10,06:07:00,SKU-02176,21,19,-2,C-01R-002-5-B,2025-03-10 07:03:00,RCV-005,NEW
RCPT-110467,PO-50021,2025-03-10,09:52:00,SKU-00452,12,11,-1,D-04R-003-1-A,2025-03-10 10:32:00,RCV-004,NEW
RCPT-110669,PO-50022,2025-03-11,08:02:00,SKU-01552,344,344,0,A-04R-001-1-B,2025-03-11 09:14:00,RCV-006,NEW
RCPT-110608,PO-50022,2025-03-11,09:38:00,SKU-00167,115,113,-2,A-03L-015-1-A,2025-03-11 10:56:00,RCV-002,NEW
RCPT-110611,PO-50022,2025-03-11,11:15:00,SKU-00017,343,345,2,B-03R-001-4-B,2025-03-11 12:20:00,RCV-002,NEW
RCPT-110664,PO-50022,2025-03-11,10:24:00,SKU-01298,12,14,2,D-03R-008-2-B,2025-03-11 12:40:00,RCV-007,NEW
RCPT-110551,PO-50022,2025-03-11,07:38:00,SKU-00733,188,189,1,A-04R-005-1-B,2025-03-11 09:10:00,RCV-004,NEW
RCPT-110533,PO-50022,2025-03-11,07:21:00,SKU-01204,4093,4095,2,A-03R-016-1-B,2025-03-11 08:53:00,RCV-005,NEW
RCPT-110668,PO-50022,2025-03-11,12:58:00,SKU-02208,16,17,1,B-01R-004-2-A,2025-03-11 15:47:00,RCV-005,NEW
RCPT-110643,PO-50022,2025-03-11,10:15:00,SKU-03103,12,12,0,C-01R-005-1-B,2025-03-11 12:33:00,RCV-008,NEW
RCPT-110596,PO-50022,2025-03-11,11:37:00,SKU-00559,131,131,0,A-04R-005-4-A,2025-03-11 12:52:00,RCV-008,NEW
RCPT-110675,PO-50022,2025-03-11,08:51:00,SKU-01652,385,387,2,B-04R-013-1-B,2025-03-11 11:08:00,RCV-005,NEW
RCPT-110633,PO-50022,2025-03-11,12:58:00,SKU-04733,246,248,2,A-01R-018-1-A,2025-03-11 14:31:00,RCV-001,NEW
RCPT-110562,PO-50022,2025-03-11,09:21:00,SKU-02050,981,983,2,C-02L-007-1-A,2025-03-11 10:31:00,RCV-002,NEW
RCPT-110548,PO-50022,2025-03-11,10:11:00,SKU-04041,8115,8115,0,A-02R-002-2-B,2025-03-11 12:47:00,RCV-006,NEW
RCPT-110656,PO-50022,2025-03-11,09:36:00,SKU-00046,232,230,-2,B-03L-005-2-A,2025-03-11 11:14:00,RCV-007,NEW
RCPT-110610,PO-50022,2025-03-11,06:52:00,SKU-02842,40,42,2,D-02L-002-1-B,2025-03-11 09:14:00,RCV-007,NEW
RCPT-110545,PO-50022,2025-03-11,08:32:00,SKU-00037,538,536,-2,A-03L-004-3-A,2025-03-11 11:04:00,RCV-002,NEW
RCPT-110671,PO-50022,2025-03-11,06:53:00,SKU-01442,12,12,0,D-03L-016-1-B,2025-03-11 08:10:00,RCV-004,NEW
RCPT-110572,PO-50022,2025-03-11,11:03:00,SKU-03881,887,885,-2,B-02R-002-4-A,2025-03-11 13:28:00,RCV-007,NEW
RCPT-110687,PO-50022,2025-03-11,09:29:00,SKU-04116,355,357,2,B-02L-002-3-A,2025-03-11 11:15:00,RCV-008,NEW
RCPT-110544,PO-50022,2025-03-11,06:39:00,SKU-03496,889,890,1,B-01R-016-5-B,2025-03-11 07:44:00,RCV-008,NEW
RCPT-110650,PO-50022,2025-03-11,06:31:00,SKU-04162,12,14,2,C-01R-019-2-A,2025-03-11 09:18:00,RCV-008,NEW
RCPT-110684,PO-50022,2025-03-11,08:55:00,SKU-00376,201,202,1,B-04L-004-2-B,2025-03-11 10:45:00,RCV-006,NEW
RCPT-110606,PO-50022,2025-03-11,11:58:00,SKU-03464,68,66,-2,A-01L-024-5-A,2025-03-11 14:26:00,RCV-002,NEW
RCPT-110580,PO-50022,2025-03-11,07:22:00,SKU-04928,531,531,0,B-01L-013-2-B,2025-03-11 09:48:00,RCV-006,NEW
RCPT-110577,PO-50022,2025-03-11,12:22:00,SKU-02624,803,801,-2,A-02R-022-1-A,2025-03-11 13:31:00,RCV-006,NEW
RCPT-110665,PO-50022,2025-03-11,10:05:00,SKU-00437,12,12,0,C-04R-010-3-A,2025-03-11 12:51:00,RCV-008,NEW
RCPT-110575,PO-50022,2025-03-11,07:27:00,SKU-04370,367,367,0,A-02R-026-5-A,2025-03-11 08:56:00,RCV-003,NEW
RCPT-110557,PO-50022,2025-03-11,11:01:00,SKU-00354,112,111,-1,A-03R-003-1-B,2025-03-11 12:42:00,RCV-006,NEW
RCPT-110609,PO-50022,2025-03-11,10:53:00,SKU-02357,223,221,-2,C-02L-006-2-A,2025-03-11 11:58:00,RCV-005,NEW
RCPT-110597,PO-50022,2025-03-11,09:54:00,SKU-03818,41,42,1,B-02R-010-1-A,2025-03-11 10:31:00,RCV-008,NEW
RCPT-110624,PO-50022,2025-03-11,06:16:00,SKU-03331,18,20,2,C-02R-003-3-A,2025-03-11 07:21:00,RCV-002,NEW
RCPT-110657,PO-50022,2025-03-11,07:08:00,SKU-01601,14,16,2,A-03L-001-3-B,2025-03-11 10:04:00,RCV-005,NEW
RCPT-110607,PO-50022,2025-03-11,08:25:00,SKU-04435,272,271,-1,A-02R-016-4-A,2025-03-11 10:44:00,RCV-001,NEW
RCPT-110804,PO-50022,2025-03-12,12:52:00,SKU-02073,123,125,2,B-02L-002-5-A,2025-03-12 15:22:00,RCV-001,NEW
RCPT-110741,PO-50022,2025-03-12,11:34:00,SKU-04768,595,597,2,A-01R-021-2-A,2025-03-12 14:18:00,RCV-006,NEW
RCPT-110734,PO-50022,2025-03-12,06:40:00,SKU-02087,12,13,1,A-02R-017-4-B,2025-03-12 07:35:00,RCV-002,NEW
RCPT-110712,PO-50022,2025-03-12,08:24:00,SKU-02284,19,20,1,D-01L-008-5-B,2025-03-12 09:43:00,RCV-006,NEW
RCPT-110790,PO-50022,2025-03-12,08:25:00,SKU-02893,271,273,2,B-01L-026-2-B,2025-03-12 10:24:00,RCV-002,NEW
RCPT-110792,PO-50022,2025-03-12,08:05:00,SKU-04473,19,19,0,A-02R-023-4-A,2025-03-12 09:12:00,RCV-003,NEW
RCPT-110710,PO-50022,2025-03-12,11:03:00,SKU-02908,6176,6174,-2,B-02L-005-3-A,2025-03-12 13:06:00,RCV-006,NEW
RCPT-110814,PO-50022,2025-03-12,08:28:00,SKU-00910,203,204,1,B-04R-014-3-A,2025-03-12 09:32:00,RCV-003,NEW
RCPT-110690,PO-50022,2025-03-12,06:02:00,SKU-02509,2022,2020,-2,B-01L-020-5-A,2025-03-12 07:58:00,RCV-007,NEW
RCPT-110841,PO-50022,2025-03-12,07:47:00,SKU-01850,377,377,0,A-04R-006-2-A,2025-03-12 08:58:00,RCV-002,NEW
RCPT-110834,PO-50022,2025-03-12,12:34:00,SKU-00087,87,86,-1,A-04L-011-4-A,2025-03-12 14:26:00,RCV-005,NEW
RCPT-110838,PO-50022,2025-03-12,06:47:00,SKU-00442,59,58,-1,B-04L-003-4-A,2025-03-12 07:22:00,RCV-007,NEW
RCPT-110714,PO-50022,2025-03-12,08:10:00,SKU-04025,123,124,1,C-01L-004-5-A,2025-03-12 10:36:00,RCV-004,NEW
RCPT-110705,PO-50022,2025-03-12,12:20:00,SKU-03970,71,69,-2,C-02L-022-1-A,2025-03-12 13:26:00,RCV-003,NEW
RCPT-110815,PO-50022,2025-03-12,10:26:00,SKU-03018,582,580,-2,C-02L-015-3-B,2025-03-12 12:15:00,RCV-006,NEW
RCPT-110697,PO-50022,2025-03-12,08:11:00,SKU-02034,583,584,1,A-02L-014-4-B,2025-03-12 10:39:00,RCV-007,NEW
RCPT-110709,PO-50022,2025-03-12,10:04:00,SKU-03095,262,263,1,B-01L-010-3-A,2025-03-12 12:33:00,RCV-006,NEW
RCPT-110830,PO-50022,2025-03-12,06:32:00,SKU-04024,12,13,1,D-02L-008-4-A,2025-03-12 09:23:00,RCV-003,NEW
RCPT-110854,PO-50022,2025-03-12,07:35:00,SKU-01005,82,84,2,A-04R-013-1-B,2025-03-12 08:23:00,RCV-005,NEW
RCPT-110843,PO-50022,2025-03-12,06:26:00,SKU-01857,74,72,-2,A-04R-005-1-A,2025-03-12 07:54:00,RCV-003,NEW
RCPT-110746,PO-50022,2025-03-12,12:17:00,SKU-00774,12,14,2,B-03L-013-4-A,2025-03-12 12:56:00,RCV-005,NEW
RCPT-110743,PO-50022,2025-03-12,12:24:00,SKU-04868,12,12,0,D-02R-020-4-A,2025-03-12 14:17:00,RCV-001,NEW
RCPT-110853,PO-50022,2025-03-12,12:57:00,SKU-04183,192,194,2,A-01L-010-2-B,2025-03-12 13:49:00,RCV-003,NEW
RCPT-110803,PO-50022,2025-03-12,09:45:00,SKU-03823,1480,1482,2,C-02R-020-1-B,2025-03-12 10:16:00,RCV-004,NEW
RCPT-110821,PO-50022,2025-03-12,09:44:00,SKU-03776,12,10,-2,B-01R-025-5-B,2025-03-12 12:32:00,RCV-003,NEW
RCPT-110739,PO-50022,2025-03-12,07:02:00,SKU-00392,317,317,0,B-03L-019-1-B,2025-03-12 09:36:00,RCV-006,NEW
RCPT-110819,PO-50022,2025-03-12,12:25:00,SKU-04932,99,99,0,A-02R-018-5-A,2025-03-12 14:11:00,RCV-005,NEW
RCPT-110818,PO-50022,2025-03-12,10:47:00,SKU-04608,2260,2261,1,A-02L-025-1-B,2025-03-12 12:10:00,RCV-001,NEW
RCPT-110791,PO-50022,2025-03-12,12:43:00,SKU-04878,861,862,1,B-01R-016-3-B,2025-03-12 14:19:00,RCV-007,NEW
RCPT-110781,PO-50022,2025-03-12,06:34:00,SKU-02624,976,976,0,A-02R-022-1-A,2025-03-12 08:38:00,RCV-007,NEW
RCPT-110943,PO-50022,2025-03-13,08:46:00,SKU-04308,225,224,-1,B-02R-019-4-A,2025-03-13 10:21:00,RCV-006,NEW
RCPT-110873,PO-50022,2025-03-13,10:37:00,SKU-04328,15749,15749,0,A-02L-021-1-B,2025-03-13 11:38:00,RCV-007,NEW
RCPT-110888,PO-50022,2025-03-13,11:32:00,SKU-02140,600,599,-1,B-01R-020-2-B,2025-03-13 14:04:00,RCV-002,NEW
RCPT-110993,PO-50022,2025-03-13,07:12:00,SKU-04279,42,40,-2,A-02L-015-4-A,2025-03-13 08:16:00,RCV-006,NEW
RCPT-110936,PO-50022,2025-03-13,06:10:00,SKU-04975,41,41,0,A-02L-004-4-B,2025-03-13 06:49:00,RCV-001,NEW
RCPT-110887,PO-50022,2025-03-13,11:39:00,SKU-04637,119,121,2,B-02L-003-1-A,2025-03-13 13:30:00,RCV-002,NEW
RCPT-110981,PO-50022,2025-03-13,07:46:00,SKU-04422,12,12,0,C-02R-011-3-B,2025-03-13 10:08:00,RCV-004,NEW
RCPT-110934,PO-50022,2025-03-13,10:38:00,SKU-02407,172,172,0,A-01L-004-2-A,2025-03-13 13:32:00,RCV-004,NEW
RCPT-110862,PO-50022,2025-03-13,07:49:00,SKU-01204,2421,2419,-2,A-03R-016-1-B,2025-03-13 09:54:00,RCV-004,NEW
RCPT-110984,PO-50022,2025-03-13,07:59:00,SKU-04710,631,630,-1,A-02L-008-2-A,2025-03-13 08:55:00,RCV-006,NEW
RCPT-110876,PO-50022,2025-03-13,08:35:00,SKU-02597,173,173,0,A-01L-006-4-B,2025-03-13 11:25:00,RCV-005,NEW
RCPT-110933,PO-50022,2025-03-13,07:48:00,SKU-01121,1617,1617,0,B-04R-017-4-A,2025-03-13 08:29:00,RCV-008,NEW
RCPT-110982,PO-50022,2025-03-13,08:02:00,SKU-00248,82,80,-2,B-04R-005-4-A,2025-03-13 09:09:00,RCV-002,NEW
RCPT-110935,PO-50022,2025-03-13,09:11:00,SKU-04719,73,75,2,B-01L-006-4-B,2025-03-13 10:10:00,RCV-002,NEW
RCPT-110869,PO-50022,2025-03-13,08:23:00,SKU-02681,1653,1655,2,A-01R-018-4-B,2025-03-13 09:18:00,RCV-002,NEW
RCPT-110953,PO-50022,2025-03-13,09:41:00,SKU-02632,41,41,0,B-01R-003-1-A,2025-03-13 11:28:00,RCV-005,NEW
RCPT-110879,PO-50022,2025-03-13,11:09:00,SKU-03644,37,35,-2,B-02R-015-5-A,2025-03-13 12:32:00,RCV-007,NEW
RCPT-110907,PO-50022,2025-03-13,10:59:00,SKU-02509,1553,1552,-1,B-01L-020-5-A,2025-03-13 12:36:00,RCV-002,NEW
RCPT-110968,PO-50022,2025-03-13,12:48:00,SKU-04984,75,75,0,B-02R-026-4-B,2025-03-13 14:02:00,RCV-002,NEW
RCPT-110872,PO-50022,2025-03-13,11:22:00,SKU-00020,52,54,2,B-03L-011-2-B,2025-03-13 14:06:00,RCV-003,NEW
RCPT-110901,PO-50022,2025-03-13,10:44:00,SKU-00798,55,56,1,B-03L-016-4-B,2025-03-13 12:45:00,RCV-005,NEW
RCPT-110885,PO-50022,2025-03-13,07:32:00,SKU-02953,12,10,-2,C-01L-008-5-A,2025-03-13 09:58:00,RCV-008,NEW
RCPT-110902,PO-50022,2025-03-13,12:37:00,SKU-02633,48,46,-2,C-01L-020-4-A,2025-03-13 14:07:00,RCV-002,NEW
RCPT-110914,PO-50022,2025-03-13,11:12:00,SKU-01805,12,11,-1,B-04L-015-1-A,2025-03-13 13:55:00,RCV-004,NEW
RCPT-110991,PO-50022,2025-03-13,12:45:00,SKU-03356,217,218,1,A-02L-015-2-A,2025-03-13 14:19:00,RCV-001,NEW
RCPT-110948,PO-50022,2025-03-13,11:03:00,SKU-04353,424,422,-2,B-02L-022-4-A,2025-03-13 12:34:00,RCV-006,NEW
RCPT-110911,PO-50022,2025-03-13,11:00:00,SKU-00831,274,275,1,A-03R-004-3-B,2025-03-13 12:25:00,RCV-001,NEW
RCPT-110924,PO-50022,2025-03-13,10:56:00,SKU-04015,107,107,0,A-02R-020-1-B,2025-03-13 12:43:00,RCV-006,NEW
RCPT-110882,PO-50022,2025-03-13,08:01:00,SKU-02034,796,795,-1,A-02L-014-4-B,2025-03-13 10:29:00,RCV-002,NEW
RCPT-111079,PO-50022,2025-03-14,10:22:00,SKU-03790,102,100,-2,A-01L-017-1-B,2025-03-14 11:19:00,RCV-007,NEW
RCPT-111078,PO-50022,2025-03-14,08:49:00,SKU-00982,12,12,0,C-04R-008-3-A,2025-03-14 10:37:00,RCV-007,NEW
RCPT-111107,PO-50022,2025-03-14,06:04:00,SKU-04843,12,12,0,C-02L-008-1-B,2025-03-14 08:53:00,RCV-002,NEW
RCPT-111051,PO-50022,2025-03-14,07:47:00,SKU-04865,991,989,-2,A-01R-011-4-B,2025-03-14 09:31:00,RCV-005,NEW
RCPT-111099,PO-50022,2025-03-14,12:30:00,SKU-04542,337,339,2,C-02L-018-4-A,2025-03-14 14:42:00,RCV-006,NEW
RCPT-111000,PO-50022,2025-03-14,07:42:00,SKU-03386,40,42,2,A-01R-019-5-A,2025-03-14 08:31:00,RCV-007,NEW
RCPT-111072,PO-50022,2025-03-14,10:57:00,SKU-04557,40,38,-2,B-02R-023-2-B,2025-03-14 13:05:00,RCV-006,NEW
RCPT-111061,PO-50022,2025-03-14,10:13:00,SKU-02349,12,14,2,E-01L-010-5-B,2025-03-14 12:13:00,RCV-005,NEW
RCPT-111006,PO-50022,2025-03-14,09:37:00,SKU-02627,35,37,2,B-01L-001-2-A,2025-03-14 12:04:00,RCV-005,NEW
RCPT-111037,PO-50022,2025-03-14,09:05:00,SKU-02119,82,84,2,A-02R-008-5-B,2025-03-14 11:17:00,RCV-002,NEW
RCPT-111097,PO-50022,2025-03-14,06:28:00,SKU-04932,197,199,2,A-02R-018-5-A,2025-03-14 08:19:00,RCV-006,NEW
RCPT-111021,PO-50022,2025-03-14,08:29:00,SKU-04278,25,27,2,A-01L-026-4-B,2025-03-14 10:02:00,RCV-001,NEW
RCPT-111038,PO-50022,2025-03-14,06:53:00,SKU-04392,56,55,-1,A-02R-003-5-B,2025-03-14 07:32:00,RCV-002,NEW
RCPT-111044,PO-50022,2025-03-14,07:33:00,SKU-00014,78,76,-2,A-04L-004-2-B,2025-03-14 09:53:00,RCV-001,NEW
RCPT-111020,PO-50022,2025-03-14,06:41:00,SKU-04015,75,74,-1,A-02R-020-1-B,2025-03-14 08:37:00,RCV-002,NEW
RCPT-111062,PO-50022,2025-03-14,12:08:00,SKU-04687,29,29,0,B-01R-026-4-A,2025-03-14 14:08:00,RCV-007,NEW
RCPT-111029,PO-50022,2025-03-14,12:36:00,SKU-03881,971,970,-1,B-02R-002-4-A,2025-03-14 15:04:00,RCV-004,NEW
RCPT-111092,PO-50022,2025-03-14,06:49:00,SKU-04873,45,43,-2,B-02L-018-5-B,2025-03-14 07:50:00,RCV-003,NEW
RCPT-111026,PO-50022,2025-03-14,09:16:00,SKU-01675,12,14,2,E-04R-001-2-A,2025-03-14 11:48:00,RCV-002,NEW
RCPT-110995,PO-50022,2025-03-14,08:35:00,SKU-02043,56,54,-2,A-02L-003-4-B,2025-03-14 10:49:00,RCV-007,NEW
RCPT-110994,PO-50022,2025-03-14,10:32:00,SKU-04328,17917,17916,-1,A-02L-021-1-B,2025-03-14 12:54:00,RCV-005,NEW
RCPT-111057,PO-50022,2025-03-14,10:45:00,SKU-04733,379,378,-1,A-01R-018-1-A,2025-03-14 12:47:00,RCV-005,NEW
RCPT-111082,PO-50022,2025-03-14,10:17:00,SKU-00535,288,286,-2,A-03R-010-2-A,2025-03-14 12:34:00,RCV-007,NEW
RCPT-111089,PO-50022,2025-03-14,11:06:00,SKU-01803,801,801,0,B-03R-020-1-A,2025-03-14 11:54:00,RCV-004,NEW
RCPT-111132,PO-50022,2025-03-14,11:29:00,SKU-00778,12,12,0,D-03L-019-2-A,2025-03-14 12:06:00,RCV-007,NEW
RCPT-111096,PO-50022,2025-03-14,06:27:00,SKU-02420,213,211,-2,B-01L-005-4-B,2025-03-14 08:33:00,RCV-004,NEW
RCPT-111067,PO-50022,2025-03-14,10:34:00,SKU-04637,91,92,1,B-02L-003-1-A,2025-03-14 11:44:00,RCV-002,NEW
RCPT-111012,PO-50022,2025-03-14,10:18:00,SKU-02104,1230,1228,-2,B-01R-002-1-A,2025-03-14 12:02:00,RCV-007,NEW
RCPT-110999,PO-50022,2025-03-14,11:27:00,SKU-04604,152,154,2,A-02R-011-2-A,2025-03-14 11:57:00,RCV-004,NEW
RCPT-111011,PO-50022,2025-03-14,09:28:00,SKU-00669,58,59,1,B-03R-003-1-A,2025-03-14 09:59:00,RCV-005,NEW
RCPT-111127,PO-50022,2025-03-14,08:42:00,SKU-02597,258,259,1,A-01L-006-4-B,2025-03-14 11:15:00,RCV-002,NEW
RCPT-111055,PO-50022,2025-03-14,11:20:00,SKU-04794,12,10,-2,D-02L-012-5-A,2025-03-14 12:16:00,RCV-007,NEW
RCPT-111123,PO-50022,2025-03-14,08:41:00,SKU-04044,12,11,-1,C-01L-005-1-A,2025-03-14 10:32:00,RCV-006,NEW
RCPT-111119,PO-50022,2025-03-14,10:08:00,SKU-00303,145,144,-1,B-03L-008-1-A,2025-03-14 11:56:00,RCV-006,NEW
RCPT-111235,PO-50023,2025-03-15,09:44:00,SKU-04896,93,94,1,A-02L-008-1-A,2025-03-15 11:52:00,RCV-004,NEW
RCPT-111153,PO-50023,2025-03-15,07:07:00,SKU-00174,15,16,1,C-04R-003-2-A,2025-03-15 10:06:00,RCV-002,NEW
RCPT-111160,PO-50023,2025-03-15,09:30:00,SKU-04520,32,30,-2,C-02L-010-3-B,2025-03-15 12:00:00,RCV-001,NEW
RCPT-111149,PO-50023,2025-03-15,12:26:00,SKU-01121,1316,1318,2,B-04R-017-4-A,2025-03-15 14:51:00,RCV-004,NEW
RCPT-111201,PO-50023,2025-03-15,12:52:00,SKU-01281,15,15,0,C-04L-020-2-B,2025-03-15 14:41:00,RCV-002,NEW
RCPT-111193,PO-50023,2025-03-15,10:17:00,SKU-01124,299,298,-1,B-03R-007-4-A,2025-03-15 12:33:00,RCV-008,NEW
RCPT-111198,PO-50023,2025-03-15,10:25:00,SKU-04604,114,112,-2,A-02R-011-2-A,2025-03-15 13:04:00,RCV-001,NEW
RCPT-111223,PO-50023,2025-03-15,07:47:00,SKU-01073,197,195,-2,B-04R-005-1-A,2025-03-15 09:23:00,RCV-007,NEW
RCPT-111155,PO-50023,2025-03-15,08:19:00,SKU-01204,3214,3216,2,A-03R-016-1-B,2025-03-15 10:35:00,RCV-007,NEW
RCPT-111218,PO-50023,2025-03-15,11:00:00,SKU-04006,15,13,-2,D-01L-009-2-B,2025-03-15 11:58:00,RCV-002,NEW
RCPT-111256,PO-50023,2025-03-15,07:02:00,SKU-02170,58,57,-1,A-02R-011-5-B,2025-03-15 09:36:00,RCV-007,NEW
RCPT-111202,PO-50023,2025-03-15,10:35:00,SKU-04116,160,159,-1,B-02L-002-3-A,2025-03-15 12:13:00,RCV-008,NEW
RCPT-111266,PO-50023,2025-03-15,07:07:00,SKU-02875,162,160,-2,A-02L-009-4-A,2025-03-15 09:38:00,RCV-005,NEW
RCPT-111175,PO-50023,2025-03-15,06:39:00,SKU-00120,21,21,0,D-03L-019-3-A,2025-03-15 07:45:00,RCV-007,NEW
RCPT-111229,PO-50023,2025-03-15,09:35:00,SKU-02316,99,97,-2,A-02L-026-1-A,2025-03-15 11:02:00,RCV-007,NEW
RCPT-111253,PO-50023,2025-03-15,12:06:00,SKU-02272,971,973,2,A-02R-002-5-A,2025-03-15 12:59:00,RCV-008,NEW
RCPT-111148,PO-50023,2025-03-15,09:39:00,SKU-02699,494,496,2,C-01L-007-2-B,2025-03-15 11:11:00,RCV-004,NEW
RCPT-111216,PO-50023,2025-03-15,06:16:00,SKU-01540,12,14,2,E-04R-011-1-B,2025-03-15 07:50:00,RCV-007,NEW
RCPT-111263,PO-50023,2025-03-15,06:15:00,SKU-02734,114,113,-1,C-02R-023-3-A,2025-03-15 07:32:00,RCV-006,NEW
RCPT-111272,PO-50023,2025-03-15,12:21:00,SKU-00360,18,20,2,D-04L-017-2-A,2025-03-15 12:54:00,RCV-007,NEW
RCPT-111180,PO-50023,2025-03-15,12:59:00,SKU-04308,385,384,-1,B-02R-019-4-A,2025-03-15 13:49:00,RCV-005,NEW
RCPT-111167,PO-50023,2025-03-15,10:14:00,SKU-03018,670,670,0,C-02L-015-3-B,2025-03-15 10:46:00,RCV-001,NEW
RCPT-111230,PO-50023,2025-03-15,10:47:00,SKU-00326,78,78,0,B-04L-006-2-B,2025-03-15 13:31:00,RCV-005,NEW
RCPT-111170,PO-50023,2025-03-15,07:56:00,SKU-02281,315,316,1,A-01L-025-3-B,2025-03-15 08:58:00,RCV-001,NEW
RCPT-111269,PO-50023,2025-03-15,11:01:00,SKU-03970,87,85,-2,C-02L-022-1-A,2025-03-15 12:37:00,RCV-005,NEW
RCPT-111213,PO-50023,2025-03-15,09:27:00,SKU-00239,308,310,2,A-04L-019-1-B,2025-03-15 10:15:00,RCV-003,NEW
RCPT-111257,PO-50023,2025-03-15,10:15:00,SKU-01648,12,13,1,D-03L-008-3-B,2025-03-15 11:02:00,RCV-004,NEW
RCPT-111276,PO-50023,2025-03-15,08:15:00,SKU-02834,19,17,-2,D-01R-009-5-A,2025-03-15 11:10:00,RCV-005,NEW
RCPT-111145,PO-50023,2025-03-15,09:22:00,SKU-04187,90,88,-2,C-02L-010-1-B,2025-03-15 10:13:00,RCV-006,NEW
RCPT-111238,PO-50023,2025-03-15,12:14:00,SKU-04782,448,449,1,C-01L-004-3-A,2025-03-15 13:29:00,RCV-007,NEW
RCPT-111233,PO-50023,2025-03-15,06:38:00,SKU-03278,26,26,0,A-01R-003-1-B,2025-03-15 08:50:00,RCV-004,NEW
RCPT-111209,PO-50023,2025-03-15,12:08:00,SKU-04865,1342,1342,0,A-01R-011-4-B,2025-03-15 12:52:00,RCV-002,NEW
RCPT-111242,PO-50023,2025-03-15,10:48:00,SKU-03507,12,11,-1,D-01L-011-1-B,2025-03-15 13:18:00,RCV-001,NEW
RCPT-111311,PO-50023,2025-03-17,11:07:00,SKU-03018,266,268,2,C-02L-015-3-B,2025-03-17 13:01:00,RCV-007,NEW
RCPT-111293,PO-50023,2025-03-17,07:27:00,SKU-03855,28,30,2,B-02R-015-3-B,2025-03-17 08:53:00,RCV-003,NEW
RCPT-111377,PO-50023,2025-03-17,08:30:00,SKU-04523,78,76,-2,A-02L-024-2-B,2025-03-17 09:49:00,RCV-004,NEW
RCPT-111341,PO-50023,2025-03-17,10:04:00,SKU-02850,88,89,1,A-01R-014-5-A,2025-03-17 12:17:00,RCV-004,NEW
RCPT-111305,PO-50023,2025-03-17,09:32:00,SKU-01019,392,390,-2,B-03R-014-1-A,2025-03-17 11:48:00,RCV-008,NEW
RCPT-111320,PO-50023,2025-03-17,11:50:00,SKU-04841,66,66,0,B-01L-019-4-A,2025-03-17 13:58:00,RCV-003,NEW
RCPT-111359,PO-50023,2025-03-17,10:10:00,SKU-03912,12,14,2,C-02L-015-2-B,2025-03-17 11:57:00,RCV-004,NEW
RCPT-111299,PO-50023,2025-03-17,10:00:00,SKU-04328,22244,22246,2,A-02L-021-1-B,2025-03-17 11:11:00,RCV-002,NEW
RCPT-111386,PO-50023,2025-03-17,07:05:00,SKU-04865,1305,1307,2,A-01R-011-4-B,2025-03-17 09:23:00,RCV-003,NEW
RCPT-111282,PO-50023,2025-03-17,09:13:00,SKU-02893,348,348,0,B-01L-026-2-B,2025-03-17 11:17:00,RCV-001,NEW
RCPT-111379,PO-50023,2025-03-17,07:48:00,SKU-02219,50,48,-2,A-02R-008-5-A,2025-03-17 10:31:00,RCV-003,NEW
RCPT-111289,PO-50023,2025-03-17,07:25:00,SKU-01976,46,44,-2,A-03L-005-2-A,2025-03-17 08:53:00,RCV-006,NEW
RCPT-111376,PO-50023,2025-03-17,07:34:00,SKU-00290,51,49,-2,A-03L-003-2-A,2025-03-17 10:26:00,RCV-008,NEW
RCPT-111316,PO-50023,2025-03-17,08:52:00,SKU-01073,257,258,1,B-04R-005-1-A,2025-03-17 09:32:00,RCV-006,NEW
RCPT-111287,PO-50023,2025-03-17,07:26:00,SKU-03188,12,14,2,C-02L-011-2-A,2025-03-17 08:36:00,RCV-002,NEW
RCPT-111385,PO-50023,2025-03-17,08:59:00,SKU-02585,3131,3132,1,A-01R-012-4-A,2025-03-17 11:49:00,RCV-006,NEW
RCPT-111327,PO-50023,2025-03-17,06:28:00,SKU-03774,124,124,0,B-02L-023-2-A,2025-03-17 09:04:00,RCV-004,NEW
RCPT-111309,PO-50023,2025-03-17,07:12:00,SKU-02884,75,75,0,D-01R-008-3-B,2025-03-17 09:09:00,RCV-003,NEW
RCPT-111399,PO-50023,2025-03-17,11:14:00,SKU-00708,14,16,2,A-03L-007-4-B,2025-03-17 13:14:00,RCV-002,NEW
RCPT-111356,PO-50023,2025-03-17,10:56:00,SKU-04041,6597,6595,-2,A-02R-002-2-B,2025-03-17 13:22:00,RCV-005,NEW
RCPT-111318,PO-50023,2025-03-17,10:16:00,SKU-02124,29,30,1,B-01R-023-4-A,2025-03-17 12:05:00,RCV-002,NEW
RCPT-111325,PO-50023,2025-03-17,11:03:00,SKU-00153,45,45,0,D-03L-012-4-A,2025-03-17 13:37:00,RCV-004,NEW
RCPT-111405,PO-50023,2025-03-17,12:14:00,SKU-00019,117,118,1,A-03R-001-1-A,2025-03-17 14:31:00,RCV-007,NEW
RCPT-111398,PO-50023,2025-03-17,07:58:00,SKU-03993,53,52,-1,B-02L-018-2-B,2025-03-17 10:17:00,RCV-005,NEW
RCPT-111418,PO-50023,2025-03-18,10:41:00,SKU-04842,22,22,0,C-01R-002-2-B,2025-03-18 12:47:00,RCV-002,NEW
RCPT-111497,PO-50023,2025-03-18,10:16:00,SKU-00733,91,91,0,A-04R-005-1-B,2025-03-18 11:45:00,RCV-002,NEW
RCPT-111482,PO-50023,2025-03-18,12:59:00,SKU-01078,27,29,2,A-04R-008-4-A,2025-03-18 14:40:00,RCV-006,DAMAGED
RCPT-111583,PO-50023,2025-03-18,11:40:00,SKU-00119,20,18,-2,C-04R-015-2-A,2025-03-18 13:37:00,RCV-001,NEW
RCPT-111500,PO-50023,2025-03-18,06:30:00,SKU-02903,330,329,-1,B-01R-020-5-B,2025-03-18 09:26:00,RCV-006,NEW
RCPT-111476,PO-50023,2025-03-18,09:28:00,SKU-03881,1374,1373,-1,B-02R-002-4-A,2025-03-18 12:00:00,RCV-005,NEW
RCPT-111495,PO-50023,2025-03-18,08:57:00,SKU-02281,235,236,1,A-01L-025-3-B,2025-03-18 10:12:00,RCV-005,NEW
RCPT-111458,PO-50023,2025-03-18,11:07:00,SKU-02973,144,144,0,B-01R-015-1-A,2025-03-18 13:27:00,RCV-007,NEW
RCPT-111465,PO-50023,2025-03-18,11:50:00,SKU-00448,15,13,-2,C-03L-009-1-B,2025-03-18 12:39:00,RCV-001,NEW
RCPT-111448,PO-50023,2025-03-18,07:46:00,SKU-00153,46,48,2,D-03L-012-4-A,2025-03-18 10:38:00,RCV-002,NEW
RCPT-111512,PO-50023,2025-03-18,10:21:00,SKU-02665,109,108,-1,B-02R-024-2-A,2025-03-18 12:56:00,RCV-004,NEW
RCPT-111449,PO-50023,2025-03-18,12:16:00,SKU-01667,12,14,2,B-03L-015-4-A,2025-03-18 12:58:00,RCV-007,NEW
RCPT-111554,PO-50023,2025-03-18,06:51:00,SKU-04628,12,14,2,D-01L-001-5-A,2025-03-18 09:20:00,RCV-005,NEW
RCPT-111522,PO-50023,2025-03-18,06:00:00,SKU-03825,307,309,2,B-01R-003-2-A,2025-03-18 06:55:00,RCV-006,NEW
RCPT-111557,PO-50023,2025-03-18,10:37:00,SKU-02050,1006,1005,-1,C-02L-007-1-A,2025-03-18 11:24:00,RCV-008,NEW
RCPT-111420,PO-50023,2025-03-18,08:23:00,SKU-04304,70,70,0,A-02R-022-3-B,2025-03-18 09:01:00,RCV-005,NEW
RCPT-111524,PO-50023,2025-03-18,11:54:00,SKU-04665,44,46,2,A-01R-021-5-A,2025-03-18 12:39:00,RCV-001,NEW
RCPT-111574,PO-50023,2025-03-18,06:21:00,SKU-03248,12,14,2,C-01L-023-2-B,2025-03-18 07:17:00,RCV-008,NEW
RCPT-111438,PO-50023,2025-03-18,06:10:00,SKU-02624,805,806,1,A-02R-022-1-A,2025-03-18 08:34:00,RCV-004,NEW
RCPT-111503,PO-50023,2025-03-18,07:08:00,SKU-02734,113,111,-2,C-02R-023-3-A,2025-03-18 09:00:00,RCV-007,NEW
RCPT-111579,PO-50023,2025-03-18,07:53:00,SKU-03823,1418,1416,-2,C-02R-020-1-B,2025-03-18 09:20:00,RCV-002,NEW
RCPT-111480,PO-50023,2025-03-18,12:14:00,SKU-04308,622,621,-1,B-02R-019-4-A,2025-03-18 13:13:00,RCV-005,DAMAGED
RCPT-111537,PO-50023,2025-03-18,12:53:00,SKU-02480,73,71,-2,A-02R-005-1-B,2025-03-18 14:28:00,RCV-003,NEW
RCPT-111598,PO-50023,2025-03-18,07:54:00,SKU-00028,100,101,1,B-04L-012-1-A,2025-03-18 08:40:00,RCV-001,NEW
RCPT-111414,PO-50023,2025-03-18,06:18:00,SKU-02908,2507,2505,-2,B-02L-005-3-A,2025-03-18 07:59:00,RCV-001,NEW
RCPT-111423,PO-50023,2025-03-18,10:31:00,SKU-00459,59,58,-1,B-03R-017-3-B,2025-03-18 12:23:00,RCV-007,NEW
RCPT-111511,PO-50023,2025-03-18,06:05:00,SKU-02700,12,11,-1,C-01L-019-4-B,2025-03-18 08:35:00,RCV-003,NEW
RCPT-111467,PO-50023,2025-03-18,08:57:00,SKU-00673,247,245,-2,C-03L-015-4-A,2025-03-18 10:44:00,RCV-006,NEW
RCPT-111490,PO-50023,2025-03-18,09:12:00,SKU-02836,363,361,-2,A-02R-009-1-B,2025-03-18 11:34:00,RCV-003,NEW
RCPT-111451,PO-50023,2025-03-18,08:46:00,SKU-02211,45,46,1,C-01R-007-2-A,2025-03-18 10:24:00,RCV-001,NEW
RCPT-111466,PO-50023,2025-03-18,09:49:00,SKU-03862,12,14,2,C-02L-004-1-B,2025-03-18 11:42:00,RCV-005,NEW
RCPT-111508,PO-50023,2025-03-18,07:32:00,SKU-04865,1094,1093,-1,A-01R-011-4-B,2025-03-18 09:01:00,RCV-003,NEW
RCPT-111488,PO-50023,2025-03-18,11:00:00,SKU-02904,17,18,1,B-01L-018-1-B,2025-03-18 11:54:00,RCV-007,NEW
RCPT-111585,PO-50023,2025-03-18,06:40:00,SKU-03307,51,52,1,C-02R-019-5-B,2025-03-18 09:33:00,RCV-006,NEW
RCPT-111505,PO-50023,2025-03-18,09:53:00,SKU-04878,731,732,1,B-01R-016-3-B,2025-03-18 10:23:00,RCV-004,NEW
RCPT-111592,PO-50023,2025-03-18,10:13:00,SKU-00974,76,75,-1,A-03L-013-3-B,2025-03-18 12:15:00,RCV-002,NEW
RCPT-111472,PO-50023,2025-03-18,12:41:00,SKU-02585,2291,2291,0,A-01R-012-4-A,2025-03-18 14:39:00,RCV-007,NEW
RCPT-111506,PO-50023,2025-03-18,11:46:00,SKU-02707,85,85,0,A-02L-009-3-A,2025-03-18 12:31:00,RCV-002,NEW
RCPT-111551,PO-50023,2025-03-18,06:07:00,SKU-02038,12,14,2,A-01L-024-2-A,2025-03-18 08:38:00,RCV-001,NEW
RCPT-111756,PO-50023,2025-03-19,12:45:00,SKU-02745,12,12,0,D-02R-008-3-B,2025-03-19 14:00:00,RCV-001,NEW
RCPT-111764,PO-50023,2025-03-19,10:46:00,SKU-00376,322,322,0,B-04L-004-2-B,2025-03-19 12:40:00,RCV-003,NEW
RCPT-111610,PO-50023,2025-03-19,10:29:00,SKU-00399,18,18,0,C-04L-002-3-B,2025-03-19 12:42:00,RCV-004,NEW
RCPT-111751,PO-50023,2025-03-19,12:50:00,SKU-00079,255,254,-1,A-03R-013-2-B,2025-03-19 13:55:00,RCV-008,NEW
RCPT-111660,PO-50023,2025-03-19,08:31:00,SKU-00039,24,25,1,C-03R-017-4-B,2025-03-19 09:19:00,RCV-008,NEW
RCPT-111626,PO-50023,2025-03-19,08:54:00,SKU-01464,12,12,0,E-03R-001-1-A,2025-03-19 10:33:00,RCV-008,DAMAGED
RCPT-111740,PO-50023,2025-03-19,10:25:00,SKU-03057,110,112,2,C-01R-026-4-B,2025-03-19 11:42:00,RCV-005,NEW
RCPT-111604,PO-50023,2025-03-19,07:34:00,SKU-02584,180,179,-1,A-02L-003-1-B,2025-03-19 10:32:00,RCV-004,NEW
RCPT-111702,PO-50023,2025-03-19,09:35:00,SKU-02420,316,317,1,B-01L-005-4-B,2025-03-19 10:57:00,RCV-008,NEW
RCPT-111709,PO-50023,2025-03-19,06:11:00,SKU-01122,28,29,1,A-03R-004-3-A,2025-03-19 08:50:00,RCV-001,NEW
RCPT-111715,PO-50023,2025-03-19,08:06:00,SKU-01721,1418,1417,-1,A-04L-015-4-B,2025-03-19 10:03:00,RCV-004,NEW
RCPT-111644,PO-50023,2025-03-19,10:38:00,SKU-02510,18,18,0,C-01R-009-2-B,2025-03-19 13:18:00,RCV-001,NEW
RCPT-111731,PO-50023,2025-03-19,08:55:00,SKU-02045,205,207,2,B-01R-025-3-A,2025-03-19 10:07:00,RCV-007,NEW
RCPT-111608,PO-50023,2025-03-19,10:09:00,SKU-02104,1509,1510,1,B-01R-002-1-A,2025-03-19 12:30:00,RCV-001,NEW
RCPT-111617,PO-50023,2025-03-19,07:59:00,SKU-03136,12,13,1,D-01R-005-5-A,2025-03-19 10:38:00,RCV-001,NEW
RCPT-111697,PO-50023,2025-03-19,07:07:00,SKU-01985,30,29,-1,A-04R-016-3-B,2025-03-19 08:31:00,RCV-008,NEW
RCPT-111682,PO-50023,2025-03-19,11:55:00,SKU-04928,399,400,1,B-01L-013-2-B,2025-03-19 13:32:00,RCV-007,NEW
RCPT-111607,PO-50023,2025-03-19,10:57:00,SKU-00872,4248,4249,1,A-04L-005-1-A,2025-03-19 12:14:00,RCV-007,NEW
RCPT-111605,PO-50023,2025-03-19,10:22:00,SKU-00445,12,11,-1,B-03L-015-2-A,2025-03-19 11:10:00,RCV-004,NEW
RCPT-111727,PO-50023,2025-03-19,12:36:00,SKU-02822,12,10,-2,B-01L-018-4-B,2025-03-19 13:40:00,RCV-003,NEW
RCPT-111633,PO-50023,2025-03-19,08:39:00,SKU-00606,175,175,0,B-04L-016-1-A,2025-03-19 10:21:00,RCV-008,NEW
RCPT-111643,PO-50023,2025-03-19,11:56:00,SKU-01188,26,24,-2,B-04L-010-1-A,2025-03-19 13:09:00,RCV-004,NEW
RCPT-111628,PO-50023,2025-03-19,06:54:00,SKU-02185,390,388,-2,C-01R-009-4-B,2025-03-19 08:45:00,RCV-006,NEW
RCPT-111719,PO-50023,2025-03-19,12:23:00,SKU-00134,13,12,-1,E-04R-012-1-B,2025-03-19 13:46:00,RCV-001,NEW
RCPT-111726,PO-50023,2025-03-19,10:29:00,SKU-02816,188,190,2,A-02R-004-2-A,2025-03-19 13:21:00,RCV-001,NEW
RCPT-111742,PO-50023,2025-03-19,07:29:00,SKU-02281,261,262,1,A-01L-025-3-B,2025-03-19 09:13:00,RCV-003,NEW
RCPT-111685,PO-50023,2025-03-19,11:36:00,SKU-01975,88,87,-1,B-04L-014-4-A,2025-03-19 12:56:00,RCV-008,NEW
RCPT-111638,PO-50023,2025-03-19,09:49:00,SKU-03887,16,16,0,B-02R-019-4-B,2025-03-19 12:07:00,RCV-002,NEW
RCPT-111635,PO-50023,2025-03-19,12:53:00,SKU-02043,94,92,-2,A-02L-003-4-B,2025-03-19 13:44:00,RCV-003,NEW
RCPT-111625,PO-50023,2025-03-19,09:44:00,SKU-01204,2364,2364,0,A-03R-016-1-B,2025-03-19 11:33:00,RCV-003,NEW
RCPT-111701,PO-50023,2025-03-19,10:56:00,SKU-02497,54,54,0,A-01L-006-1-B,2025-03-19 12:33:00,RCV-002,NEW
RCPT-111884,PO-50023,2025-03-20,08:01:00,SKU-00482,12,14,2,E-04L-015-3-B,2025-03-20 09:49:00,RCV-001,NEW
RCPT-111809,PO-50023,2025-03-20,11:23:00,SKU-01490,1594,1593,-1,B-04R-009-1-A,2025-03-20 12:26:00,RCV-006,NEW
RCPT-111804,PO-50023,2025-03-20,10:45:00,SKU-02366,5763,5761,-2,A-01R-020-4-A,2025-03-20 13:03:00,RCV-006,NEW
RCPT-111888,PO-50023,2025-03-20,08:42:00,SKU-04860,323,324,1,C-01R-022-2-B,2025-03-20 09:25:00,RCV-008,NEW
RCPT-111802,PO-50023,2025-03-20,06:11:00,SKU-04415,12,13,1,D-01R-020-5-A,2025-03-20 08:30:00,RCV-005,NEW
RCPT-111843,PO-50023,2025-03-20,09:30:00,SKU-04814,517,517,0,B-02R-017-4-A,2025-03-20 10:10:00,RCV-003,NEW
RCPT-111852,PO-50023,2025-03-20,09:58:00,SKU-02816,239,237,-2,A-02R-004-2-A,2025-03-20 12:43:00,RCV-008,NEW
RCPT-111828,PO-50023,2025-03-20,12:48:00,SKU-00942,44,45,1,A-04R-009-4-B,2025-03-20 14:58:00,RCV-007,NEW
RCPT-111771,PO-50023,2025-03-20,12:01:00,SKU-00296,56,56,0,B-03R-006-4-A,2025-03-20 14:12:00,RCV-002,NEW
RCPT-111812,PO-50023,2025-03-20,12:59:00,SKU-02869,25,24,-1,D-01R-019-1-B,2025-03-20 15:16:00,RCV-006,NEW
RCPT-111818,PO-50023,2025-03-20,10:41:00,SKU-02291,194,195,1,D-01R-026-1-A,2025-03-20 12:03:00,RCV-007,NEW
RCPT-111881,PO-50023,2025-03-20,10:15:00,SKU-03132,19,21,2,B-02L-015-4-A,2025-03-20 11:27:00,RCV-007,NEW
RCPT-111793,PO-50023,2025-03-20,10:00:00,SKU-02802,51,51,0,C-01R-020-2-B,2025-03-20 12:16:00,RCV-002,NEW
RCPT-111790,PO-50023,2025-03-20,07:51:00,SKU-02908,3241,3242,1,B-02L-005-3-A,2025-03-20 09:37:00,RCV-001,NEW
RCPT-111853,PO-50023,2025-03-20,06:10:00,SKU-02850,53,52,-1,A-01R-014-5-A,2025-03-20 08:33:00,RCV-001,NEW
RCPT-111836,PO-50023,2025-03-20,11:43:00,SKU-01204,1581,1582,1,A-03R-016-1-B,2025-03-20 13:42:00,RCV-004,NEW
RCPT-111898,PO-50023,2025-03-20,12:27:00,SKU-01528,56,56,0,B-03R-015-4-B,2025-03-20 15:18:00,RCV-008,NEW
RCPT-111770,PO-50023,2025-03-20,09:06:00,SKU-04041,9768,9770,2,A-02R-002-2-B,2025-03-20 11:12:00,RCV-005,NEW
RCPT-111854,PO-50023,2025-03-20,09:53:00,SKU-02299,12,13,1,D-02R-009-1-B,2025-03-20 12:03:00,RCV-007,NEW
RCPT-111792,PO-50023,2025-03-20,12:24:00,SKU-03088,74,72,-2,E-01R-025-3-A,2025-03-20 13:50:00,RCV-007,NEW
RCPT-111902,PO-50023,2025-03-20,06:03:00,SKU-04789,18,18,0,C-01L-019-4-A,2025-03-20 08:10:00,RCV-008,NEW
RCPT-111815,PO-50023,2025-03-20,07:39:00,SKU-03731,12,14,2,D-02L-001-5-A,2025-03-20 08:58:00,RCV-007,NEW
RCPT-111807,PO-50023,2025-03-20,12:56:00,SKU-03364,104,104,0,C-01R-010-3-A,2025-03-20 15:16:00,RCV-005,NEW
RCPT-111817,PO-50023,2025-03-20,09:28:00,SKU-02509,1550,1551,1,B-01L-020-5-A,2025-03-20 10:02:00,RCV-006,NEW
RCPT-111850,PO-50023,2025-03-20,06:08:00,SKU-01552,590,590,0,A-04R-001-1-B,2025-03-20 07:00:00,RCV-007,NEW
RCPT-111816,PO-50023,2025-03-20,11:02:00,SKU-04733,323,324,1,A-01R-018-1-A,2025-03-20 11:57:00,RCV-004,NEW
RCPT-111848,PO-50023,2025-03-20,09:00:00,SKU-02961,147,147,0,B-02R-006-3-A,2025-03-20 11:44:00,RCV-006,NEW
RCPT-111784,PO-50023,2025-03-20,12:45:00,SKU-02955,34,34,0,B-01R-006-3-B,2025-03-20 14:35:00,RCV-002,NEW
RCPT-111899,PO-50023,2025-03-20,08:57:00,SKU-04782,216,217,1,C-01L-004-3-A,2025-03-20 11:43:00,RCV-008,NEW
RCPT-111839,PO-50023,2025-03-20,10:50:00,SKU-04878,1136,1135,-1,B-01R-016-3-B,2025-03-20 13:04:00,RCV-003,NEW
RCPT-111827,PO-50023,2025-03-20,10:23:00,SKU-02609,2766,2768,2,C-01R-013-1-B,2025-03-20 11:27:00,RCV-008,NEW
RCPT-111997,PO-50023,2025-03-21,07:50:00,SKU-04918,37,39,2,B-01R-019-5-B,2025-03-21 08:51:00,RCV-003,DAMAGED
RCPT-112032,PO-50023,2025-03-21,10:30:00,SKU-02973,311,311,0,B-01R-015-1-A,2025-03-21 12:12:00,RCV-001,NEW
RCPT-111933,PO-50023,2025-03-21,09:59:00,SKU-00559,72,70,-2,A-04R-005-4-A,2025-03-21 12:41:00,RCV-001,NEW
RCPT-112058,PO-50023,2025-03-21,11:39:00,SKU-04371,12,11,-1,D-01L-008-1-A,2025-03-21 13:31:00,RCV-003,NEW
RCPT-112052,PO-50023,2025-03-21,09:02:00,SKU-01715,12,12,0,C-04L-015-3-B,2025-03-21 11:23:00,RCV-008,NEW
RCPT-112029,PO-50023,2025-03-21,12:24:00,SKU-00099,28,27,-1,B-04L-002-2-A,2025-03-21 14:49:00,RCV-001,NEW
RCPT-111943,PO-50023,2025-03-21,08:10:00,SKU-04538,944,945,1,A-01R-001-1-B,2025-03-21 10:32:00,RCV-004,NEW
RCPT-111921,PO-50023,2025-03-21,06:37:00,SKU-03021,12,12,0,A-02R-016-4-B,2025-03-21 08:25:00,RCV-005,NEW
RCPT-112056,PO-50023,2025-03-21,12:10:00,SKU-00974,74,76,2,A-03L-013-3-B,2025-03-21 13:33:00,RCV-006,NEW
RCPT-112049,PO-50023,2025-03-21,10:02:00,SKU-00841,107,105,-2,D-04R-010-1-B,2025-03-21 12:47:00,RCV-001,NEW
RCPT-112050,PO-50023,2025-03-21,08:40:00,SKU-03993,45,47,2,B-02L-018-2-B,2025-03-21 10:24:00,RCV-001,NEW
RCPT-111923,PO-50023,2025-03-21,07:42:00,SKU-00251,50,49,-1,B-03R-014-3-B,2025-03-21 09:50:00,RCV-007,NEW
RCPT-112027,PO-50023,2025-03-21,11:49:00,SKU-04278,40,39,-1,A-01L-026-4-B,2025-03-21 13:05:00,RCV-008,NEW
RCPT-111904,PO-50023,2025-03-21,08:29:00,SKU-01019,402,401,-1,B-03R-014-1-A,2025-03-21 10:37:00,RCV-006,NEW
RCPT-112033,PO-50023,2025-03-21,12:09:00,SKU-00119,12,11,-1,C-04R-015-2-A,2025-03-21 14:50:00,RCV-005,NEW
RCPT-112053,PO-50023,2025-03-21,07:07:00,SKU-02913,495,497,2,B-01L-015-2-B,2025-03-21 08:17:00,RCV-001,NEW
RCPT-112025,PO-50023,2025-03-21,11:54:00,SKU-02248,31,29,-2,D-01R-011-5-B,2025-03-21 14:18:00,RCV-001,NEW
RCPT-112005,PO-50023,2025-03-21,09:07:00,SKU-02401,12,12,0,D-02L-007-5-B,2025-03-21 10:04:00,RCV-004,NEW
RCPT-111972,PO-50023,2025-03-21,12:39:00,SKU-02305,49,47,-2,C-01R-008-2-B,2025-03-21 13:31:00,RCV-002,NEW
RCPT-112023,PO-50023,2025-03-21,07:37:00,SKU-01124,215,216,1,B-03R-007-4-A,2025-03-21 09:17:00,RCV-006,NEW
RCPT-111935,PO-50023,2025-03-21,08:59:00,SKU-03850,69,69,0,A-02L-011-4-A,2025-03-21 10:05:00,RCV-005,NEW
RCPT-111915,PO-50023,2025-03-21,10:32:00,SKU-02966,12,11,-1,E-01R-011-1-B,2025-03-21 11:38:00,RCV-003,NEW
RCPT-112204,PO-50024,2025-03-22,11:58:00,SKU-03821,167,167,0,A-01R-017-3-A,2025-03-22 12:43:00,RCV-004,NEW
RCPT-112143,PO-50024,2025-03-22,11:53:00,SKU-01803,408,408,0,B-03R-020-1-A,2025-03-22 13:22:00,RCV-007,NEW
RCPT-112131,PO-50024,2025-03-22,08:26:00,SKU-00324,132,133,1,C-03L-004-3-B,2025-03-22 09:39:00,RCV-004,NEW
RCPT-112221,PO-50024,2025-03-22,09:33:00,SKU-04145,12,10,-2,A-01L-016-4-B,2025-03-22 10:29:00,RCV-006,NEW
RCPT-112169,PO-50024,2025-03-22,09:22:00,SKU-00296,46,45,-1,B-03R-006-4-A,2025-03-22 10:59:00,RCV-002,NEW
RCPT-112107,PO-50024,2025-03-22,12:53:00,SKU-01850,362,364,2,A-04R-006-2-A,2025-03-22 14:26:00,RCV-004,NEW
RCPT-112154,PO-50024,2025-03-22,11:18:00,SKU-04878,832,834,2,B-01R-016-3-B,2025-03-22 12:31:00,RCV-002,NEW
RCPT-112063,PO-50024,2025-03-22,10:31:00,SKU-01019,823,822,-1,B-03R-014-1-A,2025-03-22 12:37:00,RCV-006,NEW
RCPT-112105,PO-50024,2025-03-22,09:59:00,SKU-04673,14,13,-1,D-02R-008-3-A,2025-03-22 11:02:00,RCV-004,NEW
RCPT-112202,PO-50024,2025-03-22,07:21:00,SKU-02633,47,48,1,C-01L-020-4-A,2025-03-22 09:44:00,RCV-005,NEW
RCPT-112210,PO-50024,2025-03-22,08:52:00,SKU-02209,45,46,1,A-02L-020-1-A,2025-03-22 11:00:00,RCV-003,NEW
RCPT-112085,PO-50024,2025-03-22,09:27:00,SKU-00553,59,57,-2,A-04L-016-4-B,2025-03-22 11:04:00,RCV-003,NEW
RCPT-112187,PO-50024,2025-03-22,06:00:00,SKU-02923,104,106,2,A-01L-002-1-A,2025-03-22 08:23:00,RCV-006,NEW
RCPT-112140,PO-50024,2025-03-22,11:14:00,SKU-04814,306,308,2,B-02R-017-4-A,2025-03-22 12:51:00,RCV-005,NEW
RCPT-112074,PO-50024,2025-03-22,10:42:00,SKU-04041,10551,10553,2,A-02R-002-2-B,2025-03-22 11:15:00,RCV-006,NEW
RCPT-112110,PO-50024,2025-03-22,06:33:00,SKU-03496,955,956,1,B-01R-016-5-B,2025-03-22 08:49:00,RCV-007,NEW
RCPT-112179,PO-50024,2025-03-22,08:35:00,SKU-01407,84,84,0,A-04L-005-1-B,2025-03-22 10:44:00,RCV-007,NEW
RCPT-112152,PO-50024,2025-03-22,11:49:00,SKU-00919,24,24,0,A-04L-012-1-A,2025-03-22 12:34:00,RCV-002,NEW
RCPT-112147,PO-50024,2025-03-22,11:27:00,SKU-03142,12,14,2,C-01L-007-1-B,2025-03-22 12:51:00,RCV-006,NEW
RCPT-112193,PO-50024,2025-03-22,10:41:00,SKU-02085,627,629,2,D-02R-008-1-A,2025-03-22 12:20:00,RCV-002,NEW
RCPT-112215,PO-50024,2025-03-22,09:00:00,SKU-03483,12,13,1,C-02R-020-4-A,2025-03-22 11:24:00,RCV-008,NEW
RCPT-112138,PO-50024,2025-03-22,08:37:00,SKU-02003,12,14,2,E-02L-002-5-A,2025-03-22 10:43:00,RCV-008,NEW
RCPT-112233,PO-50024,2025-03-22,08:20:00,SKU-02679,27,29,2,B-02R-015-2-A,2025-03-22 08:55:00,RCV-006,NEW
RCPT-112230,PO-50024,2025-03-22,10:50:00,SKU-00708,27,27,0,A-03L-007-4-B,2025-03-22 13:46:00,RCV-006,NEW
RCPT-112184,PO-50024,2025-03-22,11:07:00,SKU-01300,34,35,1,A-04L-007-2-A,2025-03-22 14:04:00,RCV-003,NEW
RCPT-112119,PO-50024,2025-03-22,09:15:00,SKU-02013,62,62,0,C-01R-022-1-A,2025-03-22 12:12:00,RCV-002,NEW
RCPT-112071,PO-50024,2025-03-22,08:43:00,SKU-04297,36,37,1,B-01L-002-3-A,2025-03-22 09:56:00,RCV-001,NEW
RCPT-112092,PO-50024,2025-03-22,08:56:00,SKU-00026,268,268,0,A-03R-009-1-B,2025-03-22 11:34:00,RCV-005,NEW
RCPT-112079,PO-50024,2025-03-22,08:00:00,SKU-01528,27,25,-2,B-03R-015-4-B,2025-03-22 09:10:00,RCV-004,NEW
RCPT-112069,PO-50024,2025-03-22,12:25:00,SKU-03156,23,23,0,A-02R-007-1-A,2025-03-22 15:08:00,RCV-001,NEW
RCPT-112133,PO-50024,2025-03-22,09:52:00,SKU-00376,364,366,2,B-04L-004-2-B,2025-03-22 11:50:00,RCV-007,NEW
RCPT-112216,PO-50024,2025-03-22,11:28:00,SKU-00016,40,39,-1,B-03R-004-3-A,2025-03-22 12:34:00,RCV-003,NEW
RCPT-112102,PO-50024,2025-03-22,11:26:00,SKU-01852,12,10,-2,E-04R-018-2-A,2025-03-22 13:17:00,RCV-006,NEW
RCPT-112137,PO-50024,2025-03-22,12:16:00,SKU-02229,31,32,1,B-01L-001-5-B,2025-03-22 14:37:00,RCV-006,NEW
RCPT-112209,PO-50024,2025-03-22,06:50:00,SKU-02859,483,485,2,A-01L-018-3-A,2025-03-22 07:56:00,RCV-008,NEW
RCPT-112068,PO-50024,2025-03-22,06:16:00,SKU-04411,92,90,-2,A-01L-011-5-B,2025-03-22 07:16:00,RCV-003,NEW
RCPT-112186,PO-50024,2025-03-22,09:07:00,SKU-02932,29,30,1,A-01R-025-4-B,2025-03-22 10:42:00,RCV-006,NEW
RCPT-112117,PO-50024,2025-03-22,11:13:00,SKU-03088,67,65,-2,E-01R-025-3-A,2025-03-22 11:48:00,RCV-006,NEW
RCPT-112223,PO-50024,2025-03-22,10:53:00,SKU-02326,12,14,2,E-01R-018-5-B,2025-03-22 13:11:00,RCV-003,NEW
RCPT-112078,PO-50024,2025-03-22,06:18:00,SKU-01490,1321,1323,2,B-04R-009-1-A,2025-03-22 08:25:00,RCV-006,NEW
RCPT-112343,PO-50024,2025-03-24,06:25:00,SKU-02704,12,11,-1,E-02R-024-2-A,2025-03-24 07:30:00,RCV-005,NEW
RCPT-112292,PO-50024,2025-03-24,08:23:00,SKU-00023,59,57,-2,A-04R-013-4-B,2025-03-24 09:40:00,RCV-004,NEW
RCPT-112314,PO-50024,2025-03-24,10:57:00,SKU-01863,12,14,2,A-03L-004-4-A,2025-03-24 11:39:00,RCV-003,NEW
RCPT-112364,PO-50024,2025-03-24,07:54:00,SKU-02156,87,87,0,B-02L-006-1-A,2025-03-24 09:53:00,RCV-004,DAMAGED
RCPT-112250,PO-50024,2025-03-24,08:15:00,SKU-01121,1007,1006,-1,B-04R-017-4-A,2025-03-24 10:31:00,RCV-006,NEW
RCPT-112302,PO-50024,2025-03-24,06:33:00,SKU-04814,347,348,1,B-02R-017-4-A,2025-03-24 07:32:00,RCV-005,NEW
RCPT-112367,PO-50024,2025-03-24,07:56:00,SKU-02465,12,10,-2,D-02R-004-3-A,2025-03-24 09:19:00,RCV-007,NEW
RCPT-112252,PO-50024,2025-03-24,09:28:00,SKU-04881,113,114,1,C-01L-019-5-B,2025-03-24 10:48:00,RCV-004,NEW
RCPT-112276,PO-50024,2025-03-24,07:01:00,SKU-00561,12,10,-2,D-03L-016-4-A,2025-03-24 08:08:00,RCV-008,NEW
RCPT-112332,PO-50024,2025-03-24,12:22:00,SKU-01803,551,550,-1,B-03R-020-1-A,2025-03-24 13:42:00,RCV-001,NEW
RCPT-112262,PO-50024,2025-03-24,09:30:00,SKU-04563,399,401,2,A-02L-022-4-B,2025-03-24 10:39:00,RCV-008,NEW
RCPT-112358,PO-50024,2025-03-24,08:01:00,SKU-00139,20,19,-1,B-04L-007-4-A,2025-03-24 10:41:00,RCV-008,NEW
RCPT-112366,PO-50024,2025-03-24,09:07:00,SKU-00871,30,29,-1,A-03R-010-4-B,2025-03-24 09:37:00,RCV-007,NEW
RCPT-112368,PO-50024,2025-03-24,12:33:00,SKU-02816,204,202,-2,A-02R-004-2-A,2025-03-24 15:23:00,RCV-005,NEW
RCPT-112313,PO-50024,2025-03-24,08:32:00,SKU-04308,254,255,1,B-02R-019-4-A,2025-03-24 09:31:00,RCV-008,NEW
RCPT-112307,PO-50024,2025-03-24,12:16:00,SKU-00974,96,94,-2,A-03L-013-3-B,2025-03-24 15:03:00,RCV-002,NEW
RCPT-112263,PO-50024,2025-03-24,06:10:00,SKU-02673,15,14,-1,D-01R-022-5-A,2025-03-24 07:46:00,RCV-004,NEW
RCPT-112268,PO-50024,2025-03-24,11:28:00,SKU-01440,60,58,-2,A-03L-011-3-B,2025-03-24 12:39:00,RCV-002,NEW
RCPT-112291,PO-50024,2025-03-24,08:13:00,SKU-03734,50,49,-1,A-02L-002-5-A,2025-03-24 10:34:00,RCV-004,NEW
RCPT-112335,PO-50024,2025-03-24,09:25:00,SKU-02043,94,96,2,A-02L-003-4-B,2025-03-24 11:33:00,RCV-006,NEW
RCPT-112346,PO-50024,2025-03-24,12:49:00,SKU-03831,22,24,2,A-01L-021-5-B,2025-03-24 13:58:00,RCV-003,NEW
RCPT-112344,PO-50024,2025-03-24,07:15:00,SKU-04141,20,19,-1,A-02L-018-5-A,2025-03-24 08:48:00,RCV-007,NEW
RCPT-112283,PO-50024,2025-03-24,10:29:00,SKU-04928,575,577,2,B-01L-013-2-B,2025-03-24 11:00:00,RCV-004,NEW
RCPT-112284,PO-50024,2025-03-24,12:18:00,SKU-01844,58,56,-2,A-03R-017-4-A,2025-03-24 13:08:00,RCV-002,NEW
RCPT-112303,PO-50024,2025-03-24,06:23:00,SKU-02859,500,500,0,A-01L-018-3-A,2025-03-24 07:49:00,RCV-008,NEW
RCPT-112311,PO-50024,2025-03-24,09:08:00,SKU-02078,17,18,1,C-01L-006-2-A,2025-03-24 11:53:00,RCV-004,NEW
RCPT-112310,PO-50024,2025-03-24,09:17:00,SKU-02908,4699,4700,1,B-02L-005-3-A,2025-03-24 10:45:00,RCV-002,NEW
RCPT-112351,PO-50024,2025-03-24,07:35:00,SKU-04895,18,18,0,B-02L-011-5-A,2025-03-24 10:33:00,RCV-006,NEW
RCPT-112339,PO-50024,2025-03-24,07:28:00,SKU-03077,785,783,-2,B-02L-012-4-B,2025-03-24 08:31:00,RCV-007,NEW
RCPT-112279,PO-50024,2025-03-24,07:58:00,SKU-04109,17,15,-2,A-02L-018-2-A,2025-03-24 10:53:00,RCV-006,NEW
RCPT-112256,PO-50024,2025-03-24,12:42:00,SKU-01204,2991,2992,1,A-03R-016-1-B,2025-03-24 13:25:00,RCV-001,NEW
RCPT-112403,PO-50025,2025-03-25,08:56:00,SKU-02575,51,50,-1,A-01L-016-2-A,2025-03-25 10:38:00,RCV-003,NEW
RCPT-112409,PO-50025,2025-03-25,09:05:00,SKU-01518,12,11,-1,E-03L-014-1-B,2025-03-25 12:02:00,RCV-001,NEW
RCPT-112434,PO-50025,2025-03-25,07:25:00,SKU-00014,45,46,1,A-04L-004-2-B,2025-03-25 09:31:00,RCV-005,NEW
RCPT-112408,PO-50025,2025-03-25,06:10:00,SKU-04827,12,10,-2,C-01R-018-2-A,2025-03-25 07:26:00,RCV-001,NEW
RCPT-112532,PO-50025,2025-03-25,11:04:00,SKU-02252,237,238,1,B-02R-025-2-A,2025-03-25 13:33:00,RCV-006,NEW
RCPT-112509,PO-50025,2025-03-25,08:58:00,SKU-03882,78,76,-2,B-01R-002-3-B,2025-03-25 10:07:00,RCV-001,NEW
RCPT-112534,PO-50025,2025-03-25,08:18:00,SKU-04637,60,58,-2,B-02L-003-1-A,2025-03-25 09:00:00,RCV-005,NEW
RCPT-112441,PO-50025,2025-03-25,08:23:00,SKU-00348,104,103,-1,B-03R-013-4-B,2025-03-25 09:21:00,RCV-002,NEW
RCPT-112487,PO-50025,2025-03-25,11:09:00,SKU-04457,1313,1312,-1,A-01L-020-2-B,2025-03-25 14:05:00,RCV-006,NEW
RCPT-112389,PO-50025,2025-03-25,12:17:00,SKU-03479,12,11,-1,B-01R-003-4-B,2025-03-25 12:47:00,RCV-008,NEW
RCPT-112527,PO-50025,2025-03-25,12:05:00,SKU-02839,20,22,2,C-01R-026-1-A,2025-03-25 14:21:00,RCV-002,NEW
RCPT-112490,PO-50025,2025-03-25,11:35:00,SKU-01083,75,77,2,B-03L-011-2-A,2025-03-25 13:40:00,RCV-002,NEW
RCPT-112511,PO-50025,2025-03-25,07:45:00,SKU-04604,138,140,2,A-02R-011-2-A,2025-03-25 10:05:00,RCV-002,NEW
RCPT-112493,PO-50025,2025-03-25,09:31:00,SKU-00239,389,389,0,A-04L-019-1-B,2025-03-25 11:37:00,RCV-004,NEW
RCPT-112438,PO-50025,2025-03-25,08:20:00,SKU-03496,856,854,-2,B-01R-016-5-B,2025-03-25 10:15:00,RCV-008,NEW
RCPT-112499,PO-50025,2025-03-25,11:48:00,SKU-02632,52,52,0,B-01R-003-1-A,2025-03-25 13:39:00,RCV-002,NEW
RCPT-112528,PO-50025,2025-03-25,12:14:00,SKU-02232,242,241,-1,C-01L-002-5-A,2025-03-25 14:10:00,RCV-006,NEW
RCPT-112422,PO-50025,2025-03-25,06:25:00,SKU-02584,136,134,-2,A-02L-003-1-B,2025-03-25 08:00:00,RCV-003,NEW
RCPT-112484,PO-50025,2025-03-25,12:17:00,SKU-02659,170,169,-1,B-02R-007-3-A,2025-03-25 15:14:00,RCV-008,NEW
RCPT-112381,PO-50025,2025-03-25,12:02:00,SKU-02372,12,12,0,D-01R-020-2-A,2025-03-25 13:16:00,RCV-001,NEW
RCPT-112402,PO-50025,2025-03-25,08:05:00,SKU-00037,904,904,0,A-03L-004-3-A,2025-03-25 08:38:00,RCV-007,NEW
RCPT-112507,PO-50025,2025-03-25,08:47:00,SKU-02860,12,11,-1,E-01R-020-2-B,2025-03-25 10:53:00,RCV-006,NEW
RCPT-112416,PO-50025,2025-03-25,06:01:00,SKU-03825,140,142,2,B-01R-003-2-A,2025-03-25 08:52:00,RCV-004,NEW
RCPT-112505,PO-50025,2025-03-25,07:54:00,SKU-02237,35,34,-1,D-02R-013-4-B,2025-03-25 09:03:00,RCV-007,NEW
RCPT-112382,PO-50025,2025-03-25,10:45:00,SKU-03418,48,49,1,A-01L-002-4-A,2025-03-25 12:10:00,RCV-004,NEW
RCPT-112463,PO-50025,2025-03-25,12:01:00,SKU-03308,12,14,2,C-02R-012-1-A,2025-03-25 12:49:00,RCV-003,NEW
RCPT-112407,PO-50025,2025-03-25,08:20:00,SKU-00264,62,64,2,C-03L-008-1-B,2025-03-25 10:55:00,RCV-008,NEW
RCPT-112398,PO-50025,2025-03-25,11:24:00,SKU-03727,5142,5141,-1,B-02R-023-4-A,2025-03-25 12:32:00,RCV-006,NEW
RCPT-112519,PO-50025,2025-03-25,10:30:00,SKU-04814,543,542,-1,B-02R-017-4-A,2025-03-25 12:25:00,RCV-007,NEW
RCPT-112518,PO-50025,2025-03-25,10:55:00,SKU-02836,180,181,1,A-02R-009-1-B,2025-03-25 11:45:00,RCV-006,NEW
RCPT-112545,PO-50025,2025-03-26,11:55:00,SKU-03554,166,165,-1,C-02L-010-3-A,2025-03-26 13:51:00,RCV-007,NEW
RCPT-112547,PO-50025,2025-03-26,11:14:00,SKU-04353,411,409,-2,B-02L-022-4-A,2025-03-26 13:53:00,RCV-002,NEW
RCPT-112642,PO-50025,2025-03-26,08:39:00,SKU-00925,162,163,1,B-04R-015-2-B,2025-03-26 10:29:00,RCV-003,NEW
RCPT-112549,PO-50025,2025-03-26,07:27:00,SKU-01192,54,53,-1,A-04R-012-1-B,2025-03-26 10:21:00,RCV-002,NEW
RCPT-112590,PO-50025,2025-03-26,06:49:00,SKU-02050,963,965,2,C-02L-007-1-A,2025-03-26 08:31:00,RCV-001,NEW
RCPT-112553,PO-50025,2025-03-26,12:27:00,SKU-02721,12,11,-1,D-02L-002-4-A,2025-03-26 15:06:00,RCV-002,NEW
RCPT-112691,PO-50025,2025-03-26,10:42:00,SKU-00021,12,12,0,E-04R-009-2-A,2025-03-26 12:56:00,RCV-008,NEW
RCPT-112660,PO-50025,2025-03-26,06:26:00,SKU-02045,189,188,-1,B-01R-025-3-A,2025-03-26 07:01:00,RCV-004,NEW
RCPT-112573,PO-50025,2025-03-26,06:41:00,SKU-04727,36,38,2,D-02L-007-1-B,2025-03-26 08:36:00,RCV-008,NEW
RCPT-112692,PO-50025,2025-03-26,08:52:00,SKU-03768,74,72,-2,A-02R-006-1-A,2025-03-26 09:59:00,RCV-001,NEW
RCPT-112657,PO-50025,2025-03-26,11:14:00,SKU-00506,97,98,1,B-03R-016-3-B,2025-03-26 12:34:00,RCV-002,NEW
RCPT-112687,PO-50025,2025-03-26,09:08:00,SKU-00084,230,232,2,A-03L-015-3-A,2025-03-26 09:44:00,RCV-003,NEW
RCPT-112599,PO-50025,2025-03-26,10:42:00,SKU-02202,265,266,1,C-01R-025-1-B,2025-03-26 12:13:00,RCV-001,NEW
RCPT-112639,PO-50025,2025-03-26,12:05:00,SKU-02843,12,12,0,E-02R-015-1-B,2025-03-26 12:37:00,RCV-004,NEW
RCPT-112552,PO-50025,2025-03-26,10:37:00,SKU-02708,43,43,0,A-01R-026-1-B,2025-03-26 13:16:00,RCV-005,NEW
RCPT-112656,PO-50025,2025-03-26,12:47:00,SKU-03369,341,339,-2,D-02L-005-5-B,2025-03-26 13:57:00,RCV-003,NEW
RCPT-112572,PO-50025,2025-03-26,06:10:00,SKU-00185,12,13,1,E-04L-009-2-B,2025-03-26 08:23:00,RCV-006,DAMAGED
RCPT-112566,PO-50025,2025-03-26,08:24:00,SKU-02125,1269,1268,-1,A-01R-020-2-B,2025-03-26 10:11:00,RCV-006,NEW
RCPT-112594,PO-50025,2025-03-26,06:49:00,SKU-03881,1947,1945,-2,B-02R-002-4-A,2025-03-26 07:40:00,RCV-003,NEW
RCPT-112570,PO-50025,2025-03-26,10:01:00,SKU-00034,189,190,1,A-04L-017-3-A,2025-03-26 11:46:00,RCV-002,NEW
RCPT-112626,PO-50025,2025-03-26,08:31:00,SKU-01965,25,23,-2,C-03L-001-2-A,2025-03-26 10:29:00,RCV-005,NEW
RCPT-112680,PO-50025,2025-03-26,09:55:00,SKU-02850,42,40,-2,A-01R-014-5-A,2025-03-26 11:39:00,RCV-004,NEW
RCPT-112684,PO-50025,2025-03-26,11:57:00,SKU-00374,19,21,2,B-03R-007-3-B,2025-03-26 12:59:00,RCV-004,NEW
RCPT-112606,PO-50025,2025-03-26,06:17:00,SKU-02126,39,39,0,C-01R-022-4-A,2025-03-26 07:24:00,RCV-005,NEW
RCPT-112551,PO-50025,2025-03-26,08:55:00,SKU-02272,731,730,-1,A-02R-002-5-A,2025-03-26 10:22:00,RCV-006,NEW
RCPT-112698,PO-50025,2025-03-26,11:35:00,SKU-02044,224,226,2,A-01R-023-5-B,2025-03-26 14:10:00,RCV-004,NEW
RCPT-112550,PO-50025,2025-03-26,12:38:00,SKU-00602,68,69,1,B-04R-014-4-B,2025-03-26 13:09:00,RCV-005,NEW
RCPT-112631,PO-50025,2025-03-26,07:31:00,SKU-00915,14,12,-2,D-03L-006-4-B,2025-03-26 09:20:00,RCV-002,NEW
RCPT-112591,PO-50025,2025-03-26,11:55:00,SKU-02585,2342,2342,0,A-01R-012-4-A,2025-03-26 13:43:00,RCV-004,NEW
RCPT-112704,PO-50025,2025-03-26,11:36:00,SKU-04782,581,582,1,C-01L-004-3-A,2025-03-26 14:27:00,RCV-006,NEW
RCPT-112637,PO-50025,2025-03-26,09:29:00,SKU-00173,12,11,-1,D-04R-017-3-B,2025-03-26 10:48:00,RCV-008,NEW
RCPT-112571,PO-50025,2025-03-26,11:27:00,SKU-03806,12,12,0,E-01R-003-5-B,2025-03-26 13:04:00,RCV-005,NEW
RCPT-112574,PO-50025,2025-03-26,10:50:00,SKU-00832,12,11,-1,C-04R-017-4-B,2025-03-26 13:40:00,RCV-005,NEW
RCPT-112733,PO-50025,2025-03-27,06:15:00,SKU-02553,12,13,1,E-01R-022-4-A,2025-03-27 07:29:00,RCV-007,NEW
RCPT-112815,PO-50025,2025-03-27,10:09:00,SKU-04595,27,26,-1,D-01R-020-4-B,2025-03-27 12:45:00,RCV-008,NEW
RCPT-112774,PO-50025,2025-03-27,09:22:00,SKU-00016,51,51,0,B-03R-004-3-A,2025-03-27 11:35:00,RCV-005,NEW
RCPT-112778,PO-50025,2025-03-27,06:42:00,SKU-01721,821,823,2,A-04L-015-4-B,2025-03-27 07:34:00,RCV-004,NEW
RCPT-112711,PO-50025,2025-03-27,11:56:00,SKU-02034,783,781,-2,A-02L-014-4-B,2025-03-27 14:49:00,RCV-004,NEW
RCPT-112831,PO-50025,2025-03-27,07:18:00,SKU-03013,12,11,-1,B-02L-007-5-B,2025-03-27 09:30:00,RCV-005,NEW
RCPT-112777,PO-50025,2025-03-27,09:39:00,SKU-03465,235,234,-1,B-01R-013-4-A,2025-03-27 11:08:00,RCV-004,NEW
RCPT-112845,PO-50025,2025-03-27,09:49:00,SKU-04141,19,20,1,A-02L-018-5-A,2025-03-27 10:35:00,RCV-007,NEW
RCPT-112793,PO-50025,2025-03-27,07:21:00,SKU-01040,201,202,1,B-04R-019-4-A,2025-03-27 09:11:00,RCV-006,NEW
RCPT-112750,PO-50025,2025-03-27,09:26:00,SKU-02585,2301,2303,2,A-01R-012-4-A,2025-03-27 12:08:00,RCV-007,NEW
RCPT-112747,PO-50025,2025-03-27,07:31:00,SKU-04534,12,10,-2,E-02R-019-5-A,2025-03-27 10:07:00,RCV-007,NEW
RCPT-112785,PO-50025,2025-03-27,10:25:00,SKU-02859,832,833,1,A-01L-018-3-A,2025-03-27 12:40:00,RCV-006,NEW
RCPT-112740,PO-50025,2025-03-27,07:05:00,SKU-02104,1141,1142,1,B-01R-002-1-A,2025-03-27 08:49:00,RCV-002,NEW
RCPT-112709,PO-50025,2025-03-27,06:43:00,SKU-02678,12,11,-1,D-02R-013-5-B,2025-03-27 07:58:00,RCV-003,NEW
RCPT-112752,PO-50025,2025-03-27,09:03:00,SKU-00019,95,95,0,A-03R-001-1-A,2025-03-27 10:15:00,RCV-008,NEW
RCPT-112830,PO-50025,2025-03-27,06:33:00,SKU-04617,12,10,-2,D-02R-026-2-B,2025-03-27 07:32:00,RCV-006,NEW
RCPT-112729,PO-50025,2025-03-27,08:37:00,SKU-03515,33,34,1,C-02R-006-5-A,2025-03-27 10:28:00,RCV-008,NEW
RCPT-112863,PO-50025,2025-03-27,06:01:00,SKU-04528,1273,1275,2,B-02R-014-3-B,2025-03-27 08:56:00,RCV-005,NEW
RCPT-112806,PO-50025,2025-03-27,06:37:00,SKU-02114,12,11,-1,B-01L-023-1-B,2025-03-27 07:59:00,RCV-004,NEW
RCPT-112805,PO-50025,2025-03-27,11:47:00,SKU-01009,12,14,2,C-03R-019-1-B,2025-03-27 14:39:00,RCV-002,NEW
RCPT-112829,PO-50025,2025-03-27,12:04:00,SKU-03816,12,13,1,D-01R-018-4-A,2025-03-27 15:02:00,RCV-008,NEW
RCPT-112769,PO-50025,2025-03-27,09:30:00,SKU-01331,1013,1011,-2,A-03R-003-4-B,2025-03-27 11:04:00,RCV-006,NEW
RCPT-112825,PO-50025,2025-03-27,08:40:00,SKU-03666,12,14,2,D-01R-024-4-B,2025-03-27 09:55:00,RCV-005,NEW
RCPT-112860,PO-50025,2025-03-27,07:47:00,SKU-00709,12,12,0,D-03R-016-2-A,2025-03-27 10:36:00,RCV-001,NEW
RCPT-112802,PO-50025,2025-03-27,06:24:00,SKU-03270,19,21,2,B-02L-005-1-B,2025-03-27 07:30:00,RCV-005,NEW
RCPT-112840,PO-50025,2025-03-27,10:15:00,SKU-02147,33,34,1,E-01L-006-5-B,2025-03-27 12:01:00,RCV-004,NEW
RCPT-112864,PO-50025,2025-03-27,07:47:00,SKU-02816,182,182,0,A-02R-004-2-A,2025-03-27 08:56:00,RCV-005,NEW
RCPT-112813,PO-50025,2025-03-27,07:08:00,SKU-00769,17,17,0,A-04R-020-3-A,2025-03-27 07:58:00,RCV-004,NEW
RCPT-112968,PO-50025,2025-03-28,11:59:00,SKU-03382,65,63,-2,B-01L-020-5-B,2025-03-28 13:42:00,RCV-006,NEW
RCPT-112900,PO-50025,2025-03-28,08:31:00,SKU-02104,2813,2814,1,B-01R-002-1-A,2025-03-28 09:11:00,RCV-005,NEW
RCPT-113027,PO-50025,2025-03-28,12:41:00,SKU-01088,12,12,0,C-03L-005-4-A,2025-03-28 14:34:00,RCV-005,NEW
RCPT-112896,PO-50025,2025-03-28,08:23:00,SKU-03213,12,10,-2,E-01R-009-4-B,2025-03-28 09:52:00,RCV-003,NEW
RCPT-112976,PO-50025,2025-03-28,07:05:00,SKU-00983,129,129,0,A-03R-013-4-B,2025-03-28 08:56:00,RCV-007,NEW
RCPT-112953,PO-50025,2025-03-28,07:39:00,SKU-03053,13,12,-1,C-01R-007-3-B,2025-03-28 08:22:00,RCV-005,NEW
RCPT-112904,PO-50025,2025-03-28,10:26:00,SKU-04928,706,704,-2,B-01L-013-2-B,2025-03-28 12:18:00,RCV-002,NEW
RCPT-112967,PO-50025,2025-03-28,12:41:00,SKU-01073,263,263,0,B-04R-005-1-A,2025-03-28 15:02:00,RCV-006,NEW
RCPT-112895,PO-50025,2025-03-28,10:53:00,SKU-03600,90,90,0,A-01L-017-2-B,2025-03-28 11:36:00,RCV-005,NEW
RCPT-112918,PO-50025,2025-03-28,12:26:00,SKU-04457,3372,3373,1,A-01L-020-2-B,2025-03-28 14:42:00,RCV-004,NEW
RCPT-112971,PO-50025,2025-03-28,10:24:00,SKU-02406,107,109,2,B-01R-024-3-B,2025-03-28 11:57:00,RCV-003,NEW
RCPT-113037,PO-50025,2025-03-28,11:53:00,SKU-02565,22,22,0,D-02L-009-5-A,2025-03-28 12:53:00,RCV-004,NEW
RCPT-112960,PO-50025,2025-03-28,10:09:00,SKU-01121,1618,1617,-1,B-04R-017-4-A,2025-03-28 12:52:00,RCV-008,NEW
RCPT-112932,PO-50025,2025-03-28,12:35:00,SKU-00367,59,57,-2,A-04L-014-1-B,2025-03-28 14:17:00,RCV-002,NEW
RCPT-112917,PO-50025,2025-03-28,07:04:00,SKU-03065,14,12,-2,A-02R-023-1-B,2025-03-28 09:37:00,RCV-001,NEW
RCPT-112897,PO-50025,2025-03-28,12:37:00,SKU-01555,49,50,1,A-03L-017-4-A,2025-03-28 15:15:00,RCV-007,NEW
RCPT-112930,PO-50025,2025-03-28,10:55:00,SKU-03149,257,259,2,A-01R-009-5-A,2025-03-28 13:04:00,RCV-005,NEW
RCPT-112890,PO-50025,2025-03-28,06:30:00,SKU-01204,3078,3076,-2,A-03R-016-1-B,2025-03-28 08:34:00,RCV-006,NEW
RCPT-113044,PO-50025,2025-03-28,08:46:00,SKU-01290,12,11,-1,D-03L-004-3-B,2025-03-28 09:34:00,RCV-008,NEW
RCPT-113005,PO-50025,2025-03-28,09:36:00,SKU-00859,16,16,0,C-04L-007-3-A,2025-03-28 11:47:00,RCV-004,NEW
RCPT-113143,PO-50025,2025-03-29,10:21:00,SKU-02665,74,74,0,B-02R-024-2-A,2025-03-29 12:53:00,RCV-004,NEW
RCPT-113152,PO-50025,2025-03-29,12:14:00,SKU-02508,13,13,0,C-02L-016-5-A,2025-03-29 13:42:00,RCV-007,NEW
RCPT-113197,PO-50025,2025-03-29,12:54:00,SKU-04538,580,581,1,A-01R-001-1-B,2025-03-29 14:52:00,RCV-003,DAMAGED
RCPT-113175,PO-50025,2025-03-29,08:29:00,SKU-00084,217,219,2,A-03L-015-3-A,2025-03-29 10:03:00,RCV-003,NEW
RCPT-113114,PO-50025,2025-03-29,09:39:00,SKU-01545,38,37,-1,A-04L-014-4-B,2025-03-29 11:00:00,RCV-007,NEW
RCPT-113182,PO-50025,2025-03-29,12:05:00,SKU-03742,12,13,1,B-01L-024-4-B,2025-03-29 13:50:00,RCV-001,NEW
RCPT-113134,PO-50025,2025-03-29,08:53:00,SKU-02213,50,50,0,B-02L-011-4-B,2025-03-29 09:58:00,RCV-001,NEW
RCPT-113151,PO-50025,2025-03-29,12:29:00,SKU-02281,251,253,2,A-01L-025-3-B,2025-03-29 14:39:00,RCV-003,NEW
RCPT-113106,PO-50025,2025-03-29,07:24:00,SKU-02104,3136,3135,-1,B-01R-002-1-A,2025-03-29 09:24:00,RCV-002,NEW
RCPT-113188,PO-50025,2025-03-29,08:52:00,SKU-04809,338,336,-2,A-01R-016-2-B,2025-03-29 11:05:00,RCV-003,NEW
RCPT-113056,PO-50025,2025-03-29,07:11:00,SKU-03766,12,10,-2,E-01L-013-3-B,2025-03-29 09:19:00,RCV-002,NEW
RCPT-113090,PO-50025,2025-03-29,09:06:00,SKU-04457,2584,2585,1,A-01L-020-2-B,2025-03-29 11:22:00,RCV-008,NEW
RCPT-113075,PO-50025,2025-03-29,11:05:00,SKU-00818,12,12,0,D-04L-019-2-A,2025-03-29 12:32:00,RCV-007,NEW
RCPT-113079,PO-50025,2025-03-29,11:03:00,SKU-02410,14,16,2,D-01L-014-2-A,2025-03-29 12:59:00,RCV-001,NEW
RCPT-113115,PO-50025,2025-03-29,11:00:00,SKU-01803,640,639,-1,B-03R-020-1-A,2025-03-29 11:37:00,RCV-007,NEW
RCPT-113195,PO-50025,2025-03-29,11:09:00,SKU-04786,36,38,2,A-01R-011-4-A,2025-03-29 13:48:00,RCV-001,NEW
RCPT-113066,PO-50025,2025-03-29,06:10:00,SKU-01251,20,19,-1,B-03L-016-1-A,2025-03-29 09:03:00,RCV-002,NEW
RCPT-113082,PO-50025,2025-03-29,11:26:00,SKU-01019,566,566,0,B-03R-014-1-A,2025-03-29 12:29:00,RCV-005,NEW
RCPT-113176,PO-50025,2025-03-29,06:23:00,SKU-04344,12,11,-1,D-02L-017-3-A,2025-03-29 07:47:00,RCV-002,NEW
RCPT-113177,PO-50025,2025-03-29,06:43:00,SKU-03859,12,12,0,C-01R-007-4-B,2025-03-29 08:27:00,RCV-008,NEW
RCPT-113069,PO-50025,2025-03-29,10:10:00,SKU-02624,364,362,-2,A-02R-022-1-A,2025-03-29 12:32:00,RCV-002,NEW
RCPT-113174,PO-50025,2025-03-29,09:58:00,SKU-00367,89,91,2,A-04L-014-1-B,2025-03-29 11:14:00,RCV-002,NEW
RCPT-113185,PO-50025,2025-03-29,07:18:00,SKU-00167,81,83,2,A-03L-015-1-A,2025-03-29 09:54:00,RCV-005,NEW
RCPT-113047,PO-50025,2025-03-29,09:25:00,SKU-00872,4790,4788,-2,A-04L-005-1-A,2025-03-29 11:23:00,RCV-001,NEW
RCPT-113101,PO-50025,2025-03-29,07:09:00,SKU-02085,714,714,0,D-02R-008-1-A,2025-03-29 09:26:00,RCV-004,NEW
RCPT-113110,PO-50025,2025-03-29,10:05:00,SKU-01015,172,173,1,A-03R-009-3-A,2025-03-29 11:42:00,RCV-007,NEW
RCPT-113160,PO-50025,2025-03-29,06:06:00,SKU-03018,583,582,-1,C-02L-015-3-B,2025-03-29 08:52:00,RCV-001,NEW
RCPT-113155,PO-50025,2025-03-29,09:02:00,SKU-04668,12,14,2,C-02L-016-5-B,2025-03-29 11:19:00,RCV-008,NEW
RCPT-113142,PO-50025,2025-03-29,12:33:00,SKU-03729,12,13,1,D-01R-011-4-A,2025-03-29 13:51:00,RCV-007,NEW
RCPT-113242,PO-50025,2025-03-31,07:20:00,SKU-02624,701,699,-2,A-02R-022-1-A,2025-03-31 07:59:00,RCV-005,NEW
RCPT-113295,PO-50025,2025-03-31,10:55:00,SKU-01916,23,23,0,B-03R-014-2-A,2025-03-31 11:43:00,RCV-007,NEW
RCPT-113366,PO-50025,2025-03-31,09:43:00,SKU-00102,15,17,2,D-03R-015-4-A,2025-03-31 10:41:00,RCV-004,NEW
RCPT-113260,PO-50025,2025-03-31,11:24:00,SKU-04878,1111,1113,2,B-01R-016-3-B,2025-03-31 13:10:00,RCV-004,NEW
RCPT-113206,PO-50025,2025-03-31,12:54:00,SKU-03189,12,11,-1,C-02R-001-3-A,2025-03-31 14:44:00,RCV-001,NEW
RCPT-113274,PO-50025,2025-03-31,11:45:00,SKU-04708,21,19,-2,C-02L-004-5-A,2025-03-31 14:22:00,RCV-004,NEW
RCPT-113240,PO-50025,2025-03-31,10:54:00,SKU-04681,14,12,-2,C-01R-024-5-B,2025-03-31 12:14:00,RCV-004,NEW
RCPT-113310,PO-50025,2025-03-31,07:39:00,SKU-04717,86,88,2,B-02R-006-3-B,2025-03-31 10:07:00,RCV-003,NEW
RCPT-113321,PO-50025,2025-03-31,09:38:00,SKU-01490,1920,1922,2,B-04R-009-1-A,2025-03-31 11:37:00,RCV-004,NEW
RCPT-113309,PO-50025,2025-03-31,07:54:00,SKU-02237,37,37,0,D-02R-013-4-B,2025-03-31 09:45:00,RCV-008,NEW
RCPT-113208,PO-50025,2025-03-31,11:33:00,SKU-04553,34,32,-2,C-01R-015-4-B,2025-03-31 12:11:00,RCV-008,NEW
RCPT-113293,PO-50025,2025-03-31,06:01:00,SKU-04347,231,229,-2,B-02R-012-5-B,2025-03-31 07:35:00,RCV-002,NEW
RCPT-113363,PO-50025,2025-03-31,09:34:00,SKU-04957,18,20,2,C-01L-021-1-A,2025-03-31 10:11:00,RCV-006,NEW
RCPT-113316,PO-50025,2025-03-31,07:55:00,SKU-02371,51,53,2,B-01R-024-3-A,2025-03-31 08:57:00,RCV-003,NEW
RCPT-113308,PO-50025,2025-03-31,08:44:00,SKU-02034,314,315,1,A-02L-014-4-B,2025-03-31 09:47:00,RCV-004,NEW
RCPT-113202,PO-50025,2025-03-31,09:13:00,SKU-01762,12,13,1,D-04R-020-1-A,2025-03-31 10:47:00,RCV-006,NEW
RCPT-113332,PO-50025,2025-03-31,12:29:00,SKU-01864,12,14,2,C-04R-001-4-A,2025-03-31 15:27:00,RCV-006,NEW
RCPT-113297,PO-50025,2025-03-31,07:22:00,SKU-03522,65,67,2,A-02R-015-2-A,2025-03-31 08:12:00,RCV-001,NEW
RCPT-113347,PO-50025,2025-03-31,09:03:00,SKU-04809,350,349,-1,A-01R-016-2-B,2025-03-31 09:39:00,RCV-007,NEW
RCPT-113325,PO-50025,2025-03-31,08:20:00,SKU-03502,12,11,-1,C-01R-019-2-B,2025-03-31 09:14:00,RCV-001,NEW
RCPT-113198,PO-50025,2025-03-31,11:29:00,SKU-02252,292,294,2,B-02R-025-2-A,2025-03-31 13:01:00,RCV-007,NEW
RCPT-113199,PO-50025,2025-03-31,09:48:00,SKU-04608,2462,2464,2,A-02L-025-1-B,2025-03-31 11:00:00,RCV-005,NEW
RCPT-113217,PO-50025,2025-03-31,06:03:00,SKU-02932,72,73,1,A-01R-025-4-B,2025-03-31 07:38:00,RCV-003,NEW
RCPT-113209,PO-50025,2025-03-31,06:03:00,SKU-02104,2888,2887,-1,B-01R-002-1-A,2025-03-31 06:46:00,RCV-005,NEW
RCPT-113338,PO-50025,2025-03-31,07:43:00,SKU-03018,644,642,-2,C-02L-015-3-B,2025-03-31 09:07:00,RCV-007,NEW
RCPT-113263,PO-50025,2025-03-31,09:47:00,SKU-03823,1485,1487,2,C-02R-020-1-B,2025-03-31 12:36:00,RCV-001,NEW
RCPT-113222,PO-50025,2025-03-31,11:34:00,SKU-03837,12,11,-1,D-01R-026-5-A,2025-03-31 13:35:00,RCV-008,NEW
RCPT-113291,PO-50025,2025-03-31,12:33:00,SKU-00850,33,31,-2,B-04R-020-2-A,2025-03-31 14:19:00,RCV-002,NEW
RCPT-113238,PO-50025,2025-03-31,08:57:00,SKU-03881,1681,1679,-2,B-02R-002-4-A,2025-03-31 11:13:00,RCV-008,NEW
RCPT-113315,PO-50025,2025-03-31,12:35:00,SKU-00090,165,164,-1,C-04R-005-2-A,2025-03-31 13:32:00,RCV-004,NEW
RCPT-113367,PO-50025,2025-03-31,09:26:00,SKU-01005,42,40,-2,A-04R-013-1-B,2025-03-31 10:44:00,RCV-006,NEW
RCPT-113259,PO-50025,2025-03-31,07:10:00,SKU-03209,79,81,2,A-02R-022-2-B,2025-03-31 09:25:00,RCV-004,NEW
RCPT-113346,PO-50025,2025-03-31,07:09:00,SKU-04558,88,90,2,A-01L-008-1-A,2025-03-31 09:33:00,RCV-007,NEW
RCPT-113207,PO-50025,2025-03-31,10:26:00,SKU-02509,1271,1270,-1,B-01L-020-5-A,2025-03-31 12:19:00,RCV-001,NEW
RCPT-113351,PO-50025,2025-03-31,06:26:00,SKU-00257,12,10,-2,D-04R-005-2-B,2025-03-31 08:53:00,RCV-007,NEW
RCPT-113243,PO-50025,2025-03-31,08:03:00,SKU-02744,12,11,-1,E-02L-007-2-B,2025-03-31 10:54:00,RCV-003,NEW
RCPT-113250,PO-50025,2025-03-31,09:55:00,SKU-02490,12,14,2,C-01R-003-4-B,2025-03-31 11:40:00,RCV-003,NEW
RCPT-113410,PO-50026,2025-04-01,12:17:00,SKU-02185,644,644,0,C-01R-009-4-B,2025-04-01 14:21:00,RCV-004,NEW
RCPT-113497,PO-50026,2025-04-01,08:08:00,SKU-01645,19,18,-1,B-04R-009-2-A,2025-04-01 09:14:00,RCV-001,NEW
RCPT-113524,PO-50026,2025-04-01,12:09:00,SKU-00023,54,54,0,A-04R-013-4-B,2025-04-01 13:20:00,RCV-002,NEW
RCPT-113513,PO-50026,2025-04-01,09:59:00,SKU-01759,12,11,-1,C-04R-018-2-B,2025-04-01 11:54:00,RCV-005,NEW
RCPT-113480,PO-50026,2025-04-01,08:23:00,SKU-00353,133,132,-1,A-04L-018-4-A,2025-04-01 10:52:00,RCV-006,NEW
RCPT-113449,PO-50026,2025-04-01,07:43:00,SKU-02985,25,25,0,E-01R-020-2-A,2025-04-01 10:33:00,RCV-005,NEW
RCPT-113384,PO-50026,2025-04-01,09:00:00,SKU-02104,2186,2187,1,B-01R-002-1-A,2025-04-01 11:03:00,RCV-004,NEW
RCPT-113458,PO-50026,2025-04-01,08:15:00,SKU-04733,242,242,0,A-01R-018-1-A,2025-04-01 10:40:00,RCV-007,NEW
RCPT-113408,PO-50026,2025-04-01,07:29:00,SKU-01245,80,79,-1,B-03L-017-1-B,2025-04-01 08:21:00,RCV-003,NEW
RCPT-113530,PO-50026,2025-04-01,09:18:00,SKU-02785,30,28,-2,D-02L-026-1-A,2025-04-01 12:11:00,RCV-002,NEW
RCPT-113501,PO-50026,2025-04-01,10:39:00,SKU-00267,36,38,2,B-03R-013-4-A,2025-04-01 11:32:00,RCV-001,NEW
RCPT-113402,PO-50026,2025-04-01,06:51:00,SKU-00132,432,431,-1,A-04R-016-4-B,2025-04-01 08:34:00,RCV-004,NEW
RCPT-113534,PO-50026,2025-04-01,12:56:00,SKU-02973,180,180,0,B-01R-015-1-A,2025-04-01 14:26:00,RCV-006,NEW
RCPT-113474,PO-50026,2025-04-01,08:08:00,SKU-03095,130,130,0,B-01L-010-3-A,2025-04-01 10:13:00,RCV-004,NEW
RCPT-113510,PO-50026,2025-04-01,12:07:00,SKU-02684,160,158,-2,B-01L-017-4-A,2025-04-01 14:17:00,RCV-005,NEW
RCPT-113415,PO-50026,2025-04-01,12:28:00,SKU-00506,222,224,2,B-03R-016-3-B,2025-04-01 14:17:00,RCV-006,NEW
RCPT-113488,PO-50026,2025-04-01,11:11:00,SKU-01128,12,13,1,C-03R-013-4-B,2025-04-01 13:12:00,RCV-008,NEW
RCPT-113388,PO-50026,2025-04-01,11:25:00,SKU-02240,46,48,2,B-02L-008-4-B,2025-04-01 13:38:00,RCV-001,NEW
RCPT-113499,PO-50026,2025-04-01,10:54:00,SKU-04015,39,40,1,A-02R-020-1-B,2025-04-01 13:08:00,RCV-006,NEW
RCPT-113441,PO-50026,2025-04-01,08:53:00,SKU-02218,49,48,-1,C-02R-003-1-B,2025-04-01 10:18:00,RCV-007,NEW
RCPT-113461,PO-50026,2025-04-01,07:04:00,SKU-00422,69,68,-1,A-03R-005-2-B,2025-04-01 08:54:00,RCV-002,NEW
RCPT-113457,PO-50026,2025-04-01,12:26:00,SKU-02535,59,57,-2,A-01R-022-4-A,2025-04-01 13:55:00,RCV-002,NEW
RCPT-113483,PO-50026,2025-04-01,06:59:00,SKU-01721,1237,1239,2,A-04L-015-4-B,2025-04-01 09:22:00,RCV-006,NEW
RCPT-113416,PO-50026,2025-04-01,07:35:00,SKU-02125,2956,2958,2,A-01R-020-2-B,2025-04-01 09:05:00,RCV-007,NEW
RCPT-113494,PO-50026,2025-04-01,07:04:00,SKU-01492,12,11,-1,B-03R-002-3-A,2025-04-01 09:55:00,RCV-004,NEW
RCPT-113466,PO-50026,2025-04-01,09:23:00,SKU-04952,36,35,-1,B-02R-004-2-B,2025-04-01 11:39:00,RCV-004,NEW
RCPT-113459,PO-50026,2025-04-01,06:49:00,SKU-02170,40,38,-2,A-02R-011-5-B,2025-04-01 09:08:00,RCV-005,NEW
RCPT-113640,PO-50027,2025-04-02,08:31:00,SKU-02266,228,228,0,A-01L-021-3-B,2025-04-02 10:23:00,RCV-006,NEW
RCPT-113573,PO-50027,2025-04-02,09:39:00,SKU-04652,12,11,-1,E-01R-019-4-B,2025-04-02 11:18:00,RCV-004,NEW
RCPT-113692,PO-50027,2025-04-02,11:22:00,SKU-00451,14,13,-1,C-03L-011-3-B,2025-04-02 13:00:00,RCV-008,NEW
RCPT-113677,PO-50027,2025-04-02,07:17:00,SKU-01490,1140,1142,2,B-04R-009-1-A,2025-04-02 09:57:00,RCV-002,NEW
RCPT-113701,PO-50027,2025-04-02,10:48:00,SKU-01331,448,448,0,A-03R-003-4-B,2025-04-02 12:36:00,RCV-007,NEW
RCPT-113687,PO-50027,2025-04-02,07:20:00,SKU-01052,12,10,-2,D-04R-020-3-A,2025-04-02 07:53:00,RCV-004,NEW
RCPT-113577,PO-50027,2025-04-02,08:44:00,SKU-00026,203,204,1,A-03R-009-1-B,2025-04-02 10:55:00,RCV-007,NEW
RCPT-113581,PO-50027,2025-04-02,10:25:00,SKU-00283,12,12,0,D-04L-020-3-A,2025-04-02 12:22:00,RCV-006,NEW
RCPT-113552,PO-50027,2025-04-02,09:25:00,SKU-02973,182,180,-2,B-01R-015-1-A,2025-04-02 10:41:00,RCV-002,NEW
RCPT-113696,PO-50027,2025-04-02,08:56:00,SKU-02459,13,12,-1,B-01R-005-2-A,2025-04-02 11:30:00,RCV-003,NEW
RCPT-113646,PO-50027,2025-04-02,10:51:00,SKU-03613,31,30,-1,C-01L-020-4-B,2025-04-02 12:55:00,RCV-001,NEW
RCPT-113553,PO-50027,2025-04-02,11:33:00,SKU-02956,116,114,-2,A-01L-011-1-A,2025-04-02 13:06:00,RCV-007,NEW
RCPT-113582,PO-50027,2025-04-02,08:18:00,SKU-00145,86,84,-2,D-03R-005-2-A,2025-04-02 10:42:00,RCV-006,NEW
RCPT-113643,PO-50027,2025-04-02,08:52:00,SKU-01478,12,14,2,B-04R-012-4-A,2025-04-02 10:29:00,RCV-001,NEW
RCPT-113637,PO-50027,2025-04-02,06:12:00,SKU-03793,12,10,-2,C-02R-004-1-B,2025-04-02 07:20:00,RCV-002,NEW
RCPT-113674,PO-50027,2025-04-02,10:09:00,SKU-01721,1208,1209,1,A-04L-015-4-B,2025-04-02 10:40:00,RCV-008,NEW
RCPT-113700,PO-50027,2025-04-02,06:08:00,SKU-03835,12,14,2,B-01L-010-1-A,2025-04-02 07:34:00,RCV-006,NEW
RCPT-113555,PO-50027,2025-04-02,09:33:00,SKU-02085,1120,1118,-2,D-02R-008-1-A,2025-04-02 11:37:00,RCV-003,NEW
RCPT-113601,PO-50027,2025-04-02,10:53:00,SKU-03310,24,23,-1,B-01R-002-5-A,2025-04-02 13:14:00,RCV-007,NEW
RCPT-113698,PO-50027,2025-04-02,09:24:00,SKU-00452,12,10,-2,D-04R-003-1-A,2025-04-02 12:11:00,RCV-002,NEW
RCPT-113571,PO-50027,2025-04-02,06:11:00,SKU-00388,39,41,2,B-03L-020-2-B,2025-04-02 07:38:00,RCV-004,NEW
RCPT-113684,PO-50027,2025-04-02,06:17:00,SKU-01617,12,11,-1,B-03R-002-3-B,2025-04-02 08:40:00,RCV-003,NEW
RCPT-113679,PO-50027,2025-04-02,06:38:00,SKU-02539,67,66,-1,A-01L-024-2-B,2025-04-02 09:29:00,RCV-007,NEW
RCPT-113633,PO-50027,2025-04-02,08:01:00,SKU-01510,12,13,1,C-03L-007-4-B,2025-04-02 08:46:00,RCV-003,NEW
RCPT-113670,PO-50027,2025-04-02,07:30:00,SKU-01919,20,19,-1,B-04R-014-4-A,2025-04-02 09:34:00,RCV-006,NEW
RCPT-113614,PO-50027,2025-04-02,12:44:00,SKU-04563,333,333,0,A-02L-022-4-B,2025-04-02 13:42:00,RCV-007,NEW
RCPT-113707,PO-50027,2025-04-02,12:36:00,SKU-00238,19,21,2,C-03L-008-2-A,2025-04-02 14:46:00,RCV-001,NEW
RCPT-113672,PO-50027,2025-04-02,11:15:00,SKU-03944,12,11,-1,C-02L-017-3-B,2025-04-02 13:40:00,RCV-007,NEW
RCPT-113610,PO-50027,2025-04-02,08:46:00,SKU-01916,43,42,-1,B-03R-014-2-A,2025-04-02 11:28:00,RCV-006,NEW
RCPT-113691,PO-50027,2025-04-02,09:53:00,SKU-03539,68,70,2,D-02L-004-2-B,2025-04-02 11:48:00,RCV-006,NEW
RCPT-113561,PO-50027,2025-04-02,09:18:00,SKU-00353,160,162,2,A-04L-018-4-A,2025-04-02 10:45:00,RCV-007,NEW
RCPT-113627,PO-50027,2025-04-02,09:50:00,SKU-04370,587,586,-1,A-02R-026-5-A,2025-04-02 11:44:00,RCV-006,NEW
RCPT-113619,PO-50027,2025-04-02,07:10:00,SKU-02366,2359,2359,0,A-01R-020-4-A,2025-04-02 08:29:00,RCV-002,NEW
RCPT-113587,PO-50027,2025-04-02,07:04:00,SKU-01633,12,13,1,B-04L-001-1-A,2025-04-02 07:58:00,RCV-008,NEW
RCPT-113634,PO-50027,2025-04-02,08:10:00,SKU-04664,248,248,0,A-02R-002-3-A,2025-04-02 09:39:00,RCV-004,NEW
RCPT-113592,PO-50027,2025-04-02,06:48:00,SKU-03256,12,13,1,B-02L-012-5-A,2025-04-02 08:02:00,RCV-002,NEW
RCPT-113795,PO-50027,2025-04-03,09:26:00,SKU-03643,12,11,-1,C-01L-008-3-A,2025-04-03 10:33:00,RCV-008,NEW
RCPT-113717,PO-50027,2025-04-03,10:14:00,SKU-01204,1670,1672,2,A-03R-016-1-B,2025-04-03 12:25:00,RCV-004,NEW
RCPT-113813,PO-50027,2025-04-03,10:33:00,SKU-03521,12,12,0,E-02L-003-4-A,2025-04-03 12:53:00,RCV-002,NEW
RCPT-113835,PO-50027,2025-04-03,12:33:00,SKU-01170,824,824,0,A-03L-002-3-B,2025-04-03 14:36:00,RCV-006,NEW
RCPT-113831,PO-50027,2025-04-03,12:14:00,SKU-04347,406,407,1,B-02R-012-5-B,2025-04-03 14:14:00,RCV-003,NEW
RCPT-113842,PO-50027,2025-04-03,06:09:00,SKU-01331,540,538,-2,A-03R-003-4-B,2025-04-03 08:53:00,RCV-005,NEW
RCPT-113845,PO-50027,2025-04-03,08:57:00,SKU-00248,149,147,-2,B-04R-005-4-A,2025-04-03 10:32:00,RCV-008,NEW
RCPT-113735,PO-50027,2025-04-03,08:35:00,SKU-04664,219,218,-1,A-02R-002-3-A,2025-04-03 10:30:00,RCV-005,NEW
RCPT-113858,PO-50027,2025-04-03,06:58:00,SKU-03645,54,55,1,B-01L-001-3-A,2025-04-03 09:08:00,RCV-004,NEW
RCPT-113784,PO-50027,2025-04-03,12:20:00,SKU-04183,314,316,2,A-01L-010-2-B,2025-04-03 14:53:00,RCV-003,NEW
RCPT-113744,PO-50027,2025-04-03,07:00:00,SKU-02252,470,472,2,B-02R-025-2-A,2025-04-03 08:36:00,RCV-006,NEW
RCPT-113722,PO-50027,2025-04-03,12:57:00,SKU-02586,122,124,2,A-02R-026-3-A,2025-04-03 15:52:00,RCV-005,NEW
RCPT-113775,PO-50027,2025-04-03,07:00:00,SKU-02065,13,12,-1,B-02L-009-5-A,2025-04-03 09:48:00,RCV-007,NEW
RCPT-113764,PO-50027,2025-04-03,06:20:00,SKU-02037,12,11,-1,E-01R-008-2-A,2025-04-03 07:59:00,RCV-005,NEW
RCPT-113788,PO-50027,2025-04-03,09:10:00,SKU-04855,12,13,1,E-01L-025-5-A,2025-04-03 09:54:00,RCV-005,NEW
RCPT-113786,PO-50027,2025-04-03,12:30:00,SKU-01850,342,340,-2,A-04R-006-2-A,2025-04-03 14:05:00,RCV-002,NEW
RCPT-113815,PO-50027,2025-04-03,11:15:00,SKU-02674,61,61,0,A-01L-006-4-A,2025-04-03 13:07:00,RCV-006,NEW
RCPT-113855,PO-50027,2025-04-03,11:00:00,SKU-01300,60,59,-1,A-04L-007-2-A,2025-04-03 13:03:00,RCV-006,NEW
RCPT-113768,PO-50027,2025-04-03,12:00:00,SKU-00145,47,49,2,D-03R-005-2-A,2025-04-03 13:14:00,RCV-007,NEW
RCPT-113820,PO-50027,2025-04-03,11:45:00,SKU-01019,441,442,1,B-03R-014-1-A,2025-04-03 13:55:00,RCV-005,NEW
RCPT-113713,PO-50027,2025-04-03,09:01:00,SKU-03032,197,198,1,A-02L-020-4-B,2025-04-03 10:16:00,RCV-002,NEW
RCPT-113783,PO-50027,2025-04-03,06:48:00,SKU-03635,314,312,-2,A-02R-019-5-A,2025-04-03 09:20:00,RCV-008,NEW
RCPT-113741,PO-50027,2025-04-03,12:33:00,SKU-01147,19,21,2,C-04R-004-4-A,2025-04-03 13:47:00,RCV-001,NEW
RCPT-113802,PO-50027,2025-04-03,09:34:00,SKU-01203,12,14,2,D-04L-001-2-B,2025-04-03 11:01:00,RCV-007,NEW
RCPT-113754,PO-50027,2025-04-03,09:19:00,SKU-00367,60,59,-1,A-04L-014-1-B,2025-04-03 09:52:00,RCV-006,NEW
RCPT-113814,PO-50027,2025-04-03,11:31:00,SKU-02498,13,15,2,D-01L-023-1-A,2025-04-03 12:03:00,RCV-007,NEW
RCPT-113847,PO-50027,2025-04-03,07:50:00,SKU-04779,53,51,-2,C-01L-017-3-B,2025-04-03 09:48:00,RCV-002,NEW
RCPT-113825,PO-50027,2025-04-03,12:55:00,SKU-00357,12,10,-2,D-04L-020-4-B,2025-04-03 14:31:00,RCV-008,NEW
RCPT-113738,PO-50027,2025-04-03,12:18:00,SKU-03727,5635,5635,0,B-02R-023-4-A,2025-04-03 13:16:00,RCV-005,NEW
RCPT-113999,PO-50027,2025-04-04,07:16:00,SKU-04865,562,562,0,A-01R-011-4-B,2025-04-04 09:13:00,RCV-005,NEW
RCPT-113902,PO-50027,2025-04-04,08:42:00,SKU-02237,30,32,2,D-02R-013-4-B,2025-04-04 09:22:00,RCV-002,NEW
RCPT-113957,PO-50027,2025-04-04,09:32:00,SKU-03400,12,14,2,A-02R-008-3-B,2025-04-04 11:22:00,RCV-007,NEW
RCPT-113864,PO-50027,2025-04-04,09:33:00,SKU-02125,1704,1706,2,A-01R-020-2-B,2025-04-04 11:38:00,RCV-006,NEW
RCPT-113966,PO-50027,2025-04-04,12:15:00,SKU-02737,149,151,2,D-01L-021-5-A,2025-04-04 15:01:00,RCV-003,NEW
RCPT-113959,PO-50027,2025-04-04,12:54:00,SKU-01858,35,34,-1,B-03R-018-2-B,2025-04-04 13:54:00,RCV-001,NEW
RCPT-114000,PO-50027,2025-04-04,07:04:00,SKU-04721,12,14,2,D-01R-002-5-B,2025-04-04 07:42:00,RCV-006,NEW
RCPT-113924,PO-50027,2025-04-04,10:34:00,SKU-04435,415,415,0,A-02R-016-4-A,2025-04-04 11:29:00,RCV-003,NEW
RCPT-113884,PO-50027,2025-04-04,06:48:00,SKU-04116,297,296,-1,B-02L-002-3-A,2025-04-04 07:41:00,RCV-004,NEW
RCPT-113950,PO-50027,2025-04-04,12:28:00,SKU-04453,12,12,0,E-02L-001-4-B,2025-04-04 13:31:00,RCV-003,NEW
RCPT-113978,PO-50027,2025-04-04,12:26:00,SKU-02859,1011,1011,0,A-01L-018-3-A,2025-04-04 13:27:00,RCV-003,NEW
RCPT-113982,PO-50027,2025-04-04,12:16:00,SKU-02956,135,133,-2,A-01L-011-1-A,2025-04-04 12:48:00,RCV-001,NEW
RCPT-113961,PO-50027,2025-04-04,08:37:00,SKU-04608,1364,1364,0,A-02L-025-1-B,2025-04-04 11:08:00,RCV-008,NEW
RCPT-113881,PO-50027,2025-04-04,07:36:00,SKU-00872,2134,2133,-1,A-04L-005-1-A,2025-04-04 09:58:00,RCV-005,NEW
RCPT-113925,PO-50027,2025-04-04,09:49:00,SKU-01443,12,10,-2,B-04R-019-3-B,2025-04-04 12:28:00,RCV-004,NEW
RCPT-113906,PO-50027,2025-04-04,09:42:00,SKU-02893,147,145,-2,B-01L-026-2-B,2025-04-04 11:13:00,RCV-003,NEW
RCPT-113867,PO-50027,2025-04-04,06:07:00,SKU-02228,12,13,1,E-02L-011-1-A,2025-04-04 08:12:00,RCV-003,NEW
RCPT-114002,PO-50027,2025-04-04,06:12:00,SKU-04308,610,610,0,B-02R-019-4-A,2025-04-04 06:45:00,RCV-005,NEW
RCPT-113943,PO-50027,2025-04-04,11:36:00,SKU-03444,58,59,1,D-01L-004-1-A,2025-04-04 13:41:00,RCV-004,NEW
RCPT-113972,PO-50027,2025-04-04,09:30:00,SKU-02582,22,21,-1,D-02R-024-4-A,2025-04-04 10:42:00,RCV-004,NEW
RCPT-113984,PO-50027,2025-04-04,10:41:00,SKU-04384,12,10,-2,C-01L-007-5-A,2025-04-04 12:31:00,RCV-005,NEW
RCPT-113977,PO-50027,2025-04-04,10:00:00,SKU-01611,18,19,1,B-03L-017-3-A,2025-04-04 10:45:00,RCV-006,NEW
RCPT-113904,PO-50027,2025-04-04,09:52:00,SKU-01331,744,743,-1,A-03R-003-4-B,2025-04-04 10:59:00,RCV-001,NEW
RCPT-113909,PO-50027,2025-04-04,07:42:00,SKU-02291,145,145,0,D-01R-026-1-A,2025-04-04 10:09:00,RCV-007,NEW
RCPT-113955,PO-50027,2025-04-04,06:00:00,SKU-01857,126,127,1,A-04R-005-1-A,2025-04-04 08:18:00,RCV-008,NEW
RCPT-113989,PO-50027,2025-04-04,11:40:00,SKU-04940,99,101,2,C-02L-001-4-B,2025-04-04 12:58:00,RCV-001,NEW
RCPT-114055,PO-50027,2025-04-05,10:55:00,SKU-03459,23,21,-2,A-01R-026-3-A,2025-04-05 13:39:00,RCV-003,NEW
RCPT-114160,PO-50027,2025-04-05,09:05:00,SKU-02099,12,12,0,D-02L-010-2-B,2025-04-05 10:55:00,RCV-004,NEW
RCPT-114137,PO-50027,2025-04-05,07:41:00,SKU-03095,160,159,-1,B-01L-010-3-A,2025-04-05 10:36:00,RCV-003,NEW
RCPT-114047,PO-50027,2025-04-05,08:17:00,SKU-01204,4041,4041,0,A-03R-016-1-B,2025-04-05 09:33:00,RCV-003,NEW
RCPT-114070,PO-50027,2025-04-05,06:57:00,SKU-00134,13,15,2,E-04R-012-1-B,2025-04-05 08:41:00,RCV-008,NEW
RCPT-114088,PO-50027,2025-04-05,06:58:00,SKU-04786,39,40,1,A-01R-011-4-A,2025-04-05 07:41:00,RCV-007,NEW
RCPT-114167,PO-50027,2025-04-05,07:30:00,SKU-01803,402,403,1,B-03R-020-1-A,2025-04-05 08:38:00,RCV-007,NEW
RCPT-114152,PO-50027,2025-04-05,11:55:00,SKU-00673,199,201,2,C-03L-015-4-A,2025-04-05 13:38:00,RCV-007,NEW
RCPT-114091,PO-50027,2025-04-05,08:35:00,SKU-02679,37,38,1,B-02R-015-2-A,2025-04-05 09:42:00,RCV-003,NEW
RCPT-114159,PO-50027,2025-04-05,09:45:00,SKU-04895,20,19,-1,B-02L-011-5-A,2025-04-05 12:37:00,RCV-002,NEW
RCPT-114163,PO-50027,2025-04-05,09:39:00,SKU-00559,185,186,1,A-04R-005-4-A,2025-04-05 10:16:00,RCV-002,NEW
RCPT-114071,PO-50027,2025-04-05,07:34:00,SKU-04928,314,314,0,B-01L-013-2-B,2025-04-05 10:14:00,RCV-005,NEW
RCPT-114054,PO-50027,2025-04-05,08:04:00,SKU-03200,12,10,-2,C-02L-007-4-A,2025-04-05 09:40:00,RCV-003,NEW
RCPT-114118,PO-50027,2025-04-05,07:22:00,SKU-01124,320,320,0,B-03R-007-4-A,2025-04-05 10:04:00,RCV-005,NEW
RCPT-114059,PO-50027,2025-04-05,10:23:00,SKU-02243,35,33,-2,D-02R-010-4-A,2025-04-05 13:16:00,RCV-005,NEW
RCPT-114040,PO-50027,2025-04-05,06:19:00,SKU-00495,26,26,0,C-03L-011-4-B,2025-04-05 08:41:00,RCV-003,NEW
RCPT-114095,PO-50027,2025-04-05,10:32:00,SKU-03826,29,29,0,B-02R-016-4-A,2025-04-05 13:26:00,RCV-002,NEW
RCPT-114076,PO-50027,2025-04-05,08:37:00,SKU-02937,297,298,1,C-02R-019-5-A,2025-04-05 10:39:00,RCV-001,NEW
RCPT-114131,PO-50027,2025-04-05,09:41:00,SKU-01282,12,10,-2,C-03R-015-4-A,2025-04-05 11:47:00,RCV-005,NEW
RCPT-114081,PO-50027,2025-04-05,08:14:00,SKU-02893,291,292,1,B-01L-026-2-B,2025-04-05 10:48:00,RCV-007,NEW
RCPT-114015,PO-50027,2025-04-05,08:32:00,SKU-03160,12,11,-1,C-02R-024-1-A,2025-04-05 10:19:00,RCV-008,NEW
RCPT-114066,PO-50027,2025-04-05,11:04:00,SKU-02775,421,422,1,C-01R-023-3-A,2025-04-05 12:48:00,RCV-002,NEW
RCPT-114097,PO-50027,2025-04-05,09:42:00,SKU-00838,739,737,-2,A-03L-009-1-B,2025-04-05 11:52:00,RCV-007,NEW
RCPT-114100,PO-50027,2025-04-05,11:21:00,SKU-03653,12,10,-2,C-02R-004-4-A,2025-04-05 11:57:00,RCV-005,NEW
RCPT-114171,PO-50027,2025-04-05,12:21:00,SKU-00264,88,90,2,C-03L-008-1-B,2025-04-05 13:24:00,RCV-008,NEW
RCPT-114085,PO-50027,2025-04-05,08:37:00,SKU-02085,1266,1267,1,D-02R-008-1-A,2025-04-05 11:35:00,RCV-001,NEW
RCPT-114058,PO-50027,2025-04-05,12:26:00,SKU-03970,51,51,0,C-02L-022-1-A,2025-04-05 14:26:00,RCV-006,NEW
RCPT-114126,PO-50027,2025-04-05,08:44:00,SKU-00588,16,15,-1,C-03L-004-4-B,2025-04-05 10:21:00,RCV-004,NEW
RCPT-114123,PO-50027,2025-04-05,06:29:00,SKU-02480,95,95,0,A-02R-005-1-B,2025-04-05 07:02:00,RCV-004,NEW
RCPT-114032,PO-50027,2025-04-05,10:36:00,SKU-02366,3988,3987,-1,A-01R-020-4-A,2025-04-05 13:24:00,RCV-002,NEW
RCPT-114115,PO-50027,2025-04-05,12:51:00,SKU-03148,13,14,1,B-02L-021-4-B,2025-04-05 15:35:00,RCV-007,NEW
RCPT-114018,PO-50027,2025-04-05,11:43:00,SKU-04041,7086,7087,1,A-02R-002-2-B,2025-04-05 14:31:00,RCV-008,NEW
RCPT-114176,PO-50027,2025-04-05,09:03:00,SKU-03150,12,11,-1,D-01R-012-3-A,2025-04-05 10:37:00,RCV-008,NEW
RCPT-114103,PO-50027,2025-04-05,06:17:00,SKU-04971,13,14,1,D-01R-016-3-B,2025-04-05 08:32:00,RCV-007,NEW
RCPT-114238,PO-50027,2025-04-07,08:25:00,SKU-02104,2605,2607,2,B-01R-002-1-A,2025-04-07 11:09:00,RCV-001,NEW
RCPT-114225,PO-50027,2025-04-07,10:53:00,SKU-01037,12,11,-1,C-03R-001-3-A,2025-04-07 11:23:00,RCV-002,NEW
RCPT-114304,PO-50027,2025-04-07,10:00:00,SKU-04651,23,25,2,D-02R-001-1-B,2025-04-07 10:35:00,RCV-005,NEW
RCPT-114219,PO-50027,2025-04-07,07:16:00,SKU-02609,1470,1469,-1,C-01R-013-1-B,2025-04-07 07:49:00,RCV-005,NEW
RCPT-114297,PO-50027,2025-04-07,09:43:00,SKU-04841,105,105,0,B-01L-019-4-A,2025-04-07 10:58:00,RCV-007,NEW
RCPT-114237,PO-50027,2025-04-07,12:18:00,SKU-00354,119,119,0,A-03R-003-1-B,2025-04-07 13:25:00,RCV-004,NEW
RCPT-114275,PO-50027,2025-04-07,10:36:00,SKU-04475,32,34,2,A-01L-026-4-A,2025-04-07 11:30:00,RCV-001,NEW
RCPT-114263,PO-50027,2025-04-07,08:10:00,SKU-02304,21,21,0,C-02R-010-5-B,2025-04-07 10:11:00,RCV-003,NEW
RCPT-114202,PO-50027,2025-04-07,10:48:00,SKU-00553,67,66,-1,A-04L-016-4-B,2025-04-07 13:20:00,RCV-002,NEW
RCPT-114233,PO-50027,2025-04-07,11:32:00,SKU-04245,65,64,-1,B-01R-001-1-A,2025-04-07 12:52:00,RCV-005,NEW
RCPT-114303,PO-50027,2025-04-07,09:36:00,SKU-03932,44,42,-2,B-02L-019-5-B,2025-04-07 11:46:00,RCV-005,NEW
RCPT-114205,PO-50027,2025-04-07,12:42:00,SKU-04854,12,13,1,D-02R-004-1-B,2025-04-07 13:30:00,RCV-001,NEW
RCPT-114340,PO-50027,2025-04-07,08:42:00,SKU-01170,554,554,0,A-03L-002-3-B,2025-04-07 11:29:00,RCV-008,NEW
RCPT-114341,PO-50027,2025-04-07,10:00:00,SKU-03457,12,12,0,D-02L-003-5-A,2025-04-07 12:06:00,RCV-003,NEW
RCPT-114213,PO-50027,2025-04-07,07:23:00,SKU-02044,193,191,-2,A-01R-023-5-B,2025-04-07 09:45:00,RCV-001,NEW
RCPT-114248,PO-50027,2025-04-07,07:35:00,SKU-00090,194,192,-2,C-04R-005-2-A,2025-04-07 08:56:00,RCV-007,NEW
RCPT-114280,PO-50027,2025-04-07,11:37:00,SKU-01528,56,54,-2,B-03R-015-4-B,2025-04-07 13:04:00,RCV-002,NEW
RCPT-114241,PO-50027,2025-04-07,07:40:00,SKU-00535,301,303,2,A-03R-010-2-A,2025-04-07 10:30:00,RCV-007,NEW
RCPT-114197,PO-50027,2025-04-07,10:36:00,SKU-02366,2435,2433,-2,A-01R-020-4-A,2025-04-07 12:45:00,RCV-004,NEW
RCPT-114346,PO-50027,2025-04-07,12:18:00,SKU-01222,12,14,2,A-04L-010-1-A,2025-04-07 14:22:00,RCV-004,NEW
RCPT-114193,PO-50027,2025-04-07,10:15:00,SKU-04196,126,124,-2,A-01R-014-5-B,2025-04-07 12:16:00,RCV-003,NEW
RCPT-114221,PO-50027,2025-04-07,12:44:00,SKU-02740,28,26,-2,C-02L-014-3-A,2025-04-07 15:03:00,RCV-003,NEW
RCPT-114299,PO-50027,2025-04-07,08:13:00,SKU-01300,57,58,1,A-04L-007-2-A,2025-04-07 08:43:00,RCV-005,NEW
RCPT-114349,PO-50027,2025-04-07,07:43:00,SKU-02539,36,36,0,A-01L-024-2-B,2025-04-07 09:17:00,RCV-001,NEW
RCPT-114200,PO-50027,2025-04-07,08:02:00,SKU-03479,12,13,1,B-01R-003-4-B,2025-04-07 09:30:00,RCV-008,NEW
RCPT-114230,PO-50027,2025-04-07,06:22:00,SKU-04768,654,654,0,A-01R-021-2-A,2025-04-07 07:47:00,RCV-005,NEW
RCPT-114198,PO-50027,2025-04-07,07:14:00,SKU-02266,331,331,0,A-01L-021-3-B,2025-04-07 08:50:00,RCV-004,NEW
RCPT-114322,PO-50027,2025-04-07,09:31:00,SKU-02772,251,250,-1,A-02R-012-5-A,2025-04-07 11:41:00,RCV-005,NEW
RCPT-114204,PO-50027,2025-04-07,10:55:00,SKU-03727,7547,7545,-2,B-02R-023-4-A,2025-04-07 11:50:00,RCV-001,NEW
RCPT-114234,PO-50027,2025-04-07,12:48:00,SKU-04802,12,10,-2,C-02L-025-3-B,2025-04-07 14:42:00,RCV-002,NEW
RCPT-114518,PO-50028,2025-04-08,10:04:00,SKU-02046,34,32,-2,D-01R-010-1-B,2025-04-08 12:37:00,RCV-006,NEW
RCPT-114524,PO-50028,2025-04-08,07:18:00,SKU-02451,53,53,0,A-01L-011-3-B,2025-04-08 08:31:00,RCV-008,NEW
RCPT-114499,PO-50028,2025-04-08,09:58:00,SKU-02674,35,34,-1,A-01L-006-4-A,2025-04-08 12:19:00,RCV-001,NEW
RCPT-114372,PO-50028,2025-04-08,10:25:00,SKU-02665,106,104,-2,B-02R-024-2-A,2025-04-08 13:17:00,RCV-001,DAMAGED
RCPT-114411,PO-50028,2025-04-08,09:49:00,SKU-04539,12,11,-1,D-02R-007-3-B,2025-04-08 12:02:00,RCV-004,NEW
RCPT-114406,PO-50028,2025-04-08,12:36:00,SKU-00361,12,13,1,D-04L-009-3-A,2025-04-08 13:36:00,RCV-001,NEW
RCPT-114420,PO-50028,2025-04-08,07:30:00,SKU-00394,43,43,0,B-03R-010-2-A,2025-04-08 09:17:00,RCV-001,NEW
RCPT-114358,PO-50028,2025-04-08,12:46:00,SKU-01527,68,68,0,A-04L-008-1-A,2025-04-08 13:19:00,RCV-004,NEW
RCPT-114416,PO-50028,2025-04-08,09:59:00,SKU-00344,43,45,2,A-03L-006-2-B,2025-04-08 11:59:00,RCV-003,NEW
RCPT-114483,PO-50028,2025-04-08,12:15:00,SKU-01399,18,20,2,B-03R-005-2-A,2025-04-08 14:54:00,RCV-005,NEW
RCPT-114514,PO-50028,2025-04-08,12:27:00,SKU-04370,815,817,2,A-02R-026-5-A,2025-04-08 13:00:00,RCV-006,NEW
RCPT-114393,PO-50028,2025-04-08,09:42:00,SKU-03840,16,18,2,B-01R-009-5-B,2025-04-08 10:25:00,RCV-004,NEW
RCPT-114442,PO-50028,2025-04-08,11:37:00,SKU-00650,12,10,-2,D-04R-011-2-A,2025-04-08 13:42:00,RCV-002,NEW
RCPT-114465,PO-50028,2025-04-08,07:28:00,SKU-00158,46,47,1,C-04L-010-3-A,2025-04-08 10:06:00,RCV-008,NEW
RCPT-114480,PO-50028,2025-04-08,08:16:00,SKU-04865,1149,1147,-2,A-01R-011-4-B,2025-04-08 11:10:00,RCV-008,NEW
RCPT-114381,PO-50028,2025-04-08,08:52:00,SKU-02346,21,20,-1,C-01L-011-3-A,2025-04-08 11:47:00,RCV-001,NEW
RCPT-114488,PO-50028,2025-04-08,07:42:00,SKU-03801,12,10,-2,C-02R-020-3-A,2025-04-08 09:56:00,RCV-007,NEW
RCPT-114426,PO-50028,2025-04-08,06:10:00,SKU-04768,545,546,1,A-01R-021-2-A,2025-04-08 09:05:00,RCV-001,NEW
RCPT-114443,PO-50028,2025-04-08,08:12:00,SKU-01338,12,13,1,D-04L-020-3-B,2025-04-08 10:36:00,RCV-005,NEW
RCPT-114525,PO-50028,2025-04-08,07:06:00,SKU-00354,221,222,1,A-03R-003-1-B,2025-04-08 09:56:00,RCV-003,NEW
RCPT-114470,PO-50028,2025-04-08,11:59:00,SKU-01251,21,22,1,B-03L-016-1-A,2025-04-08 14:56:00,RCV-003,NEW
RCPT-114459,PO-50028,2025-04-08,12:48:00,SKU-04067,12,10,-2,B-02L-025-5-A,2025-04-08 14:45:00,RCV-008,NEW
RCPT-114370,PO-50028,2025-04-08,12:37:00,SKU-02534,38,40,2,B-02R-001-4-B,2025-04-08 13:21:00,RCV-001,NEW
RCPT-114405,PO-50028,2025-04-08,08:41:00,SKU-04308,649,651,2,B-02R-019-4-A,2025-04-08 09:57:00,RCV-007,NEW
RCPT-114384,PO-50028,2025-04-08,08:32:00,SKU-03727,5640,5641,1,B-02R-023-4-A,2025-04-08 10:57:00,RCV-003,NEW
RCPT-114463,PO-50028,2025-04-08,08:19:00,SKU-00458,12,12,0,D-03L-020-4-B,2025-04-08 09:47:00,RCV-006,NEW
RCPT-114455,PO-50028,2025-04-08,09:25:00,SKU-04156,12,10,-2,E-02R-012-3-B,2025-04-08 12:13:00,RCV-003,NEW
RCPT-114413,PO-50028,2025-04-08,09:57:00,SKU-04461,82,80,-2,C-02L-017-5-B,2025-04-08 11:21:00,RCV-005,NEW
RCPT-114354,PO-50028,2025-04-08,09:17:00,SKU-00392,433,434,1,B-03L-019-1-B,2025-04-08 10:43:00,RCV-001,NEW
RCPT-114359,PO-50028,2025-04-08,06:18:00,SKU-00872,5190,5188,-2,A-04L-005-1-A,2025-04-08 08:02:00,RCV-004,NEW
RCPT-114592,PO-50028,2025-04-09,11:08:00,SKU-03419,12,12,0,D-02R-023-5-B,2025-04-09 11:54:00,RCV-006,NEW
RCPT-114612,PO-50028,2025-04-09,12:58:00,SKU-02661,12,11,-1,D-02L-004-1-A,2025-04-09 14:29:00,RCV-008,NEW
RCPT-114526,PO-50028,2025-04-09,06:11:00,SKU-03126,29,31,2,A-02L-015-1-A,2025-04-09 08:14:00,RCV-001,NEW
RCPT-114630,PO-50028,2025-04-09,07:55:00,SKU-00094,31,29,-2,D-03L-017-2-B,2025-04-09 10:05:00,RCV-004,NEW
RCPT-114560,PO-50028,2025-04-09,12:38:00,SKU-03329,12,14,2,E-02R-007-5-A,2025-04-09 13:48:00,RCV-004,NEW
RCPT-114557,PO-50028,2025-04-09,10:03:00,SKU-01020,12,11,-1,D-04L-013-1-A,2025-04-09 10:47:00,RCV-002,NEW
RCPT-114632,PO-50028,2025-04-09,10:39:00,SKU-04266,19,21,2,C-02L-002-2-B,2025-04-09 13:29:00,RCV-007,NEW
RCPT-114644,PO-50028,2025-04-09,07:15:00,SKU-04992,27,25,-2,A-01R-020-3-A,2025-04-09 09:32:00,RCV-006,NEW
RCPT-114548,PO-50028,2025-04-09,08:40:00,SKU-04459,19,17,-2,A-01R-024-1-A,2025-04-09 11:27:00,RCV-001,NEW
RCPT-114582,PO-50028,2025-04-09,11:36:00,SKU-04756,12,14,2,E-01L-023-2-A,2025-04-09 13:07:00,RCV-003,NEW
RCPT-114610,PO-50028,2025-04-09,07:57:00,SKU-03766,12,11,-1,E-01L-013-3-B,2025-04-09 09:05:00,RCV-005,NEW
RCPT-114545,PO-50028,2025-04-09,07:21:00,SKU-03049,361,359,-2,C-02L-003-4-A,2025-04-09 09:01:00,RCV-001,NEW
RCPT-114564,PO-50028,2025-04-09,07:06:00,SKU-00897,13,15,2,C-03R-009-4-A,2025-04-09 09:44:00,RCV-007,NEW
RCPT-114652,PO-50028,2025-04-09,09:01:00,SKU-00055,24,22,-2,D-04L-018-4-B,2025-04-09 09:45:00,RCV-005,NEW
RCPT-114579,PO-50028,2025-04-09,06:35:00,SKU-04878,1364,1364,0,B-01R-016-3-B,2025-04-09 09:29:00,RCV-006,NEW
RCPT-114587,PO-50028,2025-04-09,09:48:00,SKU-01033,71,70,-1,C-03R-010-1-A,2025-04-09 12:07:00,RCV-002,NEW
RCPT-114649,PO-50028,2025-04-09,09:15:00,SKU-04646,13,11,-2,C-02R-011-5-B,2025-04-09 11:36:00,RCV-002,NEW
RCPT-114532,PO-50028,2025-04-09,10:51:00,SKU-01204,3600,3599,-1,A-03R-016-1-B,2025-04-09 12:24:00,RCV-007,NEW
RCPT-114546,PO-50028,2025-04-09,12:29:00,SKU-02202,221,219,-2,C-01R-025-1-B,2025-04-09 14:06:00,RCV-004,NEW
RCPT-114570,PO-50028,2025-04-09,11:05:00,SKU-04041,5125,5124,-1,A-02R-002-2-B,2025-04-09 13:05:00,RCV-006,NEW
RCPT-114608,PO-50028,2025-04-09,07:56:00,SKU-00388,64,66,2,B-03L-020-2-B,2025-04-09 10:14:00,RCV-001,NEW
RCPT-114615,PO-50028,2025-04-09,12:37:00,SKU-04807,110,110,0,B-02L-013-3-B,2025-04-09 14:47:00,RCV-008,NEW
RCPT-114556,PO-50028,2025-04-09,07:03:00,SKU-00466,149,149,0,C-04R-016-1-B,2025-04-09 09:53:00,RCV-001,NEW
RCPT-114563,PO-50028,2025-04-09,10:21:00,SKU-01178,46,45,-1,B-04L-001-3-A,2025-04-09 11:55:00,RCV-007,NEW
RCPT-114617,PO-50028,2025-04-09,12:16:00,SKU-02185,390,388,-2,C-01R-009-4-B,2025-04-09 14:39:00,RCV-008,NEW
RCPT-114790,PO-50028,2025-04-10,07:34:00,SKU-02772,262,263,1,A-02R-012-5-A,2025-04-10 08:58:00,RCV-004,NEW
RCPT-114768,PO-50028,2025-04-10,12:33:00,SKU-02109,12,10,-2,D-01R-009-2-A,2025-04-10 14:41:00,RCV-006,NEW
RCPT-114777,PO-50028,2025-04-10,08:24:00,SKU-03774,82,80,-2,B-02L-023-2-A,2025-04-10 10:43:00,RCV-006,NEW
RCPT-114712,PO-50028,2025-04-10,08:02:00,SKU-00196,13,14,1,D-04L-015-4-B,2025-04-10 08:33:00,RCV-006,NEW
RCPT-114747,PO-50028,2025-04-10,10:39:00,SKU-04542,326,325,-1,C-02L-018-4-A,2025-04-10 12:42:00,RCV-008,NEW
RCPT-114741,PO-50028,2025-04-10,09:42:00,SKU-02828,613,614,1,A-02L-007-2-A,2025-04-10 10:26:00,RCV-005,NEW
RCPT-114673,PO-50028,2025-04-10,08:39:00,SKU-01552,527,527,0,A-04R-001-1-B,2025-04-10 09:54:00,RCV-008,NEW
RCPT-114793,PO-50028,2025-04-10,11:43:00,SKU-00942,89,91,2,A-04R-009-4-B,2025-04-10 14:28:00,RCV-002,NEW
RCPT-114762,PO-50028,2025-04-10,09:28:00,SKU-03068,12,14,2,B-02R-023-5-A,2025-04-10 09:59:00,RCV-005,NEW
RCPT-114702,PO-50028,2025-04-10,11:46:00,SKU-02779,40,38,-2,B-02L-020-2-A,2025-04-10 14:26:00,RCV-003,NEW
RCPT-114767,PO-50028,2025-04-10,11:52:00,SKU-00132,439,440,1,A-04R-016-4-B,2025-04-10 14:39:00,RCV-006,NEW
RCPT-114774,PO-50028,2025-04-10,09:14:00,SKU-00229,96,96,0,A-04R-007-2-A,2025-04-10 10:12:00,RCV-007,NEW
RCPT-114676,PO-50028,2025-04-10,12:37:00,SKU-02709,27,29,2,D-01R-015-4-A,2025-04-10 14:17:00,RCV-006,NEW
RCPT-114765,PO-50028,2025-04-10,11:54:00,SKU-03645,59,59,0,B-01L-001-3-A,2025-04-10 13:00:00,RCV-004,NEW
RCPT-114787,PO-50028,2025-04-10,12:12:00,SKU-03236,54,53,-1,A-02L-012-2-B,2025-04-10 13:40:00,RCV-007,NEW
RCPT-114669,PO-50028,2025-04-10,11:59:00,SKU-04411,58,59,1,A-01L-011-5-B,2025-04-10 14:35:00,RCV-001,DAMAGED
RCPT-114763,PO-50028,2025-04-10,08:06:00,SKU-02850,60,59,-1,A-01R-014-5-A,2025-04-10 09:22:00,RCV-006,NEW
RCPT-114672,PO-50028,2025-04-10,12:11:00,SKU-03727,4846,4846,0,B-02R-023-4-A,2025-04-10 13:26:00,RCV-001,NEW
RCPT-114703,PO-50028,2025-04-10,08:28:00,SKU-03496,1029,1029,0,B-01R-016-5-B,2025-04-10 10:46:00,RCV-005,NEW
RCPT-114704,PO-50028,2025-04-10,12:58:00,SKU-02418,12,11,-1,E-01L-004-5-A,2025-04-10 15:30:00,RCV-004,NEW
RCPT-114737,PO-50028,2025-04-10,06:59:00,SKU-04457,2595,2596,1,A-01L-020-2-B,2025-04-10 07:58:00,RCV-008,NEW
RCPT-114694,PO-50028,2025-04-10,12:27:00,SKU-00304,12,12,0,D-03L-017-4-B,2025-04-10 14:36:00,RCV-006,NEW
RCPT-114791,PO-50028,2025-04-10,07:53:00,SKU-02085,1405,1407,2,D-02R-008-1-A,2025-04-10 10:31:00,RCV-002,NEW
RCPT-114742,PO-50028,2025-04-10,06:30:00,SKU-03693,12,14,2,E-01L-026-4-A,2025-04-10 08:33:00,RCV-002,NEW
RCPT-114687,PO-50028,2025-04-10,09:29:00,SKU-03018,381,381,0,C-02L-015-3-B,2025-04-10 10:10:00,RCV-006,NEW
RCPT-114776,PO-50028,2025-04-10,10:57:00,SKU-02517,78,77,-1,A-02L-010-1-B,2025-04-10 12:30:00,RCV-004,NEW
RCPT-114717,PO-50028,2025-04-10,12:36:00,SKU-02859,1180,1181,1,A-01L-018-3-A,2025-04-10 13:21:00,RCV-008,NEW
RCPT-114751,PO-50028,2025-04-10,08:42:00,SKU-04608,1656,1655,-1,A-02L-025-1-B,2025-04-10 11:30:00,RCV-002,NEW
RCPT-114666,PO-50028,2025-04-10,11:54:00,SKU-00872,2310,2310,0,A-04L-005-1-A,2025-04-10 14:00:00,RCV-005,NEW
RCPT-114724,PO-50028,2025-04-10,08:49:00,SKU-02202,308,306,-2,C-01R-025-1-B,2025-04-10 10:22:00,RCV-006,NEW
RCPT-114701,PO-50028,2025-04-10,08:26:00,SKU-01804,23,23,0,A-03R-012-4-B,2025-04-10 09:35:00,RCV-008,NEW
RCPT-114827,PO-50029,2025-04-11,11:42:00,SKU-01490,2001,2000,-1,B-04R-009-1-A,2025-04-11 12:18:00,RCV-001,NEW
RCPT-114814,PO-50029,2025-04-11,06:00:00,SKU-04775,743,744,1,A-02R-001-5-B,2025-04-11 07:47:00,RCV-006,NEW
RCPT-114918,PO-50029,2025-04-11,12:46:00,SKU-04196,51,51,0,A-01R-014-5-B,2025-04-11 14:57:00,RCV-003,NEW
RCPT-114836,PO-50029,2025-04-11,08:00:00,SKU-02731,33,34,1,A-01R-004-5-A,2025-04-11 09:39:00,RCV-003,NEW
RCPT-114810,PO-50029,2025-04-11,08:43:00,SKU-02366,4686,4684,-2,A-01R-020-4-A,2025-04-11 10:57:00,RCV-006,NEW
RCPT-114840,PO-50029,2025-04-11,10:32:00,SKU-04925,16,15,-1,C-01L-015-4-A,2025-04-11 11:35:00,RCV-003,NEW
RCPT-114928,PO-50029,2025-04-11,11:49:00,SKU-02179,31,32,1,C-01L-024-5-B,2025-04-11 12:52:00,RCV-004,NEW
RCPT-114834,PO-50029,2025-04-11,06:09:00,SKU-04974,12,13,1,C-01R-025-3-A,2025-04-11 07:31:00,RCV-008,NEW
RCPT-114935,PO-50029,2025-04-11,10:53:00,SKU-02266,136,137,1,A-01L-021-3-B,2025-04-11 12:42:00,RCV-007,NEW
RCPT-114807,PO-50029,2025-04-11,09:16:00,SKU-02585,3819,3818,-1,A-01R-012-4-A,2025-04-11 11:48:00,RCV-002,NEW
RCPT-114812,PO-50029,2025-04-11,08:16:00,SKU-00612,12,14,2,D-03R-001-2-B,2025-04-11 10:43:00,RCV-002,NEW
RCPT-114929,PO-50029,2025-04-11,06:30:00,SKU-04814,294,293,-1,B-02R-017-4-A,2025-04-11 07:17:00,RCV-008,DAMAGED
RCPT-114883,PO-50029,2025-04-11,12:02:00,SKU-02494,39,37,-2,C-02R-002-1-B,2025-04-11 14:51:00,RCV-008,NEW
RCPT-114885,PO-50029,2025-04-11,07:14:00,SKU-04782,378,378,0,C-01L-004-3-A,2025-04-11 09:10:00,RCV-005,NEW
RCPT-114853,PO-50029,2025-04-11,12:58:00,SKU-04457,2963,2962,-1,A-01L-020-2-B,2025-04-11 14:05:00,RCV-003,NEW
RCPT-114880,PO-50029,2025-04-11,10:43:00,SKU-02770,12,12,0,D-01L-014-3-A,2025-04-11 11:29:00,RCV-006,NEW
RCPT-114829,PO-50029,2025-04-11,12:44:00,SKU-01170,639,637,-2,A-03L-002-3-B,2025-04-11 14:01:00,RCV-004,NEW
RCPT-114832,PO-50029,2025-04-11,06:21:00,SKU-01331,596,596,0,A-03R-003-4-B,2025-04-11 08:58:00,RCV-007,NEW
RCPT-114910,PO-50029,2025-04-11,07:11:00,SKU-00376,228,227,-1,B-04L-004-2-B,2025-04-11 09:01:00,RCV-007,NEW
RCPT-114909,PO-50029,2025-04-11,12:49:00,SKU-04972,41,41,0,B-02L-002-3-B,2025-04-11 14:18:00,RCV-001,NEW
RCPT-114865,PO-50029,2025-04-11,07:03:00,SKU-04347,330,328,-2,B-02R-012-5-B,2025-04-11 08:33:00,RCV-005,NEW
RCPT-114920,PO-50029,2025-04-11,10:39:00,SKU-03496,490,492,2,B-01R-016-5-B,2025-04-11 13:36:00,RCV-004,NEW
RCPT-114850,PO-50029,2025-04-11,12:41:00,SKU-04041,9008,9006,-2,A-02R-002-2-B,2025-04-11 13:13:00,RCV-007,NEW
RCPT-114845,PO-50029,2025-04-11,10:38:00,SKU-04623,58,56,-2,B-01R-007-5-A,2025-04-11 12:23:00,RCV-008,NEW
RCPT-114862,PO-50029,2025-04-11,07:55:00,SKU-02816,179,177,-2,A-02R-004-2-A,2025-04-11 09:30:00,RCV-007,NEW
RCPT-114898,PO-50029,2025-04-11,06:45:00,SKU-02382,12,14,2,B-01L-003-1-B,2025-04-11 09:44:00,RCV-006,NEW
RCPT-114881,PO-50029,2025-04-11,09:30:00,SKU-02460,12,14,2,A-02L-019-2-A,2025-04-11 12:09:00,RCV-002,NEW
RCPT-114934,PO-50029,2025-04-11,06:37:00,SKU-00230,12,14,2,C-04R-006-1-B,2025-04-11 08:45:00,RCV-001,NEW
RCPT-114866,PO-50029,2025-04-11,07:52:00,SKU-02609,1965,1963,-2,C-01R-013-1-B,2025-04-11 10:11:00,RCV-003,NEW
RCPT-115074,PO-50030,2025-04-12,11:52:00,SKU-02542,12,13,1,B-02L-020-1-B,2025-04-12 13:25:00,RCV-007,NEW
RCPT-115027,PO-50030,2025-04-12,07:09:00,SKU-01387,30,29,-1,A-04L-002-1-A,2025-04-12 08:34:00,RCV-002,NEW
RCPT-115075,PO-50030,2025-04-12,06:24:00,SKU-02624,707,708,1,A-02R-022-1-A,2025-04-12 08:32:00,RCV-008,NEW
RCPT-115044,PO-50030,2025-04-12,10:25:00,SKU-02407,143,145,2,A-01L-004-2-A,2025-04-12 13:20:00,RCV-006,NEW
RCPT-115080,PO-50030,2025-04-12,09:37:00,SKU-02138,45,44,-1,C-02R-024-4-B,2025-04-12 12:16:00,RCV-002,NEW
RCPT-114946,PO-50030,2025-04-12,07:09:00,SKU-04425,75,73,-2,A-01L-019-1-B,2025-04-12 08:29:00,RCV-006,NEW
RCPT-115071,PO-50030,2025-04-12,08:39:00,SKU-03825,309,308,-1,B-01R-003-2-A,2025-04-12 10:00:00,RCV-003,NEW
RCPT-115054,PO-50030,2025-04-12,11:55:00,SKU-00937,12,14,2,D-03L-009-1-A,2025-04-12 14:40:00,RCV-002,NEW
RCPT-114937,PO-50030,2025-04-12,12:55:00,SKU-04370,936,935,-1,A-02R-026-5-A,2025-04-12 13:47:00,RCV-004,NEW
RCPT-115062,PO-50030,2025-04-12,10:51:00,SKU-02104,1973,1971,-2,B-01R-002-1-A,2025-04-12 12:08:00,RCV-008,NEW
RCPT-114969,PO-50030,2025-04-12,09:19:00,SKU-03241,12,11,-1,B-01L-022-3-A,2025-04-12 10:11:00,RCV-004,NEW
RCPT-115104,PO-50030,2025-04-12,11:35:00,SKU-03435,12,12,0,C-01R-004-3-A,2025-04-12 13:59:00,RCV-007,NEW
RCPT-114962,PO-50030,2025-04-12,06:37:00,SKU-02252,169,168,-1,B-02R-025-2-A,2025-04-12 07:40:00,RCV-008,NEW
RCPT-114994,PO-50030,2025-04-12,10:36:00,SKU-00076,63,65,2,C-03R-008-3-B,2025-04-12 11:41:00,RCV-003,NEW
RCPT-115076,PO-50030,2025-04-12,08:30:00,SKU-02149,13,13,0,C-02R-021-5-A,2025-04-12 09:33:00,RCV-005,NEW
RCPT-115108,PO-50030,2025-04-12,12:37:00,SKU-02420,363,362,-1,B-01L-005-4-B,2025-04-12 14:52:00,RCV-006,NEW
RCPT-115026,PO-50030,2025-04-12,07:52:00,SKU-04932,283,284,1,A-02R-018-5-A,2025-04-12 10:39:00,RCV-004,NEW
RCPT-115098,PO-50030,2025-04-12,11:41:00,SKU-04266,14,15,1,C-02L-002-2-B,2025-04-12 14:14:00,RCV-006,NEW
RCPT-115006,PO-50030,2025-04-12,08:02:00,SKU-00838,755,753,-2,A-03L-009-1-B,2025-04-12 10:52:00,RCV-004,NEW
RCPT-114990,PO-50030,2025-04-12,06:10:00,SKU-03153,46,45,-1,A-01L-006-5-B,2025-04-12 08:47:00,RCV-005,NEW
RCPT-115059,PO-50030,2025-04-12,06:11:00,SKU-03057,74,72,-2,C-01R-026-4-B,2025-04-12 07:15:00,RCV-001,NEW
RCPT-114964,PO-50030,2025-04-12,09:48:00,SKU-02163,257,256,-1,A-02R-006-3-A,2025-04-12 11:23:00,RCV-005,NEW
RCPT-115105,PO-50030,2025-04-12,07:52:00,SKU-00037,549,551,2,A-03L-004-3-A,2025-04-12 10:32:00,RCV-002,NEW
RCPT-114941,PO-50030,2025-04-12,08:00:00,SKU-01204,2660,2661,1,A-03R-016-1-B,2025-04-12 09:52:00,RCV-006,NEW
RCPT-114938,PO-50030,2025-04-12,10:00:00,SKU-01721,1632,1631,-1,A-04L-015-4-B,2025-04-12 11:10:00,RCV-007,NEW
RCPT-115040,PO-50030,2025-04-12,11:09:00,SKU-02085,637,635,-2,D-02R-008-1-A,2025-04-12 13:38:00,RCV-006,NEW
RCPT-114956,PO-50030,2025-04-12,11:51:00,SKU-03791,12,14,2,D-01L-026-4-B,2025-04-12 12:53:00,RCV-001,NEW
RCPT-115030,PO-50030,2025-04-12,11:51:00,SKU-02873,16,15,-1,C-01R-009-3-A,2025-04-12 14:32:00,RCV-001,NEW
RCPT-115009,PO-50030,2025-04-12,09:13:00,SKU-04772,12,10,-2,D-01L-021-3-A,2025-04-12 10:39:00,RCV-006,NEW
RCPT-115031,PO-50030,2025-04-12,10:56:00,SKU-01722,12,10,-2,C-04R-004-4-B,2025-04-12 11:40:00,RCV-002,NEW
RCPT-114968,PO-50030,2025-04-12,12:36:00,SKU-04457,1511,1510,-1,A-01L-020-2-B,2025-04-12 14:04:00,RCV-007,NEW
RCPT-115066,PO-50030,2025-04-12,06:39:00,SKU-01557,32,34,2,A-03R-013-1-B,2025-04-12 07:11:00,RCV-004,NEW
RCPT-115045,PO-50030,2025-04-12,10:59:00,SKU-04814,243,244,1,B-02R-017-4-A,2025-04-12 13:44:00,RCV-001,NEW
RCPT-114950,PO-50030,2025-04-12,07:54:00,SKU-02660,28,26,-2,D-01L-004-3-B,2025-04-12 09:27:00,RCV-008,NEW
RCPT-115014,PO-50030,2025-04-12,09:49:00,SKU-00872,3302,3304,2,A-04L-005-1-A,2025-04-12 12:24:00,RCV-003,NEW
RCPT-115060,PO-50030,2025-04-12,08:04:00,SKU-02913,405,406,1,B-01L-015-2-B,2025-04-12 10:20:00,RCV-005,NEW
RCPT-115120,PO-50030,2025-04-14,11:12:00,SKU-04542,351,351,0,C-02L-018-4-A,2025-04-14 12:35:00,RCV-003,NEW
RCPT-115262,PO-50030,2025-04-14,11:56:00,SKU-01304,225,224,-1,B-03L-005-4-A,2025-04-14 14:51:00,RCV-008,NEW
RCPT-115217,PO-50030,2025-04-14,08:04:00,SKU-03774,98,98,0,B-02L-023-2-A,2025-04-14 08:46:00,RCV-008,NEW
RCPT-115232,PO-50030,2025-04-14,10:05:00,SKU-01961,12,12,0,E-04R-005-2-A,2025-04-14 12:20:00,RCV-008,NEW
RCPT-115259,PO-50030,2025-04-14,11:19:00,SKU-04291,12,10,-2,E-02L-013-2-B,2025-04-14 12:08:00,RCV-004,NEW
RCPT-115208,PO-50030,2025-04-14,11:11:00,SKU-01331,1118,1116,-2,A-03R-003-4-B,2025-04-14 12:48:00,RCV-008,NEW
RCPT-115136,PO-50030,2025-04-14,06:45:00,SKU-02191,53,53,0,A-01L-014-2-B,2025-04-14 07:43:00,RCV-007,NEW
RCPT-115225,PO-50030,2025-04-14,08:36:00,SKU-01428,290,290,0,A-03L-006-4-A,2025-04-14 10:41:00,RCV-001,NEW
RCPT-115164,PO-50030,2025-04-14,09:10:00,SKU-04563,185,186,1,A-02L-022-4-B,2025-04-14 10:22:00,RCV-008,NEW
RCPT-115159,PO-50030,2025-04-14,07:43:00,SKU-01552,630,630,0,A-04R-001-1-B,2025-04-14 08:42:00,RCV-002,NEW
RCPT-115144,PO-50030,2025-04-14,08:38:00,SKU-01170,881,879,-2,A-03L-002-3-B,2025-04-14 09:10:00,RCV-002,NEW
RCPT-115142,PO-50030,2025-04-14,12:00:00,SKU-03727,6617,6616,-1,B-02R-023-4-A,2025-04-14 13:27:00,RCV-003,NEW
RCPT-115213,PO-50030,2025-04-14,06:18:00,SKU-00458,12,11,-1,D-03L-020-4-B,2025-04-14 07:12:00,RCV-007,DAMAGED
RCPT-115109,PO-50030,2025-04-14,08:08:00,SKU-00037,988,988,0,A-03L-004-3-A,2025-04-14 09:06:00,RCV-001,NEW
RCPT-115211,PO-50030,2025-04-14,10:08:00,SKU-04744,20,19,-1,C-01L-020-2-A,2025-04-14 10:47:00,RCV-005,NEW
RCPT-115157,PO-50030,2025-04-14,08:30:00,SKU-02172,12,11,-1,B-01L-024-5-B,2025-04-14 10:26:00,RCV-005,NEW
RCPT-115199,PO-50030,2025-04-14,11:20:00,SKU-01379,12,11,-1,B-04R-020-4-B,2025-04-14 13:55:00,RCV-007,NEW
RCPT-115115,PO-50030,2025-04-14,12:16:00,SKU-01339,96,98,2,B-04R-005-2-A,2025-04-14 12:50:00,RCV-006,NEW
RCPT-115118,PO-50030,2025-04-14,08:14:00,SKU-04865,1175,1173,-2,A-01R-011-4-B,2025-04-14 09:43:00,RCV-007,NEW
RCPT-115239,PO-50030,2025-04-14,09:42:00,SKU-04787,12,12,0,D-01L-006-2-A,2025-04-14 12:21:00,RCV-007,NEW
RCPT-115214,PO-50030,2025-04-14,08:45:00,SKU-00540,14,15,1,B-03R-017-1-A,2025-04-14 09:58:00,RCV-005,NEW
RCPT-115139,PO-50030,2025-04-14,09:43:00,SKU-02609,1534,1532,-2,C-01R-013-1-B,2025-04-14 12:03:00,RCV-008,NEW
RCPT-115148,PO-50030,2025-04-14,11:42:00,SKU-04608,1687,1687,0,A-02L-025-1-B,2025-04-14 14:08:00,RCV-003,NEW
RCPT-115191,PO-50030,2025-04-14,07:27:00,SKU-04528,713,714,1,B-02R-014-3-B,2025-04-14 09:38:00,RCV-001,NEW
RCPT-115185,PO-50030,2025-04-14,08:56:00,SKU-01282,12,14,2,C-03R-015-4-A,2025-04-14 11:09:00,RCV-002,NEW
RCPT-115182,PO-50030,2025-04-14,10:44:00,SKU-02509,689,687,-2,B-01L-020-5-A,2025-04-14 13:20:00,RCV-001,NEW
RCPT-115171,PO-50030,2025-04-14,09:28:00,SKU-02686,17,19,2,B-02R-003-3-B,2025-04-14 11:47:00,RCV-003,NEW
RCPT-115230,PO-50030,2025-04-14,11:03:00,SKU-01268,12,14,2,C-04L-002-2-B,2025-04-14 12:50:00,RCV-004,NEW
RCPT-115220,PO-50030,2025-04-14,11:50:00,SKU-02027,12,12,0,E-02R-006-5-A,2025-04-14 14:31:00,RCV-002,NEW
RCPT-115218,PO-50030,2025-04-14,11:42:00,SKU-02738,28,28,0,B-02L-024-3-A,2025-04-14 13:02:00,RCV-001,NEW
RCPT-115264,PO-50030,2025-04-14,09:25:00,SKU-02045,376,375,-1,B-01R-025-3-A,2025-04-14 11:39:00,RCV-005,NEW
RCPT-115243,PO-50030,2025-04-14,11:14:00,SKU-00150,39,37,-2,B-03L-004-2-A,2025-04-14 13:13:00,RCV-006,NEW
RCPT-115224,PO-50030,2025-04-14,07:11:00,SKU-01775,51,49,-2,B-03R-006-4-B,2025-04-14 09:13:00,RCV-008,NEW
RCPT-115219,PO-50030,2025-04-14,12:21:00,SKU-02699,544,545,1,C-01L-007-2-B,2025-04-14 14:45:00,RCV-003,NEW
RCPT-115163,PO-50030,2025-04-14,06:28:00,SKU-02185,712,711,-1,C-01R-009-4-B,2025-04-14 08:05:00,RCV-001,NEW
RCPT-115330,PO-50030,2025-04-15,11:01:00,SKU-04608,1463,1461,-2,A-02L-025-1-B,2025-04-15 11:39:00,RCV-003,NEW
RCPT-115278,PO-50030,2025-04-15,10:47:00,SKU-02513,12,13,1,D-01R-014-1-B,2025-04-15 13:42:00,RCV-007,NEW
RCPT-115267,PO-50030,2025-04-15,09:47:00,SKU-00412,29,27,-2,D-03R-006-4-B,2025-04-15 12:23:00,RCV-007,NEW
RCPT-115342,PO-50030,2025-04-15,10:51:00,SKU-02289,12,10,-2,D-01L-001-1-A,2025-04-15 12:37:00,RCV-006,NEW
RCPT-115335,PO-50030,2025-04-15,10:14:00,SKU-02789,64,63,-1,A-01L-003-2-A,2025-04-15 12:11:00,RCV-007,NEW
RCPT-115279,PO-50030,2025-04-15,09:06:00,SKU-02140,446,446,0,B-01R-020-2-B,2025-04-15 09:51:00,RCV-006,NEW
RCPT-115337,PO-50030,2025-04-15,09:54:00,SKU-03727,5772,5771,-1,B-02R-023-4-A,2025-04-15 12:27:00,RCV-007,NEW
RCPT-115274,PO-50030,2025-04-15,12:48:00,SKU-04844,19,19,0,C-02L-001-5-B,2025-04-15 14:46:00,RCV-006,NEW
RCPT-115325,PO-50030,2025-04-15,12:11:00,SKU-02691,13,14,1,D-02R-015-4-A,2025-04-15 12:52:00,RCV-002,NEW
RCPT-115308,PO-50030,2025-04-15,10:48:00,SKU-04775,492,494,2,A-02R-001-5-B,2025-04-15 12:43:00,RCV-001,NEW
RCPT-115333,PO-50030,2025-04-15,07:09:00,SKU-04894,55,53,-2,A-02R-007-5-B,2025-04-15 09:42:00,RCV-006,NEW
RCPT-115321,PO-50030,2025-04-15,10:02:00,SKU-02046,24,26,2,D-01R-010-1-B,2025-04-15 11:41:00,RCV-008,NEW
RCPT-115326,PO-50030,2025-04-15,10:49:00,SKU-03881,1308,1308,0,B-02R-002-4-A,2025-04-15 12:11:00,RCV-005,NEW
RCPT-115361,PO-50030,2025-04-15,10:14:00,SKU-01361,12,10,-2,D-04R-011-3-B,2025-04-15 11:49:00,RCV-008,NEW
RCPT-115293,PO-50030,2025-04-15,12:03:00,SKU-02050,538,539,1,C-02L-007-1-A,2025-04-15 13:59:00,RCV-007,NEW
RCPT-115292,PO-50030,2025-04-15,11:41:00,SKU-04113,16,16,0,B-01L-020-3-A,2025-04-15 14:24:00,RCV-003,NEW
RCPT-115299,PO-50030,2025-04-15,11:12:00,SKU-02104,2486,2486,0,B-01R-002-1-A,2025-04-15 12:39:00,RCV-007,NEW
RCPT-115273,PO-50030,2025-04-15,09:20:00,SKU-03410,12,11,-1,E-02L-022-3-A,2025-04-15 11:12:00,RCV-004,NEW
RCPT-115322,PO-50030,2025-04-15,07:37:00,SKU-02085,728,727,-1,D-02R-008-1-A,2025-04-15 08:12:00,RCV-008,NEW
RCPT-115396,PO-50030,2025-04-15,08:54:00,SKU-00457,19,21,2,D-04L-013-1-B,2025-04-15 11:52:00,RCV-004,NEW
RCPT-115276,PO-50030,2025-04-15,09:40:00,SKU-01054,51,52,1,B-03R-017-2-B,2025-04-15 12:28:00,RCV-001,NEW
RCPT-115356,PO-50030,2025-04-15,08:22:00,SKU-04917,75,77,2,B-01L-025-4-A,2025-04-15 09:15:00,RCV-005,NEW
RCPT-115287,PO-50030,2025-04-15,11:51:00,SKU-02366,3522,3520,-2,A-01R-020-4-A,2025-04-15 14:33:00,RCV-007,NEW
RCPT-115294,PO-50030,2025-04-15,06:16:00,SKU-02243,33,31,-2,D-02R-010-4-A,2025-04-15 08:56:00,RCV-001,NEW
RCPT-115365,PO-50030,2025-04-15,10:04:00,SKU-02125,1416,1414,-2,A-01R-020-2-B,2025-04-15 12:24:00,RCV-008,NEW
RCPT-115362,PO-50030,2025-04-15,11:06:00,SKU-00660,12,11,-1,C-03L-004-2-A,2025-04-15 13:51:00,RCV-006,NEW
RCPT-115336,PO-50030,2025-04-15,12:25:00,SKU-04297,98,96,-2,B-01L-002-3-A,2025-04-15 14:11:00,RCV-005,NEW
RCPT-115272,PO-50030,2025-04-15,12:47:00,SKU-02510,12,14,2,C-01R-009-2-B,2025-04-15 15:14:00,RCV-006,NEW
RCPT-115281,PO-50030,2025-04-15,10:06:00,SKU-02893,178,177,-1,B-01L-026-2-B,2025-04-15 12:17:00,RCV-005,NEW
RCPT-115314,PO-50030,2025-04-15,06:53:00,SKU-02688,46,46,0,D-02R-012-4-A,2025-04-15 08:17:00,RCV-003,NEW
RCPT-115389,PO-50030,2025-04-15,10:05:00,SKU-00707,12,12,0,D-04R-003-2-B,2025-04-15 11:29:00,RCV-008,NEW
RCPT-115405,PO-50031,2025-04-16,11:06:00,SKU-02364,13,12,-1,C-02L-018-3-B,2025-04-16 13:17:00,RCV-002,NEW
RCPT-115468,PO-50031,2025-04-16,12:46:00,SKU-02105,117,119,2,A-01R-009-2-A,2025-04-16 15:23:00,RCV-002,NEW
RCPT-115399,PO-50031,2025-04-16,11:34:00,SKU-02158,54,55,1,B-02R-003-5-A,2025-04-16 12:13:00,RCV-005,NEW
RCPT-115499,PO-50031,2025-04-16,11:18:00,SKU-00929,12,13,1,B-04R-019-4-B,2025-04-16 11:53:00,RCV-003,NEW
RCPT-115505,PO-50031,2025-04-16,11:38:00,SKU-01966,78,76,-2,A-04R-005-2-B,2025-04-16 12:55:00,RCV-007,NEW
RCPT-115430,PO-50031,2025-04-16,07:36:00,SKU-01831,12,10,-2,E-03R-020-3-B,2025-04-16 09:21:00,RCV-003,NEW
RCPT-115518,PO-50031,2025-04-16,11:41:00,SKU-03504,12,11,-1,D-01L-002-1-B,2025-04-16 14:18:00,RCV-002,NEW
RCPT-115455,PO-50031,2025-04-16,12:02:00,SKU-02303,12,12,0,C-01R-022-3-A,2025-04-16 13:31:00,RCV-007,NEW
RCPT-115501,PO-50031,2025-04-16,12:58:00,SKU-04091,15,17,2,B-01R-020-2-A,2025-04-16 14:15:00,RCV-004,NEW
RCPT-115471,PO-50031,2025-04-16,08:20:00,SKU-01407,38,38,0,A-04L-005-1-B,2025-04-16 09:23:00,RCV-004,NEW
RCPT-115419,PO-50031,2025-04-16,12:03:00,SKU-00492,12,14,2,D-03R-003-1-B,2025-04-16 15:00:00,RCV-006,NEW
RCPT-115459,PO-50031,2025-04-16,06:38:00,SKU-00553,53,52,-1,A-04L-016-4-B,2025-04-16 07:11:00,RCV-005,NEW
RCPT-115480,PO-50031,2025-04-16,11:44:00,SKU-04721,12,14,2,D-01R-002-5-B,2025-04-16 14:12:00,RCV-004,NEW
RCPT-115435,PO-50031,2025-04-16,11:05:00,SKU-01858,47,48,1,B-03R-018-2-B,2025-04-16 11:43:00,RCV-005,NEW
RCPT-115431,PO-50031,2025-04-16,12:38:00,SKU-02584,151,153,2,A-02L-003-1-B,2025-04-16 15:32:00,RCV-001,NEW
RCPT-115436,PO-50031,2025-04-16,11:48:00,SKU-02913,466,464,-2,B-01L-015-2-B,2025-04-16 14:37:00,RCV-008,NEW
RCPT-115403,PO-50031,2025-04-16,12:49:00,SKU-02859,611,611,0,A-01L-018-3-A,2025-04-16 15:44:00,RCV-007,NEW
RCPT-115484,PO-50031,2025-04-16,06:31:00,SKU-00942,77,75,-2,A-04R-009-4-B,2025-04-16 07:59:00,RCV-008,NEW
RCPT-115428,PO-50031,2025-04-16,09:56:00,SKU-02140,653,653,0,B-01R-020-2-B,2025-04-16 10:45:00,RCV-003,NEW
RCPT-115503,PO-50031,2025-04-16,12:08:00,SKU-01532,151,152,1,B-03R-008-1-A,2025-04-16 14:51:00,RCV-002,NEW
RCPT-115413,PO-50031,2025-04-16,10:19:00,SKU-02374,12,11,-1,B-01R-001-2-A,2025-04-16 11:49:00,RCV-004,NEW
RCPT-115415,PO-50031,2025-04-16,10:21:00,SKU-02272,938,936,-2,A-02R-002-5-A,2025-04-16 12:43:00,RCV-004,NEW
RCPT-115509,PO-50031,2025-04-16,07:52:00,SKU-01649,12,10,-2,E-04L-011-1-A,2025-04-16 09:04:00,RCV-006,NEW
RCPT-115411,PO-50031,2025-04-16,08:16:00,SKU-02125,3529,3527,-2,A-01R-020-2-B,2025-04-16 09:52:00,RCV-004,NEW
RCPT-115443,PO-50031,2025-04-16,10:31:00,SKU-00910,144,145,1,B-04R-014-3-A,2025-04-16 12:27:00,RCV-005,NEW
RCPT-115526,PO-50031,2025-04-16,07:28:00,SKU-04638,12,10,-2,C-01L-007-3-A,2025-04-16 09:21:00,RCV-006,NEW
RCPT-115404,PO-50031,2025-04-16,10:54:00,SKU-02681,2065,2065,0,A-01R-018-4-B,2025-04-16 11:39:00,RCV-008,NEW
RCPT-115487,PO-50031,2025-04-16,07:27:00,SKU-00411,56,57,1,C-03L-008-4-A,2025-04-16 10:24:00,RCV-003,NEW
RCPT-115462,PO-50031,2025-04-16,12:53:00,SKU-01033,102,103,1,C-03R-010-1-A,2025-04-16 13:40:00,RCV-001,NEW
RCPT-115498,PO-50031,2025-04-16,06:24:00,SKU-04015,93,94,1,A-02R-020-1-B,2025-04-16 08:14:00,RCV-007,NEW
RCPT-115508,PO-50031,2025-04-16,07:30:00,SKU-03138,14,14,0,A-01L-012-4-B,2025-04-16 09:52:00,RCV-006,NEW
RCPT-115483,PO-50031,2025-04-16,07:02:00,SKU-03197,17,17,0,A-01R-017-4-A,2025-04-16 08:06:00,RCV-006,NEW
RCPT-115659,PO-50031,2025-04-17,10:22:00,SKU-03893,12,13,1,B-01L-014-5-A,2025-04-17 12:35:00,RCV-002,NEW
RCPT-115643,PO-50031,2025-04-17,12:13:00,SKU-04975,41,42,1,A-02L-004-4-B,2025-04-17 13:30:00,RCV-002,NEW
RCPT-115621,PO-50031,2025-04-17,08:28:00,SKU-02428,116,116,0,B-01L-024-5-A,2025-04-17 09:29:00,RCV-006,NEW
RCPT-115610,PO-50031,2025-04-17,11:44:00,SKU-04292,125,123,-2,B-02L-008-2-A,2025-04-17 14:04:00,RCV-001,NEW
RCPT-115531,PO-50031,2025-04-17,07:01:00,SKU-02056,35,34,-1,C-01L-006-3-A,2025-04-17 09:55:00,RCV-002,NEW
RCPT-115601,PO-50031,2025-04-17,08:53:00,SKU-01409,12,12,0,C-03L-014-4-A,2025-04-17 11:15:00,RCV-002,DAMAGED
RCPT-115628,PO-50031,2025-04-17,06:41:00,SKU-02747,74,72,-2,A-01R-022-3-A,2025-04-17 09:01:00,RCV-004,NEW
RCPT-115538,PO-50031,2025-04-17,12:34:00,SKU-02185,500,502,2,C-01R-009-4-B,2025-04-17 14:07:00,RCV-006,NEW
RCPT-115544,PO-50031,2025-04-17,09:14:00,SKU-02125,2648,2647,-1,A-01R-020-2-B,2025-04-17 10:30:00,RCV-002,NEW
RCPT-115559,PO-50031,2025-04-17,12:23:00,SKU-03386,77,77,0,A-01R-019-5-A,2025-04-17 14:54:00,RCV-007,NEW
RCPT-115614,PO-50031,2025-04-17,09:37:00,SKU-02937,266,266,0,C-02R-019-5-A,2025-04-17 11:39:00,RCV-002,NEW
RCPT-115590,PO-50031,2025-04-17,08:17:00,SKU-02357,297,295,-2,C-02L-006-2-A,2025-04-17 09:56:00,RCV-005,NEW
RCPT-115535,PO-50031,2025-04-17,11:16:00,SKU-02266,303,303,0,A-01L-021-3-B,2025-04-17 12:19:00,RCV-004,NEW
RCPT-115655,PO-50031,2025-04-17,11:11:00,SKU-03993,61,60,-1,B-02L-018-2-B,2025-04-17 11:54:00,RCV-002,NEW
RCPT-115624,PO-50031,2025-04-17,07:52:00,SKU-01095,14,15,1,C-03R-005-4-A,2025-04-17 10:00:00,RCV-002,NEW
RCPT-115541,PO-50031,2025-04-17,10:55:00,SKU-03369,374,373,-1,D-02L-005-5-B,2025-04-17 13:35:00,RCV-004,NEW
RCPT-115615,PO-50031,2025-04-17,07:23:00,SKU-04448,12,12,0,B-02R-020-4-A,2025-04-17 10:05:00,RCV-008,NEW
RCPT-115595,PO-50031,2025-04-17,10:42:00,SKU-02961,207,208,1,B-02R-006-3-A,2025-04-17 11:37:00,RCV-001,NEW
RCPT-115543,PO-50031,2025-04-17,12:07:00,SKU-02509,1194,1193,-1,B-01L-020-5-A,2025-04-17 12:42:00,RCV-002,NEW
RCPT-115564,PO-50031,2025-04-17,11:05:00,SKU-04538,1206,1206,0,A-01R-001-1-B,2025-04-17 13:22:00,RCV-005,NEW
RCPT-115597,PO-50031,2025-04-17,10:25:00,SKU-03908,35,37,2,A-02R-004-5-B,2025-04-17 11:05:00,RCV-002,NEW
RCPT-115645,PO-50031,2025-04-17,10:37:00,SKU-03821,62,61,-1,A-01R-017-3-A,2025-04-17 11:58:00,RCV-008,NEW
RCPT-115555,PO-50031,2025-04-17,06:17:00,SKU-02681,2076,2078,2,A-01R-018-4-B,2025-04-17 08:41:00,RCV-002,NEW
RCPT-115606,PO-50031,2025-04-17,12:55:00,SKU-02816,110,109,-1,A-02R-004-2-A,2025-04-17 15:33:00,RCV-002,NEW
RCPT-115533,PO-50031,2025-04-17,07:10:00,SKU-02908,3051,3051,0,B-02L-005-3-A,2025-04-17 09:28:00,RCV-007,DAMAGED
RCPT-115637,PO-50031,2025-04-17,06:16:00,SKU-02585,1406,1407,1,A-01R-012-4-A,2025-04-17 08:57:00,RCV-002,NEW
RCPT-115602,PO-50031,2025-04-17,09:53:00,SKU-00367,65,67,2,A-04L-014-1-B,2025-04-17 12:09:00,RCV-007,NEW
RCPT-115551,PO-50031,2025-04-17,07:58:00,SKU-04928,554,556,2,B-01L-013-2-B,2025-04-17 08:54:00,RCV-008,NEW
RCPT-115554,PO-50031,2025-04-17,08:16:00,SKU-00925,146,147,1,B-04R-015-2-B,2025-04-17 10:51:00,RCV-001,NEW
RCPT-115626,PO-50031,2025-04-17,07:51:00,SKU-00698,19,20,1,D-03L-003-1-A,2025-04-17 08:57:00,RCV-005,NEW
RCPT-115703,PO-50031,2025-04-18,12:14:00,SKU-02908,2998,2996,-2,B-02L-005-3-A,2025-04-18 13:42:00,RCV-005,NEW
RCPT-115771,PO-50031,2025-04-18,12:06:00,SKU-03597,12,11,-1,D-02L-022-5-B,2025-04-18 14:15:00,RCV-004,NEW
RCPT-115725,PO-50031,2025-04-18,09:21:00,SKU-03618,16,18,2,C-02R-025-4-B,2025-04-18 12:07:00,RCV-005,DAMAGED
RCPT-115739,PO-50031,2025-04-18,10:23:00,SKU-01207,162,164,2,B-04R-018-4-B,2025-04-18 13:22:00,RCV-006,NEW
RCPT-115692,PO-50031,2025-04-18,10:11:00,SKU-02597,129,130,1,A-01L-006-4-B,2025-04-18 10:50:00,RCV-002,NEW
RCPT-115769,PO-50031,2025-04-18,12:39:00,SKU-04733,667,669,2,A-01R-018-1-A,2025-04-18 14:03:00,RCV-001,NEW
RCPT-115701,PO-50031,2025-04-18,12:55:00,SKU-03727,3685,3686,1,B-02R-023-4-A,2025-04-18 14:28:00,RCV-002,NEW
RCPT-115731,PO-50031,2025-04-18,11:07:00,SKU-00409,24,24,0,A-04R-010-2-A,2025-04-18 12:44:00,RCV-003,NEW
RCPT-115756,PO-50031,2025-04-18,10:10:00,SKU-02420,384,383,-1,B-01L-005-4-B,2025-04-18 13:07:00,RCV-007,NEW
RCPT-115798,PO-50031,2025-04-18,08:30:00,SKU-02624,968,967,-1,A-02R-022-1-A,2025-04-18 10:33:00,RCV-002,NEW
RCPT-115757,PO-50031,2025-04-18,06:15:00,SKU-01600,35,37,2,B-03R-016-1-B,2025-04-18 07:02:00,RCV-008,NEW
RCPT-115777,PO-50031,2025-04-18,09:36:00,SKU-04775,419,418,-1,A-02R-001-5-B,2025-04-18 11:32:00,RCV-008,NEW
RCPT-115765,PO-50031,2025-04-18,08:32:00,SKU-03648,66,64,-2,B-02R-022-3-A,2025-04-18 09:46:00,RCV-008,NEW
RCPT-115782,PO-50031,2025-04-18,12:18:00,SKU-01152,30,29,-1,B-04R-017-1-A,2025-04-18 15:08:00,RCV-006,NEW
RCPT-115726,PO-50031,2025-04-18,12:10:00,SKU-04814,233,232,-1,B-02R-017-4-A,2025-04-18 13:47:00,RCV-001,NEW
RCPT-115712,PO-50031,2025-04-18,07:14:00,SKU-04187,92,92,0,C-02L-010-1-B,2025-04-18 09:07:00,RCV-002,NEW
RCPT-115750,PO-50031,2025-04-18,10:26:00,SKU-00202,30,29,-1,C-04L-012-3-A,2025-04-18 11:05:00,RCV-001,NEW
RCPT-115746,PO-50031,2025-04-18,09:47:00,SKU-01463,225,223,-2,A-04L-004-3-B,2025-04-18 10:53:00,RCV-001,NEW
RCPT-115755,PO-50031,2025-04-18,06:25:00,SKU-04879,35,33,-2,D-02L-016-3-B,2025-04-18 07:00:00,RCV-007,NEW
RCPT-115959,PO-50032,2025-04-19,07:05:00,SKU-03209,94,94,0,A-02R-022-2-B,2025-04-19 07:55:00,RCV-001,NEW
RCPT-115964,PO-50032,2025-04-19,08:43:00,SKU-00708,16,18,2,A-03L-007-4-B,2025-04-19 11:35:00,RCV-005,NEW
RCPT-115957,PO-50032,2025-04-19,10:26:00,SKU-02085,736,735,-1,D-02R-008-1-A,2025-04-19 12:09:00,RCV-002,NEW
RCPT-115939,PO-50032,2025-04-19,08:28:00,SKU-00934,33,32,-1,B-03L-017-4-A,2025-04-19 09:08:00,RCV-006,NEW
RCPT-115839,PO-50032,2025-04-19,12:06:00,SKU-02857,12,13,1,C-02L-025-3-A,2025-04-19 13:45:00,RCV-007,NEW
RCPT-115907,PO-50032,2025-04-19,08:24:00,SKU-02789,118,116,-2,A-01L-003-2-A,2025-04-19 11:20:00,RCV-002,NEW
RCPT-115851,PO-50032,2025-04-19,10:36:00,SKU-00001,107,109,2,C-03L-001-4-A,2025-04-19 11:11:00,RCV-006,NEW
RCPT-115917,PO-50032,2025-04-19,10:07:00,SKU-02050,641,639,-2,C-02L-007-1-A,2025-04-19 11:39:00,RCV-003,NEW
RCPT-115835,PO-50032,2025-04-19,07:23:00,SKU-03830,62,61,-1,A-02R-011-1-A,2025-04-19 08:10:00,RCV-006,NEW
RCPT-115865,PO-50032,2025-04-19,08:55:00,SKU-02363,85,87,2,A-01R-022-2-A,2025-04-19 10:17:00,RCV-001,NEW
RCPT-115846,PO-50032,2025-04-19,06:49:00,SKU-02676,185,183,-2,B-02R-014-4-B,2025-04-19 08:21:00,RCV-003,NEW
RCPT-115961,PO-50032,2025-04-19,08:18:00,SKU-03405,14,13,-1,B-02L-019-5-A,2025-04-19 11:12:00,RCV-008,NEW
RCPT-115914,PO-50032,2025-04-19,11:19:00,SKU-01159,17,19,2,D-04L-017-3-B,2025-04-19 12:23:00,RCV-005,NEW
RCPT-115943,PO-50032,2025-04-19,07:02:00,SKU-04435,441,442,1,A-02R-016-4-A,2025-04-19 08:28:00,RCV-004,NEW
RCPT-115842,PO-50032,2025-04-19,12:55:00,SKU-04865,511,513,2,A-01R-011-4-B,2025-04-19 15:04:00,RCV-008,NEW
RCPT-115930,PO-50032,2025-04-19,12:50:00,SKU-00180,110,112,2,B-03L-010-1-A,2025-04-19 14:23:00,RCV-004,NEW
RCPT-115862,PO-50032,2025-04-19,07:35:00,SKU-01539,15,17,2,B-03L-005-3-A,2025-04-19 08:56:00,RCV-002,NEW
RCPT-115911,PO-50032,2025-04-19,07:39:00,SKU-02846,12,10,-2,D-02L-001-4-A,2025-04-19 08:19:00,RCV-002,NEW
RCPT-115936,PO-50032,2025-04-19,10:12:00,SKU-04370,787,787,0,A-02R-026-5-A,2025-04-19 12:52:00,RCV-004,NEW
RCPT-115962,PO-50032,2025-04-19,08:39:00,SKU-03464,75,73,-2,A-01L-024-5-A,2025-04-19 10:07:00,RCV-001,NEW
RCPT-115825,PO-50032,2025-04-19,08:03:00,SKU-02681,1495,1497,2,A-01R-018-4-B,2025-04-19 10:27:00,RCV-004,NEW
RCPT-115860,PO-50032,2025-04-19,07:12:00,SKU-04668,12,11,-1,C-02L-016-5-B,2025-04-19 09:09:00,RCV-006,NEW
RCPT-115970,PO-50032,2025-04-19,11:53:00,SKU-00079,110,112,2,A-03R-013-2-B,2025-04-19 13:47:00,RCV-004,NEW
RCPT-115824,PO-50032,2025-04-19,06:10:00,SKU-01721,1637,1635,-2,A-04L-015-4-B,2025-04-19 08:24:00,RCV-006,NEW
RCPT-115938,PO-50032,2025-04-19,09:30:00,SKU-03022,12,13,1,B-02L-006-2-B,2025-04-19 11:11:00,RCV-007,NEW
RCPT-115928,PO-50032,2025-04-19,06:19:00,SKU-02489,12,13,1,D-01L-006-1-A,2025-04-19 09:16:00,RCV-002,NEW
RCPT-115948,PO-50032,2025-04-19,08:02:00,SKU-03446,94,92,-2,D-02R-002-5-A,2025-04-19 10:15:00,RCV-005,NEW
RCPT-115837,PO-50032,2025-04-19,11:53:00,SKU-01204,2112,2113,1,A-03R-016-1-B,2025-04-19 14:13:00,RCV-005,NEW
RCPT-115834,PO-50032,2025-04-19,09:28:00,SKU-04328,12323,12321,-2,A-02L-021-1-B,2025-04-19 10:05:00,RCV-008,NEW
RCPT-115844,PO-50032,2025-04-19,11:44:00,SKU-00801,12,11,-1,E-04R-020-1-A,2025-04-19 13:27:00,RCV-007,NEW
RCPT-115854,PO-50032,2025-04-19,09:14:00,SKU-04528,1382,1383,1,B-02R-014-3-B,2025-04-19 11:15:00,RCV-005,NEW
RCPT-115973,PO-50032,2025-04-19,09:05:00,SKU-04022,25,24,-1,B-02R-010-4-B,2025-04-19 12:01:00,RCV-005,NEW
RCPT-115880,PO-50032,2025-04-19,09:55:00,SKU-02509,1077,1079,2,B-01L-020-5-A,2025-04-19 11:18:00,RCV-006,NEW
RCPT-115942,PO-50032,2025-04-19,08:17:00,SKU-01873,169,169,0,B-03R-018-4-A,2025-04-19 09:17:00,RCV-001,NEW
RCPT-115956,PO-50032,2025-04-19,06:45:00,SKU-02291,206,205,-1,D-01R-026-1-A,2025-04-19 09:36:00,RCV-005,NEW
RCPT-115975,PO-50032,2025-04-21,10:51:00,SKU-00673,371,373,2,C-03L-015-4-A,2025-04-21 12:01:00,RCV-001,NEW
RCPT-116039,PO-50032,2025-04-21,09:13:00,SKU-02973,273,272,-1,B-01R-015-1-A,2025-04-21 10:16:00,RCV-002,NEW
RCPT-116037,PO-50032,2025-04-21,12:59:00,SKU-00446,178,178,0,B-04L-006-4-A,2025-04-21 14:06:00,RCV-003,NEW
RCPT-116049,PO-50032,2025-04-21,10:41:00,SKU-03496,661,659,-2,B-01R-016-5-B,2025-04-21 11:46:00,RCV-006,NEW
RCPT-116101,PO-50032,2025-04-21,11:46:00,SKU-02684,208,207,-1,B-01L-017-4-A,2025-04-21 13:51:00,RCV-008,NEW
RCPT-116065,PO-50032,2025-04-21,12:36:00,SKU-01287,67,66,-1,A-04L-003-1-A,2025-04-21 13:10:00,RCV-004,NEW
RCPT-116030,PO-50032,2025-04-21,10:12:00,SKU-00376,418,418,0,B-04L-004-2-B,2025-04-21 11:12:00,RCV-008,NEW
RCPT-116098,PO-50032,2025-04-21,08:22:00,SKU-03384,12,13,1,C-02R-002-3-A,2025-04-21 08:52:00,RCV-002,NEW
RCPT-116071,PO-50032,2025-04-21,09:28:00,SKU-01543,12,14,2,E-04R-006-3-B,2025-04-21 10:40:00,RCV-004,NEW
RCPT-116084,PO-50032,2025-04-21,07:05:00,SKU-02609,1637,1635,-2,C-01R-013-1-B,2025-04-21 09:01:00,RCV-008,NEW
RCPT-116059,PO-50032,2025-04-21,07:44:00,SKU-04528,991,991,0,B-02R-014-3-B,2025-04-21 08:59:00,RCV-002,NEW
RCPT-116056,PO-50032,2025-04-21,10:13:00,SKU-02641,28,26,-2,D-02R-014-2-B,2025-04-21 12:49:00,RCV-008,NEW
RCPT-115981,PO-50032,2025-04-21,08:42:00,SKU-00001,99,99,0,C-03L-001-4-A,2025-04-21 10:45:00,RCV-005,NEW
RCPT-116020,PO-50032,2025-04-21,10:59:00,SKU-03341,12,11,-1,C-02L-025-5-A,2025-04-21 11:50:00,RCV-003,NEW
RCPT-116078,PO-50032,2025-04-21,09:05:00,SKU-00572,48,49,1,B-04R-009-3-A,2025-04-21 11:24:00,RCV-006,NEW
RCPT-115980,PO-50032,2025-04-21,12:24:00,SKU-03606,17,15,-2,C-01R-012-4-A,2025-04-21 14:28:00,RCV-004,NEW
RCPT-116069,PO-50032,2025-04-21,08:15:00,SKU-02961,99,100,1,B-02R-006-3-A,2025-04-21 09:31:00,RCV-006,NEW
RCPT-116107,PO-50032,2025-04-21,12:50:00,SKU-04782,524,525,1,C-01L-004-3-A,2025-04-21 14:46:00,RCV-006,NEW
RCPT-116074,PO-50032,2025-04-21,07:27:00,SKU-04842,55,56,1,C-01R-002-2-B,2025-04-21 09:09:00,RCV-004,NEW
RCPT-116088,PO-50032,2025-04-21,09:00:00,SKU-04996,19,20,1,E-02R-024-3-A,2025-04-21 10:01:00,RCV-001,NEW
RCPT-116062,PO-50032,2025-04-21,08:03:00,SKU-00752,12,10,-2,D-03R-005-4-A,2025-04-21 10:06:00,RCV-007,NEW
RCPT-116102,PO-50032,2025-04-21,10:26:00,SKU-02060,42,44,2,A-01R-005-3-B,2025-04-21 12:19:00,RCV-005,NEW
RCPT-116045,PO-50032,2025-04-21,06:15:00,SKU-02271,93,95,2,A-01L-007-1-B,2025-04-21 07:23:00,RCV-008,NEW
RCPT-116203,PO-50033,2025-04-22,08:25:00,SKU-04290,19,18,-1,C-02R-023-1-B,2025-04-22 09:53:00,RCV-002,NEW
RCPT-116206,PO-50033,2025-04-22,10:57:00,SKU-00341,88,88,0,A-04R-007-1-A,2025-04-22 12:11:00,RCV-002,NEW
RCPT-116239,PO-50033,2025-04-22,08:26:00,SKU-00019,88,86,-2,A-03R-001-1-A,2025-04-22 09:02:00,RCV-004,NEW
RCPT-116205,PO-50033,2025-04-22,11:27:00,SKU-00023,53,54,1,A-04R-013-4-B,2025-04-22 12:46:00,RCV-001,NEW
RCPT-116137,PO-50033,2025-04-22,11:42:00,SKU-01975,112,114,2,B-04L-014-4-A,2025-04-22 13:46:00,RCV-006,NEW
RCPT-116158,PO-50033,2025-04-22,06:45:00,SKU-00239,227,229,2,A-04L-019-1-B,2025-04-22 09:42:00,RCV-005,NEW
RCPT-116190,PO-50033,2025-04-22,06:22:00,SKU-03478,13,15,2,B-02L-006-4-A,2025-04-22 08:30:00,RCV-004,NEW
RCPT-116168,PO-50033,2025-04-22,12:47:00,SKU-04778,145,143,-2,B-01L-023-3-B,2025-04-22 14:02:00,RCV-004,NEW
RCPT-116148,PO-50033,2025-04-22,08:13:00,SKU-01961,12,12,0,E-04R-005-2-A,2025-04-22 10:54:00,RCV-007,NEW
RCPT-116231,PO-50033,2025-04-22,11:28:00,SKU-04605,39,40,1,C-02L-004-4-A,2025-04-22 12:33:00,RCV-004,NEW
RCPT-116120,PO-50033,2025-04-22,06:49:00,SKU-04528,1330,1332,2,B-02R-014-3-B,2025-04-22 08:28:00,RCV-002,NEW
RCPT-116222,PO-50033,2025-04-22,09:02:00,SKU-02244,19,18,-1,E-02L-009-1-A,2025-04-22 11:47:00,RCV-002,NEW
RCPT-116235,PO-50033,2025-04-22,07:53:00,SKU-01684,12,10,-2,D-04L-013-4-A,2025-04-22 09:54:00,RCV-008,NEW
RCPT-116169,PO-50033,2025-04-22,10:21:00,SKU-02859,504,503,-1,A-01L-018-3-A,2025-04-22 11:19:00,RCV-004,NEW
RCPT-116221,PO-50033,2025-04-22,07:50:00,SKU-04878,612,612,0,B-01R-016-3-B,2025-04-22 08:33:00,RCV-006,DAMAGED
RCPT-116116,PO-50033,2025-04-22,12:33:00,SKU-00154,16,17,1,D-03R-007-1-A,2025-04-22 13:37:00,RCV-008,NEW
RCPT-116225,PO-50033,2025-04-22,09:30:00,SKU-02476,28,30,2,D-01R-007-1-B,2025-04-22 11:32:00,RCV-001,NEW
RCPT-116218,PO-50033,2025-04-22,09:26:00,SKU-02420,332,334,2,B-01L-005-4-B,2025-04-22 11:04:00,RCV-002,NEW
RCPT-116166,PO-50033,2025-04-22,06:44:00,SKU-02388,56,57,1,A-02L-023-1-A,2025-04-22 07:18:00,RCV-008,NEW
RCPT-116134,PO-50033,2025-04-22,08:01:00,SKU-01207,276,278,2,B-04R-018-4-B,2025-04-22 09:16:00,RCV-007,NEW
RCPT-116113,PO-50033,2025-04-22,07:30:00,SKU-02589,13,13,0,B-01L-001-5-A,2025-04-22 09:20:00,RCV-001,NEW
RCPT-116167,PO-50033,2025-04-22,11:05:00,SKU-01469,12,14,2,D-04R-012-1-B,2025-04-22 13:07:00,RCV-001,DAMAGED
RCPT-116135,PO-50033,2025-04-22,12:12:00,SKU-01923,14,14,0,B-04R-010-1-B,2025-04-22 15:11:00,RCV-002,NEW
RCPT-116213,PO-50033,2025-04-22,09:14:00,SKU-00838,393,393,0,A-03L-009-1-B,2025-04-22 11:15:00,RCV-005,NEW
RCPT-116124,PO-50033,2025-04-22,11:42:00,SKU-01304,215,213,-2,B-03L-005-4-A,2025-04-22 14:18:00,RCV-003,NEW
RCPT-116126,PO-50033,2025-04-22,09:08:00,SKU-00340,45,47,2,A-04L-017-1-A,2025-04-22 10:50:00,RCV-005,NEW
RCPT-116217,PO-50033,2025-04-22,12:29:00,SKU-00044,63,63,0,B-03R-009-3-A,2025-04-22 14:00:00,RCV-002,NEW
RCPT-116162,PO-50033,2025-04-22,08:52:00,SKU-00940,108,108,0,A-03R-006-3-B,2025-04-22 11:20:00,RCV-002,NEW
RCPT-116186,PO-50033,2025-04-22,06:23:00,SKU-03515,29,30,1,C-02R-006-5-A,2025-04-22 09:02:00,RCV-001,NEW
RCPT-116207,PO-50033,2025-04-22,11:51:00,SKU-02194,15,15,0,C-01R-001-2-A,2025-04-22 13:34:00,RCV-007,NEW
RCPT-116228,PO-50033,2025-04-22,06:49:00,SKU-03511,12,14,2,C-02R-015-1-B,2025-04-22 09:19:00,RCV-004,NEW
RCPT-116257,PO-50033,2025-04-23,07:26:00,SKU-04041,6647,6646,-1,A-02R-002-2-B,2025-04-23 09:06:00,RCV-001,NEW
RCPT-116261,PO-50033,2025-04-23,07:34:00,SKU-04710,667,665,-2,A-02L-008-2-A,2025-04-23 09:23:00,RCV-007,NEW
RCPT-116352,PO-50033,2025-04-23,07:36:00,SKU-03518,12,11,-1,D-01L-025-1-B,2025-04-23 10:18:00,RCV-001,NEW
RCPT-116296,PO-50033,2025-04-23,08:32:00,SKU-04664,262,263,1,A-02R-002-3-A,2025-04-23 10:17:00,RCV-006,NEW
RCPT-116341,PO-50033,2025-04-23,11:22:00,SKU-04775,912,913,1,A-02R-001-5-B,2025-04-23 13:39:00,RCV-005,NEW
RCPT-116316,PO-50033,2025-04-23,06:26:00,SKU-00769,40,41,1,A-04R-020-3-A,2025-04-23 08:43:00,RCV-006,NEW
RCPT-116333,PO-50033,2025-04-23,09:43:00,SKU-02567,51,51,0,C-01L-021-1-B,2025-04-23 10:24:00,RCV-003,NEW
RCPT-116357,PO-50033,2025-04-23,11:12:00,SKU-02614,12,14,2,D-01R-015-1-B,2025-04-23 12:55:00,RCV-007,NEW
RCPT-116306,PO-50033,2025-04-23,11:09:00,SKU-04654,12,11,-1,E-01R-020-3-A,2025-04-23 13:02:00,RCV-003,NEW
RCPT-116295,PO-50033,2025-04-23,11:09:00,SKU-00992,12,12,0,B-04R-003-4-A,2025-04-23 12:59:00,RCV-008,NEW
RCPT-116256,PO-50033,2025-04-23,11:20:00,SKU-01170,330,332,2,A-03L-002-3-B,2025-04-23 13:50:00,RCV-007,NEW
RCPT-116332,PO-50033,2025-04-23,08:26:00,SKU-01371,12,11,-1,D-03R-018-4-A,2025-04-23 10:27:00,RCV-006,NEW
RCPT-116313,PO-50033,2025-04-23,11:53:00,SKU-02034,600,599,-1,A-02L-014-4-B,2025-04-23 13:04:00,RCV-006,NEW
RCPT-116255,PO-50033,2025-04-23,12:26:00,SKU-02558,177,176,-1,B-01L-010-1-B,2025-04-23 13:41:00,RCV-001,NEW
RCPT-116365,PO-50033,2025-04-23,11:53:00,SKU-00175,20,21,1,D-03R-007-2-A,2025-04-23 14:06:00,RCV-004,NEW
RCPT-116274,PO-50033,2025-04-23,09:41:00,SKU-01490,1503,1504,1,B-04R-009-1-A,2025-04-23 10:45:00,RCV-004,NEW
RCPT-116413,PO-50033,2025-04-23,10:42:00,SKU-02499,32,33,1,A-02L-005-3-A,2025-04-23 13:31:00,RCV-003,NEW
RCPT-116398,PO-50033,2025-04-23,10:04:00,SKU-01130,12,11,-1,C-04R-016-4-A,2025-04-23 11:07:00,RCV-008,NEW
RCPT-116273,PO-50033,2025-04-23,09:44:00,SKU-04878,1278,1277,-1,B-01R-016-3-B,2025-04-23 11:31:00,RCV-008,NEW
RCPT-116248,PO-50033,2025-04-23,06:55:00,SKU-02202,192,193,1,C-01R-025-1-B,2025-04-23 07:45:00,RCV-006,NEW
RCPT-116401,PO-50033,2025-04-23,09:12:00,SKU-02125,2496,2496,0,A-01R-020-2-B,2025-04-23 10:24:00,RCV-002,NEW
RCPT-116243,PO-50033,2025-04-23,06:11:00,SKU-04604,80,78,-2,A-02R-011-2-A,2025-04-23 07:49:00,RCV-002,NEW
RCPT-116317,PO-50033,2025-04-23,10:20:00,SKU-02763,34,33,-1,D-01R-006-3-B,2025-04-23 12:26:00,RCV-003,NEW
RCPT-116384,PO-50033,2025-04-23,08:12:00,SKU-03511,12,10,-2,C-02R-015-1-B,2025-04-23 10:35:00,RCV-002,NEW
RCPT-116350,PO-50033,2025-04-23,10:51:00,SKU-00203,68,70,2,B-03L-001-4-B,2025-04-23 13:19:00,RCV-001,NEW
RCPT-116412,PO-50033,2025-04-23,12:03:00,SKU-01245,128,130,2,B-03L-017-1-B,2025-04-23 14:35:00,RCV-005,NEW
RCPT-116323,PO-50033,2025-04-23,11:37:00,SKU-02272,1007,1008,1,A-02R-002-5-A,2025-04-23 13:02:00,RCV-001,NEW
RCPT-116349,PO-50033,2025-04-23,10:21:00,SKU-02848,12,11,-1,C-02L-021-1-A,2025-04-23 12:48:00,RCV-001,NEW
RCPT-116399,PO-50033,2025-04-23,06:57:00,SKU-00654,102,103,1,B-04R-010-4-B,2025-04-23 08:37:00,RCV-005,NEW
RCPT-116326,PO-50033,2025-04-23,11:57:00,SKU-04809,164,163,-1,A-01R-016-2-B,2025-04-23 13:25:00,RCV-008,NEW
RCPT-116382,PO-50033,2025-04-23,10:39:00,SKU-02085,863,865,2,D-02R-008-1-A,2025-04-23 12:40:00,RCV-007,NEW
RCPT-116359,PO-50033,2025-04-23,06:07:00,SKU-04731,26,27,1,C-01L-022-5-B,2025-04-23 08:13:00,RCV-008,NEW
RCPT-116337,PO-50033,2025-04-23,12:38:00,SKU-00482,12,14,2,E-04L-015-3-B,2025-04-23 15:34:00,RCV-008,NEW
RCPT-116379,PO-50033,2025-04-23,12:20:00,SKU-03611,12,11,-1,D-01R-019-4-B,2025-04-23 13:09:00,RCV-005,NEW
RCPT-116472,PO-50034,2025-04-24,11:41:00,SKU-03975,12,14,2,B-02R-025-5-A,2025-04-24 12:52:00,RCV-003,NEW
RCPT-116447,PO-50034,2025-04-24,09:31:00,SKU-02185,493,491,-2,C-01R-009-4-B,2025-04-24 12:18:00,RCV-007,NEW
RCPT-116550,PO-50034,2025-04-24,09:24:00,SKU-02153,12,12,0,C-01R-012-1-A,2025-04-24 10:08:00,RCV-005,NEW
RCPT-116421,PO-50034,2025-04-24,11:04:00,SKU-02908,4594,4594,0,B-02L-005-3-A,2025-04-24 11:37:00,RCV-005,NEW
RCPT-116525,PO-50034,2025-04-24,06:53:00,SKU-04613,12,10,-2,E-01R-009-3-A,2025-04-24 07:27:00,RCV-004,NEW
RCPT-116454,PO-50034,2025-04-24,07:29:00,SKU-01565,44,46,2,B-04R-003-1-A,2025-04-24 09:18:00,RCV-005,NEW
RCPT-116573,PO-50034,2025-04-24,12:31:00,SKU-03611,12,11,-1,D-01R-019-4-B,2025-04-24 14:05:00,RCV-004,NEW
RCPT-116449,PO-50034,2025-04-24,10:50:00,SKU-01429,12,11,-1,C-04R-019-3-A,2025-04-24 13:39:00,RCV-008,NEW
RCPT-116419,PO-50034,2025-04-24,10:38:00,SKU-02859,684,685,1,A-01L-018-3-A,2025-04-24 13:31:00,RCV-002,NEW
RCPT-116441,PO-50034,2025-04-24,09:52:00,SKU-04932,210,211,1,A-02R-018-5-A,2025-04-24 10:52:00,RCV-003,NEW
RCPT-116464,PO-50034,2025-04-24,10:05:00,SKU-02863,12,14,2,D-01R-002-4-B,2025-04-24 12:48:00,RCV-003,NEW
RCPT-116463,PO-50034,2025-04-24,12:12:00,SKU-03452,12,13,1,D-01R-019-4-A,2025-04-24 13:51:00,RCV-002,NEW
RCPT-116520,PO-50034,2025-04-24,09:14:00,SKU-02143,14,16,2,C-01L-001-3-A,2025-04-24 10:14:00,RCV-008,NEW
RCPT-116581,PO-50034,2025-04-24,08:46:00,SKU-01314,26,25,-1,A-03R-005-1-A,2025-04-24 09:40:00,RCV-006,NEW
RCPT-116503,PO-50034,2025-04-24,10:08:00,SKU-01850,173,173,0,A-04R-006-2-A,2025-04-24 11:11:00,RCV-002,NEW
RCPT-116580,PO-50034,2025-04-24,09:06:00,SKU-03432,12,13,1,E-02R-016-4-B,2025-04-24 11:58:00,RCV-002,NEW
RCPT-116427,PO-50034,2025-04-24,11:48:00,SKU-02893,380,378,-2,B-01L-026-2-B,2025-04-24 14:25:00,RCV-006,NEW
RCPT-116506,PO-50034,2025-04-24,10:57:00,SKU-03599,12,10,-2,D-02L-018-3-B,2025-04-24 13:00:00,RCV-003,NEW
RCPT-116568,PO-50034,2025-04-24,11:04:00,SKU-00654,84,83,-1,B-04R-010-4-B,2025-04-24 13:45:00,RCV-003,NEW
RCPT-116450,PO-50034,2025-04-24,12:26:00,SKU-03615,15,15,0,D-02R-019-1-B,2025-04-24 14:32:00,RCV-007,NEW
RCPT-116491,PO-50034,2025-04-24,09:07:00,SKU-04715,12,10,-2,D-02L-025-2-B,2025-04-24 10:48:00,RCV-005,NEW
RCPT-116516,PO-50034,2025-04-24,09:39:00,SKU-02681,1792,1794,2,A-01R-018-4-B,2025-04-24 10:32:00,RCV-007,NEW
RCPT-116497,PO-50034,2025-04-24,07:51:00,SKU-00324,69,67,-2,C-03L-004-3-B,2025-04-24 10:40:00,RCV-008,NEW
RCPT-116488,PO-50034,2025-04-24,11:55:00,SKU-00326,78,80,2,B-04L-006-2-B,2025-04-24 12:48:00,RCV-004,NEW
RCPT-116553,PO-50034,2025-04-24,09:24:00,SKU-01331,637,637,0,A-03R-003-4-B,2025-04-24 10:40:00,RCV-003,NEW
RCPT-116451,PO-50034,2025-04-24,07:17:00,SKU-02232,311,309,-2,C-01L-002-5-A,2025-04-24 08:10:00,RCV-002,NEW
RCPT-116528,PO-50034,2025-04-24,12:56:00,SKU-00379,94,96,2,A-03R-020-4-B,2025-04-24 13:26:00,RCV-006,NEW
RCPT-116583,PO-50034,2025-04-24,06:04:00,SKU-00267,30,31,1,B-03R-013-4-A,2025-04-24 08:11:00,RCV-006,NEW
RCPT-116504,PO-50034,2025-04-24,08:31:00,SKU-02125,2379,2381,2,A-01R-020-2-B,2025-04-24 11:10:00,RCV-001,NEW
RCPT-116432,PO-50034,2025-04-24,10:46:00,SKU-02624,375,374,-1,A-02R-022-1-A,2025-04-24 13:13:00,RCV-004,NEW
RCPT-116483,PO-50034,2025-04-24,11:00:00,SKU-02362,26,25,-1,D-02R-006-4-B,2025-04-24 12:14:00,RCV-007,NEW
RCPT-116420,PO-50034,2025-04-24,06:00:00,SKU-03727,7520,7522,2,B-02R-023-4-A,2025-04-24 07:43:00,RCV-008,NEW
RCPT-116624,PO-50034,2025-04-25,11:51:00,SKU-02387,16,15,-1,E-01L-006-2-B,2025-04-25 14:14:00,RCV-004,NEW
RCPT-116668,PO-50034,2025-04-25,06:28:00,SKU-00004,12,11,-1,D-04L-001-1-A,2025-04-25 08:35:00,RCV-002,NEW
RCPT-116650,PO-50034,2025-04-25,12:42:00,SKU-04435,596,595,-1,A-02R-016-4-A,2025-04-25 14:14:00,RCV-005,NEW
RCPT-116658,PO-50034,2025-04-25,06:43:00,SKU-01463,392,390,-2,A-04L-004-3-B,2025-04-25 08:42:00,RCV-008,NEW
RCPT-116676,PO-50034,2025-04-25,11:53:00,SKU-04777,12,12,0,A-02R-012-4-B,2025-04-25 13:58:00,RCV-002,NEW
RCPT-116656,PO-50034,2025-04-25,06:30:00,SKU-00183,101,103,2,B-04R-001-1-B,2025-04-25 08:16:00,RCV-007,NEW
RCPT-116627,PO-50034,2025-04-25,10:40:00,SKU-03727,6244,6246,2,B-02R-023-4-A,2025-04-25 13:26:00,RCV-005,NEW
RCPT-116617,PO-50034,2025-04-25,12:59:00,SKU-02119,57,59,2,A-02R-008-5-B,2025-04-25 15:42:00,RCV-002,NEW
RCPT-116606,PO-50034,2025-04-25,07:34:00,SKU-01345,12,14,2,D-04R-019-1-A,2025-04-25 08:21:00,RCV-001,NEW
RCPT-116710,PO-50034,2025-04-25,11:41:00,SKU-02416,12,10,-2,B-02L-022-2-A,2025-04-25 12:55:00,RCV-007,NEW
RCPT-116697,PO-50034,2025-04-25,07:34:00,SKU-02232,172,171,-1,C-01L-002-5-A,2025-04-25 09:59:00,RCV-001,NEW
RCPT-116705,PO-50034,2025-04-25,10:45:00,SKU-03018,545,546,1,C-02L-015-3-B,2025-04-25 13:36:00,RCV-007,NEW
RCPT-116613,PO-50034,2025-04-25,06:10:00,SKU-03825,134,135,1,B-01R-003-2-A,2025-04-25 08:22:00,RCV-006,NEW
RCPT-116623,PO-50034,2025-04-25,11:08:00,SKU-02775,292,292,0,C-01R-023-3-A,2025-04-25 12:51:00,RCV-003,NEW
RCPT-116665,PO-50034,2025-04-25,09:23:00,SKU-02708,71,71,0,A-01R-026-1-B,2025-04-25 10:18:00,RCV-008,NEW
RCPT-116640,PO-50034,2025-04-25,12:57:00,SKU-04180,37,36,-1,C-01L-010-1-A,2025-04-25 15:39:00,RCV-004,NEW
RCPT-116718,PO-50034,2025-04-25,06:41:00,SKU-00045,13,14,1,A-04R-015-3-B,2025-04-25 07:42:00,RCV-004,NEW
RCPT-116722,PO-50034,2025-04-25,11:45:00,SKU-00487,18,19,1,C-04L-020-2-A,2025-04-25 13:26:00,RCV-003,NEW
RCPT-116707,PO-50034,2025-04-25,10:53:00,SKU-01197,37,38,1,B-04R-019-1-A,2025-04-25 13:24:00,RCV-002,NEW
RCPT-116671,PO-50034,2025-04-25,09:30:00,SKU-04473,26,24,-2,A-02R-023-4-A,2025-04-25 11:10:00,RCV-007,NEW
RCPT-116677,PO-50034,2025-04-25,11:56:00,SKU-01721,1030,1028,-2,A-04L-015-4-B,2025-04-25 12:53:00,RCV-008,NEW
RCPT-116670,PO-50034,2025-04-25,10:40:00,SKU-01040,227,228,1,B-04R-019-4-A,2025-04-25 11:21:00,RCV-007,NEW
RCPT-116632,PO-50034,2025-04-25,07:48:00,SKU-00920,54,55,1,A-03R-014-3-B,2025-04-25 09:38:00,RCV-007,NEW
RCPT-116620,PO-50034,2025-04-25,10:13:00,SKU-04775,639,640,1,A-02R-001-5-B,2025-04-25 11:57:00,RCV-001,NEW
RCPT-116689,PO-50034,2025-04-25,12:55:00,SKU-03994,82,84,2,A-01L-010-3-A,2025-04-25 15:38:00,RCV-002,NEW
RCPT-116629,PO-50034,2025-04-25,08:02:00,SKU-02252,308,310,2,B-02R-025-2-A,2025-04-25 08:37:00,RCV-003,NEW
RCPT-116699,PO-50034,2025-04-25,11:12:00,SKU-00091,13,12,-1,D-03R-010-2-A,2025-04-25 13:47:00,RCV-008,NEW
RCPT-116801,PO-50035,2025-04-26,07:15:00,SKU-00037,644,642,-2,A-03L-004-3-A,2025-04-26 08:34:00,RCV-005,NEW
RCPT-116858,PO-50035,2025-04-26,10:09:00,SKU-01331,790,792,2,A-03R-003-4-B,2025-04-26 10:39:00,RCV-005,NEW
RCPT-116744,PO-50035,2025-04-26,10:42:00,SKU-04847,12,13,1,E-01L-013-4-A,2025-04-26 13:35:00,RCV-001,NEW
RCPT-116834,PO-50035,2025-04-26,12:18:00,SKU-00796,35,34,-1,A-04R-013-4-A,2025-04-26 14:55:00,RCV-002,NEW
RCPT-116830,PO-50035,2025-04-26,12:11:00,SKU-01721,1553,1555,2,A-04L-015-4-B,2025-04-26 14:31:00,RCV-003,NEW
RCPT-116773,PO-50035,2025-04-26,11:17:00,SKU-02580,121,119,-2,C-02L-009-2-A,2025-04-26 12:53:00,RCV-008,NEW
RCPT-116844,PO-50035,2025-04-26,11:00:00,SKU-02557,122,124,2,B-02L-019-4-A,2025-04-26 12:16:00,RCV-005,NEW
RCPT-116775,PO-50035,2025-04-26,10:42:00,SKU-02877,14,15,1,C-01L-026-2-A,2025-04-26 13:10:00,RCV-007,NEW
RCPT-116734,PO-50035,2025-04-26,10:18:00,SKU-00514,26,24,-2,B-04R-016-3-A,2025-04-26 11:38:00,RCV-006,NEW
RCPT-116842,PO-50035,2025-04-26,06:56:00,SKU-04441,31,33,2,B-02L-018-3-B,2025-04-26 08:35:00,RCV-001,NEW
RCPT-116803,PO-50035,2025-04-26,08:21:00,SKU-02104,3025,3023,-2,B-01R-002-1-A,2025-04-26 11:01:00,RCV-006,NEW
RCPT-116852,PO-50035,2025-04-26,12:53:00,SKU-02670,13,14,1,D-01L-006-4-A,2025-04-26 13:29:00,RCV-005,NEW
RCPT-116792,PO-50035,2025-04-26,10:49:00,SKU-01121,1822,1822,0,B-04R-017-4-A,2025-04-26 12:29:00,RCV-007,NEW
RCPT-116797,PO-50035,2025-04-26,06:56:00,SKU-02893,361,363,2,B-01L-026-2-B,2025-04-26 09:46:00,RCV-002,NEW
RCPT-116823,PO-50035,2025-04-26,07:48:00,SKU-01206,12,14,2,A-03R-013-3-A,2025-04-26 09:57:00,RCV-003,NEW
RCPT-116804,PO-50035,2025-04-26,08:32:00,SKU-02833,44,44,0,A-01L-015-4-B,2025-04-26 10:23:00,RCV-005,NEW
RCPT-116861,PO-50035,2025-04-26,09:41:00,SKU-03449,12,13,1,C-01L-022-1-B,2025-04-26 11:37:00,RCV-004,NEW
RCPT-116751,PO-50035,2025-04-26,11:01:00,SKU-02366,3275,3274,-1,A-01R-020-4-A,2025-04-26 13:56:00,RCV-001,NEW
RCPT-116809,PO-50035,2025-04-26,12:20:00,SKU-04778,198,196,-2,B-01L-023-3-B,2025-04-26 15:10:00,RCV-003,NEW
RCPT-116784,PO-50035,2025-04-26,10:38:00,SKU-01438,12,12,0,D-03R-008-2-A,2025-04-26 12:19:00,RCV-002,NEW
RCPT-116728,PO-50035,2025-04-26,12:32:00,SKU-00254,132,134,2,A-04L-020-4-A,2025-04-26 15:29:00,RCV-003,NEW
RCPT-116841,PO-50035,2025-04-26,08:53:00,SKU-01197,33,33,0,B-04R-019-1-A,2025-04-26 09:49:00,RCV-003,NEW
RCPT-116791,PO-50035,2025-04-26,10:00:00,SKU-02539,59,60,1,A-01L-024-2-B,2025-04-26 10:35:00,RCV-002,NEW
RCPT-116735,PO-50035,2025-04-26,07:41:00,SKU-00225,12,13,1,E-04R-016-4-A,2025-04-26 10:37:00,RCV-002,NEW
RCPT-116764,PO-50035,2025-04-26,06:22:00,SKU-04392,26,25,-1,A-02R-003-5-B,2025-04-26 08:43:00,RCV-005,NEW
RCPT-116799,PO-50035,2025-04-26,07:33:00,SKU-04782,322,322,0,C-01L-004-3-A,2025-04-26 09:08:00,RCV-008,NEW
RCPT-116847,PO-50035,2025-04-26,07:30:00,SKU-04879,29,28,-1,D-02L-016-3-B,2025-04-26 10:20:00,RCV-007,NEW
RCPT-116814,PO-50035,2025-04-26,12:56:00,SKU-01300,50,50,0,A-04L-007-2-A,2025-04-26 14:49:00,RCV-005,NEW
RCPT-116798,PO-50035,2025-04-26,07:14:00,SKU-02836,294,295,1,A-02R-009-1-B,2025-04-26 09:15:00,RCV-006,NEW
RCPT-116760,PO-50035,2025-04-26,10:49:00,SKU-02154,50,50,0,B-02R-026-5-A,2025-04-26 11:33:00,RCV-004,NEW
RCPT-116828,PO-50035,2025-04-26,11:07:00,SKU-03813,12,10,-2,C-01R-018-5-A,2025-04-26 12:21:00,RCV-002,NEW
RCPT-116736,PO-50035,2025-04-26,09:25:00,SKU-03496,746,747,1,B-01R-016-5-B,2025-04-26 10:55:00,RCV-006,NEW
RCPT-116768,PO-50035,2025-04-26,06:54:00,SKU-03727,2841,2840,-1,B-02R-023-4-A,2025-04-26 08:10:00,RCV-008,NEW
RCPT-116752,PO-50035,2025-04-26,08:46:00,SKU-02185,726,727,1,C-01R-009-4-B,2025-04-26 11:12:00,RCV-004,NEW
RCPT-116778,PO-50035,2025-04-26,09:39:00,SKU-02061,27,29,2,C-02L-026-3-B,2025-04-26 12:05:00,RCV-004,NEW
RCPT-116840,PO-50035,2025-04-26,11:17:00,SKU-04467,12,10,-2,C-02L-025-2-B,2025-04-26 13:44:00,RCV-004,NEW
RCPT-116857,PO-50035,2025-04-26,07:16:00,SKU-02494,25,25,0,C-02R-002-1-B,2025-04-26 08:49:00,RCV-001,NEW
RCPT-116771,PO-50035,2025-04-26,07:04:00,SKU-02265,34,35,1,B-01L-002-1-A,2025-04-26 09:33:00,RCV-001,NEW
RCPT-116731,PO-50035,2025-04-26,12:16:00,SKU-02585,1950,1950,0,A-01R-012-4-A,2025-04-26 13:48:00,RCV-001,NEW
RCPT-116759,PO-50035,2025-04-26,06:17:00,SKU-02709,35,35,0,D-01R-015-4-A,2025-04-26 08:38:00,RCV-006,NEW
RCPT-116819,PO-50035,2025-04-26,08:27:00,SKU-00934,28,29,1,B-03L-017-4-A,2025-04-26 10:28:00,RCV-002,NEW
RCPT-117011,PO-50036,2025-04-28,08:40:00,SKU-02981,48,47,-1,A-02R-015-5-A,2025-04-28 09:49:00,RCV-007,NEW
RCPT-117016,PO-50036,2025-04-28,10:02:00,SKU-03364,79,81,2,C-01R-010-3-A,2025-04-28 12:29:00,RCV-003,NEW
RCPT-116966,PO-50036,2025-04-28,10:15:00,SKU-03297,36,34,-2,B-01L-013-1-A,2025-04-28 12:39:00,RCV-008,NEW
RCPT-116926,PO-50036,2025-04-28,12:19:00,SKU-01699,26,25,-1,B-04L-005-4-B,2025-04-28 14:26:00,RCV-001,NEW
RCPT-117004,PO-50036,2025-04-28,12:50:00,SKU-02624,390,392,2,A-02R-022-1-A,2025-04-28 14:44:00,RCV-003,NEW
RCPT-116987,PO-50036,2025-04-28,09:42:00,SKU-03018,540,540,0,C-02L-015-3-B,2025-04-28 11:11:00,RCV-003,NEW
RCPT-116897,PO-50036,2025-04-28,10:54:00,SKU-03011,28,27,-1,B-02R-020-5-B,2025-04-28 12:55:00,RCV-003,NEW
RCPT-116869,PO-50036,2025-04-28,11:35:00,SKU-04563,268,267,-1,A-02L-022-4-B,2025-04-28 12:49:00,RCV-008,NEW
RCPT-116937,PO-50036,2025-04-28,10:06:00,SKU-00775,53,52,-1,A-03R-002-3-B,2025-04-28 11:58:00,RCV-004,NEW
RCPT-116911,PO-50036,2025-04-28,12:57:00,SKU-01271,18,17,-1,A-04L-009-2-B,2025-04-28 14:40:00,RCV-007,NEW
RCPT-116938,PO-50036,2025-04-28,06:48:00,SKU-04608,1638,1640,2,A-02L-025-1-B,2025-04-28 08:39:00,RCV-001,NEW
RCPT-116908,PO-50036,2025-04-28,12:36:00,SKU-01121,2164,2165,1,B-04R-017-4-A,2025-04-28 13:51:00,RCV-002,NEW
RCPT-116954,PO-50036,2025-04-28,08:21:00,SKU-00556,30,28,-2,B-04L-003-1-B,2025-04-28 09:36:00,RCV-006,NEW
RCPT-116944,PO-50036,2025-04-28,09:13:00,SKU-04435,578,578,0,A-02R-016-4-A,2025-04-28 11:21:00,RCV-007,NEW
RCPT-116953,PO-50036,2025-04-28,09:47:00,SKU-03327,32,31,-1,A-02R-009-2-B,2025-04-28 10:58:00,RCV-005,NEW
RCPT-116864,PO-50036,2025-04-28,11:50:00,SKU-00321,12,14,2,C-04R-010-2-B,2025-04-28 12:35:00,RCV-007,NEW
RCPT-116863,PO-50036,2025-04-28,10:03:00,SKU-01803,548,547,-1,B-03R-020-1-A,2025-04-28 12:06:00,RCV-002,NEW
RCPT-116949,PO-50036,2025-04-28,11:44:00,SKU-02034,440,439,-1,A-02L-014-4-B,2025-04-28 14:24:00,RCV-008,NEW
RCPT-117023,PO-50036,2025-04-28,11:52:00,SKU-02665,59,58,-1,B-02R-024-2-A,2025-04-28 12:25:00,RCV-004,NEW
RCPT-116872,PO-50036,2025-04-28,10:01:00,SKU-02860,12,10,-2,E-01R-020-2-B,2025-04-28 10:47:00,RCV-006,NEW
RCPT-116876,PO-50036,2025-04-28,06:44:00,SKU-03149,241,240,-1,A-01R-009-5-A,2025-04-28 08:58:00,RCV-007,NEW
RCPT-116883,PO-50036,2025-04-28,11:56:00,SKU-00407,12,14,2,C-03R-009-2-B,2025-04-28 13:05:00,RCV-001,NEW
RCPT-117001,PO-50036,2025-04-28,11:20:00,SKU-02913,788,787,-1,B-01L-015-2-B,2025-04-28 11:59:00,RCV-004,NEW
RCPT-116983,PO-50036,2025-04-28,07:11:00,SKU-00248,170,170,0,B-04R-005-4-A,2025-04-28 09:13:00,RCV-007,NEW
RCPT-116880,PO-50036,2025-04-28,10:11:00,SKU-02085,733,733,0,D-02R-008-1-A,2025-04-28 13:04:00,RCV-001,NEW
RCPT-116904,PO-50036,2025-04-28,07:00:00,SKU-01208,12,14,2,C-03R-017-3-A,2025-04-28 08:54:00,RCV-003,NEW
RCPT-116985,PO-50036,2025-04-28,07:54:00,SKU-02512,152,151,-1,B-02L-023-2-B,2025-04-28 08:28:00,RCV-002,NEW
RCPT-116970,PO-50036,2025-04-28,07:27:00,SKU-02731,43,42,-1,A-01R-004-5-A,2025-04-28 08:38:00,RCV-008,NEW
RCPT-117139,PO-50036,2025-04-29,08:08:00,SKU-01749,40,38,-2,A-04L-006-1-A,2025-04-29 10:20:00,RCV-005,NEW
RCPT-117110,PO-50036,2025-04-29,10:41:00,SKU-02154,118,120,2,B-02R-026-5-A,2025-04-29 13:23:00,RCV-007,NEW
RCPT-117052,PO-50036,2025-04-29,07:42:00,SKU-03827,17,15,-2,A-01L-002-3-A,2025-04-29 09:34:00,RCV-003,NEW
RCPT-117178,PO-50036,2025-04-29,10:00:00,SKU-01925,12,11,-1,C-04L-019-2-B,2025-04-29 10:52:00,RCV-005,NEW
RCPT-117099,PO-50036,2025-04-29,08:11:00,SKU-00958,39,39,0,B-03L-012-2-A,2025-04-29 09:46:00,RCV-008,NEW
RCPT-117078,PO-50036,2025-04-29,08:49:00,SKU-02188,12,10,-2,D-02R-003-4-A,2025-04-29 11:40:00,RCV-001,NEW
RCPT-117165,PO-50036,2025-04-29,11:55:00,SKU-00673,158,160,2,C-03L-015-4-A,2025-04-29 12:53:00,RCV-001,NEW
RCPT-117060,PO-50036,2025-04-29,09:02:00,SKU-02140,557,558,1,B-01R-020-2-B,2025-04-29 09:40:00,RCV-002,NEW
RCPT-117190,PO-50036,2025-04-29,08:54:00,SKU-01803,470,470,0,B-03R-020-1-A,2025-04-29 10:40:00,RCV-001,NEW
RCPT-117075,PO-50036,2025-04-29,12:02:00,SKU-03727,6018,6018,0,B-02R-023-4-A,2025-04-29 13:43:00,RCV-005,NEW
RCPT-117036,PO-50036,2025-04-29,09:41:00,SKU-00239,359,358,-1,A-04L-019-1-B,2025-04-29 11:29:00,RCV-005,DAMAGED
RCPT-117191,PO-50036,2025-04-29,09:43:00,SKU-02920,33,34,1,C-02R-002-2-B,2025-04-29 12:06:00,RCV-005,NEW
RCPT-117177,PO-50036,2025-04-29,10:05:00,SKU-02539,28,30,2,A-01L-024-2-B,2025-04-29 11:13:00,RCV-002,NEW
RCPT-117140,PO-50036,2025-04-29,08:46:00,SKU-00466,103,103,0,C-04R-016-1-B,2025-04-29 09:23:00,RCV-003,NEW
RCPT-117026,PO-50036,2025-04-29,12:30:00,SKU-04294,25,27,2,A-02R-019-3-A,2025-04-29 13:15:00,RCV-002,NEW
RCPT-117136,PO-50036,2025-04-29,10:27:00,SKU-04860,162,163,1,C-01R-022-2-B,2025-04-29 12:35:00,RCV-004,NEW
RCPT-117183,PO-50036,2025-04-29,12:33:00,SKU-02887,12,11,-1,D-02L-002-5-A,2025-04-29 15:08:00,RCV-003,NEW
RCPT-117195,PO-50036,2025-04-29,09:32:00,SKU-01043,57,57,0,A-03L-007-2-B,2025-04-29 10:41:00,RCV-005,NEW
RCPT-117158,PO-50036,2025-04-29,11:47:00,SKU-02420,303,301,-2,B-01L-005-4-B,2025-04-29 14:16:00,RCV-005,NEW
RCPT-117066,PO-50036,2025-04-29,06:40:00,SKU-00039,33,34,1,C-03R-017-4-B,2025-04-29 08:07:00,RCV-006,NEW
RCPT-117094,PO-50036,2025-04-29,06:27:00,SKU-02879,12,14,2,D-02L-017-1-A,2025-04-29 08:12:00,RCV-004,NEW
RCPT-117137,PO-50036,2025-04-29,10:55:00,SKU-03709,12,13,1,D-01L-020-3-A,2025-04-29 13:17:00,RCV-004,NEW
RCPT-117168,PO-50036,2025-04-29,10:15:00,SKU-00025,25,25,0,B-03L-020-3-A,2025-04-29 12:39:00,RCV-002,NEW
RCPT-117068,PO-50036,2025-04-29,11:40:00,SKU-02685,57,57,0,A-02R-005-2-A,2025-04-29 13:32:00,RCV-005,NEW
RCPT-117121,PO-50036,2025-04-29,06:40:00,SKU-04587,12,12,0,D-01R-023-4-A,2025-04-29 07:14:00,RCV-008,NEW
RCPT-117040,PO-50036,2025-04-29,07:58:00,SKU-02252,310,312,2,B-02R-025-2-A,2025-04-29 10:03:00,RCV-003,NEW
RCPT-117108,PO-50036,2025-04-29,12:18:00,SKU-00090,221,221,0,C-04R-005-2-A,2025-04-29 13:31:00,RCV-004,NEW
RCPT-117061,PO-50036,2025-04-29,07:05:00,SKU-02085,1343,1341,-2,D-02R-008-1-A,2025-04-29 09:00:00,RCV-005,NEW
RCPT-117170,PO-50036,2025-04-29,08:06:00,SKU-04341,13,12,-1,C-02R-014-4-B,2025-04-29 10:03:00,RCV-003,NEW
RCPT-117150,PO-50036,2025-04-29,10:13:00,SKU-04015,79,80,1,A-02R-020-1-B,2025-04-29 11:19:00,RCV-004,NEW
RCPT-117105,PO-50036,2025-04-29,10:42:00,SKU-04768,760,762,2,A-01R-021-2-A,2025-04-29 11:14:00,RCV-003,NEW
RCPT-117077,PO-50036,2025-04-29,09:39:00,SKU-02508,33,33,0,C-02L-016-5-A,2025-04-29 10:17:00,RCV-006,NEW
RCPT-117041,PO-50036,2025-04-29,11:11:00,SKU-02407,312,310,-2,A-01L-004-2-A,2025-04-29 13:42:00,RCV-001,NEW
RCPT-117037,PO-50036,2025-04-29,11:06:00,SKU-03188,12,14,2,C-02L-011-2-A,2025-04-29 13:28:00,RCV-005,NEW
RCPT-117163,PO-50036,2025-04-29,06:37:00,SKU-02452,17,16,-1,B-01R-016-4-B,2025-04-29 09:33:00,RCV-002,NEW
RCPT-117124,PO-50036,2025-04-29,07:31:00,SKU-01721,1322,1320,-2,A-04L-015-4-B,2025-04-29 09:02:00,RCV-006,DAMAGED
RCPT-117161,PO-50036,2025-04-29,06:24:00,SKU-04623,75,76,1,B-01R-007-5-A,2025-04-29 08:27:00,RCV-004,NEW
RCPT-117155,PO-50036,2025-04-29,12:01:00,SKU-02755,16,18,2,C-01R-008-4-B,2025-04-29 13:31:00,RCV-008,NEW
RCPT-117211,PO-50036,2025-04-30,06:23:00,SKU-04113,12,12,0,B-01L-020-3-A,2025-04-30 08:20:00,RCV-003,NEW
RCPT-117276,PO-50036,2025-04-30,11:05:00,SKU-02381,15,17,2,C-02R-017-4-B,2025-04-30 12:38:00,RCV-002,NEW
RCPT-117323,PO-50036,2025-04-30,06:02:00,SKU-02202,449,451,2,C-01R-025-1-B,2025-04-30 07:30:00,RCV-007,NEW
RCPT-117244,PO-50036,2025-04-30,12:37:00,SKU-02413,23,23,0,C-01R-007-1-A,2025-04-30 13:12:00,RCV-006,NEW
RCPT-117265,PO-50036,2025-04-30,08:35:00,SKU-00014,62,61,-1,A-04L-004-2-B,2025-04-30 10:53:00,RCV-006,NEW
RCPT-117225,PO-50036,2025-04-30,10:08:00,SKU-04041,8885,8885,0,A-02R-002-2-B,2025-04-30 12:00:00,RCV-004,NEW
RCPT-117257,PO-50036,2025-04-30,12:09:00,SKU-02621,29,29,0,A-01R-007-2-B,2025-04-30 13:22:00,RCV-004,NEW
RCPT-117336,PO-50036,2025-04-30,11:16:00,SKU-02707,63,65,2,A-02L-009-3-A,2025-04-30 12:24:00,RCV-002,NEW
RCPT-117219,PO-50036,2025-04-30,10:34:00,SKU-03727,6359,6361,2,B-02R-023-4-A,2025-04-30 12:48:00,RCV-001,NEW
RCPT-117273,PO-50036,2025-04-30,10:57:00,SKU-03818,27,27,0,B-02R-010-1-A,2025-04-30 13:33:00,RCV-008,NEW
RCPT-117366,PO-50036,2025-04-30,12:37:00,SKU-02272,756,756,0,A-02R-002-5-A,2025-04-30 15:04:00,RCV-008,NEW
RCPT-117344,PO-50036,2025-04-30,09:09:00,SKU-03205,108,109,1,C-02L-026-1-B,2025-04-30 11:48:00,RCV-003,DAMAGED
RCPT-117365,PO-50036,2025-04-30,09:04:00,SKU-03401,12,13,1,C-02L-019-1-B,2025-04-30 10:50:00,RCV-001,NEW
RCPT-117288,PO-50036,2025-04-30,08:58:00,SKU-04777,22,21,-1,A-02R-012-4-B,2025-04-30 09:29:00,RCV-001,NEW
RCPT-117341,PO-50036,2025-04-30,12:57:00,SKU-04762,22,24,2,C-01R-024-3-B,2025-04-30 14:39:00,RCV-005,NEW
RCPT-117239,PO-50036,2025-04-30,08:24:00,SKU-02085,1044,1046,2,D-02R-008-1-A,2025-04-30 09:14:00,RCV-008,NEW
RCPT-117293,PO-50036,2025-04-30,10:32:00,SKU-02232,268,269,1,C-01L-002-5-A,2025-04-30 11:57:00,RCV-003,NEW
RCPT-117253,PO-50036,2025-04-30,08:27:00,SKU-01784,12,12,0,B-04R-017-2-A,2025-04-30 09:48:00,RCV-005,NEW
RCPT-117236,PO-50036,2025-04-30,11:21:00,SKU-02125,2633,2632,-1,A-01R-020-2-B,2025-04-30 13:58:00,RCV-003,NEW
RCPT-117299,PO-50036,2025-04-30,12:24:00,SKU-02622,14,14,0,E-02L-016-5-B,2025-04-30 14:55:00,RCV-002,NEW
RCPT-117223,PO-50036,2025-04-30,08:03:00,SKU-03961,12,10,-2,C-02L-024-2-B,2025-04-30 09:32:00,RCV-002,NEW
RCPT-117261,PO-50036,2025-04-30,08:56:00,SKU-03821,160,162,2,A-01R-017-3-A,2025-04-30 11:10:00,RCV-006,NEW
RCPT-117283,PO-50036,2025-04-30,06:02:00,SKU-02534,57,55,-2,B-02R-001-4-B,2025-04-30 08:29:00,RCV-006,NEW
RCPT-117315,PO-50036,2025-04-30,07:38:00,SKU-00750,36,37,1,B-04L-019-3-A,2025-04-30 09:05:00,RCV-008,NEW
RCPT-117250,PO-50036,2025-04-30,07:08:00,SKU-03369,747,745,-2,D-02L-005-5-B,2025-04-30 08:11:00,RCV-008,NEW
RCPT-117331,PO-50036,2025-04-30,10:50:00,SKU-02939,326,325,-1,A-02R-016-5-A,2025-04-30 11:27:00,RCV-004,NEW
RCPT-117213,PO-50036,2025-04-30,09:59:00,SKU-04965,58,56,-2,C-02L-007-3-A,2025-04-30 10:58:00,RCV-008,NEW
RCPT-117363,PO-50036,2025-04-30,06:59:00,SKU-02105,99,98,-1,A-01R-009-2-A,2025-04-30 07:41:00,RCV-008,NEW
RCPT-117215,PO-50036,2025-04-30,12:47:00,SKU-04346,44,42,-2,C-02L-009-3-B,2025-04-30 13:52:00,RCV-004,NEW
RCPT-117362,PO-50036,2025-04-30,10:46:00,SKU-00001,38,40,2,C-03L-001-4-A,2025-04-30 12:08:00,RCV-007,NEW
RCPT-117367,PO-50036,2025-04-30,10:36:00,SKU-02646,12,10,-2,B-02R-009-3-A,2025-04-30 12:51:00,RCV-003,NEW
RCPT-117284,PO-50036,2025-04-30,07:21:00,SKU-00367,58,59,1,A-04L-014-1-B,2025-04-30 09:27:00,RCV-007,NEW
RCPT-117220,PO-50036,2025-04-30,12:38:00,SKU-01204,3834,3836,2,A-03R-016-1-B,2025-04-30 14:45:00,RCV-008,NEW
RCPT-117246,PO-50036,2025-04-30,12:00:00,SKU-04056,61,63,2,B-02R-023-3-A,2025-04-30 12:42:00,RCV-002,NEW
RCPT-117328,PO-50036,2025-04-30,06:43:00,SKU-02509,767,765,-2,B-01L-020-5-A,2025-04-30 08:07:00,RCV-008,NEW
RCPT-117240,PO-50036,2025-04-30,11:06:00,SKU-00212,15,15,0,D-04R-006-2-A,2025-04-30 13:38:00,RCV-008,NEW
RCPT-117321,PO-50036,2025-04-30,06:24:00,SKU-00254,143,141,-2,A-04L-020-4-A,2025-04-30 08:13:00,RCV-005,NEW
RCPT-117307,PO-50036,2025-04-30,12:22:00,SKU-02291,270,269,-1,D-01R-026-1-A,2025-04-30 14:58:00,RCV-006,NEW
RCPT-117269,PO-50036,2025-04-30,10:35:00,SKU-02681,1890,1891,1,A-01R-018-4-B,2025-04-30 11:34:00,RCV-006,NEW
RCPT-117242,PO-50036,2025-04-30,12:36:00,SKU-00379,85,84,-1,A-03R-020-4-B,2025-04-30 13:44:00,RCV-005,NEW
RCPT-117217,PO-50036,2025-04-30,12:13:00,SKU-03337,25,24,-1,C-01R-021-4-A,2025-04-30 14:15:00,RCV-003,NEW
RCPT-117476,PO-50036,2025-05-01,10:04:00,SKU-02404,106,104,-2,A-01R-019-4-B,2025-05-01 13:02:00,RCV-003,NEW
RCPT-117471,PO-50036,2025-05-01,08:17:00,SKU-02653,48,49,1,A-01R-014-3-B,2025-05-01 10:24:00,RCV-002,NEW
RCPT-117470,PO-50036,2025-05-01,08:14:00,SKU-04542,328,328,0,C-02L-018-4-A,2025-05-01 11:00:00,RCV-004,NEW
RCPT-117462,PO-50036,2025-05-01,10:38:00,SKU-02104,2616,2615,-1,B-01R-002-1-A,2025-05-01 11:28:00,RCV-004,NEW
RCPT-117372,PO-50036,2025-05-01,12:38:00,SKU-00155,15,15,0,B-04L-020-3-A,2025-05-01 15:26:00,RCV-007,NEW
RCPT-117459,PO-50036,2025-05-01,06:33:00,SKU-00915,23,22,-1,D-03L-006-4-B,2025-05-01 09:11:00,RCV-004,NEW
RCPT-117397,PO-50036,2025-05-01,06:23:00,SKU-01220,46,48,2,B-04L-018-2-B,2025-05-01 08:20:00,RCV-006,NEW
RCPT-117505,PO-50036,2025-05-01,07:59:00,SKU-01025,12,14,2,E-04R-003-1-A,2025-05-01 09:36:00,RCV-001,NEW
RCPT-117418,PO-50036,2025-05-01,06:32:00,SKU-02790,14,13,-1,D-01R-002-2-A,2025-05-01 09:27:00,RCV-001,NEW
RCPT-117441,PO-50036,2025-05-01,11:39:00,SKU-01204,2675,2677,2,A-03R-016-1-B,2025-05-01 14:31:00,RCV-002,NEW
RCPT-117502,PO-50036,2025-05-01,07:45:00,SKU-01936,12,11,-1,B-04L-005-4-A,2025-05-01 08:28:00,RCV-002,NEW
RCPT-117474,PO-50036,2025-05-01,08:21:00,SKU-00473,109,111,2,C-04R-003-2-B,2025-05-01 10:50:00,RCV-001,NEW
RCPT-117381,PO-50036,2025-05-01,07:19:00,SKU-00357,12,10,-2,D-04L-020-4-B,2025-05-01 10:03:00,RCV-003,NEW
RCPT-117501,PO-50036,2025-05-01,06:12:00,SKU-01008,15,15,0,A-04L-017-4-A,2025-05-01 08:42:00,RCV-001,DAMAGED
RCPT-117414,PO-50036,2025-05-01,10:14:00,SKU-02123,14,14,0,B-02R-012-3-B,2025-05-01 11:26:00,RCV-007,NEW
RCPT-117492,PO-50036,2025-05-01,08:43:00,SKU-03713,18,16,-2,C-01L-016-1-B,2025-05-01 11:39:00,RCV-003,NEW
RCPT-117394,PO-50036,2025-05-01,10:13:00,SKU-02850,93,95,2,A-01R-014-5-A,2025-05-01 13:07:00,RCV-003,NEW
RCPT-117423,PO-50036,2025-05-01,10:17:00,SKU-02230,12,12,0,D-02L-008-1-A,2025-05-01 11:53:00,RCV-002,NEW
RCPT-117454,PO-50036,2025-05-01,11:31:00,SKU-02366,3992,3994,2,A-01R-020-4-A,2025-05-01 12:07:00,RCV-005,NEW
RCPT-117500,PO-50036,2025-05-01,06:45:00,SKU-04763,26,24,-2,D-02R-009-2-A,2025-05-01 07:27:00,RCV-003,NEW
RCPT-117507,PO-50036,2025-05-01,08:42:00,SKU-02659,118,116,-2,B-02R-007-3-A,2025-05-01 10:13:00,RCV-002,NEW
RCPT-117388,PO-50036,2025-05-01,09:17:00,SKU-01170,655,653,-2,A-03L-002-3-B,2025-05-01 11:28:00,RCV-007,NEW
RCPT-117422,PO-50036,2025-05-01,10:09:00,SKU-02574,12,14,2,B-02R-006-1-A,2025-05-01 11:43:00,RCV-007,NEW
RCPT-117384,PO-50036,2025-05-01,08:24:00,SKU-04328,18337,18339,2,A-02L-021-1-B,2025-05-01 10:31:00,RCV-006,NEW
RCPT-117510,PO-50036,2025-05-01,07:02:00,SKU-04775,760,760,0,A-02R-001-5-B,2025-05-01 07:41:00,RCV-006,NEW
RCPT-117497,PO-50036,2025-05-01,08:04:00,SKU-04907,58,57,-1,C-02R-022-5-B,2025-05-01 09:49:00,RCV-002,NEW
RCPT-117466,PO-50036,2025-05-01,06:31:00,SKU-01005,49,47,-2,A-04R-013-1-B,2025-05-01 08:05:00,RCV-003,NEW
RCPT-117378,PO-50036,2025-05-01,07:55:00,SKU-02908,5193,5192,-1,B-02L-005-3-A,2025-05-01 09:14:00,RCV-005,NEW
RCPT-117425,PO-50036,2025-05-01,11:57:00,SKU-01121,1110,1109,-1,B-04R-017-4-A,2025-05-01 14:32:00,RCV-007,NEW
RCPT-117503,PO-50036,2025-05-01,08:33:00,SKU-02580,104,102,-2,C-02L-009-2-A,2025-05-01 10:26:00,RCV-003,NEW
RCPT-117554,PO-50036,2025-05-02,08:28:00,SKU-01015,75,75,0,A-03R-009-3-A,2025-05-02 10:51:00,RCV-002,NEW
RCPT-117698,PO-50036,2025-05-02,10:17:00,SKU-04782,384,386,2,C-01L-004-3-A,2025-05-02 11:53:00,RCV-005,NEW
RCPT-117693,PO-50036,2025-05-02,08:14:00,SKU-01720,12,14,2,A-04R-016-2-B,2025-05-02 10:02:00,RCV-002,NEW
RCPT-117597,PO-50036,2025-05-02,12:35:00,SKU-02509,1930,1932,2,B-01L-020-5-A,2025-05-02 13:57:00,RCV-002,NEW
RCPT-117668,PO-50036,2025-05-02,09:45:00,SKU-02316,94,96,2,A-02L-026-1-A,2025-05-02 10:24:00,RCV-003,NEW
RCPT-117539,PO-50036,2025-05-02,10:45:00,SKU-00017,331,331,0,B-03R-001-4-B,2025-05-02 12:31:00,RCV-001,NEW
RCPT-117552,PO-50036,2025-05-02,12:50:00,SKU-04297,52,53,1,B-01L-002-3-A,2025-05-02 15:25:00,RCV-004,NEW
RCPT-117533,PO-50036,2025-05-02,12:54:00,SKU-03378,356,358,2,A-01L-004-4-B,2025-05-02 13:33:00,RCV-008,NEW
RCPT-117691,PO-50036,2025-05-02,12:53:00,SKU-02117,91,90,-1,B-01R-025-4-B,2025-05-02 13:43:00,RCV-007,NEW
RCPT-117643,PO-50036,2025-05-02,07:33:00,SKU-03597,12,13,1,D-02L-022-5-B,2025-05-02 10:07:00,RCV-008,NEW
RCPT-117585,PO-50036,2025-05-02,07:13:00,SKU-02017,12,14,2,B-01L-005-5-A,2025-05-02 09:01:00,RCV-005,NEW
RCPT-117637,PO-50036,2025-05-02,10:33:00,SKU-02858,59,61,2,A-01R-006-4-B,2025-05-02 11:32:00,RCV-001,NEW
RCPT-117560,PO-50036,2025-05-02,08:22:00,SKU-01937,80,81,1,A-03L-004-3-B,2025-05-02 11:14:00,RCV-001,NEW
RCPT-117571,PO-50036,2025-05-02,06:43:00,SKU-01838,96,98,2,B-03R-019-1-A,2025-05-02 09:21:00,RCV-008,NEW
RCPT-117549,PO-50036,2025-05-02,07:58:00,SKU-00392,573,575,2,B-03L-019-1-B,2025-05-02 09:35:00,RCV-001,NEW
RCPT-117617,PO-50036,2025-05-02,08:23:00,SKU-03496,399,397,-2,B-01R-016-5-B,2025-05-02 10:36:00,RCV-001,NEW
RCPT-117591,PO-50036,2025-05-02,06:40:00,SKU-02564,219,217,-2,C-01L-011-5-B,2025-05-02 07:59:00,RCV-001,NEW
RCPT-117626,PO-50036,2025-05-02,12:21:00,SKU-02851,56,55,-1,B-02R-007-4-A,2025-05-02 13:24:00,RCV-006,NEW
RCPT-117553,PO-50036,2025-05-02,06:42:00,SKU-04528,757,759,2,B-02R-014-3-B,2025-05-02 08:57:00,RCV-005,NEW
RCPT-117652,PO-50036,2025-05-02,08:12:00,SKU-00962,12,13,1,D-03L-014-4-B,2025-05-02 10:52:00,RCV-001,NEW
RCPT-117699,PO-50036,2025-05-02,09:42:00,SKU-04624,30,32,2,D-01R-008-5-B,2025-05-02 10:53:00,RCV-001,NEW
RCPT-117547,PO-50036,2025-05-02,07:37:00,SKU-02125,2240,2240,0,A-01R-020-2-B,2025-05-02 09:04:00,RCV-005,NEW
RCPT-117697,PO-50036,2025-05-02,12:31:00,SKU-02939,260,258,-2,A-02R-016-5-A,2025-05-02 13:25:00,RCV-003,NEW
RCPT-117548,PO-50036,2025-05-02,11:51:00,SKU-02584,116,115,-1,A-02L-003-1-B,2025-05-02 13:07:00,RCV-001,NEW
RCPT-117526,PO-50036,2025-05-02,12:29:00,SKU-03255,12,10,-2,D-02R-014-3-B,2025-05-02 15:13:00,RCV-004,NEW
RCPT-117639,PO-50036,2025-05-02,06:24:00,SKU-02633,49,51,2,C-01L-020-4-A,2025-05-02 08:53:00,RCV-006,NEW
RCPT-117669,PO-50036,2025-05-02,07:59:00,SKU-03172,113,111,-2,A-01R-006-1-B,2025-05-02 10:51:00,RCV-008,NEW
RCPT-117581,PO-50036,2025-05-02,09:13:00,SKU-02572,160,162,2,C-02L-025-2-A,2025-05-02 09:48:00,RCV-002,NEW
RCPT-117612,PO-50036,2025-05-02,09:07:00,SKU-01485,21,21,0,D-04L-007-3-B,2025-05-02 10:30:00,RCV-008,NEW
RCPT-117528,PO-50036,2025-05-02,09:52:00,SKU-03077,342,340,-2,B-02L-012-4-B,2025-05-02 11:47:00,RCV-002,NEW
RCPT-117534,PO-50036,2025-05-02,07:54:00,SKU-03887,12,12,0,B-02R-019-4-B,2025-05-02 10:12:00,RCV-005,NEW
RCPT-117580,PO-50036,2025-05-02,08:36:00,SKU-02859,712,711,-1,A-01L-018-3-A,2025-05-02 09:38:00,RCV-002,NEW
RCPT-117663,PO-50036,2025-05-02,12:11:00,SKU-01121,805,804,-1,B-04R-017-4-A,2025-05-02 14:14:00,RCV-006,NEW
RCPT-117605,PO-50036,2025-05-02,10:03:00,SKU-00383,12,13,1,E-04L-005-1-A,2025-05-02 10:43:00,RCV-002,NEW
RCPT-117760,PO-50036,2025-05-03,06:52:00,SKU-00447,187,187,0,A-04L-008-2-A,2025-05-03 08:18:00,RCV-003,NEW
RCPT-117763,PO-50036,2025-05-03,11:10:00,SKU-03048,15,13,-2,D-02R-010-1-B,2025-05-03 12:04:00,RCV-005,NEW
RCPT-117729,PO-50036,2025-05-03,11:13:00,SKU-04608,1620,1621,1,A-02L-025-1-B,2025-05-03 13:25:00,RCV-001,NEW
RCPT-117788,PO-50036,2025-05-03,12:27:00,SKU-02045,411,412,1,B-01R-025-3-A,2025-05-03 13:06:00,RCV-006,NEW
RCPT-117805,PO-50036,2025-05-03,06:38:00,SKU-00298,12,10,-2,B-04L-002-2-B,2025-05-03 07:11:00,RCV-004,NEW
RCPT-117843,PO-50036,2025-05-03,12:03:00,SKU-00107,12,14,2,E-04R-008-4-A,2025-05-03 13:46:00,RCV-006,NEW
RCPT-117811,PO-50036,2025-05-03,06:08:00,SKU-02168,32,30,-2,C-02L-006-1-B,2025-05-03 07:57:00,RCV-004,NEW
RCPT-117785,PO-50036,2025-05-03,12:20:00,SKU-00174,16,15,-1,C-04R-003-2-A,2025-05-03 13:20:00,RCV-003,NEW
RCPT-117744,PO-50036,2025-05-03,11:39:00,SKU-02114,17,17,0,B-01L-023-1-B,2025-05-03 13:44:00,RCV-007,NEW
RCPT-117762,PO-50036,2025-05-03,11:12:00,SKU-01772,12,13,1,D-04R-004-2-B,2025-05-03 12:50:00,RCV-001,NEW
RCPT-117736,PO-50036,2025-05-03,10:09:00,SKU-01364,12,12,0,D-03R-011-2-A,2025-05-03 13:00:00,RCV-007,NEW
RCPT-117818,PO-50036,2025-05-03,12:51:00,SKU-00370,82,81,-1,A-03R-008-4-B,2025-05-03 14:56:00,RCV-008,NEW
RCPT-117802,PO-50036,2025-05-03,08:29:00,SKU-03825,310,310,0,B-01R-003-2-A,2025-05-03 09:32:00,RCV-005,NEW
RCPT-117765,PO-50036,2025-05-03,12:20:00,SKU-01770,12,11,-1,C-03L-012-3-B,2025-05-03 14:58:00,RCV-004,NEW
RCPT-117838,PO-50036,2025-05-03,07:09:00,SKU-02828,502,504,2,A-02L-007-2-A,2025-05-03 07:39:00,RCV-002,NEW
RCPT-117725,PO-50036,2025-05-03,08:02:00,SKU-02073,173,173,0,B-02L-002-5-A,2025-05-03 10:01:00,RCV-005,NEW
RCPT-117713,PO-50036,2025-05-03,08:27:00,SKU-00227,12,13,1,E-03R-005-3-A,2025-05-03 10:05:00,RCV-006,NEW
RCPT-117782,PO-50036,2025-05-03,09:09:00,SKU-04347,284,282,-2,B-02R-012-5-B,2025-05-03 11:13:00,RCV-008,NEW
RCPT-117776,PO-50036,2025-05-03,09:54:00,SKU-02125,3534,3536,2,A-01R-020-2-B,2025-05-03 12:24:00,RCV-006,NEW
RCPT-117702,PO-50036,2025-05-03,10:57:00,SKU-00838,274,274,0,A-03L-009-1-B,2025-05-03 13:21:00,RCV-002,NEW
RCPT-117723,PO-50036,2025-05-03,12:20:00,SKU-04775,860,861,1,A-02R-001-5-B,2025-05-03 14:13:00,RCV-001,NEW
RCPT-117807,PO-50036,2025-05-03,07:50:00,SKU-00466,99,100,1,C-04R-016-1-B,2025-05-03 10:32:00,RCV-006,NEW
RCPT-117711,PO-50036,2025-05-03,09:50:00,SKU-02032,23,21,-2,C-01L-015-2-A,2025-05-03 12:03:00,RCV-007,NEW
RCPT-117803,PO-50036,2025-05-03,09:39:00,SKU-02713,81,83,2,B-01L-012-1-B,2025-05-03 11:17:00,RCV-003,NEW
RCPT-117735,PO-50036,2025-05-03,07:00:00,SKU-02202,240,242,2,C-01R-025-1-B,2025-05-03 07:36:00,RCV-008,NEW
RCPT-117777,PO-50036,2025-05-03,11:35:00,SKU-04435,546,548,2,A-02R-016-4-A,2025-05-03 13:43:00,RCV-003,NEW
RCPT-117707,PO-50036,2025-05-03,11:11:00,SKU-04865,843,845,2,A-01R-011-4-B,2025-05-03 11:45:00,RCV-002,NEW
RCPT-117706,PO-50036,2025-05-03,11:40:00,SKU-04328,18918,18918,0,A-02L-021-1-B,2025-05-03 13:01:00,RCV-008,NEW
RCPT-117757,PO-50036,2025-05-03,10:53:00,SKU-02420,631,629,-2,B-01L-005-4-B,2025-05-03 12:17:00,RCV-008,NEW
RCPT-117817,PO-50036,2025-05-03,07:36:00,SKU-01218,18,19,1,E-04R-014-2-B,2025-05-03 09:21:00,RCV-003,NEW
RCPT-117957,PO-50036,2025-05-05,08:56:00,SKU-03356,211,210,-1,A-02L-015-2-A,2025-05-05 10:10:00,RCV-008,NEW
RCPT-117983,PO-50036,2025-05-05,07:36:00,SKU-02480,42,41,-1,A-02R-005-1-B,2025-05-05 09:59:00,RCV-001,NEW
RCPT-117992,PO-50036,2025-05-05,07:44:00,SKU-03918,12,10,-2,B-01L-026-5-B,2025-05-05 08:49:00,RCV-003,NEW
RCPT-117942,PO-50036,2025-05-05,08:59:00,SKU-02104,1994,1995,1,B-01R-002-1-A,2025-05-05 10:19:00,RCV-005,NEW
RCPT-117970,PO-50036,2025-05-05,07:28:00,SKU-02272,1035,1035,0,A-02R-002-5-A,2025-05-05 08:03:00,RCV-008,NEW
RCPT-117851,PO-50036,2025-05-05,11:25:00,SKU-02050,956,958,2,C-02L-007-1-A,2025-05-05 12:23:00,RCV-004,NEW
RCPT-117886,PO-50036,2025-05-05,10:46:00,SKU-00203,48,48,0,B-03L-001-4-B,2025-05-05 12:15:00,RCV-006,NEW
RCPT-117995,PO-50036,2025-05-05,09:24:00,SKU-02110,32,31,-1,D-02L-026-4-B,2025-05-05 10:49:00,RCV-001,NEW
RCPT-117938,PO-50036,2025-05-05,08:11:00,SKU-04608,2168,2167,-1,A-02L-025-1-B,2025-05-05 10:04:00,RCV-004,NEW
RCPT-117984,PO-50036,2025-05-05,11:12:00,SKU-02140,313,314,1,B-01R-020-2-B,2025-05-05 13:51:00,RCV-001,NEW
RCPT-118000,PO-50036,2025-05-05,12:05:00,SKU-01916,40,42,2,B-03R-014-2-A,2025-05-05 14:06:00,RCV-003,NEW
RCPT-117953,PO-50036,2025-05-05,11:10:00,SKU-04803,37,39,2,B-02L-004-5-A,2025-05-05 12:28:00,RCV-001,NEW
RCPT-117993,PO-50036,2025-05-05,09:51:00,SKU-01043,54,55,1,A-03L-007-2-B,2025-05-05 12:20:00,RCV-002,NEW
RCPT-117949,PO-50036,2025-05-05,07:45:00,SKU-03398,12,14,2,E-02L-018-1-A,2025-05-05 10:00:00,RCV-007,NEW
RCPT-117987,PO-50036,2025-05-05,06:18:00,SKU-01996,12,13,1,D-03L-001-1-A,2025-05-05 08:50:00,RCV-003,NEW
RCPT-117917,PO-50036,2025-05-05,09:18:00,SKU-00108,31,31,0,B-03L-019-4-A,2025-05-05 12:04:00,RCV-006,NEW
RCPT-117914,PO-50036,2025-05-05,12:08:00,SKU-04042,12,10,-2,E-02R-019-2-A,2025-05-05 14:17:00,RCV-006,NEW
RCPT-117890,PO-50036,2025-05-05,11:15:00,SKU-01721,857,857,0,A-04L-015-4-B,2025-05-05 13:42:00,RCV-002,NEW
RCPT-117877,PO-50036,2025-05-05,11:31:00,SKU-03466,13,11,-2,B-02L-010-4-A,2025-05-05 12:08:00,RCV-005,NEW
RCPT-117865,PO-50036,2025-05-05,07:52:00,SKU-00838,720,721,1,A-03L-009-1-B,2025-05-05 08:51:00,RCV-005,NEW
RCPT-117996,PO-50036,2025-05-05,08:58:00,SKU-00194,15,15,0,C-03R-007-2-A,2025-05-05 09:36:00,RCV-007,NEW
RCPT-117989,PO-50036,2025-05-05,09:52:00,SKU-00367,76,74,-2,A-04L-014-1-B,2025-05-05 10:24:00,RCV-003,NEW
RCPT-117887,PO-50036,2025-05-05,06:39:00,SKU-04959,155,154,-1,B-01L-008-1-B,2025-05-05 07:28:00,RCV-002,NEW
RCPT-117927,PO-50036,2025-05-05,12:52:00,SKU-00046,331,331,0,B-03L-005-2-A,2025-05-05 13:26:00,RCV-003,NEW
RCPT-117902,PO-50036,2025-05-05,10:21:00,SKU-02522,13,11,-2,E-01R-002-5-A,2025-05-05 10:56:00,RCV-008,NEW
RCPT-117967,PO-50036,2025-05-05,10:42:00,SKU-03018,546,545,-1,C-02L-015-3-B,2025-05-05 13:32:00,RCV-007,NEW
RCPT-117903,PO-50036,2025-05-05,12:02:00,SKU-01331,793,793,0,A-03R-003-4-B,2025-05-05 13:10:00,RCV-004,NEW
RCPT-117979,PO-50036,2025-05-05,12:42:00,SKU-02807,135,135,0,A-02L-026-2-A,2025-05-05 14:58:00,RCV-003,NEW
RCPT-117929,PO-50036,2025-05-05,08:32:00,SKU-04475,68,68,0,A-01L-026-4-A,2025-05-05 10:22:00,RCV-006,NEW
RCPT-117923,PO-50036,2025-05-05,11:06:00,SKU-01339,51,52,1,B-04R-005-2-A,2025-05-05 12:57:00,RCV-004,NEW
RCPT-117861,PO-50036,2025-05-05,08:03:00,SKU-00018,41,40,-1,B-03L-014-2-A,2025-05-05 09:57:00,RCV-002,NEW
RCPT-117863,PO-50036,2025-05-05,07:04:00,SKU-04778,159,160,1,B-01L-023-3-B,2025-05-05 08:48:00,RCV-004,NEW
RCPT-117969,PO-50036,2025-05-05,08:31:00,SKU-03508,12,12,0,E-02L-021-5-B,2025-05-05 11:15:00,RCV-005,NEW
RCPT-117876,PO-50036,2025-05-05,09:23:00,SKU-04112,12,14,2,E-01R-002-1-B,2025-05-05 12:15:00,RCV-008,NEW
RCPT-117934,PO-50036,2025-05-05,12:28:00,SKU-00066,12,13,1,D-03R-020-1-B,2025-05-05 14:31:00,RCV-003,NEW
RCPT-118068,PO-50036,2025-05-06,12:45:00,SKU-02108,12,13,1,D-01R-014-2-A,2025-05-06 15:04:00,RCV-003,NEW
RCPT-118128,PO-50036,2025-05-06,08:54:00,SKU-00274,12,14,2,B-03R-019-3-B,2025-05-06 11:23:00,RCV-002,NEW
RCPT-118107,PO-50036,2025-05-06,10:52:00,SKU-00758,13,11,-2,C-04R-018-4-A,2025-05-06 12:08:00,RCV-006,NEW
RCPT-118179,PO-50036,2025-05-06,11:02:00,SKU-04528,1244,1246,2,B-02R-014-3-B,2025-05-06 12:08:00,RCV-006,NEW
RCPT-118166,PO-50036,2025-05-06,08:17:00,SKU-00376,369,371,2,B-04L-004-2-B,2025-05-06 09:50:00,RCV-005,NEW
RCPT-118170,PO-50036,2025-05-06,09:19:00,SKU-01073,269,267,-2,B-04R-005-1-A,2025-05-06 12:14:00,RCV-008,NEW
RCPT-118134,PO-50036,2025-05-06,11:34:00,SKU-03804,12,14,2,B-01L-007-4-B,2025-05-06 13:29:00,RCV-008,NEW
RCPT-118084,PO-50036,2025-05-06,08:29:00,SKU-01039,12,12,0,C-03R-020-2-B,2025-05-06 09:03:00,RCV-003,NEW
RCPT-118042,PO-50036,2025-05-06,09:28:00,SKU-01721,1448,1446,-2,A-04L-015-4-B,2025-05-06 11:57:00,RCV-006,NEW
RCPT-118098,PO-50036,2025-05-06,06:43:00,SKU-02688,43,41,-2,D-02R-012-4-A,2025-05-06 08:03:00,RCV-003,NEW
RCPT-118159,PO-50036,2025-05-06,12:02:00,SKU-04154,31,33,2,A-01L-006-3-A,2025-05-06 13:23:00,RCV-001,NEW
RCPT-118149,PO-50036,2025-05-06,10:05:00,SKU-03825,272,271,-1,B-01R-003-2-A,2025-05-06 12:57:00,RCV-008,NEW
RCPT-118079,PO-50036,2025-05-06,06:29:00,SKU-02851,120,120,0,B-02R-007-4-A,2025-05-06 07:23:00,RCV-007,NEW
RCPT-118043,PO-50036,2025-05-06,11:47:00,SKU-03824,14,16,2,A-02R-020-3-A,2025-05-06 12:36:00,RCV-008,NEW
RCPT-118095,PO-50036,2025-05-06,09:51:00,SKU-04881,125,125,0,C-01L-019-5-B,2025-05-06 12:42:00,RCV-005,NEW
RCPT-118127,PO-50036,2025-05-06,09:52:00,SKU-02104,3120,3122,2,B-01R-002-1-A,2025-05-06 12:07:00,RCV-006,NEW
RCPT-118130,PO-50036,2025-05-06,12:55:00,SKU-02738,20,20,0,B-02L-024-3-A,2025-05-06 13:29:00,RCV-003,NEW
RCPT-118056,PO-50036,2025-05-06,11:11:00,SKU-04183,174,175,1,A-01L-010-2-B,2025-05-06 12:07:00,RCV-004,NEW
RCPT-118055,PO-50036,2025-05-06,12:15:00,SKU-02681,1762,1762,0,A-01R-018-4-B,2025-05-06 13:13:00,RCV-006,NEW
RCPT-118026,PO-50036,2025-05-06,11:23:00,SKU-02140,466,467,1,B-01R-020-2-B,2025-05-06 14:15:00,RCV-002,NEW
RCPT-118129,PO-50036,2025-05-06,11:59:00,SKU-04339,12,10,-2,B-02L-013-3-A,2025-05-06 14:38:00,RCV-003,NEW
RCPT-118121,PO-50036,2025-05-06,06:02:00,SKU-03181,12,10,-2,B-01R-014-4-B,2025-05-06 07:17:00,RCV-008,NEW
RCPT-118162,PO-50036,2025-05-06,10:57:00,SKU-04803,21,19,-2,B-02L-004-5-A,2025-05-06 13:37:00,RCV-002,NEW
RCPT-118054,PO-50036,2025-05-06,12:44:00,SKU-02624,894,896,2,A-02R-022-1-A,2025-05-06 15:17:00,RCV-001,NEW
RCPT-118147,PO-50036,2025-05-06,09:46:00,SKU-04207,12,12,0,C-01R-014-1-A,2025-05-06 10:47:00,RCV-004,NEW
RCPT-118075,PO-50036,2025-05-06,11:14:00,SKU-03068,12,11,-1,B-02R-023-5-A,2025-05-06 12:51:00,RCV-004,NEW
RCPT-118109,PO-50036,2025-05-06,12:43:00,SKU-00838,451,453,2,A-03L-009-1-B,2025-05-06 13:58:00,RCV-006,DAMAGED
RCPT-118154,PO-50036,2025-05-06,09:37:00,SKU-00217,106,106,0,C-03L-019-3-B,2025-05-06 12:00:00,RCV-004,NEW
RCPT-118089,PO-50036,2025-05-06,06:35:00,SKU-00422,150,151,1,A-03R-005-2-B,2025-05-06 08:36:00,RCV-003,NEW
RCPT-118125,PO-50036,2025-05-06,07:31:00,SKU-04463,22,20,-2,A-02R-010-3-B,2025-05-06 10:01:00,RCV-006,NEW
RCPT-118131,PO-50036,2025-05-06,10:29:00,SKU-01552,693,691,-2,A-04R-001-1-B,2025-05-06 13:07:00,RCV-006,NEW
RCPT-118178,PO-50036,2025-05-06,10:37:00,SKU-02527,30,31,1,D-01L-014-4-B,2025-05-06 13:08:00,RCV-004,NEW
RCPT-118010,PO-50036,2025-05-06,08:42:00,SKU-02908,4730,4728,-2,B-02L-005-3-A,2025-05-06 09:21:00,RCV-001,NEW
RCPT-118013,PO-50036,2025-05-06,06:19:00,SKU-00210,34,34,0,C-04L-013-2-B,2025-05-06 08:17:00,RCV-002,NEW
RCPT-118150,PO-50036,2025-05-06,11:14:00,SKU-02907,77,75,-2,B-01L-012-2-A,2025-05-06 13:10:00,RCV-005,NEW
RCPT-118035,PO-50036,2025-05-06,11:33:00,SKU-00130,48,47,-1,A-03R-001-2-A,2025-05-06 13:37:00,RCV-007,NEW
RCPT-118240,PO-50036,2025-05-07,11:46:00,SKU-03496,604,605,1,B-01R-016-5-B,2025-05-07 12:17:00,RCV-002,NEW
RCPT-118306,PO-50036,2025-05-07,09:39:00,SKU-02406,45,45,0,B-01R-024-3-B,2025-05-07 11:17:00,RCV-002,NEW
RCPT-118325,PO-50036,2025-05-07,09:29:00,SKU-04563,153,151,-2,A-02L-022-4-B,2025-05-07 12:16:00,RCV-007,NEW
RCPT-118318,PO-50036,2025-05-07,06:52:00,SKU-01393,12,12,0,B-03L-008-2-A,2025-05-07 08:11:00,RCV-008,NEW
RCPT-118229,PO-50036,2025-05-07,10:23:00,SKU-04537,18,20,2,C-01L-002-4-B,2025-05-07 12:41:00,RCV-007,NEW
RCPT-118187,PO-50036,2025-05-07,08:32:00,SKU-04435,602,600,-2,A-02R-016-4-A,2025-05-07 10:21:00,RCV-003,NEW
RCPT-118254,PO-50036,2025-05-07,09:17:00,SKU-04707,42,44,2,B-01L-019-4-B,2025-05-07 11:32:00,RCV-007,NEW
RCPT-118260,PO-50036,2025-05-07,06:34:00,SKU-01873,130,128,-2,B-03R-018-4-A,2025-05-07 08:45:00,RCV-001,NEW
RCPT-118190,PO-50036,2025-05-07,08:27:00,SKU-02366,5599,5598,-1,A-01R-020-4-A,2025-05-07 09:01:00,RCV-001,NEW
RCPT-118236,PO-50036,2025-05-07,07:20:00,SKU-00643,181,181,0,A-03R-014-2-B,2025-05-07 08:48:00,RCV-004,NEW
RCPT-118289,PO-50036,2025-05-07,09:22:00,SKU-03263,12,14,2,D-01L-012-5-B,2025-05-07 12:00:00,RCV-006,NEW
RCPT-118183,PO-50036,2025-05-07,06:22:00,SKU-00742,12,13,1,B-04L-015-3-B,2025-05-07 07:07:00,RCV-002,NEW
RCPT-118206,PO-50036,2025-05-07,07:39:00,SKU-02104,2720,2722,2,B-01R-002-1-A,2025-05-07 08:17:00,RCV-003,NEW
RCPT-118231,PO-50036,2025-05-07,12:48:00,SKU-03356,104,104,0,A-02L-015-2-A,2025-05-07 14:05:00,RCV-001,NEW
RCPT-118275,PO-50036,2025-05-07,07:59:00,SKU-01490,1588,1590,2,B-04R-009-1-A,2025-05-07 09:06:00,RCV-006,NEW
RCPT-118189,PO-50036,2025-05-07,06:34:00,SKU-00399,15,15,0,C-04L-002-3-B,2025-05-07 07:26:00,RCV-005,NEW
RCPT-118198,PO-50036,2025-05-07,10:17:00,SKU-00872,5238,5237,-1,A-04L-005-1-A,2025-05-07 11:33:00,RCV-007,NEW
RCPT-118214,PO-50036,2025-05-07,11:38:00,SKU-00408,170,172,2,A-03L-009-1-A,2025-05-07 13:52:00,RCV-002,NEW
RCPT-118220,PO-50036,2025-05-07,10:37:00,SKU-04041,6274,6273,-1,A-02R-002-2-B,2025-05-07 12:18:00,RCV-004,NEW
RCPT-118232,PO-50036,2025-05-07,11:52:00,SKU-00192,12,13,1,C-04L-009-4-A,2025-05-07 14:39:00,RCV-003,NEW
RCPT-118269,PO-50036,2025-05-07,11:16:00,SKU-02880,13,13,0,E-02L-007-3-B,2025-05-07 13:09:00,RCV-002,NEW
RCPT-118223,PO-50036,2025-05-07,10:41:00,SKU-04042,14,12,-2,E-02R-019-2-A,2025-05-07 12:06:00,RCV-006,NEW
RCPT-118277,PO-50036,2025-05-07,10:37:00,SKU-02050,1061,1059,-2,C-02L-007-1-A,2025-05-07 12:31:00,RCV-004,NEW
RCPT-118191,PO-50036,2025-05-07,08:02:00,SKU-04804,18,19,1,B-02L-012-1-B,2025-05-07 08:33:00,RCV-006,NEW
RCPT-118256,PO-50036,2025-05-07,09:57:00,SKU-04812,12,12,0,E-02L-018-2-A,2025-05-07 12:33:00,RCV-006,NEW
RCPT-118234,PO-50036,2025-05-07,06:21:00,SKU-02508,16,16,0,C-02L-016-5-A,2025-05-07 08:26:00,RCV-004,NEW
RCPT-118192,PO-50036,2025-05-07,10:50:00,SKU-01204,2802,2800,-2,A-03R-016-1-B,2025-05-07 13:48:00,RCV-003,NEW
RCPT-118292,PO-50036,2025-05-07,06:58:00,SKU-04754,71,72,1,A-01L-001-1-B,2025-05-07 09:14:00,RCV-001,NEW
RCPT-118469,PO-50036,2025-05-08,10:52:00,SKU-01395,20,18,-2,D-03R-003-3-B,2025-05-08 11:41:00,RCV-005,NEW
RCPT-118331,PO-50036,2025-05-08,11:33:00,SKU-04457,1997,1996,-1,A-01L-020-2-B,2025-05-08 12:10:00,RCV-001,NEW
RCPT-118479,PO-50036,2025-05-08,11:56:00,SKU-04880,14,14,0,D-02L-023-4-A,2025-05-08 13:08:00,RCV-003,NEW
RCPT-118363,PO-50036,2025-05-08,09:12:00,SKU-04008,12,13,1,E-02L-025-1-B,2025-05-08 10:45:00,RCV-002,NEW
RCPT-118493,PO-50036,2025-05-08,07:31:00,SKU-04807,159,158,-1,B-02L-013-3-B,2025-05-08 09:08:00,RCV-006,NEW
RCPT-118442,PO-50036,2025-05-08,10:19:00,SKU-03080,27,27,0,C-01L-018-3-B,2025-05-08 11:39:00,RCV-007,NEW
RCPT-118396,PO-50036,2025-05-08,10:41:00,SKU-03995,32,34,2,B-02R-012-4-B,2025-05-08 13:12:00,RCV-008,NEW
RCPT-118433,PO-50036,2025-05-08,07:38:00,SKU-02050,886,888,2,C-02L-007-1-A,2025-05-08 08:22:00,RCV-007,NEW
RCPT-118482,PO-50036,2025-05-08,08:28:00,SKU-02955,30,31,1,B-01R-006-3-B,2025-05-08 10:25:00,RCV-005,NEW
RCPT-118459,PO-50036,2025-05-08,10:12:00,SKU-00341,65,63,-2,A-04R-007-1-A,2025-05-08 11:23:00,RCV-007,NEW
RCPT-118403,PO-50036,2025-05-08,07:28:00,SKU-04814,570,571,1,B-02R-017-4-A,2025-05-08 09:53:00,RCV-001,NEW
RCPT-118453,PO-50036,2025-05-08,08:45:00,SKU-00858,12,10,-2,B-04L-005-1-B,2025-05-08 10:19:00,RCV-007,NEW
RCPT-118357,PO-50036,2025-05-08,06:01:00,SKU-00463,12,14,2,E-03R-015-2-B,2025-05-08 06:59:00,RCV-006,DAMAGED
RCPT-118336,PO-50036,2025-05-08,12:24:00,SKU-02908,5894,5894,0,B-02L-005-3-A,2025-05-08 13:50:00,RCV-008,NEW
RCPT-118355,PO-50036,2025-05-08,08:11:00,SKU-02432,16,14,-2,B-02R-013-5-A,2025-05-08 10:38:00,RCV-007,NEW
RCPT-118488,PO-50036,2025-05-08,09:44:00,SKU-04425,103,104,1,A-01L-019-1-B,2025-05-08 11:40:00,RCV-004,NEW
RCPT-118338,PO-50036,2025-05-08,08:08:00,SKU-01204,2444,2446,2,A-03R-016-1-B,2025-05-08 10:18:00,RCV-002,NEW
RCPT-118464,PO-50036,2025-05-08,07:28:00,SKU-01495,12,11,-1,C-03R-017-1-A,2025-05-08 09:27:00,RCV-006,NEW
RCPT-118361,PO-50036,2025-05-08,08:42:00,SKU-02737,146,144,-2,D-01L-021-5-A,2025-05-08 10:25:00,RCV-001,NEW
RCPT-118349,PO-50036,2025-05-08,07:17:00,SKU-02366,2226,2226,0,A-01R-020-4-A,2025-05-08 09:55:00,RCV-002,NEW
RCPT-118500,PO-50036,2025-05-08,08:52:00,SKU-01857,125,123,-2,A-04R-005-1-A,2025-05-08 11:18:00,RCV-003,NEW
RCPT-118502,PO-50036,2025-05-08,11:08:00,SKU-00799,12,11,-1,B-04R-015-1-B,2025-05-08 13:55:00,RCV-006,NEW
RCPT-118406,PO-50036,2025-05-08,08:05:00,SKU-00037,1166,1164,-2,A-03L-004-3-A,2025-05-08 08:57:00,RCV-007,NEW
RCPT-118379,PO-50036,2025-05-08,12:48:00,SKU-02575,50,48,-2,A-01L-016-2-A,2025-05-08 13:29:00,RCV-001,NEW
RCPT-118436,PO-50036,2025-05-08,07:40:00,SKU-01126,77,79,2,D-03L-005-3-B,2025-05-08 08:59:00,RCV-006,NEW
RCPT-118385,PO-50036,2025-05-08,12:16:00,SKU-00622,12,12,0,D-04R-007-3-A,2025-05-08 12:54:00,RCV-004,NEW
RCPT-118373,PO-50036,2025-05-08,06:20:00,SKU-01245,125,127,2,B-03L-017-1-B,2025-05-08 08:56:00,RCV-008,NEW
RCPT-118448,PO-50036,2025-05-08,08:02:00,SKU-02085,1321,1320,-1,D-02R-008-1-A,2025-05-08 09:44:00,RCV-004,DAMAGED
RCPT-118430,PO-50036,2025-05-08,07:01:00,SKU-01440,102,102,0,A-03L-011-3-B,2025-05-08 07:38:00,RCV-006,NEW
RCPT-118365,PO-50036,2025-05-08,10:48:00,SKU-02242,172,171,-1,B-02R-026-1-A,2025-05-08 13:47:00,RCV-003,NEW
RCPT-118455,PO-50036,2025-05-08,08:30:00,SKU-02709,14,16,2,D-01R-015-4-A,2025-05-08 10:17:00,RCV-006,NEW
RCPT-118342,PO-50036,2025-05-08,08:41:00,SKU-02609,2896,2895,-1,C-01R-013-1-B,2025-05-08 10:19:00,RCV-005,NEW
RCPT-118356,PO-50036,2025-05-08,12:18:00,SKU-00713,12,14,2,E-03L-008-1-B,2025-05-08 12:50:00,RCV-005,NEW
RCPT-118457,PO-50036,2025-05-08,12:26:00,SKU-00303,215,217,2,B-03L-008-1-A,2025-05-08 13:51:00,RCV-006,NEW
RCPT-118465,PO-50036,2025-05-08,12:33:00,SKU-02663,45,47,2,E-01R-023-2-B,2025-05-08 13:30:00,RCV-007,NEW
RCPT-118466,PO-50036,2025-05-08,07:21:00,SKU-00673,228,226,-2,C-03L-015-4-A,2025-05-08 09:58:00,RCV-004,NEW
RCPT-118358,PO-50036,2025-05-08,07:28:00,SKU-02125,2505,2504,-1,A-01R-020-2-B,2025-05-08 10:00:00,RCV-003,NEW
RCPT-118399,PO-50036,2025-05-08,06:12:00,SKU-02907,61,63,2,B-01L-012-2-A,2025-05-08 07:21:00,RCV-008,NEW
RCPT-118462,PO-50036,2025-05-08,10:07:00,SKU-04858,12,12,0,E-01R-016-3-A,2025-05-08 10:49:00,RCV-004,NEW
RCPT-118496,PO-50036,2025-05-08,11:22:00,SKU-03787,212,214,2,C-02L-018-1-B,2025-05-08 12:42:00,RCV-001,NEW
RCPT-118492,PO-50036,2025-05-08,12:00:00,SKU-00983,91,91,0,A-03R-013-4-B,2025-05-08 13:05:00,RCV-001,NEW
RCPT-118391,PO-50036,2025-05-08,08:04:00,SKU-00112,16,14,-2,B-04L-009-4-A,2025-05-08 09:38:00,RCV-003,NEW
RCPT-118370,PO-50036,2025-05-08,09:31:00,SKU-00872,4150,4151,1,A-04L-005-1-A,2025-05-08 11:20:00,RCV-006,NEW
RCPT-118558,PO-50036,2025-05-09,09:15:00,SKU-00241,12,10,-2,D-04R-016-4-B,2025-05-09 10:34:00,RCV-001,NEW
RCPT-118596,PO-50036,2025-05-09,11:10:00,SKU-04609,13,13,0,C-02L-014-4-B,2025-05-09 12:54:00,RCV-007,NEW
RCPT-118549,PO-50036,2025-05-09,11:18:00,SKU-04247,36,35,-1,B-01R-022-4-B,2025-05-09 12:02:00,RCV-002,NEW
RCPT-118505,PO-50036,2025-05-09,09:24:00,SKU-03444,59,60,1,D-01L-004-1-A,2025-05-09 10:43:00,RCV-005,NEW
RCPT-118583,PO-50036,2025-05-09,06:10:00,SKU-01684,12,10,-2,D-04L-013-4-A,2025-05-09 08:49:00,RCV-006,NEW
RCPT-118614,PO-50036,2025-05-09,08:06:00,SKU-04767,17,18,1,B-01L-007-2-B,2025-05-09 09:07:00,RCV-001,NEW
RCPT-118654,PO-50036,2025-05-09,08:15:00,SKU-03785,12,12,0,C-02R-008-3-B,2025-05-09 10:39:00,RCV-004,NEW
RCPT-118646,PO-50036,2025-05-09,08:48:00,SKU-04116,274,276,2,B-02L-002-3-A,2025-05-09 09:30:00,RCV-007,NEW
RCPT-118593,PO-50036,2025-05-09,12:21:00,SKU-03934,14,15,1,B-01R-007-1-A,2025-05-09 14:25:00,RCV-004,NEW
RCPT-118569,PO-50036,2025-05-09,07:51:00,SKU-00724,36,34,-2,E-04R-005-3-A,2025-05-09 09:08:00,RCV-004,NEW
RCPT-118672,PO-50036,2025-05-09,10:45:00,SKU-01485,38,39,1,D-04L-007-3-B,2025-05-09 13:22:00,RCV-008,NEW
RCPT-118659,PO-50036,2025-05-09,08:36:00,SKU-04623,114,116,2,B-01R-007-5-A,2025-05-09 11:06:00,RCV-002,NEW
RCPT-118548,PO-50036,2025-05-09,09:12:00,SKU-02609,1357,1358,1,C-01R-013-1-B,2025-05-09 11:22:00,RCV-005,NEW
RCPT-118538,PO-50036,2025-05-09,11:59:00,SKU-01873,99,99,0,B-03R-018-4-A,2025-05-09 12:41:00,RCV-007,NEW
RCPT-118576,PO-50036,2025-05-09,09:04:00,SKU-01068,102,100,-2,B-03L-012-3-B,2025-05-09 10:10:00,RCV-004,NEW
RCPT-118577,PO-50036,2025-05-09,07:00:00,SKU-04387,12,11,-1,B-01L-016-4-A,2025-05-09 07:51:00,RCV-001,NEW
RCPT-118611,PO-50036,2025-05-09,10:26:00,SKU-00871,25,26,1,A-03R-010-4-B,2025-05-09 12:22:00,RCV-004,NEW
RCPT-118551,PO-50036,2025-05-09,08:54:00,SKU-00411,41,43,2,C-03L-008-4-A,2025-05-09 11:46:00,RCV-005,NEW
RCPT-118547,PO-50036,2025-05-09,12:57:00,SKU-03184,34,36,2,A-02R-019-4-B,2025-05-09 15:13:00,RCV-003,NEW
RCPT-118563,PO-50036,2025-05-09,12:24:00,SKU-01652,319,319,0,B-04R-013-1-B,2025-05-09 14:56:00,RCV-008,NEW
RCPT-118650,PO-50036,2025-05-09,06:41:00,SKU-03830,128,129,1,A-02R-011-1-A,2025-05-09 07:12:00,RCV-005,NEW
RCPT-118651,PO-50036,2025-05-09,09:22:00,SKU-01019,839,841,2,B-03R-014-1-A,2025-05-09 11:02:00,RCV-002,NEW
RCPT-118508,PO-50036,2025-05-09,09:20:00,SKU-00872,3683,3684,1,A-04L-005-1-A,2025-05-09 10:59:00,RCV-001,NEW
RCPT-118530,PO-50036,2025-05-09,09:02:00,SKU-02420,566,565,-1,B-01L-005-4-B,2025-05-09 11:55:00,RCV-007,NEW
RCPT-118600,PO-50036,2025-05-09,10:53:00,SKU-03823,742,743,1,C-02R-020-1-B,2025-05-09 13:44:00,RCV-005,NEW
RCPT-118575,PO-50036,2025-05-09,11:14:00,SKU-03881,1100,1102,2,B-02R-002-4-A,2025-05-09 13:24:00,RCV-001,NEW
RCPT-118665,PO-50036,2025-05-09,06:38:00,SKU-01170,633,633,0,A-03L-002-3-B,2025-05-09 08:02:00,RCV-005,NEW
RCPT-118585,PO-50036,2025-05-09,12:44:00,SKU-00084,167,165,-2,A-03L-015-3-A,2025-05-09 14:37:00,RCV-002,NEW
RCPT-118641,PO-50036,2025-05-09,07:33:00,SKU-00037,1136,1134,-2,A-03L-004-3-A,2025-05-09 09:49:00,RCV-008,NEW
RCPT-118524,PO-50036,2025-05-09,12:01:00,SKU-03727,6423,6421,-2,B-02R-023-4-A,2025-05-09 14:34:00,RCV-001,NEW
RCPT-118590,PO-50036,2025-05-09,10:09:00,SKU-04819,12,13,1,D-02L-004-3-B,2025-05-09 12:24:00,RCV-008,NEW
RCPT-118648,PO-50036,2025-05-09,09:10:00,SKU-02851,99,100,1,B-02R-007-4-A,2025-05-09 11:52:00,RCV-003,NEW
RCPT-118512,PO-50036,2025-05-09,12:32:00,SKU-02125,1332,1332,0,A-01R-020-2-B,2025-05-09 13:34:00,RCV-005,NEW
RCPT-118652,PO-50036,2025-05-09,12:45:00,SKU-04972,24,24,0,B-02L-002-3-B,2025-05-09 15:38:00,RCV-006,NEW
RCPT-118523,PO-50036,2025-05-09,11:34:00,SKU-04166,37,39,2,A-02L-020-5-B,2025-05-09 13:06:00,RCV-008,NEW
RCPT-118622,PO-50036,2025-05-09,09:34:00,SKU-02384,24,22,-2,B-02L-026-1-A,2025-05-09 11:18:00,RCV-006,NEW
RCPT-118526,PO-50036,2025-05-09,12:48:00,SKU-04768,723,724,1,A-01R-021-2-A,2025-05-09 15:24:00,RCV-006,DAMAGED
RCPT-118687,PO-50037,2025-05-10,09:39:00,SKU-03591,13,11,-2,B-01L-026-2-A,2025-05-10 10:32:00,RCV-004,NEW
RCPT-118750,PO-50037,2025-05-10,11:17:00,SKU-01232,12,11,-1,D-03R-013-3-B,2025-05-10 12:31:00,RCV-005,NEW
RCPT-118801,PO-50037,2025-05-10,08:58:00,SKU-01846,46,46,0,B-03R-002-1-A,2025-05-10 11:02:00,RCV-005,NEW
RCPT-118780,PO-50037,2025-05-10,09:14:00,SKU-00872,5118,5117,-1,A-04L-005-1-A,2025-05-10 09:46:00,RCV-001,NEW
RCPT-118784,PO-50037,2025-05-10,10:01:00,SKU-04768,603,604,1,A-01R-021-2-A,2025-05-10 12:11:00,RCV-008,NEW
RCPT-118861,PO-50037,2025-05-10,11:14:00,SKU-04775,728,729,1,A-02R-001-5-B,2025-05-10 12:37:00,RCV-001,NEW
RCPT-118728,PO-50037,2025-05-10,10:29:00,SKU-04370,529,528,-1,A-02R-026-5-A,2025-05-10 12:52:00,RCV-008,NEW
RCPT-118698,PO-50037,2025-05-10,12:19:00,SKU-03823,1018,1020,2,C-02R-020-1-B,2025-05-10 13:24:00,RCV-006,NEW
RCPT-118746,PO-50037,2025-05-10,08:27:00,SKU-02202,202,202,0,C-01R-025-1-B,2025-05-10 09:20:00,RCV-001,NEW
RCPT-118819,PO-50037,2025-05-10,07:26:00,SKU-00643,169,171,2,A-03R-014-2-B,2025-05-10 08:28:00,RCV-001,NEW
RCPT-118813,PO-50037,2025-05-10,09:57:00,SKU-00983,76,77,1,A-03R-013-4-B,2025-05-10 10:40:00,RCV-006,NEW
RCPT-118683,PO-50037,2025-05-10,12:13:00,SKU-02609,1540,1539,-1,C-01R-013-1-B,2025-05-10 14:43:00,RCV-003,NEW
RCPT-118772,PO-50037,2025-05-10,09:46:00,SKU-03018,296,296,0,C-02L-015-3-B,2025-05-10 12:39:00,RCV-005,NEW
RCPT-118825,PO-50037,2025-05-10,12:09:00,SKU-03774,82,82,0,B-02L-023-2-A,2025-05-10 13:47:00,RCV-007,NEW
RCPT-118761,PO-50037,2025-05-10,08:09:00,SKU-03058,12,10,-2,B-01R-005-3-B,2025-05-10 11:01:00,RCV-006,NEW
RCPT-118760,PO-50037,2025-05-10,08:55:00,SKU-00718,54,55,1,A-04R-001-4-B,2025-05-10 11:12:00,RCV-001,NEW
RCPT-118680,PO-50037,2025-05-10,06:01:00,SKU-02585,3237,3238,1,A-01R-012-4-A,2025-05-10 07:56:00,RCV-006,NEW
RCPT-118856,PO-50037,2025-05-10,08:43:00,SKU-04990,28,29,1,D-01R-016-1-B,2025-05-10 10:50:00,RCV-002,NEW
RCPT-118796,PO-50037,2025-05-10,10:59:00,SKU-03205,68,67,-1,C-02L-026-1-B,2025-05-10 13:49:00,RCV-003,NEW
RCPT-118679,PO-50037,2025-05-10,12:12:00,SKU-04697,19,17,-2,D-02L-014-4-A,2025-05-10 14:02:00,RCV-002,NEW
RCPT-118749,PO-50037,2025-05-10,08:18:00,SKU-01490,2160,2162,2,B-04R-009-1-A,2025-05-10 10:42:00,RCV-004,NEW
RCPT-118744,PO-50037,2025-05-10,06:12:00,SKU-04993,14,14,0,E-01L-017-2-A,2025-05-10 08:04:00,RCV-008,NEW
RCPT-118779,PO-50037,2025-05-10,07:28:00,SKU-00025,13,15,2,B-03L-020-3-A,2025-05-10 09:36:00,RCV-005,NEW
RCPT-118709,PO-50037,2025-05-10,12:27:00,SKU-04499,17,18,1,D-01L-016-1-A,2025-05-10 13:14:00,RCV-006,NEW
RCPT-118812,PO-50037,2025-05-10,09:48:00,SKU-02810,12,13,1,B-02R-011-2-B,2025-05-10 11:00:00,RCV-002,NEW
RCPT-118811,PO-50037,2025-05-10,08:26:00,SKU-03635,359,359,0,A-02R-019-5-A,2025-05-10 10:30:00,RCV-007,NEW
RCPT-118815,PO-50037,2025-05-10,10:25:00,SKU-01399,27,27,0,B-03R-005-2-A,2025-05-10 11:56:00,RCV-001,NEW
RCPT-118783,PO-50037,2025-05-10,06:25:00,SKU-02140,659,659,0,B-01R-020-2-B,2025-05-10 07:31:00,RCV-007,NEW
RCPT-118846,PO-50037,2025-05-10,09:57:00,SKU-01407,72,71,-1,A-04L-005-1-B,2025-05-10 12:23:00,RCV-004,NEW
RCPT-118740,PO-50037,2025-05-10,06:04:00,SKU-00403,34,33,-1,B-03L-009-1-B,2025-05-10 08:57:00,RCV-007,NEW
RCPT-118848,PO-50037,2025-05-10,08:32:00,SKU-02357,207,205,-2,C-02L-006-2-A,2025-05-10 11:21:00,RCV-006,NEW
RCPT-118720,PO-50037,2025-05-10,07:29:00,SKU-01822,12,12,0,C-03L-004-1-A,2025-05-10 08:32:00,RCV-007,NEW
RCPT-118967,PO-50037,2025-05-12,09:05:00,SKU-02937,311,310,-1,C-02R-019-5-A,2025-05-12 11:15:00,RCV-006,NEW
RCPT-118957,PO-50037,2025-05-12,08:06:00,SKU-02085,1183,1185,2,D-02R-008-1-A,2025-05-12 08:44:00,RCV-006,NEW
RCPT-118906,PO-50037,2025-05-12,09:31:00,SKU-04957,12,14,2,C-01L-021-1-A,2025-05-12 10:20:00,RCV-003,NEW
RCPT-119000,PO-50037,2025-05-12,10:12:00,SKU-00446,273,271,-2,B-04L-006-4-A,2025-05-12 13:11:00,RCV-007,NEW
RCPT-118932,PO-50037,2025-05-12,08:19:00,SKU-02390,32,34,2,C-01L-020-1-B,2025-05-12 10:29:00,RCV-004,NEW
RCPT-119024,PO-50037,2025-05-12,10:34:00,SKU-04246,32,34,2,A-01L-024-1-A,2025-05-12 11:25:00,RCV-004,NEW
RCPT-118961,PO-50037,2025-05-12,09:46:00,SKU-04801,14,14,0,E-01L-015-2-B,2025-05-12 11:59:00,RCV-004,NEW
RCPT-119007,PO-50037,2025-05-12,07:56:00,SKU-02641,17,15,-2,D-02R-014-2-B,2025-05-12 09:12:00,RCV-004,NEW
RCPT-119015,PO-50037,2025-05-12,07:40:00,SKU-02633,25,27,2,C-01L-020-4-A,2025-05-12 09:30:00,RCV-003,NEW
RCPT-118966,PO-50037,2025-05-12,09:25:00,SKU-02609,2293,2294,1,C-01R-013-1-B,2025-05-12 11:05:00,RCV-005,NEW
RCPT-119027,PO-50037,2025-05-12,06:15:00,SKU-04015,54,54,0,A-02R-020-1-B,2025-05-12 08:12:00,RCV-003,NEW
RCPT-118892,PO-50037,2025-05-12,12:08:00,SKU-02125,1434,1432,-2,A-01R-020-2-B,2025-05-12 14:25:00,RCV-004,NEW
RCPT-118933,PO-50037,2025-05-12,07:12:00,SKU-04304,114,113,-1,A-02R-022-3-B,2025-05-12 09:18:00,RCV-001,NEW
RCPT-118992,PO-50037,2025-05-12,10:18:00,SKU-02034,634,635,1,A-02L-014-4-B,2025-05-12 11:35:00,RCV-004,NEW
RCPT-119012,PO-50037,2025-05-12,07:44:00,SKU-01032,51,50,-1,A-03L-009-3-B,2025-05-12 08:50:00,RCV-007,NEW
RCPT-118893,PO-50037,2025-05-12,11:26:00,SKU-00034,337,337,0,A-04L-017-3-A,2025-05-12 13:31:00,RCV-001,NEW
RCPT-118878,PO-50037,2025-05-12,10:31:00,SKU-04997,15,13,-2,B-01L-022-1-B,2025-05-12 11:47:00,RCV-001,NEW
RCPT-118969,PO-50037,2025-05-12,09:58:00,SKU-02970,12,12,0,D-02R-021-4-B,2025-05-12 12:47:00,RCV-005,NEW
RCPT-118993,PO-50037,2025-05-12,11:29:00,SKU-02738,23,22,-1,B-02L-024-3-A,2025-05-12 13:06:00,RCV-004,NEW
RCPT-118862,PO-50037,2025-05-12,11:27:00,SKU-01121,854,853,-1,B-04R-017-4-A,2025-05-12 13:46:00,RCV-005,NEW
RCPT-118952,PO-50037,2025-05-12,09:01:00,SKU-04308,257,258,1,B-02R-019-4-A,2025-05-12 09:55:00,RCV-003,NEW
RCPT-118989,PO-50037,2025-05-12,08:19:00,SKU-04183,329,330,1,A-01L-010-2-B,2025-05-12 09:44:00,RCV-006,NEW
RCPT-118963,PO-50037,2025-05-12,09:39:00,SKU-00150,59,60,1,B-03L-004-2-A,2025-05-12 11:04:00,RCV-005,NEW
RCPT-118929,PO-50037,2025-05-12,09:53:00,SKU-01918,96,95,-1,B-04R-013-2-A,2025-05-12 11:16:00,RCV-003,NEW
RCPT-118948,PO-50037,2025-05-12,08:42:00,SKU-02509,1462,1460,-2,B-01L-020-5-A,2025-05-12 10:23:00,RCV-008,NEW
RCPT-119017,PO-50037,2025-05-12,11:08:00,SKU-02570,15,14,-1,C-02L-021-2-A,2025-05-12 12:33:00,RCV-006,NEW
RCPT-118956,PO-50037,2025-05-12,07:37:00,SKU-00958,71,71,0,B-03L-012-2-A,2025-05-12 09:41:00,RCV-007,NEW
RCPT-118871,PO-50037,2025-05-12,08:31:00,SKU-01068,158,157,-1,B-03L-012-3-B,2025-05-12 10:09:00,RCV-003,NEW
RCPT-119004,PO-50037,2025-05-12,10:36:00,SKU-04664,267,266,-1,A-02R-002-3-A,2025-05-12 13:12:00,RCV-001,NEW
RCPT-119026,PO-50037,2025-05-12,07:51:00,SKU-00072,16,18,2,C-04L-012-1-B,2025-05-12 09:02:00,RCV-004,NEW
RCPT-119020,PO-50037,2025-05-12,08:35:00,SKU-02129,16,14,-2,D-01L-024-3-A,2025-05-12 11:19:00,RCV-004,NEW
RCPT-118934,PO-50037,2025-05-12,08:37:00,SKU-02727,40,40,0,C-01L-017-5-A,2025-05-12 11:15:00,RCV-003,NEW
RCPT-118938,PO-50037,2025-05-12,11:49:00,SKU-03671,17,16,-1,A-02R-011-3-A,2025-05-12 13:01:00,RCV-005,NEW
RCPT-118870,PO-50037,2025-05-12,09:52:00,SKU-04041,4537,4539,2,A-02R-002-2-B,2025-05-12 11:39:00,RCV-004,NEW
RCPT-118964,PO-50037,2025-05-12,08:09:00,SKU-02053,91,91,0,A-01R-017-2-A,2025-05-12 10:09:00,RCV-007,NEW
RCPT-118872,PO-50037,2025-05-12,12:53:00,SKU-02908,5317,5317,0,B-02L-005-3-A,2025-05-12 15:25:00,RCV-004,NEW
RCPT-118923,PO-50037,2025-05-12,09:21:00,SKU-04370,799,801,2,A-02R-026-5-A,2025-05-12 10:59:00,RCV-008,NEW
RCPT-118864,PO-50037,2025-05-12,09:29:00,SKU-04457,1684,1685,1,A-01L-020-2-B,2025-05-12 10:51:00,RCV-005,NEW
RCPT-118955,PO-50037,2025-05-12,12:17:00,SKU-01337,12,11,-1,C-03R-003-1-A,2025-05-12 15:02:00,RCV-003,NEW
RCPT-118865,PO-50037,2025-05-12,10:13:00,SKU-02366,4387,4385,-2,A-01R-020-4-A,2025-05-12 12:29:00,RCV-002,NEW
RCPT-118981,PO-50037,2025-05-12,06:06:00,SKU-02363,121,119,-2,A-01R-022-2-A,2025-05-12 07:03:00,RCV-003,NEW
RCPT-118982,PO-50037,2025-05-12,09:57:00,SKU-02828,741,739,-2,A-02L-007-2-A,2025-05-12 11:57:00,RCV-007,NEW
RCPT-118882,PO-50037,2025-05-12,10:22:00,SKU-02467,87,85,-2,A-01R-006-2-B,2025-05-12 12:08:00,RCV-002,NEW
RCPT-118947,PO-50037,2025-05-12,06:59:00,SKU-01678,36,36,0,A-03L-012-3-B,2025-05-12 09:17:00,RCV-007,NEW
RCPT-119075,PO-50037,2025-05-13,09:29:00,SKU-01204,3199,3200,1,A-03R-016-1-B,2025-05-13 11:02:00,RCV-003,NEW
RCPT-119105,PO-50037,2025-05-13,07:25:00,SKU-02699,301,301,0,C-01L-007-2-B,2025-05-13 08:06:00,RCV-001,NEW
RCPT-119154,PO-50037,2025-05-13,11:41:00,SKU-04445,12,11,-1,C-01R-003-3-B,2025-05-13 13:36:00,RCV-007,NEW
RCPT-119108,PO-50037,2025-05-13,08:04:00,SKU-02340,25,25,0,D-01R-013-4-B,2025-05-13 09:47:00,RCV-003,NEW
RCPT-119046,PO-50037,2025-05-13,09:09:00,SKU-02298,180,181,1,A-01L-014-4-A,2025-05-13 11:54:00,RCV-003,NEW
RCPT-119081,PO-50037,2025-05-13,07:55:00,SKU-00983,84,83,-1,A-03R-013-4-B,2025-05-13 09:40:00,RCV-001,NEW
RCPT-119160,PO-50037,2025-05-13,10:33:00,SKU-04949,12,12,0,D-01R-021-2-B,2025-05-13 12:58:00,RCV-001,NEW
RCPT-119112,PO-50037,2025-05-13,10:11:00,SKU-04782,637,637,0,C-01L-004-3-A,2025-05-13 11:41:00,RCV-006,NEW
RCPT-119177,PO-50037,2025-05-13,11:12:00,SKU-04258,12,10,-2,D-01L-018-1-A,2025-05-13 12:15:00,RCV-007,NEW
RCPT-119155,PO-50037,2025-05-13,06:54:00,SKU-01197,28,29,1,B-04R-019-1-A,2025-05-13 07:49:00,RCV-004,NEW
RCPT-119061,PO-50037,2025-05-13,11:19:00,SKU-02369,20,18,-2,C-02L-007-5-A,2025-05-13 12:59:00,RCV-004,NEW
RCPT-119178,PO-50037,2025-05-13,06:41:00,SKU-01803,933,935,2,B-03R-020-1-A,2025-05-13 08:32:00,RCV-004,NEW
RCPT-119125,PO-50037,2025-05-13,06:57:00,SKU-04457,2477,2479,2,A-01L-020-2-B,2025-05-13 07:38:00,RCV-004,NEW
RCPT-119049,PO-50037,2025-05-13,10:59:00,SKU-00724,91,93,2,E-04R-005-3-A,2025-05-13 13:52:00,RCV-008,NEW
RCPT-119163,PO-50037,2025-05-13,08:57:00,SKU-00176,12,12,0,E-03L-018-3-A,2025-05-13 10:58:00,RCV-003,NEW
RCPT-119078,PO-50037,2025-05-13,07:12:00,SKU-02060,70,68,-2,A-01R-005-3-B,2025-05-13 09:14:00,RCV-003,NEW
RCPT-119158,PO-50037,2025-05-13,11:43:00,SKU-04116,234,233,-1,B-02L-002-3-A,2025-05-13 13:41:00,RCV-005,NEW
RCPT-119147,PO-50037,2025-05-13,07:16:00,SKU-00344,100,99,-1,A-03L-006-2-B,2025-05-13 07:55:00,RCV-005,NEW
RCPT-119043,PO-50037,2025-05-13,12:50:00,SKU-02509,1503,1504,1,B-01L-020-5-A,2025-05-13 15:10:00,RCV-004,NEW
RCPT-119114,PO-50037,2025-05-13,07:18:00,SKU-00171,35,33,-2,B-04L-006-1-A,2025-05-13 08:45:00,RCV-001,NEW
RCPT-119059,PO-50037,2025-05-13,07:33:00,SKU-02366,4848,4848,0,A-01R-020-4-A,2025-05-13 08:45:00,RCV-007,NEW
RCPT-119052,PO-50037,2025-05-13,10:56:00,SKU-00046,495,494,-1,B-03L-005-2-A,2025-05-13 13:22:00,RCV-002,NEW
RCPT-119126,PO-50037,2025-05-13,06:41:00,SKU-01902,44,44,0,A-03R-005-1-B,2025-05-13 08:28:00,RCV-003,NEW
RCPT-119074,PO-50037,2025-05-13,10:53:00,SKU-01886,24,23,-1,C-03L-014-3-A,2025-05-13 13:10:00,RCV-003,NEW
RCPT-119044,PO-50037,2025-05-13,08:25:00,SKU-01182,12,10,-2,D-03R-020-2-A,2025-05-13 11:05:00,RCV-001,NEW
RCPT-119100,PO-50037,2025-05-13,08:58:00,SKU-02908,3388,3390,2,B-02L-005-3-A,2025-05-13 11:34:00,RCV-001,NEW
RCPT-119039,PO-50037,2025-05-13,06:37:00,SKU-00934,12,12,0,B-03L-017-4-A,2025-05-13 08:20:00,RCV-006,NEW
RCPT-119095,PO-50037,2025-05-13,12:03:00,SKU-02609,2871,2869,-2,C-01R-013-1-B,2025-05-13 12:42:00,RCV-006,NEW
RCPT-119140,PO-50037,2025-05-13,08:20:00,SKU-03378,560,558,-2,A-01L-004-4-B,2025-05-13 09:32:00,RCV-003,NEW
RCPT-119168,PO-50037,2025-05-13,09:56:00,SKU-00486,24,24,0,B-04R-004-4-B,2025-05-13 10:42:00,RCV-004,NEW
RCPT-119251,PO-50037,2025-05-14,09:40:00,SKU-01297,12,10,-2,C-03R-006-4-B,2025-05-14 12:23:00,RCV-004,NEW
RCPT-119267,PO-50037,2025-05-14,09:12:00,SKU-00487,31,30,-1,C-04L-020-2-A,2025-05-14 09:46:00,RCV-006,NEW
RCPT-119242,PO-50037,2025-05-14,09:50:00,SKU-02777,61,59,-2,A-01L-004-3-B,2025-05-14 12:49:00,RCV-003,NEW
RCPT-119195,PO-50037,2025-05-14,11:01:00,SKU-04878,1201,1202,1,B-01R-016-3-B,2025-05-14 12:49:00,RCV-006,NEW
RCPT-119248,PO-50037,2025-05-14,07:54:00,SKU-02585,2867,2869,2,A-01R-012-4-A,2025-05-14 09:29:00,RCV-005,NEW
RCPT-119235,PO-50037,2025-05-14,10:23:00,SKU-04768,346,347,1,A-01R-021-2-A,2025-05-14 10:54:00,RCV-007,NEW
RCPT-119331,PO-50037,2025-05-14,09:15:00,SKU-02375,12,14,2,D-02R-013-3-A,2025-05-14 11:16:00,RCV-004,NEW
RCPT-119281,PO-50037,2025-05-14,07:24:00,SKU-04006,12,12,0,D-01L-009-2-B,2025-05-14 09:32:00,RCV-005,NEW
RCPT-119230,PO-50037,2025-05-14,08:14:00,SKU-01019,662,664,2,B-03R-014-1-A,2025-05-14 09:58:00,RCV-003,NEW
RCPT-119193,PO-50037,2025-05-14,07:30:00,SKU-00872,5395,5395,0,A-04L-005-1-A,2025-05-14 10:08:00,RCV-005,NEW
RCPT-119278,PO-50037,2025-05-14,07:50:00,SKU-00392,524,525,1,B-03L-019-1-B,2025-05-14 09:53:00,RCV-002,NEW
RCPT-119261,PO-50037,2025-05-14,12:28:00,SKU-04350,16,15,-1,D-01L-016-2-B,2025-05-14 15:27:00,RCV-003,NEW
RCPT-119207,PO-50037,2025-05-14,12:55:00,SKU-04056,49,48,-1,B-02R-023-3-A,2025-05-14 14:24:00,RCV-002,NEW
RCPT-119199,PO-50037,2025-05-14,12:40:00,SKU-02913,346,344,-2,B-01L-015-2-B,2025-05-14 14:54:00,RCV-001,NEW
RCPT-119293,PO-50037,2025-05-14,10:48:00,SKU-02159,23,22,-1,D-01L-026-5-B,2025-05-14 13:10:00,RCV-003,NEW
RCPT-119317,PO-50037,2025-05-14,09:15:00,SKU-04196,124,125,1,A-01R-014-5-B,2025-05-14 10:33:00,RCV-002,NEW
RCPT-119286,PO-50037,2025-05-14,10:27:00,SKU-02185,1004,1006,2,C-01R-009-4-B,2025-05-14 12:36:00,RCV-002,NEW
RCPT-119300,PO-50037,2025-05-14,06:41:00,SKU-03600,166,165,-1,A-01L-017-2-B,2025-05-14 07:53:00,RCV-002,NEW
RCPT-119292,PO-50037,2025-05-14,08:58:00,SKU-02257,13,15,2,B-02R-006-2-B,2025-05-14 10:44:00,RCV-001,NEW
RCPT-119219,PO-50037,2025-05-14,09:05:00,SKU-00408,152,151,-1,A-03L-009-1-A,2025-05-14 11:47:00,RCV-001,NEW
RCPT-119252,PO-50037,2025-05-14,09:00:00,SKU-01906,12,12,0,C-04L-018-1-B,2025-05-14 10:46:00,RCV-006,NEW
RCPT-119305,PO-50037,2025-05-14,06:11:00,SKU-02358,22,24,2,C-01L-012-4-B,2025-05-14 08:16:00,RCV-003,NEW
RCPT-119210,PO-50037,2025-05-14,12:55:00,SKU-04565,26,27,1,C-01R-026-4-A,2025-05-14 15:18:00,RCV-007,NEW
RCPT-119241,PO-50037,2025-05-14,11:36:00,SKU-04280,15,14,-1,C-02L-025-5-B,2025-05-14 12:18:00,RCV-004,NEW
RCPT-119269,PO-50037,2025-05-14,10:23:00,SKU-02357,380,378,-2,C-02L-006-2-A,2025-05-14 12:17:00,RCV-007,NEW
RCPT-119224,PO-50037,2025-05-14,07:55:00,SKU-04608,920,921,1,A-02L-025-1-B,2025-05-14 08:44:00,RCV-008,DAMAGED
RCPT-119258,PO-50037,2025-05-14,09:41:00,SKU-03803,170,170,0,A-01R-016-4-A,2025-05-14 10:19:00,RCV-002,NEW
RCPT-119279,PO-50037,2025-05-14,11:03:00,SKU-00076,108,106,-2,C-03R-008-3-B,2025-05-14 12:07:00,RCV-008,NEW
RCPT-119240,PO-50037,2025-05-14,11:09:00,SKU-04865,574,572,-2,A-01R-011-4-B,2025-05-14 13:34:00,RCV-008,NEW
RCPT-119304,PO-50037,2025-05-14,11:31:00,SKU-04277,35,37,2,B-02R-013-3-B,2025-05-14 13:43:00,RCV-002,NEW
RCPT-119197,PO-50037,2025-05-14,11:24:00,SKU-02085,1311,1309,-2,D-02R-008-1-A,2025-05-14 12:08:00,RCV-002,NEW
RCPT-119215,PO-50037,2025-05-14,11:36:00,SKU-00148,45,43,-2,D-04L-008-4-A,2025-05-14 12:55:00,RCV-001,NEW
RCPT-119268,PO-50037,2025-05-14,08:10:00,SKU-04875,75,73,-2,B-02R-023-5-B,2025-05-14 08:44:00,RCV-001,NEW
RCPT-119324,PO-50037,2025-05-14,07:46:00,SKU-02634,32,31,-1,B-01R-020-5-A,2025-05-14 09:29:00,RCV-006,NEW
RCPT-119323,PO-50037,2025-05-14,11:59:00,SKU-00820,12,12,0,E-04L-010-3-B,2025-05-14 14:35:00,RCV-003,NEW
RCPT-119302,PO-50037,2025-05-14,11:45:00,SKU-01009,12,10,-2,C-03R-019-1-B,2025-05-14 13:53:00,RCV-007,NEW
RCPT-119453,PO-50038,2025-05-15,09:33:00,SKU-00604,12,11,-1,D-04R-001-3-B,2025-05-15 11:02:00,RCV-008,NEW
RCPT-119352,PO-50038,2025-05-15,10:38:00,SKU-00024,12,14,2,D-04L-010-3-A,2025-05-15 13:32:00,RCV-005,NEW
RCPT-119484,PO-50038,2025-05-15,12:18:00,SKU-00296,41,42,1,B-03R-006-4-A,2025-05-15 12:51:00,RCV-005,NEW
RCPT-119382,PO-50038,2025-05-15,06:04:00,SKU-03881,1099,1099,0,B-02R-002-4-A,2025-05-15 08:05:00,RCV-002,NEW
RCPT-119490,PO-50038,2025-05-15,08:53:00,SKU-00535,149,147,-2,A-03R-010-2-A,2025-05-15 10:12:00,RCV-008,NEW
RCPT-119427,PO-50038,2025-05-15,11:40:00,SKU-00960,15,13,-2,D-04R-014-1-B,2025-05-15 14:39:00,RCV-001,NEW
RCPT-119495,PO-50038,2025-05-15,12:03:00,SKU-00418,20,22,2,E-04R-015-3-A,2025-05-15 13:55:00,RCV-005,NEW
RCPT-119415,PO-50038,2025-05-15,08:47:00,SKU-01552,354,353,-1,A-04R-001-1-B,2025-05-15 11:37:00,RCV-002,NEW
RCPT-119507,PO-50038,2025-05-15,09:22:00,SKU-00107,12,13,1,E-04R-008-4-A,2025-05-15 11:49:00,RCV-007,NEW
RCPT-119405,PO-50038,2025-05-15,11:34:00,SKU-04782,398,398,0,C-01L-004-3-A,2025-05-15 12:42:00,RCV-001,NEW
RCPT-119419,PO-50038,2025-05-15,06:40:00,SKU-02621,65,64,-1,A-01R-007-2-B,2025-05-15 09:35:00,RCV-001,NEW
RCPT-119434,PO-50038,2025-05-15,09:33:00,SKU-01652,373,373,0,B-04R-013-1-B,2025-05-15 11:07:00,RCV-001,NEW
RCPT-119416,PO-50038,2025-05-15,10:53:00,SKU-02420,546,546,0,B-01L-005-4-B,2025-05-15 13:19:00,RCV-003,NEW
RCPT-119397,PO-50038,2025-05-15,08:45:00,SKU-01490,2191,2190,-1,B-04R-009-1-A,2025-05-15 10:52:00,RCV-008,NEW
RCPT-119409,PO-50038,2025-05-15,10:00:00,SKU-00425,12,12,0,E-03L-013-2-A,2025-05-15 11:09:00,RCV-007,NEW
RCPT-119431,PO-50038,2025-05-15,12:44:00,SKU-03825,273,275,2,B-01R-003-2-A,2025-05-15 15:12:00,RCV-006,NEW
RCPT-119455,PO-50038,2025-05-15,10:30:00,SKU-01721,1040,1041,1,A-04L-015-4-B,2025-05-15 11:50:00,RCV-003,NEW
RCPT-119398,PO-50038,2025-05-15,10:52:00,SKU-03057,108,107,-1,C-01R-026-4-B,2025-05-15 12:38:00,RCV-004,NEW
RCPT-119408,PO-50038,2025-05-15,11:55:00,SKU-01646,12,12,0,D-04L-017-1-B,2025-05-15 14:39:00,RCV-004,NEW
RCPT-119399,PO-50038,2025-05-15,10:48:00,SKU-03049,408,409,1,C-02L-003-4-A,2025-05-15 13:01:00,RCV-008,NEW
RCPT-119412,PO-50038,2025-05-15,10:37:00,SKU-04940,111,110,-1,C-02L-001-4-B,2025-05-15 11:10:00,RCV-005,NEW
RCPT-119371,PO-50038,2025-05-15,06:34:00,SKU-00016,51,52,1,B-03R-004-3-A,2025-05-15 08:00:00,RCV-008,NEW
RCPT-119451,PO-50038,2025-05-15,06:18:00,SKU-03032,202,204,2,A-02L-020-4-B,2025-05-15 08:18:00,RCV-008,NEW
RCPT-119442,PO-50038,2025-05-15,10:00:00,SKU-02252,446,447,1,B-02R-025-2-A,2025-05-15 11:15:00,RCV-007,NEW
RCPT-119448,PO-50038,2025-05-15,12:51:00,SKU-00283,12,14,2,D-04L-020-3-A,2025-05-15 15:28:00,RCV-007,NEW
RCPT-119411,PO-50038,2025-05-15,06:46:00,SKU-02939,299,300,1,A-02R-016-5-A,2025-05-15 09:42:00,RCV-001,NEW
RCPT-119396,PO-50038,2025-05-15,09:39:00,SKU-03943,12,10,-2,D-02L-017-5-B,2025-05-15 12:09:00,RCV-006,NEW
RCPT-119479,PO-50038,2025-05-15,10:39:00,SKU-02896,12,13,1,C-02L-021-4-A,2025-05-15 11:26:00,RCV-004,NEW
RCPT-119358,PO-50038,2025-05-15,09:25:00,SKU-04865,691,691,0,A-01R-011-4-B,2025-05-15 10:22:00,RCV-001,NEW
RCPT-119450,PO-50038,2025-05-15,09:55:00,SKU-04633,22,21,-1,D-02R-019-2-B,2025-05-15 10:43:00,RCV-007,NEW
RCPT-119564,PO-50038,2025-05-16,12:44:00,SKU-04606,37,38,1,D-01R-012-1-B,2025-05-16 13:52:00,RCV-003,NEW
RCPT-119518,PO-50038,2025-05-16,09:49:00,SKU-03727,7741,7743,2,B-02R-023-4-A,2025-05-16 11:16:00,RCV-001,NEW
RCPT-119619,PO-50038,2025-05-16,12:11:00,SKU-01207,234,232,-2,B-04R-018-4-B,2025-05-16 14:51:00,RCV-006,NEW
RCPT-119551,PO-50038,2025-05-16,09:01:00,SKU-04461,77,79,2,C-02L-017-5-B,2025-05-16 11:45:00,RCV-008,NEW
RCPT-119516,PO-50038,2025-05-16,07:13:00,SKU-02366,3435,3434,-1,A-01R-020-4-A,2025-05-16 08:50:00,RCV-007,NEW
RCPT-119524,PO-50038,2025-05-16,08:51:00,SKU-04538,1154,1154,0,A-01R-001-1-B,2025-05-16 10:48:00,RCV-007,NEW
RCPT-119565,PO-50038,2025-05-16,11:04:00,SKU-02034,625,627,2,A-02L-014-4-B,2025-05-16 13:55:00,RCV-005,NEW
RCPT-119526,PO-50038,2025-05-16,07:35:00,SKU-01803,815,815,0,B-03R-020-1-A,2025-05-16 09:47:00,RCV-004,NEW
RCPT-119544,PO-50038,2025-05-16,06:51:00,SKU-02494,36,35,-1,C-02R-002-1-B,2025-05-16 07:52:00,RCV-002,NEW
RCPT-119630,PO-50038,2025-05-16,09:59:00,SKU-03424,74,74,0,A-02R-025-5-B,2025-05-16 10:53:00,RCV-008,NEW
RCPT-119651,PO-50038,2025-05-16,11:45:00,SKU-02185,616,615,-1,C-01R-009-4-B,2025-05-16 13:26:00,RCV-002,NEW
RCPT-119597,PO-50038,2025-05-16,07:06:00,SKU-02272,609,607,-2,A-02R-002-5-A,2025-05-16 08:12:00,RCV-001,NEW
RCPT-119538,PO-50038,2025-05-16,06:20:00,SKU-00477,28,30,2,C-04R-017-1-A,2025-05-16 09:12:00,RCV-008,NEW
RCPT-119533,PO-50038,2025-05-16,11:59:00,SKU-02306,25,25,0,E-01R-017-4-A,2025-05-16 13:00:00,RCV-002,NEW
RCPT-119569,PO-50038,2025-05-16,12:51:00,SKU-01034,12,11,-1,D-03R-012-2-B,2025-05-16 14:13:00,RCV-005,NEW
RCPT-119641,PO-50038,2025-05-16,09:20:00,SKU-04104,19,19,0,A-02L-004-5-A,2025-05-16 10:56:00,RCV-002,NEW
RCPT-119594,PO-50038,2025-05-16,09:28:00,SKU-02104,2470,2469,-1,B-01R-002-1-A,2025-05-16 12:09:00,RCV-002,NEW
RCPT-119606,PO-50038,2025-05-16,09:14:00,SKU-04733,685,683,-2,A-01R-018-1-A,2025-05-16 10:27:00,RCV-003,NEW
RCPT-119787,PO-50038,2025-05-17,08:25:00,SKU-04037,221,223,2,A-02R-011-4-B,2025-05-17 10:51:00,RCV-005,NEW
RCPT-119668,PO-50038,2025-05-17,12:40:00,SKU-02705,16,18,2,A-01L-003-3-B,2025-05-17 15:16:00,RCV-005,NEW
RCPT-119751,PO-50038,2025-05-17,07:57:00,SKU-04664,236,238,2,A-02R-002-3-A,2025-05-17 08:37:00,RCV-007,NEW
RCPT-119653,PO-50038,2025-05-17,06:33:00,SKU-04041,5986,5984,-2,A-02R-002-2-B,2025-05-17 07:20:00,RCV-004,NEW
RCPT-119699,PO-50038,2025-05-17,06:13:00,SKU-03077,507,509,2,B-02L-012-4-B,2025-05-17 06:54:00,RCV-002,NEW
RCPT-119687,PO-50038,2025-05-17,10:04:00,SKU-02247,23,22,-1,B-02L-014-5-A,2025-05-17 12:12:00,RCV-007,NEW
RCPT-119662,PO-50038,2025-05-17,08:35:00,SKU-04878,1081,1081,0,B-01R-016-3-B,2025-05-17 09:51:00,RCV-001,NEW
RCPT-119723,PO-50038,2025-05-17,12:15:00,SKU-03032,150,152,2,A-02L-020-4-B,2025-05-17 14:46:00,RCV-007,NEW
RCPT-119777,PO-50038,2025-05-17,06:16:00,SKU-03197,31,31,0,A-01R-017-4-A,2025-05-17 07:05:00,RCV-001,NEW
RCPT-119731,PO-50038,2025-05-17,11:49:00,SKU-02585,3880,3881,1,A-01R-012-4-A,2025-05-17 13:43:00,RCV-007,NEW
RCPT-119741,PO-50038,2025-05-17,11:39:00,SKU-03340,42,44,2,A-02L-012-5-B,2025-05-17 13:48:00,RCV-004,NEW
RCPT-119743,PO-50038,2025-05-17,08:00:00,SKU-02208,18,20,2,B-01R-004-2-A,2025-05-17 10:01:00,RCV-001,NEW
RCPT-119718,PO-50038,2025-05-17,06:39:00,SKU-02796,48,48,0,A-02L-004-2-B,2025-05-17 08:42:00,RCV-007,NEW
RCPT-119672,PO-50038,2025-05-17,11:37:00,SKU-01844,56,57,1,A-03R-017-4-A,2025-05-17 14:06:00,RCV-007,NEW
RCPT-119784,PO-50038,2025-05-17,11:04:00,SKU-01240,13,14,1,C-03L-001-4-B,2025-05-17 11:56:00,RCV-007,NEW
RCPT-119740,PO-50038,2025-05-17,12:49:00,SKU-04768,733,733,0,A-01R-021-2-A,2025-05-17 13:40:00,RCV-002,NEW
RCPT-119791,PO-50038,2025-05-17,07:54:00,SKU-03331,18,18,0,C-02R-003-3-A,2025-05-17 08:39:00,RCV-003,NEW
RCPT-119734,PO-50038,2025-05-17,06:45:00,SKU-00132,350,349,-1,A-04R-016-4-B,2025-05-17 08:49:00,RCV-002,NEW
RCPT-119789,PO-50038,2025-05-17,12:46:00,SKU-00673,263,261,-2,C-03L-015-4-A,2025-05-17 14:34:00,RCV-006,NEW
RCPT-119721,PO-50038,2025-05-17,07:03:00,SKU-02609,2873,2874,1,C-01R-013-1-B,2025-05-17 08:10:00,RCV-003,NEW
RCPT-119697,PO-50038,2025-05-17,10:19:00,SKU-04817,12,10,-2,D-02L-015-4-B,2025-05-17 13:05:00,RCV-005,NEW
RCPT-119720,PO-50038,2025-05-17,09:52:00,SKU-02191,80,81,1,A-01L-014-2-B,2025-05-17 11:38:00,RCV-008,NEW
RCPT-119771,PO-50038,2025-05-17,07:47:00,SKU-03705,71,70,-1,A-02L-025-2-A,2025-05-17 09:49:00,RCV-002,NEW
RCPT-119768,PO-50038,2025-05-17,09:14:00,SKU-01531,12,12,0,E-03R-010-2-B,2025-05-17 10:51:00,RCV-004,NEW
RCPT-119706,PO-50038,2025-05-17,11:07:00,SKU-02681,1717,1717,0,A-01R-018-4-B,2025-05-17 12:41:00,RCV-008,NEW
RCPT-119783,PO-50038,2025-05-17,07:12:00,SKU-00466,108,109,1,C-04R-016-1-B,2025-05-17 07:46:00,RCV-004,NEW
RCPT-119728,PO-50038,2025-05-17,08:01:00,SKU-00838,501,503,2,A-03L-009-1-B,2025-05-17 08:36:00,RCV-003,NEW
RCPT-119733,PO-50038,2025-05-17,11:18:00,SKU-02676,157,156,-1,B-02R-014-4-B,2025-05-17 13:20:00,RCV-007,NEW
RCPT-119695,PO-50038,2025-05-17,10:20:00,SKU-00105,14,15,1,D-03R-006-3-A,2025-05-17 11:06:00,RCV-003,NEW
RCPT-119698,PO-50038,2025-05-17,09:02:00,SKU-00036,111,113,2,B-04R-004-4-A,2025-05-17 09:55:00,RCV-004,NEW
RCPT-119788,PO-50038,2025-05-17,12:32:00,SKU-01857,81,80,-1,A-04R-005-1-A,2025-05-17 14:07:00,RCV-006,NEW
RCPT-119722,PO-50038,2025-05-17,07:42:00,SKU-04936,19,19,0,B-02L-026-4-A,2025-05-17 08:29:00,RCV-006,NEW
RCPT-119881,PO-50039,2025-05-19,09:53:00,SKU-02177,31,30,-1,C-02R-010-2-B,2025-05-19 11:33:00,RCV-002,NEW
RCPT-119860,PO-50039,2025-05-19,06:00:00,SKU-03600,169,167,-2,A-01L-017-2-B,2025-05-19 08:44:00,RCV-005,NEW
RCPT-119884,PO-50039,2025-05-19,11:58:00,SKU-03496,448,450,2,B-01R-016-5-B,2025-05-19 14:14:00,RCV-005,NEW
RCPT-119938,PO-50039,2025-05-19,11:02:00,SKU-03194,60,59,-1,B-01L-009-2-B,2025-05-19 11:43:00,RCV-003,NEW
RCPT-119828,PO-50039,2025-05-19,07:06:00,SKU-02053,66,68,2,A-01R-017-2-A,2025-05-19 09:34:00,RCV-006,NEW
RCPT-119829,PO-50039,2025-05-19,07:10:00,SKU-03727,7597,7595,-2,B-02R-023-4-A,2025-05-19 08:13:00,RCV-006,NEW
RCPT-119820,PO-50039,2025-05-19,08:32:00,SKU-00286,13,13,0,E-04L-017-4-B,2025-05-19 11:06:00,RCV-007,NEW
RCPT-119887,PO-50039,2025-05-19,08:32:00,SKU-03534,20,21,1,A-01L-026-5-A,2025-05-19 11:21:00,RCV-005,NEW
RCPT-119855,PO-50039,2025-05-19,07:35:00,SKU-00036,117,115,-2,B-04R-004-4-A,2025-05-19 09:38:00,RCV-004,NEW
RCPT-119957,PO-50039,2025-05-19,07:01:00,SKU-00680,16,18,2,B-03R-017-4-B,2025-05-19 09:56:00,RCV-005,NEW
RCPT-119951,PO-50039,2025-05-19,07:42:00,SKU-02305,40,40,0,C-01R-008-2-B,2025-05-19 08:19:00,RCV-001,NEW
RCPT-119863,PO-50039,2025-05-19,06:12:00,SKU-02730,12,13,1,B-02L-008-1-B,2025-05-19 08:17:00,RCV-006,NEW
RCPT-119907,PO-50039,2025-05-19,06:27:00,SKU-02357,167,169,2,C-02L-006-2-A,2025-05-19 08:54:00,RCV-001,NEW
RCPT-119847,PO-50039,2025-05-19,06:15:00,SKU-00771,29,30,1,A-03R-005-2-A,2025-05-19 07:55:00,RCV-005,NEW
RCPT-119935,PO-50039,2025-05-19,07:34:00,SKU-03057,95,96,1,C-01R-026-4-B,2025-05-19 09:26:00,RCV-005,NEW
RCPT-119893,PO-50039,2025-05-19,12:11:00,SKU-00115,12,13,1,D-03L-020-2-A,2025-05-19 13:30:00,RCV-004,NEW
RCPT-119817,PO-50039,2025-05-19,10:10:00,SKU-03129,26,27,1,B-01L-006-5-A,2025-05-19 11:43:00,RCV-006,NEW
RCPT-119906,PO-50039,2025-05-19,12:15:00,SKU-03357,176,175,-1,A-02R-015-3-B,2025-05-19 13:54:00,RCV-005,NEW
RCPT-119943,PO-50039,2025-05-19,08:13:00,SKU-04972,33,31,-2,B-02L-002-3-B,2025-05-19 10:30:00,RCV-001,NEW
RCPT-119804,PO-50039,2025-05-19,08:00:00,SKU-04644,27,29,2,C-02L-023-3-A,2025-05-19 10:32:00,RCV-003,NEW
RCPT-119849,PO-50039,2025-05-19,12:37:00,SKU-01331,976,974,-2,A-03R-003-4-B,2025-05-19 13:17:00,RCV-001,NEW
RCPT-119806,PO-50039,2025-05-19,07:47:00,SKU-04379,12,11,-1,E-02R-006-2-A,2025-05-19 09:28:00,RCV-001,DAMAGED
RCPT-119818,PO-50039,2025-05-19,09:06:00,SKU-00885,12,10,-2,E-03L-019-4-B,2025-05-19 09:50:00,RCV-007,NEW
RCPT-119809,PO-50039,2025-05-19,12:47:00,SKU-04457,2132,2131,-1,A-01L-020-2-B,2025-05-19 14:02:00,RCV-005,NEW
RCPT-119902,PO-50039,2025-05-19,09:04:00,SKU-02202,432,431,-1,C-01R-025-1-B,2025-05-19 09:36:00,RCV-005,NEW
RCPT-119958,PO-50039,2025-05-19,08:55:00,SKU-02334,12,12,0,C-02L-007-1-B,2025-05-19 10:08:00,RCV-007,NEW
RCPT-119838,PO-50039,2025-05-19,08:02:00,SKU-03881,1773,1771,-2,B-02R-002-4-A,2025-05-19 09:08:00,RCV-008,NEW
RCPT-119808,PO-50039,2025-05-19,10:52:00,SKU-04196,105,106,1,A-01R-014-5-B,2025-05-19 11:38:00,RCV-008,NEW
RCPT-119930,PO-50039,2025-05-19,10:06:00,SKU-02034,773,771,-2,A-02L-014-4-B,2025-05-19 12:00:00,RCV-003,NEW
RCPT-119843,PO-50039,2025-05-19,11:16:00,SKU-04768,547,549,2,A-01R-021-2-A,2025-05-19 13:30:00,RCV-003,NEW
RCPT-119812,PO-50039,2025-05-19,11:12:00,SKU-02125,1530,1531,1,A-01R-020-2-B,2025-05-19 12:53:00,RCV-003,DAMAGED
RCPT-119941,PO-50039,2025-05-19,09:50:00,SKU-02850,62,61,-1,A-01R-014-5-A,2025-05-19 11:36:00,RCV-007,NEW
RCPT-120014,PO-50039,2025-05-20,12:39:00,SKU-04540,12,12,0,D-02L-003-3-B,2025-05-20 15:16:00,RCV-001,NEW
RCPT-119987,PO-50039,2025-05-20,12:29:00,SKU-02218,27,28,1,C-02R-003-1-B,2025-05-20 14:54:00,RCV-003,NEW
RCPT-120005,PO-50039,2025-05-20,07:00:00,SKU-04598,28,30,2,B-02L-025-3-B,2025-05-20 09:20:00,RCV-005,NEW
RCPT-119992,PO-50039,2025-05-20,11:37:00,SKU-02271,49,50,1,A-01L-007-1-B,2025-05-20 12:24:00,RCV-003,NEW
RCPT-120055,PO-50039,2025-05-20,06:22:00,SKU-01803,846,846,0,B-03R-020-1-A,2025-05-20 07:56:00,RCV-001,NEW
RCPT-120075,PO-50039,2025-05-20,10:27:00,SKU-00888,12,10,-2,E-03R-015-4-B,2025-05-20 13:08:00,RCV-002,NEW
RCPT-120089,PO-50039,2025-05-20,09:44:00,SKU-02681,1135,1133,-2,A-01R-018-4-B,2025-05-20 10:34:00,RCV-007,NEW
RCPT-120030,PO-50039,2025-05-20,12:51:00,SKU-04435,575,577,2,A-02R-016-4-A,2025-05-20 14:55:00,RCV-003,NEW
RCPT-120027,PO-50039,2025-05-20,08:45:00,SKU-03881,2111,2112,1,B-02R-002-4-A,2025-05-20 09:44:00,RCV-006,NEW
RCPT-120062,PO-50039,2025-05-20,07:53:00,SKU-02016,55,54,-1,A-02L-016-1-A,2025-05-20 10:43:00,RCV-003,NEW
RCPT-120069,PO-50039,2025-05-20,10:40:00,SKU-00925,186,187,1,B-04R-015-2-B,2025-05-20 13:03:00,RCV-005,NEW
RCPT-120023,PO-50039,2025-05-20,08:47:00,SKU-02467,54,53,-1,A-01R-006-2-B,2025-05-20 09:53:00,RCV-003,NEW
RCPT-119974,PO-50039,2025-05-20,06:01:00,SKU-02908,6049,6049,0,B-02L-005-3-A,2025-05-20 08:05:00,RCV-005,NEW
RCPT-120084,PO-50039,2025-05-20,11:09:00,SKU-02939,243,245,2,A-02R-016-5-A,2025-05-20 12:06:00,RCV-007,NEW
RCPT-120000,PO-50039,2025-05-20,10:02:00,SKU-02624,478,479,1,A-02R-022-1-A,2025-05-20 11:10:00,RCV-002,NEW
RCPT-120009,PO-50039,2025-05-20,07:27:00,SKU-04798,21,21,0,C-02L-013-4-B,2025-05-20 08:59:00,RCV-001,NEW
RCPT-120088,PO-50039,2025-05-20,09:08:00,SKU-02204,52,52,0,A-02R-008-4-B,2025-05-20 10:16:00,RCV-007,NEW
RCPT-119981,PO-50039,2025-05-20,12:22:00,SKU-03242,12,10,-2,C-01R-020-5-B,2025-05-20 13:01:00,RCV-006,NEW
RCPT-120026,PO-50039,2025-05-20,07:47:00,SKU-03297,81,80,-1,B-01L-013-1-A,2025-05-20 08:42:00,RCV-007,NEW
RCPT-119977,PO-50039,2025-05-20,06:28:00,SKU-02609,1257,1258,1,C-01R-013-1-B,2025-05-20 07:57:00,RCV-005,NEW
RCPT-120097,PO-50039,2025-05-20,09:50:00,SKU-04890,51,51,0,A-02R-006-5-B,2025-05-20 10:21:00,RCV-002,NEW
RCPT-119979,PO-50039,2025-05-20,12:51:00,SKU-01446,32,32,0,B-04R-007-3-A,2025-05-20 15:28:00,RCV-007,NEW
RCPT-120099,PO-50039,2025-05-20,09:42:00,SKU-02617,12,13,1,D-01L-023-3-B,2025-05-20 11:25:00,RCV-005,NEW
RCPT-120038,PO-50039,2025-05-20,10:02:00,SKU-03132,33,32,-1,B-02L-015-4-A,2025-05-20 10:48:00,RCV-004,NEW
RCPT-120007,PO-50039,2025-05-20,07:27:00,SKU-04041,10785,10785,0,A-02R-002-2-B,2025-05-20 10:25:00,RCV-007,NEW
RCPT-120043,PO-50039,2025-05-20,06:44:00,SKU-00443,12,11,-1,D-04L-003-3-A,2025-05-20 07:47:00,RCV-008,NEW
RCPT-120090,PO-50039,2025-05-20,06:08:00,SKU-02357,233,235,2,C-02L-006-2-A,2025-05-20 08:57:00,RCV-008,NEW
RCPT-120011,PO-50039,2025-05-20,06:03:00,SKU-04670,610,610,0,C-02R-018-2-B,2025-05-20 07:19:00,RCV-004,NEW
RCPT-119973,PO-50039,2025-05-20,08:22:00,SKU-03233,12,11,-1,C-02R-001-3-B,2025-05-20 10:48:00,RCV-001,NEW
RCPT-120016,PO-50039,2025-05-20,08:04:00,SKU-03947,12,11,-1,B-01R-009-1-A,2025-05-20 10:57:00,RCV-006,NEW
RCPT-120061,PO-50039,2025-05-20,07:39:00,SKU-04911,71,69,-2,B-02L-008-2-B,2025-05-20 08:59:00,RCV-007,NEW
RCPT-120190,PO-50039,2025-05-21,08:28:00,SKU-01812,12,13,1,C-03R-013-2-B,2025-05-21 09:49:00,RCV-005,NEW
RCPT-120210,PO-50039,2025-05-21,08:07:00,SKU-02977,27,29,2,C-02L-014-2-B,2025-05-21 10:08:00,RCV-004,NEW
RCPT-120171,PO-50039,2025-05-21,10:14:00,SKU-01721,1494,1496,2,A-04L-015-4-B,2025-05-21 12:23:00,RCV-001,NEW
RCPT-120133,PO-50039,2025-05-21,07:51:00,SKU-04206,13,11,-2,C-02R-009-4-A,2025-05-21 10:33:00,RCV-006,NEW
RCPT-120232,PO-50039,2025-05-21,10:57:00,SKU-03496,607,608,1,B-01R-016-5-B,2025-05-21 11:32:00,RCV-003,DAMAGED
RCPT-120189,PO-50039,2025-05-21,11:30:00,SKU-02085,870,872,2,D-02R-008-1-A,2025-05-21 13:29:00,RCV-006,NEW
RCPT-120118,PO-50039,2025-05-21,08:53:00,SKU-02481,16,14,-2,B-02L-019-1-A,2025-05-21 10:24:00,RCV-006,NEW
RCPT-120115,PO-50039,2025-05-21,11:16:00,SKU-02994,29,28,-1,C-02R-017-4-A,2025-05-21 13:36:00,RCV-005,NEW
RCPT-120108,PO-50039,2025-05-21,10:46:00,SKU-04041,4110,4112,2,A-02R-002-2-B,2025-05-21 11:19:00,RCV-002,NEW
RCPT-120200,PO-50039,2025-05-21,07:01:00,SKU-03823,914,915,1,C-02R-020-1-B,2025-05-21 09:35:00,RCV-001,NEW
RCPT-120204,PO-50039,2025-05-21,07:58:00,SKU-03435,12,10,-2,C-01R-004-3-A,2025-05-21 09:00:00,RCV-004,NEW
RCPT-120194,PO-50039,2025-05-21,10:58:00,SKU-03847,12,12,0,C-02L-010-2-B,2025-05-21 13:05:00,RCV-002,NEW
RCPT-120213,PO-50039,2025-05-21,10:06:00,SKU-02050,689,690,1,C-02L-007-1-A,2025-05-21 13:00:00,RCV-005,NEW
RCPT-120231,PO-50039,2025-05-21,06:11:00,SKU-02194,31,30,-1,C-01R-001-2-A,2025-05-21 08:47:00,RCV-007,NEW
RCPT-120209,PO-50039,2025-05-21,08:40:00,SKU-02677,200,202,2,B-01R-002-4-A,2025-05-21 10:44:00,RCV-007,NEW
RCPT-120243,PO-50039,2025-05-21,09:18:00,SKU-00919,33,34,1,A-04L-012-1-A,2025-05-21 11:22:00,RCV-008,NEW
RCPT-120121,PO-50039,2025-05-21,12:12:00,SKU-01622,12,12,0,C-04L-014-2-A,2025-05-21 13:27:00,RCV-003,NEW
RCPT-120167,PO-50039,2025-05-21,06:42:00,SKU-00291,44,45,1,A-04L-017-2-A,2025-05-21 07:43:00,RCV-003,NEW
RCPT-120101,PO-50039,2025-05-21,12:03:00,SKU-02104,3095,3093,-2,B-01R-002-1-A,2025-05-21 13:11:00,RCV-004,NEW
RCPT-120250,PO-50039,2025-05-21,09:44:00,SKU-02251,22,21,-1,C-02L-002-5-B,2025-05-21 10:56:00,RCV-008,NEW
RCPT-120205,PO-50039,2025-05-21,09:58:00,SKU-01490,2312,2314,2,B-04R-009-1-A,2025-05-21 12:29:00,RCV-008,NEW
RCPT-120211,PO-50039,2025-05-21,07:59:00,SKU-03881,1209,1211,2,B-02R-002-4-A,2025-05-21 09:49:00,RCV-007,NEW
RCPT-120154,PO-50039,2025-05-21,11:55:00,SKU-00230,15,14,-1,C-04R-006-1-B,2025-05-21 13:51:00,RCV-003,NEW
RCPT-120259,PO-50039,2025-05-21,07:22:00,SKU-04347,364,364,0,B-02R-012-5-B,2025-05-21 08:49:00,RCV-006,NEW
RCPT-120160,PO-50039,2025-05-21,08:09:00,SKU-01032,61,63,2,A-03L-009-3-B,2025-05-21 09:50:00,RCV-006,NEW
RCPT-120113,PO-50039,2025-05-21,07:20:00,SKU-05000,12,11,-1,D-02L-004-3-A,2025-05-21 10:17:00,RCV-004,NEW
RCPT-120256,PO-50039,2025-05-21,10:17:00,SKU-00218,12,11,-1,E-03R-016-4-A,2025-05-21 11:25:00,RCV-005,NEW
RCPT-120197,PO-50039,2025-05-21,12:32:00,SKU-04151,12,14,2,C-02R-002-5-A,2025-05-21 15:09:00,RCV-003,NEW
RCPT-120221,PO-50039,2025-05-21,12:00:00,SKU-02363,173,174,1,A-01R-022-2-A,2025-05-21 13:43:00,RCV-001,NEW
RCPT-120255,PO-50039,2025-05-21,06:39:00,SKU-02624,647,646,-1,A-02R-022-1-A,2025-05-21 09:31:00,RCV-008,NEW
RCPT-120252,PO-50039,2025-05-21,11:40:00,SKU-00120,18,16,-2,D-03L-019-3-A,2025-05-21 13:50:00,RCV-005,NEW
RCPT-120168,PO-50039,2025-05-21,09:15:00,SKU-02719,14,13,-1,D-01L-003-5-B,2025-05-21 10:35:00,RCV-006,DAMAGED
RCPT-120134,PO-50039,2025-05-21,11:03:00,SKU-02185,448,448,0,C-01R-009-4-B,2025-05-21 11:48:00,RCV-008,NEW
RCPT-120136,PO-50039,2025-05-21,10:44:00,SKU-02699,248,246,-2,C-01L-007-2-B,2025-05-21 12:04:00,RCV-001,NEW
RCPT-120245,PO-50039,2025-05-21,06:15:00,SKU-00017,385,385,0,B-03R-001-4-B,2025-05-21 07:20:00,RCV-001,NEW
RCPT-120122,PO-50039,2025-05-21,07:54:00,SKU-02609,1373,1374,1,C-01R-013-1-B,2025-05-21 10:44:00,RCV-003,NEW
RCPT-120130,PO-50039,2025-05-21,10:45:00,SKU-04944,12,11,-1,D-02R-012-3-B,2025-05-21 12:41:00,RCV-008,NEW
RCPT-120336,PO-50040,2025-05-22,10:51:00,SKU-02699,249,247,-2,C-01L-007-2-B,2025-05-22 12:22:00,RCV-003,NEW
RCPT-120298,PO-50040,2025-05-22,07:00:00,SKU-04196,121,122,1,A-01R-014-5-B,2025-05-22 08:49:00,RCV-008,NEW
RCPT-120352,PO-50040,2025-05-22,09:51:00,SKU-00027,15,14,-1,D-03L-014-3-A,2025-05-22 11:10:00,RCV-008,NEW
RCPT-120321,PO-50040,2025-05-22,06:30:00,SKU-00602,63,65,2,B-04R-014-4-B,2025-05-22 07:33:00,RCV-002,NEW
RCPT-120372,PO-50040,2025-05-22,07:57:00,SKU-03825,323,322,-1,B-01R-003-2-A,2025-05-22 10:41:00,RCV-004,NEW
RCPT-120278,PO-50040,2025-05-22,10:36:00,SKU-02050,947,949,2,C-02L-007-1-A,2025-05-22 11:07:00,RCV-004,NEW
RCPT-120301,PO-50040,2025-05-22,07:45:00,SKU-02118,12,12,0,E-01L-003-2-A,2025-05-22 09:41:00,RCV-001,NEW
RCPT-120388,PO-50040,2025-05-22,09:27:00,SKU-00318,82,83,1,A-04R-009-4-A,2025-05-22 11:34:00,RCV-006,NEW
RCPT-120320,PO-50040,2025-05-22,09:29:00,SKU-00226,22,23,1,B-04R-015-1-A,2025-05-22 12:11:00,RCV-008,NEW
RCPT-120334,PO-50040,2025-05-22,09:15:00,SKU-04764,12,13,1,C-01R-024-2-A,2025-05-22 09:54:00,RCV-007,NEW
RCPT-120273,PO-50040,2025-05-22,06:38:00,SKU-00446,423,422,-1,B-04L-006-4-A,2025-05-22 09:18:00,RCV-004,NEW
RCPT-120266,PO-50040,2025-05-22,07:02:00,SKU-00447,299,300,1,A-04L-008-2-A,2025-05-22 08:13:00,RCV-008,NEW
RCPT-120408,PO-50040,2025-05-22,10:56:00,SKU-01925,12,12,0,C-04L-019-2-B,2025-05-22 12:46:00,RCV-003,NEW
RCPT-120351,PO-50040,2025-05-22,10:05:00,SKU-02876,50,52,2,C-01R-009-2-A,2025-05-22 11:53:00,RCV-005,NEW
RCPT-120359,PO-50040,2025-05-22,12:48:00,SKU-00149,30,28,-2,C-03R-009-3-A,2025-05-22 13:28:00,RCV-002,NEW
RCPT-120355,PO-50040,2025-05-22,12:01:00,SKU-04350,20,20,0,D-01L-016-2-B,2025-05-22 12:49:00,RCV-007,NEW
RCPT-120406,PO-50040,2025-05-22,10:28:00,SKU-01040,205,203,-2,B-04R-019-4-A,2025-05-22 13:04:00,RCV-003,NEW
RCPT-120319,PO-50040,2025-05-22,10:35:00,SKU-02913,407,408,1,B-01L-015-2-B,2025-05-22 11:25:00,RCV-002,NEW
RCPT-120399,PO-50040,2025-05-22,07:23:00,SKU-00606,169,168,-1,B-04L-016-1-A,2025-05-22 10:14:00,RCV-004,NEW
RCPT-120339,PO-50040,2025-05-22,08:11:00,SKU-04528,812,810,-2,B-02R-014-3-B,2025-05-22 09:49:00,RCV-008,NEW
RCPT-120323,PO-50040,2025-05-22,07:50:00,SKU-00034,393,395,2,A-04L-017-3-A,2025-05-22 09:12:00,RCV-005,NEW
RCPT-120327,PO-50040,2025-05-22,06:07:00,SKU-02694,35,37,2,D-02R-021-1-B,2025-05-22 08:21:00,RCV-007,NEW
RCPT-120290,PO-50040,2025-05-22,07:58:00,SKU-01490,1855,1853,-2,B-04R-009-1-A,2025-05-22 10:24:00,RCV-006,NEW
RCPT-120311,PO-50040,2025-05-22,08:16:00,SKU-03462,19,18,-1,D-02L-022-1-B,2025-05-22 10:13:00,RCV-005,NEW
RCPT-120332,PO-50040,2025-05-22,09:03:00,SKU-02000,12,14,2,B-04R-014-3-B,2025-05-22 09:55:00,RCV-006,NEW
RCPT-120419,PO-50040,2025-05-22,10:14:00,SKU-04347,281,279,-2,B-02R-012-5-B,2025-05-22 11:32:00,RCV-008,NEW
RCPT-120293,PO-50040,2025-05-22,07:41:00,SKU-02453,31,33,2,D-01L-003-4-B,2025-05-22 10:13:00,RCV-001,NEW
RCPT-120328,PO-50040,2025-05-22,07:39:00,SKU-03465,166,165,-1,B-01R-013-4-A,2025-05-22 08:11:00,RCV-004,NEW
RCPT-120326,PO-50040,2025-05-22,08:43:00,SKU-03734,76,77,1,A-02L-002-5-A,2025-05-22 10:35:00,RCV-007,NEW
RCPT-120481,PO-50040,2025-05-23,12:16:00,SKU-01073,242,241,-1,B-04R-005-1-A,2025-05-23 13:53:00,RCV-004,NEW
RCPT-120517,PO-50040,2025-05-23,06:36:00,SKU-00925,153,153,0,B-04R-015-2-B,2025-05-23 07:57:00,RCV-001,NEW
RCPT-120566,PO-50040,2025-05-23,07:38:00,SKU-02539,50,51,1,A-01L-024-2-B,2025-05-23 10:35:00,RCV-008,NEW
RCPT-120541,PO-50040,2025-05-23,07:50:00,SKU-00392,282,280,-2,B-03L-019-1-B,2025-05-23 10:20:00,RCV-006,NEW
RCPT-120471,PO-50040,2025-05-23,11:58:00,SKU-02634,36,34,-2,B-01R-020-5-A,2025-05-23 12:35:00,RCV-006,NEW
RCPT-120455,PO-50040,2025-05-23,10:44:00,SKU-01408,12,13,1,B-03L-010-3-A,2025-05-23 13:35:00,RCV-003,NEW
RCPT-120479,PO-50040,2025-05-23,11:20:00,SKU-00585,68,67,-1,C-04R-005-4-B,2025-05-23 14:12:00,RCV-003,NEW
RCPT-120437,PO-50040,2025-05-23,07:44:00,SKU-00115,12,12,0,D-03L-020-2-A,2025-05-23 08:24:00,RCV-004,NEW
RCPT-120565,PO-50040,2025-05-23,11:32:00,SKU-04192,19,18,-1,C-01R-024-5-A,2025-05-23 13:52:00,RCV-004,NEW
RCPT-120427,PO-50040,2025-05-23,06:58:00,SKU-04639,50,49,-1,B-01L-011-4-B,2025-05-23 08:50:00,RCV-008,NEW
RCPT-120506,PO-50040,2025-05-23,08:15:00,SKU-01594,12,13,1,E-04L-010-4-B,2025-05-23 09:47:00,RCV-002,NEW
RCPT-120520,PO-50040,2025-05-23,06:01:00,SKU-03826,28,30,2,B-02R-016-4-A,2025-05-23 07:07:00,RCV-001,NEW
RCPT-120495,PO-50040,2025-05-23,11:00:00,SKU-04651,26,24,-2,D-02R-001-1-B,2025-05-23 12:07:00,RCV-005,NEW
RCPT-120443,PO-50040,2025-05-23,12:50:00,SKU-04041,11274,11272,-2,A-02R-002-2-B,2025-05-23 15:24:00,RCV-002,NEW
RCPT-120433,PO-50040,2025-05-23,11:30:00,SKU-02585,3879,3880,1,A-01R-012-4-A,2025-05-23 13:13:00,RCV-002,NEW
RCPT-120576,PO-50040,2025-05-23,07:10:00,SKU-04493,12,10,-2,B-01R-010-5-A,2025-05-23 09:36:00,RCV-006,NEW
RCPT-120429,PO-50040,2025-05-23,12:33:00,SKU-01734,12,11,-1,B-03L-004-2-B,2025-05-23 14:44:00,RCV-001,NEW
RCPT-120432,PO-50040,2025-05-23,11:37:00,SKU-03823,574,576,2,C-02R-020-1-B,2025-05-23 12:33:00,RCV-004,NEW
RCPT-120510,PO-50040,2025-05-23,09:34:00,SKU-00344,81,79,-2,A-03L-006-2-B,2025-05-23 10:06:00,RCV-001,NEW
RCPT-120486,PO-50040,2025-05-23,09:51:00,SKU-04865,479,477,-2,A-01R-011-4-B,2025-05-23 12:33:00,RCV-002,NEW
RCPT-120494,PO-50040,2025-05-23,07:18:00,SKU-00419,12,10,-2,C-04L-011-1-A,2025-05-23 07:55:00,RCV-007,NEW
RCPT-120543,PO-50040,2025-05-23,06:03:00,SKU-04814,350,352,2,B-02R-017-4-A,2025-05-23 07:41:00,RCV-004,NEW
RCPT-120452,PO-50040,2025-05-23,12:04:00,SKU-02937,282,283,1,C-02R-019-5-A,2025-05-23 12:55:00,RCV-003,NEW
RCPT-120425,PO-50040,2025-05-23,07:35:00,SKU-00556,17,17,0,B-04L-003-1-B,2025-05-23 08:37:00,RCV-005,NEW
RCPT-120444,PO-50040,2025-05-23,10:16:00,SKU-02646,20,18,-2,B-02R-009-3-A,2025-05-23 12:17:00,RCV-004,NEW
RCPT-120453,PO-50040,2025-05-23,10:33:00,SKU-01543,12,10,-2,E-04R-006-3-B,2025-05-23 11:25:00,RCV-002,NEW
RCPT-120519,PO-50040,2025-05-23,06:09:00,SKU-00423,56,56,0,B-03R-005-4-B,2025-05-23 07:41:00,RCV-002,NEW
RCPT-120492,PO-50040,2025-05-23,08:34:00,SKU-02202,368,369,1,C-01R-025-1-B,2025-05-23 10:30:00,RCV-008,NEW
RCPT-120499,PO-50040,2025-05-23,12:36:00,SKU-00838,634,636,2,A-03L-009-1-B,2025-05-23 14:31:00,RCV-005,NEW
RCPT-120465,PO-50040,2025-05-23,08:42:00,SKU-03022,12,11,-1,B-02L-006-2-B,2025-05-23 10:57:00,RCV-003,NEW
RCPT-120555,PO-50040,2025-05-23,10:16:00,SKU-04942,124,123,-1,B-01R-023-1-B,2025-05-23 10:53:00,RCV-007,NEW
RCPT-120575,PO-50040,2025-05-23,08:08:00,SKU-02237,43,44,1,D-02R-013-4-B,2025-05-23 09:11:00,RCV-001,NEW
RCPT-120553,PO-50040,2025-05-23,11:10:00,SKU-01136,35,35,0,B-03L-017-4-B,2025-05-23 11:55:00,RCV-003,NEW
RCPT-120470,PO-50040,2025-05-23,06:41:00,SKU-04353,261,259,-2,B-02L-022-4-A,2025-05-23 08:53:00,RCV-003,NEW
RCPT-120528,PO-50040,2025-05-23,06:25:00,SKU-03808,12,14,2,C-02L-018-2-A,2025-05-23 07:55:00,RCV-005,NEW
RCPT-120472,PO-50040,2025-05-23,12:59:00,SKU-04733,522,520,-2,A-01R-018-1-A,2025-05-23 14:02:00,RCV-008,NEW
RCPT-120426,PO-50040,2025-05-23,12:53:00,SKU-01304,121,119,-2,B-03L-005-4-A,2025-05-23 14:54:00,RCV-003,NEW
RCPT-120428,PO-50040,2025-05-23,12:38:00,SKU-02859,769,770,1,A-01L-018-3-A,2025-05-23 15:33:00,RCV-001,NEW
RCPT-120533,PO-50040,2025-05-23,07:35:00,SKU-02565,24,23,-1,D-02L-009-5-A,2025-05-23 09:14:00,RCV-004,NEW
RCPT-120438,PO-50040,2025-05-23,10:34:00,SKU-03881,1569,1570,1,B-02R-002-4-A,2025-05-23 11:47:00,RCV-008,NEW
RCPT-120580,PO-50041,2025-05-24,12:35:00,SKU-04710,600,600,0,A-02L-008-2-A,2025-05-24 13:57:00,RCV-003,NEW
RCPT-120751,PO-50041,2025-05-24,11:47:00,SKU-01596,59,61,2,B-04L-001-4-B,2025-05-24 13:50:00,RCV-005,NEW
RCPT-120679,PO-50041,2025-05-24,06:56:00,SKU-02900,12,14,2,C-01R-009-4-A,2025-05-24 09:51:00,RCV-003,NEW
RCPT-120693,PO-50041,2025-05-24,08:16:00,SKU-00315,141,140,-1,A-03R-020-4-A,2025-05-24 10:15:00,RCV-001,NEW
RCPT-120635,PO-50041,2025-05-24,11:50:00,SKU-04015,53,52,-1,A-02R-020-1-B,2025-05-24 12:48:00,RCV-002,NEW
RCPT-120659,PO-50041,2025-05-24,11:03:00,SKU-00494,12,10,-2,D-04L-007-1-A,2025-05-24 12:41:00,RCV-006,NEW
RCPT-120752,PO-50041,2025-05-24,09:29:00,SKU-04696,12,12,0,C-02L-001-4-A,2025-05-24 10:31:00,RCV-002,NEW
RCPT-120647,PO-50041,2025-05-24,10:35:00,SKU-02517,57,56,-1,A-02L-010-1-B,2025-05-24 12:05:00,RCV-006,NEW
RCPT-120741,PO-50041,2025-05-24,12:00:00,SKU-02681,1308,1308,0,A-01R-018-4-B,2025-05-24 14:57:00,RCV-006,NEW
RCPT-120726,PO-50041,2025-05-24,08:17:00,SKU-04365,12,10,-2,B-01R-017-5-B,2025-05-24 10:07:00,RCV-005,NEW
RCPT-120744,PO-50041,2025-05-24,12:51:00,SKU-04390,27,28,1,C-02L-011-4-B,2025-05-24 14:29:00,RCV-003,NEW
RCPT-120656,PO-50041,2025-05-24,11:34:00,SKU-04733,372,371,-1,A-01R-018-1-A,2025-05-24 13:22:00,RCV-001,NEW
RCPT-120582,PO-50041,2025-05-24,11:04:00,SKU-02034,417,416,-1,A-02L-014-4-B,2025-05-24 13:25:00,RCV-001,NEW
RCPT-120608,PO-50041,2025-05-24,10:24:00,SKU-02908,6095,6097,2,B-02L-005-3-A,2025-05-24 12:47:00,RCV-008,NEW
RCPT-120696,PO-50041,2025-05-24,06:00:00,SKU-03946,21,23,2,A-02L-004-5-B,2025-05-24 07:41:00,RCV-003,NEW
RCPT-120727,PO-50041,2025-05-24,09:34:00,SKU-02784,14,15,1,D-02R-025-2-A,2025-05-24 10:21:00,RCV-006,NEW
RCPT-120721,PO-50041,2025-05-24,08:50:00,SKU-03920,18,17,-1,C-02L-014-4-A,2025-05-24 10:49:00,RCV-006,NEW
RCPT-120667,PO-50041,2025-05-24,09:35:00,SKU-03008,12,10,-2,D-02L-016-4-B,2025-05-24 11:38:00,RCV-001,NEW
RCPT-120654,PO-50041,2025-05-24,12:48:00,SKU-03635,193,192,-1,A-02R-019-5-A,2025-05-24 15:19:00,RCV-001,NEW
RCPT-120610,PO-50041,2025-05-24,08:54:00,SKU-02859,1049,1051,2,A-01L-018-3-A,2025-05-24 11:17:00,RCV-006,NEW
RCPT-120687,PO-50041,2025-05-24,06:37:00,SKU-02487,19,17,-2,B-01L-014-5-B,2025-05-24 07:09:00,RCV-004,NEW
RCPT-120637,PO-50041,2025-05-24,09:06:00,SKU-03297,67,69,2,B-01L-013-1-A,2025-05-24 09:58:00,RCV-004,NEW
RCPT-120646,PO-50041,2025-05-24,12:22:00,SKU-02584,323,325,2,A-02L-003-1-B,2025-05-24 13:50:00,RCV-006,NEW
RCPT-120723,PO-50041,2025-05-24,07:36:00,SKU-01019,513,513,0,B-03R-014-1-A,2025-05-24 08:06:00,RCV-001,NEW
RCPT-120730,PO-50041,2025-05-24,12:34:00,SKU-00940,63,62,-1,A-03R-006-3-B,2025-05-24 13:31:00,RCV-003,NEW
RCPT-120745,PO-50041,2025-05-24,08:12:00,SKU-01170,476,476,0,A-03L-002-3-B,2025-05-24 10:00:00,RCV-006,NEW
RCPT-120615,PO-50041,2025-05-24,07:33:00,SKU-01398,12,11,-1,D-04L-010-3-B,2025-05-24 09:52:00,RCV-002,NEW
RCPT-120588,PO-50041,2025-05-24,12:40:00,SKU-00912,41,40,-1,A-04R-018-1-B,2025-05-24 15:05:00,RCV-006,NEW
RCPT-120653,PO-50041,2025-05-24,10:49:00,SKU-04678,12,10,-2,E-01L-023-4-A,2025-05-24 13:29:00,RCV-001,NEW
RCPT-120606,PO-50041,2025-05-24,08:51:00,SKU-03812,14,12,-2,B-01L-010-4-B,2025-05-24 11:24:00,RCV-008,NEW
RCPT-120711,PO-50041,2025-05-24,06:09:00,SKU-02090,13,14,1,C-02L-011-4-A,2025-05-24 08:25:00,RCV-008,NEW
RCPT-120636,PO-50041,2025-05-24,10:41:00,SKU-02170,79,78,-1,A-02R-011-5-B,2025-05-24 13:36:00,RCV-003,NEW
RCPT-120739,PO-50041,2025-05-24,11:50:00,SKU-03825,331,331,0,B-01R-003-2-A,2025-05-24 14:33:00,RCV-003,NEW
RCPT-120731,PO-50041,2025-05-24,07:50:00,SKU-00017,209,207,-2,B-03R-001-4-B,2025-05-24 09:00:00,RCV-007,NEW
RCPT-120624,PO-50041,2025-05-24,09:19:00,SKU-00371,12,11,-1,C-03L-010-1-B,2025-05-24 10:10:00,RCV-003,NEW
RCPT-120664,PO-50041,2025-05-24,07:55:00,SKU-00118,14,15,1,E-04R-005-1-B,2025-05-24 09:15:00,RCV-006,NEW
RCPT-120700,PO-50041,2025-05-24,11:42:00,SKU-04025,244,246,2,C-01L-004-5-A,2025-05-24 13:26:00,RCV-008,NEW
RCPT-120712,PO-50041,2025-05-24,06:01:00,SKU-00420,81,79,-2,A-03R-014-1-A,2025-05-24 08:12:00,RCV-008,NEW
RCPT-120725,PO-50041,2025-05-24,09:18:00,SKU-02211,33,35,2,C-01R-007-2-A,2025-05-24 11:48:00,RCV-005,NEW
RCPT-120593,PO-50041,2025-05-24,10:05:00,SKU-02046,25,24,-1,D-01R-010-1-B,2025-05-24 11:05:00,RCV-007,NEW
RCPT-120625,PO-50041,2025-05-24,10:49:00,SKU-02185,418,418,0,C-01R-009-4-B,2025-05-24 11:24:00,RCV-006,NEW
RCPT-120717,PO-50041,2025-05-24,11:21:00,SKU-01653,12,13,1,C-04L-004-2-B,2025-05-24 13:39:00,RCV-007,NEW
RCPT-120598,PO-50041,2025-05-24,07:59:00,SKU-03727,2627,2629,2,B-02R-023-4-A,2025-05-24 10:09:00,RCV-008,NEW
RCPT-120671,PO-50041,2025-05-24,09:15:00,SKU-01490,1528,1528,0,B-04R-009-1-A,2025-05-24 11:37:00,RCV-005,NEW
RCPT-120750,PO-50041,2025-05-24,06:50:00,SKU-02085,1026,1026,0,D-02R-008-1-A,2025-05-24 09:38:00,RCV-006,NEW
RCPT-120887,PO-50042,2025-05-26,09:27:00,SKU-03803,85,83,-2,A-01R-016-4-A,2025-05-26 11:07:00,RCV-005,NEW
RCPT-120894,PO-50042,2025-05-26,12:28:00,SKU-04928,461,459,-2,B-01L-013-2-B,2025-05-26 13:18:00,RCV-007,NEW
RCPT-120770,PO-50042,2025-05-26,08:10:00,SKU-04328,13413,13415,2,A-02L-021-1-B,2025-05-26 10:41:00,RCV-001,NEW
RCPT-120850,PO-50042,2025-05-26,10:55:00,SKU-01463,310,312,2,A-04L-004-3-B,2025-05-26 13:22:00,RCV-005,NEW
RCPT-120812,PO-50042,2025-05-26,08:32:00,SKU-02140,464,465,1,B-01R-020-2-B,2025-05-26 10:33:00,RCV-003,NEW
RCPT-120863,PO-50042,2025-05-26,10:19:00,SKU-02156,61,61,0,B-02L-006-1-A,2025-05-26 11:22:00,RCV-002,NEW
RCPT-120864,PO-50042,2025-05-26,06:00:00,SKU-04542,222,220,-2,C-02L-018-4-A,2025-05-26 08:17:00,RCV-001,NEW
RCPT-120762,PO-50042,2025-05-26,06:20:00,SKU-04709,20,22,2,C-01R-001-5-B,2025-05-26 06:51:00,RCV-008,NEW
RCPT-120795,PO-50042,2025-05-26,12:55:00,SKU-02158,32,30,-2,B-02R-003-5-A,2025-05-26 14:15:00,RCV-003,NEW
RCPT-120766,PO-50042,2025-05-26,12:41:00,SKU-04136,12,14,2,E-01R-019-3-B,2025-05-26 13:42:00,RCV-002,NEW
RCPT-120833,PO-50042,2025-05-26,12:02:00,SKU-04924,25,24,-1,B-02R-001-2-A,2025-05-26 14:02:00,RCV-008,NEW
RCPT-120901,PO-50042,2025-05-26,12:30:00,SKU-02707,44,45,1,A-02L-009-3-A,2025-05-26 13:23:00,RCV-002,NEW
RCPT-120804,PO-50042,2025-05-26,08:37:00,SKU-02567,42,40,-2,C-01L-021-1-B,2025-05-26 10:48:00,RCV-003,DAMAGED
RCPT-120892,PO-50042,2025-05-26,06:12:00,SKU-04643,65,65,0,A-01L-025-2-B,2025-05-26 08:04:00,RCV-001,NEW
RCPT-120853,PO-50042,2025-05-26,10:05:00,SKU-03459,36,34,-2,A-01R-026-3-A,2025-05-26 11:36:00,RCV-006,NEW
RCPT-120813,PO-50042,2025-05-26,08:42:00,SKU-04809,364,366,2,A-01R-016-2-B,2025-05-26 10:58:00,RCV-005,NEW
RCPT-120896,PO-50042,2025-05-26,11:32:00,SKU-01577,12,10,-2,C-04L-001-4-A,2025-05-26 12:37:00,RCV-002,NEW
RCPT-120802,PO-50042,2025-05-26,12:18:00,SKU-00046,522,522,0,B-03L-005-2-A,2025-05-26 15:16:00,RCV-008,NEW
RCPT-120820,PO-50042,2025-05-26,10:14:00,SKU-02986,12,14,2,D-01R-006-5-A,2025-05-26 12:08:00,RCV-001,NEW
RCPT-120757,PO-50042,2025-05-26,06:04:00,SKU-04608,1340,1339,-1,A-02L-025-1-B,2025-05-26 07:08:00,RCV-002,NEW
RCPT-120889,PO-50042,2025-05-26,12:45:00,SKU-04826,12,10,-2,C-01R-013-2-B,2025-05-26 13:38:00,RCV-002,NEW
RCPT-120767,PO-50042,2025-05-26,06:14:00,SKU-00974,110,110,0,A-03L-013-3-B,2025-05-26 08:36:00,RCV-008,NEW
RCPT-120788,PO-50042,2025-05-26,11:13:00,SKU-04693,12,10,-2,B-01L-018-2-B,2025-05-26 13:40:00,RCV-006,NEW
RCPT-120832,PO-50042,2025-05-26,12:41:00,SKU-04755,55,53,-2,B-01R-018-2-B,2025-05-26 15:39:00,RCV-007,NEW
RCPT-120835,PO-50042,2025-05-26,08:34:00,SKU-02585,2168,2166,-2,A-01R-012-4-A,2025-05-26 10:13:00,RCV-004,NEW
RCPT-120873,PO-50042,2025-05-26,08:11:00,SKU-04887,33,33,0,B-01L-015-5-B,2025-05-26 08:56:00,RCV-006,NEW
RCPT-120825,PO-50042,2025-05-26,08:16:00,SKU-00411,46,46,0,C-03L-008-4-A,2025-05-26 09:31:00,RCV-004,NEW
RCPT-120866,PO-50042,2025-05-26,11:34:00,SKU-01073,180,178,-2,B-04R-005-1-A,2025-05-26 12:45:00,RCV-006,NEW
RCPT-120893,PO-50042,2025-05-26,10:55:00,SKU-03485,12,10,-2,E-02L-017-3-B,2025-05-26 12:37:00,RCV-002,NEW
RCPT-120808,PO-50042,2025-05-26,08:33:00,SKU-02469,31,33,2,A-01R-018-3-A,2025-05-26 09:34:00,RCV-008,NEW
RCPT-120826,PO-50042,2025-05-26,06:05:00,SKU-03057,110,109,-1,C-01R-026-4-B,2025-05-26 08:07:00,RCV-001,NEW
RCPT-120799,PO-50042,2025-05-26,07:09:00,SKU-00078,13,11,-2,C-03R-013-4-A,2025-05-26 08:53:00,RCV-006,NEW
RCPT-120983,PO-50042,2025-05-27,09:39:00,SKU-01556,20,21,1,B-03L-010-2-B,2025-05-27 10:36:00,RCV-004,DAMAGED
RCPT-120992,PO-50042,2025-05-27,11:32:00,SKU-00407,15,15,0,C-03R-009-2-B,2025-05-27 13:55:00,RCV-001,NEW
RCPT-121013,PO-50042,2025-05-27,10:52:00,SKU-04571,26,28,2,C-01R-019-4-A,2025-05-27 11:34:00,RCV-008,NEW
RCPT-121025,PO-50042,2025-05-27,07:05:00,SKU-02184,12,12,0,C-01L-008-4-B,2025-05-27 08:34:00,RCV-008,NEW
RCPT-120928,PO-50042,2025-05-27,10:54:00,SKU-02585,2282,2284,2,A-01R-012-4-A,2025-05-27 11:48:00,RCV-001,NEW
RCPT-120950,PO-50042,2025-05-27,10:59:00,SKU-02713,68,66,-2,B-01L-012-1-B,2025-05-27 13:43:00,RCV-005,NEW
RCPT-121007,PO-50042,2025-05-27,07:52:00,SKU-02016,118,116,-2,A-02L-016-1-A,2025-05-27 10:12:00,RCV-004,NEW
RCPT-120999,PO-50042,2025-05-27,08:09:00,SKU-03821,82,84,2,A-01R-017-3-A,2025-05-27 09:08:00,RCV-007,NEW
RCPT-120944,PO-50042,2025-05-27,10:21:00,SKU-04608,1389,1389,0,A-02L-025-1-B,2025-05-27 13:11:00,RCV-004,NEW
RCPT-120952,PO-50042,2025-05-27,12:01:00,SKU-00714,12,12,0,D-03R-012-3-B,2025-05-27 12:41:00,RCV-007,NEW
RCPT-120951,PO-50042,2025-05-27,12:14:00,SKU-02699,416,417,1,C-01L-007-2-B,2025-05-27 15:02:00,RCV-005,NEW
RCPT-120995,PO-50042,2025-05-27,09:26:00,SKU-02063,12,11,-1,B-02L-020-5-A,2025-05-27 11:01:00,RCV-005,NEW
RCPT-121027,PO-50042,2025-05-27,07:26:00,SKU-02564,232,234,2,C-01L-011-5-B,2025-05-27 09:42:00,RCV-008,NEW
RCPT-120959,PO-50042,2025-05-27,09:21:00,SKU-02618,12,14,2,B-02L-026-3-B,2025-05-27 11:12:00,RCV-006,NEW
RCPT-121009,PO-50042,2025-05-27,07:46:00,SKU-00288,12,10,-2,C-03R-006-2-A,2025-05-27 08:39:00,RCV-002,NEW
RCPT-120989,PO-50042,2025-05-27,06:38:00,SKU-01850,383,382,-1,A-04R-006-2-A,2025-05-27 07:30:00,RCV-003,NEW
RCPT-120991,PO-50042,2025-05-27,06:19:00,SKU-01463,203,201,-2,A-04L-004-3-B,2025-05-27 08:44:00,RCV-006,NEW
RCPT-121001,PO-50042,2025-05-27,12:02:00,SKU-02828,412,410,-2,A-02L-007-2-A,2025-05-27 12:47:00,RCV-006,NEW
RCPT-120934,PO-50042,2025-05-27,06:18:00,SKU-04865,462,460,-2,A-01R-011-4-B,2025-05-27 08:31:00,RCV-005,NEW
RCPT-120937,PO-50042,2025-05-27,07:21:00,SKU-02820,12,10,-2,D-02L-017-4-A,2025-05-27 07:58:00,RCV-003,NEW
RCPT-121023,PO-50042,2025-05-27,12:37:00,SKU-04955,16,15,-1,B-02L-013-2-B,2025-05-27 15:29:00,RCV-001,NEW
RCPT-120978,PO-50042,2025-05-27,07:40:00,SKU-00473,104,106,2,C-04R-003-2-B,2025-05-27 09:11:00,RCV-001,NEW
RCPT-121002,PO-50042,2025-05-27,08:25:00,SKU-02161,22,23,1,D-01R-016-2-A,2025-05-27 10:51:00,RCV-008,NEW
RCPT-120957,PO-50042,2025-05-27,09:41:00,SKU-00772,36,34,-2,E-04L-019-4-B,2025-05-27 12:01:00,RCV-001,NEW
RCPT-121010,PO-50042,2025-05-27,07:58:00,SKU-02875,79,79,0,A-02L-009-4-A,2025-05-27 10:32:00,RCV-003,NEW
RCPT-120938,PO-50042,2025-05-27,07:54:00,SKU-00353,207,206,-1,A-04L-018-4-A,2025-05-27 09:25:00,RCV-005,NEW
RCPT-120948,PO-50042,2025-05-27,06:35:00,SKU-02973,235,233,-2,B-01R-015-1-A,2025-05-27 09:30:00,RCV-005,NEW
RCPT-120947,PO-50042,2025-05-27,10:29:00,SKU-04814,541,539,-2,B-02R-017-4-A,2025-05-27 11:43:00,RCV-002,NEW
RCPT-121032,PO-50042,2025-05-27,06:32:00,SKU-01443,12,13,1,B-04R-019-3-B,2025-05-27 09:20:00,RCV-008,NEW
RCPT-120993,PO-50042,2025-05-27,08:00:00,SKU-02252,240,240,0,B-02R-025-2-A,2025-05-27 10:56:00,RCV-002,NEW
RCPT-120936,PO-50042,2025-05-27,12:23:00,SKU-02135,12,11,-1,C-02R-017-1-A,2025-05-27 12:58:00,RCV-003,NEW
RCPT-121070,PO-50042,2025-05-28,08:14:00,SKU-04606,28,30,2,D-01R-012-1-B,2025-05-28 10:15:00,RCV-001,NEW
RCPT-121203,PO-50042,2025-05-28,07:11:00,SKU-01058,12,14,2,B-04R-020-1-A,2025-05-28 09:50:00,RCV-001,NEW
RCPT-121054,PO-50042,2025-05-28,09:20:00,SKU-02609,1917,1918,1,C-01R-013-1-B,2025-05-28 10:27:00,RCV-005,NEW
RCPT-121198,PO-50042,2025-05-28,08:40:00,SKU-00026,129,130,1,A-03R-009-1-B,2025-05-28 11:24:00,RCV-008,NEW
RCPT-121079,PO-50042,2025-05-28,11:12:00,SKU-02828,377,375,-2,A-02L-007-2-A,2025-05-28 12:48:00,RCV-003,NEW
RCPT-121115,PO-50042,2025-05-28,06:15:00,SKU-02703,17,18,1,A-02L-020-2-A,2025-05-28 08:24:00,RCV-001,NEW
RCPT-121162,PO-50042,2025-05-28,10:09:00,SKU-02767,213,214,1,C-02R-013-1-B,2025-05-28 12:30:00,RCV-002,NEW
RCPT-121069,PO-50042,2025-05-28,08:07:00,SKU-00872,5743,5744,1,A-04L-005-1-A,2025-05-28 09:34:00,RCV-003,NEW
RCPT-121050,PO-50042,2025-05-28,07:54:00,SKU-04211,138,140,2,A-01L-009-5-B,2025-05-28 08:58:00,RCV-006,NEW
RCPT-121193,PO-50042,2025-05-28,08:49:00,SKU-01100,12,14,2,E-04L-019-3-B,2025-05-28 09:59:00,RCV-007,NEW
RCPT-121191,PO-50042,2025-05-28,10:54:00,SKU-03434,12,11,-1,E-01L-014-3-A,2025-05-28 13:03:00,RCV-004,NEW
RCPT-121197,PO-50042,2025-05-28,06:48:00,SKU-02669,17,16,-1,D-02R-025-1-A,2025-05-28 07:24:00,RCV-008,NEW
RCPT-121137,PO-50042,2025-05-28,11:42:00,SKU-02775,372,372,0,C-01R-023-3-A,2025-05-28 14:40:00,RCV-004,NEW
RCPT-121163,PO-50042,2025-05-28,08:23:00,SKU-01191,25,27,2,A-04L-002-2-A,2025-05-28 09:42:00,RCV-005,NEW
RCPT-121096,PO-50042,2025-05-28,06:08:00,SKU-00380,12,13,1,D-03L-004-2-B,2025-05-28 08:59:00,RCV-004,NEW
RCPT-121205,PO-50042,2025-05-28,12:17:00,SKU-01304,146,144,-2,B-03L-005-4-A,2025-05-28 13:06:00,RCV-004,NEW
RCPT-121067,PO-50042,2025-05-28,10:57:00,SKU-00290,51,50,-1,A-03L-003-2-A,2025-05-28 13:53:00,RCV-008,NEW
RCPT-121169,PO-50042,2025-05-28,09:00:00,SKU-01492,12,11,-1,B-03R-002-3-A,2025-05-28 10:19:00,RCV-005,NEW
RCPT-121043,PO-50042,2025-05-28,09:31:00,SKU-02291,226,226,0,D-01R-026-1-A,2025-05-28 10:37:00,RCV-002,NEW
RCPT-121194,PO-50042,2025-05-28,06:46:00,SKU-03554,256,254,-2,C-02L-010-3-A,2025-05-28 09:34:00,RCV-002,NEW
RCPT-121206,PO-50042,2025-05-28,06:59:00,SKU-04486,88,87,-1,A-01L-016-3-A,2025-05-28 09:49:00,RCV-004,NEW
RCPT-121167,PO-50042,2025-05-28,07:51:00,SKU-02257,21,20,-1,B-02R-006-2-B,2025-05-28 08:42:00,RCV-005,NEW
RCPT-121153,PO-50042,2025-05-28,07:03:00,SKU-03203,12,14,2,D-02R-026-3-B,2025-05-28 07:39:00,RCV-007,NEW
RCPT-121037,PO-50042,2025-05-28,09:42:00,SKU-04328,14011,14012,1,A-02L-021-1-B,2025-05-28 12:11:00,RCV-003,NEW
RCPT-121058,PO-50042,2025-05-28,11:16:00,SKU-00253,26,26,0,C-03R-003-3-B,2025-05-28 14:11:00,RCV-005,NEW
RCPT-121106,PO-50042,2025-05-28,06:24:00,SKU-02772,200,199,-1,A-02R-012-5-A,2025-05-28 08:46:00,RCV-007,NEW
RCPT-121051,PO-50042,2025-05-28,12:24:00,SKU-01121,1925,1924,-1,B-04R-017-4-A,2025-05-28 14:01:00,RCV-003,NEW
RCPT-121092,PO-50042,2025-05-28,09:50:00,SKU-02572,171,171,0,C-02L-025-2-A,2025-05-28 11:03:00,RCV-007,NEW
RCPT-121118,PO-50042,2025-05-28,09:58:00,SKU-04558,48,50,2,A-01L-008-1-A,2025-05-28 12:37:00,RCV-003,NEW
RCPT-121109,PO-50042,2025-05-28,11:22:00,SKU-02685,59,59,0,A-02R-005-2-A,2025-05-28 11:55:00,RCV-004,NEW
RCPT-121284,PO-50042,2025-05-29,11:25:00,SKU-02324,39,41,2,D-02R-008-5-B,2025-05-29 12:50:00,RCV-008,NEW
RCPT-121255,PO-50042,2025-05-29,12:16:00,SKU-02092,12,13,1,C-02L-019-4-A,2025-05-29 14:19:00,RCV-003,NEW
RCPT-121259,PO-50042,2025-05-29,08:16:00,SKU-03938,89,91,2,B-02R-007-3-B,2025-05-29 09:13:00,RCV-003,DAMAGED
RCPT-121390,PO-50042,2025-05-29,11:30:00,SKU-04411,74,73,-1,A-01L-011-5-B,2025-05-29 12:14:00,RCV-002,NEW
RCPT-121320,PO-50042,2025-05-29,10:50:00,SKU-00472,22,21,-1,A-04L-004-1-B,2025-05-29 12:01:00,RCV-008,NEW
RCPT-121370,PO-50042,2025-05-29,10:15:00,SKU-04828,12,13,1,D-01L-015-3-A,2025-05-29 11:15:00,RCV-008,NEW
RCPT-121376,PO-50042,2025-05-29,11:48:00,SKU-01220,27,28,1,B-04L-018-2-B,2025-05-29 13:43:00,RCV-006,NEW
RCPT-121349,PO-50042,2025-05-29,12:14:00,SKU-01473,30,30,0,D-03L-014-3-B,2025-05-29 13:36:00,RCV-005,NEW
RCPT-121224,PO-50042,2025-05-29,11:15:00,SKU-02155,12,13,1,E-01L-017-5-B,2025-05-29 13:02:00,RCV-006,NEW
RCPT-121220,PO-50042,2025-05-29,09:00:00,SKU-01490,1394,1394,0,B-04R-009-1-A,2025-05-29 11:25:00,RCV-003,NEW
RCPT-121281,PO-50042,2025-05-29,11:30:00,SKU-02298,209,210,1,A-01L-014-4-A,2025-05-29 13:54:00,RCV-003,NEW
RCPT-121232,PO-50042,2025-05-29,10:01:00,SKU-01428,370,371,1,A-03L-006-4-A,2025-05-29 11:57:00,RCV-002,NEW
RCPT-121317,PO-50042,2025-05-29,10:38:00,SKU-00090,188,186,-2,C-04R-005-2-A,2025-05-29 11:51:00,RCV-003,NEW
RCPT-121231,PO-50042,2025-05-29,07:57:00,SKU-04257,12,11,-1,E-01L-022-4-B,2025-05-29 09:44:00,RCV-008,NEW
RCPT-121266,PO-50042,2025-05-29,10:57:00,SKU-04508,12,11,-1,A-02R-005-5-A,2025-05-29 12:11:00,RCV-004,NEW
RCPT-121285,PO-50042,2025-05-29,11:21:00,SKU-00315,162,162,0,A-03R-020-4-A,2025-05-29 12:20:00,RCV-006,NEW
RCPT-121273,PO-50042,2025-05-29,09:44:00,SKU-04865,506,506,0,A-01R-011-4-B,2025-05-29 10:38:00,RCV-005,NEW
RCPT-121386,PO-50042,2025-05-29,12:23:00,SKU-00483,171,169,-2,C-03L-009-3-A,2025-05-29 13:57:00,RCV-004,NEW
RCPT-121227,PO-50042,2025-05-29,10:02:00,SKU-01816,12,10,-2,B-04R-016-1-B,2025-05-29 10:37:00,RCV-002,NEW
RCPT-121300,PO-50042,2025-05-29,11:55:00,SKU-02045,243,241,-2,B-01R-025-3-A,2025-05-29 13:23:00,RCV-008,NEW
RCPT-121219,PO-50042,2025-05-29,10:25:00,SKU-02366,5858,5857,-1,A-01R-020-4-A,2025-05-29 13:17:00,RCV-007,NEW
RCPT-121234,PO-50042,2025-05-29,07:21:00,SKU-00872,3380,3379,-1,A-04L-005-1-A,2025-05-29 08:55:00,RCV-008,NEW
RCPT-121304,PO-50042,2025-05-29,09:38:00,SKU-02044,405,403,-2,A-01R-023-5-B,2025-05-29 11:56:00,RCV-001,NEW
RCPT-121324,PO-50042,2025-05-29,09:51:00,SKU-02939,328,327,-1,A-02R-016-5-A,2025-05-29 11:28:00,RCV-008,NEW
RCPT-121359,PO-50042,2025-05-29,09:49:00,SKU-00145,92,93,1,D-03R-005-2-A,2025-05-29 11:51:00,RCV-008,NEW
RCPT-121356,PO-50042,2025-05-29,07:59:00,SKU-00606,194,196,2,B-04L-016-1-A,2025-05-29 09:52:00,RCV-005,NEW
RCPT-121236,PO-50042,2025-05-29,08:24:00,SKU-04528,969,967,-2,B-02R-014-3-B,2025-05-29 09:47:00,RCV-005,NEW
RCPT-121371,PO-50042,2025-05-29,09:59:00,SKU-04840,33,32,-1,E-01L-021-5-A,2025-05-29 12:35:00,RCV-006,NEW
RCPT-121282,PO-50042,2025-05-29,11:41:00,SKU-00254,107,109,2,A-04L-020-4-A,2025-05-29 13:25:00,RCV-002,NEW
RCPT-121331,PO-50042,2025-05-29,07:35:00,SKU-03522,66,64,-2,A-02R-015-2-A,2025-05-29 09:57:00,RCV-003,NEW
RCPT-121237,PO-50042,2025-05-29,09:03:00,SKU-02104,3054,3055,1,B-01R-002-1-A,2025-05-29 11:02:00,RCV-002,NEW
RCPT-121385,PO-50042,2025-05-29,12:51:00,SKU-02866,12,14,2,E-02L-013-2-A,2025-05-29 15:03:00,RCV-001,NEW
RCPT-121319,PO-50042,2025-05-29,09:49:00,SKU-01068,164,162,-2,B-03L-012-3-B,2025-05-29 11:31:00,RCV-001,NEW
RCPT-121302,PO-50042,2025-05-29,09:27:00,SKU-00357,12,13,1,D-04L-020-4-B,2025-05-29 11:34:00,RCV-008,NEW
RCPT-121365,PO-50042,2025-05-29,10:37:00,SKU-01059,12,14,2,B-04R-012-1-A,2025-05-29 11:47:00,RCV-007,NEW
RCPT-121341,PO-50042,2025-05-29,06:45:00,SKU-03613,24,23,-1,C-01L-020-4-B,2025-05-29 07:23:00,RCV-008,NEW
RCPT-121256,PO-50042,2025-05-29,09:31:00,SKU-00261,13,11,-2,D-04R-011-1-B,2025-05-29 12:06:00,RCV-003,NEW
RCPT-121269,PO-50042,2025-05-29,10:23:00,SKU-03496,812,812,0,B-01R-016-5-B,2025-05-29 13:16:00,RCV-007,NEW
RCPT-121362,PO-50042,2025-05-29,12:31:00,SKU-00106,12,14,2,E-04L-016-3-B,2025-05-29 14:33:00,RCV-008,NEW
RCPT-121462,PO-50042,2025-05-30,10:53:00,SKU-04737,54,54,0,C-02R-001-2-B,2025-05-30 12:43:00,RCV-003,NEW
RCPT-121547,PO-50042,2025-05-30,07:49:00,SKU-02903,158,158,0,B-01R-020-5-B,2025-05-30 10:25:00,RCV-007,NEW
RCPT-121396,PO-50042,2025-05-30,09:25:00,SKU-04813,130,129,-1,C-02L-008-2-B,2025-05-30 11:14:00,RCV-004,NEW
RCPT-121433,PO-50042,2025-05-30,07:48:00,SKU-01490,1208,1208,0,B-04R-009-1-A,2025-05-30 10:47:00,RCV-002,NEW
RCPT-121421,PO-50042,2025-05-30,12:33:00,SKU-00014,76,78,2,A-04L-004-2-B,2025-05-30 15:27:00,RCV-001,NEW
RCPT-121422,PO-50042,2025-05-30,10:21:00,SKU-01463,282,281,-1,A-04L-004-3-B,2025-05-30 12:31:00,RCV-004,NEW
RCPT-121455,PO-50042,2025-05-30,06:28:00,SKU-00132,367,366,-1,A-04R-016-4-B,2025-05-30 08:25:00,RCV-001,NEW
RCPT-121491,PO-50042,2025-05-30,08:38:00,SKU-03985,53,53,0,A-02R-024-3-B,2025-05-30 09:30:00,RCV-004,NEW
RCPT-121527,PO-50042,2025-05-30,12:06:00,SKU-00567,12,11,-1,D-04L-003-1-B,2025-05-30 14:48:00,RCV-003,NEW
RCPT-121471,PO-50042,2025-05-30,07:44:00,SKU-01188,39,39,0,B-04L-010-1-A,2025-05-30 08:59:00,RCV-006,NEW
RCPT-121468,PO-50042,2025-05-30,07:18:00,SKU-04878,663,665,2,B-01R-016-3-B,2025-05-30 08:38:00,RCV-008,NEW
RCPT-121562,PO-50042,2025-05-30,10:39:00,SKU-02141,99,99,0,B-02L-018-2-A,2025-05-30 12:49:00,RCV-002,NEW
RCPT-121420,PO-50042,2025-05-30,06:32:00,SKU-02324,28,29,1,D-02R-008-5-B,2025-05-30 09:30:00,RCV-007,NEW
RCPT-121533,PO-50042,2025-05-30,08:41:00,SKU-00034,179,178,-1,A-04L-017-3-A,2025-05-30 09:28:00,RCV-006,NEW
RCPT-121441,PO-50042,2025-05-30,12:34:00,SKU-03705,49,47,-2,A-02L-025-2-A,2025-05-30 14:01:00,RCV-008,NEW
RCPT-121466,PO-50042,2025-05-30,06:22:00,SKU-02140,275,273,-2,B-01R-020-2-B,2025-05-30 09:11:00,RCV-006,NEW
RCPT-121517,PO-50042,2025-05-30,09:07:00,SKU-01222,18,18,0,A-04L-010-1-A,2025-05-30 11:31:00,RCV-007,NEW
RCPT-121451,PO-50042,2025-05-30,12:22:00,SKU-04477,43,43,0,B-02L-001-2-A,2025-05-30 13:04:00,RCV-002,NEW
RCPT-121512,PO-50042,2025-05-30,08:55:00,SKU-02420,325,325,0,B-01L-005-4-B,2025-05-30 10:10:00,RCV-007,NEW
RCPT-121443,PO-50042,2025-05-30,06:39:00,SKU-04116,274,274,0,B-02L-002-3-A,2025-05-30 07:29:00,RCV-008,NEW
RCPT-121446,PO-50042,2025-05-30,12:08:00,SKU-01331,471,472,1,A-03R-003-4-B,2025-05-30 14:04:00,RCV-006,NEW
RCPT-121394,PO-50042,2025-05-30,06:13:00,SKU-02908,4179,4179,0,B-02L-005-3-A,2025-05-30 07:47:00,RCV-001,NEW
RCPT-121531,PO-50042,2025-05-30,10:25:00,SKU-02714,21,19,-2,B-01R-020-1-B,2025-05-30 12:48:00,RCV-005,NEW
RCPT-121553,PO-50042,2025-05-30,10:39:00,SKU-02816,128,126,-2,A-02R-004-2-A,2025-05-30 11:43:00,RCV-008,NEW
RCPT-121412,PO-50042,2025-05-30,08:56:00,SKU-04782,518,516,-2,C-01L-004-3-A,2025-05-30 11:03:00,RCV-004,NEW
RCPT-121479,PO-50042,2025-05-30,12:47:00,SKU-03514,12,14,2,C-01L-023-3-B,2025-05-30 13:59:00,RCV-007,NEW
RCPT-121546,PO-50042,2025-05-30,06:09:00,SKU-00018,40,39,-1,B-03L-014-2-A,2025-05-30 07:47:00,RCV-007,NEW
RCPT-121538,PO-50042,2025-05-30,11:44:00,SKU-04783,13,11,-2,C-02L-013-5-B,2025-05-30 14:04:00,RCV-002,NEW
RCPT-121423,PO-50042,2025-05-30,10:13:00,SKU-03989,12,11,-1,D-01L-010-2-B,2025-05-30 13:07:00,RCV-002,NEW
RCPT-121395,PO-50042,2025-05-30,11:50:00,SKU-01721,1472,1471,-1,A-04L-015-4-B,2025-05-30 13:41:00,RCV-005,NEW
RCPT-121461,PO-50042,2025-05-30,08:29:00,SKU-03269,12,10,-2,C-02L-017-1-B,2025-05-30 10:56:00,RCV-006,NEW
RCPT-121519,PO-50042,2025-05-30,07:18:00,SKU-02045,290,292,2,B-01R-025-3-A,2025-05-30 08:16:00,RCV-002,NEW
RCPT-121476,PO-50042,2025-05-30,09:34:00,SKU-03715,12,11,-1,D-02L-011-5-A,2025-05-30 12:30:00,RCV-001,NEW
RCPT-121482,PO-50042,2025-05-30,08:10:00,SKU-04722,12,12,0,D-01L-018-4-A,2025-05-30 10:31:00,RCV-001,NEW
RCPT-121513,PO-50042,2025-05-30,08:18:00,SKU-02202,480,478,-2,C-01R-025-1-B,2025-05-30 10:21:00,RCV-002,NEW
RCPT-121555,PO-50042,2025-05-30,12:16:00,SKU-04190,12,11,-1,C-02R-003-4-B,2025-05-30 13:06:00,RCV-004,NEW
RCPT-121440,PO-50042,2025-05-30,11:17:00,SKU-01512,13,11,-2,C-03L-012-1-B,2025-05-30 13:34:00,RCV-002,NEW
RCPT-121541,PO-50042,2025-05-30,06:53:00,SKU-02772,296,298,2,A-02R-012-5-A,2025-05-30 08:11:00,RCV-002,NEW
RCPT-121672,PO-50042,2025-05-31,10:46:00,SKU-00198,12,14,2,D-03L-017-1-A,2025-05-31 12:25:00,RCV-007,NEW
RCPT-121697,PO-50042,2025-05-31,06:47:00,SKU-03049,197,196,-1,C-02L-003-4-A,2025-05-31 07:41:00,RCV-001,NEW
RCPT-121719,PO-50042,2025-05-31,07:41:00,SKU-00392,311,309,-2,B-03L-019-1-B,2025-05-31 10:04:00,RCV-001,NEW
RCPT-121722,PO-50042,2025-05-31,12:10:00,SKU-02775,406,404,-2,C-01R-023-3-A,2025-05-31 13:44:00,RCV-001,NEW
RCPT-121639,PO-50042,2025-05-31,11:46:00,SKU-01667,12,10,-2,B-03L-015-4-A,2025-05-31 13:39:00,RCV-006,NEW
RCPT-121657,PO-50042,2025-05-31,08:42:00,SKU-00449,53,54,1,B-03R-011-1-B,2025-05-31 09:30:00,RCV-005,NEW
RCPT-121614,PO-50042,2025-05-31,06:47:00,SKU-00779,182,180,-2,B-04L-003-4-B,2025-05-31 09:24:00,RCV-007,NEW
RCPT-121691,PO-50042,2025-05-31,08:20:00,SKU-00969,12,12,0,C-04R-002-4-A,2025-05-31 11:13:00,RCV-004,NEW
RCPT-121721,PO-50042,2025-05-31,08:12:00,SKU-02085,1297,1298,1,D-02R-008-1-A,2025-05-31 09:23:00,RCV-003,NEW
RCPT-121690,PO-50042,2025-05-31,08:55:00,SKU-02005,29,27,-2,B-01L-012-4-B,2025-05-31 11:34:00,RCV-005,NEW
RCPT-121649,PO-50042,2025-05-31,07:57:00,SKU-04878,1447,1448,1,B-01R-016-3-B,2025-05-31 08:29:00,RCV-002,NEW
RCPT-121656,PO-50042,2025-05-31,09:30:00,SKU-01490,1331,1329,-2,B-04R-009-1-A,2025-05-31 11:03:00,RCV-006,NEW
RCPT-121611,PO-50042,2025-05-31,11:10:00,SKU-02256,26,28,2,C-02L-001-1-B,2025-05-31 12:34:00,RCV-006,NEW
RCPT-121628,PO-50042,2025-05-31,10:44:00,SKU-02859,914,913,-1,A-01L-018-3-A,2025-05-31 13:02:00,RCV-007,NEW
RCPT-121685,PO-50042,2025-05-31,09:14:00,SKU-03720,13,11,-2,C-02L-012-1-A,2025-05-31 10:58:00,RCV-008,NEW
RCPT-121676,PO-50042,2025-05-31,10:57:00,SKU-00453,12,11,-1,C-04L-019-4-B,2025-05-31 11:39:00,RCV-001,NEW
RCPT-121666,PO-50042,2025-05-31,09:46:00,SKU-01721,920,922,2,A-04L-015-4-B,2025-05-31 11:34:00,RCV-004,NEW
RCPT-121599,PO-50042,2025-05-31,07:11:00,SKU-01428,508,507,-1,A-03L-006-4-A,2025-05-31 08:55:00,RCV-002,NEW
RCPT-121702,PO-50042,2025-05-31,08:05:00,SKU-02688,28,28,0,D-02R-012-4-A,2025-05-31 10:20:00,RCV-006,NEW
RCPT-121687,PO-50042,2025-05-31,11:22:00,SKU-01846,97,99,2,B-03R-002-1-A,2025-05-31 13:24:00,RCV-008,NEW
RCPT-121711,PO-50042,2025-05-31,06:27:00,SKU-01850,277,277,0,A-04R-006-2-A,2025-05-31 08:11:00,RCV-008,NEW
RCPT-121578,PO-50042,2025-05-31,07:04:00,SKU-02232,123,123,0,C-01L-002-5-A,2025-05-31 09:49:00,RCV-003,NEW
RCPT-121651,PO-50042,2025-05-31,12:56:00,SKU-04745,62,62,0,B-01R-013-5-A,2025-05-31 13:50:00,RCV-005,NEW
RCPT-121670,PO-50042,2025-05-31,08:58:00,SKU-02262,34,35,1,D-02L-022-3-A,2025-05-31 11:38:00,RCV-001,NEW
RCPT-121663,PO-50042,2025-05-31,08:53:00,SKU-00733,221,221,0,A-04R-005-1-B,2025-05-31 11:42:00,RCV-004,NEW
RCPT-121671,PO-50042,2025-05-31,11:04:00,SKU-02564,372,374,2,C-01L-011-5-B,2025-05-31 13:43:00,RCV-008,NEW
RCPT-121679,PO-50042,2025-05-31,10:33:00,SKU-00354,168,170,2,A-03R-003-1-B,2025-05-31 13:00:00,RCV-001,NEW
RCPT-121695,PO-50042,2025-05-31,11:48:00,SKU-03032,167,166,-1,A-02L-020-4-B,2025-05-31 13:32:00,RCV-007,NEW
RCPT-121607,PO-50042,2025-05-31,11:45:00,SKU-03156,32,31,-1,A-02R-007-1-A,2025-05-31 13:53:00,RCV-002,NEW
RCPT-121589,PO-50042,2025-05-31,12:46:00,SKU-02561,35,36,1,C-02L-020-4-A,2025-05-31 13:50:00,RCV-002,NEW
RCPT-121582,PO-50042,2025-05-31,09:37:00,SKU-02851,144,142,-2,B-02R-007-4-A,2025-05-31 10:59:00,RCV-008,NEW
RCPT-121602,PO-50042,2025-05-31,06:20:00,SKU-02713,101,99,-2,B-01L-012-1-B,2025-05-31 07:41:00,RCV-005,NEW
RCPT-121622,PO-50042,2025-05-31,11:55:00,SKU-01652,158,156,-2,B-04R-013-1-B,2025-05-31 13:15:00,RCV-005,NEW
RCPT-121647,PO-50042,2025-05-31,10:10:00,SKU-03823,989,989,0,C-02R-020-1-B,2025-05-31 11:43:00,RCV-004,NEW
RCPT-121694,PO-50042,2025-05-31,06:17:00,SKU-04757,14,15,1,B-01L-008-3-A,2025-05-31 08:43:00,RCV-004,NEW
RCPT-121634,PO-50042,2025-05-31,09:18:00,SKU-02683,12,12,0,D-02R-016-4-B,2025-05-31 10:53:00,RCV-003,NEW
RCPT-121734,PO-50042,2025-05-31,11:43:00,SKU-02961,195,193,-2,B-02R-006-3-A,2025-05-31 12:14:00,RCV-007,NEW
RCPT-121686,PO-50042,2025-05-31,11:38:00,SKU-00293,18,16,-2,C-03L-006-1-A,2025-05-31 13:24:00,RCV-005,NEW
RCPT-121571,PO-50042,2025-05-31,06:28:00,SKU-00076,60,62,2,C-03R-008-3-B,2025-05-31 08:11:00,RCV-003,NEW
RCPT-121594,PO-50042,2025-05-31,06:11:00,SKU-04782,520,519,-1,C-01L-004-3-A,2025-05-31 08:17:00,RCV-007,NEW
RCPT-121574,PO-50042,2025-05-31,12:27:00,SKU-02281,353,353,0,A-01L-025-3-B,2025-05-31 14:22:00,RCV-004,NEW
RCPT-121869,PO-50042,2025-06-02,07:24:00,SKU-02222,12,10,-2,C-01R-012-5-B,2025-06-02 09:42:00,RCV-004,NEW
RCPT-121830,PO-50042,2025-06-02,10:43:00,SKU-03012,24,25,1,B-02R-010-4-A,2025-06-02 11:41:00,RCV-008,NEW
RCPT-121853,PO-50042,2025-06-02,12:50:00,SKU-01365,12,11,-1,C-04L-002-3-A,2025-06-02 15:36:00,RCV-008,NEW
RCPT-121889,PO-50042,2025-06-02,08:56:00,SKU-04027,22,22,0,A-02L-008-5-B,2025-06-02 09:33:00,RCV-004,NEW
RCPT-121791,PO-50042,2025-06-02,09:46:00,SKU-00405,32,30,-2,C-04R-011-1-A,2025-06-02 10:45:00,RCV-004,NEW
RCPT-121800,PO-50042,2025-06-02,11:42:00,SKU-01068,81,83,2,B-03L-012-3-B,2025-06-02 12:25:00,RCV-003,NEW
RCPT-121801,PO-50042,2025-06-02,06:28:00,SKU-00003,20,18,-2,C-03R-010-4-B,2025-06-02 07:57:00,RCV-001,NEW
RCPT-121789,PO-50042,2025-06-02,11:20:00,SKU-04750,38,39,1,D-02L-001-5-B,2025-06-02 12:22:00,RCV-004,NEW
RCPT-121878,PO-50042,2025-06-02,07:55:00,SKU-01600,47,46,-1,B-03R-016-1-B,2025-06-02 10:24:00,RCV-004,NEW
RCPT-121815,PO-50042,2025-06-02,06:42:00,SKU-03745,28,28,0,A-02L-025-3-B,2025-06-02 07:56:00,RCV-006,NEW
RCPT-121867,PO-50042,2025-06-02,10:13:00,SKU-02523,229,230,1,A-02L-017-1-A,2025-06-02 12:21:00,RCV-003,NEW
RCPT-121915,PO-50042,2025-06-02,09:06:00,SKU-01620,52,50,-2,A-03L-010-4-A,2025-06-02 09:46:00,RCV-002,NEW
RCPT-121768,PO-50042,2025-06-02,07:08:00,SKU-03465,152,150,-2,B-01R-013-4-A,2025-06-02 09:51:00,RCV-007,NEW
RCPT-121901,PO-50042,2025-06-02,12:11:00,SKU-03038,17,17,0,B-02L-014-4-A,2025-06-02 14:26:00,RCV-002,NEW
RCPT-121816,PO-50042,2025-06-02,06:31:00,SKU-02681,2157,2156,-1,A-01R-018-4-B,2025-06-02 08:59:00,RCV-001,NEW
RCPT-121881,PO-50042,2025-06-02,10:57:00,SKU-03357,88,87,-1,A-02R-015-3-B,2025-06-02 13:06:00,RCV-008,NEW
RCPT-121764,PO-50042,2025-06-02,08:43:00,SKU-03600,178,180,2,A-01L-017-2-B,2025-06-02 11:38:00,RCV-004,NEW
RCPT-121798,PO-50042,2025-06-02,07:31:00,SKU-03353,12,13,1,E-01L-026-3-A,2025-06-02 10:17:00,RCV-002,NEW
RCPT-121812,PO-50042,2025-06-02,11:45:00,SKU-00392,261,263,2,B-03L-019-1-B,2025-06-02 12:56:00,RCV-002,NEW
RCPT-121825,PO-50042,2025-06-02,12:58:00,SKU-02073,211,212,1,B-02L-002-5-A,2025-06-02 15:06:00,RCV-008,NEW
RCPT-121890,PO-50042,2025-06-02,12:51:00,SKU-02034,833,834,1,A-02L-014-4-B,2025-06-02 14:44:00,RCV-002,NEW
RCPT-121917,PO-50042,2025-06-02,07:13:00,SKU-02408,28,28,0,C-02L-012-3-A,2025-06-02 08:42:00,RCV-004,NEW
RCPT-121761,PO-50042,2025-06-02,08:10:00,SKU-01646,12,14,2,D-04L-017-1-B,2025-06-02 09:00:00,RCV-003,NEW
RCPT-121861,PO-50042,2025-06-02,07:40:00,SKU-04613,12,12,0,E-01R-009-3-A,2025-06-02 09:31:00,RCV-005,NEW
RCPT-121865,PO-50042,2025-06-02,07:19:00,SKU-01220,55,57,2,B-04L-018-2-B,2025-06-02 08:33:00,RCV-004,NEW
RCPT-121871,PO-50042,2025-06-02,06:14:00,SKU-02851,76,75,-1,B-02R-007-4-A,2025-06-02 08:02:00,RCV-001,NEW
RCPT-121909,PO-50042,2025-06-02,12:21:00,SKU-01618,12,10,-2,A-04R-001-2-B,2025-06-02 14:05:00,RCV-004,NEW
RCPT-121786,PO-50042,2025-06-02,09:19:00,SKU-04347,304,305,1,B-02R-012-5-B,2025-06-02 12:10:00,RCV-003,NEW
RCPT-121819,PO-50042,2025-06-02,07:08:00,SKU-02451,73,75,2,A-01L-011-3-B,2025-06-02 08:49:00,RCV-006,NEW
RCPT-121876,PO-50042,2025-06-02,12:39:00,SKU-04493,21,22,1,B-01R-010-5-A,2025-06-02 13:24:00,RCV-001,NEW
RCPT-121780,PO-50042,2025-06-02,10:20:00,SKU-00137,196,194,-2,B-03R-003-1-B,2025-06-02 13:14:00,RCV-008,NEW
RCPT-121851,PO-50042,2025-06-02,09:25:00,SKU-03250,115,117,2,A-01R-001-3-A,2025-06-02 10:41:00,RCV-002,NEW
RCPT-121766,PO-50042,2025-06-02,10:51:00,SKU-00239,154,154,0,A-04L-019-1-B,2025-06-02 11:30:00,RCV-003,NEW
RCPT-121842,PO-50042,2025-06-02,06:28:00,SKU-01171,12,12,0,C-03R-015-3-B,2025-06-02 09:05:00,RCV-002,NEW
RCPT-121886,PO-50042,2025-06-02,11:50:00,SKU-00181,13,11,-2,E-04R-013-2-B,2025-06-02 13:36:00,RCV-008,NEW
RCPT-121805,PO-50042,2025-06-02,11:34:00,SKU-02512,227,227,0,B-02L-023-2-B,2025-06-02 12:15:00,RCV-008,NEW
RCPT-121872,PO-50042,2025-06-02,07:33:00,SKU-00506,136,138,2,B-03R-016-3-B,2025-06-02 09:20:00,RCV-008,NEW
RCPT-121821,PO-50042,2025-06-02,11:40:00,SKU-01367,63,62,-1,B-03L-003-3-B,2025-06-02 12:57:00,RCV-001,NEW
RCPT-121820,PO-50042,2025-06-02,06:46:00,SKU-01739,73,71,-2,A-03L-013-1-B,2025-06-02 07:16:00,RCV-004,NEW
RCPT-121826,PO-50042,2025-06-02,10:52:00,SKU-00083,15,15,0,D-03R-008-4-B,2025-06-02 11:46:00,RCV-004,NEW
RCPT-121921,PO-50042,2025-06-02,08:41:00,SKU-03522,55,56,1,A-02R-015-2-A,2025-06-02 10:25:00,RCV-005,NEW
RCPT-121782,PO-50042,2025-06-02,11:59:00,SKU-00037,460,461,1,A-03L-004-3-A,2025-06-02 14:17:00,RCV-005,NEW
RCPT-121838,PO-50042,2025-06-02,07:41:00,SKU-04592,18,20,2,C-01R-021-5-A,2025-06-02 08:51:00,RCV-007,NEW
RCPT-121906,PO-50042,2025-06-02,09:13:00,SKU-04710,433,435,2,A-02L-008-2-A,2025-06-02 11:08:00,RCV-005,NEW
RCPT-121891,PO-50042,2025-06-02,09:29:00,SKU-01331,921,919,-2,A-03R-003-4-B,2025-06-02 11:16:00,RCV-007,NEW
RCPT-121868,PO-50042,2025-06-02,08:23:00,SKU-03077,952,950,-2,B-02L-012-4-B,2025-06-02 09:38:00,RCV-003,NEW
RCPT-121961,PO-50042,2025-06-03,11:34:00,SKU-02923,122,120,-2,A-01L-002-1-A,2025-06-03 13:25:00,RCV-002,NEW
RCPT-121935,PO-50042,2025-06-03,11:12:00,SKU-01300,45,43,-2,A-04L-007-2-A,2025-06-03 13:44:00,RCV-006,NEW
RCPT-121986,PO-50042,2025-06-03,10:30:00,SKU-01178,28,26,-2,B-04L-001-3-A,2025-06-03 12:49:00,RCV-004,NEW
RCPT-121934,PO-50042,2025-06-03,08:51:00,SKU-02366,6168,6169,1,A-01R-020-4-A,2025-06-03 11:46:00,RCV-004,NEW
RCPT-121942,PO-50042,2025-06-03,12:22:00,SKU-00498,20,22,2,B-03R-004-2-A,2025-06-03 13:04:00,RCV-001,NEW
RCPT-122027,PO-50042,2025-06-03,06:28:00,SKU-00277,12,10,-2,D-04R-011-2-B,2025-06-03 07:44:00,RCV-006,NEW
RCPT-122036,PO-50042,2025-06-03,11:15:00,SKU-01972,46,44,-2,A-04R-008-3-B,2025-06-03 12:53:00,RCV-007,NEW
RCPT-122024,PO-50042,2025-06-03,08:28:00,SKU-02913,328,329,1,B-01L-015-2-B,2025-06-03 09:37:00,RCV-008,NEW
RCPT-121984,PO-50042,2025-06-03,09:10:00,SKU-02451,36,37,1,A-01L-011-3-B,2025-06-03 11:49:00,RCV-004,NEW
RCPT-122025,PO-50042,2025-06-03,12:46:00,SKU-01407,104,106,2,A-04L-005-1-B,2025-06-03 14:10:00,RCV-004,NEW
RCPT-122022,PO-50042,2025-06-03,10:40:00,SKU-02681,1541,1540,-1,A-01R-018-4-B,2025-06-03 12:35:00,RCV-007,NEW
RCPT-122031,PO-50042,2025-06-03,06:06:00,SKU-04445,19,18,-1,C-01R-003-3-B,2025-06-03 08:47:00,RCV-006,NEW
RCPT-121968,PO-50042,2025-06-03,09:54:00,SKU-02701,32,30,-2,D-01R-005-2-A,2025-06-03 11:22:00,RCV-007,NEW
RCPT-121989,PO-50042,2025-06-03,11:09:00,SKU-03496,550,549,-1,B-01R-016-5-B,2025-06-03 13:19:00,RCV-002,NEW
RCPT-122046,PO-50042,2025-06-03,08:48:00,SKU-04728,31,29,-2,D-02R-015-2-A,2025-06-03 11:27:00,RCV-001,NEW
RCPT-121957,PO-50042,2025-06-03,07:16:00,SKU-02281,264,265,1,A-01L-025-3-B,2025-06-03 09:00:00,RCV-002,NEW
RCPT-122045,PO-50042,2025-06-03,06:46:00,SKU-00981,17,19,2,C-03R-001-2-B,2025-06-03 08:17:00,RCV-008,NEW
RCPT-122037,PO-50042,2025-06-03,06:00:00,SKU-02323,12,10,-2,C-01R-014-4-B,2025-06-03 06:55:00,RCV-008,NEW
RCPT-122007,PO-50042,2025-06-03,07:09:00,SKU-03787,227,227,0,C-02L-018-1-B,2025-06-03 08:01:00,RCV-001,NEW
RCPT-121924,PO-50042,2025-06-03,11:03:00,SKU-00315,115,117,2,A-03R-020-4-A,2025-06-03 13:10:00,RCV-005,NEW
RCPT-121940,PO-50042,2025-06-03,12:19:00,SKU-03588,12,14,2,B-01R-024-2-B,2025-06-03 14:39:00,RCV-002,NEW
RCPT-122014,PO-50042,2025-06-03,10:37:00,SKU-04489,93,91,-2,B-02L-018-4-B,2025-06-03 12:15:00,RCV-002,NEW
RCPT-122006,PO-50042,2025-06-03,11:18:00,SKU-02688,26,24,-2,D-02R-012-4-A,2025-06-03 12:13:00,RCV-001,NEW
RCPT-121983,PO-50042,2025-06-03,11:09:00,SKU-00046,631,633,2,B-03L-005-2-A,2025-06-03 13:02:00,RCV-006,NEW
RCPT-122018,PO-50042,2025-06-03,11:03:00,SKU-04876,25,27,2,C-02R-003-4-A,2025-06-03 11:56:00,RCV-008,NEW
RCPT-121953,PO-50042,2025-06-03,06:57:00,SKU-00477,56,58,2,C-04R-017-1-A,2025-06-03 08:22:00,RCV-008,NEW
RCPT-121971,PO-50042,2025-06-03,10:17:00,SKU-01428,239,237,-2,A-03L-006-4-A,2025-06-03 11:34:00,RCV-008,NEW
RCPT-122151,PO-50043,2025-06-04,07:52:00,SKU-02924,12,10,-2,D-02R-004-1-A,2025-06-04 10:02:00,RCV-006,NEW
RCPT-122132,PO-50043,2025-06-04,11:28:00,SKU-02272,686,687,1,A-02R-002-5-A,2025-06-04 13:25:00,RCV-008,NEW
RCPT-122113,PO-50043,2025-06-04,10:35:00,SKU-02585,3550,3552,2,A-01R-012-4-A,2025-06-04 12:44:00,RCV-006,NEW
RCPT-122224,PO-50043,2025-06-04,06:53:00,SKU-04225,17,17,0,C-01L-016-4-B,2025-06-04 08:15:00,RCV-008,NEW
RCPT-122138,PO-50043,2025-06-04,07:50:00,SKU-02956,175,173,-2,A-01L-011-1-A,2025-06-04 10:07:00,RCV-008,NEW
RCPT-122089,PO-50043,2025-06-04,11:05:00,SKU-04328,18829,18827,-2,A-02L-021-1-B,2025-06-04 12:11:00,RCV-005,NEW
RCPT-122107,PO-50043,2025-06-04,12:00:00,SKU-01652,336,338,2,B-04R-013-1-B,2025-06-04 14:00:00,RCV-005,NEW
RCPT-122157,PO-50043,2025-06-04,11:56:00,SKU-02494,40,42,2,C-02R-002-1-B,2025-06-04 12:30:00,RCV-006,NEW
RCPT-122154,PO-50043,2025-06-04,12:43:00,SKU-02897,16,17,1,B-02L-017-5-A,2025-06-04 15:07:00,RCV-005,NEW
RCPT-122117,PO-50043,2025-06-04,08:12:00,SKU-02280,16,17,1,C-01L-026-1-A,2025-06-04 10:27:00,RCV-004,NEW
RCPT-122222,PO-50043,2025-06-04,09:52:00,SKU-00775,117,116,-1,A-03R-002-3-B,2025-06-04 11:32:00,RCV-003,NEW
RCPT-122129,PO-50043,2025-06-04,09:56:00,SKU-01019,852,854,2,B-03R-014-1-A,2025-06-04 12:04:00,RCV-007,NEW
RCPT-122078,PO-50043,2025-06-04,10:13:00,SKU-02085,811,813,2,D-02R-008-1-A,2025-06-04 12:20:00,RCV-002,NEW
RCPT-122136,PO-50043,2025-06-04,12:46:00,SKU-04865,1027,1029,2,A-01R-011-4-B,2025-06-04 13:33:00,RCV-004,NEW
RCPT-122188,PO-50043,2025-06-04,12:56:00,SKU-04528,1176,1178,2,B-02R-014-3-B,2025-06-04 13:30:00,RCV-005,NEW
RCPT-122240,PO-50043,2025-06-04,11:42:00,SKU-04435,381,383,2,A-02R-016-4-A,2025-06-04 13:55:00,RCV-003,NEW
RCPT-122101,PO-50043,2025-06-04,07:24:00,SKU-03250,192,193,1,A-01R-001-3-A,2025-06-04 08:03:00,RCV-005,NEW
RCPT-122106,PO-50043,2025-06-04,08:50:00,SKU-04608,2048,2046,-2,A-02L-025-1-B,2025-06-04 10:10:00,RCV-001,NEW
RCPT-122104,PO-50043,2025-06-04,10:33:00,SKU-02357,285,283,-2,C-02L-006-2-A,2025-06-04 12:51:00,RCV-001,NEW
RCPT-122192,PO-50043,2025-06-04,12:41:00,SKU-03554,270,268,-2,C-02L-010-3-A,2025-06-04 14:22:00,RCV-006,NEW
RCPT-122182,PO-50043,2025-06-04,08:36:00,SKU-02266,174,176,2,A-01L-021-3-B,2025-06-04 10:03:00,RCV-005,NEW
RCPT-122225,PO-50043,2025-06-04,07:59:00,SKU-00244,20,21,1,C-04R-017-1-B,2025-06-04 09:06:00,RCV-001,NEW
RCPT-122119,PO-50043,2025-06-04,09:43:00,SKU-02509,1925,1926,1,B-01L-020-5-A,2025-06-04 10:36:00,RCV-008,NEW
RCPT-122088,PO-50043,2025-06-04,12:20:00,SKU-01428,174,175,1,A-03L-006-4-A,2025-06-04 13:58:00,RCV-002,NEW
RCPT-122093,PO-50043,2025-06-04,06:34:00,SKU-01567,13,11,-2,B-03L-009-4-B,2025-06-04 07:09:00,RCV-007,NEW
RCPT-122189,PO-50043,2025-06-04,07:34:00,SKU-01219,12,13,1,D-04L-003-4-A,2025-06-04 10:21:00,RCV-007,NEW
RCPT-122181,PO-50043,2025-06-04,12:15:00,SKU-01170,867,865,-2,A-03L-002-3-B,2025-06-04 15:01:00,RCV-006,NEW
RCPT-122173,PO-50043,2025-06-04,07:31:00,SKU-04370,895,895,0,A-02R-026-5-A,2025-06-04 09:33:00,RCV-003,NEW
RCPT-122156,PO-50043,2025-06-04,10:51:00,SKU-04952,39,37,-2,B-02R-004-2-B,2025-06-04 13:47:00,RCV-002,NEW
RCPT-122100,PO-50043,2025-06-04,06:19:00,SKU-02908,5974,5975,1,B-02L-005-3-A,2025-06-04 07:00:00,RCV-006,NEW
RCPT-122079,PO-50043,2025-06-04,06:44:00,SKU-04294,25,23,-2,A-02R-019-3-A,2025-06-04 09:37:00,RCV-007,NEW
RCPT-122258,PO-50043,2025-06-05,11:51:00,SKU-04491,12,12,0,C-02L-017-4-B,2025-06-05 12:45:00,RCV-002,NEW
RCPT-122253,PO-50043,2025-06-05,12:13:00,SKU-02354,43,45,2,C-01R-012-4-B,2025-06-05 13:02:00,RCV-007,NEW
RCPT-122313,PO-50043,2025-06-05,12:12:00,SKU-04118,29,28,-1,A-01L-010-3-B,2025-06-05 13:22:00,RCV-008,NEW
RCPT-122298,PO-50043,2025-06-05,11:26:00,SKU-00268,26,28,2,E-03L-013-1-A,2025-06-05 12:21:00,RCV-001,NEW
RCPT-122278,PO-50043,2025-06-05,08:03:00,SKU-02177,34,35,1,C-02R-010-2-B,2025-06-05 10:14:00,RCV-006,NEW
RCPT-122249,PO-50043,2025-06-05,08:22:00,SKU-04041,6133,6135,2,A-02R-002-2-B,2025-06-05 10:08:00,RCV-005,NEW
RCPT-122263,PO-50043,2025-06-05,08:03:00,SKU-02252,245,243,-2,B-02R-025-2-A,2025-06-05 10:36:00,RCV-005,NEW
RCPT-122302,PO-50043,2025-06-05,10:50:00,SKU-04457,3826,3828,2,A-01L-020-2-B,2025-06-05 12:56:00,RCV-005,NEW
RCPT-122380,PO-50043,2025-06-05,10:19:00,SKU-00101,18,16,-2,B-04L-005-3-B,2025-06-05 11:59:00,RCV-005,NEW
RCPT-122269,PO-50043,2025-06-05,09:52:00,SKU-04836,20,19,-1,C-02L-026-5-A,2025-06-05 12:28:00,RCV-007,NEW
RCPT-122397,PO-50043,2025-06-05,09:23:00,SKU-00627,12,12,0,C-03R-012-1-B,2025-06-05 12:21:00,RCV-006,NEW
RCPT-122300,PO-50043,2025-06-05,06:50:00,SKU-02142,27,28,1,C-01R-017-2-B,2025-06-05 08:52:00,RCV-006,NEW
RCPT-122360,PO-50043,2025-06-05,07:17:00,SKU-04610,12,13,1,B-02R-015-1-B,2025-06-05 09:52:00,RCV-005,NEW
RCPT-122318,PO-50043,2025-06-05,11:49:00,SKU-03882,117,119,2,B-01R-002-3-B,2025-06-05 13:11:00,RCV-006,NEW
RCPT-122385,PO-50043,2025-06-05,10:15:00,SKU-01490,2113,2114,1,B-04R-009-1-A,2025-06-05 10:50:00,RCV-007,NEW
RCPT-122246,PO-50043,2025-06-05,12:55:00,SKU-00251,47,47,0,B-03R-014-3-B,2025-06-05 14:19:00,RCV-007,NEW
RCPT-122276,PO-50043,2025-06-05,11:00:00,SKU-03932,112,114,2,B-02L-019-5-B,2025-06-05 13:17:00,RCV-002,NEW
RCPT-122260,PO-50043,2025-06-05,07:05:00,SKU-04854,16,18,2,D-02R-004-1-B,2025-06-05 07:50:00,RCV-006,NEW
RCPT-122275,PO-50043,2025-06-05,09:59:00,SKU-03727,4981,4979,-2,B-02R-023-4-A,2025-06-05 11:56:00,RCV-006,NEW
RCPT-122393,PO-50043,2025-06-05,06:18:00,SKU-01857,57,57,0,A-04R-005-1-A,2025-06-05 08:03:00,RCV-001,NEW
RCPT-122285,PO-50043,2025-06-05,08:25:00,SKU-02357,185,184,-1,C-02L-006-2-A,2025-06-05 11:18:00,RCV-005,NEW
RCPT-122377,PO-50043,2025-06-05,07:08:00,SKU-02775,253,251,-2,C-01R-023-3-A,2025-06-05 07:49:00,RCV-008,NEW
RCPT-122326,PO-50043,2025-06-05,07:25:00,SKU-03957,12,10,-2,C-02R-026-4-A,2025-06-05 09:59:00,RCV-005,NEW
RCPT-122273,PO-50043,2025-06-05,09:06:00,SKU-04605,34,33,-1,C-02L-004-4-A,2025-06-05 10:14:00,RCV-007,NEW
RCPT-122279,PO-50043,2025-06-05,10:14:00,SKU-04687,32,33,1,B-01R-026-4-A,2025-06-05 11:19:00,RCV-007,NEW
RCPT-122284,PO-50043,2025-06-05,09:26:00,SKU-01179,39,38,-1,B-04R-007-2-A,2025-06-05 10:46:00,RCV-005,NEW
RCPT-122337,PO-50043,2025-06-05,06:07:00,SKU-02513,12,12,0,D-01R-014-1-B,2025-06-05 08:13:00,RCV-008,NEW
RCPT-122346,PO-50043,2025-06-05,12:56:00,SKU-03153,66,66,0,A-01L-006-5-B,2025-06-05 15:26:00,RCV-003,NEW
RCPT-122452,PO-50043,2025-06-06,09:10:00,SKU-00775,73,72,-1,A-03R-002-3-B,2025-06-06 11:12:00,RCV-006,NEW
RCPT-122474,PO-50043,2025-06-06,11:23:00,SKU-04370,536,534,-2,A-02R-026-5-A,2025-06-06 14:21:00,RCV-001,NEW
RCPT-122423,PO-50043,2025-06-06,06:58:00,SKU-02775,563,564,1,C-01R-023-3-A,2025-06-06 08:12:00,RCV-002,NEW
RCPT-122495,PO-50043,2025-06-06,08:40:00,SKU-02021,40,40,0,C-02L-024-1-A,2025-06-06 09:52:00,RCV-003,NEW
RCPT-122505,PO-50043,2025-06-06,06:25:00,SKU-02552,75,73,-2,B-02R-022-5-B,2025-06-06 09:00:00,RCV-005,NEW
RCPT-122447,PO-50043,2025-06-06,10:29:00,SKU-01170,882,883,1,A-03L-002-3-B,2025-06-06 11:56:00,RCV-003,NEW
RCPT-122434,PO-50043,2025-06-06,12:17:00,SKU-00353,134,133,-1,A-04L-018-4-A,2025-06-06 13:20:00,RCV-001,NEW
RCPT-122451,PO-50043,2025-06-06,08:44:00,SKU-02859,897,898,1,A-01L-018-3-A,2025-06-06 09:55:00,RCV-001,NEW
RCPT-122426,PO-50043,2025-06-06,09:19:00,SKU-00506,220,221,1,B-03R-016-3-B,2025-06-06 10:00:00,RCV-007,NEW
RCPT-122437,PO-50043,2025-06-06,09:23:00,SKU-02509,1290,1291,1,B-01L-020-5-A,2025-06-06 11:22:00,RCV-002,NEW
RCPT-122506,PO-50043,2025-06-06,10:50:00,SKU-04266,15,16,1,C-02L-002-2-B,2025-06-06 11:24:00,RCV-002,NEW
RCPT-122407,PO-50043,2025-06-06,11:12:00,SKU-04457,2961,2962,1,A-01L-020-2-B,2025-06-06 14:03:00,RCV-001,NEW
RCPT-122410,PO-50043,2025-06-06,07:17:00,SKU-02828,348,350,2,A-02L-007-2-A,2025-06-06 08:46:00,RCV-004,NEW
RCPT-122513,PO-50043,2025-06-06,07:47:00,SKU-00711,12,10,-2,B-04L-008-3-A,2025-06-06 09:37:00,RCV-005,NEW
RCPT-122479,PO-50043,2025-06-06,10:34:00,SKU-03320,23,24,1,D-01R-002-1-B,2025-06-06 12:23:00,RCV-008,NEW
RCPT-122462,PO-50043,2025-06-06,07:13:00,SKU-02564,221,221,0,C-01L-011-5-B,2025-06-06 08:08:00,RCV-008,NEW
RCPT-122496,PO-50043,2025-06-06,12:13:00,SKU-04932,274,274,0,A-02R-018-5-A,2025-06-06 13:51:00,RCV-005,NEW
RCPT-122493,PO-50043,2025-06-06,07:03:00,SKU-00227,14,16,2,E-03R-005-3-A,2025-06-06 09:38:00,RCV-007,NEW
RCPT-122446,PO-50043,2025-06-06,09:55:00,SKU-04576,43,43,0,B-01L-013-3-B,2025-06-06 12:06:00,RCV-002,NEW
RCPT-122502,PO-50043,2025-06-06,07:21:00,SKU-00232,33,31,-2,B-04R-020-3-A,2025-06-06 08:47:00,RCV-008,NEW
RCPT-122421,PO-50043,2025-06-06,06:34:00,SKU-01937,56,57,1,A-03L-004-3-B,2025-06-06 07:14:00,RCV-005,NEW
RCPT-122512,PO-50043,2025-06-06,10:46:00,SKU-02521,20,22,2,D-01L-007-5-A,2025-06-06 11:41:00,RCV-008,NEW
RCPT-122425,PO-50043,2025-06-06,06:18:00,SKU-04116,214,215,1,B-02L-002-3-A,2025-06-06 08:33:00,RCV-002,NEW
RCPT-122477,PO-50043,2025-06-06,07:00:00,SKU-02125,3327,3327,0,A-01R-020-2-B,2025-06-06 08:07:00,RCV-003,NEW
RCPT-122487,PO-50043,2025-06-06,09:57:00,SKU-01122,24,22,-2,A-03R-004-3-A,2025-06-06 11:20:00,RCV-006,NEW
RCPT-122536,PO-50043,2025-06-06,08:28:00,SKU-01331,473,475,2,A-03R-003-4-B,2025-06-06 11:06:00,RCV-005,NEW
RCPT-122435,PO-50043,2025-06-06,06:25:00,SKU-01033,83,85,2,C-03R-010-1-A,2025-06-06 07:55:00,RCV-004,NEW
RCPT-122522,PO-50043,2025-06-06,10:34:00,SKU-04925,12,13,1,C-01L-015-4-A,2025-06-06 11:48:00,RCV-003,NEW
RCPT-122497,PO-50043,2025-06-06,11:54:00,SKU-03191,12,12,0,D-02L-023-2-B,2025-06-06 13:03:00,RCV-005,NEW
RCPT-122526,PO-50043,2025-06-06,12:10:00,SKU-03610,12,11,-1,C-02R-001-1-B,2025-06-06 13:27:00,RCV-003,NEW
RCPT-122544,PO-50043,2025-06-07,12:32:00,SKU-02204,93,94,1,A-02R-008-4-B,2025-06-07 13:43:00,RCV-003,NEW
RCPT-122686,PO-50043,2025-06-07,12:12:00,SKU-02535,52,53,1,A-01R-022-4-A,2025-06-07 13:48:00,RCV-005,NEW
RCPT-122699,PO-50043,2025-06-07,11:31:00,SKU-01422,12,12,0,C-03L-002-4-B,2025-06-07 12:56:00,RCV-007,NEW
RCPT-122599,PO-50043,2025-06-07,09:55:00,SKU-03496,596,596,0,B-01R-016-5-B,2025-06-07 12:18:00,RCV-008,NEW
RCPT-122623,PO-50043,2025-06-07,09:23:00,SKU-04015,79,79,0,A-02R-020-1-B,2025-06-07 11:17:00,RCV-003,NEW
RCPT-122657,PO-50043,2025-06-07,09:04:00,SKU-04824,68,66,-2,A-01R-007-4-B,2025-06-07 11:46:00,RCV-006,NEW
RCPT-122572,PO-50043,2025-06-07,12:25:00,SKU-03018,544,543,-1,C-02L-015-3-B,2025-06-07 15:04:00,RCV-007,NEW
RCPT-122697,PO-50043,2025-06-07,07:13:00,SKU-03458,12,10,-2,D-01R-022-3-B,2025-06-07 09:21:00,RCV-001,NEW
RCPT-122696,PO-50043,2025-06-07,07:44:00,SKU-00398,17,15,-2,A-03R-017-1-A,2025-06-07 10:36:00,RCV-008,NEW
RCPT-122613,PO-50043,2025-06-07,06:36:00,SKU-02875,163,162,-1,A-02L-009-4-A,2025-06-07 09:15:00,RCV-001,NEW
RCPT-122652,PO-50043,2025-06-07,09:52:00,SKU-01721,904,902,-2,A-04L-015-4-B,2025-06-07 11:48:00,RCV-008,NEW
RCPT-122672,PO-50043,2025-06-07,09:24:00,SKU-01984,12,14,2,C-03L-016-2-B,2025-06-07 11:19:00,RCV-001,NEW
RCPT-122565,PO-50043,2025-06-07,08:47:00,SKU-01207,153,152,-1,B-04R-018-4-B,2025-06-07 09:45:00,RCV-002,NEW
RCPT-122636,PO-50043,2025-06-07,09:24:00,SKU-00716,74,74,0,A-04L-001-1-A,2025-06-07 10:42:00,RCV-005,NEW
RCPT-122601,PO-50043,2025-06-07,07:30:00,SKU-02223,21,20,-1,C-02R-002-3-B,2025-06-07 09:38:00,RCV-002,NEW
RCPT-122621,PO-50043,2025-06-07,10:52:00,SKU-00139,24,26,2,B-04L-007-4-A,2025-06-07 13:06:00,RCV-007,NEW
RCPT-122547,PO-50043,2025-06-07,10:48:00,SKU-04328,14880,14879,-1,A-02L-021-1-B,2025-06-07 13:28:00,RCV-004,NEW
RCPT-122551,PO-50043,2025-06-07,09:27:00,SKU-04353,166,164,-2,B-02L-022-4-A,2025-06-07 10:58:00,RCV-007,NEW
RCPT-122592,PO-50043,2025-06-07,06:07:00,SKU-01241,12,14,2,B-04R-010-3-A,2025-06-07 09:04:00,RCV-003,NEW
RCPT-122552,PO-50043,2025-06-07,11:11:00,SKU-00872,2821,2823,2,A-04L-005-1-A,2025-06-07 13:20:00,RCV-006,NEW
RCPT-122595,PO-50043,2025-06-07,11:17:00,SKU-02628,48,49,1,B-01L-009-5-A,2025-06-07 12:12:00,RCV-004,NEW
RCPT-122643,PO-50043,2025-06-07,07:26:00,SKU-00340,77,79,2,A-04L-017-1-A,2025-06-07 09:39:00,RCV-002,NEW
RCPT-122578,PO-50043,2025-06-07,08:28:00,SKU-00638,12,13,1,D-04L-004-3-B,2025-06-07 10:22:00,RCV-001,NEW
RCPT-122693,PO-50043,2025-06-07,08:05:00,SKU-04302,12,14,2,C-02L-008-5-B,2025-06-07 09:36:00,RCV-008,NEW
RCPT-122685,PO-50043,2025-06-07,06:01:00,SKU-04586,17,15,-2,C-02L-005-2-B,2025-06-07 08:01:00,RCV-002,NEW
RCPT-122604,PO-50043,2025-06-07,07:13:00,SKU-02141,43,42,-1,B-02L-018-2-A,2025-06-07 09:00:00,RCV-005,NEW
RCPT-122650,PO-50043,2025-06-07,09:33:00,SKU-02725,17,16,-1,D-02L-015-5-A,2025-06-07 10:40:00,RCV-004,NEW
RCPT-122660,PO-50043,2025-06-07,08:39:00,SKU-03032,121,119,-2,A-02L-020-4-B,2025-06-07 10:30:00,RCV-007,NEW
RCPT-122605,PO-50043,2025-06-07,10:18:00,SKU-00919,13,15,2,A-04L-012-1-A,2025-06-07 12:07:00,RCV-003,NEW
RCPT-122631,PO-50043,2025-06-07,09:14:00,SKU-04420,22,22,0,A-01R-009-3-B,2025-06-07 09:54:00,RCV-008,NEW
RCPT-122546,PO-50043,2025-06-07,07:43:00,SKU-02908,2950,2951,1,B-02L-005-3-A,2025-06-07 08:59:00,RCV-004,NEW
RCPT-122674,PO-50043,2025-06-07,12:37:00,SKU-02509,916,917,1,B-01L-020-5-A,2025-06-07 15:33:00,RCV-005,NEW
RCPT-122591,PO-50043,2025-06-07,09:56:00,SKU-04608,2689,2691,2,A-02L-025-1-B,2025-06-07 11:24:00,RCV-001,NEW
RCPT-122603,PO-50043,2025-06-07,09:30:00,SKU-03979,41,43,2,B-02R-002-2-A,2025-06-07 11:22:00,RCV-002,NEW
RCPT-122761,PO-50043,2025-06-09,07:27:00,SKU-00872,2179,2178,-1,A-04L-005-1-A,2025-06-09 09:24:00,RCV-002,NEW
RCPT-122887,PO-50043,2025-06-09,12:13:00,SKU-04747,12,11,-1,B-02L-017-1-B,2025-06-09 14:12:00,RCV-001,NEW
RCPT-122836,PO-50043,2025-06-09,11:37:00,SKU-01614,12,12,0,B-04R-002-2-A,2025-06-09 12:24:00,RCV-001,NEW
RCPT-122854,PO-50043,2025-06-09,08:51:00,SKU-02407,342,343,1,A-01L-004-2-A,2025-06-09 10:07:00,RCV-002,NEW
RCPT-122809,PO-50043,2025-06-09,07:14:00,SKU-00254,51,53,2,A-04L-020-4-A,2025-06-09 08:02:00,RCV-006,NEW
RCPT-122885,PO-50043,2025-06-09,07:41:00,SKU-01485,31,32,1,D-04L-007-3-B,2025-06-09 08:57:00,RCV-007,NEW
RCPT-122744,PO-50043,2025-06-09,06:29:00,SKU-02875,97,96,-1,A-02L-009-4-A,2025-06-09 07:16:00,RCV-001,NEW
RCPT-122726,PO-50043,2025-06-09,07:09:00,SKU-02185,1110,1108,-2,C-01R-009-4-B,2025-06-09 08:19:00,RCV-007,NEW
RCPT-122729,PO-50043,2025-06-09,08:57:00,SKU-02835,12,14,2,B-02L-024-4-B,2025-06-09 11:24:00,RCV-001,NEW
RCPT-122715,PO-50043,2025-06-09,09:36:00,SKU-02851,63,64,1,B-02R-007-4-A,2025-06-09 10:40:00,RCV-001,NEW
RCPT-122769,PO-50043,2025-06-09,11:20:00,SKU-04279,41,43,2,A-02L-015-4-A,2025-06-09 14:15:00,RCV-001,NEW
RCPT-122780,PO-50043,2025-06-09,11:29:00,SKU-02737,88,86,-2,D-01L-021-5-A,2025-06-09 12:30:00,RCV-005,NEW
RCPT-122832,PO-50043,2025-06-09,12:09:00,SKU-01060,12,11,-1,D-04R-009-1-B,2025-06-09 13:02:00,RCV-001,NEW
RCPT-122851,PO-50043,2025-06-09,06:51:00,SKU-04037,148,147,-1,A-02R-011-4-B,2025-06-09 07:59:00,RCV-006,NEW
RCPT-122856,PO-50043,2025-06-09,11:26:00,SKU-03077,389,387,-2,B-02L-012-4-B,2025-06-09 13:06:00,RCV-002,NEW
RCPT-122767,PO-50043,2025-06-09,09:34:00,SKU-04300,12,11,-1,B-02R-008-2-A,2025-06-09 11:14:00,RCV-008,NEW
RCPT-122803,PO-50043,2025-06-09,09:51:00,SKU-00563,14,14,0,D-04R-017-1-B,2025-06-09 12:04:00,RCV-003,NEW
RCPT-122861,PO-50043,2025-06-09,11:52:00,SKU-03789,12,14,2,C-01R-020-5-A,2025-06-09 13:06:00,RCV-007,NEW
RCPT-122834,PO-50043,2025-06-09,08:44:00,SKU-04411,43,43,0,A-01L-011-5-B,2025-06-09 09:39:00,RCV-007,NEW
RCPT-122732,PO-50043,2025-06-09,11:39:00,SKU-01759,12,10,-2,C-04R-018-2-B,2025-06-09 13:19:00,RCV-005,NEW
RCPT-122753,PO-50043,2025-06-09,09:21:00,SKU-02266,377,377,0,A-01L-021-3-B,2025-06-09 12:14:00,RCV-004,NEW
RCPT-122796,PO-50043,2025-06-09,12:33:00,SKU-04576,34,36,2,B-01L-013-3-B,2025-06-09 13:19:00,RCV-003,NEW
RCPT-122737,PO-50043,2025-06-09,12:17:00,SKU-01494,12,14,2,C-03R-016-4-A,2025-06-09 14:10:00,RCV-003,NEW
RCPT-122708,PO-50043,2025-06-09,06:54:00,SKU-02140,310,310,0,B-01R-020-2-B,2025-06-09 07:58:00,RCV-005,NEW
RCPT-122718,PO-50043,2025-06-09,07:01:00,SKU-01490,832,830,-2,B-04R-009-1-A,2025-06-09 09:22:00,RCV-001,NEW
RCPT-122812,PO-50043,2025-06-09,12:34:00,SKU-02252,183,182,-1,B-02R-025-2-A,2025-06-09 13:27:00,RCV-004,NEW
RCPT-122889,PO-50043,2025-06-09,07:59:00,SKU-02422,12,14,2,D-01R-013-4-A,2025-06-09 10:20:00,RCV-008,NEW
RCPT-122818,PO-50043,2025-06-09,06:42:00,SKU-00910,348,349,1,B-04R-014-3-A,2025-06-09 09:38:00,RCV-003,NEW
RCPT-122872,PO-50043,2025-06-09,10:14:00,SKU-02662,13,13,0,A-01R-006-5-A,2025-06-09 12:42:00,RCV-004,NEW
RCPT-122757,PO-50043,2025-06-09,10:09:00,SKU-00268,13,12,-1,E-03L-013-1-A,2025-06-09 13:08:00,RCV-002,NEW
RCPT-122829,PO-50043,2025-06-09,09:27:00,SKU-00553,36,35,-1,A-04L-016-4-B,2025-06-09 11:23:00,RCV-006,NEW
RCPT-122802,PO-50043,2025-06-09,10:59:00,SKU-04457,1982,1980,-2,A-01L-020-2-B,2025-06-09 12:55:00,RCV-001,NEW
RCPT-122785,PO-50043,2025-06-09,09:05:00,SKU-00150,87,85,-2,B-03L-004-2-A,2025-06-09 10:19:00,RCV-002,NEW
RCPT-122724,PO-50043,2025-06-09,08:18:00,SKU-04225,20,20,0,C-01L-016-4-B,2025-06-09 09:35:00,RCV-007,NEW
RCPT-123042,PO-50044,2025-06-10,11:29:00,SKU-00352,12,11,-1,D-04R-018-2-A,2025-06-10 13:36:00,RCV-002,NEW
RCPT-123010,PO-50044,2025-06-10,11:07:00,SKU-02681,2284,2284,0,A-01R-018-4-B,2025-06-10 12:24:00,RCV-002,NEW
RCPT-122990,PO-50044,2025-06-10,06:47:00,SKU-04717,97,95,-2,B-02R-006-3-B,2025-06-10 08:52:00,RCV-001,NEW
RCPT-122987,PO-50044,2025-06-10,09:42:00,SKU-02828,332,332,0,A-02L-007-2-A,2025-06-10 10:27:00,RCV-008,NEW
RCPT-122918,PO-50044,2025-06-10,09:36:00,SKU-02737,185,185,0,D-01L-021-5-A,2025-06-10 11:01:00,RCV-005,NEW
RCPT-122951,PO-50044,2025-06-10,08:22:00,SKU-02274,12,13,1,C-01L-020-3-A,2025-06-10 10:14:00,RCV-005,NEW
RCPT-123043,PO-50044,2025-06-10,11:37:00,SKU-02466,17,19,2,B-01L-024-1-B,2025-06-10 13:14:00,RCV-004,NEW
RCPT-122946,PO-50044,2025-06-10,08:34:00,SKU-02913,372,374,2,B-01L-015-2-B,2025-06-10 10:34:00,RCV-001,NEW
RCPT-123022,PO-50044,2025-06-10,06:13:00,SKU-03819,33,31,-2,B-01R-011-1-B,2025-06-10 08:15:00,RCV-004,NEW
RCPT-122914,PO-50044,2025-06-10,07:07:00,SKU-02908,3730,3730,0,B-02L-005-3-A,2025-06-10 10:04:00,RCV-001,NEW
RCPT-122997,PO-50044,2025-06-10,10:02:00,SKU-00673,451,451,0,C-03L-015-4-A,2025-06-10 11:53:00,RCV-001,NEW
RCPT-122939,PO-50044,2025-06-10,07:10:00,SKU-02624,433,431,-2,A-02R-022-1-A,2025-06-10 09:06:00,RCV-005,NEW
RCPT-122978,PO-50044,2025-06-10,07:34:00,SKU-00606,114,113,-1,B-04L-016-1-A,2025-06-10 10:08:00,RCV-001,NEW
RCPT-122904,PO-50044,2025-06-10,12:25:00,SKU-00974,70,68,-2,A-03L-013-3-B,2025-06-10 13:50:00,RCV-004,NEW
RCPT-122977,PO-50044,2025-06-10,06:17:00,SKU-01884,52,52,0,D-03R-018-3-B,2025-06-10 07:29:00,RCV-006,NEW
RCPT-122965,PO-50044,2025-06-10,11:45:00,SKU-01225,12,10,-2,C-03L-007-2-A,2025-06-10 12:50:00,RCV-008,NEW
RCPT-122970,PO-50044,2025-06-10,11:56:00,SKU-04457,2950,2951,1,A-01L-020-2-B,2025-06-10 14:14:00,RCV-003,NEW
RCPT-123026,PO-50044,2025-06-10,08:29:00,SKU-04712,12,12,0,E-01L-005-1-B,2025-06-10 09:21:00,RCV-003,NEW
RCPT-122994,PO-50044,2025-06-10,07:16:00,SKU-04295,17,19,2,C-02R-021-5-B,2025-06-10 09:17:00,RCV-002,NEW
RCPT-122937,PO-50044,2025-06-10,07:04:00,SKU-04538,985,985,0,A-01R-001-1-B,2025-06-10 09:42:00,RCV-008,NEW
RCPT-123027,PO-50044,2025-06-10,11:17:00,SKU-03823,1357,1356,-1,C-02R-020-1-B,2025-06-10 11:50:00,RCV-006,NEW
RCPT-123009,PO-50044,2025-06-10,07:39:00,SKU-01090,12,14,2,E-04R-007-1-A,2025-06-10 09:17:00,RCV-006,NEW
RCPT-123047,PO-50044,2025-06-10,08:33:00,SKU-00878,12,12,0,C-04L-016-3-A,2025-06-10 10:34:00,RCV-002,NEW
RCPT-123046,PO-50044,2025-06-10,10:35:00,SKU-04959,201,203,2,B-01L-008-1-B,2025-06-10 12:57:00,RCV-005,NEW
RCPT-122995,PO-50044,2025-06-10,10:18:00,SKU-01199,27,27,0,B-04L-005-2-A,2025-06-10 11:14:00,RCV-005,NEW
RCPT-122911,PO-50044,2025-06-10,10:04:00,SKU-04328,15745,15747,2,A-02L-021-1-B,2025-06-10 12:31:00,RCV-004,NEW
RCPT-123020,PO-50044,2025-06-10,10:19:00,SKU-02776,37,37,0,C-02R-007-3-B,2025-06-10 10:55:00,RCV-005,NEW
RCPT-122950,PO-50044,2025-06-10,10:19:00,SKU-04625,12,10,-2,A-01L-001-1-A,2025-06-10 12:54:00,RCV-006,NEW
RCPT-122962,PO-50044,2025-06-10,06:34:00,SKU-02357,166,165,-1,C-02L-006-2-A,2025-06-10 07:28:00,RCV-003,NEW
RCPT-122913,PO-50044,2025-06-10,07:24:00,SKU-02061,29,30,1,C-02L-026-3-B,2025-06-10 09:16:00,RCV-007,NEW
RCPT-122910,PO-50044,2025-06-10,12:46:00,SKU-02836,417,418,1,A-02R-009-1-B,2025-06-10 13:44:00,RCV-001,NEW
RCPT-123182,PO-50044,2025-06-11,08:04:00,SKU-03226,12,10,-2,D-02L-021-4-A,2025-06-11 09:07:00,RCV-001,NEW
RCPT-123163,PO-50044,2025-06-11,09:41:00,SKU-03378,475,477,2,A-01L-004-4-B,2025-06-11 10:44:00,RCV-008,NEW
RCPT-123066,PO-50044,2025-06-11,06:24:00,SKU-02624,473,472,-1,A-02R-022-1-A,2025-06-11 08:02:00,RCV-006,NEW
RCPT-123096,PO-50044,2025-06-11,06:54:00,SKU-02367,14,16,2,C-01R-009-1-A,2025-06-11 09:32:00,RCV-006,NEW
RCPT-123102,PO-50044,2025-06-11,08:44:00,SKU-02858,77,77,0,A-01R-006-4-B,2025-06-11 10:21:00,RCV-001,NEW
RCPT-123058,PO-50044,2025-06-11,11:17:00,SKU-02681,1162,1160,-2,A-01R-018-4-B,2025-06-11 14:12:00,RCV-004,NEW
RCPT-123068,PO-50044,2025-06-11,11:40:00,SKU-03727,3486,3488,2,B-02R-023-4-A,2025-06-11 13:24:00,RCV-002,NEW
RCPT-123069,PO-50044,2025-06-11,12:29:00,SKU-02628,52,51,-1,B-01L-009-5-A,2025-06-11 14:19:00,RCV-006,DAMAGED
RCPT-123085,PO-50044,2025-06-11,11:29:00,SKU-02512,248,249,1,B-02L-023-2-B,2025-06-11 12:47:00,RCV-001,NEW
RCPT-123170,PO-50044,2025-06-11,06:23:00,SKU-00229,124,122,-2,A-04R-007-2-A,2025-06-11 07:16:00,RCV-007,NEW
RCPT-123136,PO-50044,2025-06-11,12:44:00,SKU-01975,160,161,1,B-04L-014-4-A,2025-06-11 13:46:00,RCV-002,NEW
RCPT-123051,PO-50044,2025-06-11,08:28:00,SKU-04328,15531,15532,1,A-02L-021-1-B,2025-06-11 09:54:00,RCV-004,NEW
RCPT-123191,PO-50044,2025-06-11,09:57:00,SKU-01664,35,35,0,A-04L-018-3-B,2025-06-11 12:23:00,RCV-005,NEW
RCPT-123139,PO-50044,2025-06-11,09:29:00,SKU-02160,30,30,0,C-01L-022-4-B,2025-06-11 11:08:00,RCV-008,NEW
RCPT-123153,PO-50044,2025-06-11,07:02:00,SKU-04138,12,14,2,C-02L-010-5-A,2025-06-11 08:39:00,RCV-003,NEW
RCPT-123177,PO-50044,2025-06-11,06:12:00,SKU-04665,57,57,0,A-01R-021-5-A,2025-06-11 09:10:00,RCV-003,NEW
RCPT-123076,PO-50044,2025-06-11,08:35:00,SKU-04865,619,617,-2,A-01R-011-4-B,2025-06-11 10:01:00,RCV-002,NEW
RCPT-123118,PO-50044,2025-06-11,07:11:00,SKU-00466,208,207,-1,C-04R-016-1-B,2025-06-11 09:07:00,RCV-006,NEW
RCPT-123081,PO-50044,2025-06-11,09:25:00,SKU-01152,19,20,1,B-04R-017-1-A,2025-06-11 10:24:00,RCV-004,NEW
RCPT-123117,PO-50044,2025-06-11,09:50:00,SKU-04041,9768,9770,2,A-02R-002-2-B,2025-06-11 11:32:00,RCV-008,NEW
RCPT-123053,PO-50044,2025-06-11,12:09:00,SKU-02366,2509,2508,-1,A-01R-020-4-A,2025-06-11 15:00:00,RCV-007,NEW
RCPT-123109,PO-50044,2025-06-11,07:33:00,SKU-02509,1719,1721,2,B-01L-020-5-A,2025-06-11 10:15:00,RCV-005,NEW
RCPT-123133,PO-50044,2025-06-11,06:36:00,SKU-01528,41,39,-2,B-03R-015-4-B,2025-06-11 09:26:00,RCV-001,NEW
RCPT-123346,PO-50045,2025-06-12,09:18:00,SKU-00931,17,19,2,B-04L-010-3-B,2025-06-12 10:35:00,RCV-002,NEW
RCPT-123324,PO-50045,2025-06-12,10:45:00,SKU-00442,67,68,1,B-04L-003-4-A,2025-06-12 11:21:00,RCV-007,NEW
RCPT-123200,PO-50045,2025-06-12,09:39:00,SKU-03727,7724,7722,-2,B-02R-023-4-A,2025-06-12 11:31:00,RCV-006,NEW
RCPT-123215,PO-50045,2025-06-12,11:46:00,SKU-03600,176,174,-2,A-01L-017-2-B,2025-06-12 13:24:00,RCV-001,NEW
RCPT-123229,PO-50045,2025-06-12,06:07:00,SKU-00408,233,234,1,A-03L-009-1-A,2025-06-12 07:27:00,RCV-002,NEW
RCPT-123325,PO-50045,2025-06-12,09:12:00,SKU-00238,25,24,-1,C-03L-008-2-A,2025-06-12 10:27:00,RCV-003,NEW
RCPT-123307,PO-50045,2025-06-12,06:33:00,SKU-01019,854,855,1,B-03R-014-1-A,2025-06-12 09:03:00,RCV-005,NEW
RCPT-123211,PO-50045,2025-06-12,09:49:00,SKU-04041,10060,10061,1,A-02R-002-2-B,2025-06-12 10:39:00,RCV-007,NEW
RCPT-123223,PO-50045,2025-06-12,10:06:00,SKU-02045,307,308,1,B-01R-025-3-A,2025-06-12 12:18:00,RCV-004,NEW
RCPT-123331,PO-50045,2025-06-12,06:48:00,SKU-04157,13,14,1,A-02L-024-3-B,2025-06-12 09:18:00,RCV-003,NEW
RCPT-123242,PO-50045,2025-06-12,08:24:00,SKU-00447,301,303,2,A-04L-008-2-A,2025-06-12 08:57:00,RCV-004,NEW
RCPT-123314,PO-50045,2025-06-12,11:14:00,SKU-04317,12,13,1,D-02L-009-3-A,2025-06-12 12:56:00,RCV-002,NEW
RCPT-123270,PO-50045,2025-06-12,12:56:00,SKU-00183,89,89,0,B-04R-001-1-B,2025-06-12 13:50:00,RCV-001,NEW
RCPT-123294,PO-50045,2025-06-12,11:00:00,SKU-00315,156,156,0,A-03R-020-4-A,2025-06-12 13:06:00,RCV-005,NEW
RCPT-123228,PO-50045,2025-06-12,09:21:00,SKU-02681,2478,2476,-2,A-01R-018-4-B,2025-06-12 11:53:00,RCV-008,NEW
RCPT-123287,PO-50045,2025-06-12,12:14:00,SKU-02345,15,13,-2,C-02L-018-5-A,2025-06-12 14:31:00,RCV-007,NEW
RCPT-123297,PO-50045,2025-06-12,07:47:00,SKU-00324,127,128,1,C-03L-004-3-B,2025-06-12 09:07:00,RCV-007,NEW
RCPT-123219,PO-50045,2025-06-12,12:38:00,SKU-00375,25,25,0,D-04R-007-4-B,2025-06-12 15:00:00,RCV-004,NEW
RCPT-123318,PO-50045,2025-06-12,08:39:00,SKU-04670,399,400,1,C-02R-018-2-B,2025-06-12 10:47:00,RCV-004,NEW
RCPT-123266,PO-50045,2025-06-12,11:42:00,SKU-02610,12,12,0,E-02R-018-5-B,2025-06-12 14:26:00,RCV-007,NEW
RCPT-123262,PO-50045,2025-06-12,10:42:00,SKU-03522,48,47,-1,A-02R-015-2-A,2025-06-12 12:49:00,RCV-001,NEW
RCPT-123310,PO-50045,2025-06-12,10:22:00,SKU-01463,182,180,-2,A-04L-004-3-B,2025-06-12 12:21:00,RCV-001,NEW
RCPT-123263,PO-50045,2025-06-12,07:30:00,SKU-01873,173,173,0,B-03R-018-4-A,2025-06-12 08:40:00,RCV-006,NEW
RCPT-123299,PO-50045,2025-06-12,10:06:00,SKU-02893,192,191,-1,B-01L-026-2-B,2025-06-12 12:57:00,RCV-003,NEW
RCPT-123264,PO-50045,2025-06-12,11:56:00,SKU-02489,14,12,-2,D-01L-006-1-A,2025-06-12 14:12:00,RCV-008,NEW
RCPT-123232,PO-50045,2025-06-12,07:54:00,SKU-02185,856,855,-1,C-01R-009-4-B,2025-06-12 10:41:00,RCV-008,NEW
RCPT-123272,PO-50045,2025-06-12,10:02:00,SKU-00797,12,10,-2,D-03L-016-2-B,2025-06-12 12:05:00,RCV-005,NEW
RCPT-123293,PO-50045,2025-06-12,06:39:00,SKU-02920,44,42,-2,C-02R-002-2-B,2025-06-12 09:28:00,RCV-003,NEW
RCPT-123317,PO-50045,2025-06-12,12:15:00,SKU-02671,74,73,-1,B-01L-006-4-A,2025-06-12 14:21:00,RCV-008,NEW
RCPT-123306,PO-50045,2025-06-12,08:25:00,SKU-03017,33,35,2,A-02R-003-4-A,2025-06-12 11:08:00,RCV-008,NEW
RCPT-123364,PO-50045,2025-06-13,11:54:00,SKU-02362,20,22,2,D-02R-006-4-B,2025-06-13 14:24:00,RCV-001,NEW
RCPT-123402,PO-50045,2025-06-13,06:44:00,SKU-02828,375,377,2,A-02L-007-2-A,2025-06-13 08:39:00,RCV-002,NEW
RCPT-123372,PO-50045,2025-06-13,12:30:00,SKU-02085,1361,1361,0,D-02R-008-1-A,2025-06-13 15:00:00,RCV-002,NEW
RCPT-123455,PO-50045,2025-06-13,12:03:00,SKU-04637,89,89,0,B-02L-003-1-A,2025-06-13 13:44:00,RCV-006,NEW
RCPT-123373,PO-50045,2025-06-13,12:26:00,SKU-04664,123,125,2,A-02R-002-3-A,2025-06-13 13:39:00,RCV-007,NEW
RCPT-123471,PO-50045,2025-06-13,08:10:00,SKU-04477,68,69,1,B-02L-001-2-A,2025-06-13 08:47:00,RCV-004,NEW
RCPT-123464,PO-50045,2025-06-13,08:48:00,SKU-04878,843,841,-2,B-01R-016-3-B,2025-06-13 11:26:00,RCV-003,NEW
RCPT-123469,PO-50045,2025-06-13,11:52:00,SKU-03830,105,106,1,A-02R-011-1-A,2025-06-13 14:06:00,RCV-007,NEW
RCPT-123488,PO-50045,2025-06-13,11:04:00,SKU-00535,260,259,-1,A-03R-010-2-A,2025-06-13 13:24:00,RCV-005,NEW
RCPT-123460,PO-50045,2025-06-13,12:03:00,SKU-02173,50,49,-1,A-02R-018-5-B,2025-06-13 13:39:00,RCV-005,NEW
RCPT-123401,PO-50045,2025-06-13,09:04:00,SKU-01853,18,20,2,A-03R-011-3-A,2025-06-13 11:03:00,RCV-003,NEW
RCPT-123390,PO-50045,2025-06-13,12:59:00,SKU-03945,105,103,-2,A-01R-010-4-A,2025-06-13 13:57:00,RCV-003,NEW
RCPT-123359,PO-50045,2025-06-13,11:10:00,SKU-02972,12,10,-2,D-02L-021-3-B,2025-06-13 11:52:00,RCV-003,NEW
RCPT-123468,PO-50045,2025-06-13,07:25:00,SKU-02465,12,13,1,D-02R-004-3-A,2025-06-13 09:33:00,RCV-002,NEW
RCPT-123489,PO-50045,2025-06-13,07:25:00,SKU-00203,28,30,2,B-03L-001-4-B,2025-06-13 09:16:00,RCV-001,NEW
RCPT-123396,PO-50045,2025-06-13,10:32:00,SKU-04104,35,34,-1,A-02L-004-5-A,2025-06-13 11:30:00,RCV-008,NEW
RCPT-123439,PO-50045,2025-06-13,09:40:00,SKU-01222,16,17,1,A-04L-010-1-A,2025-06-13 11:09:00,RCV-006,NEW
RCPT-123473,PO-50045,2025-06-13,10:00:00,SKU-00680,12,14,2,B-03R-017-4-B,2025-06-13 12:05:00,RCV-004,NEW
RCPT-123377,PO-50045,2025-06-13,11:12:00,SKU-00424,66,66,0,A-04L-002-3-A,2025-06-13 12:21:00,RCV-005,NEW
RCPT-123461,PO-50045,2025-06-13,07:30:00,SKU-02252,450,451,1,B-02R-025-2-A,2025-06-13 09:31:00,RCV-002,NEW
RCPT-123479,PO-50045,2025-06-13,12:46:00,SKU-02579,12,12,0,C-02L-009-4-B,2025-06-13 15:09:00,RCV-005,NEW
RCPT-123365,PO-50045,2025-06-13,11:03:00,SKU-04041,11516,11518,2,A-02R-002-2-B,2025-06-13 13:54:00,RCV-007,NEW
RCPT-123376,PO-50045,2025-06-13,08:21:00,SKU-01493,12,10,-2,B-04R-019-1-B,2025-06-13 09:05:00,RCV-006,NEW
RCPT-123427,PO-50045,2025-06-13,07:10:00,SKU-02558,126,125,-1,B-01L-010-1-B,2025-06-13 08:19:00,RCV-008,NEW
RCPT-123408,PO-50045,2025-06-13,10:10:00,SKU-00160,25,27,2,A-04R-008-2-B,2025-06-13 12:38:00,RCV-001,NEW
RCPT-123433,PO-50045,2025-06-13,11:09:00,SKU-02875,116,116,0,A-02L-009-4-A,2025-06-13 13:30:00,RCV-007,NEW
RCPT-123450,PO-50045,2025-06-13,06:08:00,SKU-02900,15,13,-2,C-01R-009-4-A,2025-06-13 07:58:00,RCV-006,NEW
RCPT-123389,PO-50045,2025-06-13,09:41:00,SKU-02859,873,874,1,A-01L-018-3-A,2025-06-13 10:28:00,RCV-005,NEW
RCPT-123397,PO-50045,2025-06-13,06:10:00,SKU-03424,30,32,2,A-02R-025-5-B,2025-06-13 07:19:00,RCV-004,NEW
RCPT-123440,PO-50045,2025-06-13,10:13:00,SKU-02535,74,73,-1,A-01R-022-4-A,2025-06-13 12:31:00,RCV-004,NEW
RCPT-123385,PO-50045,2025-06-13,09:47:00,SKU-01106,31,33,2,C-04L-008-2-A,2025-06-13 12:45:00,RCV-005,NEW
RCPT-123449,PO-50045,2025-06-13,09:45:00,SKU-03584,56,54,-2,B-02R-023-1-B,2025-06-13 10:43:00,RCV-003,NEW
RCPT-123403,PO-50045,2025-06-13,10:43:00,SKU-00161,12,10,-2,E-03R-003-1-B,2025-06-13 11:26:00,RCV-007,NEW
RCPT-123429,PO-50045,2025-06-13,07:01:00,SKU-02903,238,236,-2,B-01R-020-5-B,2025-06-13 08:11:00,RCV-005,NEW
RCPT-123391,PO-50045,2025-06-13,12:55:00,SKU-03496,808,807,-1,B-01R-016-5-B,2025-06-13 15:20:00,RCV-001,NEW
RCPT-123587,PO-50046,2025-06-14,11:45:00,SKU-01121,1792,1791,-1,B-04R-017-4-A,2025-06-14 14:00:00,RCV-001,NEW
RCPT-123503,PO-50046,2025-06-14,06:30:00,SKU-03465,305,304,-1,B-01R-013-4-A,2025-06-14 08:45:00,RCV-007,NEW
RCPT-123567,PO-50046,2025-06-14,07:57:00,SKU-02885,12,12,0,D-01L-003-4-A,2025-06-14 08:44:00,RCV-003,NEW
RCPT-123573,PO-50046,2025-06-14,11:01:00,SKU-03331,20,18,-2,C-02R-003-3-A,2025-06-14 13:05:00,RCV-007,NEW
RCPT-123538,PO-50046,2025-06-14,10:53:00,SKU-04522,16,15,-1,B-02R-021-4-B,2025-06-14 13:48:00,RCV-006,NEW
RCPT-123629,PO-50046,2025-06-14,12:36:00,SKU-04563,260,261,1,A-02L-022-4-B,2025-06-14 14:28:00,RCV-005,NEW
RCPT-123572,PO-50046,2025-06-14,11:47:00,SKU-01331,425,423,-2,A-03R-003-4-B,2025-06-14 14:02:00,RCV-003,NEW
RCPT-123535,PO-50046,2025-06-14,09:07:00,SKU-03205,98,100,2,C-02L-026-1-B,2025-06-14 10:47:00,RCV-005,NEW
RCPT-123510,PO-50046,2025-06-14,07:46:00,SKU-02050,859,857,-2,C-02L-007-1-A,2025-06-14 10:44:00,RCV-005,NEW
RCPT-123608,PO-50046,2025-06-14,10:31:00,SKU-02509,919,919,0,B-01L-020-5-A,2025-06-14 13:06:00,RCV-003,NEW
RCPT-123516,PO-50046,2025-06-14,12:50:00,SKU-03048,17,18,1,D-02R-010-1-B,2025-06-14 14:21:00,RCV-005,NEW
RCPT-123575,PO-50046,2025-06-14,07:27:00,SKU-03310,24,22,-2,B-01R-002-5-A,2025-06-14 08:14:00,RCV-003,NEW
RCPT-123537,PO-50046,2025-06-14,10:28:00,SKU-02758,16,14,-2,D-01L-018-4-B,2025-06-14 11:59:00,RCV-005,NEW
RCPT-123558,PO-50046,2025-06-14,06:20:00,SKU-00872,2714,2714,0,A-04L-005-1-A,2025-06-14 06:54:00,RCV-004,NEW
RCPT-123618,PO-50046,2025-06-14,10:06:00,SKU-00231,12,14,2,A-03R-007-2-B,2025-06-14 12:41:00,RCV-008,NEW
RCPT-123544,PO-50046,2025-06-14,07:41:00,SKU-01092,12,12,0,D-03R-001-3-B,2025-06-14 08:39:00,RCV-005,NEW
RCPT-123609,PO-50046,2025-06-14,07:50:00,SKU-01494,12,12,0,C-03R-016-4-A,2025-06-14 08:30:00,RCV-001,NEW
RCPT-123512,PO-50046,2025-06-14,10:56:00,SKU-01803,647,645,-2,B-03R-020-1-A,2025-06-14 13:49:00,RCV-003,NEW
RCPT-123563,PO-50046,2025-06-14,10:17:00,SKU-02624,687,688,1,A-02R-022-1-A,2025-06-14 12:54:00,RCV-001,NEW
RCPT-123603,PO-50046,2025-06-14,07:14:00,SKU-02079,12,14,2,C-02R-013-3-B,2025-06-14 08:51:00,RCV-004,NEW
RCPT-123751,PO-50047,2025-06-16,12:34:00,SKU-00477,33,34,1,C-04R-017-1-A,2025-06-16 15:20:00,RCV-008,NEW
RCPT-123662,PO-50047,2025-06-16,09:34:00,SKU-02044,338,340,2,A-01R-023-5-B,2025-06-16 10:21:00,RCV-005,NEW
RCPT-123767,PO-50047,2025-06-16,08:23:00,SKU-02363,188,187,-1,A-01R-022-2-A,2025-06-16 10:05:00,RCV-006,NEW
RCPT-123716,PO-50047,2025-06-16,08:53:00,SKU-01739,43,42,-1,A-03L-013-1-B,2025-06-16 09:24:00,RCV-003,NEW
RCPT-123721,PO-50047,2025-06-16,08:00:00,SKU-02291,305,307,2,D-01R-026-1-A,2025-06-16 08:30:00,RCV-001,NEW
RCPT-123773,PO-50047,2025-06-16,07:50:00,SKU-01282,12,13,1,C-03R-015-4-A,2025-06-16 08:49:00,RCV-007,NEW
RCPT-123707,PO-50047,2025-06-16,08:57:00,SKU-04392,31,31,0,A-02R-003-5-B,2025-06-16 10:26:00,RCV-003,NEW
RCPT-123764,PO-50047,2025-06-16,09:36:00,SKU-02267,12,12,0,E-02L-004-5-A,2025-06-16 10:58:00,RCV-003,NEW
RCPT-123731,PO-50047,2025-06-16,10:06:00,SKU-04528,1045,1045,0,B-02R-014-3-B,2025-06-16 12:30:00,RCV-002,NEW
RCPT-123745,PO-50047,2025-06-16,12:49:00,SKU-00673,450,449,-1,C-03L-015-4-A,2025-06-16 15:47:00,RCV-006,NEW
RCPT-123703,PO-50047,2025-06-16,08:41:00,SKU-01147,12,10,-2,C-04R-004-4-A,2025-06-16 10:08:00,RCV-003,NEW
RCPT-123718,PO-50047,2025-06-16,07:28:00,SKU-00920,55,55,0,A-03R-014-3-B,2025-06-16 09:25:00,RCV-004,NEW
RCPT-123643,PO-50047,2025-06-16,10:59:00,SKU-04712,12,13,1,E-01L-005-1-B,2025-06-16 12:18:00,RCV-002,NEW
RCPT-123649,PO-50047,2025-06-16,08:37:00,SKU-00422,157,157,0,A-03R-005-2-B,2025-06-16 09:08:00,RCV-008,NEW
RCPT-123712,PO-50047,2025-06-16,08:58:00,SKU-04351,12,12,0,C-02R-012-3-A,2025-06-16 11:29:00,RCV-004,NEW
RCPT-123711,PO-50047,2025-06-16,10:30:00,SKU-02125,1731,1731,0,A-01R-020-2-B,2025-06-16 13:02:00,RCV-006,NEW
RCPT-123634,PO-50047,2025-06-16,10:05:00,SKU-04457,3614,3612,-2,A-01L-020-2-B,2025-06-16 11:30:00,RCV-008,NEW
RCPT-123743,PO-50047,2025-06-16,06:21:00,SKU-02073,159,157,-2,B-02L-002-5-A,2025-06-16 06:55:00,RCV-008,NEW
RCPT-123697,PO-50047,2025-06-16,10:10:00,SKU-03496,975,973,-2,B-01R-016-5-B,2025-06-16 11:53:00,RCV-004,NEW
RCPT-123753,PO-50047,2025-06-16,09:08:00,SKU-02737,131,133,2,D-01L-021-5-A,2025-06-16 10:07:00,RCV-006,NEW
RCPT-123655,PO-50047,2025-06-16,07:04:00,SKU-04083,12,11,-1,C-01L-023-4-A,2025-06-16 08:35:00,RCV-004,NEW
RCPT-123746,PO-50047,2025-06-16,10:04:00,SKU-00392,460,458,-2,B-03L-019-1-B,2025-06-16 12:33:00,RCV-008,NEW
RCPT-123760,PO-50047,2025-06-16,11:51:00,SKU-01339,98,96,-2,B-04R-005-2-A,2025-06-16 14:22:00,RCV-004,NEW
RCPT-123646,PO-50047,2025-06-16,11:00:00,SKU-01204,1981,1983,2,A-03R-016-1-B,2025-06-16 13:32:00,RCV-003,NEW
RCPT-123738,PO-50047,2025-06-16,11:45:00,SKU-01552,461,461,0,A-04R-001-1-B,2025-06-16 12:44:00,RCV-004,NEW
RCPT-123694,PO-50047,2025-06-16,07:55:00,SKU-02585,2420,2419,-1,A-01R-012-4-A,2025-06-16 09:48:00,RCV-002,NEW
RCPT-123747,PO-50047,2025-06-16,07:41:00,SKU-03922,12,14,2,E-02R-018-4-B,2025-06-16 10:21:00,RCV-004,NEW
RCPT-123748,PO-50047,2025-06-16,12:22:00,SKU-04944,12,11,-1,D-02R-012-3-B,2025-06-16 14:31:00,RCV-007,NEW
RCPT-123843,PO-50047,2025-06-17,08:33:00,SKU-03356,277,279,2,A-02L-015-2-A,2025-06-17 10:35:00,RCV-001,NEW
RCPT-123863,PO-50047,2025-06-17,12:41:00,SKU-01985,15,14,-1,A-04R-016-3-B,2025-06-17 13:34:00,RCV-002,NEW
RCPT-123866,PO-50047,2025-06-17,08:06:00,SKU-04465,12,12,0,D-01R-023-5-A,2025-06-17 09:54:00,RCV-008,NEW
RCPT-123811,PO-50047,2025-06-17,07:36:00,SKU-01803,928,930,2,B-03R-020-1-A,2025-06-17 09:20:00,RCV-007,NEW
RCPT-123817,PO-50047,2025-06-17,08:33:00,SKU-01552,512,510,-2,A-04R-001-1-B,2025-06-17 10:54:00,RCV-001,NEW
RCPT-123925,PO-50047,2025-06-17,12:15:00,SKU-04542,230,230,0,C-02L-018-4-A,2025-06-17 14:54:00,RCV-001,NEW
RCPT-123784,PO-50047,2025-06-17,07:54:00,SKU-01490,1694,1692,-2,B-04R-009-1-A,2025-06-17 09:31:00,RCV-004,NEW
RCPT-123862,PO-50047,2025-06-17,12:03:00,SKU-02942,28,28,0,E-01R-007-3-A,2025-06-17 13:42:00,RCV-005,NEW
RCPT-123877,PO-50047,2025-06-17,08:41:00,SKU-01930,14,16,2,A-04R-005-4-B,2025-06-17 10:23:00,RCV-008,NEW
RCPT-123819,PO-50047,2025-06-17,10:17:00,SKU-00946,12,14,2,C-04L-010-2-A,2025-06-17 12:05:00,RCV-007,NEW
RCPT-123880,PO-50047,2025-06-17,09:28:00,SKU-03881,1326,1324,-2,B-02R-002-4-A,2025-06-17 12:07:00,RCV-002,NEW
RCPT-123902,PO-50047,2025-06-17,11:58:00,SKU-00464,199,199,0,B-04L-018-2-A,2025-06-17 14:36:00,RCV-001,NEW
RCPT-123909,PO-50047,2025-06-17,06:13:00,SKU-00483,170,171,1,C-03L-009-3-A,2025-06-17 07:12:00,RCV-006,NEW
RCPT-123934,PO-50047,2025-06-17,10:53:00,SKU-04538,1146,1148,2,A-01R-001-1-B,2025-06-17 12:54:00,RCV-002,NEW
RCPT-123810,PO-50047,2025-06-17,12:26:00,SKU-02366,6157,6155,-2,A-01R-020-4-A,2025-06-17 13:52:00,RCV-001,NEW
RCPT-123821,PO-50047,2025-06-17,12:56:00,SKU-00535,346,345,-1,A-03R-010-2-A,2025-06-17 13:41:00,RCV-002,NEW
RCPT-123798,PO-50047,2025-06-17,06:57:00,SKU-00482,12,11,-1,E-04L-015-3-B,2025-06-17 08:55:00,RCV-007,NEW
RCPT-123785,PO-50047,2025-06-17,08:02:00,SKU-01704,23,25,2,B-03R-006-2-A,2025-06-17 09:02:00,RCV-005,NEW
RCPT-123916,PO-50047,2025-06-17,09:29:00,SKU-04315,12,13,1,E-01R-024-2-A,2025-06-17 11:06:00,RCV-008,NEW
RCPT-123791,PO-50047,2025-06-17,10:39:00,SKU-02125,1935,1933,-2,A-01R-020-2-B,2025-06-17 11:21:00,RCV-006,NEW
RCPT-123818,PO-50047,2025-06-17,11:14:00,SKU-03400,12,11,-1,A-02R-008-3-B,2025-06-17 12:00:00,RCV-005,NEW
RCPT-123910,PO-50047,2025-06-17,12:44:00,SKU-01555,49,51,2,A-03L-017-4-A,2025-06-17 14:35:00,RCV-006,NEW
RCPT-123833,PO-50047,2025-06-17,10:59:00,SKU-00669,59,58,-1,B-03R-003-1-A,2025-06-17 13:31:00,RCV-006,NEW
RCPT-123852,PO-50047,2025-06-17,11:48:00,SKU-03077,617,617,0,B-02L-012-4-B,2025-06-17 12:59:00,RCV-007,NEW
RCPT-123920,PO-50047,2025-06-17,12:19:00,SKU-04522,12,10,-2,B-02R-021-4-B,2025-06-17 14:11:00,RCV-006,NEW
RCPT-123936,PO-50047,2025-06-17,12:15:00,SKU-01562,68,67,-1,B-04L-001-3-B,2025-06-17 13:27:00,RCV-006,NEW
RCPT-123844,PO-50047,2025-06-17,08:41:00,SKU-04585,23,24,1,B-01L-026-1-B,2025-06-17 10:30:00,RCV-007,NEW
RCPT-123802,PO-50047,2025-06-17,07:35:00,SKU-02281,295,295,0,A-01L-025-3-B,2025-06-17 08:16:00,RCV-004,NEW
RCPT-123854,PO-50047,2025-06-17,09:31:00,SKU-02859,1000,1002,2,A-01L-018-3-A,2025-06-17 10:44:00,RCV-007,NEW
RCPT-123917,PO-50047,2025-06-17,08:18:00,SKU-04768,466,466,0,A-01R-021-2-A,2025-06-17 10:42:00,RCV-003,NEW
RCPT-123853,PO-50047,2025-06-17,07:40:00,SKU-02262,47,49,2,D-02L-022-3-A,2025-06-17 08:28:00,RCV-002,NEW
RCPT-123870,PO-50047,2025-06-17,07:57:00,SKU-00983,76,75,-1,A-03R-013-4-B,2025-06-17 08:33:00,RCV-002,DAMAGED
RCPT-123861,PO-50047,2025-06-17,07:59:00,SKU-02903,178,177,-1,B-01R-020-5-B,2025-06-17 10:46:00,RCV-001,NEW
RCPT-123871,PO-50047,2025-06-17,09:53:00,SKU-00462,12,12,0,D-03R-019-3-A,2025-06-17 10:29:00,RCV-005,NEW
RCPT-123915,PO-50047,2025-06-17,08:03:00,SKU-01673,12,13,1,E-04R-006-3-A,2025-06-17 09:37:00,RCV-007,NEW
RCPT-123832,PO-50047,2025-06-17,08:50:00,SKU-04645,12,11,-1,D-02L-024-2-A,2025-06-17 10:19:00,RCV-001,NEW
RCPT-123800,PO-50047,2025-06-17,11:49:00,SKU-00843,39,39,0,B-04R-012-3-B,2025-06-17 13:56:00,RCV-006,NEW
RCPT-123826,PO-50047,2025-06-17,12:04:00,SKU-04699,12,12,0,C-02L-016-1-B,2025-06-17 12:42:00,RCV-002,NEW
RCPT-123808,PO-50047,2025-06-17,12:23:00,SKU-04814,291,291,0,B-02R-017-4-A,2025-06-17 12:57:00,RCV-001,NEW
RCPT-123831,PO-50047,2025-06-17,11:01:00,SKU-03515,41,43,2,C-02R-006-5-A,2025-06-17 13:58:00,RCV-004,NEW
RCPT-123829,PO-50047,2025-06-17,08:07:00,SKU-03791,12,11,-1,D-01L-026-4-B,2025-06-17 08:53:00,RCV-004,NEW
RCPT-123869,PO-50047,2025-06-17,09:18:00,SKU-02611,12,13,1,C-01R-004-3-B,2025-06-17 10:43:00,RCV-004,NEW
RCPT-123969,PO-50047,2025-06-18,09:40:00,SKU-02674,40,40,0,A-01L-006-4-A,2025-06-18 12:18:00,RCV-002,DAMAGED
RCPT-123989,PO-50047,2025-06-18,08:52:00,SKU-02585,1629,1631,2,A-01R-012-4-A,2025-06-18 10:46:00,RCV-007,NEW
RCPT-124056,PO-50047,2025-06-18,11:29:00,SKU-01170,450,452,2,A-03L-002-3-B,2025-06-18 13:50:00,RCV-005,NEW
RCPT-124023,PO-50047,2025-06-18,12:56:00,SKU-02142,27,25,-2,C-01R-017-2-B,2025-06-18 15:11:00,RCV-002,NEW
RCPT-123977,PO-50047,2025-06-18,11:30:00,SKU-02939,187,185,-2,A-02R-016-5-A,2025-06-18 12:34:00,RCV-007,NEW
RCPT-123983,PO-50047,2025-06-18,12:39:00,SKU-03098,12,11,-1,C-02R-026-3-A,2025-06-18 13:20:00,RCV-002,NEW
RCPT-123956,PO-50047,2025-06-18,10:41:00,SKU-02045,433,431,-2,B-01R-025-3-A,2025-06-18 11:35:00,RCV-001,NEW
RCPT-124045,PO-50047,2025-06-18,07:01:00,SKU-03038,12,12,0,B-02L-014-4-A,2025-06-18 07:50:00,RCV-007,NEW
RCPT-124016,PO-50047,2025-06-18,12:12:00,SKU-03515,30,32,2,C-02R-006-5-A,2025-06-18 13:43:00,RCV-004,NEW
RCPT-123953,PO-50047,2025-06-18,11:58:00,SKU-02104,3193,3193,0,B-01R-002-1-A,2025-06-18 13:23:00,RCV-004,NEW
RCPT-123982,PO-50047,2025-06-18,08:57:00,SKU-02731,44,44,0,A-01R-004-5-A,2025-06-18 10:02:00,RCV-007,NEW
RCPT-123955,PO-50047,2025-06-18,12:38:00,SKU-03077,655,653,-2,B-02L-012-4-B,2025-06-18 15:24:00,RCV-001,NEW
RCPT-124073,PO-50047,2025-06-18,06:06:00,SKU-02399,12,13,1,B-01L-014-1-A,2025-06-18 07:02:00,RCV-006,DAMAGED
RCPT-124014,PO-50047,2025-06-18,12:35:00,SKU-02506,12,13,1,D-02L-018-1-B,2025-06-18 13:42:00,RCV-001,NEW
RCPT-124022,PO-50047,2025-06-18,10:52:00,SKU-02552,110,110,0,B-02R-022-5-B,2025-06-18 11:51:00,RCV-007,NEW
RCPT-123996,PO-50047,2025-06-18,07:34:00,SKU-02836,422,420,-2,A-02R-009-1-B,2025-06-18 08:17:00,RCV-003,NEW
RCPT-123948,PO-50047,2025-06-18,10:40:00,SKU-02034,601,600,-1,A-02L-014-4-B,2025-06-18 12:15:00,RCV-002,NEW
RCPT-123988,PO-50047,2025-06-18,07:53:00,SKU-00376,499,499,0,B-04L-004-2-B,2025-06-18 09:52:00,RCV-007,NEW
RCPT-124052,PO-50047,2025-06-18,10:31:00,SKU-02961,248,250,2,B-02R-006-3-A,2025-06-18 13:03:00,RCV-008,NEW
RCPT-124032,PO-50047,2025-06-18,07:50:00,SKU-03823,667,666,-1,C-02R-020-1-B,2025-06-18 08:21:00,RCV-007,NEW
RCPT-124074,PO-50047,2025-06-18,07:44:00,SKU-00084,236,235,-1,A-03L-015-3-A,2025-06-18 08:41:00,RCV-006,NEW
RCPT-124030,PO-50047,2025-06-18,11:19:00,SKU-04608,1113,1114,1,A-02L-025-1-B,2025-06-18 12:20:00,RCV-005,NEW
RCPT-123993,PO-50047,2025-06-18,12:24:00,SKU-01638,16,14,-2,A-03L-016-4-B,2025-06-18 14:28:00,RCV-008,NEW
RCPT-124020,PO-50047,2025-06-18,07:19:00,SKU-03729,14,16,2,D-01R-011-4-A,2025-06-18 09:54:00,RCV-006,NEW
RCPT-124068,PO-50047,2025-06-18,06:45:00,SKU-04990,26,28,2,D-01R-016-1-B,2025-06-18 07:33:00,RCV-002,NEW
RCPT-124075,PO-50047,2025-06-18,09:46:00,SKU-02050,867,867,0,C-02L-007-1-A,2025-06-18 12:23:00,RCV-008,NEW
RCPT-124041,PO-50047,2025-06-18,10:21:00,SKU-02395,12,11,-1,A-01R-012-2-B,2025-06-18 12:31:00,RCV-001,NEW
RCPT-124174,PO-50047,2025-06-19,07:36:00,SKU-01341,19,19,0,D-03R-011-3-A,2025-06-19 10:15:00,RCV-007,NEW
RCPT-124091,PO-50047,2025-06-19,07:15:00,SKU-03727,7374,7376,2,B-02R-023-4-A,2025-06-19 08:44:00,RCV-008,NEW
RCPT-124165,PO-50047,2025-06-19,10:58:00,SKU-00585,148,150,2,C-04R-005-4-B,2025-06-19 13:45:00,RCV-008,NEW
RCPT-124140,PO-50047,2025-06-19,11:46:00,SKU-04426,12,10,-2,C-02L-002-3-A,2025-06-19 13:58:00,RCV-007,NEW
RCPT-124133,PO-50047,2025-06-19,11:32:00,SKU-00379,137,137,0,A-03R-020-4-B,2025-06-19 13:01:00,RCV-006,NEW
RCPT-124179,PO-50047,2025-06-19,12:48:00,SKU-04323,12,14,2,E-01L-004-2-B,2025-06-19 14:55:00,RCV-004,DAMAGED
RCPT-124202,PO-50047,2025-06-19,08:42:00,SKU-01490,1081,1082,1,B-04R-009-1-A,2025-06-19 09:56:00,RCV-003,NEW
RCPT-124177,PO-50047,2025-06-19,09:56:00,SKU-03087,12,11,-1,B-02R-003-1-A,2025-06-19 11:48:00,RCV-008,NEW
RCPT-124138,PO-50047,2025-06-19,07:04:00,SKU-02366,3123,3122,-1,A-01R-020-4-A,2025-06-19 09:16:00,RCV-008,NEW
RCPT-124126,PO-50047,2025-06-19,07:21:00,SKU-01204,2735,2735,0,A-03R-016-1-B,2025-06-19 09:30:00,RCV-003,NEW
RCPT-124201,PO-50047,2025-06-19,11:32:00,SKU-02185,606,605,-1,C-01R-009-4-B,2025-06-19 12:54:00,RCV-002,NEW
RCPT-124156,PO-50047,2025-06-19,06:09:00,SKU-00726,12,10,-2,E-04L-002-3-B,2025-06-19 08:43:00,RCV-007,NEW
RCPT-124173,PO-50047,2025-06-19,10:27:00,SKU-00989,28,30,2,B-03L-020-2-A,2025-06-19 11:37:00,RCV-006,NEW
RCPT-124187,PO-50047,2025-06-19,11:45:00,SKU-02509,1114,1116,2,B-01L-020-5-A,2025-06-19 13:13:00,RCV-002,NEW
RCPT-124139,PO-50047,2025-06-19,08:22:00,SKU-04528,953,953,0,B-02R-014-3-B,2025-06-19 09:45:00,RCV-001,NEW
RCPT-124117,PO-50047,2025-06-19,07:33:00,SKU-01721,915,915,0,A-04L-015-4-B,2025-06-19 10:32:00,RCV-006,NEW
RCPT-124148,PO-50047,2025-06-19,11:52:00,SKU-03792,12,13,1,B-02L-003-1-B,2025-06-19 13:19:00,RCV-006,NEW
RCPT-124112,PO-50047,2025-06-19,06:08:00,SKU-04297,51,53,2,B-01L-002-3-A,2025-06-19 07:49:00,RCV-003,NEW
RCPT-124195,PO-50047,2025-06-19,06:57:00,SKU-00131,44,46,2,C-04R-005-3-A,2025-06-19 07:32:00,RCV-004,NEW
RCPT-124159,PO-50047,2025-06-19,07:54:00,SKU-04745,44,43,-1,B-01R-013-5-A,2025-06-19 09:12:00,RCV-001,NEW
RCPT-124098,PO-50047,2025-06-19,10:44:00,SKU-02202,290,290,0,C-01R-025-1-B,2025-06-19 13:35:00,RCV-003,NEW
RCPT-124164,PO-50047,2025-06-19,07:49:00,SKU-00749,12,10,-2,D-04R-017-4-A,2025-06-19 09:08:00,RCV-003,NEW
RCPT-124111,PO-50047,2025-06-19,09:34:00,SKU-01121,1356,1357,1,B-04R-017-4-A,2025-06-19 11:46:00,RCV-007,NEW
RCPT-124079,PO-50047,2025-06-19,11:19:00,SKU-02448,12,10,-2,C-02L-019-2-A,2025-06-19 12:11:00,RCV-006,NEW
RCPT-124081,PO-50047,2025-06-19,10:02:00,SKU-00422,172,173,1,A-03R-005-2-B,2025-06-19 11:41:00,RCV-004,NEW
RCPT-124194,PO-50047,2025-06-19,12:55:00,SKU-02708,54,53,-1,A-01R-026-1-B,2025-06-19 14:56:00,RCV-006,NEW
RCPT-124150,PO-50047,2025-06-19,09:35:00,SKU-00046,532,534,2,B-03L-005-2-A,2025-06-19 10:58:00,RCV-003,NEW
RCPT-124207,PO-50047,2025-06-19,10:23:00,SKU-01484,12,13,1,E-04L-005-3-B,2025-06-19 11:59:00,RCV-003,NEW
RCPT-124090,PO-50047,2025-06-19,10:44:00,SKU-00136,15,17,2,C-03R-001-4-B,2025-06-19 11:18:00,RCV-004,NEW
RCPT-124192,PO-50047,2025-06-19,11:12:00,SKU-00137,120,120,0,B-03R-003-1-B,2025-06-19 11:58:00,RCV-006,NEW
RCPT-124199,PO-50047,2025-06-19,11:01:00,SKU-00020,20,21,1,B-03L-011-2-B,2025-06-19 11:55:00,RCV-005,DAMAGED
RCPT-124175,PO-50047,2025-06-19,09:25:00,SKU-03250,142,140,-2,A-01R-001-3-A,2025-06-19 10:23:00,RCV-007,NEW
RCPT-124087,PO-50047,2025-06-19,10:47:00,SKU-03881,1131,1132,1,B-02R-002-4-A,2025-06-19 11:27:00,RCV-008,NEW
RCPT-124200,PO-50047,2025-06-19,06:51:00,SKU-03836,12,11,-1,D-02R-025-3-B,2025-06-19 09:50:00,RCV-006,NEW
RCPT-124157,PO-50047,2025-06-19,10:35:00,SKU-02523,144,142,-2,A-02L-017-1-A,2025-06-19 13:12:00,RCV-008,NEW
RCPT-124230,PO-50047,2025-06-20,07:56:00,SKU-02624,755,757,2,A-02R-022-1-A,2025-06-20 08:27:00,RCV-004,NEW
RCPT-124220,PO-50047,2025-06-20,09:54:00,SKU-04637,96,94,-2,B-02L-003-1-A,2025-06-20 11:36:00,RCV-002,NEW
RCPT-124311,PO-50047,2025-06-20,09:51:00,SKU-04984,88,87,-1,B-02R-026-4-B,2025-06-20 12:07:00,RCV-001,NEW
RCPT-124245,PO-50047,2025-06-20,08:38:00,SKU-03032,101,102,1,A-02L-020-4-B,2025-06-20 11:20:00,RCV-004,NEW
RCPT-124296,PO-50047,2025-06-20,07:06:00,SKU-00137,87,88,1,B-03R-003-1-B,2025-06-20 08:35:00,RCV-002,NEW
RCPT-124365,PO-50047,2025-06-20,11:07:00,SKU-00368,28,26,-2,B-03L-004-4-A,2025-06-20 13:26:00,RCV-004,NEW
RCPT-124219,PO-50047,2025-06-20,09:07:00,SKU-02908,6997,6996,-1,B-02L-005-3-A,2025-06-20 09:59:00,RCV-008,DAMAGED
RCPT-124270,PO-50047,2025-06-20,11:57:00,SKU-02828,317,318,1,A-02L-007-2-A,2025-06-20 13:45:00,RCV-002,NEW
RCPT-124303,PO-50047,2025-06-20,12:13:00,SKU-04357,12,11,-1,B-01R-009-3-A,2025-06-20 14:41:00,RCV-008,NEW
RCPT-124263,PO-50047,2025-06-20,08:12:00,SKU-00673,451,453,2,C-03L-015-4-A,2025-06-20 08:52:00,RCV-001,NEW
RCPT-124348,PO-50047,2025-06-20,10:37:00,SKU-02032,28,29,1,C-01L-015-2-A,2025-06-20 12:54:00,RCV-003,NEW
RCPT-124345,PO-50047,2025-06-20,08:32:00,SKU-04966,12,11,-1,E-01R-020-5-A,2025-06-20 10:19:00,RCV-002,NEW
RCPT-124324,PO-50047,2025-06-20,08:11:00,SKU-01975,184,185,1,B-04L-014-4-A,2025-06-20 09:48:00,RCV-008,NEW
RCPT-124344,PO-50047,2025-06-20,11:25:00,SKU-02297,55,53,-2,C-01L-025-5-B,2025-06-20 12:23:00,RCV-006,NEW
RCPT-124335,PO-50047,2025-06-20,09:51:00,SKU-00118,18,17,-1,E-04R-005-1-B,2025-06-20 10:51:00,RCV-008,NEW
RCPT-124286,PO-50047,2025-06-20,09:33:00,SKU-02436,18,18,0,D-01L-005-4-A,2025-06-20 11:03:00,RCV-002,NEW
RCPT-124299,PO-50047,2025-06-20,11:46:00,SKU-03305,47,49,2,B-02L-018-4-A,2025-06-20 12:29:00,RCV-004,NEW
RCPT-124262,PO-50047,2025-06-20,12:57:00,SKU-04528,1338,1338,0,B-02R-014-3-B,2025-06-20 15:29:00,RCV-003,NEW
RCPT-124328,PO-50047,2025-06-20,09:15:00,SKU-01532,131,130,-1,B-03R-008-1-A,2025-06-20 11:23:00,RCV-004,NEW
RCPT-124257,PO-50047,2025-06-20,12:12:00,SKU-00132,464,465,1,A-04R-016-4-B,2025-06-20 13:09:00,RCV-005,NEW
RCPT-124373,PO-50047,2025-06-20,12:57:00,SKU-00464,131,132,1,B-04L-018-2-A,2025-06-20 14:26:00,RCV-002,NEW
RCPT-124222,PO-50047,2025-06-20,08:38:00,SKU-00793,47,45,-2,B-03L-008-4-B,2025-06-20 09:17:00,RCV-001,NEW
RCPT-124274,PO-50047,2025-06-20,09:27:00,SKU-00379,153,154,1,A-03R-020-4-B,2025-06-20 11:24:00,RCV-007,NEW
RCPT-124272,PO-50047,2025-06-20,12:35:00,SKU-02913,647,649,2,B-01L-015-2-B,2025-06-20 14:35:00,RCV-003,NEW
RCPT-124251,PO-50047,2025-06-20,09:54:00,SKU-04608,2063,2063,0,A-02L-025-1-B,2025-06-20 10:30:00,RCV-006,NEW
RCPT-124323,PO-50047,2025-06-20,12:10:00,SKU-00940,154,155,1,A-03R-006-3-B,2025-06-20 14:31:00,RCV-006,NEW
RCPT-124234,PO-50047,2025-06-20,06:34:00,SKU-03446,70,71,1,D-02R-002-5-A,2025-06-20 07:29:00,RCV-007,NEW
RCPT-124259,PO-50047,2025-06-20,09:24:00,SKU-04043,12,11,-1,B-02L-009-1-B,2025-06-20 10:45:00,RCV-003,NEW
RCPT-124350,PO-50047,2025-06-20,11:14:00,SKU-04938,99,101,2,C-01L-014-2-A,2025-06-20 12:57:00,RCV-007,NEW
RCPT-124314,PO-50047,2025-06-20,08:33:00,SKU-03753,12,12,0,D-01L-002-2-A,2025-06-20 09:09:00,RCV-005,NEW
RCPT-124281,PO-50047,2025-06-20,08:27:00,SKU-00303,94,92,-2,B-03L-008-1-A,2025-06-20 10:36:00,RCV-005,NEW
RCPT-124325,PO-50047,2025-06-20,09:55:00,SKU-01687,43,42,-1,A-04L-005-3-B,2025-06-20 10:36:00,RCV-005,NEW
RCPT-124364,PO-50047,2025-06-20,10:22:00,SKU-02752,12,12,0,C-01R-015-3-A,2025-06-20 11:57:00,RCV-006,NEW
