snapshot_date,sku_id,location_code,zone,shelf_type,ergonomic_tier,level_height_in,dist_from_dock_ft,qty_on_hand,qty_allocated,qty_available,days_since_last_replenishment,last_replenishment_date,abc_tier_at_slotting,abc_tier_current,slotting_drift,current_vel_picks_per_day
2025-06-20,SKU-00001,C-03L-001-4-A,C,APP,sub_prime,63,275,59,6,53,13,2025-06-07,A,A,False,7.433
2025-06-20,SKU-00002,D-03L-007-1-A,D,APP,floor,9,400,13,1,12,17,2025-06-03,C,B,True,1.065
2025-06-20,SKU-00003,C-03R-010-4-B,C,APP,sub_prime,63,275,61,5,56,3,2025-06-17,B,A,True,3.29
2025-06-20,SKU-00004,D-04L-001-1-A,D,APP,floor,9,400,15,0,15,11,2025-06-09,C,B,True,0.817
2025-06-20,SKU-00005,C-03L-019-2-B,C,APP,prime,27,275,18,1,17,19,2025-06-01,C,B,True,1.077
2025-06-20,SKU-00006,E-04R-007-1-B,E,APP,floor,9,525,9,1,8,20,2025-05-31,C,B,True,1.067
2025-06-20,SKU-00007,B-04L-011-1-A,B,APP,floor,9,150,31,3,28,13,2025-06-07,B,A,True,4.021
2025-06-20,SKU-00008,D-04R-016-1-A,D,APP,floor,9,400,18,2,16,16,2025-06-04,B,B,False,2.127
2025-06-20,SKU-00009,D-03L-012-4-B,D,APP,sub_prime,63,400,56,0,56,6,2025-06-14,B,A,True,2.756
2025-06-20,SKU-00010,B-04R-004-2-B,B,APP,prime,27,150,204,13,191,9,2025-06-11,A,A,False,12.177
2025-06-20,SKU-00011,E-04L-020-4-A,E,APP,sub_prime,63,525,4,0,4,18,2025-06-02,C,B,True,0.881
2025-06-20,SKU-00012,E-04L-012-3-B,E,APP,prime,45,525,9,0,9,4,2025-06-16,C,B,True,0.97
2025-06-20,SKU-00013,D-04R-013-4-B,D,APP,sub_prime,63,400,4,0,4,4,2025-06-16,C,B,True,0.86
2025-06-20,SKU-00014,A-04L-004-2-B,A,APP,prime,27,50,73,9,64,1,2025-06-19,A,A,False,6.089
2025-06-20,SKU-00015,D-03L-002-2-B,D,APP,prime,27,400,12,1,11,5,2025-06-15,C,B,True,1.205
2025-06-20,SKU-00016,B-03R-004-3-A,B,APP,prime,45,150,74,3,71,17,2025-06-03,B,A,True,4.577
2025-06-20,SKU-00017,B-03R-001-4-B,B,APP,sub_prime,63,150,246,63,183,4,2025-06-16,A,A,False,37.964
2025-06-20,SKU-00018,B-03L-014-2-A,B,APP,prime,27,150,21,3,18,14,2025-06-06,B,A,True,3.915
2025-06-20,SKU-00019,A-03R-001-1-A,A,APP,floor,9,50,169,16,153,20,2025-05-31,A,A,False,15.367
2025-06-20,SKU-00020,B-03L-011-2-B,B,APP,prime,27,150,26,6,20,12,2025-06-08,B,A,True,3.98
2025-06-20,SKU-00021,E-04R-009-2-A,E,APP,prime,27,525,16,0,16,8,2025-06-12,C,B,True,0.867
2025-06-20,SKU-00022,D-04R-011-4-B,D,APP,sub_prime,63,400,28,2,26,5,2025-06-15,B,B,False,1.561
2025-06-20,SKU-00023,A-04R-013-4-B,A,APP,sub_prime,63,50,62,5,57,2,2025-06-18,A,A,False,4.798
2025-06-20,SKU-00024,D-04L-010-3-A,D,APP,prime,45,400,23,1,22,3,2025-06-17,B,B,False,1.763
2025-06-20,SKU-00025,B-03L-020-3-A,B,APP,prime,45,150,31,2,29,17,2025-06-03,B,B,False,2.32
2025-06-20,SKU-00026,A-03R-009-1-B,A,APP,floor,9,50,288,12,276,3,2025-06-17,A,A,False,19.557
2025-06-20,SKU-00027,D-03L-014-3-A,D,APP,prime,45,400,12,1,11,14,2025-06-06,B,B,False,1.441
2025-06-20,SKU-00028,B-04L-012-1-A,B,APP,floor,9,150,61,15,46,3,2025-06-17,A,A,False,8.492
2025-06-20,SKU-00029,C-03L-006-4-A,C,APP,sub_prime,63,275,64,2,62,6,2025-06-14,B,A,True,3.318
2025-06-20,SKU-00030,C-04R-012-3-B,C,APP,prime,45,275,25,1,24,10,2025-06-10,B,B,False,2.297
2025-06-20,SKU-00031,B-04L-006-4-B,B,APP,sub_prime,63,150,46,2,44,16,2025-06-04,A,A,False,4.902
2025-06-20,SKU-00032,D-04L-004-2-B,D,APP,prime,27,400,14,1,13,20,2025-05-31,C,B,True,1.049
2025-06-20,SKU-00033,E-04R-019-3-B,E,APP,prime,45,525,21,1,20,8,2025-06-12,C,B,True,1.117
2025-06-20,SKU-00034,A-04L-017-3-A,A,APP,prime,45,50,331,44,287,2,2025-06-18,A,A,False,27.859
2025-06-20,SKU-00035,D-04L-019-1-B,D,APP,floor,9,400,34,2,32,10,2025-06-10,B,B,False,2.156
2025-06-20,SKU-00036,B-04R-004-4-A,B,APP,sub_prime,63,150,249,0,249,1,2025-06-19,A,A,False,13.781
2025-06-20,SKU-00037,A-03L-004-3-A,A,APP,prime,45,50,853,57,796,2,2025-06-18,A,A,False,86.052
2025-06-20,SKU-00038,C-03R-012-4-A,C,APP,sub_prime,63,275,22,2,20,12,2025-06-08,B,B,False,1.862
2025-06-20,SKU-00039,C-03R-017-4-B,C,APP,sub_prime,63,275,62,1,61,5,2025-06-15,B,A,True,3.35
2025-06-20,SKU-00040,D-03L-013-2-A,D,APP,prime,27,400,10,0,10,7,2025-06-13,C,B,True,0.877
2025-06-20,SKU-00041,B-04L-010-3-A,B,APP,prime,45,150,21,0,21,5,2025-06-15,B,B,False,1.621
2025-06-20,SKU-00042,E-04L-014-3-B,E,APP,prime,45,525,19,0,19,7,2025-06-13,C,B,True,1.008
2025-06-20,SKU-00043,D-04L-013-3-A,D,APP,prime,45,400,17,1,16,12,2025-06-08,C,B,True,1.202
2025-06-20,SKU-00044,B-03R-009-3-A,B,APP,prime,45,150,37,5,32,5,2025-06-15,A,A,False,4.871
2025-06-20,SKU-00045,A-04R-015-3-B,A,APP,prime,45,50,29,0,29,2,2025-06-18,B,B,False,1.593
2025-06-20,SKU-00046,B-03L-005-2-A,B,APP,prime,27,150,917,36,881,10,2025-06-10,A,A,False,45.557
2025-06-20,SKU-00047,A-03L-014-4-B,A,APP,sub_prime,63,50,54,9,45,13,2025-06-07,A,A,False,6.508
2025-06-20,SKU-00048,D-04L-014-4-B,D,APP,sub_prime,63,400,13,0,13,13,2025-06-07,B,B,False,1.427
2025-06-20,SKU-00049,C-04R-019-2-A,C,APP,prime,27,275,6,0,6,17,2025-06-03,C,B,True,0.788
2025-06-20,SKU-00050,B-04L-009-3-A,B,APP,prime,45,150,15,0,15,15,2025-06-05,C,B,True,0.799
2025-06-20,SKU-00051,C-03R-003-2-A,C,APP,prime,27,275,9,0,9,4,2025-06-16,B,B,False,1.261
2025-06-20,SKU-00052,C-03R-007-1-B,C,APP,floor,9,275,12,0,12,4,2025-06-16,B,B,False,1.26
2025-06-20,SKU-00053,B-03L-010-3-B,B,APP,prime,45,150,34,3,31,13,2025-06-07,B,B,False,2.629
2025-06-20,SKU-00054,C-03L-020-3-A,C,APP,prime,45,275,9,0,9,1,2025-06-19,C,B,True,1.206
2025-06-20,SKU-00055,D-04L-018-4-B,D,APP,sub_prime,63,400,55,5,50,8,2025-06-12,B,A,True,3.059
2025-06-20,SKU-00056,C-04R-006-2-A,C,APP,prime,27,275,85,5,80,13,2025-06-07,B,A,True,4.303
2025-06-20,SKU-00057,C-03R-010-4-A,C,APP,sub_prime,63,275,24,1,23,12,2025-06-08,B,B,False,1.475
2025-06-20,SKU-00058,D-04L-002-1-A,D,APP,floor,9,400,21,1,20,18,2025-06-02,B,B,False,1.323
2025-06-20,SKU-00059,D-03L-008-2-A,D,APP,prime,27,400,10,0,10,7,2025-06-13,C,B,True,0.855
2025-06-20,SKU-00060,C-03R-007-3-A,C,APP,prime,45,275,63,1,62,12,2025-06-08,B,A,True,3.464
2025-06-20,SKU-00061,D-03L-004-3-A,D,APP,prime,45,400,4,0,4,11,2025-06-09,C,B,True,0.898
2025-06-20,SKU-00062,C-03R-020-1-B,C,APP,floor,9,275,21,0,21,20,2025-05-31,B,B,False,1.483
2025-06-20,SKU-00063,C-04L-014-4-A,C,APP,sub_prime,63,275,31,3,28,2,2025-06-18,A,A,False,4.853
2025-06-20,SKU-00064,E-03L-020-3-A,E,APP,prime,45,525,20,1,19,9,2025-06-11,C,B,True,1.059
2025-06-20,SKU-00065,B-03R-002-4-B,B,APP,sub_prime,63,150,27,1,26,1,2025-06-19,B,B,False,1.45
2025-06-20,SKU-00066,D-03R-020-1-B,D,APP,floor,9,400,5,0,5,4,2025-06-16,C,B,True,0.794
2025-06-20,SKU-00067,D-04R-013-3-A,D,APP,prime,45,400,10,1,9,18,2025-06-02,B,B,False,1.299
2025-06-20,SKU-00068,E-03R-020-3-A,E,APP,prime,45,525,17,0,17,8,2025-06-12,C,B,True,0.993
2025-06-20,SKU-00069,C-03L-018-2-A,C,APP,prime,27,275,15,0,15,12,2025-06-08,C,B,True,0.794
2025-06-20,SKU-00070,C-04R-001-3-B,C,APP,prime,45,275,21,1,20,16,2025-06-04,C,B,True,1.083
2025-06-20,SKU-00071,E-03R-018-1-B,E,APP,floor,9,525,11,0,11,20,2025-05-31,C,B,True,1.084
2025-06-20,SKU-00072,C-04L-012-1-B,C,APP,floor,9,275,16,2,14,10,2025-06-10,B,B,False,1.583
2025-06-20,SKU-00073,E-03R-011-1-B,E,APP,floor,9,525,8,0,8,13,2025-06-07,C,B,True,1.182
2025-06-20,SKU-00074,E-03R-018-1-A,E,APP,floor,9,525,10,0,10,19,2025-06-01,C,B,True,0.907
2025-06-20,SKU-00075,E-03R-001-4-A,E,APP,sub_prime,63,525,5,1,4,11,2025-06-09,C,B,True,1.159
2025-06-20,SKU-00076,C-03R-008-3-B,C,APP,prime,45,275,107,13,94,6,2025-06-14,A,A,False,7.447
2025-06-20,SKU-00077,D-04L-002-2-B,D,APP,prime,27,400,18,1,17,11,2025-06-09,C,B,True,1.171
2025-06-20,SKU-00078,C-03R-013-4-A,C,APP,sub_prime,63,275,9,1,8,13,2025-06-07,B,B,False,1.227
2025-06-20,SKU-00079,A-03R-013-2-B,A,APP,prime,27,50,178,14,164,9,2025-06-11,A,A,False,17.365
2025-06-20,SKU-00080,D-04R-012-4-B,D,APP,sub_prime,63,400,6,1,5,7,2025-06-13,C,B,True,1.08
2025-06-20,SKU-00081,D-04R-008-3-B,D,APP,prime,45,400,9,0,9,6,2025-06-14,C,B,True,1.005
2025-06-20,SKU-00082,D-03L-010-2-B,D,APP,prime,27,400,10,0,10,9,2025-06-11,C,B,True,1.001
2025-06-20,SKU-00083,D-03R-008-4-B,D,APP,sub_prime,63,400,20,0,20,15,2025-06-05,B,B,False,1.424
2025-06-20,SKU-00084,A-03L-015-3-A,A,APP,prime,45,50,273,23,250,15,2025-06-05,A,A,False,20.819
2025-06-20,SKU-00085,E-04L-002-1-B,E,APP,floor,9,525,9,0,9,7,2025-06-13,C,B,True,0.879
2025-06-20,SKU-00086,E-03L-006-4-B,E,APP,sub_prime,63,525,21,0,21,18,2025-06-02,C,B,True,1.167
2025-06-20,SKU-00087,A-04L-011-4-A,A,APP,sub_prime,63,50,64,15,49,15,2025-06-05,A,A,False,9.633
2025-06-20,SKU-00088,C-03L-003-1-A,C,APP,floor,9,275,9,0,9,13,2025-06-07,C,B,True,0.915
2025-06-20,SKU-00089,D-03L-006-1-A,D,APP,floor,9,400,10,0,10,7,2025-06-13,C,B,True,0.784
2025-06-20,SKU-00090,C-04R-005-2-A,C,APP,prime,27,275,259,19,240,18,2025-06-02,A,A,False,15.126
2025-06-20,SKU-00091,D-03R-010-2-A,D,APP,prime,27,400,33,1,32,12,2025-06-08,B,B,False,1.709
2025-06-20,SKU-00092,C-03R-008-2-B,C,APP,prime,27,275,4,0,4,6,2025-06-14,C,B,True,0.803
2025-06-20,SKU-00093,B-04L-018-1-A,B,APP,floor,9,150,11,0,11,18,2025-06-02,B,B,False,1.681
2025-06-20,SKU-00094,D-03L-017-2-B,D,APP,prime,27,400,23,5,18,18,2025-06-02,B,A,True,4.08
2025-06-20,SKU-00095,C-03L-015-3-B,C,APP,prime,45,275,15,2,13,15,2025-06-05,B,B,False,2.255
2025-06-20,SKU-00096,C-03R-002-1-A,C,APP,floor,9,275,14,0,14,13,2025-06-07,B,B,False,2.44
2025-06-20,SKU-00097,B-04R-020-1-B,B,APP,floor,9,150,19,1,18,12,2025-06-08,B,B,False,1.23
2025-06-20,SKU-00098,E-03L-010-4-B,E,APP,sub_prime,63,525,12,0,12,1,2025-06-19,C,B,True,0.906
2025-06-20,SKU-00099,B-04L-002-2-A,B,APP,prime,27,150,10,2,8,1,2025-06-19,B,B,False,2.143
2025-06-20,SKU-00100,D-04L-002-4-A,D,APP,sub_prime,63,400,15,1,14,2,2025-06-18,B,B,False,2.627
2025-06-20,SKU-00101,B-04L-005-3-B,B,APP,prime,45,150,12,1,11,4,2025-06-16,B,B,False,1.403
2025-06-20,SKU-00102,D-03R-015-4-A,D,APP,sub_prime,63,400,19,1,18,2,2025-06-18,C,B,True,1.125
2025-06-20,SKU-00103,C-04L-019-1-B,C,APP,floor,9,275,26,0,26,5,2025-06-15,B,B,False,1.339
2025-06-20,SKU-00104,D-03R-018-4-B,D,APP,sub_prime,63,400,6,0,6,1,2025-06-19,C,B,True,0.936
2025-06-20,SKU-00105,D-03R-006-3-A,D,APP,prime,45,400,39,1,38,15,2025-06-05,B,B,False,2.075
2025-06-20,SKU-00106,E-04L-016-3-B,E,APP,prime,45,525,15,0,15,11,2025-06-09,C,B,True,0.999
2025-06-20,SKU-00107,E-04R-008-4-A,E,APP,sub_prime,63,525,14,1,13,1,2025-06-19,C,B,True,1.169
2025-06-20,SKU-00108,B-03L-019-4-A,B,APP,sub_prime,63,150,38,3,35,16,2025-06-04,B,B,False,2.479
2025-06-20,SKU-00109,E-03R-015-2-A,E,APP,prime,27,525,11,0,11,10,2025-06-10,C,B,True,0.819
2025-06-20,SKU-00110,C-03L-009-1-A,C,APP,floor,9,275,18,0,18,9,2025-06-11,B,B,False,1.459
2025-06-20,SKU-00111,E-04L-010-2-A,E,APP,prime,27,525,59,2,57,9,2025-06-11,B,A,True,3.524
2025-06-20,SKU-00112,B-04L-009-4-A,B,APP,sub_prime,63,150,27,0,27,17,2025-06-03,B,B,False,2.02
2025-06-20,SKU-00113,D-04L-006-2-A,D,APP,prime,27,400,13,0,13,6,2025-06-14,C,B,True,0.806
2025-06-20,SKU-00114,A-03L-010-3-B,A,APP,prime,45,50,95,1,94,1,2025-06-19,A,A,False,5.254
2025-06-20,SKU-00115,D-03L-020-2-A,D,APP,prime,27,400,12,0,12,12,2025-06-08,C,B,True,1.193
2025-06-20,SKU-00116,D-04L-005-1-B,D,APP,floor,9,400,19,0,19,17,2025-06-03,C,B,True,0.988
2025-06-20,SKU-00117,D-04R-011-1-A,D,APP,floor,9,400,39,0,39,16,2025-06-04,B,B,False,2.374
2025-06-20,SKU-00118,E-04R-005-1-B,E,APP,floor,9,525,45,0,45,7,2025-06-13,B,A,True,2.667
2025-06-20,SKU-00119,C-04R-015-2-A,C,APP,prime,27,275,22,1,21,18,2025-06-02,B,B,False,1.466
2025-06-20,SKU-00120,D-03L-019-3-A,D,APP,prime,45,400,32,2,30,1,2025-06-19,B,B,False,1.684
2025-06-20,SKU-00121,C-03L-005-4-B,C,APP,sub_prime,63,275,27,3,24,18,2025-06-02,B,B,False,2.514
2025-06-20,SKU-00122,C-04R-016-2-B,C,APP,prime,27,275,13,0,13,1,2025-06-19,C,B,True,0.937
2025-06-20,SKU-00123,D-03L-019-4-B,D,APP,sub_prime,63,400,12,0,12,18,2025-06-02,C,B,True,0.837
2025-06-20,SKU-00124,C-03L-012-3-A,C,APP,prime,45,275,7,0,7,14,2025-06-06,B,B,False,1.224
2025-06-20,SKU-00125,A-04L-010-3-B,A,APP,prime,45,50,85,4,81,17,2025-06-03,B,A,True,4.42
2025-06-20,SKU-00126,D-04L-020-2-A,D,APP,prime,27,400,33,1,32,15,2025-06-05,B,B,False,1.657
2025-06-20,SKU-00127,D-04L-003-3-B,D,APP,prime,45,400,9,1,8,8,2025-06-12,C,B,True,1.078
2025-06-20,SKU-00128,C-04L-001-2-A,C,APP,prime,27,275,12,0,12,12,2025-06-08,C,B,True,0.83
2025-06-20,SKU-00129,C-03L-018-4-B,C,APP,sub_prime,63,275,20,1,19,10,2025-06-10,C,B,True,1.012
2025-06-20,SKU-00130,A-03R-001-2-A,A,APP,prime,27,50,68,2,66,13,2025-06-07,A,A,False,4.865
2025-06-20,SKU-00131,C-04R-005-3-A,C,APP,prime,45,275,39,1,38,15,2025-06-05,B,A,True,3.066
2025-06-20,SKU-00132,A-04R-016-4-B,A,APP,sub_prime,63,50,352,3,349,12,2025-06-08,A,A,False,36.19
2025-06-20,SKU-00133,D-03L-016-3-A,D,APP,prime,45,400,11,0,11,1,2025-06-19,C,B,True,0.898
2025-06-20,SKU-00134,E-04R-012-1-B,E,APP,floor,9,525,9,0,9,9,2025-06-11,C,B,True,1.138
2025-06-20,SKU-00135,C-04R-004-2-B,C,APP,prime,27,275,15,0,15,16,2025-06-04,B,B,False,1.641
2025-06-20,SKU-00136,C-03R-001-4-B,C,APP,sub_prime,63,275,18,0,18,5,2025-06-15,B,B,False,1.463
2025-06-20,SKU-00137,B-03R-003-1-B,B,APP,floor,9,150,171,21,150,1,2025-06-19,A,A,False,13.98
2025-06-20,SKU-00138,A-04R-012-4-A,A,APP,sub_prime,63,50,33,5,28,7,2025-06-13,B,A,True,4.466
2025-06-20,SKU-00139,B-04L-007-4-A,B,APP,sub_prime,63,150,21,2,19,14,2025-06-06,B,B,False,1.701
2025-06-20,SKU-00140,C-03R-009-1-B,C,APP,floor,9,275,6,0,6,9,2025-06-11,C,B,True,0.83
2025-06-20,SKU-00141,E-04R-004-1-B,E,APP,floor,9,525,12,0,12,4,2025-06-16,C,B,True,0.968
2025-06-20,SKU-00142,C-03L-011-4-A,C,APP,sub_prime,63,275,40,1,39,16,2025-06-04,B,B,False,2.334
2025-06-20,SKU-00143,D-03L-002-1-B,D,APP,floor,9,400,15,0,15,16,2025-06-04,C,B,True,0.852
2025-06-20,SKU-00144,C-04L-007-2-B,C,APP,prime,27,275,13,1,12,11,2025-06-09,B,B,False,1.365
2025-06-20,SKU-00145,D-03R-005-2-A,D,APP,prime,27,400,64,8,56,16,2025-06-04,A,A,False,6.443
2025-06-20,SKU-00146,E-03R-002-2-B,E,APP,prime,27,525,13,0,13,13,2025-06-07,C,B,True,0.819
2025-06-20,SKU-00147,D-04L-019-3-B,D,APP,prime,45,400,6,0,6,14,2025-06-06,C,B,True,0.894
2025-06-20,SKU-00148,D-04L-008-4-A,D,APP,sub_prime,63,400,90,6,84,5,2025-06-15,B,A,True,4.472
2025-06-20,SKU-00149,C-03R-009-3-A,C,APP,prime,45,275,19,0,19,15,2025-06-05,B,B,False,2.086
2025-06-20,SKU-00150,B-03L-004-2-A,B,APP,prime,27,150,123,2,121,12,2025-06-08,A,A,False,7.638
2025-06-20,SKU-00151,D-04R-003-4-B,D,APP,sub_prime,63,400,32,0,32,11,2025-06-09,B,B,False,1.733
2025-06-20,SKU-00152,D-03L-002-2-A,D,APP,prime,27,400,18,0,18,14,2025-06-06,C,B,True,0.934
2025-06-20,SKU-00153,D-03L-012-4-A,D,APP,sub_prime,63,400,17,2,15,19,2025-06-01,B,A,True,3.224
2025-06-20,SKU-00154,D-03R-007-1-A,D,APP,floor,9,400,14,3,11,5,2025-06-15,B,B,False,2.06
2025-06-20,SKU-00155,B-04L-020-3-A,B,APP,prime,45,150,19,2,17,7,2025-06-13,B,B,False,2.121
2025-06-20,SKU-00156,B-03R-020-4-A,B,APP,sub_prime,63,150,8,1,7,16,2025-06-04,B,B,False,1.264
2025-06-20,SKU-00157,D-04R-011-3-A,D,APP,prime,45,400,13,1,12,16,2025-06-04,C,B,True,1.032
2025-06-20,SKU-00158,C-04L-010-3-A,C,APP,prime,45,275,79,2,77,5,2025-06-15,B,A,True,3.939
2025-06-20,SKU-00159,C-03R-009-1-A,C,APP,floor,9,275,36,0,36,13,2025-06-07,B,B,False,1.858
2025-06-20,SKU-00160,A-04R-008-2-B,A,APP,prime,27,50,43,5,38,12,2025-06-08,B,A,True,4.638
2025-06-20,SKU-00161,E-03R-003-1-B,E,APP,floor,9,525,12,0,12,1,2025-06-19,C,B,True,1.06
2025-06-20,SKU-00162,C-03R-006-1-B,C,APP,floor,9,275,62,0,62,20,2025-05-31,B,A,True,4.137
2025-06-20,SKU-00163,C-04R-014-1-A,C,APP,floor,9,275,25,0,25,3,2025-06-17,B,B,False,1.297
2025-06-20,SKU-00164,D-03R-009-4-B,D,APP,sub_prime,63,400,24,2,22,13,2025-06-07,B,B,False,1.842
2025-06-20,SKU-00165,E-04L-009-1-B,E,APP,floor,9,525,18,1,17,17,2025-06-03,C,B,True,1.131
2025-06-20,SKU-00166,E-03L-010-1-B,E,APP,floor,9,525,16,0,16,2,2025-06-18,C,B,True,1.142
2025-06-20,SKU-00167,A-03L-015-1-A,A,APP,floor,9,50,129,13,116,18,2025-06-02,A,A,False,12.332
2025-06-20,SKU-00168,E-03L-011-2-B,E,APP,prime,27,525,11,0,11,17,2025-06-03,C,B,True,1.043
2025-06-20,SKU-00169,B-03R-010-4-B,B,APP,sub_prime,63,150,24,1,23,18,2025-06-02,B,B,False,1.668
2025-06-20,SKU-00170,A-03L-012-1-A,A,APP,floor,9,50,47,3,44,5,2025-06-15,B,A,True,2.796
2025-06-20,SKU-00171,B-04L-006-1-A,B,APP,floor,9,150,42,1,41,19,2025-06-01,B,A,True,3.103
2025-06-20,SKU-00172,C-03L-005-2-A,C,APP,prime,27,275,11,1,10,12,2025-06-08,B,B,False,1.29
2025-06-20,SKU-00173,D-04R-017-3-B,D,APP,prime,45,400,6,0,6,4,2025-06-16,C,B,True,1.028
2025-06-20,SKU-00174,C-04R-003-2-A,C,APP,prime,27,275,6,1,5,16,2025-06-04,B,B,False,1.227
2025-06-20,SKU-00175,D-03R-007-2-A,D,APP,prime,27,400,12,0,12,7,2025-06-13,B,B,False,1.45
2025-06-20,SKU-00176,E-03L-018-3-A,E,APP,prime,45,525,14,1,13,13,2025-06-07,C,B,True,1.045
2025-06-20,SKU-00177,E-03L-014-4-B,E,APP,sub_prime,63,525,16,0,16,14,2025-06-06,C,B,True,0.983
2025-06-20,SKU-00178,C-04L-017-1-B,C,APP,floor,9,275,7,1,6,16,2025-06-04,B,B,False,1.252
2025-06-20,SKU-00179,E-03R-004-2-A,E,APP,prime,27,525,5,1,4,15,2025-06-05,C,B,True,1.086
2025-06-20,SKU-00180,B-03L-010-1-A,B,APP,floor,9,150,231,3,228,17,2025-06-03,A,A,False,11.735
2025-06-20,SKU-00181,E-04R-013-2-B,E,APP,prime,27,525,7,1,6,6,2025-06-14,C,B,True,1.002
2025-06-20,SKU-00182,D-04L-005-4-B,D,APP,sub_prime,63,400,13,2,11,16,2025-06-04,B,B,False,1.94
2025-06-20,SKU-00183,B-04R-001-1-B,B,APP,floor,9,150,46,5,41,7,2025-06-13,A,A,False,8.051
2025-06-20,SKU-00184,E-03R-012-3-B,E,APP,prime,45,525,6,0,6,13,2025-06-07,C,B,True,0.783
2025-06-20,SKU-00185,E-04L-009-2-B,E,APP,prime,27,525,18,1,17,7,2025-06-13,C,B,True,1.145
2025-06-20,SKU-00186,B-04L-014-3-A,B,APP,prime,45,150,32,2,30,20,2025-05-31,B,B,False,1.827
2025-06-20,SKU-00187,B-03L-002-1-B,B,APP,floor,9,150,40,1,39,6,2025-06-14,B,B,False,1.971
2025-06-20,SKU-00188,E-03R-013-2-B,E,APP,prime,27,525,4,0,4,6,2025-06-14,C,B,True,0.828
2025-06-20,SKU-00189,C-03R-016-3-A,C,APP,prime,45,275,11,1,10,14,2025-06-06,B,B,False,1.238
2025-06-20,SKU-00190,B-04R-017-1-B,B,APP,floor,9,150,38,1,37,20,2025-05-31,B,B,False,2.147
2025-06-20,SKU-00191,D-03R-007-4-B,D,APP,sub_prime,63,400,38,2,36,19,2025-06-01,B,B,False,1.933
2025-06-20,SKU-00192,C-04L-009-4-A,C,APP,sub_prime,63,275,24,3,21,8,2025-06-12,B,B,False,2.18
2025-06-20,SKU-00193,C-04R-016-2-A,C,APP,prime,27,275,19,2,17,13,2025-06-07,B,B,False,2.006
2025-06-20,SKU-00194,C-03R-007-2-A,C,APP,prime,27,275,21,2,19,11,2025-06-09,B,B,False,1.921
2025-06-20,SKU-00195,C-03L-014-2-B,C,APP,prime,27,275,5,0,5,20,2025-05-31,C,B,True,0.989
2025-06-20,SKU-00196,D-04L-015-4-B,D,APP,sub_prime,63,400,36,1,35,17,2025-06-03,B,B,False,2.405
2025-06-20,SKU-00197,E-03R-011-4-A,E,APP,sub_prime,63,525,22,0,22,11,2025-06-09,B,B,False,1.338
2025-06-20,SKU-00198,D-03L-017-1-A,D,APP,floor,9,400,15,0,15,17,2025-06-03,B,B,False,1.403
2025-06-20,SKU-00199,B-03R-020-4-B,B,APP,sub_prime,63,150,63,1,62,17,2025-06-03,B,A,True,3.161
2025-06-20,SKU-00200,D-04L-009-1-B,D,APP,floor,9,400,14,1,13,8,2025-06-12,C,B,True,1.055
2025-06-20,SKU-00201,C-04L-017-3-A,C,APP,prime,45,275,20,1,19,20,2025-05-31,B,B,False,1.436
2025-06-20,SKU-00202,C-04L-012-3-A,C,APP,prime,45,275,27,1,26,5,2025-06-15,B,A,True,3.344
2025-06-20,SKU-00203,B-03L-001-4-B,B,APP,sub_prime,63,150,89,5,84,3,2025-06-17,B,A,True,4.649
2025-06-20,SKU-00204,C-03L-012-4-B,C,APP,sub_prime,63,275,9,0,9,14,2025-06-06,C,B,True,1.063
2025-06-20,SKU-00205,C-03L-016-1-A,C,APP,floor,9,275,42,2,40,3,2025-06-17,B,B,False,2.25
2025-06-20,SKU-00206,D-03L-011-4-B,D,APP,sub_prime,63,400,21,1,20,16,2025-06-04,C,B,True,1.064
2025-06-20,SKU-00207,D-03L-002-4-B,D,APP,sub_prime,63,400,13,0,13,18,2025-06-02,C,B,True,0.803
2025-06-20,SKU-00208,E-04L-002-2-A,E,APP,prime,27,525,9,0,9,20,2025-05-31,C,B,True,0.96
2025-06-20,SKU-00209,E-03R-016-1-B,E,APP,floor,9,525,10,0,10,5,2025-06-15,B,B,False,1.232
2025-06-20,SKU-00210,C-04L-013-2-B,C,APP,prime,27,275,17,0,17,13,2025-06-07,B,A,True,3.498
2025-06-20,SKU-00211,D-03L-013-1-A,D,APP,floor,9,400,15,0,15,20,2025-05-31,C,B,True,0.838
2025-06-20,SKU-00212,D-04R-006-2-A,D,APP,prime,27,400,27,1,26,4,2025-06-16,B,B,False,1.467
2025-06-20,SKU-00213,C-03R-001-3-B,C,APP,prime,45,275,13,1,12,18,2025-06-02,C,B,True,1.034
2025-06-20,SKU-00214,D-03L-001-1-B,D,APP,floor,9,400,51,0,51,14,2025-06-06,B,A,True,3.674
2025-06-20,SKU-00215,B-04L-015-1-B,B,APP,floor,9,150,57,7,50,16,2025-06-04,A,A,False,8.473
2025-06-20,SKU-00216,E-03R-003-4-A,E,APP,sub_prime,63,525,14,0,14,8,2025-06-12,C,B,True,0.917
2025-06-20,SKU-00217,C-03L-019-3-B,C,APP,prime,45,275,119,3,116,5,2025-06-15,A,A,False,7.376
2025-06-20,SKU-00218,E-03R-016-4-A,E,APP,sub_prime,63,525,17,0,17,11,2025-06-09,C,B,True,0.944
2025-06-20,SKU-00219,C-03L-004-1-B,C,APP,floor,9,275,17,1,16,7,2025-06-13,C,B,True,1.015
2025-06-20,SKU-00220,E-03R-006-4-B,E,APP,sub_prime,63,525,12,0,12,13,2025-06-07,C,B,True,0.872
2025-06-20,SKU-00221,C-03R-004-1-A,C,APP,floor,9,275,16,0,16,20,2025-05-31,C,B,True,1.105
2025-06-20,SKU-00222,D-03R-006-4-A,D,APP,sub_prime,63,400,18,0,18,14,2025-06-06,C,B,True,0.952
2025-06-20,SKU-00223,C-03L-006-3-A,C,APP,prime,45,275,22,0,22,19,2025-06-01,B,B,False,1.355
2025-06-20,SKU-00224,E-04L-008-2-A,E,APP,prime,27,525,12,0,12,18,2025-06-02,C,B,True,1.1
2025-06-20,SKU-00225,E-04R-016-4-A,E,APP,sub_prime,63,525,6,1,5,10,2025-06-10,C,B,True,1.21
2025-06-20,SKU-00226,B-04R-015-1-A,B,APP,floor,9,150,26,3,23,5,2025-06-15,B,A,True,3.9
2025-06-20,SKU-00227,E-03R-005-3-A,E,APP,prime,45,525,10,0,10,2,2025-06-18,C,B,True,1.198
2025-06-20,SKU-00228,E-04L-013-2-A,E,APP,prime,27,525,37,0,37,12,2025-06-08,B,B,False,2.377
2025-06-20,SKU-00229,A-04R-007-2-A,A,APP,prime,27,50,109,1,108,4,2025-06-16,A,A,False,9.286
2025-06-20,SKU-00230,C-04R-006-1-B,C,APP,floor,9,275,24,1,23,11,2025-06-09,B,B,False,1.496
2025-06-20,SKU-00231,A-03R-007-2-B,A,APP,prime,27,50,18,2,16,1,2025-06-19,B,B,False,1.688
2025-06-20,SKU-00232,B-04R-020-3-A,B,APP,prime,45,150,127,7,120,10,2025-06-10,A,A,False,6.574
2025-06-20,SKU-00233,D-04L-018-2-B,D,APP,prime,27,400,12,0,12,4,2025-06-16,C,B,True,0.8
2025-06-20,SKU-00234,E-04L-018-3-B,E,APP,prime,45,525,13,0,13,17,2025-06-03,C,B,True,1.026
2025-06-20,SKU-00235,E-04L-018-4-B,E,APP,sub_prime,63,525,6,0,6,20,2025-05-31,C,B,True,1.13
2025-06-20,SKU-00236,D-03L-015-4-B,D,APP,sub_prime,63,400,9,1,8,19,2025-06-01,C,B,True,1.056
2025-06-20,SKU-00237,B-03L-005-1-B,B,APP,floor,9,150,28,1,27,17,2025-06-03,B,B,False,1.406
2025-06-20,SKU-00238,C-03L-008-2-A,C,APP,prime,27,275,11,2,9,12,2025-06-08,B,B,False,2.097
2025-06-20,SKU-00239,A-04L-019-1-B,A,APP,floor,9,50,222,35,187,12,2025-06-08,A,A,False,28.265
2025-06-20,SKU-00240,B-04L-009-4-B,B,APP,sub_prime,63,150,47,2,45,7,2025-06-13,B,A,True,2.725
2025-06-20,SKU-00241,D-04R-016-4-B,D,APP,sub_prime,63,400,11,0,11,6,2025-06-14,B,B,False,1.964
2025-06-20,SKU-00242,E-04R-004-2-B,E,APP,prime,27,525,7,0,7,11,2025-06-09,C,B,True,1.156
2025-06-20,SKU-00243,A-04L-017-4-B,A,APP,sub_prime,63,50,40,2,38,4,2025-06-16,B,B,False,2.304
2025-06-20,SKU-00244,C-04R-017-1-B,C,APP,floor,9,275,25,1,24,3,2025-06-17,B,B,False,1.4
2025-06-20,SKU-00245,E-03R-004-4-B,E,APP,sub_prime,63,525,4,0,4,10,2025-06-10,C,B,True,0.821
2025-06-20,SKU-00246,E-03L-001-3-A,E,APP,prime,45,525,16,2,14,6,2025-06-14,B,B,False,1.88
2025-06-20,SKU-00247,B-04R-005-3-B,B,APP,prime,45,150,21,2,19,13,2025-06-07,B,B,False,1.914
2025-06-20,SKU-00248,B-04R-005-4-A,B,APP,sub_prime,63,150,117,12,105,16,2025-06-04,A,A,False,12.451
2025-06-20,SKU-00249,E-03L-015-3-A,E,APP,prime,45,525,8,0,8,5,2025-06-15,C,B,True,0.986
2025-06-20,SKU-00250,B-04R-008-1-B,B,APP,floor,9,150,24,0,24,3,2025-06-17,B,B,False,1.377
2025-06-20,SKU-00251,B-03R-014-3-B,B,APP,prime,45,150,59,9,50,11,2025-06-09,A,A,False,5.247
2025-06-20,SKU-00252,E-03L-020-4-A,E,APP,sub_prime,63,525,20,1,19,7,2025-06-13,C,B,True,1.001
2025-06-20,SKU-00253,C-03R-003-3-B,C,APP,prime,45,275,55,5,50,9,2025-06-11,B,A,True,3.782
2025-06-20,SKU-00254,A-04L-020-4-A,A,APP,sub_prime,63,50,61,3,58,4,2025-06-16,A,A,False,10.006
2025-06-20,SKU-00255,D-03R-005-2-B,D,APP,prime,27,400,12,1,11,17,2025-06-03,B,B,False,1.388
2025-06-20,SKU-00256,A-03R-007-2-A,A,APP,prime,27,50,7,0,7,15,2025-06-05,C,B,True,1.0
2025-06-20,SKU-00257,D-04R-005-2-B,D,APP,prime,27,400,18,0,18,2,2025-06-18,C,B,True,1.073
2025-06-20,SKU-00258,D-03R-010-4-A,D,APP,sub_prime,63,400,34,3,31,19,2025-06-01,B,B,False,2.39
2025-06-20,SKU-00259,E-04R-013-1-B,E,APP,floor,9,525,10,1,9,18,2025-06-02,C,B,True,1.166
2025-06-20,SKU-00260,C-03L-011-2-B,C,APP,prime,27,275,46,3,43,7,2025-06-13,B,B,False,2.539
2025-06-20,SKU-00261,D-04R-011-1-B,D,APP,floor,9,400,5,1,4,16,2025-06-04,C,B,True,1.044
2025-06-20,SKU-00262,C-03R-011-1-A,C,APP,floor,9,275,28,1,27,14,2025-06-06,B,B,False,1.759
2025-06-20,SKU-00263,C-03R-002-3-B,C,APP,prime,45,275,23,1,22,17,2025-06-03,B,B,False,1.698
2025-06-20,SKU-00264,C-03L-008-1-B,C,APP,floor,9,275,144,11,133,6,2025-06-14,A,A,False,8.4
2025-06-20,SKU-00265,D-04L-009-4-B,D,APP,sub_prime,63,400,16,0,16,5,2025-06-15,C,B,True,0.813
2025-06-20,SKU-00266,D-03R-006-2-A,D,APP,prime,27,400,12,0,12,3,2025-06-17,C,B,True,1.051
2025-06-20,SKU-00267,B-03R-013-4-A,B,APP,sub_prime,63,150,40,1,39,20,2025-05-31,B,A,True,3.232
2025-06-20,SKU-00268,E-03L-013-1-A,E,APP,floor,9,525,27,3,24,16,2025-06-04,B,B,False,2.101
2025-06-20,SKU-00269,D-03R-003-1-A,D,APP,floor,9,400,9,0,9,8,2025-06-12,B,B,False,1.263
2025-06-20,SKU-00270,A-03R-009-2-A,A,APP,prime,27,50,3,0,3,7,2025-06-13,C,B,True,0.785
2025-06-20,SKU-00271,C-03L-018-3-A,C,APP,prime,45,275,13,1,12,4,2025-06-16,C,B,True,1.04
2025-06-20,SKU-00272,C-04L-017-4-B,C,APP,sub_prime,63,275,14,0,14,15,2025-06-05,C,B,True,0.924
2025-06-20,SKU-00273,E-04L-002-1-A,E,APP,floor,9,525,12,0,12,3,2025-06-17,C,B,True,0.782
2025-06-20,SKU-00274,B-03R-019-3-B,B,APP,prime,45,150,20,0,20,10,2025-06-10,B,B,False,1.363
2025-06-20,SKU-00275,C-04L-013-2-A,C,APP,prime,27,275,23,1,22,6,2025-06-14,B,B,False,1.594
2025-06-20,SKU-00276,B-03R-014-2-B,B,APP,prime,27,150,21,3,18,13,2025-06-07,B,A,True,3.639
2025-06-20,SKU-00277,D-04R-011-2-B,D,APP,prime,27,400,3,0,3,18,2025-06-02,C,B,True,0.796
2025-06-20,SKU-00278,E-04R-012-4-A,E,APP,sub_prime,63,525,24,1,23,7,2025-06-13,B,B,False,1.34
2025-06-20,SKU-00279,E-04R-003-3-B,E,APP,prime,45,525,13,0,13,11,2025-06-09,C,B,True,0.85
2025-06-20,SKU-00280,D-03L-010-1-A,D,APP,floor,9,400,12,0,12,2,2025-06-18,C,B,True,0.985
2025-06-20,SKU-00281,D-03L-011-1-A,D,APP,floor,9,400,8,0,8,18,2025-06-02,C,B,True,0.783
2025-06-20,SKU-00282,D-04R-002-2-B,D,APP,prime,27,400,31,1,30,16,2025-06-04,B,B,False,1.759
2025-06-20,SKU-00283,D-04L-020-3-A,D,APP,prime,45,400,17,0,17,15,2025-06-05,C,B,True,1.042
2025-06-20,SKU-00284,B-03R-012-4-A,B,APP,sub_prime,63,150,12,0,12,9,2025-06-11,C,B,True,0.827
2025-06-20,SKU-00285,D-03R-006-2-B,D,APP,prime,27,400,11,0,11,6,2025-06-14,B,B,False,1.317
2025-06-20,SKU-00286,E-04L-017-4-B,E,APP,sub_prime,63,525,8,1,7,6,2025-06-14,B,B,False,1.333
2025-06-20,SKU-00287,B-03L-007-4-A,B,APP,sub_prime,63,150,7,0,7,9,2025-06-11,C,B,True,1.038
2025-06-20,SKU-00288,C-03R-006-2-A,C,APP,prime,27,275,38,3,35,19,2025-06-01,B,B,False,2.389
2025-06-20,SKU-00289,B-04R-011-2-A,B,APP,prime,27,150,15,1,14,6,2025-06-14,B,B,False,1.32
2025-06-20,SKU-00290,A-03L-003-2-A,A,APP,prime,27,50,40,1,39,4,2025-06-16,A,A,False,6.127
2025-06-20,SKU-00291,A-04L-017-2-A,A,APP,prime,27,50,52,9,43,18,2025-06-02,A,A,False,7.839
2025-06-20,SKU-00292,E-04L-005-2-B,E,APP,prime,27,525,14,0,14,9,2025-06-11,C,B,True,0.79
2025-06-20,SKU-00293,C-03L-006-1-A,C,APP,floor,9,275,40,0,40,6,2025-06-14,B,A,True,2.697
2025-06-20,SKU-00294,D-03R-020-3-A,D,APP,prime,45,400,15,0,15,10,2025-06-10,C,B,True,0.954
2025-06-20,SKU-00295,C-03L-014-1-A,C,APP,floor,9,275,48,2,46,14,2025-06-06,B,B,False,2.343
2025-06-20,SKU-00296,B-03R-006-4-A,B,APP,sub_prime,63,150,67,3,64,3,2025-06-17,B,A,True,3.972
2025-06-20,SKU-00297,E-03R-013-1-B,E,APP,floor,9,525,12,0,12,5,2025-06-15,B,B,False,1.601
2025-06-20,SKU-00298,B-04L-002-2-B,B,APP,prime,27,150,24,1,23,2,2025-06-18,B,B,False,1.225
2025-06-20,SKU-00299,D-04R-001-2-A,D,APP,prime,27,400,7,0,7,4,2025-06-16,C,B,True,0.787
2025-06-20,SKU-00300,D-04R-019-3-B,D,APP,prime,45,400,25,1,24,3,2025-06-17,B,B,False,1.995
2025-06-20,SKU-00301,C-04R-007-4-B,C,APP,sub_prime,63,275,18,2,16,3,2025-06-17,B,B,False,1.599
2025-06-20,SKU-00302,D-03L-005-1-B,D,APP,floor,9,400,6,0,6,4,2025-06-16,C,B,True,0.779
2025-06-20,SKU-00303,B-03L-008-1-A,B,APP,floor,9,150,163,11,152,19,2025-06-01,A,A,False,14.449
2025-06-20,SKU-00304,D-03L-017-4-B,D,APP,sub_prime,63,400,20,0,20,18,2025-06-02,C,B,True,1.118
2025-06-20,SKU-00305,B-04R-006-2-B,B,APP,prime,27,150,5,0,5,15,2025-06-05,C,B,True,0.818
2025-06-20,SKU-00306,D-04L-005-2-A,D,APP,prime,27,400,12,0,12,4,2025-06-16,C,B,True,0.929
2025-06-20,SKU-00307,C-03L-017-3-A,C,APP,prime,45,275,17,0,17,15,2025-06-05,C,B,True,0.925
2025-06-20,SKU-00308,C-04L-006-4-B,C,APP,sub_prime,63,275,45,0,45,6,2025-06-14,B,B,False,2.392
2025-06-20,SKU-00309,B-04R-014-2-A,B,APP,prime,27,150,42,0,42,7,2025-06-13,B,B,False,2.622
2025-06-20,SKU-00310,C-04L-017-3-B,C,APP,prime,45,275,12,0,12,9,2025-06-11,C,B,True,0.884
2025-06-20,SKU-00311,E-04L-015-4-A,E,APP,sub_prime,63,525,15,0,15,18,2025-06-02,C,B,True,0.895
2025-06-20,SKU-00312,D-03R-009-1-A,D,APP,floor,9,400,8,0,8,7,2025-06-13,C,B,True,0.88
2025-06-20,SKU-00313,E-03L-011-4-A,E,APP,sub_prime,63,525,8,0,8,15,2025-06-05,C,B,True,0.9
2025-06-20,SKU-00314,B-03R-010-3-B,B,APP,prime,45,150,12,1,11,9,2025-06-11,B,B,False,1.378
2025-06-20,SKU-00315,A-03R-020-4-A,A,APP,sub_prime,63,50,220,9,211,18,2025-06-02,A,A,False,11.257
2025-06-20,SKU-00316,E-04R-019-3-A,E,APP,prime,45,525,19,1,18,11,2025-06-09,C,B,True,1.051
2025-06-20,SKU-00317,A-03L-016-3-A,A,APP,prime,45,50,63,4,59,11,2025-06-09,A,A,False,5.797
2025-06-20,SKU-00318,A-04R-009-4-A,A,APP,sub_prime,63,50,71,6,65,3,2025-06-17,A,A,False,6.286
2025-06-20,SKU-00319,B-03R-003-2-B,B,APP,prime,27,150,16,0,16,18,2025-06-02,B,B,False,1.248
2025-06-20,SKU-00320,C-03R-015-3-A,C,APP,prime,45,275,4,0,4,18,2025-06-02,C,B,True,0.938
2025-06-20,SKU-00321,C-04R-010-2-B,C,APP,prime,27,275,35,1,34,7,2025-06-13,B,B,False,1.949
2025-06-20,SKU-00322,D-04R-016-3-A,D,APP,prime,45,400,17,0,17,12,2025-06-08,C,B,True,0.998
2025-06-20,SKU-00323,C-03L-007-4-A,C,APP,sub_prime,63,275,7,0,7,2,2025-06-18,C,B,True,0.851
2025-06-20,SKU-00324,C-03L-004-3-B,C,APP,prime,45,275,141,9,132,11,2025-06-09,A,A,False,8.882
2025-06-20,SKU-00325,D-04L-005-3-B,D,APP,prime,45,400,16,0,16,19,2025-06-01,C,B,True,0.946
2025-06-20,SKU-00326,B-04L-006-2-B,B,APP,prime,27,150,167,9,158,9,2025-06-11,A,A,False,8.985
2025-06-20,SKU-00327,D-04R-001-3-A,D,APP,prime,45,400,13,0,13,10,2025-06-10,C,B,True,0.791
2025-06-20,SKU-00328,C-03R-019-4-B,C,APP,sub_prime,63,275,27,2,25,6,2025-06-14,B,B,False,1.662
2025-06-20,SKU-00329,B-04L-006-3-A,B,APP,prime,45,150,35,2,33,3,2025-06-17,B,B,False,1.747
2025-06-20,SKU-00330,B-03L-002-1-A,B,APP,floor,9,150,39,1,38,2,2025-06-18,B,B,False,2.27
2025-06-20,SKU-00331,B-04L-003-2-B,B,APP,prime,27,150,10,0,10,19,2025-06-01,B,B,False,1.434
2025-06-20,SKU-00332,C-03L-010-3-B,C,APP,prime,45,275,33,3,30,3,2025-06-17,B,B,False,2.311
2025-06-20,SKU-00333,D-03R-016-2-B,D,APP,prime,27,400,7,1,6,13,2025-06-07,C,B,True,1.049
2025-06-20,SKU-00334,D-04R-020-4-A,D,APP,sub_prime,63,400,20,2,18,12,2025-06-08,B,B,False,2.321
2025-06-20,SKU-00335,E-04L-008-4-A,E,APP,sub_prime,63,525,12,0,12,14,2025-06-06,C,B,True,0.927
2025-06-20,SKU-00336,E-04R-018-4-A,E,APP,sub_prime,63,525,4,0,4,14,2025-06-06,C,B,True,0.824
2025-06-20,SKU-00337,D-04L-006-4-A,D,APP,sub_prime,63,400,25,1,24,12,2025-06-08,B,B,False,1.416
2025-06-20,SKU-00338,B-03R-012-3-B,B,APP,prime,45,150,24,1,23,10,2025-06-10,B,A,True,2.841
2025-06-20,SKU-00339,D-03L-002-3-A,D,APP,prime,45,400,30,1,29,14,2025-06-06,B,B,False,1.928
2025-06-20,SKU-00340,A-04L-017-1-A,A,APP,floor,9,50,35,0,35,9,2025-06-11,A,A,False,6.642
2025-06-20,SKU-00341,A-04R-007-1-A,A,APP,floor,9,50,108,9,99,7,2025-06-13,A,A,False,6.94
2025-06-20,SKU-00342,C-03R-007-4-A,C,APP,sub_prime,63,275,15,0,15,11,2025-06-09,B,B,False,2.049
2025-06-20,SKU-00343,E-04R-004-4-A,E,APP,sub_prime,63,525,5,0,5,19,2025-06-01,C,B,True,0.897
2025-06-20,SKU-00344,A-03L-006-2-B,A,APP,prime,27,50,62,4,58,1,2025-06-19,A,A,False,6.83
2025-06-20,SKU-00345,C-03R-006-3-B,C,APP,prime,45,275,224,16,208,15,2025-06-05,A,A,False,11.127
2025-06-20,SKU-00346,D-04R-020-2-A,D,APP,prime,27,400,8,0,8,15,2025-06-05,C,B,True,0.813
2025-06-20,SKU-00347,D-03R-018-2-B,D,APP,prime,27,400,21,2,19,1,2025-06-19,B,B,False,1.926
2025-06-20,SKU-00348,B-03R-013-4-B,B,APP,sub_prime,63,150,136,7,129,19,2025-06-01,A,A,False,8.239
2025-06-20,SKU-00349,E-04L-009-3-A,E,APP,prime,45,525,6,0,6,9,2025-06-11,C,B,True,0.783
2025-06-20,SKU-00350,E-04L-013-2-B,E,APP,prime,27,525,26,1,25,13,2025-06-07,B,B,False,2.438
2025-06-20,SKU-00351,D-04R-002-3-A,D,APP,prime,45,400,7,0,7,15,2025-06-05,C,B,True,0.933
2025-06-20,SKU-00352,D-04R-018-2-A,D,APP,prime,27,400,5,0,5,3,2025-06-17,C,B,True,0.85
2025-06-20,SKU-00353,A-04L-018-4-A,A,APP,sub_prime,63,50,284,2,282,19,2025-06-01,A,A,False,13.929
2025-06-20,SKU-00354,A-03R-003-1-B,A,APP,floor,9,50,153,4,149,15,2025-06-05,A,A,False,16.002
2025-06-20,SKU-00355,D-04R-012-4-A,D,APP,sub_prime,63,400,6,0,6,20,2025-05-31,C,B,True,0.872
2025-06-20,SKU-00356,A-04R-017-1-B,A,APP,floor,9,50,105,5,100,7,2025-06-13,A,A,False,5.062
2025-06-20,SKU-00357,D-04L-020-4-B,D,APP,sub_prime,63,400,15,1,14,12,2025-06-08,B,B,False,1.343
2025-06-20,SKU-00358,A-03L-008-1-B,A,APP,floor,9,50,65,7,58,15,2025-06-05,A,A,False,6.256
2025-06-20,SKU-00359,D-03L-009-4-B,D,APP,sub_prime,63,400,4,0,4,14,2025-06-06,C,B,True,0.903
2025-06-20,SKU-00360,D-04L-017-2-A,D,APP,prime,27,400,60,0,60,1,2025-06-19,B,A,True,2.942
2025-06-20,SKU-00361,D-04L-009-3-A,D,APP,prime,45,400,24,0,24,2,2025-06-18,B,B,False,1.493
2025-06-20,SKU-00362,C-03L-018-3-B,C,APP,prime,45,275,22,1,21,14,2025-06-06,C,B,True,1.166
2025-06-20,SKU-00363,D-04R-009-4-B,D,APP,sub_prime,63,400,13,0,13,5,2025-06-15,C,B,True,0.859
2025-06-20,SKU-00364,B-04L-018-3-B,B,APP,prime,45,150,28,0,28,3,2025-06-17,B,B,False,1.457
2025-06-20,SKU-00365,B-04R-018-2-B,B,APP,prime,27,150,19,1,18,3,2025-06-17,C,B,True,1.039
2025-06-20,SKU-00366,C-04L-008-3-A,C,APP,prime,45,275,22,6,16,19,2025-06-01,B,A,True,3.536
2025-06-20,SKU-00367,A-04L-014-1-B,A,APP,floor,9,50,117,1,116,17,2025-06-03,A,A,False,6.688
2025-06-20,SKU-00368,B-03L-004-4-A,B,APP,sub_prime,63,150,50,4,46,9,2025-06-11,B,A,True,2.71
2025-06-20,SKU-00369,D-03R-019-2-B,D,APP,prime,27,400,9,0,9,15,2025-06-05,C,B,True,0.971
2025-06-20,SKU-00370,A-03R-008-4-B,A,APP,sub_prime,63,50,74,13,61,17,2025-06-03,A,A,False,8.328
2025-06-20,SKU-00371,C-03L-010-1-B,C,APP,floor,9,275,17,0,17,3,2025-06-17,C,B,True,1.017
2025-06-20,SKU-00372,E-04R-002-4-A,E,APP,sub_prime,63,525,14,0,14,10,2025-06-10,C,B,True,0.892
2025-06-20,SKU-00373,C-04R-019-1-A,C,APP,floor,9,275,71,1,70,1,2025-06-19,B,A,True,4.426
2025-06-20,SKU-00374,B-03R-007-3-B,B,APP,prime,45,150,39,2,37,8,2025-06-12,B,B,False,2.404
2025-06-20,SKU-00375,D-04R-007-4-B,D,APP,sub_prime,63,400,33,4,29,15,2025-06-05,B,A,True,2.678
2025-06-20,SKU-00376,B-04L-004-2-B,B,APP,prime,27,150,289,55,234,2,2025-06-18,A,A,False,34.575
2025-06-20,SKU-00377,D-04R-014-2-A,D,APP,prime,27,400,10,0,10,2,2025-06-18,C,B,True,0.856
2025-06-20,SKU-00378,E-03L-009-1-A,E,APP,floor,9,525,18,0,18,2,2025-06-18,C,B,True,1.118
2025-06-20,SKU-00379,A-03R-020-4-B,A,APP,sub_prime,63,50,206,4,202,14,2025-06-06,A,A,False,10.757
2025-06-20,SKU-00380,D-03L-004-2-B,D,APP,prime,27,400,5,0,5,14,2025-06-06,C,B,True,0.979
2025-06-20,SKU-00381,E-03L-001-1-A,E,APP,floor,9,525,72,6,66,17,2025-06-03,B,A,True,3.734
2025-06-20,SKU-00382,B-03L-004-3-A,B,APP,prime,45,150,23,0,23,16,2025-06-04,B,B,False,1.316
2025-06-20,SKU-00383,E-04L-005-1-A,E,APP,floor,9,525,23,1,22,11,2025-06-09,B,B,False,1.509
2025-06-20,SKU-00384,C-04R-006-1-A,C,APP,floor,9,275,44,4,40,14,2025-06-06,B,A,True,4.274
2025-06-20,SKU-00385,B-04L-010-2-A,B,APP,prime,27,150,10,0,10,12,2025-06-08,B,B,False,1.478
2025-06-20,SKU-00386,D-03L-002-4-A,D,APP,sub_prime,63,400,9,1,8,1,2025-06-19,C,B,True,1.075
2025-06-20,SKU-00387,D-04R-004-4-B,D,APP,sub_prime,63,400,21,1,20,19,2025-06-01,B,B,False,1.78
2025-06-20,SKU-00388,B-03L-020-2-B,B,APP,prime,27,150,32,6,26,6,2025-06-14,A,A,False,4.877
2025-06-20,SKU-00389,E-03R-015-3-A,E,APP,prime,45,525,16,0,16,18,2025-06-02,C,B,True,0.811
2025-06-20,SKU-00390,C-03L-009-2-A,C,APP,prime,27,275,41,1,40,1,2025-06-19,B,A,True,3.8
2025-06-20,SKU-00391,C-04L-006-1-A,C,APP,floor,9,275,30,1,29,8,2025-06-12,B,B,False,2.448
2025-06-20,SKU-00392,B-03L-019-1-B,B,APP,floor,9,150,837,22,815,13,2025-06-07,A,A,False,42.091
2025-06-20,SKU-00393,D-03R-012-1-A,D,APP,floor,9,400,15,0,15,12,2025-06-08,C,B,True,0.871
2025-06-20,SKU-00394,B-03R-010-2-A,B,APP,prime,27,150,44,4,40,5,2025-06-15,B,A,True,3.177
2025-06-20,SKU-00395,D-04L-020-1-B,D,APP,floor,9,400,13,1,12,4,2025-06-16,C,B,True,1.032
2025-06-20,SKU-00396,C-04R-018-3-A,C,APP,prime,45,275,17,0,17,12,2025-06-08,C,B,True,0.86
2025-06-20,SKU-00397,C-04L-006-4-A,C,APP,sub_prime,63,275,94,4,90,20,2025-05-31,B,A,True,4.734
2025-06-20,SKU-00398,A-03R-017-1-A,A,APP,floor,9,50,34,2,32,12,2025-06-08,B,B,False,2.327
2025-06-20,SKU-00399,C-04L-002-3-B,C,APP,prime,45,275,28,0,28,20,2025-05-31,B,B,False,1.683
2025-06-20,SKU-00400,E-04R-016-3-B,E,APP,prime,45,525,7,0,7,7,2025-06-13,C,B,True,0.806
2025-06-20,SKU-00401,A-03L-002-2-B,A,APP,prime,27,50,27,0,27,14,2025-06-06,B,B,False,1.491
2025-06-20,SKU-00402,C-03R-001-2-A,C,APP,prime,27,275,13,0,13,3,2025-06-17,B,B,False,2.413
2025-06-20,SKU-00403,B-03L-009-1-B,B,APP,floor,9,150,49,2,47,4,2025-06-16,A,A,False,5.841
2025-06-20,SKU-00404,B-04L-002-3-B,B,APP,prime,45,150,45,2,43,14,2025-06-06,B,B,False,2.476
2025-06-20,SKU-00405,C-04R-011-1-A,C,APP,floor,9,275,20,2,18,12,2025-06-08,B,A,True,3.514
2025-06-20,SKU-00406,B-03L-005-2-B,B,APP,prime,27,150,30,2,28,15,2025-06-05,B,B,False,1.783
2025-06-20,SKU-00407,C-03R-009-2-B,C,APP,prime,27,275,11,0,11,16,2025-06-04,C,B,True,1.213
2025-06-20,SKU-00408,A-03L-009-1-A,A,APP,floor,9,50,401,10,391,6,2025-06-14,A,A,False,19.657
2025-06-20,SKU-00409,A-04R-010-2-A,A,APP,prime,27,50,22,3,19,14,2025-06-06,B,A,True,2.739
2025-06-20,SKU-00410,B-03L-016-4-A,B,APP,sub_prime,63,150,15,0,15,20,2025-05-31,C,B,True,0.949
2025-06-20,SKU-00411,C-03L-008-4-A,C,APP,sub_prime,63,275,74,1,73,16,2025-06-04,A,A,False,5.661
2025-06-20,SKU-00412,D-03R-006-4-B,D,APP,sub_prime,63,400,39,0,39,3,2025-06-17,B,B,False,2.431
2025-06-20,SKU-00413,C-04R-008-3-B,C,APP,prime,45,275,34,6,28,11,2025-06-09,B,A,True,3.695
2025-06-20,SKU-00414,B-04R-018-1-A,B,APP,floor,9,150,71,10,61,9,2025-06-11,A,A,False,5.645
2025-06-20,SKU-00415,C-03R-017-4-A,C,APP,sub_prime,63,275,24,1,23,12,2025-06-08,B,B,False,1.555
2025-06-20,SKU-00416,A-04R-010-3-A,A,APP,prime,45,50,12,0,12,13,2025-06-07,B,B,False,1.347
2025-06-20,SKU-00417,E-03R-006-1-A,E,APP,floor,9,525,5,0,5,11,2025-06-09,C,B,True,0.886
2025-06-20,SKU-00418,E-04R-015-3-A,E,APP,prime,45,525,28,0,28,10,2025-06-10,B,B,False,1.62
2025-06-20,SKU-00419,C-04L-011-1-A,C,APP,floor,9,275,17,0,17,13,2025-06-07,C,B,True,1.121
2025-06-20,SKU-00420,A-03R-014-1-A,A,APP,floor,9,50,143,8,135,8,2025-06-12,A,A,False,7.334
2025-06-20,SKU-00421,B-03R-012-3-A,B,APP,prime,45,150,28,2,26,15,2025-06-05,B,B,False,1.627
2025-06-20,SKU-00422,A-03R-005-2-B,A,APP,prime,27,50,118,10,108,15,2025-06-05,A,A,False,12.101
2025-06-20,SKU-00423,B-03R-005-4-B,B,APP,sub_prime,63,150,146,8,138,17,2025-06-03,A,A,False,7.131
2025-06-20,SKU-00424,A-04L-002-3-A,A,APP,prime,45,50,36,3,33,6,2025-06-14,A,A,False,6.39
2025-06-20,SKU-00425,E-03L-013-2-A,E,APP,prime,27,525,6,0,6,5,2025-06-15,C,B,True,0.822
2025-06-20,SKU-00426,C-04L-019-3-A,C,APP,prime,45,275,25,0,25,18,2025-06-02,B,B,False,1.596
2025-06-20,SKU-00427,A-03R-006-1-B,A,APP,floor,9,50,17,1,16,17,2025-06-03,B,B,False,1.458
2025-06-20,SKU-00428,D-03R-020-4-A,D,APP,sub_prime,63,400,29,1,28,19,2025-06-01,B,B,False,1.695
2025-06-20,SKU-00429,A-03R-010-3-A,A,APP,prime,45,50,13,0,13,5,2025-06-15,C,B,True,0.782
2025-06-20,SKU-00430,B-04R-002-3-B,B,APP,prime,45,150,36,1,35,8,2025-06-12,B,A,True,3.076
2025-06-20,SKU-00431,C-04L-018-4-B,C,APP,sub_prime,63,275,16,1,15,14,2025-06-06,B,B,False,1.416
2025-06-20,SKU-00432,E-03R-002-4-A,E,APP,sub_prime,63,525,17,1,16,6,2025-06-14,C,B,True,1.022
2025-06-20,SKU-00433,E-03R-017-4-B,E,APP,sub_prime,63,525,15,1,14,16,2025-06-04,C,B,True,1.043
2025-06-20,SKU-00434,D-04R-002-2-A,D,APP,prime,27,400,9,0,9,12,2025-06-08,C,B,True,0.823
2025-06-20,SKU-00435,B-03R-020-2-A,B,APP,prime,27,150,21,1,20,13,2025-06-07,B,B,False,1.399
2025-06-20,SKU-00436,C-03R-008-1-A,C,APP,floor,9,275,39,1,38,11,2025-06-09,B,B,False,2.207
2025-06-20,SKU-00437,C-04R-010-3-A,C,APP,prime,45,275,17,0,17,3,2025-06-17,C,B,True,0.862
2025-06-20,SKU-00438,D-03L-015-2-B,D,APP,prime,27,400,21,0,21,2,2025-06-18,C,B,True,1.078
2025-06-20,SKU-00439,B-03L-004-1-A,B,APP,floor,9,150,20,1,19,20,2025-05-31,B,B,False,1.222
2025-06-20,SKU-00440,A-03R-016-3-B,A,APP,prime,45,50,21,2,19,11,2025-06-09,B,A,True,2.676
2025-06-20,SKU-00441,E-03L-003-3-A,E,APP,prime,45,525,17,0,17,16,2025-06-04,B,B,False,1.232
2025-06-20,SKU-00442,B-04L-003-4-A,B,APP,sub_prime,63,150,71,9,62,12,2025-06-08,A,A,False,5.985
2025-06-20,SKU-00443,D-04L-003-3-A,D,APP,prime,45,400,19,0,19,11,2025-06-09,C,B,True,0.988
2025-06-20,SKU-00444,D-03R-004-1-B,D,APP,floor,9,400,12,0,12,1,2025-06-19,C,B,True,0.924
2025-06-20,SKU-00445,B-03L-015-2-A,B,APP,prime,27,150,25,1,24,19,2025-06-01,B,B,False,1.879
2025-06-20,SKU-00446,B-04L-006-4-A,B,APP,sub_prime,63,150,221,45,176,10,2025-06-10,A,A,False,30.018
2025-06-20,SKU-00447,A-04L-008-2-A,A,APP,prime,27,50,337,50,287,12,2025-06-08,A,A,False,26.523
2025-06-20,SKU-00448,C-03L-009-1-B,C,APP,floor,9,275,53,3,50,15,2025-06-05,B,A,True,2.936
2025-06-20,SKU-00449,B-03R-011-1-B,B,APP,floor,9,150,52,0,52,3,2025-06-17,A,A,False,5.095
2025-06-20,SKU-00450,B-03L-012-4-B,B,APP,sub_prime,63,150,21,0,21,19,2025-06-01,B,B,False,1.474
2025-06-20,SKU-00451,C-03L-011-3-B,C,APP,prime,45,275,22,2,20,15,2025-06-05,B,B,False,1.631
2025-06-20,SKU-00452,D-04R-003-1-A,D,APP,floor,9,400,6,0,6,19,2025-06-01,C,B,True,0.92
2025-06-20,SKU-00453,C-04L-019-4-B,C,APP,sub_prime,63,275,10,1,9,12,2025-06-08,B,B,False,1.613
2025-06-20,SKU-00454,D-03R-003-2-B,D,APP,prime,27,400,10,0,10,8,2025-06-12,C,B,True,0.857
2025-06-20,SKU-00455,B-03L-011-4-A,B,APP,sub_prime,63,150,16,2,14,8,2025-06-12,B,B,False,2.024
2025-06-20,SKU-00456,D-04L-014-1-B,D,APP,floor,9,400,6,1,5,14,2025-06-06,B,B,False,1.292
2025-06-20,SKU-00457,D-04L-013-1-B,D,APP,floor,9,400,40,3,37,6,2025-06-14,B,B,False,2.082
2025-06-20,SKU-00458,D-03L-020-4-B,D,APP,sub_prime,63,400,8,0,8,9,2025-06-11,C,B,True,0.813
2025-06-20,SKU-00459,B-03R-017-3-B,B,APP,prime,45,150,87,0,87,13,2025-06-07,A,A,False,5.806
2025-06-20,SKU-00460,E-04L-004-3-B,E,APP,prime,45,525,5,0,5,8,2025-06-12,C,B,True,1.094
2025-06-20,SKU-00461,D-03R-011-1-B,D,APP,floor,9,400,17,0,17,17,2025-06-03,C,B,True,0.987
2025-06-20,SKU-00462,D-03R-019-3-A,D,APP,prime,45,400,14,0,14,5,2025-06-15,C,B,True,0.823
2025-06-20,SKU-00463,E-03R-015-2-B,E,APP,prime,27,525,11,1,10,17,2025-06-03,C,B,True,1.195
2025-06-20,SKU-00464,B-04L-018-2-A,B,APP,prime,27,150,201,13,188,4,2025-06-16,A,A,False,15.428
2025-06-20,SKU-00465,B-04L-014-2-B,B,APP,prime,27,150,10,0,10,5,2025-06-15,B,B,False,1.225
2025-06-20,SKU-00466,C-04R-016-1-B,C,APP,floor,9,275,105,9,96,17,2025-06-03,A,A,False,18.095
2025-06-20,SKU-00467,E-04L-005-3-A,E,APP,prime,45,525,13,1,12,13,2025-06-07,C,B,True,1.16
2025-06-20,SKU-00468,E-04L-013-4-B,E,APP,sub_prime,63,525,7,0,7,8,2025-06-12,C,B,True,0.975
2025-06-20,SKU-00469,D-04L-014-1-A,D,APP,floor,9,400,5,0,5,11,2025-06-09,C,B,True,0.862
2025-06-20,SKU-00470,C-03R-012-1-A,C,APP,floor,9,275,13,1,12,15,2025-06-05,B,B,False,1.499
2025-06-20,SKU-00471,E-04L-017-1-B,E,APP,floor,9,525,14,1,13,19,2025-06-01,C,B,True,1.054
2025-06-20,SKU-00472,A-04L-004-1-B,A,APP,floor,9,50,27,0,27,17,2025-06-03,B,B,False,1.956
2025-06-20,SKU-00473,C-04R-003-2-B,C,APP,prime,27,275,41,14,27,8,2025-06-12,A,A,False,8.204
2025-06-20,SKU-00474,C-04L-011-2-A,C,APP,prime,27,275,16,2,14,15,2025-06-05,B,A,True,3.086
2025-06-20,SKU-00475,D-04R-012-3-A,D,APP,prime,45,400,15,0,15,13,2025-06-07,C,B,True,0.916
2025-06-20,SKU-00476,C-04R-008-4-B,C,APP,sub_prime,63,275,7,1,6,10,2025-06-10,B,B,False,1.595
2025-06-20,SKU-00477,C-04R-017-1-A,C,APP,floor,9,275,66,1,65,20,2025-05-31,B,A,True,3.838
2025-06-20,SKU-00478,B-03R-006-2-B,B,APP,prime,27,150,6,0,6,19,2025-06-01,C,B,True,1.175
2025-06-20,SKU-00479,B-04L-019-2-A,B,APP,prime,27,150,40,1,39,3,2025-06-17,B,B,False,2.58
2025-06-20,SKU-00480,B-03L-015-3-A,B,APP,prime,45,150,11,1,10,13,2025-06-07,B,B,False,1.826
2025-06-20,SKU-00481,E-03R-020-2-B,E,APP,prime,27,525,22,0,22,6,2025-06-14,C,B,True,1.161
2025-06-20,SKU-00482,E-04L-015-3-B,E,APP,prime,45,525,13,0,13,17,2025-06-03,C,B,True,0.856
2025-06-20,SKU-00483,C-03L-009-3-A,C,APP,prime,45,275,287,18,269,4,2025-06-16,A,A,False,18.89
2025-06-20,SKU-00484,C-04R-011-2-B,C,APP,prime,27,275,4,0,4,10,2025-06-10,C,B,True,0.791
2025-06-20,SKU-00485,D-03R-019-4-A,D,APP,sub_prime,63,400,11,0,11,11,2025-06-09,C,B,True,1.124
2025-06-20,SKU-00486,B-04R-004-4-B,B,APP,sub_prime,63,150,32,0,32,19,2025-06-01,B,B,False,1.701
2025-06-20,SKU-00487,C-04L-020-2-A,C,APP,prime,27,275,26,4,22,17,2025-06-03,B,A,True,2.972
2025-06-20,SKU-00488,D-04L-020-4-A,D,APP,sub_prime,63,400,7,0,7,13,2025-06-07,C,B,True,0.776
2025-06-20,SKU-00489,C-03L-017-1-B,C,APP,floor,9,275,60,6,54,18,2025-06-02,B,A,True,3.808
2025-06-20,SKU-00490,C-03L-014-2-A,C,APP,prime,27,275,13,0,13,1,2025-06-19,B,B,False,1.895
2025-06-20,SKU-00491,C-03R-016-1-A,C,APP,floor,9,275,24,1,23,14,2025-06-06,B,B,False,1.407
2025-06-20,SKU-00492,D-03R-003-1-B,D,APP,floor,9,400,13,0,13,14,2025-06-06,C,B,True,0.877
2025-06-20,SKU-00493,E-04L-020-1-A,E,APP,floor,9,525,12,0,12,20,2025-05-31,C,B,True,0.897
2025-06-20,SKU-00494,D-04L-007-1-A,D,APP,floor,9,400,6,0,6,5,2025-06-15,C,B,True,0.814
2025-06-20,SKU-00495,C-03L-011-4-B,C,APP,sub_prime,63,275,30,6,24,8,2025-06-12,B,A,True,4.632
2025-06-20,SKU-00496,E-04L-010-2-B,E,APP,prime,27,525,11,0,11,12,2025-06-08,C,B,True,0.931
2025-06-20,SKU-00497,E-03R-019-3-B,E,APP,prime,45,525,20,0,20,3,2025-06-17,C,B,True,1.01
2025-06-20,SKU-00498,B-03R-004-2-A,B,APP,prime,27,150,18,0,18,11,2025-06-09,B,B,False,1.811
2025-06-20,SKU-00499,E-03L-005-4-B,E,APP,sub_prime,63,525,17,0,17,12,2025-06-08,C,B,True,0.939
2025-06-20,SKU-00500,C-03R-002-2-A,C,APP,prime,27,275,8,1,7,19,2025-06-01,B,B,False,1.319
2025-06-20,SKU-00501,B-03L-016-3-A,B,APP,prime,45,150,3,0,3,12,2025-06-08,B,C,True,0.563
2025-06-20,SKU-00502,C-03L-015-2-B,C,APP,prime,27,275,18,0,18,7,2025-06-13,B,B,False,1.377
2025-06-20,SKU-00503,E-03L-009-1-B,E,APP,floor,9,525,3,0,3,8,2025-06-12,C,C,False,0.339
2025-06-20,SKU-00504,C-04R-013-2-A,C,APP,prime,27,275,3,0,3,8,2025-06-12,B,C,True,0.635
2025-06-20,SKU-00505,D-04R-016-4-A,D,APP,sub_prime,63,400,6,0,6,19,2025-06-01,C,C,False,0.336
2025-06-20,SKU-00506,B-03R-016-3-B,B,APP,prime,45,150,151,5,146,8,2025-06-12,A,A,False,16.655
2025-06-20,SKU-00507,D-03R-015-3-A,D,APP,prime,45,400,7,0,7,6,2025-06-14,C,C,False,0.433
2025-06-20,SKU-00508,E-04R-017-1-B,E,APP,floor,9,525,5,0,5,15,2025-06-05,B,B,False,0.859
2025-06-20,SKU-00509,C-04L-015-4-B,C,APP,sub_prime,63,275,6,0,6,6,2025-06-14,C,C,False,0.474
2025-06-20,SKU-00510,E-04R-006-2-A,E,APP,prime,27,525,2,0,2,17,2025-06-03,C,C,False,0.44
2025-06-20,SKU-00511,D-04R-020-1-B,D,APP,floor,9,400,7,0,7,15,2025-06-05,C,C,False,0.395
2025-06-20,SKU-00512,A-04R-012-3-A,A,APP,prime,45,50,34,0,34,6,2025-06-14,A,A,False,2.741
2025-06-20,SKU-00513,B-04R-019-2-A,B,APP,prime,27,150,80,7,73,3,2025-06-17,A,A,False,4.186
2025-06-20,SKU-00514,B-04R-016-3-A,B,APP,prime,45,150,34,2,32,5,2025-06-15,A,A,False,2.703
2025-06-20,SKU-00515,A-03R-010-2-B,A,APP,prime,27,50,14,0,14,5,2025-06-15,B,C,True,0.745
2025-06-20,SKU-00516,D-04R-015-3-A,D,APP,prime,45,400,11,0,11,8,2025-06-12,B,C,True,0.719
2025-06-20,SKU-00517,E-03L-001-2-B,E,APP,prime,27,525,4,0,4,1,2025-06-19,C,C,False,0.312
2025-06-20,SKU-00518,C-03R-010-3-B,C,APP,prime,45,275,12,0,12,15,2025-06-05,B,B,False,0.79
2025-06-20,SKU-00519,E-04R-009-1-A,E,APP,floor,9,525,3,0,3,14,2025-06-06,B,C,True,0.74
2025-06-20,SKU-00520,C-04R-010-4-B,C,APP,sub_prime,63,275,10,1,9,4,2025-06-16,B,B,False,1.217
2025-06-20,SKU-00521,C-04L-020-1-B,C,APP,floor,9,275,10,0,10,7,2025-06-13,B,C,True,0.746
2025-06-20,SKU-00522,C-03R-014-3-B,C,APP,prime,45,275,13,0,13,9,2025-06-11,B,C,True,0.75
2025-06-20,SKU-00523,E-04L-018-1-A,E,APP,floor,9,525,5,0,5,20,2025-05-31,C,C,False,0.421
2025-06-20,SKU-00524,D-03L-001-3-B,D,APP,prime,45,400,5,0,5,20,2025-05-31,C,C,False,0.325
2025-06-20,SKU-00525,C-04L-007-4-A,C,APP,sub_prime,63,275,4,0,4,8,2025-06-12,C,C,False,0.428
2025-06-20,SKU-00526,A-04R-007-1-B,A,APP,floor,9,50,9,0,9,12,2025-06-08,B,C,True,0.51
2025-06-20,SKU-00527,E-04R-017-4-B,E,APP,sub_prime,63,525,6,0,6,5,2025-06-15,C,C,False,0.381
2025-06-20,SKU-00528,E-04R-013-3-B,E,APP,prime,45,525,8,0,8,16,2025-06-04,C,C,False,0.439
2025-06-20,SKU-00529,C-04R-009-4-A,C,APP,sub_prime,63,275,3,0,3,9,2025-06-11,C,C,False,0.445
2025-06-20,SKU-00530,A-03L-006-3-B,A,APP,prime,45,50,11,1,10,15,2025-06-05,A,B,True,2.03
2025-06-20,SKU-00531,D-03L-008-4-B,D,APP,sub_prime,63,400,5,0,5,6,2025-06-14,C,C,False,0.363
2025-06-20,SKU-00532,E-04L-014-1-B,E,APP,floor,9,525,6,0,6,1,2025-06-19,C,C,False,0.339
2025-06-20,SKU-00533,D-03L-010-2-A,D,APP,prime,27,400,2,0,2,3,2025-06-17,C,C,False,0.373
2025-06-20,SKU-00534,C-04R-018-4-B,C,APP,sub_prime,63,275,8,0,8,15,2025-06-05,B,C,True,0.611
2025-06-20,SKU-00535,A-03R-010-2-A,A,APP,prime,27,50,333,30,303,19,2025-06-01,A,A,False,23.83
2025-06-20,SKU-00536,B-03R-003-4-B,B,APP,sub_prime,63,150,10,0,10,13,2025-06-07,B,C,True,0.617
2025-06-20,SKU-00537,A-03L-008-1-A,A,APP,floor,9,50,10,0,10,12,2025-06-08,B,B,False,0.974
2025-06-20,SKU-00538,C-04L-018-1-A,C,APP,floor,9,275,3,0,3,2,2025-06-18,C,C,False,0.331
2025-06-20,SKU-00539,C-03R-012-2-B,C,APP,prime,27,275,3,0,3,20,2025-05-31,C,C,False,0.314
2025-06-20,SKU-00540,B-03R-017-1-A,B,APP,floor,9,150,27,1,26,14,2025-06-06,B,B,False,1.814
2025-06-20,SKU-00541,A-04L-004-4-B,A,APP,sub_prime,63,50,14,0,14,19,2025-06-01,B,B,False,1.191
2025-06-20,SKU-00542,A-04R-018-2-A,A,APP,prime,27,50,9,1,8,17,2025-06-03,B,B,False,1.279
2025-06-20,SKU-00543,C-04L-005-3-A,C,APP,prime,45,275,3,0,3,20,2025-05-31,B,C,True,0.61
2025-06-20,SKU-00544,A-04R-016-4-A,A,APP,sub_prime,63,50,23,1,22,17,2025-06-03,B,B,False,1.381
2025-06-20,SKU-00545,C-03L-011-2-A,C,APP,prime,27,275,5,0,5,10,2025-06-10,B,C,True,0.695
2025-06-20,SKU-00546,A-04L-008-4-B,A,APP,sub_prime,63,50,86,1,85,4,2025-06-16,A,A,False,4.153
2025-06-20,SKU-00547,A-03L-005-3-A,A,APP,prime,45,50,16,0,16,12,2025-06-08,B,B,False,0.989
2025-06-20,SKU-00548,C-04L-012-4-A,C,APP,sub_prime,63,275,6,0,6,2,2025-06-18,B,C,True,0.655
2025-06-20,SKU-00549,C-03R-013-2-A,C,APP,prime,27,275,4,0,4,12,2025-06-08,B,C,True,0.534
2025-06-20,SKU-00550,C-03R-005-2-A,C,APP,prime,27,275,2,0,2,13,2025-06-07,C,C,False,0.478
2025-06-20,SKU-00551,D-03R-010-3-B,D,APP,prime,45,400,5,0,5,20,2025-05-31,C,C,False,0.422
2025-06-20,SKU-00552,D-03L-006-1-B,D,APP,floor,9,400,8,0,8,16,2025-06-04,C,C,False,0.445
2025-06-20,SKU-00553,A-04L-016-4-B,A,APP,sub_prime,63,50,61,4,57,15,2025-06-05,A,A,False,5.163
2025-06-20,SKU-00554,C-04R-011-4-B,C,APP,sub_prime,63,275,13,0,13,16,2025-06-04,B,B,False,0.882
2025-06-20,SKU-00555,C-04L-001-3-B,C,APP,prime,45,275,4,0,4,13,2025-06-07,C,C,False,0.335
2025-06-20,SKU-00556,B-04L-003-1-B,B,APP,floor,9,150,30,1,29,10,2025-06-10,A,B,True,2.401
2025-06-20,SKU-00557,C-04R-003-3-A,C,APP,prime,45,275,3,0,3,17,2025-06-03,C,C,False,0.335
2025-06-20,SKU-00558,C-03L-003-2-B,C,APP,prime,27,275,2,0,2,8,2025-06-12,C,C,False,0.398
2025-06-20,SKU-00559,A-04R-005-4-A,A,APP,sub_prime,63,50,150,0,150,17,2025-06-03,A,A,False,13.707
2025-06-20,SKU-00560,D-03L-008-1-A,D,APP,floor,9,400,2,0,2,18,2025-06-02,B,C,True,0.494
2025-06-20,SKU-00561,D-03L-016-4-A,D,APP,sub_prime,63,400,9,0,9,12,2025-06-08,B,B,False,0.801
2025-06-20,SKU-00562,D-04L-015-4-A,D,APP,sub_prime,63,400,4,0,4,10,2025-06-10,B,C,True,0.602
2025-06-20,SKU-00563,D-04R-017-1-B,D,APP,floor,9,400,20,1,19,13,2025-06-07,B,B,False,1.102
2025-06-20,SKU-00564,B-04R-017-2-B,B,APP,prime,27,150,7,0,7,19,2025-06-01,B,C,True,0.493
2025-06-20,SKU-00565,D-04R-017-4-B,D,APP,sub_prime,63,400,5,0,5,9,2025-06-11,C,C,False,0.334
2025-06-20,SKU-00566,C-04L-018-2-B,C,APP,prime,27,275,5,0,5,10,2025-06-10,B,C,True,0.601
2025-06-20,SKU-00567,D-04L-003-1-B,D,APP,floor,9,400,4,0,4,18,2025-06-02,C,C,False,0.424
2025-06-20,SKU-00568,E-04R-011-2-B,E,APP,prime,27,525,4,0,4,9,2025-06-11,C,C,False,0.321
2025-06-20,SKU-00569,D-03R-017-1-B,D,APP,floor,9,400,6,0,6,10,2025-06-10,C,C,False,0.426
2025-06-20,SKU-00570,E-04L-015-4-B,E,APP,sub_prime,63,525,4,0,4,4,2025-06-16,C,C,False,0.362
2025-06-20,SKU-00571,E-03L-016-3-B,E,APP,prime,45,525,1,0,1,6,2025-06-14,C,C,False,0.327
2025-06-20,SKU-00572,B-04R-009-3-A,B,APP,prime,45,150,32,2,30,4,2025-06-16,A,A,False,4.624
2025-06-20,SKU-00573,D-03L-010-4-A,D,APP,sub_prime,63,400,9,0,9,1,2025-06-19,B,C,True,0.733
2025-06-20,SKU-00574,E-03L-010-4-A,E,APP,sub_prime,63,525,2,0,2,9,2025-06-11,C,C,False,0.316
2025-06-20,SKU-00575,D-03L-018-4-A,D,APP,sub_prime,63,400,5,0,5,20,2025-05-31,C,C,False,0.311
2025-06-20,SKU-00576,B-03L-013-2-B,B,APP,prime,27,150,18,0,18,5,2025-06-15,B,B,False,0.949
2025-06-20,SKU-00577,D-03R-017-3-B,D,APP,prime,45,400,8,0,8,7,2025-06-13,C,C,False,0.461
2025-06-20,SKU-00578,E-03L-005-3-A,E,APP,prime,45,525,2,0,2,1,2025-06-19,C,C,False,0.321
2025-06-20,SKU-00579,E-04L-018-2-B,E,APP,prime,27,525,5,0,5,9,2025-06-11,C,C,False,0.36
2025-06-20,SKU-00580,D-03R-012-4-A,D,APP,sub_prime,63,400,8,0,8,11,2025-06-09,B,B,False,1.303
2025-06-20,SKU-00581,D-03L-018-2-A,D,APP,prime,27,400,7,1,6,3,2025-06-17,B,B,False,1.45
2025-06-20,SKU-00582,D-03R-019-4-B,D,APP,sub_prime,63,400,7,0,7,17,2025-06-03,C,C,False,0.444
2025-06-20,SKU-00583,D-04R-001-2-B,D,APP,prime,27,400,8,0,8,5,2025-06-15,B,C,True,0.531
2025-06-20,SKU-00584,E-03R-015-3-B,E,APP,prime,45,525,5,0,5,16,2025-06-04,C,C,False,0.382
2025-06-20,SKU-00585,C-04R-005-4-B,C,APP,sub_prime,63,275,100,21,79,7,2025-06-13,A,A,False,13.016
2025-06-20,SKU-00586,E-03L-007-3-B,E,APP,prime,45,525,1,0,1,20,2025-05-31,C,C,False,0.31
2025-06-20,SKU-00587,C-03L-007-1-A,C,APP,floor,9,275,6,0,6,8,2025-06-12,B,B,False,1.256
2025-06-20,SKU-00588,C-03L-004-4-B,C,APP,sub_prime,63,275,6,0,6,15,2025-06-05,B,B,False,1.153
2025-06-20,SKU-00589,E-03R-019-1-A,E,APP,floor,9,525,1,0,1,20,2025-05-31,C,C,False,0.348
2025-06-20,SKU-00590,D-03R-019-1-A,D,APP,floor,9,400,5,0,5,19,2025-06-01,C,C,False,0.395
2025-06-20,SKU-00591,D-04L-012-3-A,D,APP,prime,45,400,9,0,9,14,2025-06-06,B,C,True,0.585
2025-06-20,SKU-00592,D-04L-018-3-A,D,APP,prime,45,400,2,0,2,6,2025-06-14,C,C,False,0.316
2025-06-20,SKU-00593,C-03L-013-1-A,C,APP,floor,9,275,9,0,9,20,2025-05-31,B,C,True,0.523
2025-06-20,SKU-00594,B-04L-010-2-B,B,APP,prime,27,150,4,0,4,9,2025-06-11,B,C,True,0.598
2025-06-20,SKU-00595,D-03R-001-1-B,D,APP,floor,9,400,5,0,5,20,2025-05-31,C,C,False,0.331
2025-06-20,SKU-00596,D-03R-017-2-B,D,APP,prime,27,400,6,0,6,13,2025-06-07,C,C,False,0.344
2025-06-20,SKU-00597,D-04R-007-3-B,D,APP,prime,45,400,14,0,14,8,2025-06-12,B,B,False,1.28
2025-06-20,SKU-00598,E-03R-011-1-A,E,APP,floor,9,525,1,0,1,10,2025-06-10,C,C,False,0.328
2025-06-20,SKU-00599,E-03R-010-1-A,E,APP,floor,9,525,3,0,3,11,2025-06-09,C,C,False,0.42
2025-06-20,SKU-00600,C-03R-003-3-A,C,APP,prime,45,275,13,0,13,15,2025-06-05,B,B,False,0.808
2025-06-20,SKU-00601,E-03R-008-3-B,E,APP,prime,45,525,2,0,2,18,2025-06-02,C,C,False,0.317
2025-06-20,SKU-00602,B-04R-014-4-B,B,APP,sub_prime,63,150,89,4,85,16,2025-06-04,A,A,False,5.695
2025-06-20,SKU-00603,B-04L-001-4-A,B,APP,sub_prime,63,150,1,0,1,15,2025-06-05,C,C,False,0.369
2025-06-20,SKU-00604,D-04R-001-3-B,D,APP,prime,45,400,19,1,18,12,2025-06-08,B,B,False,1.023
2025-06-20,SKU-00605,C-04L-017-2-B,C,APP,prime,27,275,6,0,6,1,2025-06-19,B,C,True,0.572
2025-06-20,SKU-00606,B-04L-016-1-A,B,APP,floor,9,150,166,32,134,20,2025-05-31,A,A,False,17.804
2025-06-20,SKU-00607,D-04L-003-1-A,D,APP,floor,9,400,3,0,3,5,2025-06-15,C,C,False,0.37
2025-06-20,SKU-00608,A-03R-011-2-B,A,APP,prime,27,50,68,0,68,7,2025-06-13,A,A,False,6.246
2025-06-20,SKU-00609,C-03R-020-3-B,C,APP,prime,45,275,3,0,3,12,2025-06-08,C,C,False,0.32
2025-06-20,SKU-00610,E-03R-001-2-B,E,APP,prime,27,525,10,0,10,8,2025-06-12,B,B,False,0.988
2025-06-20,SKU-00611,D-03L-010-3-B,D,APP,prime,45,400,8,0,8,1,2025-06-19,B,C,True,0.63
2025-06-20,SKU-00612,D-03R-001-2-B,D,APP,prime,27,400,7,0,7,14,2025-06-06,C,C,False,0.426
2025-06-20,SKU-00613,C-03R-011-1-B,C,APP,floor,9,275,8,0,8,2,2025-06-18,B,C,True,0.527
2025-06-20,SKU-00614,D-04L-017-1-A,D,APP,floor,9,400,3,0,3,2,2025-06-18,C,C,False,0.328
2025-06-20,SKU-00615,D-04L-011-1-B,D,APP,floor,9,400,8,0,8,1,2025-06-19,B,B,False,0.801
2025-06-20,SKU-00616,B-04R-006-2-A,B,APP,prime,27,150,10,0,10,16,2025-06-04,B,C,True,0.729
2025-06-20,SKU-00617,B-04R-007-3-B,B,APP,prime,45,150,10,0,10,14,2025-06-06,B,B,False,1.054
2025-06-20,SKU-00618,D-04L-008-1-A,D,APP,floor,9,400,9,1,8,19,2025-06-01,B,B,False,1.019
2025-06-20,SKU-00619,D-04L-017-4-B,D,APP,sub_prime,63,400,17,0,17,20,2025-05-31,B,B,False,1.864
2025-06-20,SKU-00620,D-03L-004-1-B,D,APP,floor,9,400,7,0,7,19,2025-06-01,B,B,False,0.998
2025-06-20,SKU-00621,D-03L-006-2-B,D,APP,prime,27,400,7,0,7,12,2025-06-08,C,C,False,0.447
2025-06-20,SKU-00622,D-04R-007-3-A,D,APP,prime,45,400,5,0,5,18,2025-06-02,C,C,False,0.396
2025-06-20,SKU-00623,C-03R-003-1-B,C,APP,floor,9,275,3,0,3,16,2025-06-04,B,C,True,0.666
2025-06-20,SKU-00624,E-04L-001-2-B,E,APP,prime,27,525,7,0,7,3,2025-06-17,C,C,False,0.381
2025-06-20,SKU-00625,D-03R-015-1-B,D,APP,floor,9,400,2,0,2,18,2025-06-02,C,C,False,0.431
2025-06-20,SKU-00626,B-04L-012-4-A,B,APP,sub_prime,63,150,9,1,8,6,2025-06-14,B,B,False,1.653
2025-06-20,SKU-00627,C-03R-012-1-B,C,APP,floor,9,275,2,0,2,18,2025-06-02,C,C,False,0.48
2025-06-20,SKU-00628,C-03L-011-1-B,C,APP,floor,9,275,26,3,23,10,2025-06-10,A,B,True,2.145
2025-06-20,SKU-00629,E-04L-016-4-A,E,APP,sub_prime,63,525,5,0,5,6,2025-06-14,C,C,False,0.351
2025-06-20,SKU-00630,C-04R-009-1-B,C,APP,floor,9,275,9,0,9,14,2025-06-06,B,C,True,0.55
2025-06-20,SKU-00631,B-04R-003-4-B,B,APP,sub_prime,63,150,4,0,4,2,2025-06-18,B,C,True,0.654
2025-06-20,SKU-00632,C-04L-003-2-A,C,APP,prime,27,275,9,0,9,5,2025-06-15,B,B,False,0.772
2025-06-20,SKU-00633,D-04L-001-4-A,D,APP,sub_prime,63,400,1,0,1,3,2025-06-17,C,C,False,0.393
2025-06-20,SKU-00634,C-04L-020-3-B,C,APP,prime,45,275,6,0,6,18,2025-06-02,C,C,False,0.351
2025-06-20,SKU-00635,E-04R-014-4-A,E,APP,sub_prime,63,525,12,0,12,7,2025-06-13,B,B,False,1.356
2025-06-20,SKU-00636,B-03R-001-2-B,B,APP,prime,27,150,4,0,4,14,2025-06-06,C,C,False,0.396
2025-06-20,SKU-00637,E-04R-010-1-B,E,APP,floor,9,525,4,0,4,5,2025-06-15,B,B,False,0.796
2025-06-20,SKU-00638,D-04L-004-3-B,D,APP,prime,45,400,4,0,4,9,2025-06-11,C,C,False,0.456
2025-06-20,SKU-00639,C-03R-011-4-B,C,APP,sub_prime,63,275,9,0,9,17,2025-06-03,B,C,True,0.588
2025-06-20,SKU-00640,E-03R-001-3-A,E,APP,prime,45,525,17,2,15,18,2025-06-02,B,B,False,1.795
2025-06-20,SKU-00641,D-03R-015-4-B,D,APP,sub_prime,63,400,8,0,8,2,2025-06-18,B,B,False,0.925
2025-06-20,SKU-00642,C-04R-020-2-A,C,APP,prime,27,275,12,0,12,15,2025-06-05,B,B,False,0.81
2025-06-20,SKU-00643,A-03R-014-2-B,A,APP,prime,27,50,205,18,187,13,2025-06-07,A,A,False,13.587
2025-06-20,SKU-00644,E-03R-014-2-A,E,APP,prime,27,525,1,0,1,1,2025-06-19,C,C,False,0.398
2025-06-20,SKU-00645,C-04L-018-3-B,C,APP,prime,45,275,25,0,25,2,2025-06-18,B,B,False,1.547
2025-06-20,SKU-00646,D-03R-008-3-B,D,APP,prime,45,400,4,0,4,14,2025-06-06,C,C,False,0.483
2025-06-20,SKU-00647,D-03R-005-1-A,D,APP,floor,9,400,6,0,6,1,2025-06-19,C,C,False,0.341
2025-06-20,SKU-00648,C-04L-008-2-B,C,APP,prime,27,275,8,0,8,13,2025-06-07,B,C,True,0.505
2025-06-20,SKU-00649,C-04L-002-1-B,C,APP,floor,9,275,5,0,5,5,2025-06-15,B,C,True,0.76
2025-06-20,SKU-00650,D-04R-011-2-A,D,APP,prime,27,400,6,0,6,10,2025-06-10,B,B,False,1.19
2025-06-20,SKU-00651,C-04R-006-4-B,C,APP,sub_prime,63,275,7,0,7,16,2025-06-04,B,C,True,0.734
2025-06-20,SKU-00652,D-04L-018-3-B,D,APP,prime,45,400,3,0,3,10,2025-06-10,C,C,False,0.365
2025-06-20,SKU-00653,A-04R-006-2-B,A,APP,prime,27,50,46,2,44,10,2025-06-10,A,B,True,2.312
2025-06-20,SKU-00654,B-04R-010-4-B,B,APP,sub_prime,63,150,140,10,130,1,2025-06-19,A,A,False,7.668
2025-06-20,SKU-00655,D-03L-001-4-B,D,APP,sub_prime,63,400,11,0,11,14,2025-06-06,B,B,False,0.861
2025-06-20,SKU-00656,D-03R-014-1-A,D,APP,floor,9,400,3,0,3,9,2025-06-11,C,C,False,0.471
2025-06-20,SKU-00657,B-04R-003-2-B,B,APP,prime,27,150,99,7,92,3,2025-06-17,A,A,False,5.029
2025-06-20,SKU-00658,C-04R-002-2-B,C,APP,prime,27,275,29,0,29,17,2025-06-03,B,B,False,1.862
2025-06-20,SKU-00659,E-04L-020-3-B,E,APP,prime,45,525,2,0,2,2,2025-06-18,C,C,False,0.435
2025-06-20,SKU-00660,C-03L-004-2-A,C,APP,prime,27,275,7,0,7,10,2025-06-10,C,C,False,0.43
2025-06-20,SKU-00661,E-03R-017-2-A,E,APP,prime,27,525,5,0,5,3,2025-06-17,C,C,False,0.336
2025-06-20,SKU-00662,D-03R-017-1-A,D,APP,floor,9,400,13,0,13,15,2025-06-05,B,B,False,1.04
2025-06-20,SKU-00663,D-04L-015-2-A,D,APP,prime,27,400,12,0,12,14,2025-06-06,B,C,True,0.766
2025-06-20,SKU-00664,E-04R-020-4-B,E,APP,sub_prime,63,525,1,0,1,20,2025-05-31,C,C,False,0.397
2025-06-20,SKU-00665,C-03L-006-2-A,C,APP,prime,27,275,7,0,7,1,2025-06-19,C,C,False,0.428
2025-06-20,SKU-00666,E-04L-001-4-A,E,APP,sub_prime,63,525,2,0,2,2,2025-06-18,C,C,False,0.338
2025-06-20,SKU-00667,D-03L-019-1-A,D,APP,floor,9,400,5,0,5,13,2025-06-07,C,C,False,0.325
2025-06-20,SKU-00668,B-03L-019-2-A,B,APP,prime,27,150,11,1,10,7,2025-06-13,B,B,False,1.702
2025-06-20,SKU-00669,B-03R-003-1-A,B,APP,floor,9,150,34,7,27,3,2025-06-17,A,A,False,5.129
2025-06-20,SKU-00670,C-04R-020-4-A,C,APP,sub_prime,63,275,27,0,27,1,2025-06-19,A,B,True,1.944
2025-06-20,SKU-00671,C-04R-005-2-B,C,APP,prime,27,275,14,0,14,6,2025-06-14,B,C,True,0.749
2025-06-20,SKU-00672,E-04R-012-2-A,E,APP,prime,27,525,2,0,2,14,2025-06-06,C,C,False,0.315
2025-06-20,SKU-00673,C-03L-015-4-A,C,APP,sub_prime,63,275,482,18,464,10,2025-06-10,A,A,False,30.372
2025-06-20,SKU-00674,D-03R-016-1-A,D,APP,floor,9,400,5,0,5,18,2025-06-02,C,C,False,0.323
2025-06-20,SKU-00675,D-03R-018-1-A,D,APP,floor,9,400,7,1,6,5,2025-06-15,B,B,False,1.117
2025-06-20,SKU-00676,D-03R-017-3-A,D,APP,prime,45,400,6,0,6,11,2025-06-09,B,C,True,0.649
2025-06-20,SKU-00677,C-04L-015-1-B,C,APP,floor,9,275,8,1,7,17,2025-06-03,B,B,False,1.505
2025-06-20,SKU-00678,D-03L-007-2-A,D,APP,prime,27,400,6,0,6,15,2025-06-05,C,C,False,0.353
2025-06-20,SKU-00679,D-04L-011-4-B,D,APP,sub_prime,63,400,22,1,21,6,2025-06-14,A,A,False,4.12
2025-06-20,SKU-00680,B-03R-017-4-B,B,APP,sub_prime,63,150,32,2,30,20,2025-05-31,A,B,True,1.956
2025-06-20,SKU-00681,B-03R-008-3-A,B,APP,prime,45,150,3,0,3,17,2025-06-03,B,C,True,0.702
2025-06-20,SKU-00682,C-03R-019-1-A,C,APP,floor,9,275,6,0,6,14,2025-06-06,C,C,False,0.336
2025-06-20,SKU-00683,C-04L-020-3-A,C,APP,prime,45,275,5,0,5,3,2025-06-17,C,C,False,0.46
2025-06-20,SKU-00684,E-03R-013-4-A,E,APP,sub_prime,63,525,4,0,4,4,2025-06-16,C,C,False,0.466
2025-06-20,SKU-00685,C-04L-015-1-A,C,APP,floor,9,275,24,1,23,8,2025-06-12,B,B,False,1.215
2025-06-20,SKU-00686,B-03L-001-2-A,B,APP,prime,27,150,13,1,12,4,2025-06-16,B,B,False,1.554
2025-06-20,SKU-00687,D-04R-005-4-A,D,APP,sub_prime,63,400,12,0,12,17,2025-06-03,B,C,True,0.735
2025-06-20,SKU-00688,B-04R-010-4-A,B,APP,sub_prime,63,150,8,0,8,13,2025-06-07,B,B,False,0.829
2025-06-20,SKU-00689,E-03R-005-1-B,E,APP,floor,9,525,5,0,5,7,2025-06-13,C,C,False,0.468
2025-06-20,SKU-00690,C-04R-006-4-A,C,APP,sub_prime,63,275,11,0,11,7,2025-06-13,B,B,False,0.875
2025-06-20,SKU-00691,B-03R-005-3-B,B,APP,prime,45,150,13,0,13,9,2025-06-11,B,B,False,0.822
2025-06-20,SKU-00692,A-04R-003-1-A,A,APP,floor,9,50,48,3,45,4,2025-06-16,A,A,False,3.31
2025-06-20,SKU-00693,C-04R-013-1-A,C,APP,floor,9,275,5,0,5,13,2025-06-07,C,C,False,0.318
2025-06-20,SKU-00694,E-03R-002-3-B,E,APP,prime,45,525,16,0,16,18,2025-06-02,B,B,False,1.142
2025-06-20,SKU-00695,D-04L-001-3-A,D,APP,prime,45,400,7,0,7,10,2025-06-10,B,C,True,0.643
2025-06-20,SKU-00696,C-04R-005-1-B,C,APP,floor,9,275,9,0,9,1,2025-06-19,B,C,True,0.544
2025-06-20,SKU-00697,A-04L-005-4-B,A,APP,sub_prime,63,50,53,5,48,16,2025-06-04,A,A,False,3.207
2025-06-20,SKU-00698,D-03L-003-1-A,D,APP,floor,9,400,27,1,26,12,2025-06-08,B,B,False,1.729
2025-06-20,SKU-00699,D-04L-011-3-A,D,APP,prime,45,400,1,0,1,6,2025-06-14,C,C,False,0.329
2025-06-20,SKU-00700,C-04R-014-2-A,C,APP,prime,27,275,1,0,1,17,2025-06-03,C,C,False,0.33
2025-06-20,SKU-00701,A-04R-017-3-A,A,APP,prime,45,50,45,1,44,5,2025-06-15,A,B,True,2.358
2025-06-20,SKU-00702,E-04R-015-3-B,E,APP,prime,45,525,7,0,7,7,2025-06-13,C,C,False,0.416
2025-06-20,SKU-00703,A-04R-002-2-B,A,APP,prime,27,50,27,0,27,15,2025-06-05,A,B,True,2.56
2025-06-20,SKU-00704,E-03L-011-3-B,E,APP,prime,45,525,10,0,10,17,2025-06-03,B,C,True,0.548
2025-06-20,SKU-00705,B-03L-007-3-A,B,APP,prime,45,150,5,0,5,8,2025-06-12,B,C,True,0.589
2025-06-20,SKU-00706,D-03R-011-3-B,D,APP,prime,45,400,16,0,16,4,2025-06-16,B,B,False,1.041
2025-06-20,SKU-00707,D-04R-003-2-B,D,APP,prime,27,400,7,0,7,4,2025-06-16,C,C,False,0.427
2025-06-20,SKU-00708,A-03L-007-4-B,A,APP,sub_prime,63,50,24,1,23,17,2025-06-03,A,B,True,1.958
2025-06-20,SKU-00709,D-03R-016-2-A,D,APP,prime,27,400,4,0,4,20,2025-05-31,C,C,False,0.449
2025-06-20,SKU-00710,C-04R-020-1-A,C,APP,floor,9,275,3,0,3,13,2025-06-07,C,C,False,0.367
2025-06-20,SKU-00711,B-04L-008-3-A,B,APP,prime,45,150,5,0,5,4,2025-06-16,B,B,False,0.884
2025-06-20,SKU-00712,D-03L-015-1-A,D,APP,floor,9,400,5,0,5,18,2025-06-02,C,C,False,0.407
2025-06-20,SKU-00713,E-03L-008-1-B,E,APP,floor,9,525,4,0,4,15,2025-06-05,C,C,False,0.335
2025-06-20,SKU-00714,D-03R-012-3-B,D,APP,prime,45,400,14,0,14,19,2025-06-01,B,B,False,0.806
2025-06-20,SKU-00715,D-03R-010-3-A,D,APP,prime,45,400,19,1,18,18,2025-06-02,B,B,False,1.896
2025-06-20,SKU-00716,A-04L-001-1-A,A,APP,floor,9,50,26,3,23,16,2025-06-04,A,A,False,5.269
2025-06-20,SKU-00717,D-03L-018-3-A,D,APP,prime,45,400,6,0,6,7,2025-06-13,B,B,False,0.879
2025-06-20,SKU-00718,A-04R-001-4-B,A,APP,sub_prime,63,50,79,10,69,17,2025-06-03,A,A,False,5.981
2025-06-20,SKU-00719,E-03L-010-1-A,E,APP,floor,9,525,3,0,3,13,2025-06-07,C,C,False,0.335
2025-06-20,SKU-00720,C-03L-012-2-B,C,APP,prime,27,275,16,0,16,5,2025-06-15,B,B,False,0.84
2025-06-20,SKU-00721,E-03L-016-3-A,E,APP,prime,45,525,4,0,4,16,2025-06-04,C,C,False,0.459
2025-06-20,SKU-00722,C-03L-011-1-A,C,APP,floor,9,275,21,1,20,19,2025-06-01,B,B,False,1.079
2025-06-20,SKU-00723,C-04R-006-3-A,C,APP,prime,45,275,8,1,7,7,2025-06-13,B,B,False,1.1
2025-06-20,SKU-00724,E-04R-005-3-A,E,APP,prime,45,525,88,5,83,11,2025-06-09,A,A,False,6.884
2025-06-20,SKU-00725,C-03L-003-4-A,C,APP,sub_prime,63,275,2,0,2,14,2025-06-06,C,C,False,0.38
2025-06-20,SKU-00726,E-04L-002-3-B,E,APP,prime,45,525,24,0,24,16,2025-06-04,B,B,False,1.214
2025-06-20,SKU-00727,D-04L-002-3-A,D,APP,prime,45,400,7,0,7,14,2025-06-06,C,C,False,0.48
2025-06-20,SKU-00728,E-04L-013-1-A,E,APP,floor,9,525,6,0,6,3,2025-06-17,C,C,False,0.477
2025-06-20,SKU-00729,B-04L-011-4-A,B,APP,sub_prime,63,150,27,1,26,9,2025-06-11,B,B,False,1.561
2025-06-20,SKU-00730,C-04R-014-4-B,C,APP,sub_prime,63,275,5,0,5,20,2025-05-31,B,C,True,0.577
2025-06-20,SKU-00731,D-03L-013-3-A,D,APP,prime,45,400,2,0,2,13,2025-06-07,C,C,False,0.346
2025-06-20,SKU-00732,D-04R-015-4-A,D,APP,sub_prime,63,400,8,0,8,18,2025-06-02,B,C,True,0.491
2025-06-20,SKU-00733,A-04R-005-1-B,A,APP,floor,9,50,178,14,164,4,2025-06-16,A,A,False,15.489
2025-06-20,SKU-00734,D-04L-019-4-A,D,APP,sub_prime,63,400,6,0,6,1,2025-06-19,C,C,False,0.368
2025-06-20,SKU-00735,D-04R-015-1-A,D,APP,floor,9,400,10,0,10,10,2025-06-10,B,C,True,0.665
2025-06-20,SKU-00736,C-04R-010-3-B,C,APP,prime,45,275,10,0,10,9,2025-06-11,B,C,True,0.648
2025-06-20,SKU-00737,A-03L-008-4-B,A,APP,sub_prime,63,50,6,0,6,16,2025-06-04,B,C,True,0.688
2025-06-20,SKU-00738,C-03L-007-2-B,C,APP,prime,27,275,11,0,11,9,2025-06-11,B,C,True,0.614
2025-06-20,SKU-00739,D-04L-011-3-B,D,APP,prime,45,400,11,0,11,7,2025-06-13,B,C,True,0.663
2025-06-20,SKU-00740,D-04R-007-1-B,D,APP,floor,9,400,1,0,1,15,2025-06-05,C,C,False,0.323
2025-06-20,SKU-00741,E-04L-001-3-B,E,APP,prime,45,525,4,0,4,16,2025-06-04,C,C,False,0.475
2025-06-20,SKU-00742,B-04L-015-3-B,B,APP,prime,45,150,5,0,5,13,2025-06-07,C,C,False,0.435
2025-06-20,SKU-00743,D-03R-008-4-A,D,APP,sub_prime,63,400,4,0,4,3,2025-06-17,C,C,False,0.355
2025-06-20,SKU-00744,D-03R-010-4-B,D,APP,sub_prime,63,400,5,0,5,8,2025-06-12,B,C,True,0.593
2025-06-20,SKU-00745,C-04L-013-4-A,C,APP,sub_prime,63,275,27,0,27,11,2025-06-09,B,B,False,1.74
2025-06-20,SKU-00746,D-04R-003-4-A,D,APP,sub_prime,63,400,1,0,1,8,2025-06-12,C,C,False,0.31
2025-06-20,SKU-00747,E-03R-013-3-B,E,APP,prime,45,525,8,0,8,15,2025-06-05,B,B,False,1.179
2025-06-20,SKU-00748,A-04L-009-3-A,A,APP,prime,45,50,5,0,5,8,2025-06-12,B,C,True,0.53
2025-06-20,SKU-00749,D-04R-017-4-A,D,APP,sub_prime,63,400,12,0,12,12,2025-06-08,B,B,False,0.827
2025-06-20,SKU-00750,B-04L-019-3-A,B,APP,prime,45,150,63,3,60,13,2025-06-07,A,A,False,3.796
2025-06-20,SKU-00751,C-03L-007-1-B,C,APP,floor,9,275,4,0,4,10,2025-06-10,B,C,True,0.554
2025-06-20,SKU-00752,D-03R-005-4-A,D,APP,sub_prime,63,400,3,0,3,16,2025-06-04,B,C,True,0.564
2025-06-20,SKU-00753,D-03R-007-1-B,D,APP,floor,9,400,3,0,3,18,2025-06-02,C,C,False,0.404
2025-06-20,SKU-00754,D-03L-017-2-A,D,APP,prime,27,400,6,0,6,1,2025-06-19,C,C,False,0.362
2025-06-20,SKU-00755,C-04R-020-3-A,C,APP,prime,45,275,4,0,4,8,2025-06-12,B,C,True,0.522
2025-06-20,SKU-00756,D-04R-007-2-A,D,APP,prime,27,400,3,0,3,13,2025-06-07,B,C,True,0.516
2025-06-20,SKU-00757,B-04L-014-2-A,B,APP,prime,27,150,9,0,9,18,2025-06-02,B,C,True,0.632
2025-06-20,SKU-00758,C-04R-018-4-A,C,APP,sub_prime,63,275,21,0,21,18,2025-06-02,B,B,False,1.891
2025-06-20,SKU-00759,C-04R-014-4-A,C,APP,sub_prime,63,275,12,0,12,12,2025-06-08,B,B,False,0.787
2025-06-20,SKU-00760,C-03R-018-4-B,C,APP,sub_prime,63,275,39,1,38,1,2025-06-19,A,B,True,2.424
2025-06-20,SKU-00761,B-03L-018-1-B,B,APP,floor,9,150,48,2,46,3,2025-06-17,A,A,False,2.917
2025-06-20,SKU-00762,E-03L-020-2-B,E,APP,prime,27,525,10,1,9,14,2025-06-06,B,B,False,1.086
2025-06-20,SKU-00763,D-03L-020-4-A,D,APP,sub_prime,63,400,4,0,4,13,2025-06-07,C,C,False,0.409
2025-06-20,SKU-00764,B-03L-005-4-B,B,APP,sub_prime,63,150,6,0,6,11,2025-06-09,B,C,True,0.612
2025-06-20,SKU-00765,B-04L-009-2-A,B,APP,prime,27,150,66,0,66,8,2025-06-12,A,A,False,3.434
2025-06-20,SKU-00766,E-04L-016-1-A,E,APP,floor,9,525,6,0,6,9,2025-06-11,C,C,False,0.367
2025-06-20,SKU-00767,B-03R-001-4-A,B,APP,sub_prime,63,150,8,0,8,4,2025-06-16,B,C,True,0.755
2025-06-20,SKU-00768,E-03L-020-2-A,E,APP,prime,27,525,5,0,5,8,2025-06-12,C,C,False,0.404
2025-06-20,SKU-00769,A-04R-020-3-A,A,APP,prime,45,50,53,2,51,13,2025-06-07,A,A,False,2.939
2025-06-20,SKU-00770,D-04R-019-4-A,D,APP,sub_prime,63,400,3,0,3,16,2025-06-04,C,C,False,0.315
2025-06-20,SKU-00771,A-03R-005-2-A,A,APP,prime,27,50,39,3,36,3,2025-06-17,A,B,True,2.035
2025-06-20,SKU-00772,E-04L-019-4-B,E,APP,sub_prime,63,525,95,2,93,9,2025-06-11,A,A,False,5.912
2025-06-20,SKU-00773,D-04L-007-4-A,D,APP,sub_prime,63,400,12,0,12,17,2025-06-03,B,C,True,0.626
2025-06-20,SKU-00774,B-03L-013-4-A,B,APP,sub_prime,63,150,12,0,12,6,2025-06-14,B,C,True,0.748
2025-06-20,SKU-00775,A-03R-002-3-B,A,APP,prime,45,50,54,11,43,9,2025-06-11,A,A,False,9.803
2025-06-20,SKU-00776,D-04R-014-1-A,D,APP,floor,9,400,7,0,7,8,2025-06-12,B,B,False,0.877
2025-06-20,SKU-00777,B-04L-011-3-A,B,APP,prime,45,150,4,0,4,2,2025-06-18,C,C,False,0.328
2025-06-20,SKU-00778,D-03L-019-2-A,D,APP,prime,27,400,4,0,4,1,2025-06-19,C,C,False,0.406
2025-06-20,SKU-00779,B-04L-003-4-B,B,APP,sub_prime,63,150,181,7,174,20,2025-05-31,A,A,False,15.646
2025-06-20,SKU-00780,D-03R-008-3-A,D,APP,prime,45,400,18,1,17,12,2025-06-08,B,B,False,1.453
2025-06-20,SKU-00781,D-04R-010-4-B,D,APP,sub_prime,63,400,17,1,16,6,2025-06-14,B,B,False,1.121
2025-06-20,SKU-00782,A-04L-015-2-B,A,APP,prime,27,50,15,1,14,18,2025-06-02,A,B,True,2.125
2025-06-20,SKU-00783,E-04R-014-1-A,E,APP,floor,9,525,5,0,5,19,2025-06-01,C,C,False,0.376
2025-06-20,SKU-00784,B-03L-007-1-A,B,APP,floor,9,150,7,1,6,2,2025-06-18,B,B,False,1.002
2025-06-20,SKU-00785,B-04R-003-2-A,B,APP,prime,27,150,19,0,19,17,2025-06-03,B,B,False,0.993
2025-06-20,SKU-00786,C-03L-017-4-A,C,APP,sub_prime,63,275,5,0,5,9,2025-06-11,B,B,False,1.044
2025-06-20,SKU-00787,B-04L-015-4-B,B,APP,sub_prime,63,150,6,0,6,2,2025-06-18,B,C,True,0.684
2025-06-20,SKU-00788,D-03R-014-4-B,D,APP,sub_prime,63,400,5,0,5,5,2025-06-15,B,C,True,0.526
2025-06-20,SKU-00789,E-04R-017-3-B,E,APP,prime,45,525,4,0,4,6,2025-06-14,C,C,False,0.401
2025-06-20,SKU-00790,E-04R-001-4-B,E,APP,sub_prime,63,525,2,0,2,6,2025-06-14,C,C,False,0.436
2025-06-20,SKU-00791,B-04R-007-4-B,B,APP,sub_prime,63,150,14,2,12,17,2025-06-03,B,B,False,1.754
2025-06-20,SKU-00792,C-03L-013-3-B,C,APP,prime,45,275,12,0,12,9,2025-06-11,B,B,False,1.347
2025-06-20,SKU-00793,B-03L-008-4-B,B,APP,sub_prime,63,150,48,6,42,1,2025-06-19,A,A,False,5.287
2025-06-20,SKU-00794,E-03L-012-2-A,E,APP,prime,27,525,2,0,2,15,2025-06-05,B,C,True,0.501
2025-06-20,SKU-00795,D-04R-020-2-B,D,APP,prime,27,400,3,0,3,11,2025-06-09,B,C,True,0.721
2025-06-20,SKU-00796,A-04R-013-4-A,A,APP,sub_prime,63,50,78,1,77,12,2025-06-08,A,A,False,4.781
2025-06-20,SKU-00797,D-03L-016-2-B,D,APP,prime,27,400,7,0,7,14,2025-06-06,C,C,False,0.414
2025-06-20,SKU-00798,B-03L-016-4-B,B,APP,sub_prime,63,150,35,5,30,20,2025-05-31,A,A,False,5.062
2025-06-20,SKU-00799,B-04R-015-1-B,B,APP,floor,9,150,12,0,12,2,2025-06-18,B,B,False,0.791
2025-06-20,SKU-00800,D-03R-015-1-A,D,APP,floor,9,400,6,0,6,20,2025-05-31,C,C,False,0.413
2025-06-20,SKU-00801,E-04R-020-1-A,E,APP,floor,9,525,6,0,6,19,2025-06-01,C,C,False,0.359
2025-06-20,SKU-00802,D-03R-001-1-A,D,APP,floor,9,400,3,0,3,6,2025-06-14,B,C,True,0.715
2025-06-20,SKU-00803,D-04R-005-2-A,D,APP,prime,27,400,10,0,10,7,2025-06-13,B,C,True,0.727
2025-06-20,SKU-00804,D-03L-012-3-A,D,APP,prime,45,400,14,1,13,3,2025-06-17,B,B,False,1.643
2025-06-20,SKU-00805,E-03L-009-3-A,E,APP,prime,45,525,6,0,6,9,2025-06-11,C,C,False,0.354
2025-06-20,SKU-00806,C-03L-001-3-B,C,APP,prime,45,275,2,0,2,15,2025-06-05,C,C,False,0.342
2025-06-20,SKU-00807,D-04R-006-3-B,D,APP,prime,45,400,5,0,5,6,2025-06-14,C,C,False,0.311
2025-06-20,SKU-00808,C-03L-009-2-B,C,APP,prime,27,275,10,0,10,7,2025-06-13,B,B,False,0.773
2025-06-20,SKU-00809,D-04R-019-1-B,D,APP,floor,9,400,5,0,5,13,2025-06-07,C,C,False,0.332
2025-06-20,SKU-00810,C-04L-001-1-B,C,APP,floor,9,275,3,0,3,2,2025-06-18,B,C,True,0.515
2025-06-20,SKU-00811,B-04L-015-2-A,B,APP,prime,27,150,12,0,12,10,2025-06-10,B,B,False,0.802
2025-06-20,SKU-00812,D-03L-011-2-A,D,APP,prime,27,400,4,0,4,10,2025-06-10,C,C,False,0.323
2025-06-20,SKU-00813,E-04L-003-3-B,E,APP,prime,45,525,4,0,4,7,2025-06-13,C,C,False,0.336
2025-06-20,SKU-00814,E-03L-016-2-A,E,APP,prime,27,525,4,0,4,10,2025-06-10,C,C,False,0.329
2025-06-20,SKU-00815,C-04L-011-3-B,C,APP,prime,45,275,14,0,14,11,2025-06-09,B,B,False,0.838
2025-06-20,SKU-00816,C-03L-003-1-B,C,APP,floor,9,275,7,0,7,9,2025-06-11,C,C,False,0.412
2025-06-20,SKU-00817,C-03L-020-2-A,C,APP,prime,27,275,10,0,10,6,2025-06-14,B,C,True,0.653
2025-06-20,SKU-00818,D-04L-019-2-A,D,APP,prime,27,400,3,0,3,15,2025-06-05,C,C,False,0.443
2025-06-20,SKU-00819,E-04L-011-4-A,E,APP,sub_prime,63,525,1,0,1,11,2025-06-09,C,C,False,0.379
2025-06-20,SKU-00820,E-04L-010-3-B,E,APP,prime,45,525,3,0,3,17,2025-06-03,C,C,False,0.428
2025-06-20,SKU-00821,C-04R-006-3-B,C,APP,prime,45,275,2,0,2,14,2025-06-06,B,C,True,0.574
2025-06-20,SKU-00822,B-04L-017-3-B,B,APP,prime,45,150,4,0,4,1,2025-06-19,C,C,False,0.393
2025-06-20,SKU-00823,D-03L-016-2-A,D,APP,prime,27,400,5,0,5,13,2025-06-07,C,C,False,0.485
2025-06-20,SKU-00824,D-03L-012-1-B,D,APP,floor,9,400,1,0,1,13,2025-06-07,C,C,False,0.338
2025-06-20,SKU-00825,B-03R-013-1-A,B,APP,floor,9,150,6,1,5,17,2025-06-03,B,B,False,1.085
2025-06-20,SKU-00826,D-04R-014-3-B,D,APP,prime,45,400,4,0,4,11,2025-06-09,C,C,False,0.403
2025-06-20,SKU-00827,C-03L-019-1-A,C,APP,floor,9,275,34,0,34,11,2025-06-09,B,B,False,1.685
2025-06-20,SKU-00828,C-03R-010-2-B,C,APP,prime,27,275,3,0,3,1,2025-06-19,C,C,False,0.319
2025-06-20,SKU-00829,D-03R-013-3-A,D,APP,prime,45,400,12,0,12,18,2025-06-02,B,B,False,0.785
2025-06-20,SKU-00830,D-04R-019-4-B,D,APP,sub_prime,63,400,4,0,4,20,2025-05-31,B,C,True,0.721
2025-06-20,SKU-00831,A-03R-004-3-B,A,APP,prime,45,50,351,27,324,12,2025-06-08,A,A,False,18.44
2025-06-20,SKU-00832,C-04R-017-4-B,C,APP,sub_prime,63,275,4,0,4,15,2025-06-05,B,B,False,0.793
2025-06-20,SKU-00833,E-04R-020-2-A,E,APP,prime,27,525,6,0,6,3,2025-06-17,C,C,False,0.391
2025-06-20,SKU-00834,D-04L-016-1-B,D,APP,floor,9,400,4,0,4,8,2025-06-12,B,C,True,0.598
2025-06-20,SKU-00835,D-03L-015-3-A,D,APP,prime,45,400,8,0,8,8,2025-06-12,B,C,True,0.626
2025-06-20,SKU-00836,D-04L-002-3-B,D,APP,prime,45,400,5,0,5,7,2025-06-13,C,C,False,0.435
2025-06-20,SKU-00837,D-03L-003-4-A,D,APP,sub_prime,63,400,19,0,19,2,2025-06-18,B,B,False,1.03
2025-06-20,SKU-00838,A-03L-009-1-B,A,APP,floor,9,50,1039,8,1031,2,2025-06-18,A,A,False,53.412
2025-06-20,SKU-00839,B-04R-011-4-B,B,APP,sub_prime,63,150,62,0,62,6,2025-06-14,A,A,False,3.317
2025-06-20,SKU-00840,B-04R-010-2-A,B,APP,prime,27,150,18,0,18,19,2025-06-01,B,B,False,1.099
2025-06-20,SKU-00841,D-04R-010-1-B,D,APP,floor,9,400,83,9,74,20,2025-05-31,A,A,False,7.784
2025-06-20,SKU-00842,C-03R-015-1-A,C,APP,floor,9,275,13,0,13,19,2025-06-01,B,C,True,0.686
2025-06-20,SKU-00843,B-04R-012-3-B,B,APP,prime,45,150,26,6,20,5,2025-06-15,A,A,False,4.198
2025-06-20,SKU-00844,D-04R-013-3-B,D,APP,prime,45,400,4,0,4,2,2025-06-18,B,C,True,0.514
2025-06-20,SKU-00845,E-03L-005-4-A,E,APP,sub_prime,63,525,9,0,9,19,2025-06-01,C,C,False,0.487
2025-06-20,SKU-00846,A-04R-012-2-B,A,APP,prime,27,50,3,0,3,15,2025-06-05,C,C,False,0.313
2025-06-20,SKU-00847,C-04R-002-1-B,C,APP,floor,9,275,5,0,5,9,2025-06-11,B,C,True,0.579
2025-06-20,SKU-00848,C-03R-007-2-B,C,APP,prime,27,275,7,1,6,15,2025-06-05,B,B,False,1.108
2025-06-20,SKU-00849,E-04L-013-3-B,E,APP,prime,45,525,5,0,5,15,2025-06-05,C,C,False,0.314
2025-06-20,SKU-00850,B-04R-020-2-A,B,APP,prime,27,150,23,0,23,19,2025-06-01,A,B,True,2.405
2025-06-20,SKU-00851,D-04L-015-1-B,D,APP,floor,9,400,19,1,18,9,2025-06-11,B,B,False,1.263
2025-06-20,SKU-00852,D-04L-008-3-A,D,APP,prime,45,400,2,0,2,7,2025-06-13,B,C,True,0.573
2025-06-20,SKU-00853,D-04L-017-3-A,D,APP,prime,45,400,6,0,6,17,2025-06-03,C,C,False,0.433
2025-06-20,SKU-00854,D-04R-006-4-A,D,APP,sub_prime,63,400,20,0,20,8,2025-06-12,B,B,False,1.489
2025-06-20,SKU-00855,E-04R-014-4-B,E,APP,sub_prime,63,525,3,0,3,4,2025-06-16,C,C,False,0.334
2025-06-20,SKU-00856,A-03R-009-2-B,A,APP,prime,27,50,11,0,11,10,2025-06-10,B,B,False,0.986
2025-06-20,SKU-00857,C-03R-012-3-A,C,APP,prime,45,275,6,0,6,1,2025-06-19,B,C,True,0.578
2025-06-20,SKU-00858,B-04L-005-1-B,B,APP,floor,9,150,15,0,15,19,2025-06-01,B,B,False,0.94
2025-06-20,SKU-00859,C-04L-007-3-A,C,APP,prime,45,275,17,1,16,14,2025-06-06,B,B,False,1.248
2025-06-20,SKU-00860,D-04R-016-3-B,D,APP,prime,45,400,4,0,4,16,2025-06-04,C,C,False,0.38
2025-06-20,SKU-00861,E-03L-014-3-A,E,APP,prime,45,525,4,0,4,3,2025-06-17,C,C,False,0.444
2025-06-20,SKU-00862,E-04L-011-2-B,E,APP,prime,27,525,4,0,4,13,2025-06-07,C,C,False,0.36
2025-06-20,SKU-00863,D-03L-001-4-A,D,APP,sub_prime,63,400,4,0,4,16,2025-06-04,C,C,False,0.451
2025-06-20,SKU-00864,C-03L-016-3-B,C,APP,prime,45,275,2,0,2,8,2025-06-12,C,C,False,0.36
2025-06-20,SKU-00865,E-04R-019-2-B,E,APP,prime,27,525,3,0,3,3,2025-06-17,C,C,False,0.46
2025-06-20,SKU-00866,C-03R-004-4-A,C,APP,sub_prime,63,275,21,2,19,15,2025-06-05,A,B,True,2.245
2025-06-20,SKU-00867,A-04R-001-1-A,A,APP,floor,9,50,15,5,10,2,2025-06-18,A,A,False,3.008
2025-06-20,SKU-00868,D-04R-009-4-A,D,APP,sub_prime,63,400,6,0,6,6,2025-06-14,B,B,False,0.92
2025-06-20,SKU-00869,D-04L-001-2-A,D,APP,prime,27,400,8,0,8,18,2025-06-02,C,C,False,0.436
2025-06-20,SKU-00870,D-03L-018-3-B,D,APP,prime,45,400,13,1,12,15,2025-06-05,B,B,False,1.001
2025-06-20,SKU-00871,A-03R-010-4-B,A,APP,sub_prime,63,50,58,3,55,7,2025-06-13,A,A,False,4.516
2025-06-20,SKU-00872,A-04L-005-1-A,A,APP,floor,9,50,4564,766,3798,16,2025-06-04,A,A,False,387.236
2025-06-20,SKU-00873,C-04L-020-4-A,C,APP,sub_prime,63,275,8,0,8,11,2025-06-09,B,C,True,0.502
2025-06-20,SKU-00874,D-04R-017-1-A,D,APP,floor,9,400,3,0,3,3,2025-06-17,C,C,False,0.319
2025-06-20,SKU-00875,B-04R-015-4-B,B,APP,sub_prime,63,150,9,0,9,2,2025-06-18,B,B,False,0.822
2025-06-20,SKU-00876,D-03L-007-3-A,D,APP,prime,45,400,8,0,8,16,2025-06-04,C,C,False,0.477
2025-06-20,SKU-00877,B-04R-001-3-B,B,APP,prime,45,150,17,1,16,10,2025-06-10,B,B,False,1.208
2025-06-20,SKU-00878,C-04L-016-3-A,C,APP,prime,45,275,6,0,6,2,2025-06-18,B,C,True,0.562
2025-06-20,SKU-00879,B-04L-004-1-B,B,APP,floor,9,150,4,0,4,13,2025-06-07,C,C,False,0.366
2025-06-20,SKU-00880,C-03R-014-1-B,C,APP,floor,9,275,5,0,5,13,2025-06-07,B,C,True,0.674
2025-06-20,SKU-00881,D-04R-006-4-B,D,APP,sub_prime,63,400,10,0,10,20,2025-05-31,B,B,False,0.8
2025-06-20,SKU-00882,E-03L-009-3-B,E,APP,prime,45,525,1,0,1,1,2025-06-19,C,C,False,0.365
2025-06-20,SKU-00883,D-04R-003-1-B,D,APP,floor,9,400,7,0,7,16,2025-06-04,C,C,False,0.394
2025-06-20,SKU-00884,D-04R-002-4-B,D,APP,sub_prime,63,400,4,0,4,19,2025-06-01,B,C,True,0.576
2025-06-20,SKU-00885,E-03L-019-4-B,E,APP,sub_prime,63,525,6,0,6,17,2025-06-03,C,C,False,0.451
2025-06-20,SKU-00886,B-04R-008-2-B,B,APP,prime,27,150,13,0,13,8,2025-06-12,B,C,True,0.708
2025-06-20,SKU-00887,C-04R-010-2-A,C,APP,prime,27,275,8,0,8,6,2025-06-14,C,C,False,0.442
2025-06-20,SKU-00888,E-03R-015-4-B,E,APP,sub_prime,63,525,7,0,7,4,2025-06-16,C,C,False,0.41
2025-06-20,SKU-00889,E-03R-007-1-A,E,APP,floor,9,525,8,0,8,16,2025-06-04,C,C,False,0.454
2025-06-20,SKU-00890,E-04R-015-1-B,E,APP,floor,9,525,2,0,2,20,2025-05-31,C,C,False,0.355
2025-06-20,SKU-00891,D-04L-006-3-A,D,APP,prime,45,400,20,1,19,12,2025-06-08,B,B,False,1.341
2025-06-20,SKU-00892,C-03L-012-1-A,C,APP,floor,9,275,6,0,6,17,2025-06-03,C,C,False,0.397
2025-06-20,SKU-00893,E-03R-001-4-B,E,APP,sub_prime,63,525,4,0,4,19,2025-06-01,C,C,False,0.322
2025-06-20,SKU-00894,A-04L-005-3-A,A,APP,prime,45,50,5,0,5,13,2025-06-07,B,C,True,0.517
2025-06-20,SKU-00895,A-03R-012-2-A,A,APP,prime,27,50,35,1,34,13,2025-06-07,A,A,False,3.458
2025-06-20,SKU-00896,E-03R-002-3-A,E,APP,prime,45,525,5,0,5,2,2025-06-18,C,C,False,0.425
2025-06-20,SKU-00897,C-03R-009-4-A,C,APP,sub_prime,63,275,7,1,6,20,2025-05-31,B,B,False,1.047
2025-06-20,SKU-00898,A-04R-013-2-B,A,APP,prime,27,50,53,2,51,11,2025-06-09,A,A,False,2.786
2025-06-20,SKU-00899,A-04R-012-3-B,A,APP,prime,45,50,17,0,17,7,2025-06-13,B,B,False,1.246
2025-06-20,SKU-00900,B-04L-012-1-B,B,APP,floor,9,150,5,0,5,11,2025-06-09,B,C,True,0.565
2025-06-20,SKU-00901,D-03L-016-3-B,D,APP,prime,45,400,1,0,1,19,2025-06-01,C,C,False,0.37
2025-06-20,SKU-00902,D-03L-006-4-A,D,APP,sub_prime,63,400,9,0,9,20,2025-05-31,B,B,False,1.648
2025-06-20,SKU-00903,D-03L-001-3-A,D,APP,prime,45,400,11,0,11,1,2025-06-19,B,C,True,0.724
2025-06-20,SKU-00904,D-03R-005-1-B,D,APP,floor,9,400,5,0,5,9,2025-06-11,C,C,False,0.35
2025-06-20,SKU-00905,C-04R-002-2-A,C,APP,prime,27,275,18,1,17,17,2025-06-03,B,B,False,1.004
2025-06-20,SKU-00906,C-04R-018-2-A,C,APP,prime,27,275,4,0,4,20,2025-05-31,C,C,False,0.331
2025-06-20,SKU-00907,C-03R-014-4-B,C,APP,sub_prime,63,275,5,0,5,1,2025-06-19,B,B,False,0.901
2025-06-20,SKU-00908,C-03R-012-3-B,C,APP,prime,45,275,15,0,15,20,2025-05-31,B,B,False,0.865
2025-06-20,SKU-00909,D-04R-015-2-B,D,APP,prime,27,400,2,0,2,14,2025-06-06,C,C,False,0.376
2025-06-20,SKU-00910,B-04R-014-3-A,B,APP,prime,45,150,326,38,288,9,2025-06-11,A,A,False,24.202
2025-06-20,SKU-00911,E-03L-013-4-B,E,APP,sub_prime,63,525,3,0,3,6,2025-06-14,C,C,False,0.348
2025-06-20,SKU-00912,A-04R-018-1-B,A,APP,floor,9,50,91,6,85,12,2025-06-08,A,A,False,4.766
2025-06-20,SKU-00913,E-04R-002-4-B,E,APP,sub_prime,63,525,7,0,7,3,2025-06-17,C,C,False,0.396
2025-06-20,SKU-00914,C-04L-008-4-A,C,APP,sub_prime,63,275,10,0,10,8,2025-06-12,B,C,True,0.663
2025-06-20,SKU-00915,D-03L-006-4-B,D,APP,sub_prime,63,400,18,1,17,10,2025-06-10,B,B,False,1.76
2025-06-20,SKU-00916,D-04L-020-2-B,D,APP,prime,27,400,4,0,4,12,2025-06-08,B,C,True,0.586
2025-06-20,SKU-00917,D-04L-007-2-B,D,APP,prime,27,400,5,0,5,14,2025-06-06,B,C,True,0.593
2025-06-20,SKU-00918,C-04L-015-2-B,C,APP,prime,27,275,18,1,17,9,2025-06-11,B,B,False,1.42
2025-06-20,SKU-00919,A-04L-012-1-A,A,APP,floor,9,50,19,1,18,8,2025-06-12,A,B,True,2.573
2025-06-20,SKU-00920,A-03R-014-3-B,A,APP,prime,45,50,94,7,87,17,2025-06-03,A,A,False,4.708
2025-06-20,SKU-00921,E-04L-008-1-A,E,APP,floor,9,525,3,0,3,8,2025-06-12,C,C,False,0.323
2025-06-20,SKU-00922,D-03R-017-4-A,D,APP,sub_prime,63,400,2,0,2,10,2025-06-10,C,C,False,0.34
2025-06-20,SKU-00923,D-03L-013-4-A,D,APP,sub_prime,63,400,5,0,5,6,2025-06-14,C,C,False,0.351
2025-06-20,SKU-00924,C-03R-015-2-B,C,APP,prime,27,275,2,0,2,16,2025-06-04,C,C,False,0.479
2025-06-20,SKU-00925,B-04R-015-2-B,B,APP,prime,27,150,138,17,121,1,2025-06-19,A,A,False,15.969
2025-06-20,SKU-00926,E-04L-008-4-B,E,APP,sub_prime,63,525,7,0,7,16,2025-06-04,C,C,False,0.426
2025-06-20,SKU-00927,E-04R-017-1-A,E,APP,floor,9,525,6,0,6,13,2025-06-07,C,C,False,0.469
2025-06-20,SKU-00928,C-04L-004-4-A,C,APP,sub_prime,63,275,2,0,2,20,2025-05-31,B,C,True,0.521
2025-06-20,SKU-00929,B-04R-019-4-B,B,APP,sub_prime,63,150,16,0,16,16,2025-06-04,B,B,False,0.963
2025-06-20,SKU-00930,C-03L-005-2-B,C,APP,prime,27,275,26,2,24,8,2025-06-12,B,B,False,1.526
2025-06-20,SKU-00931,B-04L-010-3-B,B,APP,prime,45,150,26,0,26,17,2025-06-03,B,B,False,1.766
2025-06-20,SKU-00932,B-03R-019-2-B,B,APP,prime,27,150,4,0,4,17,2025-06-03,B,C,True,0.505
2025-06-20,SKU-00933,C-03R-012-4-B,C,APP,sub_prime,63,275,10,0,10,4,2025-06-16,B,C,True,0.736
2025-06-20,SKU-00934,B-03L-017-4-A,B,APP,sub_prime,63,150,23,2,21,13,2025-06-07,A,B,True,2.278
2025-06-20,SKU-00935,E-03L-013-1-B,E,APP,floor,9,525,2,0,2,3,2025-06-17,C,C,False,0.373
2025-06-20,SKU-00936,C-04R-020-4-B,C,APP,sub_prime,63,275,1,0,1,11,2025-06-09,C,C,False,0.355
2025-06-20,SKU-00937,D-03L-009-1-A,D,APP,floor,9,400,4,0,4,3,2025-06-17,B,C,True,0.536
2025-06-20,SKU-00938,E-03L-007-1-A,E,APP,floor,9,525,2,0,2,20,2025-05-31,C,C,False,0.405
2025-06-20,SKU-00939,C-03R-003-4-A,C,APP,sub_prime,63,275,12,0,12,5,2025-06-15,B,C,True,0.717
2025-06-20,SKU-00940,A-03R-006-3-B,A,APP,prime,45,50,138,0,138,5,2025-06-15,A,A,False,11.064
2025-06-20,SKU-00941,C-03L-002-4-A,C,APP,sub_prime,63,275,15,0,15,14,2025-06-06,B,B,False,1.304
2025-06-20,SKU-00942,A-04R-009-4-B,A,APP,sub_prime,63,50,58,1,57,3,2025-06-17,A,A,False,6.221
2025-06-20,SKU-00943,A-03R-012-3-A,A,APP,prime,45,50,3,0,3,9,2025-06-11,B,C,True,0.489
2025-06-20,SKU-00944,E-04R-020-3-A,E,APP,prime,45,525,15,0,15,19,2025-06-01,B,B,False,0.914
2025-06-20,SKU-00945,C-03R-014-1-A,C,APP,floor,9,275,5,0,5,12,2025-06-08,C,C,False,0.41
2025-06-20,SKU-00946,C-04L-010-2-A,C,APP,prime,27,275,18,1,17,15,2025-06-05,B,B,False,1.061
2025-06-20,SKU-00947,D-03L-005-1-A,D,APP,floor,9,400,1,0,1,13,2025-06-07,C,C,False,0.33
2025-06-20,SKU-00948,C-04L-003-1-B,C,APP,floor,9,275,5,0,5,14,2025-06-06,B,C,True,0.492
2025-06-20,SKU-00949,D-03L-013-1-B,D,APP,floor,9,400,3,0,3,6,2025-06-14,C,C,False,0.459
2025-06-20,SKU-00950,B-04R-013-2-B,B,APP,prime,27,150,29,0,29,18,2025-06-02,A,A,False,3.002
2025-06-20,SKU-00951,B-03R-010-1-A,B,APP,floor,9,150,10,0,10,8,2025-06-12,B,C,True,0.569
2025-06-20,SKU-00952,C-03L-020-1-B,C,APP,floor,9,275,4,0,4,9,2025-06-11,B,C,True,0.631
2025-06-20,SKU-00953,D-03L-009-3-A,D,APP,prime,45,400,9,0,9,15,2025-06-05,C,C,False,0.476
2025-06-20,SKU-00954,E-04R-015-2-B,E,APP,prime,27,525,4,0,4,10,2025-06-10,C,C,False,0.324
2025-06-20,SKU-00955,B-03L-001-3-A,B,APP,prime,45,150,6,0,6,6,2025-06-14,B,C,True,0.72
2025-06-20,SKU-00956,D-04L-015-1-A,D,APP,floor,9,400,16,0,16,10,2025-06-10,B,B,False,0.811
2025-06-20,SKU-00957,C-03L-015-1-B,C,APP,floor,9,275,7,0,7,14,2025-06-06,B,C,True,0.493
2025-06-20,SKU-00958,B-03L-012-2-A,B,APP,prime,27,150,70,5,65,11,2025-06-09,A,A,False,6.027
2025-06-20,SKU-00959,E-03R-012-1-B,E,APP,floor,9,525,1,0,1,3,2025-06-17,C,C,False,0.322
2025-06-20,SKU-00960,D-04R-014-1-B,D,APP,floor,9,400,19,0,19,4,2025-06-16,B,B,False,1.077
2025-06-20,SKU-00961,C-04L-019-1-A,C,APP,floor,9,275,7,0,7,19,2025-06-01,B,C,True,0.678
2025-06-20,SKU-00962,D-03L-014-4-B,D,APP,sub_prime,63,400,9,0,9,17,2025-06-03,B,B,False,1.037
2025-06-20,SKU-00963,D-04R-005-1-B,D,APP,floor,9,400,1,0,1,12,2025-06-08,C,C,False,0.341
2025-06-20,SKU-00964,B-03L-020-4-A,B,APP,sub_prime,63,150,7,0,7,15,2025-06-05,B,B,False,0.996
2025-06-20,SKU-00965,A-03L-019-1-A,A,APP,floor,9,50,5,0,5,15,2025-06-05,B,C,True,0.497
2025-06-20,SKU-00966,D-04R-009-2-A,D,APP,prime,27,400,5,0,5,17,2025-06-03,C,C,False,0.372
2025-06-20,SKU-00967,C-04R-015-3-A,C,APP,prime,45,275,13,0,13,11,2025-06-09,A,B,True,2.315
2025-06-20,SKU-00968,D-04L-016-3-A,D,APP,prime,45,400,25,0,25,6,2025-06-14,B,B,False,1.793
2025-06-20,SKU-00969,C-04R-002-4-A,C,APP,sub_prime,63,275,12,0,12,19,2025-06-01,B,B,False,0.95
2025-06-20,SKU-00970,C-03L-001-3-A,C,APP,prime,45,275,6,0,6,20,2025-05-31,C,C,False,0.348
2025-06-20,SKU-00971,B-04L-002-4-A,B,APP,sub_prime,63,150,15,1,14,18,2025-06-02,B,B,False,1.176
2025-06-20,SKU-00972,D-04L-005-1-A,D,APP,floor,9,400,3,0,3,10,2025-06-10,C,C,False,0.356
2025-06-20,SKU-00973,E-03R-003-1-A,E,APP,floor,9,525,2,0,2,6,2025-06-14,C,C,False,0.362
2025-06-20,SKU-00974,A-03L-013-3-B,A,APP,prime,45,50,145,6,139,20,2025-05-31,A,A,False,7.903
2025-06-20,SKU-00975,C-04R-001-1-A,C,APP,floor,9,275,9,0,9,13,2025-06-07,B,B,False,0.903
2025-06-20,SKU-00976,E-03L-011-1-B,E,APP,floor,9,525,1,0,1,18,2025-06-02,C,C,False,0.342
2025-06-20,SKU-00977,E-04R-011-4-B,E,APP,sub_prime,63,525,5,0,5,16,2025-06-04,C,C,False,0.373
2025-06-20,SKU-00978,C-03L-009-4-B,C,APP,sub_prime,63,275,8,0,8,9,2025-06-11,B,B,False,0.789
2025-06-20,SKU-00979,D-03R-004-3-A,D,APP,prime,45,400,66,0,66,6,2025-06-14,A,A,False,4.267
2025-06-20,SKU-00980,D-04L-005-4-A,D,APP,sub_prime,63,400,9,0,9,13,2025-06-07,B,C,True,0.581
2025-06-20,SKU-00981,C-03R-001-2-B,C,APP,prime,27,275,26,0,26,1,2025-06-19,B,B,False,1.508
2025-06-20,SKU-00982,C-04R-008-3-A,C,APP,prime,45,275,8,0,8,3,2025-06-17,B,C,True,0.522
2025-06-20,SKU-00983,A-03R-013-4-B,A,APP,sub_prime,63,50,97,0,97,18,2025-06-02,A,A,False,9.561
2025-06-20,SKU-00984,E-03R-015-1-B,E,APP,floor,9,525,7,0,7,1,2025-06-19,C,C,False,0.454
2025-06-20,SKU-00985,B-04L-011-1-B,B,APP,floor,9,150,16,0,16,14,2025-06-06,B,B,False,0.879
2025-06-20,SKU-00986,E-03L-002-2-B,E,APP,prime,27,525,4,0,4,11,2025-06-09,C,C,False,0.359
2025-06-20,SKU-00987,D-04L-008-2-B,D,APP,prime,27,400,3,0,3,6,2025-06-14,C,C,False,0.372
2025-06-20,SKU-00988,B-03L-020-3-B,B,APP,prime,45,150,8,0,8,9,2025-06-11,B,C,True,0.489
2025-06-20,SKU-00989,B-03L-020-2-A,B,APP,prime,27,150,22,2,20,1,2025-06-19,A,B,True,2.235
2025-06-20,SKU-00990,B-04R-010-1-A,B,APP,floor,9,150,12,2,10,7,2025-06-13,B,B,False,1.65
2025-06-20,SKU-00991,E-04L-011-4-B,E,APP,sub_prime,63,525,5,0,5,6,2025-06-14,C,C,False,0.448
2025-06-20,SKU-00992,B-04R-003-4-A,B,APP,sub_prime,63,150,33,1,32,2,2025-06-18,A,B,True,2.06
2025-06-20,SKU-00993,A-03L-015-4-B,A,APP,sub_prime,63,50,17,3,14,9,2025-06-11,A,B,True,2.074
2025-06-20,SKU-00994,D-04L-014-3-A,D,APP,prime,45,400,1,0,1,8,2025-06-12,C,C,False,0.318
2025-06-20,SKU-00995,C-04R-017-4-A,C,APP,sub_prime,63,275,14,0,14,17,2025-06-03,B,B,False,0.895
2025-06-20,SKU-00996,E-03R-006-2-B,E,APP,prime,27,525,3,0,3,9,2025-06-11,C,C,False,0.371
2025-06-20,SKU-00997,D-04L-008-3-B,D,APP,prime,45,400,2,0,2,14,2025-06-06,C,C,False,0.443
2025-06-20,SKU-00998,D-04R-003-2-A,D,APP,prime,27,400,4,0,4,16,2025-06-04,C,C,False,0.355
2025-06-20,SKU-00999,D-04L-012-2-A,D,APP,prime,27,400,5,0,5,6,2025-06-14,B,C,True,0.526
2025-06-20,SKU-01000,D-03R-007-2-B,D,APP,prime,27,400,5,0,5,1,2025-06-19,C,C,False,0.341
2025-06-20,SKU-01001,C-03R-004-2-A,C,APP,prime,27,275,2,0,2,9,2025-06-11,B,C,True,0.496
2025-06-20,SKU-01002,E-04R-016-2-B,E,APP,prime,27,525,1,0,1,9,2025-06-11,C,C,False,0.343
2025-06-20,SKU-01003,C-03L-002-3-A,C,APP,prime,45,275,13,0,13,7,2025-06-13,B,B,False,0.831
2025-06-20,SKU-01004,B-03L-007-3-B,B,APP,prime,45,150,16,0,16,13,2025-06-07,B,B,False,0.849
2025-06-20,SKU-01005,A-04R-013-1-B,A,APP,floor,9,50,90,5,85,6,2025-06-14,A,A,False,5.633
2025-06-20,SKU-01006,E-04L-008-2-B,E,APP,prime,27,525,6,0,6,1,2025-06-19,C,C,False,0.404
2025-06-20,SKU-01007,C-03L-005-3-A,C,APP,prime,45,275,4,0,4,4,2025-06-16,B,C,True,0.731
2025-06-20,SKU-01008,A-04L-017-4-A,A,APP,sub_prime,63,50,35,2,33,3,2025-06-17,A,B,True,2.033
2025-06-20,SKU-01009,C-03R-019-1-B,C,APP,floor,9,275,17,0,17,11,2025-06-09,B,B,False,0.926
2025-06-20,SKU-01010,D-03L-019-3-B,D,APP,prime,45,400,5,0,5,18,2025-06-02,C,C,False,0.388
2025-06-20,SKU-01011,D-03R-009-1-B,D,APP,floor,9,400,10,0,10,20,2025-05-31,B,B,False,0.798
2025-06-20,SKU-01012,E-03L-006-3-A,E,APP,prime,45,525,5,0,5,2,2025-06-18,C,C,False,0.444
2025-06-20,SKU-01013,B-04L-018-4-A,B,APP,sub_prime,63,150,9,0,9,17,2025-06-03,B,C,True,0.715
2025-06-20,SKU-01014,E-04L-001-2-A,E,APP,prime,27,525,5,0,5,14,2025-06-06,C,C,False,0.418
2025-06-20,SKU-01015,A-03R-009-3-A,A,APP,prime,45,50,205,2,203,20,2025-05-31,A,A,False,12.492
2025-06-20,SKU-01016,C-03L-014-1-B,C,APP,floor,9,275,5,0,5,18,2025-06-02,C,C,False,0.325
2025-06-20,SKU-01017,C-04R-020-1-B,C,APP,floor,9,275,18,0,18,10,2025-06-10,B,B,False,0.985
2025-06-20,SKU-01018,C-04L-006-2-B,C,APP,prime,27,275,7,0,7,14,2025-06-06,C,C,False,0.416
2025-06-20,SKU-01019,B-03R-014-1-A,B,APP,floor,9,150,1178,61,1117,16,2025-06-04,A,A,False,57.368
2025-06-20,SKU-01020,D-04L-013-1-A,D,APP,floor,9,400,4,0,4,3,2025-06-17,C,C,False,0.368
2025-06-20,SKU-01021,B-04R-020-3-B,B,APP,prime,45,150,25,1,24,15,2025-06-05,B,B,False,1.282
2025-06-20,SKU-01022,C-03L-013-3-A,C,APP,prime,45,275,3,0,3,10,2025-06-10,B,C,True,0.677
2025-06-20,SKU-01023,E-04R-010-4-B,E,APP,sub_prime,63,525,1,0,1,15,2025-06-05,C,C,False,0.327
2025-06-20,SKU-01024,D-04L-004-2-A,D,APP,prime,27,400,5,0,5,20,2025-05-31,B,C,True,0.576
2025-06-20,SKU-01025,E-04R-003-1-A,E,APP,floor,9,525,3,0,3,2,2025-06-18,C,C,False,0.384
2025-06-20,SKU-01026,D-03L-015-1-B,D,APP,floor,9,400,3,0,3,6,2025-06-14,C,C,False,0.331
2025-06-20,SKU-01027,C-04R-007-4-A,C,APP,sub_prime,63,275,27,2,25,13,2025-06-07,B,B,False,1.502
2025-06-20,SKU-01028,C-04L-009-4-B,C,APP,sub_prime,63,275,5,0,5,16,2025-06-04,B,C,True,0.494
2025-06-20,SKU-01029,B-03R-013-3-B,B,APP,prime,45,150,22,0,22,13,2025-06-07,B,B,False,1.84
2025-06-20,SKU-01030,D-03R-012-4-B,D,APP,sub_prime,63,400,5,0,5,2,2025-06-18,C,C,False,0.313
2025-06-20,SKU-01031,D-03L-010-1-B,D,APP,floor,9,400,7,0,7,10,2025-06-10,B,C,True,0.553
2025-06-20,SKU-01032,A-03L-009-3-B,A,APP,prime,45,50,30,6,24,2,2025-06-18,A,A,False,4.949
2025-06-20,SKU-01033,C-03R-010-1-A,C,APP,floor,9,275,48,15,33,16,2025-06-04,A,A,False,8.067
2025-06-20,SKU-01034,D-03R-012-2-B,D,APP,prime,27,400,5,0,5,11,2025-06-09,C,C,False,0.323
2025-06-20,SKU-01035,C-04L-019-4-A,C,APP,sub_prime,63,275,26,3,23,18,2025-06-02,A,B,True,2.166
2025-06-20,SKU-01036,B-03R-004-1-A,B,APP,floor,9,150,3,0,3,4,2025-06-16,C,C,False,0.464
2025-06-20,SKU-01037,C-03R-001-3-A,C,APP,prime,45,275,19,2,17,2,2025-06-18,B,B,False,1.835
2025-06-20,SKU-01038,D-04R-002-3-B,D,APP,prime,45,400,2,0,2,7,2025-06-13,C,C,False,0.324
2025-06-20,SKU-01039,C-03R-020-2-B,C,APP,prime,27,275,20,1,19,3,2025-06-17,B,B,False,1.155
2025-06-20,SKU-01040,B-04R-019-4-A,B,APP,sub_prime,63,150,127,25,102,3,2025-06-17,A,A,False,15.336
2025-06-20,SKU-01041,E-03L-012-4-B,E,APP,sub_prime,63,525,6,0,6,5,2025-06-15,C,C,False,0.432
2025-06-20,SKU-01042,D-04R-006-1-A,D,APP,floor,9,400,7,0,7,1,2025-06-19,C,C,False,0.418
2025-06-20,SKU-01043,A-03L-007-2-B,A,APP,prime,27,50,43,0,43,12,2025-06-08,A,A,False,4.327
2025-06-20,SKU-01044,E-04R-011-2-A,E,APP,prime,27,525,5,0,5,15,2025-06-05,C,C,False,0.362
2025-06-20,SKU-01045,C-04L-009-1-A,C,APP,floor,9,275,9,0,9,3,2025-06-17,B,B,False,0.971
2025-06-20,SKU-01046,B-03R-016-2-B,B,APP,prime,27,150,11,0,11,10,2025-06-10,B,C,True,0.713
2025-06-20,SKU-01047,D-04L-010-1-A,D,APP,floor,9,400,1,0,1,2,2025-06-18,C,C,False,0.312
2025-06-20,SKU-01048,E-03L-015-1-A,E,APP,floor,9,525,1,0,1,11,2025-06-09,C,C,False,0.347
2025-06-20,SKU-01049,D-04R-013-2-B,D,APP,prime,27,400,4,0,4,3,2025-06-17,C,C,False,0.445
2025-06-20,SKU-01050,E-03R-014-3-B,E,APP,prime,45,525,5,0,5,18,2025-06-02,C,C,False,0.382
2025-06-20,SKU-01051,D-04R-014-3-A,D,APP,prime,45,400,6,0,6,4,2025-06-16,C,C,False,0.433
2025-06-20,SKU-01052,D-04R-020-3-A,D,APP,prime,45,400,16,1,15,10,2025-06-10,B,B,False,1.27
2025-06-20,SKU-01053,C-03R-015-1-B,C,APP,floor,9,275,15,0,15,8,2025-06-12,B,B,False,0.9
2025-06-20,SKU-01054,B-03R-017-2-B,B,APP,prime,27,150,107,4,103,8,2025-06-12,A,A,False,5.612
2025-06-20,SKU-01055,E-04L-003-2-B,E,APP,prime,27,525,4,0,4,7,2025-06-13,C,C,False,0.42
2025-06-20,SKU-01056,C-04R-013-4-A,C,APP,sub_prime,63,275,11,0,11,8,2025-06-12,B,C,True,0.626
2025-06-20,SKU-01057,C-03R-015-4-B,C,APP,sub_prime,63,275,5,0,5,15,2025-06-05,B,C,True,0.543
2025-06-20,SKU-01058,B-04R-020-1-A,B,APP,floor,9,150,23,0,23,18,2025-06-02,B,B,False,1.229
2025-06-20,SKU-01059,B-04R-012-1-A,B,APP,floor,9,150,8,0,8,4,2025-06-16,B,C,True,0.69
2025-06-20,SKU-01060,D-04R-009-1-B,D,APP,floor,9,400,3,0,3,13,2025-06-07,B,C,True,0.516
2025-06-20,SKU-01061,D-03L-007-2-B,D,APP,prime,27,400,26,1,25,15,2025-06-05,B,B,False,1.887
2025-06-20,SKU-01062,D-04R-017-2-A,D,APP,prime,27,400,4,0,4,6,2025-06-14,C,C,False,0.39
2025-06-20,SKU-01063,B-04L-009-1-A,B,APP,floor,9,150,9,0,9,11,2025-06-09,B,C,True,0.717
2025-06-20,SKU-01064,C-04L-014-3-B,C,APP,prime,45,275,10,0,10,18,2025-06-02,B,B,False,1.106
2025-06-20,SKU-01065,D-03R-016-3-A,D,APP,prime,45,400,3,0,3,20,2025-05-31,C,C,False,0.33
2025-06-20,SKU-01066,B-03L-010-4-B,B,APP,sub_prime,63,150,4,0,4,17,2025-06-03,C,C,False,0.47
2025-06-20,SKU-01067,D-03R-008-1-B,D,APP,floor,9,400,5,0,5,6,2025-06-14,C,C,False,0.445
2025-06-20,SKU-01068,B-03L-012-3-B,B,APP,prime,45,150,185,4,181,14,2025-06-06,A,A,False,11.824
2025-06-20,SKU-01069,C-04L-017-4-A,C,APP,sub_prime,63,275,31,0,31,18,2025-06-02,A,B,True,2.34
2025-06-20,SKU-01070,D-04R-005-1-A,D,APP,floor,9,400,7,0,7,1,2025-06-19,C,C,False,0.387
2025-06-20,SKU-01071,C-04L-018-3-A,C,APP,prime,45,275,4,0,4,14,2025-06-06,C,C,False,0.317
2025-06-20,SKU-01072,E-04R-003-4-B,E,APP,sub_prime,63,525,2,0,2,15,2025-06-05,C,C,False,0.346
2025-06-20,SKU-01073,B-04R-005-1-A,B,APP,floor,9,150,142,5,137,2,2025-06-18,A,A,False,19.858
2025-06-20,SKU-01074,B-04L-005-2-B,B,APP,prime,27,150,21,1,20,8,2025-06-12,B,B,False,1.479
2025-06-20,SKU-01075,C-04R-018-1-A,C,APP,floor,9,275,15,0,15,6,2025-06-14,B,B,False,1.01
2025-06-20,SKU-01076,B-03L-012-4-A,B,APP,sub_prime,63,150,10,0,10,13,2025-06-07,B,B,False,0.777
2025-06-20,SKU-01077,D-04L-018-1-A,D,APP,floor,9,400,2,0,2,6,2025-06-14,C,C,False,0.468
2025-06-20,SKU-01078,A-04R-008-4-A,A,APP,sub_prime,63,50,15,0,15,17,2025-06-03,A,B,True,2.041
2025-06-20,SKU-01079,C-03R-002-2-B,C,APP,prime,27,275,9,0,9,20,2025-05-31,B,C,True,0.512
2025-06-20,SKU-01080,C-03R-018-3-A,C,APP,prime,45,275,6,0,6,12,2025-06-08,B,B,False,1.194
2025-06-20,SKU-01081,D-03L-003-1-B,D,APP,floor,9,400,5,0,5,18,2025-06-02,C,C,False,0.327
2025-06-20,SKU-01082,D-04R-015-3-B,D,APP,prime,45,400,2,0,2,5,2025-06-15,C,C,False,0.418
2025-06-20,SKU-01083,B-03L-011-2-A,B,APP,prime,27,150,98,11,87,5,2025-06-15,A,A,False,8.239
2025-06-20,SKU-01084,C-03L-006-1-B,C,APP,floor,9,275,32,2,30,2,2025-06-18,A,A,False,3.303
2025-06-20,SKU-01085,B-03R-013-2-B,B,APP,prime,27,150,5,0,5,19,2025-06-01,B,C,True,0.5
2025-06-20,SKU-01086,B-03L-017-2-A,B,APP,prime,27,150,8,0,8,2,2025-06-18,B,C,True,0.757
2025-06-20,SKU-01087,B-04R-001-4-B,B,APP,sub_prime,63,150,6,0,6,16,2025-06-04,C,C,False,0.374
2025-06-20,SKU-01088,C-03L-005-4-A,C,APP,sub_prime,63,275,6,1,5,3,2025-06-17,B,B,False,1.053
2025-06-20,SKU-01089,E-04R-005-4-B,E,APP,sub_prime,63,525,6,0,6,18,2025-06-02,C,C,False,0.46
2025-06-20,SKU-01090,E-04R-007-1-A,E,APP,floor,9,525,8,0,8,4,2025-06-16,C,C,False,0.461
2025-06-20,SKU-01091,D-03R-002-4-A,D,APP,sub_prime,63,400,4,0,4,14,2025-06-06,B,C,True,0.738
2025-06-20,SKU-01092,D-03R-001-3-B,D,APP,prime,45,400,5,0,5,5,2025-06-15,B,C,True,0.537
2025-06-20,SKU-01093,C-03L-013-4-B,C,APP,sub_prime,63,275,4,0,4,12,2025-06-08,C,C,False,0.386
2025-06-20,SKU-01094,C-03R-013-1-B,C,APP,floor,9,275,10,0,10,19,2025-06-01,B,C,True,0.682
2025-06-20,SKU-01095,C-03R-005-4-A,C,APP,sub_prime,63,275,37,2,35,15,2025-06-05,B,B,False,1.905
2025-06-20,SKU-01096,D-03L-001-2-A,D,APP,prime,27,400,7,0,7,12,2025-06-08,C,C,False,0.401
2025-06-20,SKU-01097,D-03L-014-2-A,D,APP,prime,27,400,2,0,2,8,2025-06-12,C,C,False,0.439
2025-06-20,SKU-01098,E-04R-020-2-B,E,APP,prime,27,525,6,0,6,13,2025-06-07,C,C,False,0.408
2025-06-20,SKU-01099,E-04R-020-1-B,E,APP,floor,9,525,5,0,5,19,2025-06-01,C,C,False,0.388
2025-06-20,SKU-01100,E-04L-019-3-B,E,APP,prime,45,525,1,0,1,15,2025-06-05,C,C,False,0.37
2025-06-20,SKU-01101,E-03R-005-2-A,E,APP,prime,27,525,4,0,4,9,2025-06-11,C,C,False,0.389
2025-06-20,SKU-01102,C-04R-003-4-A,C,APP,sub_prime,63,275,9,0,9,20,2025-05-31,B,C,True,0.606
2025-06-20,SKU-01103,B-04R-009-1-B,B,APP,floor,9,150,23,1,22,16,2025-06-04,A,B,True,2.652
2025-06-20,SKU-01104,A-04R-003-1-B,A,APP,floor,9,50,15,1,14,16,2025-06-04,A,B,True,2.612
2025-06-20,SKU-01105,D-03L-005-2-B,D,APP,prime,27,400,22,1,21,10,2025-06-10,B,B,False,1.103
2025-06-20,SKU-01106,C-04L-008-2-A,C,APP,prime,27,275,40,1,39,9,2025-06-11,A,B,True,2.333
2025-06-20,SKU-01107,A-04R-008-1-A,A,APP,floor,9,50,18,3,15,20,2025-05-31,A,A,False,2.906
2025-06-20,SKU-01108,C-03L-005-1-A,C,APP,floor,9,275,10,0,10,13,2025-06-07,B,C,True,0.553
2025-06-20,SKU-01109,D-04L-004-1-A,D,APP,floor,9,400,8,0,8,17,2025-06-03,B,C,True,0.51
2025-06-20,SKU-01110,D-04L-006-4-B,D,APP,sub_prime,63,400,1,0,1,16,2025-06-04,C,C,False,0.376
2025-06-20,SKU-01111,C-04R-013-3-A,C,APP,prime,45,275,15,0,15,6,2025-06-14,B,B,False,1.307
2025-06-20,SKU-01112,C-03R-006-1-A,C,APP,floor,9,275,10,0,10,15,2025-06-05,B,B,False,0.874
2025-06-20,SKU-01113,E-03L-006-1-B,E,APP,floor,9,525,1,0,1,19,2025-06-01,C,C,False,0.362
2025-06-20,SKU-01114,E-03L-005-2-B,E,APP,prime,27,525,4,0,4,16,2025-06-04,C,C,False,0.358
2025-06-20,SKU-01115,B-04L-002-1-A,B,APP,floor,9,150,8,0,8,1,2025-06-19,B,C,True,0.717
2025-06-20,SKU-01116,D-03L-008-2-B,D,APP,prime,27,400,8,0,8,16,2025-06-04,C,C,False,0.48
2025-06-20,SKU-01117,D-04L-009-2-A,D,APP,prime,27,400,4,0,4,17,2025-06-03,C,C,False,0.388
2025-06-20,SKU-01118,C-04L-001-3-A,C,APP,prime,45,275,14,0,14,12,2025-06-08,B,B,False,1.367
2025-06-20,SKU-01119,B-04L-012-2-A,B,APP,prime,27,150,36,3,33,12,2025-06-08,A,A,False,3.489
2025-06-20,SKU-01120,B-04L-013-1-B,B,APP,floor,9,150,12,1,11,8,2025-06-12,B,B,False,1.257
2025-06-20,SKU-01121,B-04R-017-4-A,B,APP,sub_prime,63,150,881,270,611,19,2025-06-01,A,A,False,154.894
2025-06-20,SKU-01122,A-03R-004-3-A,A,APP,prime,45,50,38,1,37,12,2025-06-08,A,B,True,2.229
2025-06-20,SKU-01123,D-04L-013-2-B,D,APP,prime,27,400,6,0,6,17,2025-06-03,C,C,False,0.418
2025-06-20,SKU-01124,B-03R-007-4-A,B,APP,sub_prime,63,150,332,49,283,18,2025-06-02,A,A,False,30.979
2025-06-20,SKU-01125,E-03R-016-1-A,E,APP,floor,9,525,4,0,4,6,2025-06-14,C,C,False,0.349
2025-06-20,SKU-01126,D-03L-005-3-B,D,APP,prime,45,400,101,2,99,10,2025-06-10,A,A,False,6.824
2025-06-20,SKU-01127,B-03L-013-4-B,B,APP,sub_prime,63,150,16,0,16,18,2025-06-02,A,B,True,2.076
2025-06-20,SKU-01128,C-03R-013-4-B,C,APP,sub_prime,63,275,2,0,2,7,2025-06-13,C,C,False,0.348
2025-06-20,SKU-01129,B-04L-003-3-A,B,APP,prime,45,150,11,0,11,10,2025-06-10,B,C,True,0.677
2025-06-20,SKU-01130,C-04R-016-4-A,C,APP,sub_prime,63,275,11,1,10,4,2025-06-16,B,B,False,1.292
2025-06-20,SKU-01131,D-03L-015-4-A,D,APP,sub_prime,63,400,2,0,2,6,2025-06-14,C,C,False,0.349
2025-06-20,SKU-01132,C-03L-001-1-A,C,APP,floor,9,275,8,0,8,16,2025-06-04,C,C,False,0.485
2025-06-20,SKU-01133,C-04L-009-1-B,C,APP,floor,9,275,2,0,2,14,2025-06-06,B,C,True,0.548
2025-06-20,SKU-01134,E-03L-010-3-B,E,APP,prime,45,525,6,0,6,12,2025-06-08,C,C,False,0.436
2025-06-20,SKU-01135,D-03R-018-3-A,D,APP,prime,45,400,1,0,1,1,2025-06-19,C,C,False,0.383
2025-06-20,SKU-01136,B-03L-017-4-B,B,APP,sub_prime,63,150,58,4,54,13,2025-06-07,A,A,False,3.168
2025-06-20,SKU-01137,A-03L-008-3-B,A,APP,prime,45,50,3,0,3,10,2025-06-10,B,C,True,0.54
2025-06-20,SKU-01138,E-03R-011-2-A,E,APP,prime,27,525,8,0,8,14,2025-06-06,B,C,True,0.515
2025-06-20,SKU-01139,D-03L-015-3-B,D,APP,prime,45,400,6,0,6,11,2025-06-09,B,C,True,0.595
2025-06-20,SKU-01140,C-04R-014-1-B,C,APP,floor,9,275,8,0,8,7,2025-06-13,B,C,True,0.633
2025-06-20,SKU-01141,E-04R-005-1-A,E,APP,floor,9,525,6,0,6,10,2025-06-10,C,C,False,0.338
2025-06-20,SKU-01142,A-04L-009-4-B,A,APP,sub_prime,63,50,72,4,68,6,2025-06-14,A,A,False,3.806
2025-06-20,SKU-01143,C-04L-016-2-A,C,APP,prime,27,275,24,0,24,4,2025-06-16,B,B,False,1.202
2025-06-20,SKU-01144,D-04R-008-2-B,D,APP,prime,27,400,2,0,2,9,2025-06-11,C,C,False,0.434
2025-06-20,SKU-01145,C-04L-004-3-B,C,APP,prime,45,275,19,2,17,10,2025-06-10,B,B,False,1.799
2025-06-20,SKU-01146,D-04L-016-2-A,D,APP,prime,27,400,4,0,4,8,2025-06-12,C,C,False,0.389
2025-06-20,SKU-01147,C-04R-004-4-A,C,APP,sub_prime,63,275,27,1,26,7,2025-06-13,B,B,False,1.363
2025-06-20,SKU-01148,D-04R-015-2-A,D,APP,prime,27,400,3,0,3,13,2025-06-07,C,C,False,0.345
2025-06-20,SKU-01149,D-03L-003-3-B,D,APP,prime,45,400,3,0,3,16,2025-06-04,C,C,False,0.347
2025-06-20,SKU-01150,C-03L-018-2-B,C,APP,prime,27,275,1,0,1,4,2025-06-16,C,C,False,0.343
2025-06-20,SKU-01151,B-03L-009-4-A,B,APP,sub_prime,63,150,21,1,20,8,2025-06-12,B,B,False,1.085
2025-06-20,SKU-01152,B-04R-017-1-A,B,APP,floor,9,150,14,1,13,18,2025-06-02,A,B,True,2.271
2025-06-20,SKU-01153,C-04R-006-2-B,C,APP,prime,27,275,6,0,6,19,2025-06-01,C,C,False,0.462
2025-06-20,SKU-01154,D-03L-003-3-A,D,APP,prime,45,400,17,0,17,12,2025-06-08,B,B,False,1.223
2025-06-20,SKU-01155,E-03R-018-2-A,E,APP,prime,27,525,7,0,7,11,2025-06-09,C,C,False,0.391
2025-06-20,SKU-01156,D-04L-009-1-A,D,APP,floor,9,400,4,0,4,19,2025-06-01,B,B,False,0.844
2025-06-20,SKU-01157,D-03L-009-3-B,D,APP,prime,45,400,14,1,13,12,2025-06-08,B,B,False,1.02
2025-06-20,SKU-01158,D-04R-003-3-A,D,APP,prime,45,400,6,0,6,17,2025-06-03,B,B,False,0.781
2025-06-20,SKU-01159,D-04L-017-3-B,D,APP,prime,45,400,24,0,24,1,2025-06-19,B,B,False,1.584
2025-06-20,SKU-01160,D-04L-007-2-A,D,APP,prime,27,400,11,0,11,16,2025-06-04,B,C,True,0.764
2025-06-20,SKU-01161,D-03L-006-2-A,D,APP,prime,27,400,24,0,24,7,2025-06-13,B,B,False,1.258
2025-06-20,SKU-01162,C-03L-020-4-B,C,APP,sub_prime,63,275,47,0,47,10,2025-06-10,A,A,False,3.536
2025-06-20,SKU-01163,D-03L-008-3-A,D,APP,prime,45,400,4,0,4,16,2025-06-04,C,C,False,0.324
2025-06-20,SKU-01164,C-04R-003-3-B,C,APP,prime,45,275,17,0,17,18,2025-06-02,B,B,False,0.922
2025-06-20,SKU-01165,D-04L-003-4-B,D,APP,sub_prime,63,400,5,0,5,4,2025-06-16,B,C,True,0.518
2025-06-20,SKU-01166,D-03L-020-2-B,D,APP,prime,27,400,2,0,2,14,2025-06-06,C,C,False,0.328
2025-06-20,SKU-01167,B-03R-004-1-B,B,APP,floor,9,150,6,0,6,18,2025-06-02,C,C,False,0.365
2025-06-20,SKU-01168,E-03L-003-2-A,E,APP,prime,27,525,2,0,2,17,2025-06-03,C,C,False,0.327
2025-06-20,SKU-01169,C-03L-010-3-A,C,APP,prime,45,275,9,0,9,4,2025-06-16,C,C,False,0.476
2025-06-20,SKU-01170,A-03L-002-3-B,A,APP,prime,45,50,721,40,681,20,2025-05-31,A,A,False,59.575
2025-06-20,SKU-01171,C-03R-015-3-B,C,APP,prime,45,275,10,0,10,8,2025-06-12,B,C,True,0.718
2025-06-20,SKU-01172,D-04R-015-1-B,D,APP,floor,9,400,5,0,5,15,2025-06-05,B,C,True,0.624
2025-06-20,SKU-01173,E-03R-011-4-B,E,APP,sub_prime,63,525,3,0,3,13,2025-06-07,C,C,False,0.349
2025-06-20,SKU-01174,D-04R-009-3-B,D,APP,prime,45,400,2,0,2,2,2025-06-18,C,C,False,0.391
2025-06-20,SKU-01175,C-03R-006-3-A,C,APP,prime,45,275,5,0,5,9,2025-06-11,B,C,True,0.491
2025-06-20,SKU-01176,C-04L-001-2-B,C,APP,prime,27,275,5,0,5,19,2025-06-01,B,C,True,0.519
2025-06-20,SKU-01177,D-03L-012-2-B,D,APP,prime,27,400,6,0,6,16,2025-06-04,B,C,True,0.571
2025-06-20,SKU-01178,B-04L-001-3-A,B,APP,prime,45,150,46,4,42,13,2025-06-07,A,A,False,5.493
2025-06-20,SKU-01179,B-04R-007-2-A,B,APP,prime,27,150,59,1,58,5,2025-06-15,A,A,False,4.255
2025-06-20,SKU-01180,D-04R-004-3-A,D,APP,prime,45,400,5,0,5,8,2025-06-12,C,C,False,0.452
2025-06-20,SKU-01181,C-04R-009-2-B,C,APP,prime,27,275,4,0,4,20,2025-05-31,C,C,False,0.427
2025-06-20,SKU-01182,D-03R-020-2-A,D,APP,prime,27,400,2,0,2,7,2025-06-13,C,C,False,0.383
2025-06-20,SKU-01183,D-04L-012-4-B,D,APP,sub_prime,63,400,5,0,5,10,2025-06-10,C,C,False,0.474
2025-06-20,SKU-01184,E-03R-020-1-B,E,APP,floor,9,525,10,0,10,2,2025-06-18,B,B,False,0.931
2025-06-20,SKU-01185,E-03R-011-3-A,E,APP,prime,45,525,3,0,3,1,2025-06-19,C,C,False,0.332
2025-06-20,SKU-01186,C-03L-017-1-A,C,APP,floor,9,275,7,0,7,4,2025-06-16,C,C,False,0.389
2025-06-20,SKU-01187,A-03R-019-1-B,A,APP,floor,9,50,60,7,53,1,2025-06-19,A,A,False,4.751
2025-06-20,SKU-01188,B-04L-010-1-A,B,APP,floor,9,150,30,5,25,10,2025-06-10,A,A,False,3.504
2025-06-20,SKU-01189,D-04L-016-3-B,D,APP,prime,45,400,3,0,3,10,2025-06-10,C,C,False,0.393
2025-06-20,SKU-01190,D-03R-008-1-A,D,APP,floor,9,400,8,0,8,14,2025-06-06,B,B,False,0.895
2025-06-20,SKU-01191,A-04L-002-2-A,A,APP,prime,27,50,13,1,12,16,2025-06-04,A,B,True,2.222
2025-06-20,SKU-01192,A-04R-012-1-B,A,APP,floor,9,50,71,4,67,4,2025-06-16,A,A,False,5.435
2025-06-20,SKU-01193,A-03L-018-2-B,A,APP,prime,27,50,3,0,3,1,2025-06-19,B,C,True,0.499
2025-06-20,SKU-01194,E-03L-010-2-A,E,APP,prime,27,525,3,0,3,8,2025-06-12,B,C,True,0.726
2025-06-20,SKU-01195,A-03R-004-2-B,A,APP,prime,27,50,14,0,14,12,2025-06-08,B,B,False,0.918
2025-06-20,SKU-01196,C-03L-008-3-B,C,APP,prime,45,275,3,0,3,12,2025-06-08,B,C,True,0.712
2025-06-20,SKU-01197,B-04R-019-1-A,B,APP,floor,9,150,24,0,24,10,2025-06-10,A,A,False,4.339
2025-06-20,SKU-01198,D-04R-008-3-A,D,APP,prime,45,400,5,0,5,20,2025-05-31,C,C,False,0.336
2025-06-20,SKU-01199,B-04L-005-2-A,B,APP,prime,27,150,45,3,42,10,2025-06-10,A,B,True,2.203
2025-06-20,SKU-01200,D-03R-002-3-B,D,APP,prime,45,400,8,0,8,11,2025-06-09,C,C,False,0.456
2025-06-20,SKU-01201,C-03R-002-3-A,C,APP,prime,45,275,9,0,9,11,2025-06-09,B,C,True,0.564
2025-06-20,SKU-01202,E-03L-019-4-A,E,APP,sub_prime,63,525,2,0,2,9,2025-06-11,C,C,False,0.447
2025-06-20,SKU-01203,D-04L-001-2-B,D,APP,prime,27,400,2,0,2,9,2025-06-11,C,C,False,0.42
2025-06-20,SKU-01204,A-03R-016-1-B,A,APP,floor,9,50,3437,282,3155,1,2025-06-19,A,A,False,309.789
2025-06-20,SKU-01205,B-03L-013-1-A,B,APP,floor,9,150,18,0,18,2,2025-06-18,B,B,False,0.98
2025-06-20,SKU-01206,A-03R-013-3-A,A,APP,prime,45,50,5,0,5,2,2025-06-18,B,B,False,0.805
2025-06-20,SKU-01207,B-04R-018-4-B,B,APP,sub_prime,63,150,388,34,354,14,2025-06-06,A,A,False,25.392
2025-06-20,SKU-01208,C-03R-017-3-A,C,APP,prime,45,275,19,1,18,19,2025-06-01,B,B,False,1.01
2025-06-20,SKU-01209,D-03R-015-3-B,D,APP,prime,45,400,6,0,6,6,2025-06-14,C,C,False,0.372
2025-06-20,SKU-01210,C-03R-001-1-A,C,APP,floor,9,275,12,0,12,20,2025-05-31,B,B,False,0.88
2025-06-20,SKU-01211,C-04R-001-1-B,C,APP,floor,9,275,6,0,6,13,2025-06-07,B,C,True,0.681
2025-06-20,SKU-01212,A-03R-009-1-A,A,APP,floor,9,50,9,0,9,5,2025-06-15,B,C,True,0.635
2025-06-20,SKU-01213,E-04L-005-2-A,E,APP,prime,27,525,1,0,1,3,2025-06-17,C,C,False,0.357
2025-06-20,SKU-01214,C-04L-013-3-B,C,APP,prime,45,275,2,0,2,1,2025-06-19,B,C,True,0.536
2025-06-20,SKU-01215,E-04L-020-3-A,E,APP,prime,45,525,1,0,1,5,2025-06-15,C,C,False,0.364
2025-06-20,SKU-01216,D-04L-017-4-A,D,APP,sub_prime,63,400,5,0,5,11,2025-06-09,C,C,False,0.429
2025-06-20,SKU-01217,B-04R-016-4-A,B,APP,sub_prime,63,150,10,0,10,17,2025-06-03,B,C,True,0.586
2025-06-20,SKU-01218,E-04R-014-2-B,E,APP,prime,27,525,30,2,28,14,2025-06-06,B,B,False,1.597
2025-06-20,SKU-01219,D-04L-003-4-A,D,APP,sub_prime,63,400,4,0,4,17,2025-06-03,B,C,True,0.53
2025-06-20,SKU-01220,B-04L-018-2-B,B,APP,prime,27,150,56,0,56,8,2025-06-12,A,A,False,3.844
2025-06-20,SKU-01221,C-04L-012-2-A,C,APP,prime,27,275,2,0,2,5,2025-06-15,C,C,False,0.435
2025-06-20,SKU-01222,A-04L-010-1-A,A,APP,floor,9,50,18,1,17,10,2025-06-10,B,B,False,1.411
2025-06-20,SKU-01223,B-04R-005-2-B,B,APP,prime,27,150,5,0,5,18,2025-06-02,B,B,False,0.925
2025-06-20,SKU-01224,B-04L-020-1-B,B,APP,floor,9,150,9,0,9,14,2025-06-06,B,C,True,0.503
2025-06-20,SKU-01225,C-03L-007-2-A,C,APP,prime,27,275,2,0,2,11,2025-06-09,C,C,False,0.389
2025-06-20,SKU-01226,C-04R-016-3-B,C,APP,prime,45,275,9,0,9,11,2025-06-09,B,C,True,0.534
2025-06-20,SKU-01227,B-03R-012-1-B,B,APP,floor,9,150,4,0,4,11,2025-06-09,B,C,True,0.552
2025-06-20,SKU-01228,D-04R-018-1-B,D,APP,floor,9,400,2,0,2,17,2025-06-03,C,C,False,0.334
2025-06-20,SKU-01229,A-03R-008-1-B,A,APP,floor,9,50,34,0,34,7,2025-06-13,A,A,False,3.247
2025-06-20,SKU-01230,B-03L-002-2-B,B,APP,prime,27,150,46,1,45,15,2025-06-05,A,B,True,2.268
2025-06-20,SKU-01231,A-04R-002-4-B,A,APP,sub_prime,63,50,22,5,17,16,2025-06-04,A,A,False,4.221
2025-06-20,SKU-01232,D-03R-013-3-B,D,APP,prime,45,400,9,0,9,19,2025-06-01,B,B,False,0.852
2025-06-20,SKU-01233,C-03R-011-4-A,C,APP,sub_prime,63,275,6,0,6,13,2025-06-07,B,C,True,0.575
2025-06-20,SKU-01234,B-03L-001-4-A,B,APP,sub_prime,63,150,14,0,14,5,2025-06-15,B,B,False,1.432
2025-06-20,SKU-01235,C-04L-004-1-A,C,APP,floor,9,275,14,0,14,10,2025-06-10,B,B,False,0.985
2025-06-20,SKU-01236,D-03R-002-3-A,D,APP,prime,45,400,20,1,19,3,2025-06-17,B,B,False,1.378
2025-06-20,SKU-01237,D-04R-008-2-A,D,APP,prime,27,400,8,0,8,18,2025-06-02,B,B,False,1.684
2025-06-20,SKU-01238,E-03R-007-4-A,E,APP,sub_prime,63,525,6,0,6,14,2025-06-06,C,C,False,0.358
2025-06-20,SKU-01239,E-04L-015-2-B,E,APP,prime,27,525,5,0,5,18,2025-06-02,C,C,False,0.373
2025-06-20,SKU-01240,C-03L-001-4-B,C,APP,sub_prime,63,275,8,1,7,13,2025-06-07,B,B,False,1.124
2025-06-20,SKU-01241,B-04R-010-3-A,B,APP,prime,45,150,10,0,10,20,2025-05-31,B,B,False,0.838
2025-06-20,SKU-01242,C-04R-009-4-B,C,APP,sub_prime,63,275,10,0,10,10,2025-06-10,B,B,False,1.203
2025-06-20,SKU-01243,C-04R-011-3-A,C,APP,prime,45,275,23,1,22,18,2025-06-02,B,B,False,1.198
2025-06-20,SKU-01244,B-04R-009-4-A,B,APP,sub_prime,63,150,8,0,8,13,2025-06-07,B,C,True,0.503
2025-06-20,SKU-01245,B-03L-017-1-B,B,APP,floor,9,150,84,14,70,8,2025-06-12,A,A,False,9.165
2025-06-20,SKU-01246,E-03L-001-3-B,E,APP,prime,45,525,8,0,8,13,2025-06-07,B,B,False,0.916
2025-06-20,SKU-01247,A-04R-019-1-A,A,APP,floor,9,50,67,1,66,4,2025-06-16,A,A,False,6.074
2025-06-20,SKU-01248,C-04L-005-1-A,C,APP,floor,9,275,10,0,10,3,2025-06-17,B,C,True,0.629
2025-06-20,SKU-01249,B-04L-012-4-B,B,APP,sub_prime,63,150,6,0,6,10,2025-06-10,B,B,False,0.896
2025-06-20,SKU-01250,C-04L-003-3-A,C,APP,prime,45,275,13,0,13,9,2025-06-11,B,B,False,0.892
2025-06-20,SKU-01251,B-03L-016-1-A,B,APP,floor,9,150,13,0,13,13,2025-06-07,A,B,True,2.128
2025-06-20,SKU-01252,E-03L-015-1-B,E,APP,floor,9,525,7,0,7,2,2025-06-18,C,C,False,0.428
2025-06-20,SKU-01253,B-03R-014-4-A,B,APP,sub_prime,63,150,2,0,2,17,2025-06-03,B,C,True,0.592
2025-06-20,SKU-01254,D-04L-014-4-A,D,APP,sub_prime,63,400,7,0,7,19,2025-06-01,C,C,False,0.389
2025-06-20,SKU-01255,C-03R-005-1-B,C,APP,floor,9,275,13,0,13,15,2025-06-05,B,B,False,1.546
2025-06-20,SKU-01256,B-04L-006-2-A,B,APP,prime,27,150,6,0,6,5,2025-06-15,B,C,True,0.537
2025-06-20,SKU-01257,C-04L-014-4-B,C,APP,sub_prime,63,275,4,0,4,13,2025-06-07,C,C,False,0.284
2025-06-20,SKU-01258,E-03R-013-2-A,E,APP,prime,27,525,8,0,8,4,2025-06-16,C,C,False,0.43
2025-06-20,SKU-01259,C-03R-005-2-B,C,APP,prime,27,275,7,0,7,19,2025-06-01,B,C,True,0.578
2025-06-20,SKU-01260,D-03L-011-3-B,D,APP,prime,45,400,8,0,8,2,2025-06-18,B,C,True,0.466
2025-06-20,SKU-01261,D-03L-020-1-A,D,APP,floor,9,400,10,0,10,9,2025-06-11,B,C,True,0.527
2025-06-20,SKU-01262,B-04L-007-1-A,B,APP,floor,9,150,6,0,6,12,2025-06-08,B,C,True,0.677
2025-06-20,SKU-01263,E-03L-004-3-A,E,APP,prime,45,525,11,0,11,20,2025-05-31,B,B,False,1.214
2025-06-20,SKU-01264,B-03R-006-1-B,B,APP,floor,9,150,15,0,15,6,2025-06-14,B,B,False,1.46
2025-06-20,SKU-01265,D-04R-008-4-A,D,APP,sub_prime,63,400,4,0,4,9,2025-06-11,C,C,False,0.345
2025-06-20,SKU-01266,D-04R-005-3-A,D,APP,prime,45,400,6,0,6,7,2025-06-13,B,C,True,0.479
2025-06-20,SKU-01267,B-03L-020-4-B,B,APP,sub_prime,63,150,68,3,65,14,2025-06-06,A,A,False,4.997
2025-06-20,SKU-01268,C-04L-002-2-B,C,APP,prime,27,275,15,0,15,12,2025-06-08,B,B,False,0.84
2025-06-20,SKU-01269,D-04R-009-2-B,D,APP,prime,27,400,4,0,4,19,2025-06-01,B,C,True,0.534
2025-06-20,SKU-01270,E-04R-018-1-A,E,APP,floor,9,525,6,0,6,14,2025-06-06,C,C,False,0.359
2025-06-20,SKU-01271,A-04L-009-2-B,A,APP,prime,27,50,18,2,16,13,2025-06-07,A,B,True,1.79
2025-06-20,SKU-01272,A-04L-010-3-A,A,APP,prime,45,50,49,1,48,13,2025-06-07,A,A,False,3.084
2025-06-20,SKU-01273,D-03R-009-4-A,D,APP,sub_prime,63,400,4,0,4,17,2025-06-03,C,C,False,0.3
2025-06-20,SKU-01274,D-03R-007-3-A,D,APP,prime,45,400,3,0,3,9,2025-06-11,C,C,False,0.296
2025-06-20,SKU-01275,E-04R-016-3-A,E,APP,prime,45,525,5,0,5,5,2025-06-15,C,C,False,0.289
2025-06-20,SKU-01276,D-03R-013-2-B,D,APP,prime,27,400,3,0,3,9,2025-06-11,C,C,False,0.341
2025-06-20,SKU-01277,C-04R-009-3-B,C,APP,prime,45,275,5,0,5,3,2025-06-17,B,C,True,0.547
2025-06-20,SKU-01278,A-04L-016-2-B,A,APP,prime,27,50,11,0,11,13,2025-06-07,B,C,True,0.734
2025-06-20,SKU-01279,C-03L-018-1-A,C,APP,floor,9,275,7,0,7,19,2025-06-01,B,C,True,0.445
2025-06-20,SKU-01280,C-04L-002-4-A,C,APP,sub_prime,63,275,11,0,11,1,2025-06-19,B,B,False,0.881
2025-06-20,SKU-01281,C-04L-020-2-B,C,APP,prime,27,275,14,0,14,15,2025-06-05,B,B,False,1.666
2025-06-20,SKU-01282,C-03R-015-4-A,C,APP,sub_prime,63,275,4,0,4,5,2025-06-15,B,C,True,0.553
2025-06-20,SKU-01283,D-04R-019-2-B,D,APP,prime,27,400,4,0,4,12,2025-06-08,C,C,False,0.394
2025-06-20,SKU-01284,A-04R-009-1-B,A,APP,floor,9,50,51,1,50,4,2025-06-16,A,A,False,2.941
2025-06-20,SKU-01285,D-04R-004-4-A,D,APP,sub_prime,63,400,4,0,4,20,2025-05-31,C,C,False,0.281
2025-06-20,SKU-01286,B-04R-001-4-A,B,APP,sub_prime,63,150,7,0,7,8,2025-06-12,B,C,True,0.586
2025-06-20,SKU-01287,A-04L-003-1-A,A,APP,floor,9,50,115,7,108,15,2025-06-05,A,A,False,5.69
2025-06-20,SKU-01288,B-03R-011-3-A,B,APP,prime,45,150,7,0,7,4,2025-06-16,B,B,False,0.804
2025-06-20,SKU-01289,E-04R-005-4-A,E,APP,sub_prime,63,525,5,0,5,20,2025-05-31,C,C,False,0.428
2025-06-20,SKU-01290,D-03L-004-3-B,D,APP,prime,45,400,3,0,3,10,2025-06-10,C,C,False,0.32
2025-06-20,SKU-01291,B-03R-005-2-B,B,APP,prime,27,150,10,0,10,9,2025-06-11,B,C,True,0.559
2025-06-20,SKU-01292,C-03R-003-4-B,C,APP,sub_prime,63,275,4,0,4,17,2025-06-03,C,C,False,0.385
2025-06-20,SKU-01293,C-03R-018-4-A,C,APP,sub_prime,63,275,8,0,8,19,2025-06-01,B,C,True,0.687
2025-06-20,SKU-01294,B-04R-020-4-A,B,APP,sub_prime,63,150,34,0,34,3,2025-06-17,A,B,True,2.026
2025-06-20,SKU-01295,D-03R-007-3-B,D,APP,prime,45,400,5,0,5,6,2025-06-14,B,C,True,0.661
2025-06-20,SKU-01296,B-04R-013-4-B,B,APP,sub_prime,63,150,9,0,9,19,2025-06-01,B,C,True,0.627
2025-06-20,SKU-01297,C-03R-006-4-B,C,APP,sub_prime,63,275,5,0,5,18,2025-06-02,B,B,False,0.854
2025-06-20,SKU-01298,D-03R-008-2-B,D,APP,prime,27,400,1,0,1,2,2025-06-18,C,C,False,0.322
2025-06-20,SKU-01299,C-04L-012-1-A,C,APP,floor,9,275,5,0,5,4,2025-06-16,B,B,False,1.12
2025-06-20,SKU-01300,A-04L-007-2-A,A,APP,prime,27,50,80,7,73,2,2025-06-18,A,A,False,4.857
2025-06-20,SKU-01301,D-04R-012-1-A,D,APP,floor,9,400,6,0,6,6,2025-06-14,C,C,False,0.348
2025-06-20,SKU-01302,D-03R-002-1-B,D,APP,floor,9,400,4,0,4,7,2025-06-13,C,C,False,0.362
2025-06-20,SKU-01303,C-04R-001-3-A,C,APP,prime,45,275,5,0,5,9,2025-06-11,B,C,True,0.733
2025-06-20,SKU-01304,B-03L-005-4-A,B,APP,sub_prime,63,150,196,16,180,3,2025-06-17,A,A,False,15.319
2025-06-20,SKU-01305,B-03L-003-2-B,B,APP,prime,27,150,11,0,11,5,2025-06-15,B,B,False,0.802
2025-06-20,SKU-01306,E-03R-005-4-B,E,APP,sub_prime,63,525,1,0,1,2,2025-06-18,C,C,False,0.286
2025-06-20,SKU-01307,E-04L-002-3-A,E,APP,prime,45,525,2,0,2,12,2025-06-08,C,C,False,0.296
2025-06-20,SKU-01308,E-03R-019-2-B,E,APP,prime,27,525,1,0,1,16,2025-06-04,C,C,False,0.384
2025-06-20,SKU-01309,C-04L-016-4-B,C,APP,sub_prime,63,275,6,0,6,17,2025-06-03,B,C,True,0.45
2025-06-20,SKU-01310,D-03L-009-4-A,D,APP,sub_prime,63,400,11,1,10,15,2025-06-05,B,B,False,1.108
2025-06-20,SKU-01311,D-03L-011-2-B,D,APP,prime,27,400,3,0,3,19,2025-06-01,C,C,False,0.34
2025-06-20,SKU-01312,C-04R-013-2-B,C,APP,prime,27,275,5,0,5,15,2025-06-05,C,C,False,0.362
2025-06-20,SKU-01313,E-04R-012-3-B,E,APP,prime,45,525,2,0,2,20,2025-05-31,B,C,True,0.521
2025-06-20,SKU-01314,A-03R-005-1-A,A,APP,floor,9,50,28,2,26,19,2025-06-01,A,B,True,1.886
2025-06-20,SKU-01315,B-03R-005-3-A,B,APP,prime,45,150,10,1,9,13,2025-06-07,A,B,True,1.928
2025-06-20,SKU-01316,C-03R-008-4-A,C,APP,sub_prime,63,275,4,0,4,7,2025-06-13,B,C,True,0.611
2025-06-20,SKU-01317,D-03R-006-3-B,D,APP,prime,45,400,4,0,4,7,2025-06-13,C,C,False,0.286
2025-06-20,SKU-01318,B-04R-007-1-B,B,APP,floor,9,150,8,0,8,7,2025-06-13,B,B,False,0.815
2025-06-20,SKU-01319,C-03R-020-1-A,C,APP,floor,9,275,2,0,2,11,2025-06-09,B,C,True,0.499
2025-06-20,SKU-01320,D-03R-003-2-A,D,APP,prime,27,400,3,0,3,15,2025-06-05,C,C,False,0.291
2025-06-20,SKU-01321,B-03R-012-4-B,B,APP,sub_prime,63,150,7,0,7,18,2025-06-02,B,C,True,0.532
2025-06-20,SKU-01322,D-03R-016-3-B,D,APP,prime,45,400,3,0,3,4,2025-06-16,C,C,False,0.313
2025-06-20,SKU-01323,C-04R-012-1-A,C,APP,floor,9,275,3,0,3,17,2025-06-03,C,C,False,0.344
2025-06-20,SKU-01324,C-04R-004-1-B,C,APP,floor,9,275,21,0,21,6,2025-06-14,B,B,False,1.119
2025-06-20,SKU-01325,C-04L-007-1-A,C,APP,floor,9,275,8,0,8,8,2025-06-12,B,C,True,0.452
2025-06-20,SKU-01326,D-03R-014-3-B,D,APP,prime,45,400,5,0,5,16,2025-06-04,C,C,False,0.412
2025-06-20,SKU-01327,D-03R-013-4-B,D,APP,sub_prime,63,400,3,0,3,18,2025-06-02,C,C,False,0.384
2025-06-20,SKU-01328,D-04R-017-2-B,D,APP,prime,27,400,9,0,9,3,2025-06-17,B,B,False,1.157
2025-06-20,SKU-01329,B-03L-016-3-B,B,APP,prime,45,150,22,0,22,14,2025-06-06,B,B,False,1.177
2025-06-20,SKU-01330,C-04R-017-3-A,C,APP,prime,45,275,12,0,12,3,2025-06-17,B,B,False,0.845
2025-06-20,SKU-01331,A-03R-003-4-B,A,APP,sub_prime,63,50,637,64,573,17,2025-06-03,A,A,False,77.447
2025-06-20,SKU-01332,D-03L-009-2-A,D,APP,prime,27,400,8,0,8,13,2025-06-07,B,B,False,0.858
2025-06-20,SKU-01333,D-03R-004-1-A,D,APP,floor,9,400,14,0,14,17,2025-06-03,B,B,False,0.975
2025-06-20,SKU-01334,B-03L-010-1-B,B,APP,floor,9,150,3,0,3,16,2025-06-04,B,C,True,0.662
2025-06-20,SKU-01335,B-03L-016-2-A,B,APP,prime,27,150,9,0,9,19,2025-06-01,B,B,False,0.905
2025-06-20,SKU-01336,D-03L-018-2-B,D,APP,prime,27,400,4,0,4,16,2025-06-04,C,C,False,0.39
2025-06-20,SKU-01337,C-03R-003-1-A,C,APP,floor,9,275,7,0,7,9,2025-06-11,B,C,True,0.704
2025-06-20,SKU-01338,D-04L-020-3-B,D,APP,prime,45,400,4,0,4,7,2025-06-13,B,C,True,0.556
2025-06-20,SKU-01339,B-04R-005-2-A,B,APP,prime,27,150,126,0,126,18,2025-06-02,A,A,False,7.576
2025-06-20,SKU-01340,C-03L-001-1-B,C,APP,floor,9,275,7,0,7,12,2025-06-08,C,C,False,0.418
2025-06-20,SKU-01341,D-03R-011-3-A,D,APP,prime,45,400,20,0,20,14,2025-06-06,B,B,False,1.423
2025-06-20,SKU-01342,C-03L-019-1-B,C,APP,floor,9,275,14,0,14,11,2025-06-09,B,B,False,0.846
2025-06-20,SKU-01343,C-04L-017-1-A,C,APP,floor,9,275,26,0,26,2,2025-06-18,B,B,False,1.38
2025-06-20,SKU-01344,E-04L-001-1-B,E,APP,floor,9,525,9,0,9,11,2025-06-09,B,C,True,0.599
2025-06-20,SKU-01345,D-04R-019-1-A,D,APP,floor,9,400,23,1,22,18,2025-06-02,B,B,False,1.457
2025-06-20,SKU-01346,D-04L-007-4-B,D,APP,sub_prime,63,400,2,0,2,8,2025-06-12,C,C,False,0.347
2025-06-20,SKU-01347,C-04L-005-4-B,C,APP,sub_prime,63,275,2,0,2,2,2025-06-18,B,C,True,0.483
2025-06-20,SKU-01348,A-03L-009-4-A,A,APP,sub_prime,63,50,35,0,35,14,2025-06-06,A,B,True,2.274
2025-06-20,SKU-01349,C-04L-014-2-B,C,APP,prime,27,275,10,0,10,8,2025-06-12,B,B,False,0.849
2025-06-20,SKU-01350,C-03L-009-4-A,C,APP,sub_prime,63,275,1,0,1,18,2025-06-02,C,C,False,0.352
2025-06-20,SKU-01351,C-04L-005-3-B,C,APP,prime,45,275,7,0,7,19,2025-06-01,B,C,True,0.486
2025-06-20,SKU-01352,B-03L-019-2-B,B,APP,prime,27,150,8,0,8,16,2025-06-04,B,C,True,0.484
2025-06-20,SKU-01353,D-03R-019-3-B,D,APP,prime,45,400,6,0,6,6,2025-06-14,C,C,False,0.434
2025-06-20,SKU-01354,E-04R-003-2-B,E,APP,prime,27,525,5,0,5,5,2025-06-15,C,C,False,0.323
2025-06-20,SKU-01355,C-03L-016-3-A,C,APP,prime,45,275,3,0,3,9,2025-06-11,C,C,False,0.419
2025-06-20,SKU-01356,B-03R-002-2-B,B,APP,prime,27,150,10,1,9,13,2025-06-07,B,B,False,1.542
2025-06-20,SKU-01357,A-03L-002-3-A,A,APP,prime,45,50,52,0,52,13,2025-06-07,A,B,True,2.582
2025-06-20,SKU-01358,E-03R-005-1-A,E,APP,floor,9,525,2,0,2,3,2025-06-17,C,C,False,0.28
2025-06-20,SKU-01359,B-04L-011-2-A,B,APP,prime,27,150,7,0,7,2,2025-06-18,B,B,False,1.169
2025-06-20,SKU-01360,B-03R-020-2-B,B,APP,prime,27,150,3,0,3,4,2025-06-16,B,C,True,0.449
2025-06-20,SKU-01361,D-04R-011-3-B,D,APP,prime,45,400,3,0,3,20,2025-05-31,B,C,True,0.528
2025-06-20,SKU-01362,D-03R-016-4-B,D,APP,sub_prime,63,400,1,0,1,4,2025-06-16,C,C,False,0.315
2025-06-20,SKU-01363,B-04R-018-2-A,B,APP,prime,27,150,10,0,10,1,2025-06-19,B,B,False,0.774
2025-06-20,SKU-01364,D-03R-011-2-A,D,APP,prime,27,400,11,0,11,11,2025-06-09,B,C,True,0.668
2025-06-20,SKU-01365,C-04L-002-3-A,C,APP,prime,45,275,13,0,13,14,2025-06-06,B,B,False,1.395
2025-06-20,SKU-01366,B-03L-018-2-B,B,APP,prime,27,150,3,0,3,13,2025-06-07,B,C,True,0.589
2025-06-20,SKU-01367,B-03L-003-3-B,B,APP,prime,45,150,104,5,99,3,2025-06-17,A,A,False,6.702
2025-06-20,SKU-01368,D-04L-013-3-B,D,APP,prime,45,400,2,0,2,17,2025-06-03,C,C,False,0.361
2025-06-20,SKU-01369,C-03R-004-1-B,C,APP,floor,9,275,5,0,5,4,2025-06-16,B,C,True,0.565
2025-06-20,SKU-01370,C-03R-019-3-A,C,APP,prime,45,275,5,0,5,17,2025-06-03,B,C,True,0.523
2025-06-20,SKU-01371,D-03R-018-4-A,D,APP,sub_prime,63,400,1,0,1,16,2025-06-04,C,C,False,0.374
2025-06-20,SKU-01372,D-04L-012-1-B,D,APP,floor,9,400,2,0,2,7,2025-06-13,B,C,True,0.539
2025-06-20,SKU-01373,E-03R-003-2-B,E,APP,prime,27,525,2,0,2,9,2025-06-11,C,C,False,0.353
2025-06-20,SKU-01374,B-03L-006-1-A,B,APP,floor,9,150,9,0,9,16,2025-06-04,B,B,False,0.899
2025-06-20,SKU-01375,C-04L-003-2-B,C,APP,prime,27,275,3,0,3,5,2025-06-15,C,C,False,0.327
2025-06-20,SKU-01376,C-04R-012-2-A,C,APP,prime,27,275,18,1,17,8,2025-06-12,B,B,False,1.158
2025-06-20,SKU-01377,D-03L-008-4-A,D,APP,sub_prime,63,400,2,0,2,9,2025-06-11,B,C,True,0.507
2025-06-20,SKU-01378,B-03R-019-1-B,B,APP,floor,9,150,2,0,2,19,2025-06-01,B,C,True,0.485
2025-06-20,SKU-01379,B-04R-020-4-B,B,APP,sub_prime,63,150,31,3,28,10,2025-06-10,A,B,True,2.148
2025-06-20,SKU-01380,D-03R-014-4-A,D,APP,sub_prime,63,400,3,0,3,19,2025-06-01,C,C,False,0.359
2025-06-20,SKU-01381,D-03R-020-2-B,D,APP,prime,27,400,5,0,5,11,2025-06-09,C,C,False,0.403
2025-06-20,SKU-01382,B-04R-013-4-A,B,APP,sub_prime,63,150,21,2,19,18,2025-06-02,A,B,True,1.801
2025-06-20,SKU-01383,B-04R-011-4-A,B,APP,sub_prime,63,150,24,0,24,16,2025-06-04,B,B,False,1.442
2025-06-20,SKU-01384,C-03R-001-4-A,C,APP,sub_prime,63,275,12,1,11,18,2025-06-02,B,B,False,1.022
2025-06-20,SKU-01385,E-04L-014-2-B,E,APP,prime,27,525,1,0,1,8,2025-06-12,C,C,False,0.317
2025-06-20,SKU-01386,E-03L-012-4-A,E,APP,sub_prime,63,525,5,0,5,2,2025-06-18,C,C,False,0.381
2025-06-20,SKU-01387,A-04L-002-1-A,A,APP,floor,9,50,57,1,56,16,2025-06-04,A,A,False,3.044
2025-06-20,SKU-01388,E-04L-019-2-B,E,APP,prime,27,525,2,0,2,14,2025-06-06,C,C,False,0.336
2025-06-20,SKU-01389,C-03L-015-1-A,C,APP,floor,9,275,8,0,8,6,2025-06-14,B,C,True,0.458
2025-06-20,SKU-01390,D-03R-005-3-A,D,APP,prime,45,400,1,0,1,6,2025-06-14,C,C,False,0.31
2025-06-20,SKU-01391,D-03R-010-1-B,D,APP,floor,9,400,10,0,10,13,2025-06-07,B,C,True,0.632
2025-06-20,SKU-01392,D-03L-012-2-A,D,APP,prime,27,400,5,0,5,1,2025-06-19,C,C,False,0.301
2025-06-20,SKU-01393,B-03L-008-2-A,B,APP,prime,27,150,22,0,22,2,2025-06-18,B,B,False,1.547
2025-06-20,SKU-01394,C-04R-012-3-A,C,APP,prime,45,275,3,0,3,11,2025-06-09,B,C,True,0.54
2025-06-20,SKU-01395,D-03R-003-3-B,D,APP,prime,45,400,27,1,26,13,2025-06-07,B,B,False,1.694
2025-06-20,SKU-01396,C-03R-014-2-A,C,APP,prime,27,275,5,0,5,5,2025-06-15,B,C,True,0.76
2025-06-20,SKU-01397,C-03L-015-3-A,C,APP,prime,45,275,89,4,85,13,2025-06-07,A,A,False,7.832
2025-06-20,SKU-01398,D-04L-010-3-B,D,APP,prime,45,400,18,0,18,1,2025-06-19,B,B,False,1.15
2025-06-20,SKU-01399,B-03R-005-2-A,B,APP,prime,27,150,26,4,22,9,2025-06-11,A,B,True,2.596
2025-06-20,SKU-01400,C-03R-016-4-B,C,APP,sub_prime,63,275,6,0,6,6,2025-06-14,B,C,True,0.47
2025-06-20,SKU-01401,B-03R-001-1-A,B,APP,floor,9,150,5,0,5,15,2025-06-05,B,C,True,0.545
2025-06-20,SKU-01402,E-04R-010-3-B,E,APP,prime,45,525,2,0,2,14,2025-06-06,C,C,False,0.335
2025-06-20,SKU-01403,C-04L-010-1-B,C,APP,floor,9,275,3,0,3,8,2025-06-12,C,C,False,0.345
2025-06-20,SKU-01404,D-03L-003-2-A,D,APP,prime,27,400,2,0,2,9,2025-06-11,C,C,False,0.295
2025-06-20,SKU-01405,B-03R-003-3-A,B,APP,prime,45,150,3,0,3,1,2025-06-19,C,C,False,0.342
2025-06-20,SKU-01406,E-04L-017-2-B,E,APP,prime,27,525,3,0,3,19,2025-06-01,C,C,False,0.347
2025-06-20,SKU-01407,A-04L-005-1-B,A,APP,floor,9,50,68,0,68,15,2025-06-05,A,A,False,7.299
2025-06-20,SKU-01408,B-03L-010-3-A,B,APP,prime,45,150,8,0,8,17,2025-06-03,B,C,True,0.485
2025-06-20,SKU-01409,C-03L-014-4-A,C,APP,sub_prime,63,275,19,1,18,15,2025-06-05,B,B,False,1.148
2025-06-20,SKU-01410,C-04L-012-4-B,C,APP,sub_prime,63,275,2,0,2,15,2025-06-05,C,C,False,0.402
2025-06-20,SKU-01411,D-04L-016-4-B,D,APP,sub_prime,63,400,5,0,5,6,2025-06-14,C,C,False,0.306
2025-06-20,SKU-01412,C-03R-009-2-A,C,APP,prime,27,275,5,0,5,20,2025-05-31,B,C,True,0.516
2025-06-20,SKU-01413,E-04R-018-4-B,E,APP,sub_prime,63,525,1,0,1,9,2025-06-11,C,C,False,0.392
2025-06-20,SKU-01414,D-04L-010-2-A,D,APP,prime,27,400,6,0,6,1,2025-06-19,B,C,True,0.5
2025-06-20,SKU-01415,B-04R-012-3-A,B,APP,prime,45,150,2,0,2,2,2025-06-18,B,C,True,0.44
2025-06-20,SKU-01416,D-03L-019-1-B,D,APP,floor,9,400,2,0,2,17,2025-06-03,C,C,False,0.279
2025-06-20,SKU-01417,C-04L-013-4-B,C,APP,sub_prime,63,275,18,0,18,12,2025-06-08,B,B,False,0.945
2025-06-20,SKU-01418,D-04L-015-3-B,D,APP,prime,45,400,2,0,2,20,2025-05-31,C,C,False,0.335
2025-06-20,SKU-01419,D-04L-002-1-B,D,APP,floor,9,400,4,0,4,3,2025-06-17,C,C,False,0.338
2025-06-20,SKU-01420,D-04L-005-3-A,D,APP,prime,45,400,1,0,1,19,2025-06-01,C,C,False,0.296
2025-06-20,SKU-01421,B-03L-004-3-B,B,APP,prime,45,150,9,0,9,11,2025-06-09,B,C,True,0.628
2025-06-20,SKU-01422,C-03L-002-4-B,C,APP,sub_prime,63,275,19,0,19,13,2025-06-07,B,B,False,1.501
2025-06-20,SKU-01423,A-04R-019-2-A,A,APP,prime,27,50,7,0,7,16,2025-06-04,B,B,False,0.8
2025-06-20,SKU-01424,D-03L-010-3-A,D,APP,prime,45,400,7,0,7,9,2025-06-11,C,C,False,0.427
2025-06-20,SKU-01425,D-04R-008-1-B,D,APP,floor,9,400,6,0,6,10,2025-06-10,C,C,False,0.339
2025-06-20,SKU-01426,D-04L-014-2-B,D,APP,prime,27,400,14,1,13,9,2025-06-11,B,B,False,1.251
2025-06-20,SKU-01427,B-03R-004-4-A,B,APP,sub_prime,63,150,2,0,2,2,2025-06-18,C,C,False,0.349
2025-06-20,SKU-01428,A-03L-006-4-A,A,APP,sub_prime,63,50,374,47,327,13,2025-06-07,A,A,False,34.001
2025-06-20,SKU-01429,C-04R-019-3-A,C,APP,prime,45,275,13,0,13,7,2025-06-13,B,C,True,0.719
2025-06-20,SKU-01430,D-04R-002-1-A,D,APP,floor,9,400,6,0,6,20,2025-05-31,B,C,True,0.466
2025-06-20,SKU-01431,D-03L-003-4-B,D,APP,sub_prime,63,400,6,0,6,10,2025-06-10,C,C,False,0.393
2025-06-20,SKU-01432,A-04R-017-4-A,A,APP,sub_prime,63,50,67,5,62,6,2025-06-14,A,A,False,3.257
2025-06-20,SKU-01433,D-04R-020-4-B,D,APP,sub_prime,63,400,1,0,1,8,2025-06-12,C,C,False,0.283
2025-06-20,SKU-01434,C-03R-010-2-A,C,APP,prime,27,275,8,0,8,10,2025-06-10,B,C,True,0.597
2025-06-20,SKU-01435,E-04L-017-3-A,E,APP,prime,45,525,1,0,1,20,2025-05-31,C,C,False,0.294
2025-06-20,SKU-01436,B-04R-014-1-B,B,APP,floor,9,150,4,0,4,18,2025-06-02,B,C,True,0.459
2025-06-20,SKU-01437,D-03R-009-3-B,D,APP,prime,45,400,8,0,8,20,2025-05-31,C,C,False,0.437
2025-06-20,SKU-01438,D-03R-008-2-A,D,APP,prime,27,400,4,0,4,19,2025-06-01,C,C,False,0.327
2025-06-20,SKU-01439,A-04R-004-1-B,A,APP,floor,9,50,4,0,4,14,2025-06-06,B,C,True,0.68
2025-06-20,SKU-01440,A-03L-011-3-B,A,APP,prime,45,50,96,3,93,20,2025-05-31,A,A,False,9.232
2025-06-20,SKU-01441,D-04R-012-2-B,D,APP,prime,27,400,2,0,2,3,2025-06-17,C,C,False,0.306
2025-06-20,SKU-01442,D-03L-016-1-B,D,APP,floor,9,400,17,1,16,20,2025-05-31,B,B,False,1.343
2025-06-20,SKU-01443,B-04R-019-3-B,B,APP,prime,45,150,17,0,17,10,2025-06-10,B,B,False,0.872
2025-06-20,SKU-01444,E-03R-010-4-A,E,APP,sub_prime,63,525,2,0,2,4,2025-06-16,C,C,False,0.437
2025-06-20,SKU-01445,C-03L-008-3-A,C,APP,prime,45,275,12,0,12,7,2025-06-13,B,C,True,0.758
2025-06-20,SKU-01446,B-04R-007-3-A,B,APP,prime,45,150,52,1,51,9,2025-06-11,A,B,True,2.63
2025-06-20,SKU-01447,E-04L-004-2-B,E,APP,prime,27,525,2,0,2,1,2025-06-19,C,C,False,0.362
2025-06-20,SKU-01448,C-04L-001-4-B,C,APP,sub_prime,63,275,7,0,7,4,2025-06-16,B,C,True,0.621
2025-06-20,SKU-01449,C-03R-006-2-B,C,APP,prime,27,275,11,0,11,5,2025-06-15,B,C,True,0.628
2025-06-20,SKU-01450,E-04L-012-1-B,E,APP,floor,9,525,5,0,5,17,2025-06-03,C,C,False,0.386
2025-06-20,SKU-01451,B-03L-013-1-B,B,APP,floor,9,150,4,0,4,9,2025-06-11,B,C,True,0.7
2025-06-20,SKU-01452,D-03L-007-1-B,D,APP,floor,9,400,7,0,7,3,2025-06-17,C,C,False,0.385
2025-06-20,SKU-01453,C-03L-010-4-B,C,APP,sub_prime,63,275,6,0,6,4,2025-06-16,B,C,True,0.452
2025-06-20,SKU-01454,D-03R-014-3-A,D,APP,prime,45,400,2,0,2,19,2025-06-01,C,C,False,0.309
2025-06-20,SKU-01455,B-03R-019-3-A,B,APP,prime,45,150,30,3,27,10,2025-06-10,A,A,False,2.788
2025-06-20,SKU-01456,E-03L-009-2-A,E,APP,prime,27,525,4,0,4,7,2025-06-13,C,C,False,0.31
2025-06-20,SKU-01457,A-04R-018-4-B,A,APP,sub_prime,63,50,41,1,40,1,2025-06-19,A,A,False,2.794
2025-06-20,SKU-01458,B-03R-016-4-B,B,APP,sub_prime,63,150,3,0,3,3,2025-06-17,B,C,True,0.484
2025-06-20,SKU-01459,B-04L-007-1-B,B,APP,floor,9,150,48,1,47,11,2025-06-09,A,B,True,2.446
2025-06-20,SKU-01460,B-03R-001-3-B,B,APP,prime,45,150,9,0,9,9,2025-06-11,B,C,True,0.648
2025-06-20,SKU-01461,C-03R-011-2-A,C,APP,prime,27,275,5,0,5,13,2025-06-07,C,C,False,0.297
2025-06-20,SKU-01462,C-03R-016-3-B,C,APP,prime,45,275,18,0,18,12,2025-06-08,B,B,False,1.209
2025-06-20,SKU-01463,A-04L-004-3-B,A,APP,prime,45,50,422,31,391,6,2025-06-14,A,A,False,26.303
2025-06-20,SKU-01464,E-03R-001-1-A,E,APP,floor,9,525,8,0,8,12,2025-06-08,C,C,False,0.43
2025-06-20,SKU-01465,C-03L-002-2-B,C,APP,prime,27,275,3,0,3,9,2025-06-11,B,C,True,0.588
2025-06-20,SKU-01466,B-03R-019-4-B,B,APP,sub_prime,63,150,21,1,20,15,2025-06-05,B,B,False,1.28
2025-06-20,SKU-01467,D-04L-007-3-A,D,APP,prime,45,400,2,0,2,6,2025-06-14,B,C,True,0.532
2025-06-20,SKU-01468,B-03R-018-4-B,B,APP,sub_prime,63,150,10,0,10,10,2025-06-10,B,C,True,0.704
2025-06-20,SKU-01469,D-04R-012-1-B,D,APP,floor,9,400,6,0,6,11,2025-06-09,C,C,False,0.36
2025-06-20,SKU-01470,D-03R-007-4-A,D,APP,sub_prime,63,400,3,0,3,11,2025-06-09,C,C,False,0.36
2025-06-20,SKU-01471,B-03L-002-3-A,B,APP,prime,45,150,11,0,11,4,2025-06-16,B,C,True,0.703
2025-06-20,SKU-01472,D-04L-013-2-A,D,APP,prime,27,400,5,0,5,2,2025-06-18,C,C,False,0.297
2025-06-20,SKU-01473,D-03L-014-3-B,D,APP,prime,45,400,17,1,16,12,2025-06-08,A,B,True,2.399
2025-06-20,SKU-01474,E-04L-016-4-B,E,APP,sub_prime,63,525,2,0,2,10,2025-06-10,C,C,False,0.335
2025-06-20,SKU-01475,E-04L-019-1-B,E,APP,floor,9,525,3,0,3,17,2025-06-03,C,C,False,0.357
2025-06-20,SKU-01476,C-04L-005-4-A,C,APP,sub_prime,63,275,4,0,4,9,2025-06-11,B,B,False,0.913
2025-06-20,SKU-01477,E-03R-020-4-B,E,APP,sub_prime,63,525,2,0,2,20,2025-05-31,C,C,False,0.327
2025-06-20,SKU-01478,B-04R-012-4-A,B,APP,sub_prime,63,150,20,0,20,11,2025-06-09,B,B,False,1.552
2025-06-20,SKU-01479,D-03R-020-3-B,D,APP,prime,45,400,6,0,6,20,2025-05-31,B,C,True,0.448
2025-06-20,SKU-01480,B-04R-004-2-A,B,APP,prime,27,150,16,0,16,2,2025-06-18,B,B,False,0.873
2025-06-20,SKU-01481,C-04R-015-4-A,C,APP,sub_prime,63,275,6,0,6,18,2025-06-02,B,B,False,1.39
2025-06-20,SKU-01482,D-04R-003-3-B,D,APP,prime,45,400,7,0,7,4,2025-06-16,B,C,True,0.494
2025-06-20,SKU-01483,D-03L-012-1-A,D,APP,floor,9,400,1,0,1,5,2025-06-15,C,C,False,0.28
2025-06-20,SKU-01484,E-04L-005-3-B,E,APP,prime,45,525,1,0,1,8,2025-06-12,C,C,False,0.39
2025-06-20,SKU-01485,D-04L-007-3-B,D,APP,prime,45,400,44,4,40,7,2025-06-13,A,A,False,3.303
2025-06-20,SKU-01486,E-03R-002-1-A,E,APP,floor,9,525,1,0,1,12,2025-06-08,C,C,False,0.316
2025-06-20,SKU-01487,C-04L-020-4-B,C,APP,sub_prime,63,275,5,0,5,9,2025-06-11,B,C,True,0.494
2025-06-20,SKU-01488,C-03L-004-3-A,C,APP,prime,45,275,8,0,8,5,2025-06-15,B,C,True,0.558
2025-06-20,SKU-01489,E-04L-007-4-A,E,APP,sub_prime,63,525,3,0,3,15,2025-06-05,C,C,False,0.31
2025-06-20,SKU-01490,B-04R-009-1-A,B,APP,floor,9,150,890,302,588,18,2025-06-02,A,A,False,154.894
2025-06-20,SKU-01491,B-03L-002-4-B,B,APP,sub_prime,63,150,6,0,6,20,2025-05-31,B,C,True,0.627
2025-06-20,SKU-01492,B-03R-002-3-A,B,APP,prime,45,150,2,0,2,20,2025-05-31,B,C,True,0.555
2025-06-20,SKU-01493,B-04R-019-1-B,B,APP,floor,9,150,5,0,5,6,2025-06-14,B,C,True,0.654
2025-06-20,SKU-01494,C-03R-016-4-A,C,APP,sub_prime,63,275,27,1,26,19,2025-06-01,B,B,False,1.384
2025-06-20,SKU-01495,C-03R-017-1-A,C,APP,floor,9,275,7,0,7,11,2025-06-09,B,C,True,0.473
2025-06-20,SKU-01496,C-04R-001-4-B,C,APP,sub_prime,63,275,10,0,10,14,2025-06-06,B,B,False,1.001
2025-06-20,SKU-01497,C-04R-013-1-B,C,APP,floor,9,275,4,0,4,19,2025-06-01,B,C,True,0.48
2025-06-20,SKU-01498,D-03L-014-4-A,D,APP,sub_prime,63,400,18,0,18,10,2025-06-10,B,B,False,0.978
2025-06-20,SKU-01499,E-04L-004-1-A,E,APP,floor,9,525,3,0,3,19,2025-06-01,C,C,False,0.376
2025-06-20,SKU-01500,D-04R-014-4-B,D,APP,sub_prime,63,400,6,0,6,3,2025-06-17,C,C,False,0.431
2025-06-20,SKU-01501,C-04R-015-3-B,C,APP,prime,45,275,14,0,14,13,2025-06-07,B,B,False,0.778
2025-06-20,SKU-01502,E-04L-006-1-B,E,APP,floor,9,525,3,0,3,7,2025-06-13,C,C,False,0.327
2025-06-20,SKU-01503,B-04L-016-2-A,B,APP,prime,27,150,5,0,5,15,2025-06-05,B,C,True,0.536
2025-06-20,SKU-01504,E-03R-007-4-B,E,APP,sub_prime,63,525,3,0,3,5,2025-06-15,C,C,False,0.316
2025-06-20,SKU-01505,E-03L-002-4-A,E,APP,sub_prime,63,525,3,0,3,17,2025-06-03,C,C,False,0.302
2025-06-20,SKU-01506,C-04L-010-3-B,C,APP,prime,45,275,22,0,22,7,2025-06-13,B,B,False,1.272
2025-06-20,SKU-01507,C-04R-018-3-B,C,APP,prime,45,275,7,1,6,3,2025-06-17,B,B,False,1.44
2025-06-20,SKU-01508,B-04L-019-1-A,B,APP,floor,9,150,10,0,10,20,2025-05-31,B,B,False,0.959
2025-06-20,SKU-01509,C-04R-011-4-A,C,APP,sub_prime,63,275,3,0,3,14,2025-06-06,B,C,True,0.508
2025-06-20,SKU-01510,C-03L-007-4-B,C,APP,sub_prime,63,275,5,0,5,1,2025-06-19,B,C,True,0.51
2025-06-20,SKU-01511,C-04R-020-3-B,C,APP,prime,45,275,5,0,5,15,2025-06-05,B,C,True,0.457
2025-06-20,SKU-01512,C-03L-012-1-B,C,APP,floor,9,275,11,1,10,9,2025-06-11,B,B,False,1.203
2025-06-20,SKU-01513,D-03L-013-4-B,D,APP,sub_prime,63,400,5,0,5,9,2025-06-11,C,C,False,0.307
2025-06-20,SKU-01514,C-04R-002-3-A,C,APP,prime,45,275,11,1,10,17,2025-06-03,B,B,False,1.121
2025-06-20,SKU-01515,D-04L-015-3-A,D,APP,prime,45,400,14,1,13,19,2025-06-01,B,B,False,1.325
2025-06-20,SKU-01516,D-04L-013-4-B,D,APP,sub_prime,63,400,14,0,14,16,2025-06-04,B,C,True,0.73
2025-06-20,SKU-01517,D-03R-001-4-B,D,APP,sub_prime,63,400,8,0,8,8,2025-06-12,B,C,True,0.673
2025-06-20,SKU-01518,E-03L-014-1-B,E,APP,floor,9,525,10,0,10,4,2025-06-16,B,B,False,0.797
2025-06-20,SKU-01519,B-04R-015-2-A,B,APP,prime,27,150,7,0,7,5,2025-06-15,B,C,True,0.499
2025-06-20,SKU-01520,D-03L-007-4-B,D,APP,sub_prime,63,400,3,0,3,15,2025-06-05,C,C,False,0.397
2025-06-20,SKU-01521,B-03L-006-1-B,B,APP,floor,9,150,3,0,3,20,2025-05-31,B,C,True,0.72
2025-06-20,SKU-01522,E-03L-006-3-B,E,APP,prime,45,525,1,0,1,19,2025-06-01,C,C,False,0.28
2025-06-20,SKU-01523,C-03R-020-3-A,C,APP,prime,45,275,10,0,10,12,2025-06-08,B,C,True,0.672
2025-06-20,SKU-01524,E-04L-015-1-B,E,APP,floor,9,525,3,0,3,19,2025-06-01,C,C,False,0.295
2025-06-20,SKU-01525,E-04R-007-4-A,E,APP,sub_prime,63,525,2,0,2,3,2025-06-17,C,C,False,0.386
2025-06-20,SKU-01526,C-04L-011-2-B,C,APP,prime,27,275,1,0,1,1,2025-06-19,C,C,False,0.296
2025-06-20,SKU-01527,A-04L-008-1-A,A,APP,floor,9,50,38,6,32,5,2025-06-15,A,A,False,6.279
2025-06-20,SKU-01528,B-03R-015-4-B,B,APP,sub_prime,63,150,49,3,46,18,2025-06-02,A,A,False,4.149
2025-06-20,SKU-01529,C-03L-020-4-A,C,APP,sub_prime,63,275,6,0,6,18,2025-06-02,B,C,True,0.67
2025-06-20,SKU-01530,D-03R-010-1-A,D,APP,floor,9,400,5,0,5,14,2025-06-06,B,B,False,0.808
2025-06-20,SKU-01531,E-03R-010-2-B,E,APP,prime,27,525,1,0,1,19,2025-06-01,C,C,False,0.338
2025-06-20,SKU-01532,B-03R-008-1-A,B,APP,floor,9,150,184,11,173,13,2025-06-07,A,A,False,11.915
2025-06-20,SKU-01533,C-03R-013-1-A,C,APP,floor,9,275,16,1,15,19,2025-06-01,B,B,False,1.246
2025-06-20,SKU-01534,C-04R-008-2-B,C,APP,prime,27,275,2,0,2,8,2025-06-12,C,C,False,0.348
2025-06-20,SKU-01535,C-04R-019-4-A,C,APP,sub_prime,63,275,19,3,16,19,2025-06-01,A,B,True,2.178
2025-06-20,SKU-01536,E-04R-009-4-A,E,APP,sub_prime,63,525,2,0,2,13,2025-06-07,C,C,False,0.292
2025-06-20,SKU-01537,D-03L-019-4-A,D,APP,sub_prime,63,400,1,0,1,1,2025-06-19,C,C,False,0.31
2025-06-20,SKU-01538,C-03L-019-4-A,C,APP,sub_prime,63,275,9,0,9,8,2025-06-12,B,C,True,0.501
2025-06-20,SKU-01539,B-03L-005-3-A,B,APP,prime,45,150,28,2,26,11,2025-06-09,B,B,False,1.522
2025-06-20,SKU-01540,E-04R-011-1-B,E,APP,floor,9,525,1,0,1,1,2025-06-19,C,C,False,0.353
2025-06-20,SKU-01541,D-04R-006-2-B,D,APP,prime,27,400,13,0,13,6,2025-06-14,B,C,True,0.696
2025-06-20,SKU-01542,D-03L-006-3-B,D,APP,prime,45,400,11,0,11,6,2025-06-14,B,C,True,0.692
2025-06-20,SKU-01543,E-04R-006-3-B,E,APP,prime,45,525,3,0,3,18,2025-06-02,C,C,False,0.328
2025-06-20,SKU-01544,E-04L-018-3-A,E,APP,prime,45,525,2,0,2,14,2025-06-06,C,C,False,0.337
2025-06-20,SKU-01545,A-04L-014-4-B,A,APP,sub_prime,63,50,43,2,41,17,2025-06-03,A,A,False,2.666
2025-06-20,SKU-01546,D-04R-013-4-A,D,APP,sub_prime,63,400,4,0,4,13,2025-06-07,C,C,False,0.344
2025-06-20,SKU-01547,C-04L-019-3-B,C,APP,prime,45,275,4,0,4,11,2025-06-09,B,C,True,0.503
2025-06-20,SKU-01548,D-03R-006-1-B,D,APP,floor,9,400,11,0,11,20,2025-05-31,B,B,False,0.951
2025-06-20,SKU-01549,C-04R-001-2-A,C,APP,prime,27,275,11,0,11,4,2025-06-16,B,C,True,0.749
2025-06-20,SKU-01550,D-03L-014-2-B,D,APP,prime,27,400,7,0,7,12,2025-06-08,B,C,True,0.568
2025-06-20,SKU-01551,B-04R-005-1-B,B,APP,floor,9,150,9,2,7,2,2025-06-18,A,B,True,1.767
2025-06-20,SKU-01552,A-04R-001-1-B,A,APP,floor,9,50,452,43,409,14,2025-06-06,A,A,False,46.468
2025-06-20,SKU-01553,E-03L-009-4-B,E,APP,sub_prime,63,525,3,0,3,9,2025-06-11,C,C,False,0.364
2025-06-20,SKU-01554,E-03R-008-3-A,E,APP,prime,45,525,5,0,5,17,2025-06-03,C,C,False,0.363
2025-06-20,SKU-01555,A-03L-017-4-A,A,APP,sub_prime,63,50,47,5,42,1,2025-06-19,A,A,False,3.367
2025-06-20,SKU-01556,B-03L-010-2-B,B,APP,prime,27,150,11,0,11,5,2025-06-15,B,B,False,1.514
2025-06-20,SKU-01557,A-03R-013-1-B,A,APP,floor,9,50,35,0,35,4,2025-06-16,A,A,False,2.947
2025-06-20,SKU-01558,C-03R-002-1-B,C,APP,floor,9,275,5,0,5,1,2025-06-19,C,C,False,0.31
2025-06-20,SKU-01559,A-03L-003-4-B,A,APP,sub_prime,63,50,64,0,64,18,2025-06-02,A,A,False,3.319
2025-06-20,SKU-01560,C-04R-012-4-A,C,APP,sub_prime,63,275,2,0,2,5,2025-06-15,B,C,True,0.549
2025-06-20,SKU-01561,C-03L-016-4-B,C,APP,sub_prime,63,275,7,0,7,3,2025-06-17,B,C,True,0.486
2025-06-20,SKU-01562,B-04L-001-3-B,B,APP,prime,45,150,44,3,41,13,2025-06-07,A,A,False,4.824
2025-06-20,SKU-01563,D-04R-009-3-A,D,APP,prime,45,400,6,0,6,6,2025-06-14,B,C,True,0.594
2025-06-20,SKU-01564,E-03L-011-3-A,E,APP,prime,45,525,17,0,17,6,2025-06-14,B,B,False,1.105
2025-06-20,SKU-01565,B-04R-003-1-A,B,APP,floor,9,150,61,4,57,6,2025-06-14,A,A,False,3.011
2025-06-20,SKU-01566,B-04R-013-3-B,B,APP,prime,45,150,14,0,14,5,2025-06-15,B,C,True,0.749
2025-06-20,SKU-01567,B-03L-009-4-B,B,APP,sub_prime,63,150,27,3,24,18,2025-06-02,A,B,True,2.171
2025-06-20,SKU-01568,E-03L-017-4-B,E,APP,sub_prime,63,525,22,1,21,7,2025-06-13,B,B,False,1.219
2025-06-20,SKU-01569,D-04L-014-3-B,D,APP,prime,45,400,2,0,2,15,2025-06-05,C,C,False,0.293
2025-06-20,SKU-01570,D-03L-006-3-A,D,APP,prime,45,400,5,0,5,7,2025-06-13,C,C,False,0.317
2025-06-20,SKU-01571,B-04R-005-3-A,B,APP,prime,45,150,7,0,7,9,2025-06-11,B,C,True,0.681
2025-06-20,SKU-01572,D-03L-003-2-B,D,APP,prime,27,400,5,0,5,1,2025-06-19,B,C,True,0.586
2025-06-20,SKU-01573,A-04R-003-2-B,A,APP,prime,27,50,8,0,8,1,2025-06-19,B,C,True,0.447
2025-06-20,SKU-01574,C-03R-017-2-B,C,APP,prime,27,275,3,0,3,8,2025-06-12,B,B,False,0.789
2025-06-20,SKU-01575,B-03R-012-2-B,B,APP,prime,27,150,41,1,40,8,2025-06-12,A,B,True,2.347
2025-06-20,SKU-01576,D-04L-011-4-A,D,APP,sub_prime,63,400,3,0,3,14,2025-06-06,B,C,True,0.543
2025-06-20,SKU-01577,C-04L-001-4-A,C,APP,sub_prime,63,275,5,0,5,5,2025-06-15,B,C,True,0.715
2025-06-20,SKU-01578,B-04L-017-2-A,B,APP,prime,27,150,7,0,7,8,2025-06-12,B,C,True,0.483
2025-06-20,SKU-01579,A-03R-014-1-B,A,APP,floor,9,50,44,2,42,11,2025-06-09,A,A,False,2.733
2025-06-20,SKU-01580,D-03L-018-1-B,D,APP,floor,9,400,3,0,3,3,2025-06-17,B,C,True,0.535
2025-06-20,SKU-01581,E-04L-001-3-A,E,APP,prime,45,525,5,0,5,3,2025-06-17,C,C,False,0.305
2025-06-20,SKU-01582,B-04L-020-3-B,B,APP,prime,45,150,8,0,8,7,2025-06-13,B,C,True,0.701
2025-06-20,SKU-01583,B-04L-014-1-B,B,APP,floor,9,150,7,0,7,11,2025-06-09,B,B,False,1.047
2025-06-20,SKU-01584,D-03L-016-1-A,D,APP,floor,9,400,3,0,3,9,2025-06-11,B,C,True,0.459
2025-06-20,SKU-01585,E-04R-006-1-A,E,APP,floor,9,525,6,0,6,15,2025-06-05,C,C,False,0.359
2025-06-20,SKU-01586,D-03R-018-1-B,D,APP,floor,9,400,7,0,7,8,2025-06-12,C,C,False,0.391
2025-06-20,SKU-01587,C-03R-005-3-A,C,APP,prime,45,275,10,0,10,1,2025-06-19,B,C,True,0.668
2025-06-20,SKU-01588,D-03R-002-2-A,D,APP,prime,27,400,5,0,5,16,2025-06-04,C,C,False,0.294
2025-06-20,SKU-01589,E-04L-003-1-B,E,APP,floor,9,525,5,0,5,20,2025-05-31,C,C,False,0.372
2025-06-20,SKU-01590,A-03L-010-1-A,A,APP,floor,9,50,30,0,30,6,2025-06-14,B,B,False,1.499
2025-06-20,SKU-01591,C-03R-018-1-A,C,APP,floor,9,275,9,0,9,16,2025-06-04,B,C,True,0.652
2025-06-20,SKU-01592,D-04L-006-1-A,D,APP,floor,9,400,30,0,30,8,2025-06-12,B,B,False,1.642
2025-06-20,SKU-01593,A-03L-001-4-A,A,APP,sub_prime,63,50,74,6,68,18,2025-06-02,A,A,False,4.041
2025-06-20,SKU-01594,E-04L-010-4-B,E,APP,sub_prime,63,525,1,0,1,19,2025-06-01,C,C,False,0.396
2025-06-20,SKU-01595,D-04L-019-1-A,D,APP,floor,9,400,8,0,8,16,2025-06-04,B,B,False,0.974
2025-06-20,SKU-01596,B-04L-001-4-B,B,APP,sub_prime,63,150,32,6,26,20,2025-05-31,A,A,False,5.809
2025-06-20,SKU-01597,C-04R-005-4-A,C,APP,sub_prime,63,275,13,0,13,5,2025-06-15,B,B,False,1.066
2025-06-20,SKU-01598,C-04R-016-3-A,C,APP,prime,45,275,11,0,11,13,2025-06-07,B,B,False,1.064
2025-06-20,SKU-01599,C-03R-015-2-A,C,APP,prime,27,275,11,0,11,1,2025-06-19,B,C,True,0.728
2025-06-20,SKU-01600,B-03R-016-1-B,B,APP,floor,9,150,61,6,55,18,2025-06-02,A,A,False,6.97
2025-06-20,SKU-01601,A-03L-001-3-B,A,APP,prime,45,50,20,1,19,3,2025-06-17,B,B,False,1.375
2025-06-20,SKU-01602,E-03L-019-3-A,E,APP,prime,45,525,1,0,1,1,2025-06-19,C,C,False,0.378
2025-06-20,SKU-01603,B-03R-002-2-A,B,APP,prime,27,150,25,1,24,19,2025-06-01,B,B,False,1.338
2025-06-20,SKU-01604,B-04R-010-2-B,B,APP,prime,27,150,24,2,22,2,2025-06-18,A,B,True,1.972
2025-06-20,SKU-01605,C-04R-007-1-B,C,APP,floor,9,275,2,0,2,2,2025-06-18,C,C,False,0.35
2025-06-20,SKU-01606,D-03R-014-2-B,D,APP,prime,27,400,4,0,4,15,2025-06-05,C,C,False,0.346
2025-06-20,SKU-01607,D-03L-013-3-B,D,APP,prime,45,400,5,0,5,14,2025-06-06,C,C,False,0.374
2025-06-20,SKU-01608,D-03L-004-1-A,D,APP,floor,9,400,1,0,1,6,2025-06-14,C,C,False,0.371
2025-06-20,SKU-01609,A-03R-019-1-A,A,APP,floor,9,50,27,2,25,11,2025-06-09,A,B,True,1.769
2025-06-20,SKU-01610,D-03L-011-3-A,D,APP,prime,45,400,2,0,2,15,2025-06-05,C,C,False,0.293
2025-06-20,SKU-01611,B-03L-017-3-A,B,APP,prime,45,150,10,0,10,14,2025-06-06,B,B,False,1.631
2025-06-20,SKU-01612,D-03R-011-4-B,D,APP,sub_prime,63,400,4,0,4,19,2025-06-01,C,C,False,0.309
2025-06-20,SKU-01613,B-04R-015-3-B,B,APP,prime,45,150,9,0,9,12,2025-06-08,B,C,True,0.592
2025-06-20,SKU-01614,B-04R-002-2-A,B,APP,prime,27,150,8,0,8,16,2025-06-04,B,C,True,0.531
2025-06-20,SKU-01615,B-03R-014-3-A,B,APP,prime,45,150,6,0,6,12,2025-06-08,B,C,True,0.562
2025-06-20,SKU-01616,D-03R-019-2-A,D,APP,prime,27,400,5,0,5,13,2025-06-07,B,C,True,0.463
2025-06-20,SKU-01617,B-03R-002-3-B,B,APP,prime,45,150,19,0,19,19,2025-06-01,B,B,False,1.463
2025-06-20,SKU-01618,A-04R-001-2-B,A,APP,prime,27,50,10,1,9,5,2025-06-15,B,B,False,1.181
2025-06-20,SKU-01619,E-04R-012-1-A,E,APP,floor,9,525,4,0,4,11,2025-06-09,C,C,False,0.33
2025-06-20,SKU-01620,A-03L-010-4-A,A,APP,sub_prime,63,50,98,6,92,19,2025-06-01,A,A,False,5.261
2025-06-20,SKU-01621,B-03L-006-2-A,B,APP,prime,27,150,8,0,8,12,2025-06-08,B,C,True,0.631
2025-06-20,SKU-01622,C-04L-014-2-A,C,APP,prime,27,275,4,0,4,8,2025-06-12,C,C,False,0.306
2025-06-20,SKU-01623,D-03R-011-4-A,D,APP,sub_prime,63,400,7,0,7,19,2025-06-01,B,C,True,0.604
2025-06-20,SKU-01624,C-03R-014-2-B,C,APP,prime,27,275,9,0,9,9,2025-06-11,B,C,True,0.496
2025-06-20,SKU-01625,D-03L-008-1-B,D,APP,floor,9,400,10,1,9,8,2025-06-12,B,B,False,1.682
2025-06-20,SKU-01626,C-03L-006-3-B,C,APP,prime,45,275,17,0,17,4,2025-06-16,B,B,False,0.915
2025-06-20,SKU-01627,D-04L-014-2-A,D,APP,prime,27,400,2,0,2,10,2025-06-10,C,C,False,0.37
2025-06-20,SKU-01628,E-04R-019-4-A,E,APP,sub_prime,63,525,3,0,3,5,2025-06-15,C,C,False,0.293
2025-06-20,SKU-01629,B-04R-015-4-A,B,APP,sub_prime,63,150,1,0,1,13,2025-06-07,C,C,False,0.282
2025-06-20,SKU-01630,C-03R-010-1-B,C,APP,floor,9,275,5,0,5,16,2025-06-04,B,B,False,0.798
2025-06-20,SKU-01631,B-04L-001-2-B,B,APP,prime,27,150,4,0,4,18,2025-06-02,B,C,True,0.514
2025-06-20,SKU-01632,D-04R-020-3-B,D,APP,prime,45,400,9,0,9,19,2025-06-01,B,C,True,0.499
2025-06-20,SKU-01633,B-04L-001-1-A,B,APP,floor,9,150,9,0,9,11,2025-06-09,B,C,True,0.558
2025-06-20,SKU-01634,D-03R-017-4-B,D,APP,sub_prime,63,400,3,0,3,12,2025-06-08,C,C,False,0.405
2025-06-20,SKU-01635,E-04L-010-1-A,E,APP,floor,9,525,1,0,1,4,2025-06-16,C,C,False,0.358
2025-06-20,SKU-01636,B-04L-008-3-B,B,APP,prime,45,150,36,0,36,20,2025-05-31,A,B,True,1.792
2025-06-20,SKU-01637,E-04L-006-2-B,E,APP,prime,27,525,1,0,1,13,2025-06-07,C,C,False,0.36
2025-06-20,SKU-01638,A-03L-016-4-B,A,APP,sub_prime,63,50,40,0,40,3,2025-06-17,A,B,True,2.093
2025-06-20,SKU-01639,D-04R-001-1-A,D,APP,floor,9,400,5,0,5,9,2025-06-11,B,C,True,0.66
2025-06-20,SKU-01640,D-03R-013-4-A,D,APP,sub_prime,63,400,6,0,6,2,2025-06-18,B,C,True,0.523
2025-06-20,SKU-01641,D-04L-018-1-B,D,APP,floor,9,400,10,0,10,1,2025-06-19,B,C,True,0.66
2025-06-20,SKU-01642,D-04R-018-4-A,D,APP,sub_prime,63,400,13,0,13,2,2025-06-18,B,B,False,1.466
2025-06-20,SKU-01643,C-04L-009-3-B,C,APP,prime,45,275,16,0,16,12,2025-06-08,B,B,False,1.169
2025-06-20,SKU-01644,E-04R-008-4-B,E,APP,sub_prime,63,525,2,0,2,5,2025-06-15,C,C,False,0.304
2025-06-20,SKU-01645,B-04R-009-2-A,B,APP,prime,27,150,15,5,10,11,2025-06-09,A,A,False,3.105
2025-06-20,SKU-01646,D-04L-017-1-B,D,APP,floor,9,400,5,0,5,11,2025-06-09,C,C,False,0.364
2025-06-20,SKU-01647,B-04L-004-3-A,B,APP,prime,45,150,7,0,7,13,2025-06-07,B,C,True,0.48
2025-06-20,SKU-01648,D-03L-008-3-B,D,APP,prime,45,400,3,0,3,19,2025-06-01,C,C,False,0.404
2025-06-20,SKU-01649,E-04L-011-1-A,E,APP,floor,9,525,2,0,2,18,2025-06-02,C,C,False,0.425
2025-06-20,SKU-01650,D-03R-020-4-B,D,APP,sub_prime,63,400,4,0,4,2,2025-06-18,B,C,True,0.459
2025-06-20,SKU-01651,D-04L-001-1-B,D,APP,floor,9,400,6,0,6,15,2025-06-05,C,C,False,0.381
2025-06-20,SKU-01652,B-04R-013-1-B,B,APP,floor,9,150,451,36,415,3,2025-06-17,A,A,False,26.869
2025-06-20,SKU-01653,C-04L-004-2-B,C,APP,prime,27,275,9,0,9,8,2025-06-12,B,C,True,0.757
2025-06-20,SKU-01654,B-03L-004-1-B,B,APP,floor,9,150,14,0,14,12,2025-06-08,B,B,False,1.066
2025-06-20,SKU-01655,D-03L-020-3-A,D,APP,prime,45,400,6,0,6,11,2025-06-09,C,C,False,0.412
2025-06-20,SKU-01656,B-04R-005-4-B,B,APP,sub_prime,63,150,8,0,8,19,2025-06-01,B,C,True,0.704
2025-06-20,SKU-01657,E-03L-015-4-B,E,APP,sub_prime,63,525,3,0,3,2,2025-06-18,C,C,False,0.347
2025-06-20,SKU-01658,D-03L-013-2-B,D,APP,prime,27,400,3,0,3,17,2025-06-03,B,C,True,0.435
2025-06-20,SKU-01659,E-04R-003-2-A,E,APP,prime,27,525,4,0,4,19,2025-06-01,C,C,False,0.272
2025-06-20,SKU-01660,C-04L-004-2-A,C,APP,prime,27,275,2,0,2,3,2025-06-17,B,C,True,0.521
2025-06-20,SKU-01661,B-04L-019-4-B,B,APP,sub_prime,63,150,3,0,3,2,2025-06-18,B,C,True,0.65
2025-06-20,SKU-01662,C-04L-007-3-B,C,APP,prime,45,275,9,0,9,18,2025-06-02,B,B,False,1.59
2025-06-20,SKU-01663,D-03L-001-2-B,D,APP,prime,27,400,2,0,2,5,2025-06-15,C,C,False,0.414
2025-06-20,SKU-01664,A-04L-018-3-B,A,APP,prime,45,50,26,3,23,15,2025-06-05,A,A,False,2.682
2025-06-20,SKU-01665,C-04L-008-3-B,C,APP,prime,45,275,3,0,3,12,2025-06-08,B,C,True,0.424
2025-06-20,SKU-01666,C-03R-019-2-B,C,APP,prime,27,275,11,0,11,16,2025-06-04,B,B,False,0.821
2025-06-20,SKU-01667,B-03L-015-4-A,B,APP,sub_prime,63,150,9,0,9,9,2025-06-11,B,C,True,0.699
2025-06-20,SKU-01668,D-03L-015-2-A,D,APP,prime,27,400,1,0,1,16,2025-06-04,C,C,False,0.27
2025-06-20,SKU-01669,C-04L-009-3-A,C,APP,prime,45,275,4,0,4,20,2025-05-31,C,C,False,0.388
2025-06-20,SKU-01670,B-03R-015-2-B,B,APP,prime,27,150,8,0,8,9,2025-06-11,B,C,True,0.744
2025-06-20,SKU-01671,C-03R-019-3-B,C,APP,prime,45,275,2,0,2,9,2025-06-11,B,C,True,0.529
2025-06-20,SKU-01672,C-04R-007-1-A,C,APP,floor,9,275,44,3,41,13,2025-06-07,A,A,False,3.219
2025-06-20,SKU-01673,E-04R-006-3-A,E,APP,prime,45,525,4,0,4,13,2025-06-07,C,C,False,0.294
2025-06-20,SKU-01674,C-03R-016-2-A,C,APP,prime,27,275,2,0,2,19,2025-06-01,B,C,True,0.46
2025-06-20,SKU-01675,E-04R-001-2-A,E,APP,prime,27,525,3,0,3,8,2025-06-12,C,C,False,0.327
2025-06-20,SKU-01676,C-04R-004-3-A,C,APP,prime,45,275,14,0,14,3,2025-06-17,B,B,False,0.841
2025-06-20,SKU-01677,E-03R-016-3-B,E,APP,prime,45,525,1,0,1,17,2025-06-03,C,C,False,0.361
2025-06-20,SKU-01678,A-03L-012-3-B,A,APP,prime,45,50,64,2,62,4,2025-06-16,A,A,False,3.762
2025-06-20,SKU-01679,B-03L-012-3-A,B,APP,prime,45,150,22,0,22,9,2025-06-11,B,B,False,1.359
2025-06-20,SKU-01680,E-04L-003-2-A,E,APP,prime,27,525,2,0,2,8,2025-06-12,C,C,False,0.361
2025-06-20,SKU-01681,D-04R-019-2-A,D,APP,prime,27,400,4,0,4,17,2025-06-03,B,C,True,0.535
2025-06-20,SKU-01682,E-03L-019-2-A,E,APP,prime,27,525,2,0,2,5,2025-06-15,C,C,False,0.301
2025-06-20,SKU-01683,B-03R-014-1-B,B,APP,floor,9,150,5,0,5,17,2025-06-03,B,C,True,0.64
2025-06-20,SKU-01684,D-04L-013-4-A,D,APP,sub_prime,63,400,2,0,2,14,2025-06-06,C,C,False,0.397
2025-06-20,SKU-01685,D-03L-019-2-B,D,APP,prime,27,400,4,0,4,8,2025-06-12,C,C,False,0.329
2025-06-20,SKU-01686,D-04R-007-2-B,D,APP,prime,27,400,3,0,3,7,2025-06-13,C,C,False,0.344
2025-06-20,SKU-01687,A-04L-005-3-B,A,APP,prime,45,50,64,3,61,2,2025-06-18,A,A,False,3.283
2025-06-20,SKU-01688,D-04L-010-2-B,D,APP,prime,27,400,2,0,2,17,2025-06-03,C,C,False,0.378
2025-06-20,SKU-01689,D-03R-012-1-B,D,APP,floor,9,400,22,1,21,20,2025-05-31,B,B,False,1.135
2025-06-20,SKU-01690,D-04L-009-2-B,D,APP,prime,27,400,3,0,3,7,2025-06-13,B,C,True,0.526
2025-06-20,SKU-01691,B-04R-010-3-B,B,APP,prime,45,150,2,0,2,11,2025-06-09,C,C,False,0.327
2025-06-20,SKU-01692,D-03R-001-3-A,D,APP,prime,45,400,21,0,21,15,2025-06-05,A,A,False,2.972
2025-06-20,SKU-01693,C-04R-012-4-B,C,APP,sub_prime,63,275,4,0,4,7,2025-06-13,C,C,False,0.371
2025-06-20,SKU-01694,E-04L-002-4-B,E,APP,sub_prime,63,525,3,0,3,15,2025-06-05,C,C,False,0.278
2025-06-20,SKU-01695,D-03R-020-1-A,D,APP,floor,9,400,3,0,3,20,2025-05-31,C,C,False,0.295
2025-06-20,SKU-01696,B-03L-009-3-B,B,APP,prime,45,150,179,12,167,3,2025-06-17,A,A,False,11.969
2025-06-20,SKU-01697,E-03L-014-4-A,E,APP,sub_prime,63,525,3,0,3,18,2025-06-02,C,C,False,0.273
2025-06-20,SKU-01698,A-04L-019-2-B,A,APP,prime,27,50,4,0,4,7,2025-06-13,B,C,True,0.572
2025-06-20,SKU-01699,B-04L-005-4-B,B,APP,sub_prime,63,150,35,3,32,17,2025-06-03,A,B,True,2.306
2025-06-20,SKU-01700,D-03L-002-1-A,D,APP,floor,9,400,13,0,13,13,2025-06-07,B,C,True,0.72
2025-06-20,SKU-01701,D-03R-001-4-A,D,APP,sub_prime,63,400,2,0,2,13,2025-06-07,C,C,False,0.281
2025-06-20,SKU-01702,C-04L-003-1-A,C,APP,floor,9,275,6,0,6,8,2025-06-12,C,C,False,0.412
2025-06-20,SKU-01703,C-04R-010-1-B,C,APP,floor,9,275,2,0,2,11,2025-06-09,B,C,True,0.441
2025-06-20,SKU-01704,B-03R-006-2-A,B,APP,prime,27,150,26,0,26,20,2025-05-31,A,B,True,1.677
2025-06-20,SKU-01705,D-04R-013-1-B,D,APP,floor,9,400,22,2,20,14,2025-06-06,B,B,False,1.566
2025-06-20,SKU-01706,B-03R-011-3-B,B,APP,prime,45,150,6,0,6,14,2025-06-06,B,B,False,0.929
2025-06-20,SKU-01707,D-04L-015-2-B,D,APP,prime,27,400,26,0,26,9,2025-06-11,B,B,False,1.445
2025-06-20,SKU-01708,D-04R-001-4-A,D,APP,sub_prime,63,400,5,0,5,19,2025-06-01,C,C,False,0.393
2025-06-20,SKU-01709,A-03L-014-1-B,A,APP,floor,9,50,37,5,32,9,2025-06-11,A,A,False,4.403
2025-06-20,SKU-01710,C-03R-005-1-A,C,APP,floor,9,275,5,0,5,15,2025-06-05,B,C,True,0.422
2025-06-20,SKU-01711,B-04R-017-3-A,B,APP,prime,45,150,9,0,9,5,2025-06-15,B,B,False,0.949
2025-06-20,SKU-01712,D-03R-005-3-B,D,APP,prime,45,400,1,0,1,3,2025-06-17,C,C,False,0.339
2025-06-20,SKU-01713,C-04L-016-2-B,C,APP,prime,27,275,7,0,7,14,2025-06-06,B,C,True,0.423
2025-06-20,SKU-01714,D-04R-016-2-A,D,APP,prime,27,400,5,0,5,20,2025-05-31,C,C,False,0.293
2025-06-20,SKU-01715,C-04L-015-3-B,C,APP,prime,45,275,6,0,6,20,2025-05-31,B,C,True,0.638
2025-06-20,SKU-01716,B-03L-008-1-B,B,APP,floor,9,150,9,0,9,19,2025-06-01,B,C,True,0.565
2025-06-20,SKU-01717,C-04R-009-1-A,C,APP,floor,9,275,4,0,4,20,2025-05-31,B,C,True,0.53
2025-06-20,SKU-01718,C-04L-010-1-A,C,APP,floor,9,275,8,0,8,19,2025-06-01,B,C,True,0.62
2025-06-20,SKU-01719,D-03L-017-4-A,D,APP,sub_prime,63,400,4,0,4,13,2025-06-07,C,C,False,0.415
2025-06-20,SKU-01720,A-04R-016-2-B,A,APP,prime,27,50,7,0,7,12,2025-06-08,B,C,True,0.443
2025-06-20,SKU-01721,A-04L-015-4-B,A,APP,sub_prime,63,50,1521,180,1341,17,2025-06-03,A,A,False,109.717
2025-06-20,SKU-01722,C-04R-004-4-B,C,APP,sub_prime,63,275,5,0,5,14,2025-06-06,B,C,True,0.491
2025-06-20,SKU-01723,D-03R-014-1-B,D,APP,floor,9,400,24,0,24,19,2025-06-01,B,B,False,1.194
2025-06-20,SKU-01724,C-04L-001-1-A,C,APP,floor,9,275,1,0,1,18,2025-06-02,C,C,False,0.381
2025-06-20,SKU-01725,D-03R-012-2-A,D,APP,prime,27,400,5,0,5,18,2025-06-02,C,C,False,0.307
2025-06-20,SKU-01726,C-03R-020-4-B,C,APP,sub_prime,63,275,6,0,6,14,2025-06-06,B,C,True,0.43
2025-06-20,SKU-01727,B-03R-015-1-B,B,APP,floor,9,150,3,0,3,4,2025-06-16,B,C,True,0.419
2025-06-20,SKU-01728,B-04L-008-1-A,B,APP,floor,9,150,99,1,98,10,2025-06-10,A,A,False,4.987
2025-06-20,SKU-01729,A-03R-017-4-B,A,APP,sub_prime,63,50,9,0,9,14,2025-06-06,B,C,True,0.69
2025-06-20,SKU-01730,D-04L-002-2-A,D,APP,prime,27,400,1,0,1,14,2025-06-06,C,C,False,0.323
2025-06-20,SKU-01731,C-04L-017-2-A,C,APP,prime,27,275,2,0,2,6,2025-06-14,C,C,False,0.341
2025-06-20,SKU-01732,D-04R-001-4-B,D,APP,sub_prime,63,400,4,0,4,9,2025-06-11,C,C,False,0.323
2025-06-20,SKU-01733,D-03L-002-3-B,D,APP,prime,45,400,2,0,2,11,2025-06-09,C,C,False,0.348
2025-06-20,SKU-01734,B-03L-004-2-B,B,APP,prime,27,150,7,0,7,14,2025-06-06,B,C,True,0.45
2025-06-20,SKU-01735,D-03R-004-2-B,D,APP,prime,27,400,21,0,21,2,2025-06-18,B,B,False,1.262
2025-06-20,SKU-01736,D-03R-004-3-B,D,APP,prime,45,400,5,0,5,12,2025-06-08,B,C,True,0.497
2025-06-20,SKU-01737,D-04R-008-4-B,D,APP,sub_prime,63,400,11,0,11,7,2025-06-13,B,B,False,0.944
2025-06-20,SKU-01738,C-04L-006-1-B,C,APP,floor,9,275,9,0,9,13,2025-06-07,B,C,True,0.603
2025-06-20,SKU-01739,A-03L-013-1-B,A,APP,floor,9,50,76,12,64,4,2025-06-16,A,A,False,7.655
2025-06-20,SKU-01740,C-03R-019-2-A,C,APP,prime,27,275,18,1,17,18,2025-06-02,B,B,False,1.082
2025-06-20,SKU-01741,B-04R-012-2-A,B,APP,prime,27,150,4,0,4,15,2025-06-05,B,C,True,0.438
2025-06-20,SKU-01742,D-04L-006-2-B,D,APP,prime,27,400,5,0,5,19,2025-06-01,C,C,False,0.404
2025-06-20,SKU-01743,C-04L-009-2-B,C,APP,prime,27,275,11,0,11,17,2025-06-03,B,B,False,0.873
2025-06-20,SKU-01744,C-03R-006-4-A,C,APP,sub_prime,63,275,3,0,3,7,2025-06-13,C,C,False,0.306
2025-06-20,SKU-01745,E-04L-006-2-A,E,APP,prime,27,525,3,0,3,8,2025-06-12,C,C,False,0.36
2025-06-20,SKU-01746,B-03L-008-2-B,B,APP,prime,27,150,6,0,6,14,2025-06-06,B,C,True,0.482
2025-06-20,SKU-01747,A-03R-020-1-A,A,APP,floor,9,50,25,3,22,2,2025-06-18,A,A,False,3.483
2025-06-20,SKU-01748,C-03L-011-3-A,C,APP,prime,45,275,7,0,7,16,2025-06-04,B,C,True,0.468
2025-06-20,SKU-01749,A-04L-006-1-A,A,APP,floor,9,50,45,2,43,4,2025-06-16,A,A,False,3.549
2025-06-20,SKU-01750,B-03R-018-1-B,B,APP,floor,9,150,1,0,1,17,2025-06-03,C,C,False,0.274
2025-06-20,SKU-01751,A-03R-007-4-A,A,APP,sub_prime,63,50,7,0,7,18,2025-06-02,B,C,True,0.66
2025-06-20,SKU-01752,C-04L-012-3-B,C,APP,prime,45,275,8,0,8,19,2025-06-01,B,C,True,0.545
2025-06-20,SKU-01753,A-03L-010-3-A,A,APP,prime,45,50,27,4,23,7,2025-06-13,A,A,False,3.15
2025-06-20,SKU-01754,C-03R-018-2-A,C,APP,prime,27,275,10,0,10,15,2025-06-05,B,C,True,0.599
2025-06-20,SKU-01755,B-04R-018-3-A,B,APP,prime,45,150,23,0,23,3,2025-06-17,B,B,False,1.167
2025-06-20,SKU-01756,E-03L-007-2-A,E,APP,prime,27,525,4,0,4,6,2025-06-14,B,C,True,0.55
2025-06-20,SKU-01757,B-03R-010-4-A,B,APP,sub_prime,63,150,1,0,1,8,2025-06-12,C,C,False,0.282
2025-06-20,SKU-01758,E-03R-017-4-A,E,APP,sub_prime,63,525,5,0,5,17,2025-06-03,C,C,False,0.333
2025-06-20,SKU-01759,C-04R-018-2-B,C,APP,prime,27,275,6,0,6,8,2025-06-12,C,C,False,0.338
2025-06-20,SKU-01760,C-04R-007-2-A,C,APP,prime,27,275,9,0,9,16,2025-06-04,B,C,True,0.481
2025-06-20,SKU-01761,B-04R-008-3-A,B,APP,prime,45,150,7,0,7,2,2025-06-18,B,C,True,0.453
2025-06-20,SKU-01762,D-04R-020-1-A,D,APP,floor,9,400,5,0,5,1,2025-06-19,B,C,True,0.732
2025-06-20,SKU-01763,D-03L-007-4-A,D,APP,sub_prime,63,400,6,0,6,15,2025-06-05,C,C,False,0.397
2025-06-20,SKU-01764,C-04L-006-3-B,C,APP,prime,45,275,7,0,7,11,2025-06-09,B,C,True,0.506
2025-06-20,SKU-01765,E-03R-007-2-A,E,APP,prime,27,525,4,0,4,12,2025-06-08,C,C,False,0.383
2025-06-20,SKU-01766,E-04L-013-1-B,E,APP,floor,9,525,4,0,4,12,2025-06-08,C,C,False,0.327
2025-06-20,SKU-01767,C-04R-019-4-B,C,APP,sub_prime,63,275,5,0,5,12,2025-06-08,B,C,True,0.638
2025-06-20,SKU-01768,D-03R-013-2-A,D,APP,prime,27,400,4,0,4,5,2025-06-15,C,C,False,0.285
2025-06-20,SKU-01769,D-04R-001-1-B,D,APP,floor,9,400,5,0,5,19,2025-06-01,C,C,False,0.318
2025-06-20,SKU-01770,C-03L-012-3-B,C,APP,prime,45,275,10,0,10,15,2025-06-05,B,B,False,0.999
2025-06-20,SKU-01771,E-03L-019-3-B,E,APP,prime,45,525,2,0,2,10,2025-06-10,C,C,False,0.323
2025-06-20,SKU-01772,D-04R-004-2-B,D,APP,prime,27,400,3,0,3,4,2025-06-16,C,C,False,0.391
2025-06-20,SKU-01773,B-04R-020-2-B,B,APP,prime,27,150,6,0,6,18,2025-06-02,C,C,False,0.346
2025-06-20,SKU-01774,B-04L-013-2-B,B,APP,prime,27,150,9,0,9,12,2025-06-08,B,C,True,0.575
2025-06-20,SKU-01775,B-03R-006-4-B,B,APP,sub_prime,63,150,31,1,30,8,2025-06-12,A,A,False,5.064
2025-06-20,SKU-01776,D-04L-016-1-A,D,APP,floor,9,400,3,0,3,7,2025-06-13,B,C,True,0.615
2025-06-20,SKU-01777,C-04R-015-1-B,C,APP,floor,9,275,9,0,9,16,2025-06-04,B,B,False,0.909
2025-06-20,SKU-01778,A-03L-002-4-A,A,APP,sub_prime,63,50,2,0,2,15,2025-06-05,B,C,True,0.509
2025-06-20,SKU-01779,D-03R-009-3-A,D,APP,prime,45,400,22,1,21,6,2025-06-14,B,B,False,1.398
2025-06-20,SKU-01780,C-04R-020-2-B,C,APP,prime,27,275,9,0,9,13,2025-06-07,B,C,True,0.652
2025-06-20,SKU-01781,B-04L-014-1-A,B,APP,floor,9,150,2,0,2,8,2025-06-12,B,C,True,0.462
2025-06-20,SKU-01782,D-03L-014-1-A,D,APP,floor,9,400,2,0,2,13,2025-06-07,C,C,False,0.3
2025-06-20,SKU-01783,E-04L-019-4-A,E,APP,sub_prime,63,525,3,0,3,10,2025-06-10,B,C,True,0.653
2025-06-20,SKU-01784,B-04R-017-2-A,B,APP,prime,27,150,13,0,13,14,2025-06-06,B,C,True,0.727
2025-06-20,SKU-01785,B-04R-012-1-B,B,APP,floor,9,150,7,0,7,1,2025-06-19,B,C,True,0.57
2025-06-20,SKU-01786,D-04L-008-2-A,D,APP,prime,27,400,2,0,2,2,2025-06-18,C,C,False,0.403
2025-06-20,SKU-01787,C-04R-004-2-A,C,APP,prime,27,275,6,0,6,12,2025-06-08,B,B,False,1.181
2025-06-20,SKU-01788,B-04R-016-2-A,B,APP,prime,27,150,12,0,12,10,2025-06-10,B,C,True,0.701
2025-06-20,SKU-01789,D-04R-006-1-B,D,APP,floor,9,400,4,0,4,7,2025-06-13,C,C,False,0.324
2025-06-20,SKU-01790,C-04L-012-2-B,C,APP,prime,27,275,13,0,13,15,2025-06-05,B,C,True,0.677
2025-06-20,SKU-01791,C-03L-005-1-B,C,APP,floor,9,275,15,0,15,1,2025-06-19,B,B,False,0.883
2025-06-20,SKU-01792,C-04L-006-2-A,C,APP,prime,27,275,7,1,6,14,2025-06-06,B,B,False,1.373
2025-06-20,SKU-01793,B-03L-017-3-B,B,APP,prime,45,150,10,0,10,3,2025-06-17,B,B,False,0.8
2025-06-20,SKU-01794,B-03R-001-1-B,B,APP,floor,9,150,25,1,24,2,2025-06-18,B,B,False,1.293
2025-06-20,SKU-01795,B-04L-017-3-A,B,APP,prime,45,150,17,2,15,13,2025-06-07,A,B,True,1.744
2025-06-20,SKU-01796,E-04R-011-3-A,E,APP,prime,45,525,2,0,2,20,2025-05-31,C,C,False,0.269
2025-06-20,SKU-01797,A-03L-004-2-B,A,APP,prime,27,50,18,0,18,18,2025-06-02,B,B,False,1.132
2025-06-20,SKU-01798,E-04L-004-3-A,E,APP,prime,45,525,2,0,2,16,2025-06-04,C,C,False,0.387
2025-06-20,SKU-01799,C-03R-018-1-B,C,APP,floor,9,275,3,0,3,11,2025-06-09,B,C,True,0.497
2025-06-20,SKU-01800,B-03R-009-2-B,B,APP,prime,27,150,46,5,41,1,2025-06-19,A,A,False,8.077
2025-06-20,SKU-01801,D-04R-007-4-A,D,APP,sub_prime,63,400,9,0,9,11,2025-06-09,B,C,True,0.676
2025-06-20,SKU-01802,E-04L-018-2-A,E,APP,prime,27,525,3,0,3,20,2025-05-31,C,C,False,0.362
2025-06-20,SKU-01803,B-03R-020-1-A,B,APP,floor,9,150,943,36,907,3,2025-06-17,A,A,False,62.695
2025-06-20,SKU-01804,A-03R-012-4-B,A,APP,sub_prime,63,50,19,3,16,14,2025-06-06,A,A,False,2.85
2025-06-20,SKU-01805,B-04L-015-1-A,B,APP,floor,9,150,4,0,4,6,2025-06-14,B,C,True,0.739
2025-06-20,SKU-01806,B-03R-008-1-B,B,APP,floor,9,150,5,0,5,2,2025-06-18,B,C,True,0.513
2025-06-20,SKU-01807,C-03R-017-1-B,C,APP,floor,9,275,7,0,7,9,2025-06-11,B,C,True,0.553
2025-06-20,SKU-01808,C-03R-004-3-A,C,APP,prime,45,275,1,0,1,19,2025-06-01,C,C,False,0.316
2025-06-20,SKU-01809,D-03R-009-2-A,D,APP,prime,27,400,4,0,4,6,2025-06-14,C,C,False,0.328
2025-06-20,SKU-01810,E-03R-009-1-A,E,APP,floor,9,525,4,0,4,12,2025-06-08,C,C,False,0.332
2025-06-20,SKU-01811,D-04L-012-3-B,D,APP,prime,45,400,1,0,1,16,2025-06-04,C,C,False,0.373
2025-06-20,SKU-01812,C-03R-013-2-B,C,APP,prime,27,275,6,0,6,17,2025-06-03,B,B,False,0.84
2025-06-20,SKU-01813,A-04L-020-3-B,A,APP,prime,45,50,5,0,5,5,2025-06-15,C,C,False,0.314
2025-06-20,SKU-01814,D-03R-002-4-B,D,APP,sub_prime,63,400,4,0,4,17,2025-06-03,C,C,False,0.27
2025-06-20,SKU-01815,D-04R-010-3-A,D,APP,prime,45,400,6,0,6,19,2025-06-01,B,B,False,0.857
2025-06-20,SKU-01816,B-04R-016-1-B,B,APP,floor,9,150,9,0,9,19,2025-06-01,B,C,True,0.753
2025-06-20,SKU-01817,B-04L-018-4-B,B,APP,sub_prime,63,150,23,0,23,4,2025-06-16,B,B,False,1.179
2025-06-20,SKU-01818,B-04R-017-3-B,B,APP,prime,45,150,10,0,10,18,2025-06-02,B,B,False,0.865
2025-06-20,SKU-01819,D-04L-010-4-A,D,APP,sub_prime,63,400,1,0,1,6,2025-06-14,C,C,False,0.287
2025-06-20,SKU-01820,E-04L-014-1-A,E,APP,floor,9,525,3,0,3,15,2025-06-05,C,C,False,0.309
2025-06-20,SKU-01821,D-04L-004-4-B,D,APP,sub_prime,63,400,7,0,7,17,2025-06-03,B,C,True,0.424
2025-06-20,SKU-01822,C-03L-004-1-A,C,APP,floor,9,275,17,1,16,20,2025-05-31,B,B,False,1.366
2025-06-20,SKU-01823,D-03R-003-4-A,D,APP,sub_prime,63,400,3,0,3,8,2025-06-12,C,C,False,0.31
2025-06-20,SKU-01824,C-04L-013-3-A,C,APP,prime,45,275,5,0,5,13,2025-06-07,B,C,True,0.558
2025-06-20,SKU-01825,C-03R-019-4-A,C,APP,sub_prime,63,275,3,0,3,4,2025-06-16,C,C,False,0.345
2025-06-20,SKU-01826,A-04L-012-3-A,A,APP,prime,45,50,4,0,4,2,2025-06-18,B,C,True,0.519
2025-06-20,SKU-01827,D-04R-002-4-A,D,APP,sub_prime,63,400,2,0,2,19,2025-06-01,C,C,False,0.289
2025-06-20,SKU-01828,E-04L-007-3-B,E,APP,prime,45,525,4,0,4,5,2025-06-15,C,C,False,0.292
2025-06-20,SKU-01829,B-04L-013-1-A,B,APP,floor,9,150,14,1,13,5,2025-06-15,B,B,False,1.078
2025-06-20,SKU-01830,B-04L-011-2-B,B,APP,prime,27,150,32,0,32,20,2025-05-31,A,B,True,1.956
2025-06-20,SKU-01831,E-03R-020-3-B,E,APP,prime,45,525,6,0,6,3,2025-06-17,C,C,False,0.376
2025-06-20,SKU-01832,C-03L-002-1-B,C,APP,floor,9,275,6,0,6,14,2025-06-06,B,C,True,0.589
2025-06-20,SKU-01833,D-04R-018-4-B,D,APP,sub_prime,63,400,7,0,7,10,2025-06-10,B,C,True,0.541
2025-06-20,SKU-01834,C-04L-005-2-B,C,APP,prime,27,275,11,0,11,2,2025-06-18,B,B,False,1.281
2025-06-20,SKU-01835,C-04L-005-1-B,C,APP,floor,9,275,4,0,4,16,2025-06-04,B,C,True,0.475
2025-06-20,SKU-01836,D-04R-015-4-B,D,APP,sub_prime,63,400,3,0,3,15,2025-06-05,B,C,True,0.562
2025-06-20,SKU-01837,E-03L-015-2-A,E,APP,prime,27,525,3,0,3,9,2025-06-11,C,C,False,0.371
2025-06-20,SKU-01838,B-03R-019-1-A,B,APP,floor,9,150,135,3,132,14,2025-06-06,A,A,False,7.745
2025-06-20,SKU-01839,E-03R-012-3-A,E,APP,prime,45,525,5,0,5,7,2025-06-13,C,C,False,0.286
2025-06-20,SKU-01840,D-04L-002-4-B,D,APP,sub_prime,63,400,11,0,11,19,2025-06-01,B,C,True,0.617
2025-06-20,SKU-01841,A-03L-018-1-B,A,APP,floor,9,50,2,0,2,10,2025-06-10,B,C,True,0.555
2025-06-20,SKU-01842,B-04L-008-4-B,B,APP,sub_prime,63,150,3,0,3,8,2025-06-12,B,C,True,0.534
2025-06-20,SKU-01843,D-03L-011-1-B,D,APP,floor,9,400,12,0,12,4,2025-06-16,B,C,True,0.647
2025-06-20,SKU-01844,A-03R-017-4-A,A,APP,sub_prime,63,50,30,2,28,17,2025-06-03,A,A,False,4.95
2025-06-20,SKU-01845,B-04L-016-3-B,B,APP,prime,45,150,9,0,9,5,2025-06-15,B,C,True,0.574
2025-06-20,SKU-01846,B-03R-002-1-A,B,APP,floor,9,150,114,8,106,12,2025-06-08,A,A,False,7.979
2025-06-20,SKU-01847,D-03R-014-2-A,D,APP,prime,27,400,11,0,11,16,2025-06-04,B,B,False,0.854
2025-06-20,SKU-01848,A-04L-001-2-A,A,APP,prime,27,50,82,10,72,16,2025-06-04,A,A,False,6.04
2025-06-20,SKU-01849,E-04R-013-2-A,E,APP,prime,27,525,14,1,13,20,2025-05-31,B,B,False,1.081
2025-06-20,SKU-01850,A-04R-006-2-A,A,APP,prime,27,50,369,15,354,4,2025-06-16,A,A,False,30.619
2025-06-20,SKU-01851,C-04R-014-3-B,C,APP,prime,45,275,3,0,3,4,2025-06-16,C,C,False,0.266
2025-06-20,SKU-01852,E-04R-018-2-A,E,APP,prime,27,525,9,0,9,13,2025-06-07,B,B,False,0.901
2025-06-20,SKU-01853,A-03R-011-3-A,A,APP,prime,45,50,35,3,32,4,2025-06-16,A,B,True,2.654
2025-06-20,SKU-01854,D-03R-002-1-A,D,APP,floor,9,400,8,0,8,19,2025-06-01,B,C,True,0.464
2025-06-20,SKU-01855,D-04L-012-4-A,D,APP,sub_prime,63,400,21,0,21,8,2025-06-12,B,B,False,1.301
2025-06-20,SKU-01856,E-04L-008-3-A,E,APP,prime,45,525,1,0,1,17,2025-06-03,C,C,False,0.355
2025-06-20,SKU-01857,A-04R-005-1-A,A,APP,floor,9,50,208,7,201,4,2025-06-16,A,A,False,10.286
2025-06-20,SKU-01858,B-03R-018-2-B,B,APP,prime,27,150,22,2,20,10,2025-06-10,A,A,False,3.861
2025-06-20,SKU-01859,A-03L-020-4-B,A,APP,sub_prime,63,50,48,3,45,17,2025-06-03,A,A,False,2.992
2025-06-20,SKU-01860,D-04L-004-3-A,D,APP,prime,45,400,2,0,2,3,2025-06-17,C,C,False,0.29
2025-06-20,SKU-01861,D-03L-014-1-B,D,APP,floor,9,400,2,0,2,1,2025-06-19,C,C,False,0.271
2025-06-20,SKU-01862,C-04R-019-3-B,C,APP,prime,45,275,5,0,5,2,2025-06-18,B,C,True,0.645
2025-06-20,SKU-01863,A-03L-004-4-A,A,APP,sub_prime,63,50,15,2,13,2,2025-06-18,A,B,True,1.992
2025-06-20,SKU-01864,C-04R-001-4-A,C,APP,sub_prime,63,275,7,0,7,3,2025-06-17,B,C,True,0.604
2025-06-20,SKU-01865,D-03R-005-4-B,D,APP,sub_prime,63,400,51,7,44,20,2025-05-31,A,A,False,5.509
2025-06-20,SKU-01866,D-03R-009-2-B,D,APP,prime,27,400,2,0,2,16,2025-06-04,C,C,False,0.31
2025-06-20,SKU-01867,C-03L-007-3-A,C,APP,prime,45,275,22,2,20,7,2025-06-13,A,B,True,1.839
2025-06-20,SKU-01868,C-04R-007-3-B,C,APP,prime,45,275,7,0,7,18,2025-06-02,B,C,True,0.422
2025-06-20,SKU-01869,E-03R-019-2-A,E,APP,prime,27,525,2,0,2,4,2025-06-16,C,C,False,0.303
2025-06-20,SKU-01870,C-03L-008-4-B,C,APP,sub_prime,63,275,5,0,5,6,2025-06-14,B,C,True,0.547
2025-06-20,SKU-01871,D-04L-011-1-A,D,APP,floor,9,400,1,0,1,15,2025-06-05,C,C,False,0.346
2025-06-20,SKU-01872,A-03L-011-4-B,A,APP,sub_prime,63,50,29,4,25,8,2025-06-12,A,A,False,3.942
2025-06-20,SKU-01873,B-03R-018-4-A,B,APP,sub_prime,63,150,117,22,95,18,2025-06-02,A,A,False,14.629
2025-06-20,SKU-01874,D-04R-018-3-B,D,APP,prime,45,400,6,0,6,3,2025-06-17,B,C,True,0.483
2025-06-20,SKU-01875,D-03L-018-1-A,D,APP,floor,9,400,4,0,4,4,2025-06-16,B,C,True,0.527
2025-06-20,SKU-01876,D-03R-012-3-A,D,APP,prime,45,400,1,0,1,4,2025-06-16,C,C,False,0.359
2025-06-20,SKU-01877,E-03L-020-1-A,E,APP,floor,9,525,5,0,5,17,2025-06-03,B,C,True,0.56
2025-06-20,SKU-01878,B-03R-014-4-B,B,APP,sub_prime,63,150,4,0,4,4,2025-06-16,B,B,False,0.795
2025-06-20,SKU-01879,C-04L-007-2-A,C,APP,prime,27,275,4,0,4,19,2025-06-01,B,C,True,0.628
2025-06-20,SKU-01880,C-03R-020-2-A,C,APP,prime,27,275,2,0,2,17,2025-06-03,C,C,False,0.278
2025-06-20,SKU-01881,C-03R-004-4-B,C,APP,sub_prime,63,275,10,0,10,15,2025-06-05,B,B,False,0.9
2025-06-20,SKU-01882,D-04R-012-2-A,D,APP,prime,27,400,17,0,17,20,2025-05-31,B,B,False,1.225
2025-06-20,SKU-01883,C-04L-002-2-A,C,APP,prime,27,275,4,0,4,7,2025-06-13,C,C,False,0.397
2025-06-20,SKU-01884,D-03R-018-3-B,D,APP,prime,45,400,105,6,99,3,2025-06-17,A,A,False,5.603
2025-06-20,SKU-01885,C-04R-009-2-A,C,APP,prime,27,275,9,0,9,11,2025-06-09,B,B,False,0.933
2025-06-20,SKU-01886,C-03L-014-3-A,C,APP,prime,45,275,61,5,56,6,2025-06-14,A,A,False,3.376
2025-06-20,SKU-01887,C-03L-003-4-B,C,APP,sub_prime,63,275,10,0,10,14,2025-06-06,B,C,True,0.632
2025-06-20,SKU-01888,A-04L-015-1-A,A,APP,floor,9,50,41,4,37,2,2025-06-18,A,A,False,2.862
2025-06-20,SKU-01889,D-04L-006-1-B,D,APP,floor,9,400,1,0,1,12,2025-06-08,C,C,False,0.344
2025-06-20,SKU-01890,D-03L-018-4-B,D,APP,sub_prime,63,400,8,0,8,3,2025-06-17,B,C,True,0.512
2025-06-20,SKU-01891,D-04R-013-2-A,D,APP,prime,27,400,4,0,4,11,2025-06-09,C,C,False,0.347
2025-06-20,SKU-01892,E-04L-003-1-A,E,APP,floor,9,525,6,0,6,8,2025-06-12,C,C,False,0.415
2025-06-20,SKU-01893,C-04R-015-2-B,C,APP,prime,27,275,3,0,3,4,2025-06-16,B,C,True,0.692
2025-06-20,SKU-01894,D-04L-011-2-B,D,APP,prime,27,400,14,0,14,20,2025-05-31,B,B,False,0.878
2025-06-20,SKU-01895,C-03L-009-3-B,C,APP,prime,45,275,73,9,64,13,2025-06-07,A,A,False,6.486
2025-06-20,SKU-01896,D-04L-019-4-B,D,APP,sub_prime,63,400,3,0,3,20,2025-05-31,C,C,False,0.387
2025-06-20,SKU-01897,C-04R-002-4-B,C,APP,sub_prime,63,275,1,0,1,18,2025-06-02,C,C,False,0.315
2025-06-20,SKU-01898,B-04L-004-2-A,B,APP,prime,27,150,51,2,49,9,2025-06-11,A,B,True,2.66
2025-06-20,SKU-01899,E-04L-002-2-B,E,APP,prime,27,525,5,0,5,2,2025-06-18,C,C,False,0.35
2025-06-20,SKU-01900,B-04L-016-3-A,B,APP,prime,45,150,65,1,64,15,2025-06-05,A,A,False,3.42
2025-06-20,SKU-01901,E-03R-013-1-A,E,APP,floor,9,525,3,0,3,7,2025-06-13,C,C,False,0.317
2025-06-20,SKU-01902,A-03R-005-1-B,A,APP,floor,9,50,27,4,23,20,2025-05-31,A,A,False,3.251
2025-06-20,SKU-01903,D-04L-011-2-A,D,APP,prime,27,400,4,0,4,1,2025-06-19,C,C,False,0.382
2025-06-20,SKU-01904,D-04R-012-3-B,D,APP,prime,45,400,4,0,4,18,2025-06-02,C,C,False,0.283
2025-06-20,SKU-01905,B-04L-007-3-A,B,APP,prime,45,150,13,0,13,13,2025-06-07,B,C,True,0.731
2025-06-20,SKU-01906,C-04L-018-1-B,C,APP,floor,9,275,18,0,18,5,2025-06-15,B,B,False,0.959
2025-06-20,SKU-01907,C-04L-008-1-B,C,APP,floor,9,275,10,1,9,13,2025-06-07,B,B,False,1.1
2025-06-20,SKU-01908,D-03R-004-2-A,D,APP,prime,27,400,6,0,6,13,2025-06-07,C,C,False,0.398
2025-06-20,SKU-01909,D-03R-013-1-B,D,APP,floor,9,400,1,0,1,14,2025-06-06,C,C,False,0.383
2025-06-20,SKU-01910,A-04R-014-2-B,A,APP,prime,27,50,40,1,39,18,2025-06-02,A,B,True,2.434
2025-06-20,SKU-01911,D-03R-015-2-A,D,APP,prime,27,400,4,0,4,10,2025-06-10,C,C,False,0.333
2025-06-20,SKU-01912,C-04R-012-2-B,C,APP,prime,27,275,3,0,3,17,2025-06-03,B,C,True,0.477
2025-06-20,SKU-01913,D-04L-008-4-B,D,APP,sub_prime,63,400,2,0,2,10,2025-06-10,C,C,False,0.295
2025-06-20,SKU-01914,A-03R-016-4-A,A,APP,sub_prime,63,50,37,0,37,9,2025-06-11,A,B,True,2.013
2025-06-20,SKU-01915,A-04R-017-2-B,A,APP,prime,27,50,83,6,77,9,2025-06-11,A,A,False,7.837
2025-06-20,SKU-01916,B-03R-014-2-A,B,APP,prime,27,150,72,6,66,18,2025-06-02,A,A,False,3.709
2025-06-20,SKU-01917,D-04L-004-4-A,D,APP,sub_prime,63,400,2,0,2,2,2025-06-18,C,C,False,0.316
2025-06-20,SKU-01918,B-04R-013-2-A,B,APP,prime,27,150,103,3,100,17,2025-06-03,A,A,False,7.041
2025-06-20,SKU-01919,B-04R-014-4-A,B,APP,sub_prime,63,150,16,0,16,3,2025-06-17,B,B,False,1.473
2025-06-20,SKU-01920,D-03R-003-3-A,D,APP,prime,45,400,3,0,3,9,2025-06-11,C,C,False,0.286
2025-06-20,SKU-01921,E-03R-019-4-B,E,APP,sub_prime,63,525,5,0,5,16,2025-06-04,C,C,False,0.377
2025-06-20,SKU-01922,A-03R-006-3-A,A,APP,prime,45,50,32,2,30,18,2025-06-02,A,B,True,1.875
2025-06-20,SKU-01923,B-04R-010-1-B,B,APP,floor,9,150,6,0,6,16,2025-06-04,B,B,False,1.25
2025-06-20,SKU-01924,D-04R-014-2-B,D,APP,prime,27,400,5,0,5,7,2025-06-13,C,C,False,0.337
2025-06-20,SKU-01925,C-04L-019-2-B,C,APP,prime,27,275,14,0,14,11,2025-06-09,B,C,True,0.766
2025-06-20,SKU-01926,D-03R-016-4-A,D,APP,sub_prime,63,400,4,0,4,14,2025-06-06,C,C,False,0.354
2025-06-20,SKU-01927,C-04R-017-3-B,C,APP,prime,45,275,1,0,1,4,2025-06-16,C,C,False,0.305
2025-06-20,SKU-01928,D-03R-002-2-B,D,APP,prime,27,400,3,0,3,18,2025-06-02,C,C,False,0.394
2025-06-20,SKU-01929,E-03R-020-1-A,E,APP,floor,9,525,4,0,4,4,2025-06-16,C,C,False,0.32
2025-06-20,SKU-01930,A-04R-005-4-B,A,APP,sub_prime,63,50,28,1,27,12,2025-06-08,A,B,True,1.767
2025-06-20,SKU-01931,E-04L-006-4-A,E,APP,sub_prime,63,525,18,0,18,2,2025-06-18,B,B,False,1.038
2025-06-20,SKU-01932,D-03L-016-4-B,D,APP,sub_prime,63,400,2,0,2,8,2025-06-12,C,C,False,0.4
2025-06-20,SKU-01933,C-04L-016-1-B,C,APP,floor,9,275,8,0,8,6,2025-06-14,B,B,False,1.033
2025-06-20,SKU-01934,C-03R-011-3-A,C,APP,prime,45,275,14,0,14,16,2025-06-04,B,B,False,0.912
2025-06-20,SKU-01935,E-04L-013-3-A,E,APP,prime,45,525,3,0,3,19,2025-06-01,C,C,False,0.354
2025-06-20,SKU-01936,B-04L-005-4-A,B,APP,sub_prime,63,150,18,0,18,4,2025-06-16,A,B,True,1.66
2025-06-20,SKU-01937,A-03L-004-3-B,A,APP,prime,45,50,63,7,56,12,2025-06-08,A,A,False,6.929
2025-06-20,SKU-01938,A-04R-011-2-B,A,APP,prime,27,50,8,0,8,10,2025-06-10,B,C,True,0.451
2025-06-20,SKU-01939,C-03L-016-1-B,C,APP,floor,9,275,7,0,7,14,2025-06-06,B,C,True,0.441
2025-06-20,SKU-01940,B-04R-016-3-B,B,APP,prime,45,150,11,0,11,9,2025-06-11,B,C,True,0.754
2025-06-20,SKU-01941,C-03L-020-1-A,C,APP,floor,9,275,7,0,7,2,2025-06-18,B,C,True,0.54
2025-06-20,SKU-01942,B-03R-008-4-A,B,APP,sub_prime,63,150,2,0,2,19,2025-06-01,C,C,False,0.305
2025-06-20,SKU-01943,D-03L-004-4-B,D,APP,sub_prime,63,400,4,0,4,8,2025-06-12,C,C,False,0.343
2025-06-20,SKU-01944,B-04L-016-4-A,B,APP,sub_prime,63,150,58,0,58,2,2025-06-18,A,A,False,2.986
2025-06-20,SKU-01945,C-03R-002-4-B,C,APP,sub_prime,63,275,3,0,3,6,2025-06-14,B,C,True,0.577
2025-06-20,SKU-01946,C-03L-013-2-B,C,APP,prime,27,275,8,0,8,12,2025-06-08,B,B,False,0.951
2025-06-20,SKU-01947,D-04R-013-1-A,D,APP,floor,9,400,1,0,1,5,2025-06-15,C,C,False,0.278
2025-06-20,SKU-01948,D-04L-019-2-B,D,APP,prime,27,400,5,0,5,6,2025-06-14,C,C,False,0.375
2025-06-20,SKU-01949,B-03R-007-3-A,B,APP,prime,45,150,4,0,4,17,2025-06-03,B,C,True,0.746
2025-06-20,SKU-01950,E-04R-001-4-A,E,APP,sub_prime,63,525,3,0,3,16,2025-06-04,C,C,False,0.274
2025-06-20,SKU-01951,B-04R-015-3-A,B,APP,prime,45,150,11,1,10,19,2025-06-01,B,B,False,1.062
2025-06-20,SKU-01952,B-03L-005-3-B,B,APP,prime,45,150,5,0,5,7,2025-06-13,B,C,True,0.495
2025-06-20,SKU-01953,A-03L-018-4-B,A,APP,sub_prime,63,50,14,0,14,5,2025-06-15,B,B,False,0.821
2025-06-20,SKU-01954,E-04R-006-1-B,E,APP,floor,9,525,1,0,1,13,2025-06-07,C,C,False,0.358
2025-06-20,SKU-01955,D-04L-003-2-B,D,APP,prime,27,400,1,0,1,7,2025-06-13,C,C,False,0.303
2025-06-20,SKU-01956,E-04R-003-1-B,E,APP,floor,9,525,3,0,3,10,2025-06-10,C,C,False,0.307
2025-06-20,SKU-01957,C-04R-018-1-B,C,APP,floor,9,275,6,0,6,16,2025-06-04,B,C,True,0.751
2025-06-20,SKU-01958,C-03R-009-3-B,C,APP,prime,45,275,5,0,5,13,2025-06-07,B,C,True,0.483
2025-06-20,SKU-01959,C-04R-017-2-A,C,APP,prime,27,275,33,1,32,15,2025-06-05,A,B,True,2.466
2025-06-20,SKU-01960,D-04L-009-4-A,D,APP,sub_prime,63,400,18,0,18,18,2025-06-02,B,B,False,1.243
2025-06-20,SKU-01961,E-04R-005-2-A,E,APP,prime,27,525,10,0,10,6,2025-06-14,B,C,True,0.666
2025-06-20,SKU-01962,A-03L-017-3-B,A,APP,prime,45,50,20,0,20,12,2025-06-08,A,A,False,3.342
2025-06-20,SKU-01963,C-04R-014-2-B,C,APP,prime,27,275,5,0,5,11,2025-06-09,B,C,True,0.465
2025-06-20,SKU-01964,D-04R-016-2-B,D,APP,prime,27,400,23,0,23,3,2025-06-17,B,B,False,1.613
2025-06-20,SKU-01965,C-03L-001-2-A,C,APP,prime,27,275,52,2,50,6,2025-06-14,A,B,True,2.576
2025-06-20,SKU-01966,A-04R-005-2-B,A,APP,prime,27,50,75,7,68,3,2025-06-17,A,A,False,5.555
2025-06-20,SKU-01967,D-04L-007-1-B,D,APP,floor,9,400,1,0,1,11,2025-06-09,C,C,False,0.277
2025-06-20,SKU-01968,D-03L-004-4-A,D,APP,sub_prime,63,400,60,7,53,7,2025-06-13,A,A,False,4.247
2025-06-20,SKU-01969,D-03R-015-2-B,D,APP,prime,27,400,3,0,3,20,2025-05-31,B,C,True,0.427
2025-06-20,SKU-01970,C-03R-016-2-B,C,APP,prime,27,275,10,0,10,3,2025-06-17,B,C,True,0.635
2025-06-20,SKU-01971,B-03L-014-3-A,B,APP,prime,45,150,11,0,11,13,2025-06-07,B,B,False,1.337
2025-06-20,SKU-01972,A-04R-008-3-B,A,APP,prime,45,50,33,2,31,10,2025-06-10,A,A,False,3.35
2025-06-20,SKU-01973,D-03L-007-3-B,D,APP,prime,45,400,4,0,4,6,2025-06-14,C,C,False,0.404
2025-06-20,SKU-01974,D-04L-008-1-B,D,APP,floor,9,400,3,0,3,14,2025-06-06,C,C,False,0.363
2025-06-20,SKU-01975,B-04L-014-4-A,B,APP,sub_prime,63,150,160,19,141,13,2025-06-07,A,A,False,13.435
2025-06-20,SKU-01976,A-03L-005-2-A,A,APP,prime,27,50,82,5,77,12,2025-06-08,A,A,False,8.896
2025-06-20,SKU-01977,E-03R-001-1-B,E,APP,floor,9,525,5,0,5,13,2025-06-07,C,C,False,0.296
2025-06-20,SKU-01978,B-03L-006-2-B,B,APP,prime,27,150,12,0,12,1,2025-06-19,B,B,False,0.914
2025-06-20,SKU-01979,B-03L-007-4-B,B,APP,sub_prime,63,150,13,3,10,15,2025-06-05,A,B,True,2.064
2025-06-20,SKU-01980,C-04L-018-2-A,C,APP,prime,27,275,18,1,17,2,2025-06-18,B,B,False,1.192
2025-06-20,SKU-01981,C-03L-020-2-B,C,APP,prime,27,275,1,0,1,15,2025-06-05,C,C,False,0.264
2025-06-20,SKU-01982,D-03R-011-2-B,D,APP,prime,27,400,1,0,1,6,2025-06-14,C,C,False,0.282
2025-06-20,SKU-01983,D-03R-004-4-A,D,APP,sub_prime,63,400,5,0,5,18,2025-06-02,C,C,False,0.294
2025-06-20,SKU-01984,C-03L-016-2-B,C,APP,prime,27,275,6,0,6,4,2025-06-16,B,B,False,0.896
2025-06-20,SKU-01985,A-04R-016-3-B,A,APP,prime,45,50,42,2,40,2,2025-06-18,A,B,True,2.198
2025-06-20,SKU-01986,B-03R-007-4-B,B,APP,sub_prime,63,150,19,1,18,14,2025-06-06,A,B,True,1.746
2025-06-20,SKU-01987,A-04R-020-2-A,A,APP,prime,27,50,19,2,17,16,2025-06-04,A,B,True,1.831
2025-06-20,SKU-01988,B-04L-004-4-A,B,APP,sub_prime,63,150,11,1,10,11,2025-06-09,A,B,True,1.849
2025-06-20,SKU-01989,C-04R-019-1-B,C,APP,floor,9,275,7,0,7,16,2025-06-04,B,B,False,1.184
2025-06-20,SKU-01990,D-04L-012-1-A,D,APP,floor,9,400,3,0,3,15,2025-06-05,C,C,False,0.306
2025-06-20,SKU-01991,C-03L-003-3-A,C,APP,prime,45,275,8,0,8,20,2025-05-31,B,C,True,0.602
2025-06-20,SKU-01992,B-03L-012-1-B,B,APP,floor,9,150,7,0,7,8,2025-06-12,B,C,True,0.475
2025-06-20,SKU-01993,C-04R-002-3-B,C,APP,prime,45,275,11,0,11,15,2025-06-05,B,B,False,1.11
2025-06-20,SKU-01994,A-04R-001-4-A,A,APP,sub_prime,63,50,16,0,16,10,2025-06-10,A,B,True,1.903
2025-06-20,SKU-01995,B-03R-015-1-A,B,APP,floor,9,150,22,0,22,15,2025-06-05,B,B,False,1.234
2025-06-20,SKU-01996,D-03L-001-1-A,D,APP,floor,9,400,9,0,9,6,2025-06-14,B,C,True,0.641
2025-06-20,SKU-01997,D-04R-008-1-A,D,APP,floor,9,400,4,0,4,11,2025-06-09,C,C,False,0.303
2025-06-20,SKU-01998,E-04L-020-1-B,E,APP,floor,9,525,4,0,4,18,2025-06-02,C,C,False,0.267
2025-06-20,SKU-01999,A-04L-007-3-A,A,APP,prime,45,50,165,12,153,4,2025-06-16,A,A,False,17.555
2025-06-20,SKU-02000,B-04R-014-3-B,B,APP,prime,45,150,14,1,13,2,2025-06-18,B,B,False,1.42
2025-06-20,SKU-02001,E-01R-015-2-B,E,HB,prime,27,525,11,0,11,7,2025-06-13,C,B,True,0.933
2025-06-20,SKU-02002,B-01L-007-1-A,B,HB,floor,9,150,7,0,7,3,2025-06-17,C,B,True,0.935
2025-06-20,SKU-02003,E-02L-002-5-A,E,HB,overhead,81,525,7,0,7,2,2025-06-18,C,B,True,0.929
2025-06-20,SKU-02004,E-02L-022-4-B,E,HB,sub_prime,63,525,10,0,10,16,2025-06-04,C,B,True,0.991
2025-06-20,SKU-02005,B-01L-012-4-B,B,HB,sub_prime,63,150,32,2,30,11,2025-06-09,A,A,False,4.207
2025-06-20,SKU-02006,D-02R-019-3-A,D,HB,prime,45,400,13,0,13,8,2025-06-12,C,B,True,0.942
2025-06-20,SKU-02007,D-01R-004-1-A,D,HB,floor,9,400,19,1,18,13,2025-06-07,B,B,False,1.704
2025-06-20,SKU-02008,D-01L-007-5-B,D,HB,overhead,81,400,14,1,13,13,2025-06-07,C,B,True,1.04
2025-06-20,SKU-02009,E-01R-008-4-A,E,HB,sub_prime,63,525,12,0,12,11,2025-06-09,C,C,False,0.763
2025-06-20,SKU-02010,D-01R-011-3-A,D,HB,prime,45,400,13,0,13,10,2025-06-10,C,B,True,0.82
2025-06-20,SKU-02011,C-01L-025-3-B,C,HB,prime,45,275,10,1,9,9,2025-06-11,B,B,False,1.336
2025-06-20,SKU-02012,C-02L-022-3-B,C,HB,prime,45,275,22,1,21,17,2025-06-03,B,B,False,1.516
2025-06-20,SKU-02013,C-01R-022-1-A,C,HB,floor,9,275,45,8,37,9,2025-06-11,A,A,False,5.409
2025-06-20,SKU-02014,E-01L-014-2-A,E,HB,prime,27,525,11,0,11,1,2025-06-19,C,B,True,0.891
2025-06-20,SKU-02015,E-02L-008-5-A,E,HB,overhead,81,525,10,0,10,11,2025-06-09,C,B,True,0.824
2025-06-20,SKU-02016,A-02L-016-1-A,A,HB,floor,9,50,152,2,150,6,2025-06-14,A,A,False,9.44
2025-06-20,SKU-02017,B-01L-005-5-A,B,HB,overhead,81,150,20,0,20,3,2025-06-17,B,B,False,1.091
2025-06-20,SKU-02018,D-01R-022-4-B,D,HB,sub_prime,63,400,23,2,21,13,2025-06-07,B,B,False,1.686
2025-06-20,SKU-02019,E-02R-004-1-A,E,HB,floor,9,525,22,0,22,7,2025-06-13,B,B,False,1.265
2025-06-20,SKU-02020,D-02R-010-3-B,D,HB,prime,45,400,12,0,12,17,2025-06-03,B,B,False,1.119
2025-06-20,SKU-02021,C-02L-024-1-A,C,HB,floor,9,275,57,4,53,19,2025-06-01,B,A,True,2.974
2025-06-20,SKU-02022,D-01R-004-4-B,D,HB,sub_prime,63,400,8,0,8,13,2025-06-07,C,B,True,0.814
2025-06-20,SKU-02023,D-01R-019-5-A,D,HB,overhead,81,400,35,0,35,16,2025-06-04,B,B,False,1.907
2025-06-20,SKU-02024,E-02R-025-4-B,E,HB,sub_prime,63,525,7,0,7,7,2025-06-13,C,B,True,0.77
2025-06-20,SKU-02025,E-02L-011-4-B,E,HB,sub_prime,63,525,13,0,13,12,2025-06-08,C,C,False,0.686
2025-06-20,SKU-02026,C-02L-003-1-B,C,HB,floor,9,275,10,0,10,4,2025-06-16,C,B,True,0.959
2025-06-20,SKU-02027,E-02R-006-5-A,E,HB,overhead,81,525,14,1,13,3,2025-06-17,C,B,True,1.045
2025-06-20,SKU-02028,D-02R-004-2-B,D,HB,prime,27,400,12,0,12,3,2025-06-17,C,B,True,0.794
2025-06-20,SKU-02029,C-02L-023-4-A,C,HB,sub_prime,63,275,9,1,8,5,2025-06-15,B,B,False,1.37
2025-06-20,SKU-02030,C-02L-021-2-B,C,HB,prime,27,275,17,1,16,1,2025-06-19,B,B,False,2.576
2025-06-20,SKU-02031,E-02R-010-5-B,E,HB,overhead,81,525,15,0,15,14,2025-06-06,C,B,True,0.876
2025-06-20,SKU-02032,C-01L-015-2-A,C,HB,prime,27,275,82,6,76,15,2025-06-05,B,A,True,4.202
2025-06-20,SKU-02033,E-01R-002-2-B,E,HB,prime,27,525,5,0,5,16,2025-06-04,C,B,True,0.896
2025-06-20,SKU-02034,A-02L-014-4-B,A,HB,sub_prime,63,50,349,18,331,1,2025-06-19,A,A,False,60.851
2025-06-20,SKU-02035,E-02R-016-4-A,E,HB,sub_prime,63,525,9,0,9,10,2025-06-10,C,C,False,0.69
2025-06-20,SKU-02036,D-02R-018-3-B,D,HB,prime,45,400,3,0,3,9,2025-06-11,C,C,False,0.708
2025-06-20,SKU-02037,E-01R-008-2-A,E,HB,prime,27,525,10,0,10,10,2025-06-10,B,B,False,1.214
2025-06-20,SKU-02038,A-01L-024-2-A,A,HB,prime,27,50,21,3,18,5,2025-06-15,B,B,False,2.025
2025-06-20,SKU-02039,E-02R-021-5-B,E,HB,overhead,81,525,5,0,5,12,2025-06-08,C,B,True,1.071
2025-06-20,SKU-02040,D-02R-025-2-B,D,HB,prime,27,400,8,0,8,17,2025-06-03,B,B,False,1.344
2025-06-20,SKU-02041,E-01R-022-2-A,E,HB,prime,27,525,12,0,12,14,2025-06-06,B,B,False,1.39
2025-06-20,SKU-02042,E-02R-010-2-B,E,HB,prime,27,525,10,0,10,18,2025-06-02,C,B,True,0.929
2025-06-20,SKU-02043,A-02L-003-4-B,A,HB,sub_prime,63,50,75,2,73,19,2025-06-01,A,A,False,11.028
2025-06-20,SKU-02044,A-01R-023-5-B,A,HB,overhead,81,50,387,39,348,16,2025-06-04,A,A,False,27.932
2025-06-20,SKU-02045,B-01R-025-3-A,B,HB,prime,45,150,724,4,720,18,2025-06-02,A,A,False,35.87
2025-06-20,SKU-02046,D-01R-010-1-B,D,HB,floor,9,400,66,4,62,9,2025-06-11,B,A,True,3.248
2025-06-20,SKU-02047,B-02R-026-3-A,B,HB,prime,45,150,37,0,37,8,2025-06-12,B,B,False,2.56
2025-06-20,SKU-02048,D-01L-023-3-A,D,HB,prime,45,400,17,0,17,4,2025-06-16,B,B,False,1.853
2025-06-20,SKU-02049,C-02R-017-5-A,C,HB,overhead,81,275,12,1,11,9,2025-06-11,B,B,False,1.327
2025-06-20,SKU-02050,C-02L-007-1-A,C,HB,floor,9,275,376,141,235,5,2025-06-15,A,A,False,72.504
2025-06-20,SKU-02051,B-01R-021-4-A,B,HB,sub_prime,63,150,4,0,4,9,2025-06-11,C,C,False,0.71
2025-06-20,SKU-02052,C-01R-019-4-B,C,HB,sub_prime,63,275,11,0,11,15,2025-06-05,C,C,False,0.696
2025-06-20,SKU-02053,A-01R-017-2-A,A,HB,prime,27,50,53,5,48,6,2025-06-14,A,A,False,6.173
2025-06-20,SKU-02054,C-02R-026-2-A,C,HB,prime,27,275,6,0,6,7,2025-06-13,B,B,False,1.169
2025-06-20,SKU-02055,E-02L-017-2-A,E,HB,prime,27,525,13,0,13,15,2025-06-05,C,B,True,0.969
2025-06-20,SKU-02056,C-01L-006-3-A,C,HB,prime,45,275,13,1,12,2,2025-06-18,B,A,True,2.75
2025-06-20,SKU-02057,D-01L-004-2-B,D,HB,prime,27,400,7,0,7,3,2025-06-17,B,B,False,1.15
2025-06-20,SKU-02058,D-01L-005-3-B,D,HB,prime,45,400,32,0,32,11,2025-06-09,B,B,False,1.732
2025-06-20,SKU-02059,E-02L-009-5-A,E,HB,overhead,81,525,6,0,6,8,2025-06-12,C,C,False,0.703
2025-06-20,SKU-02060,A-01R-005-3-B,A,HB,prime,45,50,40,1,39,12,2025-06-08,A,A,False,5.3
2025-06-20,SKU-02061,C-02L-026-3-B,C,HB,prime,45,275,64,4,60,20,2025-05-31,B,A,True,3.903
2025-06-20,SKU-02062,D-01R-003-1-A,D,HB,floor,9,400,15,1,14,2,2025-06-18,B,B,False,1.413
2025-06-20,SKU-02063,B-02L-020-5-A,B,HB,overhead,81,150,17,1,16,4,2025-06-16,B,B,False,1.468
2025-06-20,SKU-02064,D-02R-026-5-B,D,HB,overhead,81,400,14,0,14,12,2025-06-08,C,B,True,0.838
2025-06-20,SKU-02065,B-02L-009-5-A,B,HB,overhead,81,150,13,1,12,10,2025-06-10,B,B,False,1.234
2025-06-20,SKU-02066,D-02R-026-5-A,D,HB,overhead,81,400,17,0,17,4,2025-06-16,C,B,True,0.883
2025-06-20,SKU-02067,D-01L-002-5-A,D,HB,overhead,81,400,13,0,13,1,2025-06-19,C,B,True,0.915
2025-06-20,SKU-02068,E-01L-007-1-A,E,HB,floor,9,525,11,0,11,10,2025-06-10,C,B,True,0.901
2025-06-20,SKU-02069,E-02L-005-3-A,E,HB,prime,45,525,10,0,10,1,2025-06-19,C,B,True,0.774
2025-06-20,SKU-02070,B-02R-020-3-B,B,HB,prime,45,150,11,2,9,18,2025-06-02,B,B,False,1.706
2025-06-20,SKU-02071,E-02R-007-5-B,E,HB,overhead,81,525,12,0,12,12,2025-06-08,C,C,False,0.733
2025-06-20,SKU-02072,B-01R-008-3-B,B,HB,prime,45,150,10,1,9,4,2025-06-16,B,B,False,1.233
2025-06-20,SKU-02073,B-02L-002-5-A,B,HB,overhead,81,150,191,0,191,7,2025-06-13,A,A,False,15.213
2025-06-20,SKU-02074,D-02L-017-3-B,D,HB,prime,45,400,33,2,31,19,2025-06-01,B,B,False,1.848
2025-06-20,SKU-02075,E-02R-019-1-A,E,HB,floor,9,525,19,0,19,3,2025-06-17,C,B,True,1.01
2025-06-20,SKU-02076,D-02R-006-3-A,D,HB,prime,45,400,17,1,16,4,2025-06-16,C,B,True,1.037
2025-06-20,SKU-02077,D-02L-020-2-B,D,HB,prime,27,400,85,9,76,3,2025-06-17,A,A,False,6.926
2025-06-20,SKU-02078,C-01L-006-2-A,C,HB,prime,27,275,12,1,11,5,2025-06-15,B,B,False,1.475
2025-06-20,SKU-02079,C-02R-013-3-B,C,HB,prime,45,275,14,0,14,12,2025-06-08,B,B,False,1.307
2025-06-20,SKU-02080,E-01L-013-5-B,E,HB,overhead,81,525,17,0,17,11,2025-06-09,C,B,True,1.067
2025-06-20,SKU-02081,E-02R-001-4-B,E,HB,sub_prime,63,525,3,0,3,19,2025-06-01,C,C,False,0.755
2025-06-20,SKU-02082,D-01R-023-5-B,D,HB,overhead,81,400,16,0,16,13,2025-06-07,C,B,True,1.034
2025-06-20,SKU-02083,C-01L-008-1-B,C,HB,floor,9,275,20,0,20,15,2025-06-05,B,B,False,1.146
2025-06-20,SKU-02084,D-02R-015-1-A,D,HB,floor,9,400,11,0,11,15,2025-06-05,C,C,False,0.706
2025-06-20,SKU-02085,D-02R-008-1-A,D,HB,floor,9,400,1964,68,1896,7,2025-06-13,A,A,False,94.658
2025-06-20,SKU-02086,B-02L-002-2-A,B,HB,prime,27,150,15,1,14,15,2025-06-05,B,B,False,1.213
2025-06-20,SKU-02087,A-02R-017-4-B,A,HB,sub_prime,63,50,21,0,21,11,2025-06-09,B,B,False,1.243
2025-06-20,SKU-02088,D-02L-025-4-B,D,HB,sub_prime,63,400,6,0,6,1,2025-06-19,C,C,False,0.695
2025-06-20,SKU-02089,A-01R-024-3-A,A,HB,prime,45,50,66,1,65,20,2025-05-31,A,A,False,4.896
2025-06-20,SKU-02090,C-02L-011-4-A,C,HB,sub_prime,63,275,17,0,17,5,2025-06-15,B,B,False,1.915
2025-06-20,SKU-02091,C-02L-006-3-A,C,HB,prime,45,275,12,1,11,16,2025-06-04,B,B,False,1.294
2025-06-20,SKU-02092,C-02L-019-4-A,C,HB,sub_prime,63,275,23,1,22,12,2025-06-08,B,B,False,1.353
2025-06-20,SKU-02093,D-02R-024-2-A,D,HB,prime,27,400,16,0,16,18,2025-06-02,C,B,True,0.811
2025-06-20,SKU-02094,C-02R-001-2-A,C,HB,prime,27,275,17,0,17,2,2025-06-18,C,B,True,0.866
2025-06-20,SKU-02095,B-01L-005-3-A,B,HB,prime,45,150,17,0,17,7,2025-06-13,C,B,True,1.032
2025-06-20,SKU-02096,E-01R-004-2-B,E,HB,prime,27,525,12,0,12,16,2025-06-04,C,B,True,0.856
2025-06-20,SKU-02097,D-01L-026-2-A,D,HB,prime,27,400,10,0,10,12,2025-06-08,C,C,False,0.752
2025-06-20,SKU-02098,D-02L-024-2-B,D,HB,prime,27,400,16,0,16,6,2025-06-14,C,B,True,0.933
2025-06-20,SKU-02099,D-02L-010-2-B,D,HB,prime,27,400,13,0,13,14,2025-06-06,C,B,True,0.963
2025-06-20,SKU-02100,C-01L-014-1-A,C,HB,floor,9,275,11,0,11,7,2025-06-13,C,B,True,0.879
2025-06-20,SKU-02101,D-01R-007-4-B,D,HB,sub_prime,63,400,14,0,14,12,2025-06-08,C,C,False,0.723
2025-06-20,SKU-02102,A-01L-004-5-A,A,HB,overhead,81,50,19,0,19,10,2025-06-10,B,B,False,1.339
2025-06-20,SKU-02103,D-01L-024-3-B,D,HB,prime,45,400,23,2,21,17,2025-06-03,B,B,False,2.272
2025-06-20,SKU-02104,B-01R-002-1-A,B,HB,floor,9,150,2149,341,1808,16,2025-06-04,A,A,False,212.98
2025-06-20,SKU-02105,A-01R-009-2-A,A,HB,prime,27,50,58,1,57,10,2025-06-10,A,A,False,8.519
2025-06-20,SKU-02106,D-02L-015-1-B,D,HB,floor,9,400,8,0,8,14,2025-06-06,C,C,False,0.756
2025-06-20,SKU-02107,C-02L-008-4-B,C,HB,sub_prime,63,275,23,1,22,12,2025-06-08,B,A,True,4.146
2025-06-20,SKU-02108,D-01R-014-2-A,D,HB,prime,27,400,5,0,5,6,2025-06-14,C,B,True,0.973
2025-06-20,SKU-02109,D-01R-009-2-A,D,HB,prime,27,400,15,0,15,3,2025-06-17,C,B,True,0.816
2025-06-20,SKU-02110,D-02L-026-4-B,D,HB,sub_prime,63,400,42,0,42,6,2025-06-14,B,B,False,2.566
2025-06-20,SKU-02111,E-01L-017-4-B,E,HB,sub_prime,63,525,4,0,4,5,2025-06-15,C,B,True,0.867
2025-06-20,SKU-02112,D-01L-012-2-A,D,HB,prime,27,400,14,0,14,11,2025-06-09,B,B,False,1.205
2025-06-20,SKU-02113,D-02R-003-1-A,D,HB,floor,9,400,17,1,16,13,2025-06-07,B,B,False,1.706
2025-06-20,SKU-02114,B-01L-023-1-B,B,HB,floor,9,150,21,1,20,9,2025-06-11,B,B,False,1.51
2025-06-20,SKU-02115,B-02R-018-5-A,B,HB,overhead,81,150,10,1,9,2,2025-06-18,B,B,False,1.502
2025-06-20,SKU-02116,A-02R-026-4-A,A,HB,sub_prime,63,50,75,4,71,2,2025-06-18,A,A,False,6.096
2025-06-20,SKU-02117,B-01R-025-4-B,B,HB,sub_prime,63,150,56,10,46,6,2025-06-14,A,A,False,7.762
2025-06-20,SKU-02118,E-01L-003-2-A,E,HB,prime,27,525,15,0,15,10,2025-06-10,C,B,True,1.02
2025-06-20,SKU-02119,A-02R-008-5-B,A,HB,overhead,81,50,120,8,112,11,2025-06-09,A,A,False,6.334
2025-06-20,SKU-02120,D-01R-018-3-B,D,HB,prime,45,400,5,0,5,15,2025-06-05,C,C,False,0.684
2025-06-20,SKU-02121,D-01L-004-4-B,D,HB,sub_prime,63,400,5,0,5,8,2025-06-12,C,B,True,0.89
2025-06-20,SKU-02122,D-02R-023-1-A,D,HB,floor,9,400,10,0,10,19,2025-06-01,C,C,False,0.704
2025-06-20,SKU-02123,B-02R-012-3-B,B,HB,prime,45,150,21,1,20,6,2025-06-14,B,B,False,1.1
2025-06-20,SKU-02124,B-01R-023-4-A,B,HB,sub_prime,63,150,65,8,57,14,2025-06-06,A,A,False,5.234
2025-06-20,SKU-02125,A-01R-020-2-B,A,HB,prime,27,50,1658,160,1498,10,2025-06-10,A,A,False,243.405
2025-06-20,SKU-02126,C-01R-022-4-A,C,HB,sub_prime,63,275,21,3,18,9,2025-06-11,B,A,True,3.273
2025-06-20,SKU-02127,B-01L-021-5-B,B,HB,overhead,81,150,34,2,32,1,2025-06-19,B,B,False,1.872
2025-06-20,SKU-02128,C-02L-026-2-A,C,HB,prime,27,275,11,2,9,19,2025-06-01,B,B,False,2.158
2025-06-20,SKU-02129,D-01L-024-3-A,D,HB,prime,45,400,19,0,19,17,2025-06-03,B,B,False,1.546
2025-06-20,SKU-02130,C-02R-025-2-A,C,HB,prime,27,275,6,0,6,17,2025-06-03,C,C,False,0.751
2025-06-20,SKU-02131,C-01L-006-5-B,C,HB,overhead,81,275,18,1,17,15,2025-06-05,B,B,False,1.223
2025-06-20,SKU-02132,D-01R-026-4-A,D,HB,sub_prime,63,400,32,2,30,17,2025-06-03,B,B,False,2.293
2025-06-20,SKU-02133,D-02L-002-4-B,D,HB,sub_prime,63,400,15,0,15,13,2025-06-07,C,B,True,0.922
2025-06-20,SKU-02134,D-02L-014-3-B,D,HB,prime,45,400,13,0,13,11,2025-06-09,C,C,False,0.682
2025-06-20,SKU-02135,C-02R-017-1-A,C,HB,floor,9,275,9,0,9,1,2025-06-19,C,B,True,0.857
2025-06-20,SKU-02136,D-02R-001-5-B,D,HB,overhead,81,400,5,0,5,10,2025-06-10,C,C,False,0.684
2025-06-20,SKU-02137,C-01L-013-1-B,C,HB,floor,9,275,12,1,11,12,2025-06-08,B,B,False,1.158
2025-06-20,SKU-02138,C-02R-024-4-B,C,HB,sub_prime,63,275,32,5,27,15,2025-06-05,A,A,False,4.42
2025-06-20,SKU-02139,D-01R-001-3-A,D,HB,prime,45,400,31,3,28,4,2025-06-16,B,B,False,2.478
2025-06-20,SKU-02140,B-01R-020-2-B,B,HB,prime,27,150,866,1,865,9,2025-06-11,A,A,False,47.329
2025-06-20,SKU-02141,B-02L-018-2-A,B,HB,prime,27,150,84,4,80,5,2025-06-15,A,A,False,8.584
2025-06-20,SKU-02142,C-01R-017-2-B,C,HB,prime,27,275,64,0,64,12,2025-06-08,B,A,True,3.296
2025-06-20,SKU-02143,C-01L-001-3-A,C,HB,prime,45,275,20,1,19,5,2025-06-15,B,B,False,1.123
2025-06-20,SKU-02144,A-02R-006-3-B,A,HB,prime,45,50,94,10,84,9,2025-06-11,A,A,False,5.916
2025-06-20,SKU-02145,E-02R-023-4-A,E,HB,sub_prime,63,525,19,1,18,18,2025-06-02,B,B,False,1.365
2025-06-20,SKU-02146,D-02R-023-1-B,D,HB,floor,9,400,7,0,7,2,2025-06-18,C,B,True,0.997
2025-06-20,SKU-02147,E-01L-006-5-B,E,HB,overhead,81,525,32,0,32,20,2025-05-31,B,B,False,2.652
2025-06-20,SKU-02148,C-02R-006-2-A,C,HB,prime,27,275,13,0,13,6,2025-06-14,C,C,False,0.728
2025-06-20,SKU-02149,C-02R-021-5-A,C,HB,overhead,81,275,12,0,12,4,2025-06-16,C,B,True,0.969
2025-06-20,SKU-02150,C-02R-006-4-B,C,HB,sub_prime,63,275,11,1,10,4,2025-06-16,B,B,False,1.35
2025-06-20,SKU-02151,C-01L-001-2-A,C,HB,prime,27,275,12,0,12,20,2025-05-31,C,C,False,0.755
2025-06-20,SKU-02152,D-01R-026-2-A,D,HB,prime,27,400,7,0,7,19,2025-06-01,C,B,True,0.801
2025-06-20,SKU-02153,C-01R-012-1-A,C,HB,floor,9,275,14,1,13,4,2025-06-16,B,B,False,1.193
2025-06-20,SKU-02154,B-02R-026-5-A,B,HB,overhead,81,150,47,3,44,10,2025-06-10,A,A,False,8.693
2025-06-20,SKU-02155,E-01L-017-5-B,E,HB,overhead,81,525,12,0,12,15,2025-06-05,C,B,True,0.803
2025-06-20,SKU-02156,B-02L-006-1-A,B,HB,floor,9,150,57,11,46,17,2025-06-03,A,A,False,6.912
2025-06-20,SKU-02157,C-02R-019-2-A,C,HB,prime,27,275,13,0,13,20,2025-05-31,B,B,False,1.097
2025-06-20,SKU-02158,B-02R-003-5-A,B,HB,overhead,81,150,44,6,38,7,2025-06-13,A,A,False,5.048
2025-06-20,SKU-02159,D-01L-026-5-B,D,HB,overhead,81,400,26,2,24,11,2025-06-09,B,B,False,1.858
2025-06-20,SKU-02160,C-01L-022-4-B,C,HB,sub_prime,63,275,107,0,107,19,2025-06-01,A,A,False,5.708
2025-06-20,SKU-02161,D-01R-016-2-A,D,HB,prime,27,400,36,1,35,14,2025-06-06,B,B,False,1.861
2025-06-20,SKU-02162,B-01R-012-3-A,B,HB,prime,45,150,9,0,9,8,2025-06-12,B,B,False,1.082
2025-06-20,SKU-02163,A-02R-006-3-A,A,HB,prime,45,50,668,54,614,5,2025-06-15,A,A,False,32.766
2025-06-20,SKU-02164,C-02L-013-3-A,C,HB,prime,45,275,64,6,58,17,2025-06-03,B,A,True,3.55
2025-06-20,SKU-02165,D-02L-006-3-A,D,HB,prime,45,400,17,1,16,5,2025-06-15,C,B,True,1.019
2025-06-20,SKU-02166,E-01R-011-2-A,E,HB,prime,27,525,18,1,17,16,2025-06-04,C,B,True,1.054
2025-06-20,SKU-02167,D-02R-006-5-A,D,HB,overhead,81,400,8,0,8,7,2025-06-13,C,B,True,0.895
2025-06-20,SKU-02168,C-02L-006-1-B,C,HB,floor,9,275,21,3,18,14,2025-06-06,B,B,False,2.656
2025-06-20,SKU-02169,B-02L-026-3-A,B,HB,prime,45,150,88,2,86,16,2025-06-04,A,A,False,4.537
2025-06-20,SKU-02170,A-02R-011-5-B,A,HB,overhead,81,50,109,4,105,13,2025-06-07,A,A,False,5.366
2025-06-20,SKU-02171,D-02L-025-3-A,D,HB,prime,45,400,32,0,32,11,2025-06-09,B,B,False,1.924
2025-06-20,SKU-02172,B-01L-024-5-B,B,HB,overhead,81,150,8,0,8,18,2025-06-02,C,C,False,0.709
2025-06-20,SKU-02173,A-02R-018-5-B,A,HB,overhead,81,50,46,4,42,2,2025-06-18,A,A,False,4.217
2025-06-20,SKU-02174,E-02R-024-5-A,E,HB,overhead,81,525,8,0,8,14,2025-06-06,C,C,False,0.704
2025-06-20,SKU-02175,C-01R-006-1-B,C,HB,floor,9,275,14,3,11,7,2025-06-13,B,B,False,2.084
2025-06-20,SKU-02176,C-01R-002-5-B,C,HB,overhead,81,275,18,1,17,19,2025-06-01,B,B,False,1.778
2025-06-20,SKU-02177,C-02R-010-2-B,C,HB,prime,27,275,46,7,39,15,2025-06-05,A,A,False,4.443
2025-06-20,SKU-02178,E-02L-009-4-A,E,HB,sub_prime,63,525,3,0,3,17,2025-06-03,C,C,False,0.703
2025-06-20,SKU-02179,C-01L-024-5-B,C,HB,overhead,81,275,18,0,18,1,2025-06-19,B,B,False,2.298
2025-06-20,SKU-02180,D-01R-011-4-B,D,HB,sub_prime,63,400,8,0,8,13,2025-06-07,C,B,True,0.867
2025-06-20,SKU-02181,C-01R-006-2-A,C,HB,prime,27,275,6,0,6,1,2025-06-19,C,B,True,1.069
2025-06-20,SKU-02182,C-01L-025-1-A,C,HB,floor,9,275,42,1,41,5,2025-06-15,B,A,True,3.972
2025-06-20,SKU-02183,C-02R-021-1-A,C,HB,floor,9,275,29,0,29,4,2025-06-16,B,A,True,3.224
2025-06-20,SKU-02184,C-01L-008-4-B,C,HB,sub_prime,63,275,12,0,12,16,2025-06-04,C,C,False,0.724
2025-06-20,SKU-02185,C-01R-009-4-B,C,HB,sub_prime,63,275,948,51,897,9,2025-06-11,A,A,False,77.447
2025-06-20,SKU-02186,B-01L-019-1-A,B,HB,floor,9,150,13,0,13,10,2025-06-10,B,B,False,1.13
2025-06-20,SKU-02187,B-01R-006-5-B,B,HB,overhead,81,150,11,0,11,5,2025-06-15,B,B,False,1.274
2025-06-20,SKU-02188,D-02R-003-4-A,D,HB,sub_prime,63,400,9,0,9,19,2025-06-01,C,B,True,0.806
2025-06-20,SKU-02189,C-01L-011-5-A,C,HB,overhead,81,275,23,1,22,3,2025-06-17,B,B,False,1.25
2025-06-20,SKU-02190,E-01R-023-5-A,E,HB,overhead,81,525,13,0,13,3,2025-06-17,C,C,False,0.73
2025-06-20,SKU-02191,A-01L-014-2-B,A,HB,prime,27,50,151,5,146,17,2025-06-03,A,A,False,7.424
2025-06-20,SKU-02192,E-01L-022-3-B,E,HB,prime,45,525,22,1,21,14,2025-06-06,B,B,False,1.33
2025-06-20,SKU-02193,D-02R-018-1-B,D,HB,floor,9,400,15,1,14,20,2025-05-31,B,B,False,1.144
2025-06-20,SKU-02194,C-01R-001-2-A,C,HB,prime,27,275,16,0,16,15,2025-06-05,B,B,False,2.172
2025-06-20,SKU-02195,B-01R-007-1-B,B,HB,floor,9,150,26,0,26,3,2025-06-17,B,B,False,1.47
2025-06-20,SKU-02196,C-01R-016-4-A,C,HB,sub_prime,63,275,9,1,8,12,2025-06-08,B,B,False,1.54
2025-06-20,SKU-02197,D-02L-006-2-A,D,HB,prime,27,400,20,1,19,15,2025-06-05,B,B,False,1.754
2025-06-20,SKU-02198,D-01R-008-1-B,D,HB,floor,9,400,5,0,5,13,2025-06-07,C,B,True,0.902
2025-06-20,SKU-02199,A-02R-016-5-B,A,HB,overhead,81,50,49,5,44,15,2025-06-05,A,A,False,7.174
2025-06-20,SKU-02200,D-02R-022-1-A,D,HB,floor,9,400,8,0,8,11,2025-06-09,C,B,True,0.769
2025-06-20,SKU-02201,C-02R-021-3-B,C,HB,prime,45,275,17,0,17,19,2025-06-01,C,B,True,0.97
2025-06-20,SKU-02202,C-01R-025-1-B,C,HB,floor,9,275,539,53,486,1,2025-06-19,A,A,False,32.454
2025-06-20,SKU-02203,C-01L-024-4-A,C,HB,sub_prime,63,275,5,0,5,6,2025-06-14,C,B,True,0.959
2025-06-20,SKU-02204,A-02R-008-4-B,A,HB,sub_prime,63,50,83,11,72,7,2025-06-13,A,A,False,6.708
2025-06-20,SKU-02205,D-01R-021-2-A,D,HB,prime,27,400,10,2,8,5,2025-06-15,B,B,False,2.0
2025-06-20,SKU-02206,A-01R-015-5-B,A,HB,overhead,81,50,17,1,16,1,2025-06-19,B,B,False,1.2
2025-06-20,SKU-02207,D-02L-016-1-B,D,HB,floor,9,400,6,0,6,1,2025-06-19,C,B,True,0.848
2025-06-20,SKU-02208,B-01R-004-2-A,B,HB,prime,27,150,20,0,20,11,2025-06-09,B,B,False,1.367
2025-06-20,SKU-02209,A-02L-020-1-A,A,HB,floor,9,50,73,12,61,19,2025-06-01,A,A,False,7.852
2025-06-20,SKU-02210,C-01R-010-2-B,C,HB,prime,27,275,11,1,10,10,2025-06-10,B,B,False,1.371
2025-06-20,SKU-02211,C-01R-007-2-A,C,HB,prime,27,275,53,1,52,10,2025-06-10,B,A,True,3.425
2025-06-20,SKU-02212,D-02L-018-1-A,D,HB,floor,9,400,17,0,17,7,2025-06-13,B,B,False,1.129
2025-06-20,SKU-02213,B-02L-011-4-B,B,HB,sub_prime,63,150,53,4,49,16,2025-06-04,B,A,True,4.019
2025-06-20,SKU-02214,D-01L-001-2-A,D,HB,prime,27,400,11,0,11,4,2025-06-16,C,C,False,0.739
2025-06-20,SKU-02215,D-01L-022-2-A,D,HB,prime,27,400,23,0,23,13,2025-06-07,B,B,False,1.827
2025-06-20,SKU-02216,C-02L-009-1-A,C,HB,floor,9,275,39,2,37,15,2025-06-05,B,B,False,1.994
2025-06-20,SKU-02217,C-01L-006-4-A,C,HB,sub_prime,63,275,7,1,6,11,2025-06-09,C,B,True,1.006
2025-06-20,SKU-02218,C-02R-003-1-B,C,HB,floor,9,275,17,4,13,15,2025-06-05,B,A,True,3.334
2025-06-20,SKU-02219,A-02R-008-5-A,A,HB,overhead,81,50,131,9,122,1,2025-06-19,A,A,False,6.954
2025-06-20,SKU-02220,E-01L-003-2-B,E,HB,prime,27,525,10,0,10,9,2025-06-11,C,B,True,0.78
2025-06-20,SKU-02221,C-01L-016-2-A,C,HB,prime,27,275,21,1,20,18,2025-06-02,B,B,False,1.73
2025-06-20,SKU-02222,C-01R-012-5-B,C,HB,overhead,81,275,16,0,16,17,2025-06-03,B,B,False,1.67
2025-06-20,SKU-02223,C-02R-002-3-B,C,HB,prime,45,275,21,0,21,5,2025-06-15,B,B,False,1.868
2025-06-20,SKU-02224,E-02L-024-4-A,E,HB,sub_prime,63,525,13,0,13,17,2025-06-03,C,C,False,0.76
2025-06-20,SKU-02225,D-02R-022-5-B,D,HB,overhead,81,400,4,0,4,1,2025-06-19,C,C,False,0.73
2025-06-20,SKU-02226,B-01R-001-3-B,B,HB,prime,45,150,21,1,20,19,2025-06-01,B,B,False,1.127
2025-06-20,SKU-02227,D-02R-011-3-A,D,HB,prime,45,400,7,0,7,11,2025-06-09,C,B,True,0.826
2025-06-20,SKU-02228,E-02L-011-1-A,E,HB,floor,9,525,11,0,11,5,2025-06-15,C,B,True,0.917
2025-06-20,SKU-02229,B-01L-001-5-B,B,HB,overhead,81,150,36,0,36,3,2025-06-17,A,A,False,4.662
2025-06-20,SKU-02230,D-02L-008-1-A,D,HB,floor,9,400,12,0,12,14,2025-06-06,C,B,True,0.805
2025-06-20,SKU-02231,B-02L-008-3-A,B,HB,prime,45,150,10,1,9,3,2025-06-17,B,B,False,1.387
2025-06-20,SKU-02232,C-01L-002-5-A,C,HB,overhead,81,275,391,14,377,7,2025-06-13,A,A,False,22.272
2025-06-20,SKU-02233,E-01R-014-3-A,E,HB,prime,45,525,8,0,8,10,2025-06-10,C,C,False,0.742
2025-06-20,SKU-02234,C-01L-002-5-B,C,HB,overhead,81,275,26,1,25,20,2025-05-31,B,B,False,1.303
2025-06-20,SKU-02235,E-01L-024-5-A,E,HB,overhead,81,525,12,0,12,3,2025-06-17,C,C,False,0.713
2025-06-20,SKU-02236,B-02L-008-1-A,B,HB,floor,9,150,34,0,34,9,2025-06-11,B,A,True,4.0
2025-06-20,SKU-02237,D-02R-013-4-B,D,HB,sub_prime,63,400,55,7,48,13,2025-06-07,B,A,True,4.186
2025-06-20,SKU-02238,B-01R-020-4-A,B,HB,sub_prime,63,150,12,1,11,15,2025-06-05,B,B,False,1.342
2025-06-20,SKU-02239,D-02L-016-2-A,D,HB,prime,27,400,16,0,16,5,2025-06-15,C,B,True,0.87
2025-06-20,SKU-02240,B-02L-008-4-B,B,HB,sub_prime,63,150,39,1,38,3,2025-06-17,A,A,False,4.363
2025-06-20,SKU-02241,D-02L-004-2-A,D,HB,prime,27,400,27,0,27,4,2025-06-16,B,B,False,1.595
2025-06-20,SKU-02242,B-02R-026-1-A,B,HB,floor,9,150,288,24,264,6,2025-06-14,A,A,False,17.565
2025-06-20,SKU-02243,D-02R-010-4-A,D,HB,sub_prime,63,400,32,3,29,2,2025-06-18,B,B,False,2.45
2025-06-20,SKU-02244,E-02L-009-1-A,E,HB,floor,9,525,37,3,34,16,2025-06-04,B,A,True,3.075
2025-06-20,SKU-02245,D-01L-013-2-B,D,HB,prime,27,400,8,1,7,14,2025-06-06,C,B,True,1.007
2025-06-20,SKU-02246,A-01L-007-4-B,A,HB,sub_prime,63,50,7,1,6,16,2025-06-04,B,B,False,1.248
2025-06-20,SKU-02247,B-02L-014-5-A,B,HB,overhead,81,150,14,3,11,12,2025-06-08,B,B,False,2.597
2025-06-20,SKU-02248,D-01R-011-5-B,D,HB,overhead,81,400,16,2,14,17,2025-06-03,B,B,False,2.144
2025-06-20,SKU-02249,D-01L-017-5-A,D,HB,overhead,81,400,12,0,12,6,2025-06-14,C,B,True,0.858
2025-06-20,SKU-02250,C-02L-016-2-B,C,HB,prime,27,275,38,0,38,6,2025-06-14,B,A,True,2.997
2025-06-20,SKU-02251,C-02L-002-5-B,C,HB,overhead,81,275,33,2,31,13,2025-06-07,B,B,False,1.732
2025-06-20,SKU-02252,B-02R-025-2-A,B,HB,prime,27,150,357,60,297,13,2025-06-07,A,A,False,32.148
2025-06-20,SKU-02253,D-01R-017-4-A,D,HB,sub_prime,63,400,10,0,10,4,2025-06-16,C,B,True,0.782
2025-06-20,SKU-02254,B-01R-012-4-A,B,HB,sub_prime,63,150,13,0,13,13,2025-06-07,B,B,False,1.178
2025-06-20,SKU-02255,D-01R-010-5-B,D,HB,overhead,81,400,5,0,5,9,2025-06-11,C,C,False,0.71
2025-06-20,SKU-02256,C-02L-001-1-B,C,HB,floor,9,275,46,4,42,7,2025-06-13,B,B,False,2.53
2025-06-20,SKU-02257,B-02R-006-2-B,B,HB,prime,27,150,14,1,13,12,2025-06-08,B,B,False,1.91
2025-06-20,SKU-02258,A-01L-007-2-B,A,HB,prime,27,50,14,1,13,18,2025-06-02,B,B,False,1.636
2025-06-20,SKU-02259,C-02R-004-1-A,C,HB,floor,9,275,70,4,66,2,2025-06-18,B,A,True,3.453
2025-06-20,SKU-02260,A-01R-023-1-A,A,HB,floor,9,50,19,0,19,14,2025-06-06,B,B,False,1.195
2025-06-20,SKU-02261,B-02L-005-2-A,B,HB,prime,27,150,10,0,10,11,2025-06-09,B,B,False,1.202
2025-06-20,SKU-02262,D-02L-022-3-A,D,HB,prime,45,400,17,4,13,12,2025-06-08,B,A,True,3.28
2025-06-20,SKU-02263,E-01R-007-2-A,E,HB,prime,27,525,11,0,11,13,2025-06-07,C,C,False,0.713
2025-06-20,SKU-02264,B-02R-017-3-B,B,HB,prime,45,150,45,4,41,17,2025-06-03,B,A,True,3.633
2025-06-20,SKU-02265,B-01L-002-1-A,B,HB,floor,9,150,19,1,18,7,2025-06-13,B,A,True,2.883
2025-06-20,SKU-02266,A-01L-021-3-B,A,HB,prime,45,50,389,38,351,5,2025-06-15,A,A,False,27.045
2025-06-20,SKU-02267,E-02L-004-5-A,E,HB,overhead,81,525,13,0,13,10,2025-06-10,C,B,True,0.908
2025-06-20,SKU-02268,D-02L-011-4-A,D,HB,sub_prime,63,400,19,0,19,12,2025-06-08,C,B,True,1.038
2025-06-20,SKU-02269,C-02L-019-3-B,C,HB,prime,45,275,11,0,11,5,2025-06-15,B,B,False,1.252
2025-06-20,SKU-02270,C-02R-013-3-A,C,HB,prime,45,275,35,1,34,13,2025-06-07,B,B,False,1.99
2025-06-20,SKU-02271,A-01L-007-1-B,A,HB,floor,9,50,121,14,107,1,2025-06-19,A,A,False,8.76
2025-06-20,SKU-02272,A-02R-002-5-A,A,HB,overhead,81,50,973,91,882,7,2025-06-13,A,A,False,74.08
2025-06-20,SKU-02273,B-01R-010-5-B,B,HB,overhead,81,150,77,3,74,11,2025-06-09,A,A,False,5.614
2025-06-20,SKU-02274,C-01L-020-3-A,C,HB,prime,45,275,8,1,7,1,2025-06-19,B,B,False,1.246
2025-06-20,SKU-02275,D-02R-004-3-B,D,HB,prime,45,400,12,0,12,13,2025-06-07,C,C,False,0.694
2025-06-20,SKU-02276,D-01L-020-5-A,D,HB,overhead,81,400,7,0,7,8,2025-06-12,C,B,True,0.903
2025-06-20,SKU-02277,E-01L-002-3-A,E,HB,prime,45,525,10,0,10,1,2025-06-19,C,B,True,0.868
2025-06-20,SKU-02278,C-01L-025-1-B,C,HB,floor,9,275,16,1,15,3,2025-06-17,B,B,False,1.264
2025-06-20,SKU-02279,D-01R-021-4-A,D,HB,sub_prime,63,400,11,0,11,20,2025-05-31,C,B,True,0.883
2025-06-20,SKU-02280,C-01L-026-1-A,C,HB,floor,9,275,30,2,28,3,2025-06-17,B,B,False,2.336
2025-06-20,SKU-02281,A-01L-025-3-B,A,HB,prime,45,50,158,20,138,20,2025-05-31,A,A,False,23.998
2025-06-20,SKU-02282,C-01L-004-4-B,C,HB,sub_prime,63,275,9,0,9,10,2025-06-10,C,B,True,0.878
2025-06-20,SKU-02283,D-02R-012-1-B,D,HB,floor,9,400,5,0,5,11,2025-06-09,C,C,False,0.729
2025-06-20,SKU-02284,D-01L-008-5-B,D,HB,overhead,81,400,42,4,38,11,2025-06-09,B,B,False,2.638
2025-06-20,SKU-02285,A-02R-024-1-A,A,HB,floor,9,50,94,2,92,20,2025-05-31,A,A,False,5.4
2025-06-20,SKU-02286,D-01L-012-5-A,D,HB,overhead,81,400,12,0,12,2,2025-06-18,C,B,True,0.809
2025-06-20,SKU-02287,C-01L-026-5-A,C,HB,overhead,81,275,17,0,17,11,2025-06-09,B,B,False,1.176
2025-06-20,SKU-02288,C-02L-019-2-B,C,HB,prime,27,275,19,0,19,8,2025-06-12,B,B,False,1.738
2025-06-20,SKU-02289,D-01L-001-1-A,D,HB,floor,9,400,13,0,13,10,2025-06-10,C,B,True,0.829
2025-06-20,SKU-02290,B-02L-026-5-B,B,HB,overhead,81,150,30,2,28,15,2025-06-05,B,A,True,3.209
2025-06-20,SKU-02291,D-01R-026-1-A,D,HB,floor,9,400,429,19,410,15,2025-06-05,A,A,False,20.528
2025-06-20,SKU-02292,C-02L-013-5-A,C,HB,overhead,81,275,19,1,18,8,2025-06-12,B,B,False,1.884
2025-06-20,SKU-02293,A-01R-013-1-A,A,HB,floor,9,50,58,12,46,7,2025-06-13,A,A,False,6.566
2025-06-20,SKU-02294,C-02L-023-2-B,C,HB,prime,27,275,22,1,21,1,2025-06-19,B,B,False,1.163
2025-06-20,SKU-02295,D-01R-024-3-A,D,HB,prime,45,400,8,0,8,4,2025-06-16,C,B,True,0.873
2025-06-20,SKU-02296,D-01L-018-3-B,D,HB,prime,45,400,17,0,17,8,2025-06-12,C,B,True,0.985
2025-06-20,SKU-02297,C-01L-025-5-B,C,HB,overhead,81,275,64,6,58,9,2025-06-11,B,A,True,3.808
2025-06-20,SKU-02298,A-01L-014-4-A,A,HB,sub_prime,63,50,278,24,254,13,2025-06-07,A,A,False,14.318
2025-06-20,SKU-02299,D-02R-009-1-B,D,HB,floor,9,400,16,1,15,1,2025-06-19,B,B,False,1.141
2025-06-20,SKU-02300,B-01L-022-2-B,B,HB,prime,27,150,19,0,19,14,2025-06-06,B,B,False,1.17
2025-06-20,SKU-02301,C-01L-019-5-A,C,HB,overhead,81,275,27,0,27,18,2025-06-02,B,B,False,1.775
2025-06-20,SKU-02302,D-02L-015-2-B,D,HB,prime,27,400,13,0,13,6,2025-06-14,C,C,False,0.749
2025-06-20,SKU-02303,C-01R-022-3-A,C,HB,prime,45,275,13,0,13,7,2025-06-13,C,C,False,0.721
2025-06-20,SKU-02304,C-02R-010-5-B,C,HB,overhead,81,275,34,2,32,7,2025-06-13,B,B,False,1.999
2025-06-20,SKU-02305,C-01R-008-2-B,C,HB,prime,27,275,72,8,64,13,2025-06-07,A,A,False,5.756
2025-06-20,SKU-02306,E-01R-017-4-A,E,HB,sub_prime,63,525,54,4,50,16,2025-06-04,B,A,True,3.899
2025-06-20,SKU-02307,C-01R-026-3-A,C,HB,prime,45,275,27,0,27,20,2025-05-31,B,B,False,2.078
2025-06-20,SKU-02308,D-02R-021-4-A,D,HB,sub_prime,63,400,13,0,13,20,2025-05-31,C,B,True,0.947
2025-06-20,SKU-02309,A-01L-022-2-A,A,HB,prime,27,50,46,2,44,17,2025-06-03,B,A,True,3.331
2025-06-20,SKU-02310,D-01L-013-5-B,D,HB,overhead,81,400,19,1,18,19,2025-06-01,B,B,False,1.453
2025-06-20,SKU-02311,B-02R-009-5-B,B,HB,overhead,81,150,19,1,18,11,2025-06-09,B,B,False,1.137
2025-06-20,SKU-02312,E-01R-021-5-B,E,HB,overhead,81,525,18,0,18,13,2025-06-07,C,B,True,0.998
2025-06-20,SKU-02313,D-02R-002-4-A,D,HB,sub_prime,63,400,13,0,13,8,2025-06-12,C,C,False,0.734
2025-06-20,SKU-02314,E-01R-012-2-B,E,HB,prime,27,525,6,0,6,1,2025-06-19,C,C,False,0.696
2025-06-20,SKU-02315,A-01R-026-2-A,A,HB,prime,27,50,37,2,35,6,2025-06-14,B,A,True,2.823
2025-06-20,SKU-02316,A-02L-026-1-A,A,HB,floor,9,50,158,1,157,14,2025-06-06,A,A,False,11.552
2025-06-20,SKU-02317,D-01R-005-1-B,D,HB,floor,9,400,50,0,50,8,2025-06-12,B,A,True,2.761
2025-06-20,SKU-02318,E-01R-016-2-B,E,HB,prime,27,525,8,0,8,1,2025-06-19,C,C,False,0.707
2025-06-20,SKU-02319,B-02R-022-4-B,B,HB,sub_prime,63,150,122,3,119,16,2025-06-04,A,A,False,6.064
2025-06-20,SKU-02320,C-01L-014-5-A,C,HB,overhead,81,275,16,0,16,17,2025-06-03,C,B,True,0.909
2025-06-20,SKU-02321,E-01L-001-2-A,E,HB,prime,27,525,15,0,15,3,2025-06-17,B,B,False,1.423
2025-06-20,SKU-02322,B-02L-021-4-A,B,HB,sub_prime,63,150,12,1,11,9,2025-06-11,B,B,False,1.499
2025-06-20,SKU-02323,C-01R-014-4-B,C,HB,sub_prime,63,275,24,0,24,5,2025-06-15,B,B,False,1.298
2025-06-20,SKU-02324,D-02R-008-5-B,D,HB,overhead,81,400,43,1,42,18,2025-06-02,B,A,True,3.299
2025-06-20,SKU-02325,C-01L-012-5-A,C,HB,overhead,81,275,25,3,22,1,2025-06-19,B,B,False,2.08
2025-06-20,SKU-02326,E-01R-018-5-B,E,HB,overhead,81,525,10,0,10,18,2025-06-02,C,C,False,0.764
2025-06-20,SKU-02327,D-02L-026-2-B,D,HB,prime,27,400,46,0,46,4,2025-06-16,B,A,True,2.922
2025-06-20,SKU-02328,E-01R-015-4-B,E,HB,sub_prime,63,525,6,0,6,5,2025-06-15,C,C,False,0.758
2025-06-20,SKU-02329,E-02R-015-3-B,E,HB,prime,45,525,9,0,9,20,2025-05-31,C,B,True,0.788
2025-06-20,SKU-02330,C-01L-003-5-A,C,HB,overhead,81,275,12,2,10,7,2025-06-13,B,B,False,1.624
2025-06-20,SKU-02331,D-01R-016-3-A,D,HB,prime,45,400,35,3,32,2,2025-06-18,B,B,False,2.022
2025-06-20,SKU-02332,A-02R-023-2-B,A,HB,prime,27,50,22,2,20,8,2025-06-12,B,B,False,1.737
2025-06-20,SKU-02333,C-02L-020-3-B,C,HB,prime,45,275,16,0,16,1,2025-06-19,B,B,False,1.087
2025-06-20,SKU-02334,C-02L-007-1-B,C,HB,floor,9,275,4,0,4,14,2025-06-06,C,B,True,0.981
2025-06-20,SKU-02335,D-02R-013-2-A,D,HB,prime,27,400,11,0,11,8,2025-06-12,C,C,False,0.763
2025-06-20,SKU-02336,D-01R-001-4-A,D,HB,sub_prime,63,400,50,2,48,8,2025-06-12,B,A,True,3.595
2025-06-20,SKU-02337,C-01L-002-2-A,C,HB,prime,27,275,12,0,12,14,2025-06-06,C,B,True,0.997
2025-06-20,SKU-02338,E-02L-014-5-A,E,HB,overhead,81,525,8,0,8,10,2025-06-10,C,C,False,0.702
2025-06-20,SKU-02339,D-02R-023-4-A,D,HB,sub_prime,63,400,5,0,5,12,2025-06-08,C,C,False,0.753
2025-06-20,SKU-02340,D-01R-013-4-B,D,HB,sub_prime,63,400,43,5,38,8,2025-06-12,B,A,True,3.04
2025-06-20,SKU-02341,D-01R-025-3-A,D,HB,prime,45,400,43,2,41,4,2025-06-16,B,A,True,2.881
2025-06-20,SKU-02342,C-02R-004-2-B,C,HB,prime,27,275,4,0,4,4,2025-06-16,C,B,True,0.844
2025-06-20,SKU-02343,C-01L-001-3-B,C,HB,prime,45,275,14,0,14,16,2025-06-04,C,B,True,0.808
2025-06-20,SKU-02344,E-02R-011-3-B,E,HB,prime,45,525,42,0,42,17,2025-06-03,B,B,False,2.417
2025-06-20,SKU-02345,C-02L-018-5-A,C,HB,overhead,81,275,16,0,16,17,2025-06-03,B,B,False,1.399
2025-06-20,SKU-02346,C-01L-011-3-A,C,HB,prime,45,275,12,2,10,10,2025-06-10,B,B,False,1.651
2025-06-20,SKU-02347,C-01R-020-1-B,C,HB,floor,9,275,23,1,22,8,2025-06-12,B,B,False,1.489
2025-06-20,SKU-02348,C-01R-020-2-A,C,HB,prime,27,275,15,0,15,14,2025-06-06,C,B,True,0.864
2025-06-20,SKU-02349,E-01L-010-5-B,E,HB,overhead,81,525,9,0,9,15,2025-06-05,C,B,True,0.998
2025-06-20,SKU-02350,E-02R-020-2-A,E,HB,prime,27,525,12,0,12,19,2025-06-01,C,C,False,0.712
2025-06-20,SKU-02351,E-02R-020-5-B,E,HB,overhead,81,525,14,0,14,18,2025-06-02,C,C,False,0.759
2025-06-20,SKU-02352,E-01L-025-2-A,E,HB,prime,27,525,16,0,16,20,2025-05-31,C,B,True,0.824
2025-06-20,SKU-02353,E-02R-006-1-A,E,HB,floor,9,525,11,0,11,3,2025-06-17,C,B,True,0.806
2025-06-20,SKU-02354,C-01R-012-4-B,C,HB,sub_prime,63,275,43,3,40,14,2025-06-06,A,A,False,4.437
2025-06-20,SKU-02355,E-02L-016-5-A,E,HB,overhead,81,525,13,0,13,5,2025-06-15,C,C,False,0.746
2025-06-20,SKU-02356,C-02R-007-2-A,C,HB,prime,27,275,18,0,18,5,2025-06-15,B,B,False,1.209
2025-06-20,SKU-02357,C-02L-006-2-A,C,HB,prime,27,275,560,36,524,16,2025-06-04,A,A,False,28.163
2025-06-20,SKU-02358,C-01L-012-4-B,C,HB,sub_prime,63,275,24,0,24,7,2025-06-13,B,B,False,2.106
2025-06-20,SKU-02359,D-01L-005-5-B,D,HB,overhead,81,400,19,0,19,3,2025-06-17,C,B,True,0.962
2025-06-20,SKU-02360,D-01L-025-3-B,D,HB,prime,45,400,9,0,9,5,2025-06-15,B,B,False,1.083
2025-06-20,SKU-02361,B-02L-003-5-B,B,HB,overhead,81,150,14,0,14,7,2025-06-13,B,B,False,1.197
2025-06-20,SKU-02362,D-02R-006-4-B,D,HB,sub_prime,63,400,23,2,21,20,2025-05-31,B,B,False,1.936
2025-06-20,SKU-02363,A-01R-022-2-A,A,HB,prime,27,50,86,5,81,8,2025-06-12,A,A,False,14.14
2025-06-20,SKU-02364,C-02L-018-3-B,C,HB,prime,45,275,15,0,15,17,2025-06-03,B,B,False,1.24
2025-06-20,SKU-02365,A-02L-010-3-A,A,HB,prime,45,50,145,3,142,16,2025-06-04,A,A,False,10.818
2025-06-20,SKU-02366,A-01R-020-4-A,A,HB,sub_prime,63,50,3521,800,2721,2,2025-06-18,A,A,False,425.96
2025-06-20,SKU-02367,C-01R-009-1-A,C,HB,floor,9,275,7,1,6,9,2025-06-11,B,B,False,1.281
2025-06-20,SKU-02368,C-02L-022-1-B,C,HB,floor,9,275,14,0,14,6,2025-06-14,C,B,True,0.834
2025-06-20,SKU-02369,C-02L-007-5-A,C,HB,overhead,81,275,10,1,9,7,2025-06-13,B,B,False,1.564
2025-06-20,SKU-02370,C-02L-011-1-B,C,HB,floor,9,275,12,1,11,7,2025-06-13,B,B,False,1.336
2025-06-20,SKU-02371,B-01R-024-3-A,B,HB,prime,45,150,75,6,69,2,2025-06-18,B,A,True,3.921
2025-06-20,SKU-02372,D-01R-020-2-A,D,HB,prime,27,400,4,0,4,12,2025-06-08,C,C,False,0.687
2025-06-20,SKU-02373,B-01L-007-3-A,B,HB,prime,45,150,19,0,19,16,2025-06-04,B,B,False,1.52
2025-06-20,SKU-02374,B-01R-001-2-A,B,HB,prime,27,150,12,0,12,20,2025-05-31,B,B,False,1.381
2025-06-20,SKU-02375,D-02R-013-3-A,D,HB,prime,45,400,30,1,29,11,2025-06-09,B,B,False,1.502
2025-06-20,SKU-02376,D-01R-008-2-A,D,HB,prime,27,400,14,0,14,20,2025-05-31,C,C,False,0.764
2025-06-20,SKU-02377,C-02L-009-2-B,C,HB,prime,27,275,40,0,40,5,2025-06-15,B,B,False,2.192
2025-06-20,SKU-02378,E-01L-011-4-B,E,HB,sub_prime,63,525,5,0,5,11,2025-06-09,C,C,False,0.742
2025-06-20,SKU-02379,C-02R-021-1-B,C,HB,floor,9,275,11,1,10,16,2025-06-04,B,B,False,1.327
2025-06-20,SKU-02380,E-01R-003-4-A,E,HB,sub_prime,63,525,9,0,9,18,2025-06-02,C,B,True,0.89
2025-06-20,SKU-02381,C-02R-017-4-B,C,HB,sub_prime,63,275,28,1,27,16,2025-06-04,B,B,False,1.589
2025-06-20,SKU-02382,B-01L-003-1-B,B,HB,floor,9,150,24,2,22,4,2025-06-16,B,B,False,2.041
2025-06-20,SKU-02383,A-02L-013-5-A,A,HB,overhead,81,50,33,1,32,8,2025-06-12,A,A,False,5.698
2025-06-20,SKU-02384,B-02L-026-1-A,B,HB,floor,9,150,25,3,22,1,2025-06-19,B,B,False,2.085
2025-06-20,SKU-02385,A-02L-017-4-A,A,HB,sub_prime,63,50,34,1,33,2,2025-06-18,B,B,False,1.822
2025-06-20,SKU-02386,E-02R-026-3-B,E,HB,prime,45,525,13,0,13,1,2025-06-19,C,B,True,0.798
2025-06-20,SKU-02387,E-01L-006-2-B,E,HB,prime,27,525,25,1,24,14,2025-06-06,B,B,False,1.757
2025-06-20,SKU-02388,A-02L-023-1-A,A,HB,floor,9,50,75,0,75,8,2025-06-12,A,A,False,5.47
2025-06-20,SKU-02389,D-02L-010-3-A,D,HB,prime,45,400,10,0,10,1,2025-06-19,B,B,False,1.358
2025-06-20,SKU-02390,C-01L-020-1-B,C,HB,floor,9,275,77,0,77,17,2025-06-03,B,A,True,4.009
2025-06-20,SKU-02391,D-02R-013-4-A,D,HB,sub_prime,63,400,9,0,9,20,2025-05-31,B,B,False,1.341
2025-06-20,SKU-02392,D-01R-016-2-B,D,HB,prime,27,400,23,0,23,20,2025-05-31,B,B,False,1.293
2025-06-20,SKU-02393,B-02R-005-2-B,B,HB,prime,27,150,34,4,30,17,2025-06-03,B,A,True,2.755
2025-06-20,SKU-02394,E-01R-016-5-A,E,HB,overhead,81,525,12,0,12,12,2025-06-08,C,B,True,0.825
2025-06-20,SKU-02395,A-01R-012-2-B,A,HB,prime,27,50,40,3,37,16,2025-06-04,B,B,False,2.05
2025-06-20,SKU-02396,C-01R-014-5-A,C,HB,overhead,81,275,23,1,22,13,2025-06-07,B,B,False,1.813
2025-06-20,SKU-02397,D-02L-024-3-A,D,HB,prime,45,400,5,0,5,9,2025-06-11,C,C,False,0.761
2025-06-20,SKU-02398,C-01R-025-4-B,C,HB,sub_prime,63,275,17,0,17,6,2025-06-14,B,B,False,1.202
2025-06-20,SKU-02399,B-01L-014-1-A,B,HB,floor,9,150,11,0,11,4,2025-06-16,C,B,True,0.828
2025-06-20,SKU-02400,B-02L-025-2-B,B,HB,prime,27,150,101,6,95,12,2025-06-08,A,A,False,8.133
2025-06-20,SKU-02401,D-02L-007-5-B,D,HB,overhead,81,400,4,0,4,1,2025-06-19,C,B,True,0.924
2025-06-20,SKU-02402,B-02L-015-4-B,B,HB,sub_prime,63,150,26,2,24,4,2025-06-16,B,B,False,2.431
2025-06-20,SKU-02403,A-01R-001-2-A,A,HB,prime,27,50,53,7,46,6,2025-06-14,A,A,False,6.23
2025-06-20,SKU-02404,A-01R-019-4-B,A,HB,sub_prime,63,50,198,6,192,7,2025-06-13,A,A,False,11.512
2025-06-20,SKU-02405,E-02R-002-4-B,E,HB,sub_prime,63,525,5,0,5,20,2025-05-31,C,C,False,0.696
2025-06-20,SKU-02406,B-01R-024-3-B,B,HB,prime,45,150,84,6,78,16,2025-06-04,A,A,False,8.435
2025-06-20,SKU-02407,A-01L-004-2-A,A,HB,prime,27,50,501,27,474,6,2025-06-14,A,A,False,24.168
2025-06-20,SKU-02408,C-02L-012-3-A,C,HB,prime,45,275,24,1,23,19,2025-06-01,B,A,True,3.449
2025-06-20,SKU-02409,D-02R-003-3-B,D,HB,prime,45,400,16,0,16,7,2025-06-13,C,B,True,0.842
2025-06-20,SKU-02410,D-01L-014-2-A,D,HB,prime,27,400,20,0,20,4,2025-06-16,C,B,True,1.048
2025-06-20,SKU-02411,D-02R-003-4-B,D,HB,sub_prime,63,400,30,1,29,8,2025-06-12,B,B,False,2.243
2025-06-20,SKU-02412,D-02L-013-3-A,D,HB,prime,45,400,11,0,11,13,2025-06-07,C,C,False,0.706
2025-06-20,SKU-02413,C-01R-007-1-A,C,HB,floor,9,275,16,1,15,6,2025-06-14,B,B,False,2.57
2025-06-20,SKU-02414,E-02R-003-1-A,E,HB,floor,9,525,5,0,5,6,2025-06-14,C,C,False,0.722
2025-06-20,SKU-02415,B-02L-004-4-A,B,HB,sub_prime,63,150,36,2,34,17,2025-06-03,B,B,False,1.896
2025-06-20,SKU-02416,B-02L-022-2-A,B,HB,prime,27,150,19,2,17,5,2025-06-15,B,B,False,1.833
2025-06-20,SKU-02417,C-01L-019-3-A,C,HB,prime,45,275,12,0,12,7,2025-06-13,B,B,False,1.23
2025-06-20,SKU-02418,E-01L-004-5-A,E,HB,overhead,81,525,13,0,13,9,2025-06-11,C,B,True,0.848
2025-06-20,SKU-02419,B-02R-011-3-B,B,HB,prime,45,150,11,1,10,7,2025-06-13,B,B,False,1.634
2025-06-20,SKU-02420,B-01L-005-4-B,B,HB,sub_prime,63,150,597,55,542,6,2025-06-14,A,A,False,42.596
2025-06-20,SKU-02421,E-01R-001-2-A,E,HB,prime,27,525,15,0,15,2,2025-06-18,C,B,True,0.777
2025-06-20,SKU-02422,D-01R-013-4-A,D,HB,sub_prime,63,400,7,0,7,13,2025-06-07,C,C,False,0.767
2025-06-20,SKU-02423,D-02R-007-4-A,D,HB,sub_prime,63,400,8,0,8,6,2025-06-14,C,B,True,1.028
2025-06-20,SKU-02424,D-01L-016-5-A,D,HB,overhead,81,400,24,1,23,16,2025-06-04,B,B,False,2.015
2025-06-20,SKU-02425,D-01R-016-1-A,D,HB,floor,9,400,14,3,11,9,2025-06-11,B,A,True,2.905
2025-06-20,SKU-02426,E-01R-021-5-A,E,HB,overhead,81,525,13,0,13,16,2025-06-04,C,B,True,0.884
2025-06-20,SKU-02427,D-02R-007-3-A,D,HB,prime,45,400,8,0,8,3,2025-06-17,C,B,True,0.824
2025-06-20,SKU-02428,B-01L-024-5-A,B,HB,overhead,81,150,124,11,113,14,2025-06-06,A,A,False,9.311
2025-06-20,SKU-02429,D-02R-003-2-B,D,HB,prime,27,400,41,2,39,19,2025-06-01,B,B,False,2.261
2025-06-20,SKU-02430,D-01L-019-3-B,D,HB,prime,45,400,22,2,20,1,2025-06-19,B,A,True,3.302
2025-06-20,SKU-02431,D-02R-011-2-A,D,HB,prime,27,400,8,0,8,17,2025-06-03,C,B,True,0.799
2025-06-20,SKU-02432,B-02R-013-5-A,B,HB,overhead,81,150,12,1,11,6,2025-06-14,B,B,False,1.332
2025-06-20,SKU-02433,C-01R-001-5-A,C,HB,overhead,81,275,38,0,38,16,2025-06-04,B,B,False,2.003
2025-06-20,SKU-02434,C-02L-003-5-A,C,HB,overhead,81,275,9,0,9,3,2025-06-17,C,B,True,0.812
2025-06-20,SKU-02435,C-01R-001-4-A,C,HB,sub_prime,63,275,42,1,41,11,2025-06-09,B,A,True,2.702
2025-06-20,SKU-02436,D-01L-005-4-A,D,HB,sub_prime,63,400,15,1,14,14,2025-06-06,B,B,False,1.87
2025-06-20,SKU-02437,C-02R-004-2-A,C,HB,prime,27,275,15,1,14,20,2025-05-31,B,B,False,1.641
2025-06-20,SKU-02438,C-01L-007-5-B,C,HB,overhead,81,275,12,0,12,12,2025-06-08,B,B,False,1.079
2025-06-20,SKU-02439,D-02L-014-5-A,D,HB,overhead,81,400,13,0,13,17,2025-06-03,C,B,True,0.796
2025-06-20,SKU-02440,C-02R-015-3-B,C,HB,prime,45,275,16,0,16,17,2025-06-03,C,B,True,0.819
2025-06-20,SKU-02441,E-01R-016-5-B,E,HB,overhead,81,525,17,0,17,3,2025-06-17,C,B,True,0.875
2025-06-20,SKU-02442,E-02R-022-4-A,E,HB,sub_prime,63,525,13,0,13,1,2025-06-19,C,B,True,0.988
2025-06-20,SKU-02443,D-02R-017-4-B,D,HB,sub_prime,63,400,6,0,6,2,2025-06-18,C,B,True,0.971
2025-06-20,SKU-02444,D-02L-001-2-B,D,HB,prime,27,400,5,0,5,15,2025-06-05,C,B,True,0.961
2025-06-20,SKU-02445,D-01R-005-3-A,D,HB,prime,45,400,14,1,13,9,2025-06-11,B,B,False,1.145
2025-06-20,SKU-02446,D-01R-004-1-B,D,HB,floor,9,400,14,0,14,2,2025-06-18,B,B,False,1.345
2025-06-20,SKU-02447,B-01L-018-5-A,B,HB,overhead,81,150,21,0,21,3,2025-06-17,B,B,False,1.219
2025-06-20,SKU-02448,C-02L-019-2-A,C,HB,prime,27,275,18,1,17,9,2025-06-11,B,B,False,1.096
2025-06-20,SKU-02449,B-02R-009-5-A,B,HB,overhead,81,150,61,6,55,2,2025-06-18,A,A,False,4.605
2025-06-20,SKU-02450,C-01R-019-1-A,C,HB,floor,9,275,29,2,27,8,2025-06-12,B,B,False,1.634
2025-06-20,SKU-02451,A-01L-011-3-B,A,HB,prime,45,50,77,1,76,18,2025-06-02,A,A,False,5.541
2025-06-20,SKU-02452,B-01R-016-4-B,B,HB,sub_prime,63,150,25,3,22,9,2025-06-11,B,A,True,2.971
2025-06-20,SKU-02453,D-01L-003-4-B,D,HB,sub_prime,63,400,28,3,25,20,2025-05-31,B,A,True,3.837
2025-06-20,SKU-02454,D-02L-018-3-A,D,HB,prime,45,400,14,1,13,17,2025-06-03,C,B,True,1.002
2025-06-20,SKU-02455,E-02R-008-2-B,E,HB,prime,27,525,16,0,16,1,2025-06-19,C,B,True,0.9
2025-06-20,SKU-02456,D-01L-019-2-B,D,HB,prime,27,400,45,1,44,2,2025-06-18,B,B,False,2.65
2025-06-20,SKU-02457,D-01R-001-1-A,D,HB,floor,9,400,6,0,6,7,2025-06-13,C,B,True,0.878
2025-06-20,SKU-02458,D-01L-005-4-B,D,HB,sub_prime,63,400,7,0,7,10,2025-06-10,C,C,False,0.694
2025-06-20,SKU-02459,B-01R-005-2-A,B,HB,prime,27,150,26,1,25,5,2025-06-15,B,B,False,1.507
2025-06-20,SKU-02460,A-02L-019-2-A,A,HB,prime,27,50,8,0,8,19,2025-06-01,C,C,False,0.717
2025-06-20,SKU-02461,D-02R-005-2-B,D,HB,prime,27,400,6,0,6,5,2025-06-15,C,B,True,0.963
2025-06-20,SKU-02462,D-02L-023-5-B,D,HB,overhead,81,400,15,0,15,8,2025-06-12,C,C,False,0.766
2025-06-20,SKU-02463,E-02R-015-4-B,E,HB,sub_prime,63,525,13,0,13,20,2025-05-31,C,C,False,0.701
2025-06-20,SKU-02464,D-02L-010-5-A,D,HB,overhead,81,400,10,0,10,20,2025-05-31,C,C,False,0.698
2025-06-20,SKU-02465,D-02R-004-3-A,D,HB,prime,45,400,13,0,13,9,2025-06-11,C,B,True,0.977
2025-06-20,SKU-02466,B-01L-024-1-B,B,HB,floor,9,150,10,1,9,7,2025-06-13,B,B,False,1.42
2025-06-20,SKU-02467,A-01R-006-2-B,A,HB,prime,27,50,118,2,116,10,2025-06-10,A,A,False,7.489
2025-06-20,SKU-02468,C-02L-004-1-A,C,HB,floor,9,275,34,2,32,12,2025-06-08,B,B,False,2.006
2025-06-20,SKU-02469,A-01R-018-3-A,A,HB,prime,45,50,89,3,86,15,2025-06-05,A,A,False,4.496
2025-06-20,SKU-02470,D-01R-022-4-A,D,HB,sub_prime,63,400,11,0,11,5,2025-06-15,C,B,True,1.035
2025-06-20,SKU-02471,E-02L-014-1-B,E,HB,floor,9,525,11,0,11,13,2025-06-07,C,C,False,0.733
2025-06-20,SKU-02472,E-02L-006-3-A,E,HB,prime,45,525,13,0,13,7,2025-06-13,C,C,False,0.715
2025-06-20,SKU-02473,D-01L-012-3-B,D,HB,prime,45,400,73,2,71,15,2025-06-05,B,A,True,4.057
2025-06-20,SKU-02474,A-02R-022-2-A,A,HB,prime,27,50,130,2,128,17,2025-06-03,A,A,False,7.114
2025-06-20,SKU-02475,E-02R-019-1-B,E,HB,floor,9,525,20,0,20,5,2025-06-15,B,B,False,1.466
2025-06-20,SKU-02476,D-01R-007-1-B,D,HB,floor,9,400,12,2,10,12,2025-06-08,B,B,False,2.368
2025-06-20,SKU-02477,D-01R-009-1-B,D,HB,floor,9,400,12,0,12,11,2025-06-09,C,C,False,0.69
2025-06-20,SKU-02478,E-01R-019-5-B,E,HB,overhead,81,525,15,0,15,19,2025-06-01,C,B,True,0.816
2025-06-20,SKU-02479,C-01L-015-5-B,C,HB,overhead,81,275,12,1,11,5,2025-06-15,B,B,False,1.376
2025-06-20,SKU-02480,A-02R-005-1-B,A,HB,floor,9,50,88,1,87,3,2025-06-17,A,A,False,6.775
2025-06-20,SKU-02481,B-02L-019-1-A,B,HB,floor,9,150,36,0,36,16,2025-06-04,B,B,False,2.074
2025-06-20,SKU-02482,D-01L-011-1-A,D,HB,floor,9,400,10,0,10,11,2025-06-09,C,C,False,0.757
2025-06-20,SKU-02483,D-01L-022-4-B,D,HB,sub_prime,63,400,24,1,23,1,2025-06-19,B,B,False,1.74
2025-06-20,SKU-02484,C-02L-005-5-A,C,HB,overhead,81,275,30,0,30,8,2025-06-12,B,B,False,1.642
2025-06-20,SKU-02485,C-01L-003-2-A,C,HB,prime,27,275,9,0,9,16,2025-06-04,C,C,False,0.709
2025-06-20,SKU-02486,D-01R-003-2-B,D,HB,prime,27,400,10,0,10,11,2025-06-09,C,B,True,0.786
2025-06-20,SKU-02487,B-01L-014-5-B,B,HB,overhead,81,150,31,1,30,20,2025-05-31,B,B,False,2.096
2025-06-20,SKU-02488,C-01L-022-4-A,C,HB,sub_prime,63,275,20,1,19,16,2025-06-04,B,B,False,2.401
2025-06-20,SKU-02489,D-01L-006-1-A,D,HB,floor,9,400,33,2,31,14,2025-06-06,B,B,False,2.064
2025-06-20,SKU-02490,C-01R-003-4-B,C,HB,sub_prime,63,275,31,2,29,20,2025-05-31,B,B,False,1.688
2025-06-20,SKU-02491,C-02R-019-3-B,C,HB,prime,45,275,23,0,23,11,2025-06-09,B,B,False,1.531
2025-06-20,SKU-02492,D-02R-001-3-A,D,HB,prime,45,400,13,0,13,16,2025-06-04,C,B,True,0.816
2025-06-20,SKU-02493,D-01R-003-2-A,D,HB,prime,27,400,11,0,11,3,2025-06-17,C,B,True,0.839
2025-06-20,SKU-02494,C-02R-002-1-B,C,HB,floor,9,275,47,3,44,4,2025-06-16,B,A,True,2.819
2025-06-20,SKU-02495,D-02R-009-5-A,D,HB,overhead,81,400,11,0,11,13,2025-06-07,C,B,True,0.818
2025-06-20,SKU-02496,B-02L-025-1-B,B,HB,floor,9,150,12,0,12,15,2025-06-05,B,B,False,1.181
2025-06-20,SKU-02497,A-01L-006-1-B,A,HB,floor,9,50,49,2,47,18,2025-06-02,B,A,True,4.042
2025-06-20,SKU-02498,D-01L-023-1-A,D,HB,floor,9,400,18,0,18,12,2025-06-08,C,B,True,0.965
2025-06-20,SKU-02499,A-02L-005-3-A,A,HB,prime,45,50,54,8,46,6,2025-06-14,A,A,False,5.375
2025-06-20,SKU-02500,C-02R-009-1-A,C,HB,floor,9,275,37,0,37,6,2025-06-14,B,B,False,1.918
2025-06-20,SKU-02501,E-01R-015-5-A,E,HB,overhead,81,525,7,0,7,14,2025-06-06,C,B,True,0.902
2025-06-20,SKU-02502,B-02L-002-1-A,B,HB,floor,9,150,14,0,14,19,2025-06-01,C,B,True,1.054
2025-06-20,SKU-02503,E-02L-022-5-B,E,HB,overhead,81,525,8,0,8,3,2025-06-17,C,B,True,0.906
2025-06-20,SKU-02504,B-02L-004-2-B,B,HB,prime,27,150,23,0,23,20,2025-05-31,B,B,False,1.602
2025-06-20,SKU-02505,B-02R-020-5-A,B,HB,overhead,81,150,95,7,88,16,2025-06-04,A,A,False,5.957
2025-06-20,SKU-02506,D-02L-018-1-B,D,HB,floor,9,400,10,0,10,7,2025-06-13,C,B,True,0.996
2025-06-20,SKU-02507,B-02R-014-1-B,B,HB,floor,9,150,22,2,20,2,2025-06-18,B,B,False,2.493
2025-06-20,SKU-02508,C-02L-016-5-A,C,HB,overhead,81,275,24,1,23,5,2025-06-15,B,B,False,2.328
2025-06-20,SKU-02509,B-01L-020-5-A,B,HB,overhead,81,150,877,165,712,16,2025-06-04,A,A,False,136.307
2025-06-20,SKU-02510,C-01R-009-2-B,C,HB,prime,27,275,11,0,11,15,2025-06-05,B,B,False,1.381
2025-06-20,SKU-02511,E-02R-017-4-B,E,HB,sub_prime,63,525,5,0,5,10,2025-06-10,C,B,True,0.998
2025-06-20,SKU-02512,B-02L-023-2-B,B,HB,prime,27,150,314,31,283,18,2025-06-02,A,A,False,25.816
2025-06-20,SKU-02513,D-01R-014-1-B,D,HB,floor,9,400,5,0,5,19,2025-06-01,C,B,True,0.9
2025-06-20,SKU-02514,B-02R-020-1-B,B,HB,floor,9,150,57,3,54,17,2025-06-03,A,A,False,10.023
2025-06-20,SKU-02515,B-02L-012-4-A,B,HB,sub_prime,63,150,15,1,14,11,2025-06-09,B,A,True,2.666
2025-06-20,SKU-02516,E-01R-017-3-A,E,HB,prime,45,525,17,1,16,8,2025-06-12,C,B,True,1.021
2025-06-20,SKU-02517,A-02L-010-1-B,A,HB,floor,9,50,67,3,64,12,2025-06-08,A,A,False,5.586
2025-06-20,SKU-02518,E-02R-012-2-A,E,HB,prime,27,525,4,0,4,5,2025-06-15,C,C,False,0.746
2025-06-20,SKU-02519,D-01L-010-3-B,D,HB,prime,45,400,14,0,14,7,2025-06-13,C,B,True,0.936
2025-06-20,SKU-02520,D-02R-003-5-B,D,HB,overhead,81,400,17,0,17,6,2025-06-14,C,B,True,0.904
2025-06-20,SKU-02521,D-01L-007-5-A,D,HB,overhead,81,400,35,2,33,3,2025-06-17,B,B,False,1.932
2025-06-20,SKU-02522,E-01R-002-5-A,E,HB,overhead,81,525,12,3,9,16,2025-06-04,B,B,False,2.543
2025-06-20,SKU-02523,A-02L-017-1-A,A,HB,floor,9,50,162,12,150,2,2025-06-18,A,A,False,15.489
2025-06-20,SKU-02524,D-01R-008-4-B,D,HB,sub_prime,63,400,36,1,35,15,2025-06-05,B,B,False,2.623
2025-06-20,SKU-02525,D-02L-015-5-B,D,HB,overhead,81,400,8,0,8,2,2025-06-18,C,B,True,0.803
2025-06-20,SKU-02526,B-02L-005-3-B,B,HB,prime,45,150,23,1,22,1,2025-06-19,B,B,False,1.821
2025-06-20,SKU-02527,D-01L-014-4-B,D,HB,sub_prime,63,400,38,1,37,12,2025-06-08,B,B,False,2.358
2025-06-20,SKU-02528,C-02L-020-2-A,C,HB,prime,27,275,21,0,21,8,2025-06-12,B,B,False,1.355
2025-06-20,SKU-02529,D-02L-025-2-A,D,HB,prime,27,400,9,0,9,1,2025-06-19,B,B,False,1.157
2025-06-20,SKU-02530,C-01R-017-4-A,C,HB,sub_prime,63,275,31,0,31,4,2025-06-16,B,A,True,2.945
2025-06-20,SKU-02531,B-01L-024-2-A,B,HB,prime,27,150,57,5,52,10,2025-06-10,B,A,True,3.164
2025-06-20,SKU-02532,E-02L-013-3-B,E,HB,prime,45,525,4,0,4,17,2025-06-03,C,C,False,0.742
2025-06-20,SKU-02533,C-02L-003-1-A,C,HB,floor,9,275,5,0,5,20,2025-05-31,C,B,True,0.826
2025-06-20,SKU-02534,B-02R-001-4-B,B,HB,sub_prime,63,150,71,2,69,8,2025-06-12,A,A,False,4.33
2025-06-20,SKU-02535,A-01R-022-4-A,A,HB,sub_prime,63,50,78,4,74,11,2025-06-09,A,A,False,5.171
2025-06-20,SKU-02536,E-02L-002-5-B,E,HB,overhead,81,525,13,0,13,20,2025-05-31,C,C,False,0.735
2025-06-20,SKU-02537,A-02L-004-3-A,A,HB,prime,45,50,109,6,103,10,2025-06-10,A,A,False,5.679
2025-06-20,SKU-02538,C-02R-005-4-B,C,HB,sub_prime,63,275,15,3,12,3,2025-06-17,B,B,False,2.187
2025-06-20,SKU-02539,A-01L-024-2-B,A,HB,prime,27,50,70,3,67,9,2025-06-11,A,A,False,4.834
2025-06-20,SKU-02540,D-02L-017-2-A,D,HB,prime,27,400,8,1,7,1,2025-06-19,B,B,False,1.487
2025-06-20,SKU-02541,E-02R-024-3-B,E,HB,prime,45,525,16,0,16,17,2025-06-03,C,B,True,0.822
2025-06-20,SKU-02542,B-02L-020-1-B,B,HB,floor,9,150,7,0,7,7,2025-06-13,B,B,False,1.14
2025-06-20,SKU-02543,C-01R-015-3-B,C,HB,prime,45,275,13,0,13,14,2025-06-06,C,B,True,0.808
2025-06-20,SKU-02544,D-02R-003-1-B,D,HB,floor,9,400,17,0,17,4,2025-06-16,C,B,True,0.961
2025-06-20,SKU-02545,D-01L-005-2-A,D,HB,prime,27,400,13,1,12,2,2025-06-18,C,B,True,1.06
2025-06-20,SKU-02546,C-02R-006-2-B,C,HB,prime,27,275,28,2,26,16,2025-06-04,B,B,False,1.678
2025-06-20,SKU-02547,D-01R-002-3-B,D,HB,prime,45,400,45,3,42,4,2025-06-16,B,B,False,2.452
2025-06-20,SKU-02548,B-01L-021-1-A,B,HB,floor,9,150,15,0,15,16,2025-06-04,B,B,False,1.422
2025-06-20,SKU-02549,B-02R-026-3-B,B,HB,prime,45,150,24,0,24,2,2025-06-18,B,B,False,1.618
2025-06-20,SKU-02550,B-02R-001-2-B,B,HB,prime,27,150,6,1,5,7,2025-06-13,B,B,False,1.167
2025-06-20,SKU-02551,D-01R-021-4-B,D,HB,sub_prime,63,400,4,0,4,3,2025-06-17,C,B,True,0.912
2025-06-20,SKU-02552,B-02R-022-5-B,B,HB,overhead,81,150,200,27,173,3,2025-06-17,A,A,False,14.816
2025-06-20,SKU-02553,E-01R-022-4-A,E,HB,sub_prime,63,525,5,0,5,9,2025-06-11,C,B,True,0.853
2025-06-20,SKU-02554,C-01L-003-1-B,C,HB,floor,9,275,28,3,25,4,2025-06-16,B,A,True,3.724
2025-06-20,SKU-02555,E-01R-019-3-A,E,HB,prime,45,525,9,0,9,1,2025-06-19,C,B,True,0.968
2025-06-20,SKU-02556,D-01R-017-5-A,D,HB,overhead,81,400,5,0,5,14,2025-06-06,C,C,False,0.764
2025-06-20,SKU-02557,B-02L-019-4-A,B,HB,sub_prime,63,150,198,9,189,15,2025-06-05,A,A,False,10.389
2025-06-20,SKU-02558,B-01L-010-1-B,B,HB,floor,9,150,107,8,99,20,2025-05-31,A,A,False,12.041
2025-06-20,SKU-02559,D-02L-020-3-A,D,HB,prime,45,400,5,0,5,4,2025-06-16,C,C,False,0.745
2025-06-20,SKU-02560,E-02R-018-4-A,E,HB,sub_prime,63,525,6,0,6,15,2025-06-05,C,B,True,0.855
2025-06-20,SKU-02561,C-02L-020-4-A,C,HB,sub_prime,63,275,20,0,20,9,2025-06-11,B,A,True,2.835
2025-06-20,SKU-02562,C-01L-012-1-B,C,HB,floor,9,275,10,1,9,12,2025-06-08,B,B,False,1.087
2025-06-20,SKU-02563,C-02L-021-5-B,C,HB,overhead,81,275,15,1,14,12,2025-06-08,B,B,False,1.406
2025-06-20,SKU-02564,C-01L-011-5-B,C,HB,overhead,81,275,226,5,221,4,2025-06-16,A,A,False,29.632
2025-06-20,SKU-02565,D-02L-009-5-A,D,HB,overhead,81,400,78,5,73,6,2025-06-14,A,A,False,4.212
2025-06-20,SKU-02566,D-01R-008-4-A,D,HB,sub_prime,63,400,15,0,15,6,2025-06-14,C,B,True,0.911
2025-06-20,SKU-02567,C-01L-021-1-B,C,HB,floor,9,275,54,6,48,17,2025-06-03,A,A,False,5.444
2025-06-20,SKU-02568,C-02L-015-3-A,C,HB,prime,45,275,41,1,40,16,2025-06-04,B,B,False,2.633
2025-06-20,SKU-02569,E-01L-018-3-A,E,HB,prime,45,525,10,0,10,2,2025-06-18,C,B,True,0.78
2025-06-20,SKU-02570,C-02L-021-2-A,C,HB,prime,27,275,21,1,20,16,2025-06-04,B,B,False,1.25
2025-06-20,SKU-02571,D-01L-013-3-B,D,HB,prime,45,400,5,0,5,17,2025-06-03,C,B,True,0.84
2025-06-20,SKU-02572,C-02L-025-2-A,C,HB,prime,27,275,156,9,147,7,2025-06-13,A,A,False,11.999
2025-06-20,SKU-02573,D-01L-015-5-B,D,HB,overhead,81,400,17,0,17,14,2025-06-06,C,B,True,1.008
2025-06-20,SKU-02574,B-02R-006-1-A,B,HB,floor,9,150,19,1,18,3,2025-06-17,B,B,False,1.216
2025-06-20,SKU-02575,A-01L-016-2-A,A,HB,prime,27,50,31,2,29,8,2025-06-12,A,A,False,4.636
2025-06-20,SKU-02576,E-01R-010-3-A,E,HB,prime,45,525,6,0,6,1,2025-06-19,C,B,True,1.015
2025-06-20,SKU-02577,E-01L-006-4-A,E,HB,sub_prime,63,525,9,0,9,2,2025-06-18,C,C,False,0.698
2025-06-20,SKU-02578,D-02L-013-3-B,D,HB,prime,45,400,24,0,24,3,2025-06-17,B,B,False,1.565
2025-06-20,SKU-02579,C-02L-009-4-B,C,HB,sub_prime,63,275,7,0,7,5,2025-06-15,C,B,True,0.768
2025-06-20,SKU-02580,C-02L-009-2-A,C,HB,prime,27,275,100,14,86,1,2025-06-19,A,A,False,10.421
2025-06-20,SKU-02581,D-02L-003-4-A,D,HB,sub_prime,63,400,16,1,15,14,2025-06-06,B,B,False,1.595
2025-06-20,SKU-02582,D-02R-024-4-A,D,HB,sub_prime,63,400,28,0,28,11,2025-06-09,B,A,True,3.227
2025-06-20,SKU-02583,C-02L-005-1-B,C,HB,floor,9,275,65,1,64,2,2025-06-18,B,A,True,3.602
2025-06-20,SKU-02584,A-02L-003-1-B,A,HB,floor,9,50,238,25,213,1,2025-06-19,A,A,False,22.718
2025-06-20,SKU-02585,A-01R-012-4-A,A,HB,sub_prime,63,50,3771,231,3540,7,2025-06-13,A,A,False,262.129
2025-06-20,SKU-02586,A-02R-026-3-A,A,HB,prime,45,50,240,0,240,19,2025-06-01,A,A,False,13.631
2025-06-20,SKU-02587,E-01L-002-3-B,E,HB,prime,45,525,19,0,19,15,2025-06-05,C,B,True,0.97
2025-06-20,SKU-02588,C-02L-014-3-B,C,HB,prime,45,275,48,0,48,13,2025-06-07,A,A,False,5.452
2025-06-20,SKU-02589,B-01L-001-5-A,B,HB,overhead,81,150,19,2,17,2,2025-06-18,B,B,False,1.989
2025-06-20,SKU-02590,D-02L-021-5-A,D,HB,overhead,81,400,6,0,6,16,2025-06-04,C,B,True,1.04
2025-06-20,SKU-02591,E-02L-012-1-B,E,HB,floor,9,525,18,0,18,6,2025-06-14,C,B,True,0.999
2025-06-20,SKU-02592,C-02L-004-3-B,C,HB,prime,45,275,18,1,17,4,2025-06-16,B,B,False,1.224
2025-06-20,SKU-02593,A-01R-025-5-B,A,HB,overhead,81,50,34,1,33,2,2025-06-18,B,B,False,1.838
2025-06-20,SKU-02594,C-01R-018-2-B,C,HB,prime,27,275,14,0,14,1,2025-06-19,C,B,True,0.983
2025-06-20,SKU-02595,D-02L-010-1-A,D,HB,floor,9,400,12,0,12,16,2025-06-04,B,B,False,1.108
2025-06-20,SKU-02596,D-01L-021-2-B,D,HB,prime,27,400,13,0,13,12,2025-06-08,C,C,False,0.717
2025-06-20,SKU-02597,A-01L-006-4-B,A,HB,sub_prime,63,50,113,9,104,15,2025-06-05,A,A,False,18.42
2025-06-20,SKU-02598,B-02R-017-1-B,B,HB,floor,9,150,13,1,12,10,2025-06-10,B,B,False,1.176
2025-06-20,SKU-02599,D-02R-022-1-B,D,HB,floor,9,400,8,1,7,1,2025-06-19,B,B,False,1.199
2025-06-20,SKU-02600,E-02R-013-2-A,E,HB,prime,27,525,6,0,6,10,2025-06-10,C,B,True,0.778
2025-06-20,SKU-02601,D-01L-023-4-A,D,HB,sub_prime,63,400,23,1,22,5,2025-06-15,B,B,False,1.549
2025-06-20,SKU-02602,A-01L-007-4-A,A,HB,sub_prime,63,50,13,1,12,9,2025-06-11,B,B,False,1.787
2025-06-20,SKU-02603,C-01L-014-4-A,C,HB,sub_prime,63,275,21,5,16,5,2025-06-15,B,A,True,3.018
2025-06-20,SKU-02604,C-02L-013-1-B,C,HB,floor,9,275,12,0,12,7,2025-06-13,B,B,False,1.419
2025-06-20,SKU-02605,D-01R-003-3-B,D,HB,prime,45,400,23,0,23,10,2025-06-10,B,B,False,1.397
2025-06-20,SKU-02606,C-01R-010-1-B,C,HB,floor,9,275,48,5,43,11,2025-06-09,B,A,True,3.712
2025-06-20,SKU-02607,D-02R-014-4-A,D,HB,sub_prime,63,400,4,0,4,9,2025-06-11,C,B,True,0.786
2025-06-20,SKU-02608,E-01L-018-5-B,E,HB,overhead,81,525,6,0,6,10,2025-06-10,C,B,True,0.91
2025-06-20,SKU-02609,C-01R-013-1-B,C,HB,floor,9,275,3060,221,2839,18,2025-06-02,A,A,False,200.452
2025-06-20,SKU-02610,E-02R-018-5-B,E,HB,overhead,81,525,14,0,14,20,2025-05-31,C,B,True,1.029
2025-06-20,SKU-02611,C-01R-004-3-B,C,HB,prime,45,275,5,0,5,12,2025-06-08,C,C,False,0.688
2025-06-20,SKU-02612,C-01L-003-2-B,C,HB,prime,27,275,11,0,11,1,2025-06-19,C,C,False,0.738
2025-06-20,SKU-02613,D-01R-018-5-A,D,HB,overhead,81,400,43,4,39,20,2025-05-31,B,A,True,2.864
2025-06-20,SKU-02614,D-01R-015-1-B,D,HB,floor,9,400,12,0,12,3,2025-06-17,C,B,True,0.843
2025-06-20,SKU-02615,E-01R-021-4-A,E,HB,sub_prime,63,525,13,0,13,13,2025-06-07,C,B,True,0.802
2025-06-20,SKU-02616,E-02R-017-2-B,E,HB,prime,27,525,15,0,15,1,2025-06-19,C,B,True,0.83
2025-06-20,SKU-02617,D-01L-023-3-B,D,HB,prime,45,400,10,0,10,8,2025-06-12,C,B,True,0.844
2025-06-20,SKU-02618,B-02L-026-3-B,B,HB,prime,45,150,8,0,8,7,2025-06-13,B,B,False,1.271
2025-06-20,SKU-02619,A-02R-021-1-A,A,HB,floor,9,50,49,3,46,19,2025-06-01,B,A,True,2.726
2025-06-20,SKU-02620,E-01R-010-2-A,E,HB,prime,27,525,12,0,12,15,2025-06-05,C,C,False,0.711
2025-06-20,SKU-02621,A-01R-007-2-B,A,HB,prime,27,50,31,1,30,20,2025-05-31,A,A,False,5.056
2025-06-20,SKU-02622,E-02L-016-5-B,E,HB,overhead,81,525,5,1,4,1,2025-06-19,C,B,True,1.03
2025-06-20,SKU-02623,C-01R-001-4-B,C,HB,sub_prime,63,275,13,0,13,1,2025-06-19,C,C,False,0.712
2025-06-20,SKU-02624,A-02R-022-1-A,A,HB,floor,9,50,1155,105,1050,6,2025-06-14,A,A,False,65.532
2025-06-20,SKU-02625,C-01L-020-2-B,C,HB,prime,27,275,15,1,14,10,2025-06-10,B,B,False,1.152
2025-06-20,SKU-02626,D-01R-024-4-A,D,HB,sub_prime,63,400,10,0,10,10,2025-06-10,C,B,True,0.911
2025-06-20,SKU-02627,B-01L-001-2-A,B,HB,prime,27,150,77,6,71,16,2025-06-04,B,A,True,3.953
2025-06-20,SKU-02628,B-01L-009-5-A,B,HB,overhead,81,150,31,1,30,1,2025-06-19,A,A,False,6.14
2025-06-20,SKU-02629,B-02L-024-2-A,B,HB,prime,27,150,15,0,15,15,2025-06-05,B,B,False,1.376
2025-06-20,SKU-02630,D-01R-008-1-A,D,HB,floor,9,400,35,1,34,12,2025-06-08,B,B,False,2.445
2025-06-20,SKU-02631,D-01L-014-1-A,D,HB,floor,9,400,11,0,11,4,2025-06-16,C,C,False,0.75
2025-06-20,SKU-02632,B-01R-003-1-A,B,HB,floor,9,150,102,9,93,17,2025-06-03,A,A,False,7.344
2025-06-20,SKU-02633,C-01L-020-4-A,C,HB,sub_prime,63,275,61,4,57,9,2025-06-11,B,A,True,3.967
2025-06-20,SKU-02634,B-01R-020-5-A,B,HB,overhead,81,150,48,6,42,2,2025-06-18,A,A,False,5.195
2025-06-20,SKU-02635,C-01L-013-2-A,C,HB,prime,27,275,6,0,6,16,2025-06-04,B,B,False,1.175
2025-06-20,SKU-02636,D-01L-001-3-A,D,HB,prime,45,400,17,0,17,12,2025-06-08,C,B,True,0.913
2025-06-20,SKU-02637,B-01R-011-5-A,B,HB,overhead,81,150,25,1,24,12,2025-06-08,B,B,False,1.245
2025-06-20,SKU-02638,D-02R-013-1-B,D,HB,floor,9,400,17,0,17,19,2025-06-01,C,B,True,0.859
2025-06-20,SKU-02639,C-01R-014-3-B,C,HB,prime,45,275,28,0,28,7,2025-06-13,B,B,False,1.556
2025-06-20,SKU-02640,D-02R-026-1-B,D,HB,floor,9,400,11,1,10,18,2025-06-02,B,B,False,1.51
2025-06-20,SKU-02641,D-02R-014-2-B,D,HB,prime,27,400,53,2,51,11,2025-06-09,B,B,False,2.603
2025-06-20,SKU-02642,C-01R-004-2-A,C,HB,prime,27,275,35,1,34,5,2025-06-15,B,B,False,1.837
2025-06-20,SKU-02643,D-02R-024-3-A,D,HB,prime,45,400,14,0,14,13,2025-06-07,C,B,True,0.832
2025-06-20,SKU-02644,E-02R-002-1-A,E,HB,floor,9,525,13,0,13,14,2025-06-06,C,B,True,0.776
2025-06-20,SKU-02645,C-02L-006-2-B,C,HB,prime,27,275,4,0,4,10,2025-06-10,C,B,True,0.79
2025-06-20,SKU-02646,B-02R-009-3-A,B,HB,prime,45,150,26,2,24,6,2025-06-14,B,B,False,1.751
2025-06-20,SKU-02647,D-01R-017-2-B,D,HB,prime,27,400,8,1,7,8,2025-06-12,B,B,False,1.372
2025-06-20,SKU-02648,C-01R-023-4-A,C,HB,sub_prime,63,275,14,1,13,12,2025-06-08,B,B,False,1.144
2025-06-20,SKU-02649,E-01R-001-4-B,E,HB,sub_prime,63,525,17,0,17,6,2025-06-14,C,B,True,0.964
2025-06-20,SKU-02650,B-01L-017-1-B,B,HB,floor,9,150,14,1,13,5,2025-06-15,B,B,False,1.125
2025-06-20,SKU-02651,E-01R-015-5-B,E,HB,overhead,81,525,10,0,10,8,2025-06-12,C,B,True,0.921
2025-06-20,SKU-02652,D-02L-014-4-B,D,HB,sub_prime,63,400,31,2,29,8,2025-06-12,B,B,False,1.568
2025-06-20,SKU-02653,A-01R-014-3-B,A,HB,prime,45,50,36,0,36,10,2025-06-10,B,A,True,4.023
2025-06-20,SKU-02654,D-02L-012-3-B,D,HB,prime,45,400,14,0,14,3,2025-06-17,C,B,True,0.924
2025-06-20,SKU-02655,D-02R-016-4-A,D,HB,sub_prime,63,400,4,0,4,8,2025-06-12,C,C,False,0.761
2025-06-20,SKU-02656,B-01L-007-5-B,B,HB,overhead,81,150,37,0,37,7,2025-06-13,B,B,False,1.912
2025-06-20,SKU-02657,E-01R-014-2-B,E,HB,prime,27,525,5,0,5,15,2025-06-05,B,B,False,1.191
2025-06-20,SKU-02658,B-02R-018-2-A,B,HB,prime,27,150,28,2,26,15,2025-06-05,B,B,False,2.165
2025-06-20,SKU-02659,B-02R-007-3-A,B,HB,prime,45,150,207,22,185,13,2025-06-07,A,A,False,13.416
2025-06-20,SKU-02660,D-01L-004-3-B,D,HB,prime,45,400,45,3,42,11,2025-06-09,B,B,False,2.193
2025-06-20,SKU-02661,D-02L-004-1-A,D,HB,floor,9,400,3,0,3,19,2025-06-01,C,B,True,0.771
2025-06-20,SKU-02662,A-01R-006-5-A,A,HB,overhead,81,50,12,0,12,19,2025-06-01,B,B,False,1.087
2025-06-20,SKU-02663,E-01R-023-2-B,E,HB,prime,27,525,44,4,40,18,2025-06-02,B,A,True,3.141
2025-06-20,SKU-02664,C-01L-024-2-B,C,HB,prime,27,275,8,0,8,12,2025-06-08,C,B,True,0.994
2025-06-20,SKU-02665,B-02R-024-2-A,B,HB,prime,27,150,73,5,68,6,2025-06-14,A,A,False,7.798
2025-06-20,SKU-02666,D-02R-017-2-A,D,HB,prime,27,400,6,1,5,10,2025-06-10,B,B,False,1.32
2025-06-20,SKU-02667,E-01R-021-4-B,E,HB,sub_prime,63,525,32,3,29,10,2025-06-10,B,A,True,3.846
2025-06-20,SKU-02668,A-01R-006-1-A,A,HB,floor,9,50,49,2,47,3,2025-06-17,A,A,False,5.651
2025-06-20,SKU-02669,D-02R-025-1-A,D,HB,floor,9,400,9,1,8,14,2025-06-06,B,B,False,1.657
2025-06-20,SKU-02670,D-01L-006-4-A,D,HB,sub_prime,63,400,25,0,25,13,2025-06-07,B,B,False,1.437
2025-06-20,SKU-02671,B-01L-006-4-A,B,HB,sub_prime,63,150,136,3,133,8,2025-06-12,A,A,False,8.094
2025-06-20,SKU-02672,B-01R-001-5-B,B,HB,overhead,81,150,53,4,49,8,2025-06-12,B,A,True,3.736
2025-06-20,SKU-02673,D-01R-022-5-A,D,HB,overhead,81,400,32,1,31,20,2025-05-31,B,B,False,1.673
2025-06-20,SKU-02674,A-01L-006-4-A,A,HB,sub_prime,63,50,92,5,87,16,2025-06-04,A,A,False,4.643
2025-06-20,SKU-02675,C-02L-011-3-B,C,HB,prime,45,275,23,0,23,7,2025-06-13,B,B,False,2.276
2025-06-20,SKU-02676,B-02R-014-4-B,B,HB,sub_prime,63,150,108,19,89,3,2025-06-17,A,A,False,12.763
2025-06-20,SKU-02677,B-01R-002-4-A,B,HB,sub_prime,63,150,202,13,189,8,2025-06-12,A,A,False,14.688
2025-06-20,SKU-02678,D-02R-013-5-B,D,HB,overhead,81,400,17,0,17,4,2025-06-16,C,B,True,0.905
2025-06-20,SKU-02679,B-02R-015-2-A,B,HB,prime,27,150,61,2,59,1,2025-06-19,B,A,True,3.081
2025-06-20,SKU-02680,E-01L-018-1-A,E,HB,floor,9,525,20,1,19,18,2025-06-02,C,B,True,1.006
2025-06-20,SKU-02681,A-01R-018-4-B,A,HB,sub_prime,63,50,2146,254,1892,10,2025-06-10,A,A,False,170.384
2025-06-20,SKU-02682,B-01L-004-5-A,B,HB,overhead,81,150,34,0,34,9,2025-06-11,B,B,False,1.724
2025-06-20,SKU-02683,D-02R-016-4-B,D,HB,sub_prime,63,400,8,0,8,17,2025-06-03,C,B,True,0.993
2025-06-20,SKU-02684,B-01L-017-4-A,B,HB,sub_prime,63,150,338,37,301,19,2025-06-01,A,A,False,19.037
2025-06-20,SKU-02685,A-02R-005-2-A,A,HB,prime,27,50,29,2,27,12,2025-06-08,A,A,False,5.004
2025-06-20,SKU-02686,B-02R-003-3-B,B,HB,prime,45,150,10,1,9,19,2025-06-01,B,B,False,1.254
2025-06-20,SKU-02687,D-02L-009-1-B,D,HB,floor,9,400,13,0,13,14,2025-06-06,C,B,True,0.883
2025-06-20,SKU-02688,D-02R-012-4-A,D,HB,sub_prime,63,400,27,6,21,20,2025-05-31,B,A,True,3.939
2025-06-20,SKU-02689,D-02R-025-5-B,D,HB,overhead,81,400,34,2,32,4,2025-06-16,B,B,False,2.207
2025-06-20,SKU-02690,C-01R-003-5-A,C,HB,overhead,81,275,23,0,23,1,2025-06-19,B,B,False,1.482
2025-06-20,SKU-02691,D-02R-015-4-A,D,HB,sub_prime,63,400,21,0,21,15,2025-06-05,B,B,False,1.266
2025-06-20,SKU-02692,E-02R-015-3-A,E,HB,prime,45,525,8,0,8,11,2025-06-09,C,B,True,0.84
2025-06-20,SKU-02693,D-02R-008-4-B,D,HB,sub_prime,63,400,12,0,12,10,2025-06-10,C,C,False,0.762
2025-06-20,SKU-02694,D-02R-021-1-B,D,HB,floor,9,400,27,5,22,11,2025-06-09,B,A,True,3.144
2025-06-20,SKU-02695,C-02L-015-1-A,C,HB,floor,9,275,32,0,32,13,2025-06-07,B,B,False,1.611
2025-06-20,SKU-02696,D-01R-013-1-A,D,HB,floor,9,400,8,0,8,10,2025-06-10,C,C,False,0.759
2025-06-20,SKU-02697,C-02R-024-5-B,C,HB,overhead,81,275,11,1,10,17,2025-06-03,B,B,False,1.258
2025-06-20,SKU-02698,D-02R-012-3-A,D,HB,prime,45,400,10,0,10,5,2025-06-15,C,B,True,0.783
2025-06-20,SKU-02699,C-01L-007-2-B,C,HB,prime,27,275,696,68,628,11,2025-06-09,A,A,False,44.256
2025-06-20,SKU-02700,C-01L-019-4-B,C,HB,sub_prime,63,275,20,0,20,2,2025-06-18,B,B,False,1.44
2025-06-20,SKU-02701,D-01R-005-2-A,D,HB,prime,27,400,58,4,54,19,2025-06-01,B,A,True,2.89
2025-06-20,SKU-02702,D-01R-010-4-A,D,HB,sub_prime,63,400,15,0,15,12,2025-06-08,B,B,False,1.277
2025-06-20,SKU-02703,A-02L-020-2-A,A,HB,prime,27,50,30,0,30,12,2025-06-08,B,B,False,1.776
2025-06-20,SKU-02704,E-02R-024-2-A,E,HB,prime,27,525,4,0,4,11,2025-06-09,C,C,False,0.686
2025-06-20,SKU-02705,A-01L-003-3-B,A,HB,prime,45,50,24,0,24,8,2025-06-12,B,B,False,1.218
2025-06-20,SKU-02706,D-02R-019-4-A,D,HB,sub_prime,63,400,36,2,34,2,2025-06-18,B,B,False,2.142
2025-06-20,SKU-02707,A-02L-009-3-A,A,HB,prime,45,50,110,10,100,3,2025-06-17,A,A,False,6.241
2025-06-20,SKU-02708,A-01R-026-1-B,A,HB,floor,9,50,88,6,82,4,2025-06-16,A,A,False,4.875
2025-06-20,SKU-02709,D-01R-015-4-A,D,HB,sub_prime,63,400,53,2,51,9,2025-06-11,B,A,True,2.724
2025-06-20,SKU-02710,C-02R-015-4-A,C,HB,sub_prime,63,275,19,1,18,17,2025-06-03,B,B,False,1.129
2025-06-20,SKU-02711,C-01R-024-1-A,C,HB,floor,9,275,14,0,14,6,2025-06-14,B,B,False,1.102
2025-06-20,SKU-02712,C-01L-018-1-B,C,HB,floor,9,275,17,0,17,8,2025-06-12,B,B,False,1.269
2025-06-20,SKU-02713,B-01L-012-1-B,B,HB,floor,9,150,89,2,87,14,2025-06-06,A,A,False,8.037
2025-06-20,SKU-02714,B-01R-020-1-B,B,HB,floor,9,150,17,1,16,12,2025-06-08,B,B,False,2.083
2025-06-20,SKU-02715,B-01R-011-3-A,B,HB,prime,45,150,12,0,12,5,2025-06-15,B,B,False,1.198
2025-06-20,SKU-02716,C-01R-008-3-A,C,HB,prime,45,275,21,1,20,14,2025-06-06,B,A,True,2.733
2025-06-20,SKU-02717,C-02R-020-4-B,C,HB,sub_prime,63,275,23,2,21,20,2025-05-31,B,B,False,1.613
2025-06-20,SKU-02718,D-02L-001-1-A,D,HB,floor,9,400,4,0,4,17,2025-06-03,C,B,True,0.777
2025-06-20,SKU-02719,D-01L-003-5-B,D,HB,overhead,81,400,8,0,8,11,2025-06-09,B,B,False,1.222
2025-06-20,SKU-02720,D-01R-005-1-A,D,HB,floor,9,400,4,0,4,14,2025-06-06,C,C,False,0.692
2025-06-20,SKU-02721,D-02L-002-4-A,D,HB,sub_prime,63,400,10,0,10,3,2025-06-17,C,C,False,0.701
2025-06-20,SKU-02722,B-01L-006-2-A,B,HB,prime,27,150,7,1,6,7,2025-06-13,B,B,False,1.08
2025-06-20,SKU-02723,C-02L-009-1-B,C,HB,floor,9,275,12,0,12,19,2025-06-01,C,C,False,0.7
2025-06-20,SKU-02724,A-02L-023-3-B,A,HB,prime,45,50,28,0,28,12,2025-06-08,B,B,False,1.509
2025-06-20,SKU-02725,D-02L-015-5-A,D,HB,overhead,81,400,48,0,48,19,2025-06-01,B,B,False,2.469
2025-06-20,SKU-02726,C-02R-016-4-B,C,HB,sub_prime,63,275,26,4,22,17,2025-06-03,A,A,False,5.316
2025-06-20,SKU-02727,C-01L-017-5-A,C,HB,overhead,81,275,32,9,23,8,2025-06-12,A,A,False,5.079
2025-06-20,SKU-02728,B-01R-002-2-A,B,HB,prime,27,150,21,1,20,14,2025-06-06,B,B,False,1.195
2025-06-20,SKU-02729,B-01R-010-4-A,B,HB,sub_prime,63,150,7,1,6,14,2025-06-06,B,B,False,1.563
2025-06-20,SKU-02730,B-02L-008-1-B,B,HB,floor,9,150,17,0,17,4,2025-06-16,B,B,False,1.255
2025-06-20,SKU-02731,A-01R-004-5-A,A,HB,overhead,81,50,82,4,78,19,2025-06-01,A,A,False,5.226
2025-06-20,SKU-02732,C-01R-001-3-A,C,HB,prime,45,275,6,0,6,11,2025-06-09,C,B,True,1.042
2025-06-20,SKU-02733,C-02R-001-5-A,C,HB,overhead,81,275,16,0,16,4,2025-06-16,C,B,True,0.886
2025-06-20,SKU-02734,C-02R-023-3-A,C,HB,prime,45,275,201,16,185,3,2025-06-17,A,A,False,10.616
2025-06-20,SKU-02735,C-02R-024-3-B,C,HB,prime,45,275,9,0,9,4,2025-06-16,B,B,False,1.56
2025-06-20,SKU-02736,E-01R-007-5-B,E,HB,overhead,81,525,55,3,52,7,2025-06-13,B,A,True,2.849
2025-06-20,SKU-02737,D-01L-021-5-A,D,HB,overhead,81,400,147,6,141,19,2025-06-01,A,A,False,12.437
2025-06-20,SKU-02738,B-02L-024-3-A,B,HB,prime,45,150,51,6,45,1,2025-06-19,B,A,True,3.546
2025-06-20,SKU-02739,C-01L-016-3-A,C,HB,prime,45,275,6,0,6,9,2025-06-11,B,B,False,1.21
2025-06-20,SKU-02740,C-02L-014-3-A,C,HB,prime,45,275,32,0,32,19,2025-06-01,B,A,True,4.121
2025-06-20,SKU-02741,E-02L-010-1-A,E,HB,floor,9,525,4,0,4,9,2025-06-11,C,C,False,0.765
2025-06-20,SKU-02742,C-02L-008-1-A,C,HB,floor,9,275,5,1,4,13,2025-06-07,B,B,False,1.109
2025-06-20,SKU-02743,D-01L-003-2-A,D,HB,prime,27,400,9,0,9,18,2025-06-02,C,C,False,0.751
2025-06-20,SKU-02744,E-02L-007-2-B,E,HB,prime,27,525,6,0,6,8,2025-06-12,C,C,False,0.744
2025-06-20,SKU-02745,D-02R-008-3-B,D,HB,prime,45,400,10,0,10,19,2025-06-01,C,B,True,0.895
2025-06-20,SKU-02746,C-01L-003-3-B,C,HB,prime,45,275,23,1,22,18,2025-06-02,B,B,False,1.258
2025-06-20,SKU-02747,A-01R-022-3-A,A,HB,prime,45,50,68,20,48,12,2025-06-08,A,A,False,10.55
2025-06-20,SKU-02748,C-02R-025-3-B,C,HB,prime,45,275,57,4,53,20,2025-05-31,B,A,True,3.054
2025-06-20,SKU-02749,C-02R-003-5-B,C,HB,overhead,81,275,21,1,20,4,2025-06-16,B,B,False,1.452
2025-06-20,SKU-02750,E-02L-018-5-A,E,HB,overhead,81,525,11,0,11,18,2025-06-02,C,B,True,0.811
2025-06-20,SKU-02751,D-02L-022-4-A,D,HB,sub_prime,63,400,47,1,46,10,2025-06-10,B,A,True,2.961
2025-06-20,SKU-02752,C-01R-015-3-A,C,HB,prime,45,275,36,1,35,14,2025-06-06,B,B,False,2.111
2025-06-20,SKU-02753,D-02R-018-2-A,D,HB,prime,27,400,36,3,33,20,2025-05-31,B,B,False,2.12
2025-06-20,SKU-02754,E-01L-001-4-B,E,HB,sub_prime,63,525,19,1,18,3,2025-06-17,B,B,False,1.628
2025-06-20,SKU-02755,C-01R-008-4-B,C,HB,sub_prime,63,275,5,0,5,13,2025-06-07,B,B,False,1.142
2025-06-20,SKU-02756,C-02L-022-4-A,C,HB,sub_prime,63,275,10,0,10,4,2025-06-16,C,C,False,0.686
2025-06-20,SKU-02757,E-01L-023-3-B,E,HB,prime,45,525,3,0,3,9,2025-06-11,C,B,True,0.786
2025-06-20,SKU-02758,D-01L-018-4-B,D,HB,sub_prime,63,400,15,0,15,5,2025-06-15,B,B,False,1.547
2025-06-20,SKU-02759,C-01L-009-5-B,C,HB,overhead,81,275,23,1,22,15,2025-06-05,B,B,False,1.174
2025-06-20,SKU-02760,D-02L-016-3-A,D,HB,prime,45,400,8,0,8,11,2025-06-09,C,B,True,0.804
2025-06-20,SKU-02761,E-01L-025-1-B,E,HB,floor,9,525,7,0,7,15,2025-06-05,C,B,True,1.024
2025-06-20,SKU-02762,E-01R-005-2-B,E,HB,prime,27,525,43,0,43,18,2025-06-02,B,A,True,3.421
2025-06-20,SKU-02763,D-01R-006-3-B,D,HB,prime,45,400,32,4,28,5,2025-06-15,B,B,False,2.534
2025-06-20,SKU-02764,D-01R-010-3-B,D,HB,prime,45,400,25,1,24,16,2025-06-04,B,B,False,1.523
2025-06-20,SKU-02765,B-01R-019-1-A,B,HB,floor,9,150,17,1,16,1,2025-06-19,B,B,False,1.668
2025-06-20,SKU-02766,C-02R-015-2-B,C,HB,prime,27,275,3,0,3,10,2025-06-10,C,C,False,0.693
2025-06-20,SKU-02767,C-02R-013-1-B,C,HB,floor,9,275,406,1,405,1,2025-06-19,A,A,False,25.622
2025-06-20,SKU-02768,D-02R-017-5-B,D,HB,overhead,81,400,7,0,7,1,2025-06-19,B,B,False,1.311
2025-06-20,SKU-02769,C-01R-016-5-B,C,HB,overhead,81,275,18,1,17,12,2025-06-08,B,B,False,1.094
2025-06-20,SKU-02770,D-01L-014-3-A,D,HB,prime,45,400,16,0,16,7,2025-06-13,C,B,True,0.832
2025-06-20,SKU-02771,D-01L-002-3-B,D,HB,prime,45,400,6,0,6,14,2025-06-06,C,B,True,0.955
2025-06-20,SKU-02772,A-02R-012-5-A,A,HB,overhead,81,50,130,23,107,11,2025-06-09,A,A,False,24.693
2025-06-20,SKU-02773,A-01L-002-4-B,A,HB,sub_prime,63,50,10,0,10,16,2025-06-04,C,C,False,0.725
2025-06-20,SKU-02774,C-01R-002-1-A,C,HB,floor,9,275,6,0,6,8,2025-06-12,C,B,True,0.819
2025-06-20,SKU-02775,C-01R-023-3-A,C,HB,prime,45,275,734,1,733,4,2025-06-16,A,A,False,38.724
2025-06-20,SKU-02776,C-02R-007-3-B,C,HB,prime,45,275,55,2,53,12,2025-06-08,B,A,True,3.881
2025-06-20,SKU-02777,A-01L-004-3-B,A,HB,prime,45,50,64,8,56,10,2025-06-10,A,A,False,4.687
2025-06-20,SKU-02778,E-01L-015-3-A,E,HB,prime,45,525,11,0,11,11,2025-06-09,C,B,True,1.041
2025-06-20,SKU-02779,B-02L-020-2-A,B,HB,prime,27,150,41,5,36,2,2025-06-18,A,A,False,7.999
2025-06-20,SKU-02780,E-01R-012-1-B,E,HB,floor,9,525,19,1,18,15,2025-06-05,B,B,False,1.657
2025-06-20,SKU-02781,D-02L-004-4-B,D,HB,sub_prime,63,400,4,0,4,16,2025-06-04,C,B,True,0.971
2025-06-20,SKU-02782,C-02R-014-3-A,C,HB,prime,45,275,25,1,24,15,2025-06-05,B,B,False,2.535
2025-06-20,SKU-02783,E-01L-026-2-B,E,HB,prime,27,525,14,0,14,8,2025-06-12,C,B,True,0.847
2025-06-20,SKU-02784,D-02R-025-2-A,D,HB,prime,27,400,13,0,13,1,2025-06-19,B,B,False,1.103
2025-06-20,SKU-02785,D-02L-026-1-A,D,HB,floor,9,400,36,2,34,9,2025-06-11,B,A,True,2.981
2025-06-20,SKU-02786,E-02L-021-1-B,E,HB,floor,9,525,38,3,35,12,2025-06-08,B,B,False,2.621
2025-06-20,SKU-02787,C-02R-010-4-B,C,HB,sub_prime,63,275,14,0,14,19,2025-06-01,B,B,False,1.287
2025-06-20,SKU-02788,D-02L-023-3-A,D,HB,prime,45,400,25,0,25,11,2025-06-09,B,B,False,1.644
2025-06-20,SKU-02789,A-01L-003-2-A,A,HB,prime,27,50,153,11,142,2,2025-06-18,A,A,False,8.562
2025-06-20,SKU-02790,D-01R-002-2-A,D,HB,prime,27,400,6,1,5,4,2025-06-16,C,B,True,1.069
2025-06-20,SKU-02791,D-02L-019-2-B,D,HB,prime,27,400,34,0,34,7,2025-06-13,B,A,True,3.491
2025-06-20,SKU-02792,B-01L-022-5-A,B,HB,overhead,81,150,32,3,29,8,2025-06-12,B,A,True,4.086
2025-06-20,SKU-02793,B-01R-008-2-B,B,HB,prime,27,150,26,0,26,18,2025-06-02,B,B,False,1.802
2025-06-20,SKU-02794,C-02L-024-1-B,C,HB,floor,9,275,14,0,14,12,2025-06-08,C,C,False,0.761
2025-06-20,SKU-02795,C-02R-026-1-A,C,HB,floor,9,275,68,7,61,3,2025-06-17,A,A,False,4.586
2025-06-20,SKU-02796,A-02L-004-2-B,A,HB,prime,27,50,55,5,50,2,2025-06-18,B,A,True,3.621
2025-06-20,SKU-02797,C-01L-021-5-B,C,HB,overhead,81,275,16,2,14,14,2025-06-06,B,B,False,1.567
2025-06-20,SKU-02798,D-01L-011-3-B,D,HB,prime,45,400,7,1,6,17,2025-06-03,B,B,False,1.315
2025-06-20,SKU-02799,E-02L-012-2-B,E,HB,prime,27,525,10,0,10,4,2025-06-16,C,B,True,0.838
2025-06-20,SKU-02800,C-01R-014-4-A,C,HB,sub_prime,63,275,5,0,5,8,2025-06-12,C,B,True,0.813
2025-06-20,SKU-02801,D-01R-001-2-A,D,HB,prime,27,400,6,0,6,18,2025-06-02,C,B,True,0.963
2025-06-20,SKU-02802,C-01R-020-2-B,C,HB,prime,27,275,71,2,69,3,2025-06-17,A,A,False,4.91
2025-06-20,SKU-02803,D-02L-011-2-B,D,HB,prime,27,400,32,2,30,9,2025-06-11,B,B,False,1.841
2025-06-20,SKU-02804,D-02L-012-1-B,D,HB,floor,9,400,4,0,4,18,2025-06-02,C,B,True,0.844
2025-06-20,SKU-02805,D-02L-025-5-B,D,HB,overhead,81,400,35,3,32,2,2025-06-18,B,B,False,2.489
2025-06-20,SKU-02806,C-02L-008-5-A,C,HB,overhead,81,275,17,0,17,17,2025-06-03,B,B,False,1.211
2025-06-20,SKU-02807,A-02L-026-2-A,A,HB,prime,27,50,93,17,76,7,2025-06-13,A,A,False,10.082
2025-06-20,SKU-02808,D-02L-005-2-A,D,HB,prime,27,400,5,0,5,19,2025-06-01,C,C,False,0.736
2025-06-20,SKU-02809,B-02L-021-1-B,B,HB,floor,9,150,11,0,11,18,2025-06-02,C,C,False,0.732
2025-06-20,SKU-02810,B-02R-011-2-B,B,HB,prime,27,150,11,1,10,2,2025-06-18,B,B,False,1.088
2025-06-20,SKU-02811,B-02R-012-3-A,B,HB,prime,45,150,39,0,39,18,2025-06-02,B,B,False,2.189
2025-06-20,SKU-02812,D-02L-010-5-B,D,HB,overhead,81,400,12,0,12,2,2025-06-18,C,C,False,0.744
2025-06-20,SKU-02813,B-01R-010-1-A,B,HB,floor,9,150,18,4,14,15,2025-06-05,B,A,True,3.215
2025-06-20,SKU-02814,D-01L-007-1-A,D,HB,floor,9,400,14,0,14,9,2025-06-11,C,B,True,0.804
2025-06-20,SKU-02815,E-01R-009-1-B,E,HB,floor,9,525,10,0,10,20,2025-05-31,C,C,False,0.695
2025-06-20,SKU-02816,A-02R-004-2-A,A,HB,prime,27,50,200,7,193,5,2025-06-15,A,A,False,17.656
2025-06-20,SKU-02817,D-01R-008-3-A,D,HB,prime,45,400,14,0,14,12,2025-06-08,B,B,False,1.747
2025-06-20,SKU-02818,E-01L-016-2-A,E,HB,prime,27,525,17,0,17,10,2025-06-10,C,B,True,0.97
2025-06-20,SKU-02819,C-01L-022-5-A,C,HB,overhead,81,275,22,2,20,3,2025-06-17,B,B,False,1.806
2025-06-20,SKU-02820,D-02L-017-4-A,D,HB,sub_prime,63,400,6,0,6,10,2025-06-10,C,B,True,0.851
2025-06-20,SKU-02821,B-01L-025-2-A,B,HB,prime,27,150,23,0,23,3,2025-06-17,B,B,False,1.182
2025-06-20,SKU-02822,B-01L-018-4-B,B,HB,sub_prime,63,150,30,2,28,14,2025-06-06,B,B,False,1.875
2025-06-20,SKU-02823,D-02L-012-2-A,D,HB,prime,27,400,15,0,15,16,2025-06-04,C,B,True,0.771
2025-06-20,SKU-02824,B-01L-003-3-B,B,HB,prime,45,150,80,6,74,13,2025-06-07,B,A,True,3.877
2025-06-20,SKU-02825,D-02L-004-1-B,D,HB,floor,9,400,4,0,4,3,2025-06-17,C,C,False,0.752
2025-06-20,SKU-02826,D-01R-002-5-A,D,HB,overhead,81,400,16,0,16,11,2025-06-09,C,B,True,0.811
2025-06-20,SKU-02827,D-01L-004-5-A,D,HB,overhead,81,400,37,3,34,7,2025-06-13,B,B,False,2.378
2025-06-20,SKU-02828,A-02L-007-2-A,A,HB,prime,27,50,486,87,399,19,2025-06-01,A,A,False,56.795
2025-06-20,SKU-02829,E-01L-008-5-B,E,HB,overhead,81,525,9,0,9,8,2025-06-12,C,B,True,0.792
2025-06-20,SKU-02830,D-01R-023-3-B,D,HB,prime,45,400,15,0,15,17,2025-06-03,C,B,True,0.814
2025-06-20,SKU-02831,B-01L-002-3-B,B,HB,prime,45,150,25,0,25,4,2025-06-16,B,B,False,1.241
2025-06-20,SKU-02832,C-01R-019-3-B,C,HB,prime,45,275,12,0,12,5,2025-06-15,C,B,True,0.965
2025-06-20,SKU-02833,A-01L-015-4-B,A,HB,sub_prime,63,50,112,0,112,15,2025-06-05,A,A,False,5.568
2025-06-20,SKU-02834,D-01R-009-5-A,D,HB,overhead,81,400,12,0,12,3,2025-06-17,B,B,False,2.448
2025-06-20,SKU-02835,B-02L-024-4-B,B,HB,sub_prime,63,150,9,2,7,11,2025-06-09,B,B,False,1.922
2025-06-20,SKU-02836,A-02R-009-1-B,A,HB,floor,9,50,559,53,506,12,2025-06-08,A,A,False,28.879
2025-06-20,SKU-02837,B-01R-018-5-A,B,HB,overhead,81,150,18,1,17,3,2025-06-17,B,B,False,1.083
2025-06-20,SKU-02838,B-02R-019-1-B,B,HB,floor,9,150,37,5,32,15,2025-06-05,B,A,True,3.82
2025-06-20,SKU-02839,C-01R-026-1-A,C,HB,floor,9,275,39,3,36,12,2025-06-08,B,B,False,2.11
2025-06-20,SKU-02840,D-02R-003-5-A,D,HB,overhead,81,400,8,0,8,16,2025-06-04,C,B,True,0.927
2025-06-20,SKU-02841,E-01R-022-5-B,E,HB,overhead,81,525,14,0,14,7,2025-06-13,C,B,True,0.899
2025-06-20,SKU-02842,D-02L-002-1-B,D,HB,floor,9,400,37,1,36,14,2025-06-06,B,A,True,3.135
2025-06-20,SKU-02843,E-02R-015-1-B,E,HB,floor,9,525,6,0,6,14,2025-06-06,C,B,True,0.815
2025-06-20,SKU-02844,B-02R-024-4-A,B,HB,sub_prime,63,150,21,0,21,3,2025-06-17,B,B,False,1.663
2025-06-20,SKU-02845,B-02R-017-5-B,B,HB,overhead,81,150,17,0,17,15,2025-06-05,B,B,False,1.666
2025-06-20,SKU-02846,D-02L-001-4-A,D,HB,sub_prime,63,400,29,1,28,9,2025-06-11,B,B,False,1.43
2025-06-20,SKU-02847,D-01L-003-5-A,D,HB,overhead,81,400,21,0,21,7,2025-06-13,B,B,False,1.412
2025-06-20,SKU-02848,C-02L-021-1-A,C,HB,floor,9,275,6,1,5,8,2025-06-12,B,B,False,1.24
2025-06-20,SKU-02849,C-02R-008-2-B,C,HB,prime,27,275,5,0,5,13,2025-06-07,C,B,True,0.95
2025-06-20,SKU-02850,A-01R-014-5-A,A,HB,overhead,81,50,112,4,108,14,2025-06-06,A,A,False,7.522
2025-06-20,SKU-02851,B-02R-007-4-A,B,HB,sub_prime,63,150,141,16,125,20,2025-05-31,A,A,False,9.709
2025-06-20,SKU-02852,D-01R-011-1-A,D,HB,floor,9,400,26,0,26,20,2025-05-31,B,B,False,2.2
2025-06-20,SKU-02853,D-02L-019-5-B,D,HB,overhead,81,400,4,0,4,14,2025-06-06,C,B,True,0.798
2025-06-20,SKU-02854,D-02R-014-5-B,D,HB,overhead,81,400,13,1,12,17,2025-06-03,B,B,False,1.153
2025-06-20,SKU-02855,D-01R-015-5-B,D,HB,overhead,81,400,9,0,9,19,2025-06-01,C,C,False,0.734
2025-06-20,SKU-02856,D-02R-018-5-B,D,HB,overhead,81,400,15,0,15,14,2025-06-06,C,B,True,0.91
2025-06-20,SKU-02857,C-02L-025-3-A,C,HB,prime,45,275,5,1,4,7,2025-06-13,B,B,False,1.174
2025-06-20,SKU-02858,A-01R-006-4-B,A,HB,sub_prime,63,50,81,6,75,4,2025-06-16,A,A,False,9.626
2025-06-20,SKU-02859,A-01L-018-3-A,A,HB,prime,45,50,1214,108,1106,19,2025-06-01,A,A,False,81.135
2025-06-20,SKU-02860,E-01R-020-2-B,E,HB,prime,27,525,7,0,7,4,2025-06-16,C,B,True,0.774
2025-06-20,SKU-02861,C-02L-009-5-B,C,HB,overhead,81,275,40,4,36,7,2025-06-13,B,A,True,2.852
2025-06-20,SKU-02862,C-01L-016-2-B,C,HB,prime,27,275,9,0,9,12,2025-06-08,C,B,True,0.793
2025-06-20,SKU-02863,D-01R-002-4-B,D,HB,sub_prime,63,400,10,0,10,20,2025-05-31,C,B,True,0.812
2025-06-20,SKU-02864,D-01L-010-1-B,D,HB,floor,9,400,33,0,33,5,2025-06-15,B,B,False,1.835
2025-06-20,SKU-02865,D-02L-005-4-A,D,HB,sub_prime,63,400,21,2,19,19,2025-06-01,B,B,False,1.589
2025-06-20,SKU-02866,E-02L-013-2-A,E,HB,prime,27,525,10,0,10,17,2025-06-03,C,C,False,0.741
2025-06-20,SKU-02867,D-01R-025-5-A,D,HB,overhead,81,400,9,0,9,13,2025-06-07,C,C,False,0.729
2025-06-20,SKU-02868,E-02L-021-2-B,E,HB,prime,27,525,15,0,15,17,2025-06-03,C,B,True,0.997
2025-06-20,SKU-02869,D-01R-019-1-B,D,HB,floor,9,400,36,1,35,9,2025-06-11,B,B,False,1.817
2025-06-20,SKU-02870,D-02L-009-3-B,D,HB,prime,45,400,6,0,6,13,2025-06-07,C,C,False,0.71
2025-06-20,SKU-02871,B-02L-022-1-B,B,HB,floor,9,150,215,3,212,3,2025-06-17,A,A,False,10.922
2025-06-20,SKU-02872,C-02R-011-2-A,C,HB,prime,27,275,7,2,5,15,2025-06-05,B,B,False,1.56
2025-06-20,SKU-02873,C-01R-009-3-A,C,HB,prime,45,275,24,1,23,16,2025-06-04,B,B,False,1.196
2025-06-20,SKU-02874,D-01R-017-5-B,D,HB,overhead,81,400,11,0,11,8,2025-06-12,C,B,True,0.77
2025-06-20,SKU-02875,A-02L-009-4-A,A,HB,sub_prime,63,50,61,14,47,16,2025-06-04,A,A,False,11.246
2025-06-20,SKU-02876,C-01R-009-2-A,C,HB,prime,27,275,118,11,107,12,2025-06-08,A,A,False,6.074
2025-06-20,SKU-02877,C-01L-026-2-A,C,HB,prime,27,275,18,1,17,10,2025-06-10,B,B,False,1.225
2025-06-20,SKU-02878,D-01L-017-1-B,D,HB,floor,9,400,21,1,20,14,2025-06-06,B,B,False,1.134
2025-06-20,SKU-02879,D-02L-017-1-A,D,HB,floor,9,400,9,1,8,19,2025-06-01,B,B,False,1.532
2025-06-20,SKU-02880,E-02L-007-3-B,E,HB,prime,45,525,15,1,14,12,2025-06-08,B,B,False,1.392
2025-06-20,SKU-02881,D-02L-017-5-A,D,HB,overhead,81,400,14,0,14,3,2025-06-17,C,B,True,0.788
2025-06-20,SKU-02882,D-01R-018-1-A,D,HB,floor,9,400,13,0,13,1,2025-06-19,C,B,True,1.046
2025-06-20,SKU-02883,E-02R-025-1-A,E,HB,floor,9,525,10,0,10,19,2025-06-01,B,B,False,1.192
2025-06-20,SKU-02884,D-01R-008-3-B,D,HB,prime,45,400,86,6,80,4,2025-06-16,A,A,False,9.572
2025-06-20,SKU-02885,D-01L-003-4-A,D,HB,sub_prime,63,400,10,0,10,12,2025-06-08,C,C,False,0.717
2025-06-20,SKU-02886,B-01L-013-2-A,B,HB,prime,27,150,27,0,27,12,2025-06-08,B,B,False,2.292
2025-06-20,SKU-02887,D-02L-002-5-A,D,HB,overhead,81,400,3,0,3,6,2025-06-14,C,C,False,0.717
2025-06-20,SKU-02888,C-01L-009-5-A,C,HB,overhead,81,275,15,0,15,8,2025-06-12,B,B,False,1.767
2025-06-20,SKU-02889,B-01R-013-2-A,B,HB,prime,27,150,24,1,23,13,2025-06-07,B,B,False,1.321
2025-06-20,SKU-02890,C-01L-006-3-B,C,HB,prime,45,275,6,0,6,8,2025-06-12,C,C,False,0.729
2025-06-20,SKU-02891,A-02L-014-3-A,A,HB,prime,45,50,17,3,14,6,2025-06-14,B,B,False,2.093
2025-06-20,SKU-02892,D-01R-021-3-A,D,HB,prime,45,400,40,1,39,5,2025-06-15,B,B,False,2.183
2025-06-20,SKU-02893,B-01L-026-2-B,B,HB,prime,27,150,187,45,142,16,2025-06-04,A,A,False,26.213
2025-06-20,SKU-02894,B-01L-007-2-A,B,HB,prime,27,150,9,0,9,20,2025-05-31,C,B,True,0.909
2025-06-20,SKU-02895,E-02R-002-1-B,E,HB,floor,9,525,8,0,8,17,2025-06-03,C,B,True,0.776
2025-06-20,SKU-02896,C-02L-021-4-A,C,HB,sub_prime,63,275,5,0,5,5,2025-06-15,C,B,True,0.855
2025-06-20,SKU-02897,B-02L-017-5-A,B,HB,overhead,81,150,18,0,18,8,2025-06-12,B,B,False,1.331
2025-06-20,SKU-02898,C-02L-017-5-A,C,HB,overhead,81,275,26,1,25,13,2025-06-07,B,B,False,1.308
2025-06-20,SKU-02899,C-01R-004-2-B,C,HB,prime,27,275,19,6,13,10,2025-06-10,B,A,True,3.716
2025-06-20,SKU-02900,C-01R-009-4-A,C,HB,sub_prime,63,275,28,2,26,8,2025-06-12,B,B,False,1.571
2025-06-20,SKU-02901,E-02R-005-5-B,E,HB,overhead,81,525,10,0,10,10,2025-06-10,C,C,False,0.739
2025-06-20,SKU-02902,E-02L-025-4-A,E,HB,sub_prime,63,525,6,0,6,2,2025-06-18,C,C,False,0.691
2025-06-20,SKU-02903,B-01R-020-5-B,B,HB,overhead,81,150,348,44,304,11,2025-06-09,A,A,False,23.501
2025-06-20,SKU-02904,B-01L-018-1-B,B,HB,floor,9,150,8,2,6,18,2025-06-02,B,B,False,1.683
2025-06-20,SKU-02905,C-01R-025-2-A,C,HB,prime,27,275,15,2,13,19,2025-06-01,B,B,False,1.649
2025-06-20,SKU-02906,C-02R-017-3-A,C,HB,prime,45,275,22,0,22,2,2025-06-18,B,B,False,1.479
2025-06-20,SKU-02907,B-01L-012-2-A,B,HB,prime,27,150,119,3,116,4,2025-06-16,A,A,False,5.815
2025-06-20,SKU-02908,B-02L-005-3-A,B,HB,prime,45,150,3300,359,2941,9,2025-06-11,A,A,False,486.811
2025-06-20,SKU-02909,C-01L-005-3-A,C,HB,prime,45,275,12,1,11,17,2025-06-03,B,B,False,1.168
2025-06-20,SKU-02910,B-02R-016-1-A,B,HB,floor,9,150,51,3,48,14,2025-06-06,B,A,True,3.414
2025-06-20,SKU-02911,E-01L-002-5-B,E,HB,overhead,81,525,21,1,20,7,2025-06-13,B,B,False,1.359
2025-06-20,SKU-02912,B-01L-021-4-A,B,HB,sub_prime,63,150,42,4,38,9,2025-06-11,B,A,True,2.871
2025-06-20,SKU-02913,B-01L-015-2-B,B,HB,prime,27,150,1208,7,1201,8,2025-06-12,A,A,False,59.784
2025-06-20,SKU-02914,E-02R-013-2-B,E,HB,prime,27,525,18,1,17,18,2025-06-02,B,B,False,1.091
2025-06-20,SKU-02915,D-01R-018-2-A,D,HB,prime,27,400,10,1,9,10,2025-06-10,B,B,False,1.364
2025-06-20,SKU-02916,B-01R-006-4-B,B,HB,sub_prime,63,150,16,3,13,13,2025-06-07,B,B,False,2.344
2025-06-20,SKU-02917,D-02R-025-4-B,D,HB,sub_prime,63,400,26,1,25,4,2025-06-16,B,B,False,1.512
2025-06-20,SKU-02918,C-02L-018-3-A,C,HB,prime,45,275,11,1,10,10,2025-06-10,B,B,False,1.075
2025-06-20,SKU-02919,D-02L-008-2-B,D,HB,prime,27,400,55,1,54,11,2025-06-09,B,A,True,3.245
2025-06-20,SKU-02920,C-02R-002-2-B,C,HB,prime,27,275,71,2,69,15,2025-06-05,B,A,True,3.463
2025-06-20,SKU-02921,D-01L-015-3-B,D,HB,prime,45,400,9,0,9,10,2025-06-10,C,B,True,1.012
2025-06-20,SKU-02922,D-02R-010-5-B,D,HB,overhead,81,400,4,0,4,14,2025-06-06,C,B,True,0.851
2025-06-20,SKU-02923,A-01L-002-1-A,A,HB,floor,9,50,131,14,117,5,2025-06-15,A,A,False,8.251
2025-06-20,SKU-02924,D-02R-004-1-A,D,HB,floor,9,400,3,0,3,7,2025-06-13,C,C,False,0.685
2025-06-20,SKU-02925,C-02R-003-1-A,C,HB,floor,9,275,8,1,7,19,2025-06-01,B,B,False,1.33
2025-06-20,SKU-02926,E-02R-011-5-B,E,HB,overhead,81,525,15,0,15,10,2025-06-10,C,B,True,0.786
2025-06-20,SKU-02927,C-02R-014-5-B,C,HB,overhead,81,275,54,0,54,19,2025-06-01,B,A,True,3.2
2025-06-20,SKU-02928,A-01R-014-1-B,A,HB,floor,9,50,67,5,62,1,2025-06-19,A,A,False,5.275
2025-06-20,SKU-02929,E-01L-021-3-B,E,HB,prime,45,525,9,0,9,15,2025-06-05,C,C,False,0.701
2025-06-20,SKU-02930,D-01R-009-3-A,D,HB,prime,45,400,16,0,16,6,2025-06-14,B,B,False,1.447
2025-06-20,SKU-02931,D-01R-026-3-A,D,HB,prime,45,400,11,0,11,6,2025-06-14,C,B,True,0.996
2025-06-20,SKU-02932,A-01R-025-4-B,A,HB,sub_prime,63,50,95,6,89,2,2025-06-18,A,A,False,5.026
2025-06-20,SKU-02933,E-02R-015-1-A,E,HB,floor,9,525,8,0,8,11,2025-06-09,C,C,False,0.687
2025-06-20,SKU-02934,D-01L-015-1-A,D,HB,floor,9,400,15,0,15,18,2025-06-02,C,B,True,0.892
2025-06-20,SKU-02935,D-01L-006-3-B,D,HB,prime,45,400,17,0,17,17,2025-06-03,B,B,False,1.245
2025-06-20,SKU-02936,D-02L-012-4-B,D,HB,sub_prime,63,400,12,0,12,2,2025-06-18,C,B,True,0.854
2025-06-20,SKU-02937,C-02R-019-5-A,C,HB,overhead,81,275,321,3,318,6,2025-06-14,A,A,False,23.181
2025-06-20,SKU-02938,B-02L-005-1-A,B,HB,floor,9,150,31,2,29,16,2025-06-04,B,B,False,1.679
2025-06-20,SKU-02939,A-02R-016-5-A,A,HB,overhead,81,50,249,6,243,3,2025-06-17,A,A,False,25.242
2025-06-20,SKU-02940,E-02L-001-4-A,E,HB,sub_prime,63,525,6,1,5,11,2025-06-09,C,B,True,1.065
2025-06-20,SKU-02941,C-01R-006-1-A,C,HB,floor,9,275,20,1,19,1,2025-06-19,B,B,False,1.259
2025-06-20,SKU-02942,E-01R-007-3-A,E,HB,prime,45,525,45,1,44,5,2025-06-15,B,A,True,3.121
2025-06-20,SKU-02943,D-01L-023-4-B,D,HB,sub_prime,63,400,10,0,10,1,2025-06-19,C,C,False,0.692
2025-06-20,SKU-02944,D-01L-009-1-A,D,HB,floor,9,400,6,0,6,12,2025-06-08,C,B,True,0.796
2025-06-20,SKU-02945,D-01R-013-1-B,D,HB,floor,9,400,15,1,14,15,2025-06-05,B,B,False,1.169
2025-06-20,SKU-02946,A-01L-003-4-B,A,HB,sub_prime,63,50,28,1,27,6,2025-06-14,B,B,False,1.406
2025-06-20,SKU-02947,D-01R-023-2-A,D,HB,prime,27,400,30,0,30,7,2025-06-13,B,B,False,1.879
2025-06-20,SKU-02948,C-02R-018-1-A,C,HB,floor,9,275,16,1,15,9,2025-06-11,B,B,False,1.788
2025-06-20,SKU-02949,C-02R-018-1-B,C,HB,floor,9,275,7,0,7,15,2025-06-05,C,C,False,0.766
2025-06-20,SKU-02950,E-01L-008-3-B,E,HB,prime,45,525,14,1,13,7,2025-06-13,C,B,True,1.018
2025-06-20,SKU-02951,E-01R-006-5-A,E,HB,overhead,81,525,11,0,11,18,2025-06-02,C,B,True,0.916
2025-06-20,SKU-02952,E-01L-018-1-B,E,HB,floor,9,525,17,0,17,3,2025-06-17,C,B,True,0.971
2025-06-20,SKU-02953,C-01L-008-5-A,C,HB,overhead,81,275,25,2,23,6,2025-06-14,B,B,False,1.996
2025-06-20,SKU-02954,A-02L-005-5-B,A,HB,overhead,81,50,19,0,19,11,2025-06-09,B,B,False,2.164
2025-06-20,SKU-02955,B-01R-006-3-B,B,HB,prime,45,150,48,2,46,4,2025-06-16,B,B,False,2.36
2025-06-20,SKU-02956,A-01L-011-1-A,A,HB,floor,9,50,253,9,244,16,2025-06-04,A,A,False,12.621
2025-06-20,SKU-02957,E-02R-022-2-A,E,HB,prime,27,525,11,0,11,14,2025-06-06,C,B,True,0.989
2025-06-20,SKU-02958,B-01L-011-5-B,B,HB,overhead,81,150,4,0,4,15,2025-06-05,C,C,False,0.701
2025-06-20,SKU-02959,E-01L-002-2-B,E,HB,prime,27,525,7,0,7,2,2025-06-18,C,C,False,0.692
2025-06-20,SKU-02960,C-02L-026-1-A,C,HB,floor,9,275,91,3,88,14,2025-06-06,A,A,False,4.391
2025-06-20,SKU-02961,B-02R-006-3-A,B,HB,prime,45,150,339,34,305,16,2025-06-04,A,A,False,19.584
2025-06-20,SKU-02962,B-02L-014-4-B,B,HB,sub_prime,63,150,12,0,12,13,2025-06-07,C,B,True,0.794
2025-06-20,SKU-02963,C-01L-009-2-B,C,HB,prime,27,275,18,0,18,3,2025-06-17,B,B,False,1.483
2025-06-20,SKU-02964,D-02R-004-4-A,D,HB,sub_prime,63,400,4,0,4,1,2025-06-19,C,B,True,0.781
2025-06-20,SKU-02965,D-01R-024-2-A,D,HB,prime,27,400,16,1,15,4,2025-06-16,C,B,True,1.044
2025-06-20,SKU-02966,E-01R-011-1-B,E,HB,floor,9,525,5,0,5,5,2025-06-15,C,B,True,0.976
2025-06-20,SKU-02967,C-01L-001-1-B,C,HB,floor,9,275,38,4,34,10,2025-06-10,B,A,True,2.753
2025-06-20,SKU-02968,C-01R-005-3-A,C,HB,prime,45,275,42,4,38,2,2025-06-18,B,A,True,3.672
2025-06-20,SKU-02969,D-01R-025-5-B,D,HB,overhead,81,400,15,1,14,18,2025-06-02,B,B,False,1.38
2025-06-20,SKU-02970,D-02R-021-4-B,D,HB,sub_prime,63,400,6,0,6,14,2025-06-06,C,C,False,0.756
2025-06-20,SKU-02971,B-02R-011-5-B,B,HB,overhead,81,150,7,0,7,17,2025-06-03,B,B,False,1.28
2025-06-20,SKU-02972,D-02L-021-3-B,D,HB,prime,45,400,12,1,11,4,2025-06-16,B,B,False,1.207
2025-06-20,SKU-02973,B-01R-015-1-A,B,HB,floor,9,150,362,40,322,2,2025-06-18,A,A,False,21.985
2025-06-20,SKU-02974,C-01R-023-3-B,C,HB,prime,45,275,10,1,9,10,2025-06-10,B,B,False,1.218
2025-06-20,SKU-02975,E-02L-014-2-A,E,HB,prime,27,525,17,1,16,7,2025-06-13,C,B,True,1.011
2025-06-20,SKU-02976,C-01L-025-4-A,C,HB,sub_prime,63,275,21,3,18,19,2025-06-01,B,B,False,2.497
2025-06-20,SKU-02977,C-02L-014-2-B,C,HB,prime,27,275,27,3,24,2,2025-06-18,B,B,False,2.194
2025-06-20,SKU-02978,D-02L-007-4-A,D,HB,sub_prime,63,400,17,0,17,15,2025-06-05,C,B,True,0.9
2025-06-20,SKU-02979,C-02L-004-4-B,C,HB,sub_prime,63,275,19,1,18,15,2025-06-05,B,B,False,1.284
2025-06-20,SKU-02980,D-02R-024-1-A,D,HB,floor,9,400,15,0,15,9,2025-06-11,C,B,True,0.797
2025-06-20,SKU-02981,A-02R-015-5-A,A,HB,overhead,81,50,63,1,62,5,2025-06-15,A,A,False,4.254
2025-06-20,SKU-02982,D-02L-006-5-B,D,HB,overhead,81,400,3,0,3,8,2025-06-12,C,C,False,0.747
2025-06-20,SKU-02983,C-02L-017-4-A,C,HB,sub_prime,63,275,27,1,26,20,2025-05-31,B,B,False,1.53
2025-06-20,SKU-02984,B-02R-008-5-A,B,HB,overhead,81,150,10,0,10,7,2025-06-13,C,B,True,0.984
2025-06-20,SKU-02985,E-01R-020-2-A,E,HB,prime,27,525,37,1,36,6,2025-06-14,B,B,False,1.947
2025-06-20,SKU-02986,D-01R-006-5-A,D,HB,overhead,81,400,8,1,7,20,2025-05-31,B,B,False,1.166
2025-06-20,SKU-02987,D-02R-012-5-A,D,HB,overhead,81,400,5,0,5,12,2025-06-08,C,B,True,0.799
2025-06-20,SKU-02988,D-01L-011-3-A,D,HB,prime,45,400,4,0,4,12,2025-06-08,C,B,True,0.802
2025-06-20,SKU-02989,B-01R-024-1-A,B,HB,floor,9,150,22,1,21,12,2025-06-08,B,B,False,2.252
2025-06-20,SKU-02990,A-01R-022-1-B,A,HB,floor,9,50,125,6,119,5,2025-06-15,A,A,False,8.54
2025-06-20,SKU-02991,C-01R-014-2-A,C,HB,prime,27,275,25,0,25,17,2025-06-03,B,B,False,1.409
2025-06-20,SKU-02992,B-02R-015-2-B,B,HB,prime,27,150,15,1,14,13,2025-06-07,B,B,False,1.282
2025-06-20,SKU-02993,C-01R-019-1-B,C,HB,floor,9,275,13,0,13,13,2025-06-07,B,B,False,1.439
2025-06-20,SKU-02994,C-02R-017-4-A,C,HB,sub_prime,63,275,54,2,52,11,2025-06-09,B,A,True,2.679
2025-06-20,SKU-02995,C-01L-004-1-B,C,HB,floor,9,275,11,0,11,9,2025-06-11,C,B,True,0.811
2025-06-20,SKU-02996,B-02L-008-3-B,B,HB,prime,45,150,6,1,5,18,2025-06-02,B,B,False,1.261
2025-06-20,SKU-02997,E-01L-021-2-A,E,HB,prime,27,525,11,0,11,3,2025-06-17,C,B,True,0.986
2025-06-20,SKU-02998,D-02L-014-2-B,D,HB,prime,27,400,9,0,9,7,2025-06-13,C,B,True,0.968
2025-06-20,SKU-02999,D-01L-016-2-A,D,HB,prime,27,400,6,0,6,7,2025-06-13,C,B,True,0.807
2025-06-20,SKU-03000,E-01R-010-5-A,E,HB,overhead,81,525,44,0,44,15,2025-06-05,B,B,False,2.352
2025-06-20,SKU-03001,D-01L-001-3-B,D,HB,prime,45,400,3,0,3,14,2025-06-06,C,C,False,0.312
2025-06-20,SKU-03002,D-01L-022-4-A,D,HB,sub_prime,63,400,3,0,3,1,2025-06-19,C,C,False,0.352
2025-06-20,SKU-03003,D-02L-004-5-B,D,HB,overhead,81,400,2,0,2,7,2025-06-13,B,C,True,0.538
2025-06-20,SKU-03004,C-01R-015-2-A,C,HB,prime,27,275,9,0,9,20,2025-05-31,B,C,True,0.688
2025-06-20,SKU-03005,C-02R-005-4-A,C,HB,sub_prime,63,275,3,0,3,19,2025-06-01,C,C,False,0.392
2025-06-20,SKU-03006,D-02L-001-2-A,D,HB,prime,27,400,8,0,8,4,2025-06-16,C,C,False,0.471
2025-06-20,SKU-03007,D-02R-011-1-B,D,HB,floor,9,400,10,0,10,14,2025-06-06,B,C,True,0.645
2025-06-20,SKU-03008,D-02L-016-4-B,D,HB,sub_prime,63,400,4,0,4,13,2025-06-07,C,C,False,0.342
2025-06-20,SKU-03009,B-01L-008-1-A,B,HB,floor,9,150,4,0,4,5,2025-06-15,B,C,True,0.586
2025-06-20,SKU-03010,E-01L-016-4-A,E,HB,sub_prime,63,525,2,0,2,6,2025-06-14,C,C,False,0.432
2025-06-20,SKU-03011,B-02R-020-5-B,B,HB,overhead,81,150,47,2,45,7,2025-06-13,A,B,True,2.47
2025-06-20,SKU-03012,B-02R-010-4-A,B,HB,sub_prime,63,150,14,0,14,16,2025-06-04,B,B,False,1.734
2025-06-20,SKU-03013,B-02L-007-5-B,B,HB,overhead,81,150,16,0,16,11,2025-06-09,B,B,False,0.883
2025-06-20,SKU-03014,E-02R-022-2-B,E,HB,prime,27,525,5,0,5,7,2025-06-13,C,C,False,0.425
2025-06-20,SKU-03015,D-02R-004-4-B,D,HB,sub_prime,63,400,6,0,6,15,2025-06-05,C,C,False,0.35
2025-06-20,SKU-03016,D-02R-020-5-B,D,HB,overhead,81,400,6,0,6,18,2025-06-02,C,C,False,0.354
2025-06-20,SKU-03017,A-02R-003-4-A,A,HB,sub_prime,63,50,51,1,50,1,2025-06-19,A,A,False,2.821
2025-06-20,SKU-03018,C-02L-015-3-B,C,HB,prime,45,275,845,42,803,2,2025-06-18,A,A,False,46.938
2025-06-20,SKU-03019,D-01L-004-1-B,D,HB,floor,9,400,6,0,6,15,2025-06-05,C,C,False,0.34
2025-06-20,SKU-03020,C-02R-017-2-A,C,HB,prime,27,275,5,0,5,20,2025-05-31,B,C,True,0.557
2025-06-20,SKU-03021,A-02R-016-4-B,A,HB,sub_prime,63,50,14,0,14,9,2025-06-11,B,B,False,0.855
2025-06-20,SKU-03022,B-02L-006-2-B,B,HB,prime,27,150,20,1,19,5,2025-06-15,B,B,False,1.392
2025-06-20,SKU-03023,C-02R-008-1-A,C,HB,floor,9,275,2,0,2,1,2025-06-19,C,C,False,0.336
2025-06-20,SKU-03024,D-01L-016-1-B,D,HB,floor,9,400,6,0,6,13,2025-06-07,C,C,False,0.352
2025-06-20,SKU-03025,C-02L-011-2-B,C,HB,prime,27,275,4,0,4,3,2025-06-17,B,C,True,0.706
2025-06-20,SKU-03026,D-02L-002-3-A,D,HB,prime,45,400,3,0,3,17,2025-06-03,C,C,False,0.455
2025-06-20,SKU-03027,E-01L-011-2-A,E,HB,prime,27,525,6,0,6,12,2025-06-08,C,C,False,0.343
2025-06-20,SKU-03028,B-01L-011-3-A,B,HB,prime,45,150,36,3,33,8,2025-06-12,A,A,False,4.665
2025-06-20,SKU-03029,D-02R-019-4-B,D,HB,sub_prime,63,400,13,1,12,9,2025-06-11,B,B,False,1.122
2025-06-20,SKU-03030,D-01R-005-3-B,D,HB,prime,45,400,8,1,7,3,2025-06-17,B,B,False,1.021
2025-06-20,SKU-03031,C-02R-009-2-A,C,HB,prime,27,275,27,1,26,18,2025-06-02,A,B,True,2.463
2025-06-20,SKU-03032,A-02L-020-4-B,A,HB,sub_prime,63,50,208,27,181,16,2025-06-04,A,A,False,18.89
2025-06-20,SKU-03033,D-01L-010-4-A,D,HB,sub_prime,63,400,5,0,5,5,2025-06-15,C,C,False,0.33
2025-06-20,SKU-03034,B-01R-015-3-A,B,HB,prime,45,150,11,0,11,8,2025-06-12,B,C,True,0.609
2025-06-20,SKU-03035,C-02R-025-2-B,C,HB,prime,27,275,28,1,27,4,2025-06-16,B,B,False,1.474
2025-06-20,SKU-03036,C-02R-012-5-B,C,HB,overhead,81,275,2,0,2,15,2025-06-05,C,C,False,0.318
2025-06-20,SKU-03037,D-01L-011-2-A,D,HB,prime,27,400,5,0,5,1,2025-06-19,C,C,False,0.322
2025-06-20,SKU-03038,B-02L-014-4-A,B,HB,sub_prime,63,150,23,0,23,12,2025-06-08,B,B,False,1.275
2025-06-20,SKU-03039,C-01L-021-3-B,C,HB,prime,45,275,9,0,9,11,2025-06-09,B,B,False,1.359
2025-06-20,SKU-03040,C-02L-005-1-A,C,HB,floor,9,275,3,0,3,15,2025-06-05,B,C,True,0.521
2025-06-20,SKU-03041,A-01R-001-1-A,A,HB,floor,9,50,31,4,27,19,2025-06-01,A,A,False,2.694
2025-06-20,SKU-03042,D-01R-002-3-A,D,HB,prime,45,400,19,0,19,2,2025-06-18,B,B,False,0.987
2025-06-20,SKU-03043,E-02L-003-1-B,E,HB,floor,9,525,2,0,2,9,2025-06-11,C,C,False,0.328
2025-06-20,SKU-03044,C-02R-007-3-A,C,HB,prime,45,275,15,0,15,3,2025-06-17,B,B,False,0.977
2025-06-20,SKU-03045,B-02R-021-1-B,B,HB,floor,9,150,14,0,14,18,2025-06-02,B,C,True,0.756
2025-06-20,SKU-03046,D-02L-013-5-A,D,HB,overhead,81,400,5,0,5,3,2025-06-17,C,C,False,0.425
2025-06-20,SKU-03047,E-02R-016-5-B,E,HB,overhead,81,525,3,0,3,14,2025-06-06,C,C,False,0.405
2025-06-20,SKU-03048,D-02R-010-1-B,D,HB,floor,9,400,20,1,19,8,2025-06-12,B,B,False,1.397
2025-06-20,SKU-03049,C-02L-003-4-A,C,HB,sub_prime,63,275,285,35,250,15,2025-06-05,A,A,False,38.724
2025-06-20,SKU-03050,B-02L-014-3-A,B,HB,prime,45,150,4,0,4,18,2025-06-02,B,C,True,0.552
2025-06-20,SKU-03051,E-01R-026-3-B,E,HB,prime,45,525,2,0,2,13,2025-06-07,C,C,False,0.357
2025-06-20,SKU-03052,C-02R-002-4-B,C,HB,sub_prime,63,275,12,0,12,8,2025-06-12,B,B,False,1.318
2025-06-20,SKU-03053,C-01R-007-3-B,C,HB,prime,45,275,16,1,15,11,2025-06-09,B,B,False,1.448
2025-06-20,SKU-03054,E-01L-006-5-A,E,HB,overhead,81,525,7,0,7,17,2025-06-03,C,C,False,0.388
2025-06-20,SKU-03055,C-01R-013-5-A,C,HB,overhead,81,275,16,0,16,9,2025-06-11,B,B,False,0.853
2025-06-20,SKU-03056,C-02L-007-4-B,C,HB,sub_prime,63,275,36,0,36,4,2025-06-16,B,B,False,1.807
2025-06-20,SKU-03057,C-01R-026-4-B,C,HB,sub_prime,63,275,144,12,132,17,2025-06-03,A,A,False,7.593
2025-06-20,SKU-03058,B-01R-005-3-B,B,HB,prime,45,150,12,1,11,8,2025-06-12,B,B,False,1.169
2025-06-20,SKU-03059,D-02R-020-3-A,D,HB,prime,45,400,8,0,8,17,2025-06-03,C,C,False,0.483
2025-06-20,SKU-03060,C-02R-014-1-B,C,HB,floor,9,275,10,0,10,10,2025-06-10,B,C,True,0.715
2025-06-20,SKU-03061,C-02R-022-2-A,C,HB,prime,27,275,5,0,5,15,2025-06-05,C,C,False,0.462
2025-06-20,SKU-03062,D-02L-023-4-B,D,HB,sub_prime,63,400,7,0,7,3,2025-06-17,C,C,False,0.455
2025-06-20,SKU-03063,B-02R-022-2-A,B,HB,prime,27,150,4,0,4,7,2025-06-13,B,C,True,0.511
2025-06-20,SKU-03064,B-02L-019-3-A,B,HB,prime,45,150,13,0,13,14,2025-06-06,A,B,True,2.372
2025-06-20,SKU-03065,A-02R-023-1-B,A,HB,floor,9,50,38,3,35,19,2025-06-01,A,A,False,2.727
2025-06-20,SKU-03066,E-02R-024-5-B,E,HB,overhead,81,525,1,0,1,12,2025-06-08,C,C,False,0.347
2025-06-20,SKU-03067,D-01L-014-5-B,D,HB,overhead,81,400,7,0,7,6,2025-06-14,C,C,False,0.415
2025-06-20,SKU-03068,B-02R-023-5-A,B,HB,overhead,81,150,28,1,27,3,2025-06-17,B,B,False,1.715
2025-06-20,SKU-03069,D-01L-008-3-A,D,HB,prime,45,400,1,0,1,17,2025-06-03,C,C,False,0.316
2025-06-20,SKU-03070,B-01R-017-4-A,B,HB,sub_prime,63,150,9,0,9,16,2025-06-04,B,C,True,0.54
2025-06-20,SKU-03071,A-01L-019-3-B,A,HB,prime,45,50,102,8,94,1,2025-06-19,A,A,False,5.341
2025-06-20,SKU-03072,B-02L-013-1-B,B,HB,floor,9,150,12,0,12,1,2025-06-19,B,B,False,0.775
2025-06-20,SKU-03073,D-02L-022-2-B,D,HB,prime,27,400,5,0,5,6,2025-06-14,C,C,False,0.409
2025-06-20,SKU-03074,C-01L-010-2-B,C,HB,prime,27,275,17,1,16,14,2025-06-06,B,B,False,1.224
2025-06-20,SKU-03075,B-01R-005-1-B,B,HB,floor,9,150,9,0,9,14,2025-06-06,B,B,False,0.892
2025-06-20,SKU-03076,B-02R-011-5-A,B,HB,overhead,81,150,20,1,19,15,2025-06-05,B,B,False,1.107
2025-06-20,SKU-03077,B-02L-012-4-B,B,HB,sub_prime,63,150,1048,107,941,18,2025-06-02,A,A,False,67.345
2025-06-20,SKU-03078,E-01L-004-4-A,E,HB,sub_prime,63,525,3,0,3,16,2025-06-04,C,C,False,0.361
2025-06-20,SKU-03079,D-01L-025-4-B,D,HB,sub_prime,63,400,1,0,1,4,2025-06-16,C,C,False,0.33
2025-06-20,SKU-03080,C-01L-018-3-B,C,HB,prime,45,275,36,0,36,13,2025-06-07,A,B,True,2.242
2025-06-20,SKU-03081,E-01L-024-5-B,E,HB,overhead,81,525,3,0,3,20,2025-05-31,C,C,False,0.371
2025-06-20,SKU-03082,D-01R-006-4-B,D,HB,sub_prime,63,400,4,0,4,11,2025-06-09,C,C,False,0.313
2025-06-20,SKU-03083,C-01L-008-1-A,C,HB,floor,9,275,5,0,5,6,2025-06-14,B,C,True,0.608
2025-06-20,SKU-03084,C-01L-025-2-A,C,HB,prime,27,275,6,0,6,14,2025-06-06,B,B,False,0.803
2025-06-20,SKU-03085,D-01L-019-2-A,D,HB,prime,27,400,3,0,3,19,2025-06-01,C,C,False,0.423
2025-06-20,SKU-03086,C-02L-014-5-A,C,HB,overhead,81,275,14,0,14,14,2025-06-06,B,C,True,0.728
2025-06-20,SKU-03087,B-02R-003-1-A,B,HB,floor,9,150,11,0,11,20,2025-05-31,B,B,False,0.968
2025-06-20,SKU-03088,E-01R-025-3-A,E,HB,prime,45,525,66,13,53,17,2025-06-03,A,A,False,10.19
2025-06-20,SKU-03089,D-02L-021-1-B,D,HB,floor,9,400,2,0,2,13,2025-06-07,C,C,False,0.322
2025-06-20,SKU-03090,A-02R-020-4-A,A,HB,sub_prime,63,50,39,4,35,7,2025-06-13,A,A,False,6.122
2025-06-20,SKU-03091,B-01R-015-2-A,B,HB,prime,27,150,9,0,9,20,2025-05-31,B,B,False,0.841
2025-06-20,SKU-03092,D-01L-001-1-B,D,HB,floor,9,400,14,1,13,15,2025-06-05,B,B,False,1.022
2025-06-20,SKU-03093,A-01R-026-5-A,A,HB,overhead,81,50,35,2,33,20,2025-05-31,A,B,True,2.065
2025-06-20,SKU-03094,C-02R-007-4-A,C,HB,sub_prime,63,275,32,0,32,16,2025-06-04,B,B,False,1.603
2025-06-20,SKU-03095,B-01L-010-3-A,B,HB,prime,45,150,358,23,335,13,2025-06-07,A,A,False,22.779
2025-06-20,SKU-03096,D-02L-011-1-B,D,HB,floor,9,400,3,0,3,12,2025-06-08,C,C,False,0.391
2025-06-20,SKU-03097,C-02R-006-5-B,C,HB,overhead,81,275,4,0,4,17,2025-06-03,C,C,False,0.473
2025-06-20,SKU-03098,C-02R-026-3-A,C,HB,prime,45,275,16,0,16,14,2025-06-06,B,B,False,0.954
2025-06-20,SKU-03099,C-02L-018-5-B,C,HB,overhead,81,275,8,0,8,20,2025-05-31,B,C,True,0.706
2025-06-20,SKU-03100,C-01L-005-3-B,C,HB,prime,45,275,5,0,5,10,2025-06-10,C,C,False,0.333
2025-06-20,SKU-03101,C-01R-015-1-B,C,HB,floor,9,275,9,0,9,13,2025-06-07,B,C,True,0.693
2025-06-20,SKU-03102,E-02L-021-3-B,E,HB,prime,45,525,2,0,2,20,2025-05-31,C,C,False,0.362
2025-06-20,SKU-03103,C-01R-005-1-B,C,HB,floor,9,275,8,0,8,16,2025-06-04,B,B,False,0.98
2025-06-20,SKU-03104,C-02L-023-5-B,C,HB,overhead,81,275,6,0,6,15,2025-06-05,B,B,False,0.82
2025-06-20,SKU-03105,C-02R-007-4-B,C,HB,sub_prime,63,275,10,0,10,10,2025-06-10,B,C,True,0.636
2025-06-20,SKU-03106,D-02R-019-3-B,D,HB,prime,45,400,12,2,10,1,2025-06-19,A,B,True,2.305
2025-06-20,SKU-03107,C-02R-019-1-B,C,HB,floor,9,275,14,0,14,1,2025-06-19,B,B,False,0.907
2025-06-20,SKU-03108,C-02R-022-2-B,C,HB,prime,27,275,3,0,3,18,2025-06-02,B,C,True,0.72
2025-06-20,SKU-03109,D-02L-021-2-B,D,HB,prime,27,400,4,0,4,14,2025-06-06,B,B,False,0.871
2025-06-20,SKU-03110,B-01R-002-1-B,B,HB,floor,9,150,7,0,7,18,2025-06-02,C,C,False,0.437
2025-06-20,SKU-03111,E-01R-001-2-B,E,HB,prime,27,525,3,0,3,16,2025-06-04,C,C,False,0.363
2025-06-20,SKU-03112,C-02L-009-4-A,C,HB,sub_prime,63,275,6,1,5,3,2025-06-17,B,B,False,1.141
2025-06-20,SKU-03113,D-02L-007-2-B,D,HB,prime,27,400,1,0,1,11,2025-06-09,C,C,False,0.313
2025-06-20,SKU-03114,D-02L-002-2-B,D,HB,prime,27,400,4,0,4,17,2025-06-03,C,C,False,0.312
2025-06-20,SKU-03115,D-02L-020-1-B,D,HB,floor,9,400,2,0,2,3,2025-06-17,C,C,False,0.427
2025-06-20,SKU-03116,D-01L-008-2-B,D,HB,prime,27,400,8,0,8,5,2025-06-15,B,C,True,0.628
2025-06-20,SKU-03117,D-01L-015-1-B,D,HB,floor,9,400,5,0,5,9,2025-06-11,B,C,True,0.613
2025-06-20,SKU-03118,B-01L-023-3-A,B,HB,prime,45,150,8,0,8,17,2025-06-03,B,B,False,1.022
2025-06-20,SKU-03119,D-01L-010-5-A,D,HB,overhead,81,400,5,0,5,1,2025-06-19,C,C,False,0.367
2025-06-20,SKU-03120,C-01L-010-5-B,C,HB,overhead,81,275,20,1,19,15,2025-06-05,B,B,False,1.024
2025-06-20,SKU-03121,C-01L-009-2-A,C,HB,prime,27,275,10,0,10,20,2025-05-31,B,C,True,0.661
2025-06-20,SKU-03122,B-01R-006-2-B,B,HB,prime,27,150,5,0,5,8,2025-06-12,B,C,True,0.718
2025-06-20,SKU-03123,D-02R-007-5-B,D,HB,overhead,81,400,10,0,10,4,2025-06-16,B,B,False,0.869
2025-06-20,SKU-03124,C-01R-014-2-B,C,HB,prime,27,275,4,0,4,18,2025-06-02,B,C,True,0.646
2025-06-20,SKU-03125,E-01R-023-4-B,E,HB,sub_prime,63,525,5,0,5,17,2025-06-03,C,C,False,0.416
2025-06-20,SKU-03126,A-02L-015-1-A,A,HB,floor,9,50,12,2,10,9,2025-06-11,A,B,True,2.599
2025-06-20,SKU-03127,D-02R-021-5-A,D,HB,overhead,81,400,5,0,5,7,2025-06-13,C,C,False,0.345
2025-06-20,SKU-03128,D-02L-019-5-A,D,HB,overhead,81,400,9,0,9,5,2025-06-15,B,C,True,0.605
2025-06-20,SKU-03129,B-01L-006-5-A,B,HB,overhead,81,150,40,2,38,16,2025-06-04,A,A,False,2.68
2025-06-20,SKU-03130,B-01L-007-5-A,B,HB,overhead,81,150,8,0,8,14,2025-06-06,B,C,True,0.522
2025-06-20,SKU-03131,C-02R-010-1-A,C,HB,floor,9,275,3,0,3,13,2025-06-07,B,C,True,0.499
2025-06-20,SKU-03132,B-02L-015-4-A,B,HB,sub_prime,63,150,26,2,24,13,2025-06-07,A,A,False,3.412
2025-06-20,SKU-03133,D-02R-008-5-A,D,HB,overhead,81,400,1,0,1,10,2025-06-10,C,C,False,0.357
2025-06-20,SKU-03134,C-01R-012-2-A,C,HB,prime,27,275,13,0,13,20,2025-05-31,B,C,True,0.669
2025-06-20,SKU-03135,E-02R-024-2-B,E,HB,prime,27,525,5,0,5,3,2025-06-17,C,C,False,0.412
2025-06-20,SKU-03136,D-01R-005-5-A,D,HB,overhead,81,400,13,0,13,3,2025-06-17,B,B,False,0.905
2025-06-20,SKU-03137,D-02R-016-1-B,D,HB,floor,9,400,13,0,13,11,2025-06-09,B,C,True,0.675
2025-06-20,SKU-03138,A-01L-012-4-B,A,HB,sub_prime,63,50,28,2,26,9,2025-06-11,A,B,True,2.466
2025-06-20,SKU-03139,C-01L-004-4-A,C,HB,sub_prime,63,275,8,0,8,1,2025-06-19,B,B,False,0.904
2025-06-20,SKU-03140,E-02L-015-1-B,E,HB,floor,9,525,8,0,8,18,2025-06-02,C,C,False,0.475
2025-06-20,SKU-03141,D-02R-011-2-B,D,HB,prime,27,400,3,0,3,12,2025-06-08,C,C,False,0.406
2025-06-20,SKU-03142,C-01L-007-1-B,C,HB,floor,9,275,16,1,15,13,2025-06-07,B,B,False,1.247
2025-06-20,SKU-03143,D-01R-002-1-A,D,HB,floor,9,400,4,0,4,9,2025-06-11,C,C,False,0.387
2025-06-20,SKU-03144,D-02R-018-1-A,D,HB,floor,9,400,15,0,15,6,2025-06-14,B,B,False,0.785
2025-06-20,SKU-03145,C-01R-007-2-B,C,HB,prime,27,275,6,0,6,12,2025-06-08,B,C,True,0.636
2025-06-20,SKU-03146,C-01L-019-2-B,C,HB,prime,27,275,28,3,25,11,2025-06-09,A,B,True,2.006
2025-06-20,SKU-03147,A-01L-017-5-A,A,HB,overhead,81,50,26,2,24,8,2025-06-12,A,B,True,2.535
2025-06-20,SKU-03148,B-02L-021-4-B,B,HB,sub_prime,63,150,33,0,33,13,2025-06-07,B,B,False,1.631
2025-06-20,SKU-03149,A-01R-009-5-A,A,HB,overhead,81,50,229,8,221,1,2025-06-19,A,A,False,17.404
2025-06-20,SKU-03150,D-01R-012-3-A,D,HB,prime,45,400,13,0,13,2,2025-06-18,B,B,False,0.881
2025-06-20,SKU-03151,D-01R-006-5-B,D,HB,overhead,81,400,8,0,8,20,2025-05-31,C,C,False,0.48
2025-06-20,SKU-03152,C-01R-009-5-A,C,HB,overhead,81,275,16,0,16,9,2025-06-11,B,B,False,0.917
2025-06-20,SKU-03153,A-01L-006-5-B,A,HB,overhead,81,50,37,5,32,4,2025-06-16,A,A,False,4.652
2025-06-20,SKU-03154,C-01L-001-2-B,C,HB,prime,27,275,19,1,18,4,2025-06-16,B,B,False,1.126
2025-06-20,SKU-03155,C-02R-007-5-B,C,HB,overhead,81,275,7,0,7,5,2025-06-15,B,B,False,0.857
2025-06-20,SKU-03156,A-02R-007-1-A,A,HB,floor,9,50,34,3,31,5,2025-06-15,A,B,True,2.383
2025-06-20,SKU-03157,E-01L-004-4-B,E,HB,sub_prime,63,525,2,0,2,17,2025-06-03,C,C,False,0.477
2025-06-20,SKU-03158,D-02R-015-5-B,D,HB,overhead,81,400,1,0,1,10,2025-06-10,C,C,False,0.338
2025-06-20,SKU-03159,A-02R-002-1-A,A,HB,floor,9,50,24,5,19,13,2025-06-07,A,A,False,3.073
2025-06-20,SKU-03160,C-02R-024-1-A,C,HB,floor,9,275,17,1,16,3,2025-06-17,B,B,False,1.104
2025-06-20,SKU-03161,B-01L-016-2-A,B,HB,prime,27,150,10,0,10,19,2025-06-01,B,C,True,0.543
2025-06-20,SKU-03162,C-01R-012-3-B,C,HB,prime,45,275,3,0,3,1,2025-06-19,B,C,True,0.578
2025-06-20,SKU-03163,D-02L-016-4-A,D,HB,sub_prime,63,400,1,0,1,13,2025-06-07,C,C,False,0.311
2025-06-20,SKU-03164,A-02L-018-4-A,A,HB,sub_prime,63,50,38,1,37,9,2025-06-11,A,B,True,2.261
2025-06-20,SKU-03165,D-02R-025-3-A,D,HB,prime,45,400,2,0,2,19,2025-06-01,C,C,False,0.311
2025-06-20,SKU-03166,C-01L-008-2-B,C,HB,prime,27,275,29,0,29,17,2025-06-03,B,B,False,1.468
2025-06-20,SKU-03167,B-02R-025-3-B,B,HB,prime,45,150,8,1,7,2,2025-06-18,B,B,False,1.106
2025-06-20,SKU-03168,D-01R-001-1-B,D,HB,floor,9,400,4,0,4,4,2025-06-16,C,C,False,0.335
2025-06-20,SKU-03169,D-01R-013-3-B,D,HB,prime,45,400,3,0,3,15,2025-06-05,C,C,False,0.317
2025-06-20,SKU-03170,B-01L-013-1-B,B,HB,floor,9,150,52,1,51,5,2025-06-15,A,A,False,2.996
2025-06-20,SKU-03171,D-01R-014-3-A,D,HB,prime,45,400,1,0,1,3,2025-06-17,C,C,False,0.317
2025-06-20,SKU-03172,A-01R-006-1-B,A,HB,floor,9,50,158,4,154,20,2025-05-31,A,A,False,8.464
2025-06-20,SKU-03173,E-01R-005-1-B,E,HB,floor,9,525,3,0,3,9,2025-06-11,C,C,False,0.31
2025-06-20,SKU-03174,C-02R-010-4-A,C,HB,sub_prime,63,275,9,0,9,8,2025-06-12,B,C,True,0.509
2025-06-20,SKU-03175,C-02R-026-1-B,C,HB,floor,9,275,2,0,2,14,2025-06-06,B,C,True,0.498
2025-06-20,SKU-03176,C-01R-007-4-A,C,HB,sub_prime,63,275,8,0,8,10,2025-06-10,B,B,False,1.159
2025-06-20,SKU-03177,D-01L-025-1-A,D,HB,floor,9,400,5,0,5,6,2025-06-14,C,C,False,0.361
2025-06-20,SKU-03178,C-01L-012-5-B,C,HB,overhead,81,275,7,0,7,4,2025-06-16,B,C,True,0.66
2025-06-20,SKU-03179,E-01R-011-5-B,E,HB,overhead,81,525,5,0,5,8,2025-06-12,C,C,False,0.418
2025-06-20,SKU-03180,E-02L-020-2-A,E,HB,prime,27,525,4,0,4,12,2025-06-08,C,C,False,0.474
2025-06-20,SKU-03181,B-01R-014-4-B,B,HB,sub_prime,63,150,7,0,7,7,2025-06-13,B,C,True,0.599
2025-06-20,SKU-03182,E-02R-001-3-A,E,HB,prime,45,525,4,0,4,9,2025-06-11,C,C,False,0.487
2025-06-20,SKU-03183,C-02R-002-2-A,C,HB,prime,27,275,5,0,5,13,2025-06-07,C,C,False,0.488
2025-06-20,SKU-03184,A-02R-019-4-B,A,HB,sub_prime,63,50,79,4,75,12,2025-06-08,A,A,False,5.079
2025-06-20,SKU-03185,A-01R-011-3-A,A,HB,prime,45,50,4,0,4,12,2025-06-08,B,C,True,0.576
2025-06-20,SKU-03186,D-02R-023-3-B,D,HB,prime,45,400,4,0,4,14,2025-06-06,C,C,False,0.348
2025-06-20,SKU-03187,D-01L-026-1-A,D,HB,floor,9,400,7,0,7,3,2025-06-17,B,C,True,0.761
2025-06-20,SKU-03188,C-02L-011-2-A,C,HB,prime,27,275,9,1,8,17,2025-06-03,B,B,False,1.091
2025-06-20,SKU-03189,C-02R-001-3-A,C,HB,prime,45,275,13,1,12,10,2025-06-10,B,B,False,1.138
2025-06-20,SKU-03190,D-01L-013-4-B,D,HB,sub_prime,63,400,4,0,4,10,2025-06-10,C,C,False,0.385
2025-06-20,SKU-03191,D-02L-023-2-B,D,HB,prime,27,400,6,0,6,13,2025-06-07,C,C,False,0.334
2025-06-20,SKU-03192,C-02L-004-5-B,C,HB,overhead,81,275,11,0,11,1,2025-06-19,B,B,False,0.973
2025-06-20,SKU-03193,C-02R-013-2-B,C,HB,prime,27,275,6,0,6,16,2025-06-04,B,C,True,0.493
2025-06-20,SKU-03194,B-01L-009-2-B,B,HB,prime,27,150,100,11,89,11,2025-06-09,A,A,False,6.296
2025-06-20,SKU-03195,C-02L-019-1-A,C,HB,floor,9,275,8,0,8,4,2025-06-16,B,C,True,0.762
2025-06-20,SKU-03196,E-01L-006-1-A,E,HB,floor,9,525,3,0,3,20,2025-05-31,C,C,False,0.383
2025-06-20,SKU-03197,A-01R-017-4-A,A,HB,sub_prime,63,50,20,0,20,13,2025-06-07,A,B,True,2.494
2025-06-20,SKU-03198,D-01R-006-2-A,D,HB,prime,27,400,8,0,8,17,2025-06-03,C,C,False,0.458
2025-06-20,SKU-03199,C-02R-019-4-A,C,HB,sub_prime,63,275,8,0,8,13,2025-06-07,B,C,True,0.579
2025-06-20,SKU-03200,C-02L-007-4-A,C,HB,sub_prime,63,275,7,0,7,20,2025-05-31,B,C,True,0.568
2025-06-20,SKU-03201,C-02R-012-4-B,C,HB,sub_prime,63,275,8,0,8,12,2025-06-08,B,C,True,0.563
2025-06-20,SKU-03202,C-01L-026-1-B,C,HB,floor,9,275,11,0,11,17,2025-06-03,B,B,False,0.969
2025-06-20,SKU-03203,D-02R-026-3-B,D,HB,prime,45,400,13,0,13,7,2025-06-13,B,C,True,0.689
2025-06-20,SKU-03204,C-02L-013-4-A,C,HB,sub_prime,63,275,6,1,5,4,2025-06-16,B,B,False,1.115
2025-06-20,SKU-03205,C-02L-026-1-B,C,HB,floor,9,275,62,3,59,13,2025-06-07,A,A,False,7.272
2025-06-20,SKU-03206,C-02L-019-5-B,C,HB,overhead,81,275,11,0,11,13,2025-06-07,B,C,True,0.688
2025-06-20,SKU-03207,C-01R-025-3-B,C,HB,prime,45,275,10,0,10,8,2025-06-12,B,C,True,0.644
2025-06-20,SKU-03208,C-02R-025-5-B,C,HB,overhead,81,275,14,1,13,4,2025-06-16,B,B,False,1.546
2025-06-20,SKU-03209,A-02R-022-2-B,A,HB,prime,27,50,77,2,75,6,2025-06-14,A,A,False,8.605
2025-06-20,SKU-03210,D-01R-011-2-A,D,HB,prime,27,400,6,0,6,5,2025-06-15,C,C,False,0.369
2025-06-20,SKU-03211,B-02R-016-1-B,B,HB,floor,9,150,4,0,4,2,2025-06-18,B,B,False,0.783
2025-06-20,SKU-03212,C-01R-016-5-A,C,HB,overhead,81,275,3,0,3,7,2025-06-13,C,C,False,0.409
2025-06-20,SKU-03213,E-01R-009-4-B,E,HB,sub_prime,63,525,7,0,7,15,2025-06-05,C,C,False,0.477
2025-06-20,SKU-03214,D-01L-012-4-B,D,HB,sub_prime,63,400,8,0,8,18,2025-06-02,B,C,True,0.63
2025-06-20,SKU-03215,C-01R-018-5-B,C,HB,overhead,81,275,3,0,3,20,2025-05-31,B,C,True,0.631
2025-06-20,SKU-03216,D-02R-012-5-B,D,HB,overhead,81,400,23,2,21,7,2025-06-13,B,B,False,1.641
2025-06-20,SKU-03217,C-01L-004-2-A,C,HB,prime,27,275,11,0,11,7,2025-06-13,B,B,False,0.817
2025-06-20,SKU-03218,C-01L-008-3-B,C,HB,prime,45,275,15,1,14,5,2025-06-15,B,B,False,1.201
2025-06-20,SKU-03219,D-01R-016-4-B,D,HB,sub_prime,63,400,8,0,8,13,2025-06-07,B,B,False,0.991
2025-06-20,SKU-03220,C-02L-017-2-A,C,HB,prime,27,275,12,0,12,9,2025-06-11,B,C,True,0.666
2025-06-20,SKU-03221,D-02R-012-2-B,D,HB,prime,27,400,8,0,8,12,2025-06-08,C,C,False,0.466
2025-06-20,SKU-03222,E-01R-007-2-B,E,HB,prime,27,525,1,0,1,6,2025-06-14,C,C,False,0.333
2025-06-20,SKU-03223,C-01L-018-4-B,C,HB,sub_prime,63,275,3,0,3,10,2025-06-10,C,C,False,0.376
2025-06-20,SKU-03224,D-01R-014-5-B,D,HB,overhead,81,400,5,0,5,9,2025-06-11,B,C,True,0.729
2025-06-20,SKU-03225,E-01L-001-4-A,E,HB,sub_prime,63,525,3,0,3,7,2025-06-13,C,C,False,0.43
2025-06-20,SKU-03226,D-02L-021-4-A,D,HB,sub_prime,63,400,8,0,8,14,2025-06-06,B,C,True,0.507
2025-06-20,SKU-03227,B-01R-019-5-A,B,HB,overhead,81,150,10,0,10,16,2025-06-04,B,C,True,0.533
2025-06-20,SKU-03228,E-02L-001-5-A,E,HB,overhead,81,525,4,0,4,8,2025-06-12,C,C,False,0.339
2025-06-20,SKU-03229,E-01R-007-4-A,E,HB,sub_prime,63,525,3,0,3,12,2025-06-08,B,C,True,0.515
2025-06-20,SKU-03230,D-01R-010-4-B,D,HB,sub_prime,63,400,7,0,7,20,2025-05-31,B,C,True,0.509
2025-06-20,SKU-03231,B-01R-026-5-A,B,HB,overhead,81,150,5,0,5,10,2025-06-10,B,C,True,0.578
2025-06-20,SKU-03232,D-01L-017-5-B,D,HB,overhead,81,400,5,0,5,12,2025-06-08,C,C,False,0.318
2025-06-20,SKU-03233,C-02R-001-3-B,C,HB,prime,45,275,8,0,8,20,2025-05-31,C,C,False,0.43
2025-06-20,SKU-03234,C-02L-001-2-A,C,HB,prime,27,275,5,0,5,14,2025-06-06,B,C,True,0.562
2025-06-20,SKU-03235,C-01R-008-5-A,C,HB,overhead,81,275,16,0,16,7,2025-06-13,B,B,False,0.882
2025-06-20,SKU-03236,A-02L-012-2-B,A,HB,prime,27,50,102,9,93,4,2025-06-16,A,A,False,7.009
2025-06-20,SKU-03237,E-01R-012-3-A,E,HB,prime,45,525,4,0,4,15,2025-06-05,C,C,False,0.397
2025-06-20,SKU-03238,E-02R-010-5-A,E,HB,overhead,81,525,6,0,6,4,2025-06-16,C,C,False,0.349
2025-06-20,SKU-03239,C-01L-023-5-B,C,HB,overhead,81,275,8,0,8,13,2025-06-07,C,C,False,0.451
2025-06-20,SKU-03240,D-01R-004-3-B,D,HB,prime,45,400,6,0,6,13,2025-06-07,C,C,False,0.38
2025-06-20,SKU-03241,B-01L-022-3-A,B,HB,prime,45,150,4,0,4,17,2025-06-03,B,C,True,0.501
2025-06-20,SKU-03242,C-01R-020-5-B,C,HB,overhead,81,275,10,0,10,14,2025-06-06,B,B,False,0.789
2025-06-20,SKU-03243,C-02L-010-4-A,C,HB,sub_prime,63,275,1,0,1,1,2025-06-19,C,C,False,0.334
2025-06-20,SKU-03244,C-01L-009-4-B,C,HB,sub_prime,63,275,5,0,5,9,2025-06-11,B,B,False,0.894
2025-06-20,SKU-03245,C-01L-004-2-B,C,HB,prime,27,275,9,0,9,5,2025-06-15,B,C,True,0.633
2025-06-20,SKU-03246,D-02L-021-2-A,D,HB,prime,27,400,5,0,5,11,2025-06-09,C,C,False,0.432
2025-06-20,SKU-03247,D-01R-003-3-A,D,HB,prime,45,400,3,0,3,7,2025-06-13,C,C,False,0.35
2025-06-20,SKU-03248,C-01L-023-2-B,C,HB,prime,27,275,10,0,10,1,2025-06-19,B,C,True,0.56
2025-06-20,SKU-03249,B-01L-005-2-B,B,HB,prime,27,150,5,0,5,9,2025-06-11,C,C,False,0.41
2025-06-20,SKU-03250,A-01R-001-3-A,A,HB,prime,45,50,374,31,343,12,2025-06-08,A,A,False,21.218
2025-06-20,SKU-03251,A-01R-024-1-B,A,HB,floor,9,50,59,6,53,7,2025-06-13,A,A,False,4.164
2025-06-20,SKU-03252,B-01L-021-1-B,B,HB,floor,9,150,17,1,16,8,2025-06-12,B,B,False,1.172
2025-06-20,SKU-03253,C-02L-020-1-A,C,HB,floor,9,275,4,0,4,7,2025-06-13,B,C,True,0.515
2025-06-20,SKU-03254,D-01L-015-2-B,D,HB,prime,27,400,7,0,7,9,2025-06-11,C,C,False,0.452
2025-06-20,SKU-03255,D-02R-014-3-B,D,HB,prime,45,400,5,0,5,13,2025-06-07,B,C,True,0.655
2025-06-20,SKU-03256,B-02L-012-5-A,B,HB,overhead,81,150,7,0,7,13,2025-06-07,B,C,True,0.619
2025-06-20,SKU-03257,E-01R-012-2-A,E,HB,prime,27,525,3,0,3,16,2025-06-04,C,C,False,0.472
2025-06-20,SKU-03258,D-02R-002-2-A,D,HB,prime,27,400,3,0,3,17,2025-06-03,C,C,False,0.429
2025-06-20,SKU-03259,D-02R-004-5-A,D,HB,overhead,81,400,1,0,1,18,2025-06-02,C,C,False,0.321
2025-06-20,SKU-03260,B-02R-011-1-B,B,HB,floor,9,150,2,0,2,7,2025-06-13,C,C,False,0.452
2025-06-20,SKU-03261,C-01R-024-1-B,C,HB,floor,9,275,12,0,12,8,2025-06-12,B,B,False,0.885
2025-06-20,SKU-03262,B-02L-006-3-B,B,HB,prime,45,150,8,0,8,16,2025-06-04,B,B,False,1.046
2025-06-20,SKU-03263,D-01L-012-5-B,D,HB,overhead,81,400,3,0,3,13,2025-06-07,C,C,False,0.343
2025-06-20,SKU-03264,D-02R-022-3-B,D,HB,prime,45,400,4,0,4,12,2025-06-08,C,C,False,0.403
2025-06-20,SKU-03265,C-02L-015-1-B,C,HB,floor,9,275,7,0,7,6,2025-06-14,B,B,False,0.826
2025-06-20,SKU-03266,C-01R-020-3-B,C,HB,prime,45,275,14,0,14,2,2025-06-18,B,B,False,0.779
2025-06-20,SKU-03267,B-02L-022-5-B,B,HB,overhead,81,150,3,0,3,9,2025-06-11,B,C,True,0.547
2025-06-20,SKU-03268,D-02L-023-3-B,D,HB,prime,45,400,6,0,6,17,2025-06-03,C,C,False,0.472
2025-06-20,SKU-03269,C-02L-017-1-B,C,HB,floor,9,275,7,0,7,3,2025-06-17,C,C,False,0.483
2025-06-20,SKU-03270,B-02L-005-1-B,B,HB,floor,9,150,24,2,22,19,2025-06-01,B,B,False,1.746
2025-06-20,SKU-03271,E-01L-016-3-A,E,HB,prime,45,525,6,0,6,11,2025-06-09,C,C,False,0.347
2025-06-20,SKU-03272,D-01L-011-4-B,D,HB,sub_prime,63,400,12,0,12,14,2025-06-06,B,C,True,0.669
2025-06-20,SKU-03273,D-02R-007-2-A,D,HB,prime,27,400,5,0,5,6,2025-06-14,C,C,False,0.325
2025-06-20,SKU-03274,B-02L-022-4-B,B,HB,sub_prime,63,150,4,0,4,7,2025-06-13,C,C,False,0.343
2025-06-20,SKU-03275,B-02L-012-3-A,B,HB,prime,45,150,11,0,11,14,2025-06-06,B,C,True,0.619
2025-06-20,SKU-03276,A-02R-007-2-B,A,HB,prime,27,50,41,3,38,12,2025-06-08,A,B,True,2.625
2025-06-20,SKU-03277,D-02R-005-4-A,D,HB,sub_prime,63,400,35,1,34,3,2025-06-17,B,B,False,1.758
2025-06-20,SKU-03278,A-01R-003-1-B,A,HB,floor,9,50,64,1,63,12,2025-06-08,A,A,False,3.2
2025-06-20,SKU-03279,E-02L-005-5-B,E,HB,overhead,81,525,3,0,3,12,2025-06-08,C,C,False,0.397
2025-06-20,SKU-03280,D-01R-014-5-A,D,HB,overhead,81,400,3,0,3,8,2025-06-12,C,C,False,0.425
2025-06-20,SKU-03281,D-02R-026-4-A,D,HB,sub_prime,63,400,10,0,10,8,2025-06-12,B,C,True,0.574
2025-06-20,SKU-03282,B-01L-015-4-A,B,HB,sub_prime,63,150,22,0,22,2,2025-06-18,B,B,False,1.173
2025-06-20,SKU-03283,B-02L-015-1-A,B,HB,floor,9,150,5,0,5,9,2025-06-11,B,C,True,0.5
2025-06-20,SKU-03284,D-02L-009-4-A,D,HB,sub_prime,63,400,8,0,8,15,2025-06-05,C,C,False,0.457
2025-06-20,SKU-03285,C-02R-024-2-A,C,HB,prime,27,275,22,1,21,17,2025-06-03,B,B,False,1.13
2025-06-20,SKU-03286,B-02R-018-4-B,B,HB,sub_prime,63,150,13,1,12,18,2025-06-02,B,B,False,1.3
2025-06-20,SKU-03287,C-01R-021-1-A,C,HB,floor,9,275,1,0,1,4,2025-06-16,C,C,False,0.395
2025-06-20,SKU-03288,C-02R-006-3-B,C,HB,prime,45,275,2,0,2,18,2025-06-02,B,C,True,0.506
2025-06-20,SKU-03289,B-01R-011-2-A,B,HB,prime,27,150,7,0,7,7,2025-06-13,B,C,True,0.505
2025-06-20,SKU-03290,D-02L-014-3-A,D,HB,prime,45,400,16,0,16,17,2025-06-03,B,B,False,0.867
2025-06-20,SKU-03291,D-02L-009-5-B,D,HB,overhead,81,400,6,0,6,16,2025-06-04,C,C,False,0.421
2025-06-20,SKU-03292,D-02R-015-1-B,D,HB,floor,9,400,6,0,6,19,2025-06-01,C,C,False,0.463
2025-06-20,SKU-03293,B-02L-013-2-A,B,HB,prime,27,150,6,0,6,12,2025-06-08,B,C,True,0.539
2025-06-20,SKU-03294,C-02R-024-5-A,C,HB,overhead,81,275,24,0,24,8,2025-06-12,B,B,False,1.206
2025-06-20,SKU-03295,B-02L-010-3-B,B,HB,prime,45,150,7,0,7,9,2025-06-11,B,C,True,0.507
2025-06-20,SKU-03296,C-01R-016-3-A,C,HB,prime,45,275,2,0,2,16,2025-06-04,C,C,False,0.404
2025-06-20,SKU-03297,B-01L-013-1-A,B,HB,floor,9,150,56,8,48,16,2025-06-04,A,A,False,5.716
2025-06-20,SKU-03298,D-02L-006-1-B,D,HB,floor,9,400,16,0,16,4,2025-06-16,B,B,False,1.089
2025-06-20,SKU-03299,D-02R-021-5-B,D,HB,overhead,81,400,2,0,2,13,2025-06-07,C,C,False,0.481
2025-06-20,SKU-03300,E-02L-025-3-B,E,HB,prime,45,525,1,0,1,8,2025-06-12,C,C,False,0.394
2025-06-20,SKU-03301,B-01R-006-2-A,B,HB,prime,27,150,6,0,6,2,2025-06-18,B,C,True,0.616
2025-06-20,SKU-03302,D-02L-002-3-B,D,HB,prime,45,400,20,1,19,10,2025-06-10,A,A,False,3.067
2025-06-20,SKU-03303,D-02R-016-1-A,D,HB,floor,9,400,2,0,2,12,2025-06-08,B,C,True,0.495
2025-06-20,SKU-03304,C-02L-001-3-B,C,HB,prime,45,275,17,0,17,20,2025-05-31,B,B,False,0.873
2025-06-20,SKU-03305,B-02L-018-4-A,B,HB,sub_prime,63,150,35,2,33,3,2025-06-17,A,A,False,3.815
2025-06-20,SKU-03306,B-02L-011-1-B,B,HB,floor,9,150,3,0,3,10,2025-06-10,B,C,True,0.555
2025-06-20,SKU-03307,C-02R-019-5-B,C,HB,overhead,81,275,87,1,86,19,2025-06-01,A,A,False,5.198
2025-06-20,SKU-03308,C-02R-012-1-A,C,HB,floor,9,275,7,0,7,17,2025-06-03,B,C,True,0.54
2025-06-20,SKU-03309,B-01R-019-4-A,B,HB,sub_prime,63,150,9,0,9,2,2025-06-18,B,B,False,1.61
2025-06-20,SKU-03310,B-01R-002-5-A,B,HB,overhead,81,150,24,0,24,11,2025-06-09,B,B,False,1.901
2025-06-20,SKU-03311,D-02L-020-3-B,D,HB,prime,45,400,3,0,3,12,2025-06-08,C,C,False,0.434
2025-06-20,SKU-03312,A-02R-012-2-B,A,HB,prime,27,50,4,0,4,7,2025-06-13,B,B,False,0.915
2025-06-20,SKU-03313,D-01R-026-2-B,D,HB,prime,27,400,17,0,17,8,2025-06-12,B,B,False,1.012
2025-06-20,SKU-03314,E-01L-025-3-A,E,HB,prime,45,525,6,0,6,6,2025-06-14,C,C,False,0.364
2025-06-20,SKU-03315,E-01L-016-2-B,E,HB,prime,27,525,3,0,3,9,2025-06-11,C,C,False,0.397
2025-06-20,SKU-03316,C-01R-025-2-B,C,HB,prime,27,275,16,0,16,9,2025-06-11,B,B,False,1.434
2025-06-20,SKU-03317,C-01R-005-5-B,C,HB,overhead,81,275,8,0,8,1,2025-06-19,B,B,False,1.038
2025-06-20,SKU-03318,E-01R-012-4-A,E,HB,sub_prime,63,525,3,0,3,6,2025-06-14,C,C,False,0.331
2025-06-20,SKU-03319,D-02R-017-1-B,D,HB,floor,9,400,2,0,2,8,2025-06-12,C,C,False,0.367
2025-06-20,SKU-03320,D-01R-002-1-B,D,HB,floor,9,400,17,0,17,10,2025-06-10,B,B,False,1.727
2025-06-20,SKU-03321,E-01L-006-2-A,E,HB,prime,27,525,3,0,3,10,2025-06-10,C,C,False,0.335
2025-06-20,SKU-03322,C-01R-018-3-B,C,HB,prime,45,275,10,0,10,1,2025-06-19,B,B,False,1.151
2025-06-20,SKU-03323,E-02R-025-3-B,E,HB,prime,45,525,6,0,6,17,2025-06-03,C,C,False,0.455
2025-06-20,SKU-03324,A-02R-015-1-B,A,HB,floor,9,50,57,3,54,14,2025-06-06,A,A,False,2.801
2025-06-20,SKU-03325,D-02L-002-5-B,D,HB,overhead,81,400,6,1,5,3,2025-06-17,B,B,False,1.055
2025-06-20,SKU-03326,C-01R-024-2-B,C,HB,prime,27,275,9,0,9,18,2025-06-02,B,C,True,0.643
2025-06-20,SKU-03327,A-02R-009-2-B,A,HB,prime,27,50,30,4,26,2,2025-06-18,A,A,False,2.684
2025-06-20,SKU-03328,B-02L-023-1-A,B,HB,floor,9,150,63,0,63,3,2025-06-17,A,A,False,4.087
2025-06-20,SKU-03329,E-02R-007-5-A,E,HB,overhead,81,525,1,0,1,12,2025-06-08,C,C,False,0.368
2025-06-20,SKU-03330,C-01R-002-3-A,C,HB,prime,45,275,9,0,9,9,2025-06-11,B,C,True,0.598
2025-06-20,SKU-03331,C-02R-003-3-A,C,HB,prime,45,275,8,0,8,6,2025-06-14,B,B,False,1.412
2025-06-20,SKU-03332,D-01R-005-4-A,D,HB,sub_prime,63,400,5,0,5,3,2025-06-17,C,C,False,0.356
2025-06-20,SKU-03333,C-01R-023-2-B,C,HB,prime,27,275,10,0,10,18,2025-06-02,B,C,True,0.557
2025-06-20,SKU-03334,E-02R-024-4-A,E,HB,sub_prime,63,525,3,0,3,10,2025-06-10,B,C,True,0.506
2025-06-20,SKU-03335,E-01R-005-3-B,E,HB,prime,45,525,29,0,29,7,2025-06-13,B,B,False,1.46
2025-06-20,SKU-03336,D-02L-006-2-B,D,HB,prime,27,400,7,0,7,1,2025-06-19,C,C,False,0.439
2025-06-20,SKU-03337,C-01R-021-4-A,C,HB,sub_prime,63,275,18,2,16,2,2025-06-18,A,B,True,2.022
2025-06-20,SKU-03338,B-01L-006-3-A,B,HB,prime,45,150,8,0,8,10,2025-06-10,B,B,False,0.915
2025-06-20,SKU-03339,D-02L-015-3-B,D,HB,prime,45,400,8,0,8,1,2025-06-19,C,C,False,0.439
2025-06-20,SKU-03340,A-02L-012-5-B,A,HB,overhead,81,50,42,1,41,4,2025-06-16,A,A,False,3.043
2025-06-20,SKU-03341,C-02L-025-5-A,C,HB,overhead,81,275,12,0,12,17,2025-06-03,B,B,False,1.395
2025-06-20,SKU-03342,C-01L-007-3-B,C,HB,prime,45,275,4,0,4,18,2025-06-02,B,C,True,0.57
2025-06-20,SKU-03343,D-01L-022-5-B,D,HB,overhead,81,400,5,0,5,17,2025-06-03,B,C,True,0.646
2025-06-20,SKU-03344,A-02L-018-3-A,A,HB,prime,45,50,8,0,8,14,2025-06-06,B,C,True,0.65
2025-06-20,SKU-03345,C-01R-004-4-A,C,HB,sub_prime,63,275,5,0,5,17,2025-06-03,B,B,False,0.793
2025-06-20,SKU-03346,C-02L-008-3-B,C,HB,prime,45,275,7,0,7,12,2025-06-08,B,C,True,0.702
2025-06-20,SKU-03347,C-02L-015-5-A,C,HB,overhead,81,275,11,0,11,2,2025-06-18,B,C,True,0.671
2025-06-20,SKU-03348,B-02L-006-4-B,B,HB,sub_prime,63,150,17,2,15,1,2025-06-19,B,B,False,1.752
2025-06-20,SKU-03349,C-01R-010-5-B,C,HB,overhead,81,275,3,0,3,9,2025-06-11,C,C,False,0.339
2025-06-20,SKU-03350,A-02L-001-2-A,A,HB,prime,27,50,4,0,4,7,2025-06-13,B,C,True,0.629
2025-06-20,SKU-03351,A-01R-002-2-A,A,HB,prime,27,50,4,0,4,18,2025-06-02,C,C,False,0.339
2025-06-20,SKU-03352,D-01R-006-4-A,D,HB,sub_prime,63,400,5,0,5,14,2025-06-06,C,C,False,0.32
2025-06-20,SKU-03353,E-01L-026-3-A,E,HB,prime,45,525,4,0,4,18,2025-06-02,C,C,False,0.38
2025-06-20,SKU-03354,D-02L-012-3-A,D,HB,prime,45,400,7,0,7,13,2025-06-07,B,C,True,0.731
2025-06-20,SKU-03355,D-02L-009-2-A,D,HB,prime,27,400,1,0,1,9,2025-06-11,C,C,False,0.396
2025-06-20,SKU-03356,A-02L-015-2-A,A,HB,prime,27,50,251,23,228,3,2025-06-17,A,A,False,20.381
2025-06-20,SKU-03357,A-02R-015-3-B,A,HB,prime,45,50,180,29,151,1,2025-06-19,A,A,False,16.135
2025-06-20,SKU-03358,C-02R-018-5-B,C,HB,overhead,81,275,26,2,24,16,2025-06-04,B,B,False,1.658
2025-06-20,SKU-03359,D-01R-007-2-A,D,HB,prime,27,400,4,0,4,18,2025-06-02,C,C,False,0.321
2025-06-20,SKU-03360,E-01R-018-4-B,E,HB,sub_prime,63,525,7,0,7,10,2025-06-10,C,C,False,0.392
2025-06-20,SKU-03361,C-01R-018-4-B,C,HB,sub_prime,63,275,98,7,91,13,2025-06-07,A,A,False,5.378
2025-06-20,SKU-03362,D-02R-008-2-A,D,HB,prime,27,400,10,0,10,9,2025-06-11,B,B,False,0.982
2025-06-20,SKU-03363,D-01R-018-5-B,D,HB,overhead,81,400,9,0,9,5,2025-06-15,B,C,True,0.488
2025-06-20,SKU-03364,C-01R-010-3-A,C,HB,prime,45,275,83,13,70,17,2025-06-03,A,A,False,9.866
2025-06-20,SKU-03365,D-02R-021-2-A,D,HB,prime,27,400,3,0,3,17,2025-06-03,C,C,False,0.46
2025-06-20,SKU-03366,D-02L-010-1-B,D,HB,floor,9,400,1,0,1,3,2025-06-17,C,C,False,0.345
2025-06-20,SKU-03367,C-02R-013-4-A,C,HB,sub_prime,63,275,28,0,28,15,2025-06-05,B,B,False,1.676
2025-06-20,SKU-03368,E-01L-022-1-B,E,HB,floor,9,525,5,0,5,19,2025-06-01,C,C,False,0.321
2025-06-20,SKU-03369,D-02L-005-5-B,D,HB,overhead,81,400,863,22,841,1,2025-06-19,A,A,False,55.319
2025-06-20,SKU-03370,D-02R-002-1-A,D,HB,floor,9,400,3,0,3,16,2025-06-04,C,C,False,0.421
2025-06-20,SKU-03371,B-01L-020-3-B,B,HB,prime,45,150,3,0,3,3,2025-06-17,C,C,False,0.358
2025-06-20,SKU-03372,E-02L-017-2-B,E,HB,prime,27,525,5,0,5,11,2025-06-09,C,C,False,0.434
2025-06-20,SKU-03373,D-02R-010-2-B,D,HB,prime,27,400,5,0,5,14,2025-06-06,C,C,False,0.374
2025-06-20,SKU-03374,B-02R-014-4-A,B,HB,sub_prime,63,150,10,1,9,2,2025-06-18,B,B,False,1.262
2025-06-20,SKU-03375,A-02L-015-3-B,A,HB,prime,45,50,42,5,37,10,2025-06-10,A,A,False,3.561
2025-06-20,SKU-03376,C-01L-019-2-A,C,HB,prime,27,275,38,2,36,19,2025-06-01,A,B,True,1.939
2025-06-20,SKU-03377,C-01R-002-4-A,C,HB,sub_prime,63,275,4,0,4,8,2025-06-12,C,C,False,0.394
2025-06-20,SKU-03378,A-01L-004-4-B,A,HB,sub_prime,63,50,246,8,238,16,2025-06-04,A,A,False,41.863
2025-06-20,SKU-03379,C-02L-023-3-B,C,HB,prime,45,275,5,0,5,7,2025-06-13,B,C,True,0.695
2025-06-20,SKU-03380,E-02L-004-1-A,E,HB,floor,9,525,3,0,3,20,2025-05-31,C,C,False,0.319
2025-06-20,SKU-03381,C-02L-015-5-B,C,HB,overhead,81,275,7,1,6,12,2025-06-08,B,B,False,1.036
2025-06-20,SKU-03382,B-01L-020-5-B,B,HB,overhead,81,150,74,4,70,15,2025-06-05,A,A,False,4.68
2025-06-20,SKU-03383,C-01R-013-3-B,C,HB,prime,45,275,2,0,2,7,2025-06-13,B,C,True,0.551
2025-06-20,SKU-03384,C-02R-002-3-A,C,HB,prime,45,275,6,0,6,1,2025-06-19,B,B,False,0.834
2025-06-20,SKU-03385,D-01L-012-1-A,D,HB,floor,9,400,2,0,2,10,2025-06-10,C,C,False,0.31
2025-06-20,SKU-03386,A-01R-019-5-A,A,HB,overhead,81,50,130,7,123,8,2025-06-12,A,A,False,6.648
2025-06-20,SKU-03387,D-02R-002-4-B,D,HB,sub_prime,63,400,7,0,7,3,2025-06-17,C,C,False,0.395
2025-06-20,SKU-03388,D-01L-026-2-B,D,HB,prime,27,400,6,0,6,16,2025-06-04,C,C,False,0.368
2025-06-20,SKU-03389,B-01R-021-3-A,B,HB,prime,45,150,4,0,4,6,2025-06-14,B,C,True,0.552
2025-06-20,SKU-03390,D-01R-001-3-B,D,HB,prime,45,400,25,1,24,7,2025-06-13,B,B,False,1.81
2025-06-20,SKU-03391,B-01R-018-5-B,B,HB,overhead,81,150,3,0,3,9,2025-06-11,C,C,False,0.433
2025-06-20,SKU-03392,E-02R-011-1-B,E,HB,floor,9,525,6,0,6,6,2025-06-14,C,C,False,0.349
2025-06-20,SKU-03393,B-01L-022-1-A,B,HB,floor,9,150,7,0,7,1,2025-06-19,B,C,True,0.495
2025-06-20,SKU-03394,C-01L-023-1-A,C,HB,floor,9,275,26,2,24,1,2025-06-19,B,B,False,1.636
2025-06-20,SKU-03395,B-01L-014-4-B,B,HB,sub_prime,63,150,8,0,8,1,2025-06-19,B,C,True,0.614
2025-06-20,SKU-03396,C-02L-005-3-A,C,HB,prime,45,275,5,0,5,12,2025-06-08,C,C,False,0.453
2025-06-20,SKU-03397,D-01L-013-1-A,D,HB,floor,9,400,10,0,10,20,2025-05-31,B,B,False,0.89
2025-06-20,SKU-03398,E-02L-018-1-A,E,HB,floor,9,525,5,0,5,17,2025-06-03,C,C,False,0.321
2025-06-20,SKU-03399,B-01R-011-4-B,B,HB,sub_prime,63,150,3,0,3,10,2025-06-10,C,C,False,0.36
2025-06-20,SKU-03400,A-02R-008-3-B,A,HB,prime,45,50,14,0,14,13,2025-06-07,B,B,False,0.768
2025-06-20,SKU-03401,C-02L-019-1-B,C,HB,floor,9,275,6,0,6,14,2025-06-06,C,C,False,0.412
2025-06-20,SKU-03402,D-01R-024-2-B,D,HB,prime,27,400,1,0,1,14,2025-06-06,C,C,False,0.354
2025-06-20,SKU-03403,E-01L-019-2-B,E,HB,prime,27,525,3,0,3,6,2025-06-14,C,C,False,0.352
2025-06-20,SKU-03404,E-02L-008-2-A,E,HB,prime,27,525,10,0,10,5,2025-06-15,B,B,False,0.964
2025-06-20,SKU-03405,B-02L-019-5-A,B,HB,overhead,81,150,13,1,12,12,2025-06-08,B,B,False,1.495
2025-06-20,SKU-03406,D-01L-015-5-A,D,HB,overhead,81,400,7,0,7,2,2025-06-18,B,C,True,0.64
2025-06-20,SKU-03407,D-01R-006-1-B,D,HB,floor,9,400,3,0,3,16,2025-06-04,C,C,False,0.318
2025-06-20,SKU-03408,E-02L-010-2-A,E,HB,prime,27,525,4,0,4,3,2025-06-17,C,C,False,0.383
2025-06-20,SKU-03409,B-02L-003-2-B,B,HB,prime,27,150,5,0,5,1,2025-06-19,B,C,True,0.656
2025-06-20,SKU-03410,E-02L-022-3-A,E,HB,prime,45,525,5,0,5,17,2025-06-03,C,C,False,0.317
2025-06-20,SKU-03411,B-01R-023-3-B,B,HB,prime,45,150,12,0,12,4,2025-06-16,B,C,True,0.679
2025-06-20,SKU-03412,B-01R-003-3-A,B,HB,prime,45,150,21,1,20,13,2025-06-07,B,B,False,1.211
2025-06-20,SKU-03413,C-01R-011-1-B,C,HB,floor,9,275,4,0,4,9,2025-06-11,C,C,False,0.459
2025-06-20,SKU-03414,D-02L-015-4-A,D,HB,sub_prime,63,400,4,0,4,1,2025-06-19,B,C,True,0.518
2025-06-20,SKU-03415,B-01L-024-4-A,B,HB,sub_prime,63,150,10,0,10,13,2025-06-07,B,C,True,0.58
2025-06-20,SKU-03416,B-02L-001-5-A,B,HB,overhead,81,150,40,1,39,16,2025-06-04,A,B,True,1.986
2025-06-20,SKU-03417,E-02R-020-3-B,E,HB,prime,45,525,6,0,6,19,2025-06-01,C,C,False,0.427
2025-06-20,SKU-03418,A-01L-002-4-A,A,HB,sub_prime,63,50,67,5,62,13,2025-06-07,A,A,False,4.209
2025-06-20,SKU-03419,D-02R-023-5-B,D,HB,overhead,81,400,4,0,4,2,2025-06-18,C,C,False,0.422
2025-06-20,SKU-03420,C-01L-014-2-B,C,HB,prime,27,275,5,0,5,9,2025-06-11,C,C,False,0.44
2025-06-20,SKU-03421,D-02L-003-1-A,D,HB,floor,9,400,5,0,5,1,2025-06-19,C,C,False,0.325
2025-06-20,SKU-03422,D-01L-004-3-A,D,HB,prime,45,400,6,0,6,18,2025-06-02,C,C,False,0.425
2025-06-20,SKU-03423,C-02R-010-2-A,C,HB,prime,27,275,4,0,4,19,2025-06-01,C,C,False,0.437
2025-06-20,SKU-03424,A-02R-025-5-B,A,HB,overhead,81,50,64,5,59,5,2025-06-15,A,A,False,5.674
2025-06-20,SKU-03425,B-01L-008-4-B,B,HB,sub_prime,63,150,32,0,32,12,2025-06-08,B,B,False,1.738
2025-06-20,SKU-03426,D-02L-026-1-B,D,HB,floor,9,400,14,0,14,12,2025-06-08,B,C,True,0.73
2025-06-20,SKU-03427,B-01L-018-2-A,B,HB,prime,27,150,1,0,1,11,2025-06-09,C,C,False,0.352
2025-06-20,SKU-03428,B-02R-010-3-A,B,HB,prime,45,150,17,1,16,7,2025-06-13,B,B,False,1.585
2025-06-20,SKU-03429,E-01R-007-3-B,E,HB,prime,45,525,2,0,2,14,2025-06-06,C,C,False,0.356
2025-06-20,SKU-03430,A-01R-021-1-B,A,HB,floor,9,50,39,1,38,13,2025-06-07,A,B,True,2.213
2025-06-20,SKU-03431,E-02L-018-2-B,E,HB,prime,27,525,8,0,8,9,2025-06-11,C,C,False,0.468
2025-06-20,SKU-03432,E-02R-016-4-B,E,HB,sub_prime,63,525,3,0,3,5,2025-06-15,C,C,False,0.318
2025-06-20,SKU-03433,C-02R-015-5-A,C,HB,overhead,81,275,6,0,6,4,2025-06-16,C,C,False,0.442
2025-06-20,SKU-03434,E-01L-014-3-A,E,HB,prime,45,525,3,0,3,13,2025-06-07,C,C,False,0.424
2025-06-20,SKU-03435,C-01R-004-3-A,C,HB,prime,45,275,6,0,6,8,2025-06-12,C,C,False,0.482
2025-06-20,SKU-03436,C-01R-007-1-B,C,HB,floor,9,275,17,1,16,10,2025-06-10,B,B,False,1.236
2025-06-20,SKU-03437,B-02R-019-3-A,B,HB,prime,45,150,8,0,8,16,2025-06-04,B,B,False,0.802
2025-06-20,SKU-03438,C-01L-021-3-A,C,HB,prime,45,275,2,0,2,1,2025-06-19,B,C,True,0.507
2025-06-20,SKU-03439,E-02R-004-3-A,E,HB,prime,45,525,7,0,7,19,2025-06-01,B,B,False,1.096
2025-06-20,SKU-03440,D-02L-005-4-B,D,HB,sub_prime,63,400,4,0,4,14,2025-06-06,C,C,False,0.386
2025-06-20,SKU-03441,B-02R-005-3-A,B,HB,prime,45,150,7,0,7,1,2025-06-19,B,B,False,0.893
2025-06-20,SKU-03442,B-02R-015-4-B,B,HB,sub_prime,63,150,4,0,4,12,2025-06-08,C,C,False,0.324
2025-06-20,SKU-03443,B-02R-020-1-A,B,HB,floor,9,150,18,1,17,10,2025-06-10,B,B,False,1.365
2025-06-20,SKU-03444,D-01L-004-1-A,D,HB,floor,9,400,85,2,83,16,2025-06-04,A,A,False,5.323
2025-06-20,SKU-03445,C-02R-020-5-B,C,HB,overhead,81,275,9,0,9,7,2025-06-13,B,B,False,0.771
2025-06-20,SKU-03446,D-02R-002-5-A,D,HB,overhead,81,400,105,3,102,9,2025-06-11,A,A,False,8.851
2025-06-20,SKU-03447,C-01R-001-3-B,C,HB,prime,45,275,3,0,3,10,2025-06-10,B,C,True,0.49
2025-06-20,SKU-03448,C-02R-004-4-B,C,HB,sub_prime,63,275,7,0,7,14,2025-06-06,C,C,False,0.392
2025-06-20,SKU-03449,C-01L-022-1-B,C,HB,floor,9,275,11,0,11,12,2025-06-08,B,C,True,0.587
2025-06-20,SKU-03450,E-02L-024-2-B,E,HB,prime,27,525,4,0,4,19,2025-06-01,C,C,False,0.379
2025-06-20,SKU-03451,C-02L-021-5-A,C,HB,overhead,81,275,27,1,26,7,2025-06-13,A,B,True,2.027
2025-06-20,SKU-03452,D-01R-019-4-A,D,HB,sub_prime,63,400,8,0,8,11,2025-06-09,B,C,True,0.528
2025-06-20,SKU-03453,D-02R-009-4-A,D,HB,sub_prime,63,400,9,1,8,11,2025-06-09,B,B,False,1.149
2025-06-20,SKU-03454,A-02L-017-5-B,A,HB,overhead,81,50,7,0,7,10,2025-06-10,B,C,True,0.708
2025-06-20,SKU-03455,C-01R-004-1-A,C,HB,floor,9,275,7,0,7,15,2025-06-05,C,C,False,0.451
2025-06-20,SKU-03456,C-02R-014-3-B,C,HB,prime,45,275,7,0,7,1,2025-06-19,B,B,False,0.888
2025-06-20,SKU-03457,D-02L-003-5-A,D,HB,overhead,81,400,3,0,3,4,2025-06-16,B,C,True,0.577
2025-06-20,SKU-03458,D-01R-022-3-B,D,HB,prime,45,400,2,0,2,6,2025-06-14,C,C,False,0.367
2025-06-20,SKU-03459,A-01R-026-3-A,A,HB,prime,45,50,46,1,45,14,2025-06-06,A,A,False,2.847
2025-06-20,SKU-03460,A-02L-007-1-B,A,HB,floor,9,50,17,4,13,15,2025-06-05,A,A,False,3.014
2025-06-20,SKU-03461,D-01L-023-1-B,D,HB,floor,9,400,16,1,15,2,2025-06-18,B,B,False,1.449
2025-06-20,SKU-03462,D-02L-022-1-B,D,HB,floor,9,400,23,1,22,5,2025-06-15,B,B,False,1.504
2025-06-20,SKU-03463,C-01R-003-3-A,C,HB,prime,45,275,2,0,2,19,2025-06-01,C,C,False,0.329
2025-06-20,SKU-03464,A-01L-024-5-A,A,HB,overhead,81,50,67,11,56,3,2025-06-17,A,A,False,9.621
2025-06-20,SKU-03465,B-01R-013-4-A,B,HB,sub_prime,63,150,284,31,253,19,2025-06-01,A,A,False,21.816
2025-06-20,SKU-03466,B-02L-010-4-A,B,HB,sub_prime,63,150,8,0,8,2,2025-06-18,B,B,False,1.368
2025-06-20,SKU-03467,C-01L-022-2-A,C,HB,prime,27,275,8,0,8,20,2025-05-31,B,B,False,1.178
2025-06-20,SKU-03468,D-02L-001-4-B,D,HB,sub_prime,63,400,2,0,2,14,2025-06-06,C,C,False,0.424
2025-06-20,SKU-03469,C-01R-022-5-A,C,HB,overhead,81,275,6,0,6,9,2025-06-11,C,C,False,0.445
2025-06-20,SKU-03470,C-02L-024-4-A,C,HB,sub_prime,63,275,14,0,14,3,2025-06-17,B,B,False,0.863
2025-06-20,SKU-03471,D-02L-024-1-A,D,HB,floor,9,400,5,0,5,2,2025-06-18,C,C,False,0.35
2025-06-20,SKU-03472,E-02R-001-1-A,E,HB,floor,9,525,9,0,9,11,2025-06-09,B,B,False,0.847
2025-06-20,SKU-03473,B-01R-005-4-A,B,HB,sub_prime,63,150,15,0,15,15,2025-06-05,B,B,False,1.049
2025-06-20,SKU-03474,D-01L-025-5-B,D,HB,overhead,81,400,9,0,9,20,2025-05-31,B,B,False,0.881
2025-06-20,SKU-03475,D-01L-010-4-B,D,HB,sub_prime,63,400,5,0,5,12,2025-06-08,C,C,False,0.327
2025-06-20,SKU-03476,C-02R-010-3-B,C,HB,prime,45,275,8,1,7,13,2025-06-07,B,B,False,1.129
2025-06-20,SKU-03477,D-02L-011-1-A,D,HB,floor,9,400,3,0,3,16,2025-06-04,B,C,True,0.615
2025-06-20,SKU-03478,B-02L-006-4-A,B,HB,sub_prime,63,150,34,0,34,14,2025-06-06,A,B,True,2.188
2025-06-20,SKU-03479,B-01R-003-4-B,B,HB,sub_prime,63,150,15,0,15,1,2025-06-19,B,B,False,0.924
2025-06-20,SKU-03480,C-01L-002-1-A,C,HB,floor,9,275,13,0,13,11,2025-06-09,B,C,True,0.699
2025-06-20,SKU-03481,D-02L-008-3-B,D,HB,prime,45,400,5,0,5,14,2025-06-06,B,C,True,0.705
2025-06-20,SKU-03482,D-01R-003-1-B,D,HB,floor,9,400,2,0,2,11,2025-06-09,C,C,False,0.481
2025-06-20,SKU-03483,C-02R-020-4-A,C,HB,sub_prime,63,275,10,0,10,15,2025-06-05,B,C,True,0.537
2025-06-20,SKU-03484,D-01R-018-4-B,D,HB,sub_prime,63,400,4,0,4,13,2025-06-07,B,C,True,0.523
2025-06-20,SKU-03485,E-02L-017-3-B,E,HB,prime,45,525,3,0,3,7,2025-06-13,C,C,False,0.364
2025-06-20,SKU-03486,D-01R-017-3-A,D,HB,prime,45,400,4,0,4,1,2025-06-19,B,C,True,0.607
2025-06-20,SKU-03487,E-02L-013-3-A,E,HB,prime,45,525,3,0,3,7,2025-06-13,C,C,False,0.461
2025-06-20,SKU-03488,B-01R-020-1-A,B,HB,floor,9,150,27,2,25,7,2025-06-13,A,B,True,2.219
2025-06-20,SKU-03489,B-01R-008-4-B,B,HB,sub_prime,63,150,16,2,14,16,2025-06-04,B,B,False,1.59
2025-06-20,SKU-03490,C-01R-021-1-B,C,HB,floor,9,275,8,0,8,7,2025-06-13,B,C,True,0.634
2025-06-20,SKU-03491,D-02R-007-5-A,D,HB,overhead,81,400,2,0,2,14,2025-06-06,C,C,False,0.352
2025-06-20,SKU-03492,A-01R-013-1-B,A,HB,floor,9,50,2,0,2,11,2025-06-09,C,C,False,0.338
2025-06-20,SKU-03493,D-02R-021-2-B,D,HB,prime,27,400,18,0,18,9,2025-06-11,B,B,False,1.353
2025-06-20,SKU-03494,D-02L-020-4-B,D,HB,sub_prime,63,400,3,0,3,2,2025-06-18,C,C,False,0.354
2025-06-20,SKU-03495,E-01L-023-5-B,E,HB,overhead,81,525,3,0,3,17,2025-06-03,C,C,False,0.43
2025-06-20,SKU-03496,B-01R-016-5-B,B,HB,overhead,81,150,614,29,585,14,2025-06-06,A,A,False,70.407
2025-06-20,SKU-03497,E-01L-018-2-B,E,HB,prime,27,525,6,0,6,17,2025-06-03,C,C,False,0.338
2025-06-20,SKU-03498,C-01L-001-4-A,C,HB,sub_prime,63,275,12,0,12,19,2025-06-01,B,B,False,0.889
2025-06-20,SKU-03499,D-01L-026-3-A,D,HB,prime,45,400,3,0,3,20,2025-05-31,C,C,False,0.355
2025-06-20,SKU-03500,B-02L-005-4-B,B,HB,sub_prime,63,150,12,2,10,13,2025-06-07,B,B,False,1.627
2025-06-20,SKU-03501,E-01R-001-3-B,E,HB,prime,45,525,5,0,5,16,2025-06-04,C,C,False,0.414
2025-06-20,SKU-03502,C-01R-019-2-B,C,HB,prime,27,275,7,0,7,18,2025-06-02,B,B,False,0.778
2025-06-20,SKU-03503,E-01L-021-3-A,E,HB,prime,45,525,5,0,5,2,2025-06-18,C,C,False,0.456
2025-06-20,SKU-03504,D-01L-002-1-B,D,HB,floor,9,400,10,0,10,7,2025-06-13,B,C,True,0.737
2025-06-20,SKU-03505,C-02R-016-3-A,C,HB,prime,45,275,6,0,6,14,2025-06-06,B,C,True,0.609
2025-06-20,SKU-03506,B-01L-026-4-B,B,HB,sub_prime,63,150,38,1,37,9,2025-06-11,A,B,True,2.082
2025-06-20,SKU-03507,D-01L-011-1-B,D,HB,floor,9,400,2,0,2,16,2025-06-04,C,C,False,0.311
2025-06-20,SKU-03508,E-02L-021-5-B,E,HB,overhead,81,525,2,0,2,5,2025-06-15,C,C,False,0.435
2025-06-20,SKU-03509,B-01R-019-2-A,B,HB,prime,27,150,5,0,5,4,2025-06-16,B,B,False,0.913
2025-06-20,SKU-03510,A-02L-003-4-A,A,HB,sub_prime,63,50,57,0,57,14,2025-06-06,A,A,False,4.044
2025-06-20,SKU-03511,C-02R-015-1-B,C,HB,floor,9,275,9,0,9,7,2025-06-13,B,C,True,0.55
2025-06-20,SKU-03512,D-01L-018-2-A,D,HB,prime,27,400,17,1,16,19,2025-06-01,B,B,False,1.563
2025-06-20,SKU-03513,D-02R-014-3-A,D,HB,prime,45,400,1,0,1,2,2025-06-18,C,C,False,0.318
2025-06-20,SKU-03514,C-01L-023-3-B,C,HB,prime,45,275,7,0,7,19,2025-06-01,B,C,True,0.554
2025-06-20,SKU-03515,C-02R-006-5-A,C,HB,overhead,81,275,46,1,45,2,2025-06-18,A,A,False,3.289
2025-06-20,SKU-03516,C-01R-017-1-B,C,HB,floor,9,275,20,1,19,17,2025-06-03,B,B,False,1.013
2025-06-20,SKU-03517,D-02R-002-1-B,D,HB,floor,9,400,10,0,10,9,2025-06-11,B,B,False,1.565
2025-06-20,SKU-03518,D-01L-025-1-B,D,HB,floor,9,400,3,0,3,9,2025-06-11,C,C,False,0.412
2025-06-20,SKU-03519,E-02L-009-3-A,E,HB,prime,45,525,16,2,14,9,2025-06-11,B,B,False,1.558
2025-06-20,SKU-03520,D-01L-021-1-A,D,HB,floor,9,400,4,0,4,4,2025-06-16,B,B,False,0.836
2025-06-20,SKU-03521,E-02L-003-4-A,E,HB,sub_prime,63,525,6,0,6,15,2025-06-05,C,C,False,0.461
2025-06-20,SKU-03522,A-02R-015-2-A,A,HB,prime,27,50,64,1,63,20,2025-05-31,A,A,False,4.902
2025-06-20,SKU-03523,C-02R-011-1-B,C,HB,floor,9,275,5,0,5,7,2025-06-13,B,B,False,0.911
2025-06-20,SKU-03524,D-02L-026-2-A,D,HB,prime,27,400,18,0,18,12,2025-06-08,B,B,False,1.009
2025-06-20,SKU-03525,C-02L-003-4-B,C,HB,sub_prime,63,275,13,2,11,19,2025-06-01,B,B,False,1.742
2025-06-20,SKU-03526,D-01L-005-5-A,D,HB,overhead,81,400,15,1,14,2,2025-06-18,B,B,False,1.277
2025-06-20,SKU-03527,B-02L-013-4-B,B,HB,sub_prime,63,150,10,0,10,20,2025-05-31,B,B,False,1.125
2025-06-20,SKU-03528,E-02R-013-4-B,E,HB,sub_prime,63,525,8,0,8,17,2025-06-03,C,C,False,0.43
2025-06-20,SKU-03529,C-02R-018-3-A,C,HB,prime,45,275,9,0,9,10,2025-06-10,B,C,True,0.497
2025-06-20,SKU-03530,C-01L-026-2-B,C,HB,prime,27,275,2,0,2,11,2025-06-09,C,C,False,0.393
2025-06-20,SKU-03531,E-01R-002-3-B,E,HB,prime,45,525,4,0,4,10,2025-06-10,C,C,False,0.402
2025-06-20,SKU-03532,E-02R-022-5-A,E,HB,overhead,81,525,1,0,1,7,2025-06-13,C,C,False,0.317
2025-06-20,SKU-03533,B-01L-013-4-B,B,HB,sub_prime,63,150,6,0,6,14,2025-06-06,B,C,True,0.717
2025-06-20,SKU-03534,A-01L-026-5-A,A,HB,overhead,81,50,23,3,20,14,2025-06-06,A,A,False,3.086
2025-06-20,SKU-03535,E-01L-002-4-B,E,HB,sub_prime,63,525,6,1,5,17,2025-06-03,B,B,False,1.16
2025-06-20,SKU-03536,C-02L-006-1-A,C,HB,floor,9,275,2,0,2,13,2025-06-07,B,C,True,0.492
2025-06-20,SKU-03537,D-02R-006-1-B,D,HB,floor,9,400,3,0,3,12,2025-06-08,C,C,False,0.363
2025-06-20,SKU-03538,D-01L-010-3-A,D,HB,prime,45,400,6,0,6,11,2025-06-09,C,C,False,0.482
2025-06-20,SKU-03539,D-02L-004-2-B,D,HB,prime,27,400,42,6,36,15,2025-06-05,A,A,False,4.856
2025-06-20,SKU-03540,D-02R-019-5-A,D,HB,overhead,81,400,14,0,14,11,2025-06-09,B,B,False,0.977
2025-06-20,SKU-03541,C-02R-024-1-B,C,HB,floor,9,275,5,0,5,8,2025-06-12,B,C,True,0.595
2025-06-20,SKU-03542,C-01R-026-2-B,C,HB,prime,27,275,7,0,7,20,2025-05-31,C,C,False,0.483
2025-06-20,SKU-03543,C-01L-008-5-B,C,HB,overhead,81,275,6,1,5,7,2025-06-13,B,B,False,1.074
2025-06-20,SKU-03544,E-02R-013-3-B,E,HB,prime,45,525,60,0,60,6,2025-06-14,A,A,False,4.076
2025-06-20,SKU-03545,E-01R-014-5-A,E,HB,overhead,81,525,4,0,4,3,2025-06-17,C,C,False,0.47
2025-06-20,SKU-03546,A-01R-018-5-A,A,HB,overhead,81,50,1,0,1,19,2025-06-01,C,C,False,0.4
2025-06-20,SKU-03547,C-01R-003-1-A,C,HB,floor,9,275,7,0,7,14,2025-06-06,C,C,False,0.395
2025-06-20,SKU-03548,D-01L-009-5-A,D,HB,overhead,81,400,2,0,2,9,2025-06-11,C,C,False,0.385
2025-06-20,SKU-03549,E-01L-025-4-A,E,HB,sub_prime,63,525,7,0,7,7,2025-06-13,B,C,True,0.51
2025-06-20,SKU-03550,C-01L-013-3-B,C,HB,prime,45,275,2,0,2,5,2025-06-15,C,C,False,0.359
2025-06-20,SKU-03551,E-02R-020-1-B,E,HB,floor,9,525,4,0,4,19,2025-06-01,C,C,False,0.34
2025-06-20,SKU-03552,B-02R-003-1-B,B,HB,floor,9,150,6,0,6,11,2025-06-09,B,C,True,0.571
2025-06-20,SKU-03553,C-01L-003-1-A,C,HB,floor,9,275,24,1,23,19,2025-06-01,B,B,False,1.324
2025-06-20,SKU-03554,C-02L-010-3-A,C,HB,prime,45,275,285,11,274,3,2025-06-17,A,A,False,19.123
2025-06-20,SKU-03555,D-02R-005-5-A,D,HB,overhead,81,400,2,0,2,16,2025-06-04,C,C,False,0.394
2025-06-20,SKU-03556,A-02R-009-5-A,A,HB,overhead,81,50,5,0,5,9,2025-06-11,B,C,True,0.583
2025-06-20,SKU-03557,D-02L-008-5-B,D,HB,overhead,81,400,14,1,13,15,2025-06-05,B,B,False,1.187
2025-06-20,SKU-03558,C-02L-005-3-B,C,HB,prime,45,275,8,0,8,10,2025-06-10,B,B,False,1.266
2025-06-20,SKU-03559,B-01R-003-4-A,B,HB,sub_prime,63,150,5,0,5,7,2025-06-13,B,C,True,0.589
2025-06-20,SKU-03560,C-02L-008-4-A,C,HB,sub_prime,63,275,6,0,6,20,2025-05-31,C,C,False,0.45
2025-06-20,SKU-03561,C-01R-022-2-A,C,HB,prime,27,275,8,0,8,1,2025-06-19,B,B,False,1.594
2025-06-20,SKU-03562,B-01L-015-3-B,B,HB,prime,45,150,9,0,9,9,2025-06-11,B,C,True,0.764
2025-06-20,SKU-03563,C-01L-005-2-A,C,HB,prime,27,275,8,0,8,16,2025-06-04,B,C,True,0.506
2025-06-20,SKU-03564,D-02R-006-5-B,D,HB,overhead,81,400,7,0,7,17,2025-06-03,B,C,True,0.589
2025-06-20,SKU-03565,C-01R-004-1-B,C,HB,floor,9,275,13,1,12,2,2025-06-18,B,B,False,1.416
2025-06-20,SKU-03566,B-02L-021-2-A,B,HB,prime,27,150,9,0,9,1,2025-06-19,B,B,False,0.817
2025-06-20,SKU-03567,C-02L-019-4-B,C,HB,sub_prime,63,275,2,0,2,14,2025-06-06,C,C,False,0.318
2025-06-20,SKU-03568,A-02R-024-1-B,A,HB,floor,9,50,37,0,37,8,2025-06-12,A,A,False,2.737
2025-06-20,SKU-03569,D-01R-015-3-B,D,HB,prime,45,400,3,0,3,14,2025-06-06,C,C,False,0.422
2025-06-20,SKU-03570,D-02R-005-1-B,D,HB,floor,9,400,2,0,2,18,2025-06-02,C,C,False,0.428
2025-06-20,SKU-03571,A-01R-014-4-A,A,HB,sub_prime,63,50,20,0,20,12,2025-06-08,B,B,False,1.026
2025-06-20,SKU-03572,D-02L-003-3-A,D,HB,prime,45,400,9,1,8,6,2025-06-14,B,B,False,1.064
2025-06-20,SKU-03573,A-02L-016-5-B,A,HB,overhead,81,50,21,2,19,9,2025-06-11,A,B,True,2.049
2025-06-20,SKU-03574,D-01L-019-4-B,D,HB,sub_prime,63,400,8,0,8,9,2025-06-11,C,C,False,0.459
2025-06-20,SKU-03575,D-02L-008-3-A,D,HB,prime,45,400,3,0,3,19,2025-06-01,C,C,False,0.32
2025-06-20,SKU-03576,D-02L-010-3-B,D,HB,prime,45,400,3,0,3,4,2025-06-16,C,C,False,0.468
2025-06-20,SKU-03577,E-02L-010-3-A,E,HB,prime,45,525,8,0,8,12,2025-06-08,C,C,False,0.472
2025-06-20,SKU-03578,D-02L-024-5-A,D,HB,overhead,81,400,24,0,24,18,2025-06-02,B,B,False,1.529
2025-06-20,SKU-03579,C-01L-016-1-A,C,HB,floor,9,275,3,0,3,11,2025-06-09,C,C,False,0.436
2025-06-20,SKU-03580,E-02R-003-2-A,E,HB,prime,27,525,8,0,8,16,2025-06-04,C,C,False,0.481
2025-06-20,SKU-03581,B-01R-012-2-A,B,HB,prime,27,150,38,1,37,15,2025-06-05,A,B,True,1.922
2025-06-20,SKU-03582,B-01R-009-4-A,B,HB,sub_prime,63,150,13,0,13,6,2025-06-14,B,B,False,1.052
2025-06-20,SKU-03583,C-02L-003-2-A,C,HB,prime,27,275,3,0,3,9,2025-06-11,B,C,True,0.704
2025-06-20,SKU-03584,B-02R-023-1-B,B,HB,floor,9,150,137,5,132,9,2025-06-11,A,A,False,6.764
2025-06-20,SKU-03585,A-02L-022-2-B,A,HB,prime,27,50,118,5,113,10,2025-06-10,A,A,False,5.935
2025-06-20,SKU-03586,D-01R-019-3-B,D,HB,prime,45,400,8,0,8,16,2025-06-04,B,B,False,0.805
2025-06-20,SKU-03587,A-02L-011-3-A,A,HB,prime,45,50,40,0,40,9,2025-06-11,A,B,True,2.506
2025-06-20,SKU-03588,B-01R-024-2-B,B,HB,prime,27,150,1,0,1,1,2025-06-19,C,C,False,0.345
2025-06-20,SKU-03589,C-02R-008-5-A,C,HB,overhead,81,275,13,0,13,2,2025-06-18,B,B,False,1.062
2025-06-20,SKU-03590,A-02L-001-4-A,A,HB,sub_prime,63,50,15,0,15,6,2025-06-14,A,A,False,3.187
2025-06-20,SKU-03591,B-01L-026-2-A,B,HB,prime,27,150,6,0,6,7,2025-06-13,B,B,False,0.934
2025-06-20,SKU-03592,B-01R-008-5-A,B,HB,overhead,81,150,130,15,115,16,2025-06-04,A,A,False,11.389
2025-06-20,SKU-03593,E-01L-019-2-A,E,HB,prime,27,525,5,0,5,9,2025-06-11,B,C,True,0.505
2025-06-20,SKU-03594,E-02L-010-4-B,E,HB,sub_prime,63,525,6,0,6,3,2025-06-17,C,C,False,0.478
2025-06-20,SKU-03595,D-02R-008-1-B,D,HB,floor,9,400,22,2,20,11,2025-06-09,B,B,False,1.846
2025-06-20,SKU-03596,E-01R-020-1-B,E,HB,floor,9,525,2,0,2,11,2025-06-09,C,C,False,0.434
2025-06-20,SKU-03597,D-02L-022-5-B,D,HB,overhead,81,400,18,1,17,2,2025-06-18,B,B,False,1.165
2025-06-20,SKU-03598,B-02R-020-2-B,B,HB,prime,27,150,18,1,17,12,2025-06-08,B,B,False,1.018
2025-06-20,SKU-03599,D-02L-018-3-B,D,HB,prime,45,400,5,0,5,8,2025-06-12,C,C,False,0.355
2025-06-20,SKU-03600,A-01L-017-2-B,A,HB,prime,27,50,207,20,187,16,2025-06-04,A,A,False,12.593
2025-06-20,SKU-03601,D-02R-020-4-B,D,HB,sub_prime,63,400,4,0,4,15,2025-06-05,C,C,False,0.441
2025-06-20,SKU-03602,B-01L-013-5-A,B,HB,overhead,81,150,33,0,33,19,2025-06-01,A,A,False,2.661
2025-06-20,SKU-03603,E-02R-026-3-A,E,HB,prime,45,525,3,0,3,12,2025-06-08,C,C,False,0.331
2025-06-20,SKU-03604,B-02R-021-3-B,B,HB,prime,45,150,4,0,4,4,2025-06-16,B,C,True,0.648
2025-06-20,SKU-03605,B-01R-007-2-B,B,HB,prime,27,150,25,1,24,2,2025-06-18,B,B,False,1.723
2025-06-20,SKU-03606,C-01R-012-4-A,C,HB,sub_prime,63,275,10,1,9,7,2025-06-13,B,B,False,1.374
2025-06-20,SKU-03607,A-02R-018-1-B,A,HB,floor,9,50,20,1,19,13,2025-06-07,B,B,False,1.011
2025-06-20,SKU-03608,A-01R-015-2-A,A,HB,prime,27,50,133,12,121,7,2025-06-13,A,A,False,6.619
2025-06-20,SKU-03609,A-01R-016-2-A,A,HB,prime,27,50,5,0,5,1,2025-06-19,B,C,True,0.556
2025-06-20,SKU-03610,C-02R-001-1-B,C,HB,floor,9,275,4,0,4,11,2025-06-09,B,B,False,0.899
2025-06-20,SKU-03611,D-01R-019-4-B,D,HB,sub_prime,63,400,3,0,3,11,2025-06-09,B,C,True,0.558
2025-06-20,SKU-03612,C-02R-026-2-B,C,HB,prime,27,275,1,0,1,18,2025-06-02,C,C,False,0.392
2025-06-20,SKU-03613,C-01L-020-4-B,C,HB,sub_prime,63,275,19,3,16,13,2025-06-07,A,B,True,2.2
2025-06-20,SKU-03614,E-01L-012-4-A,E,HB,sub_prime,63,525,6,0,6,10,2025-06-10,C,C,False,0.346
2025-06-20,SKU-03615,D-02R-019-1-B,D,HB,floor,9,400,20,0,20,15,2025-06-05,B,B,False,1.664
2025-06-20,SKU-03616,D-02L-024-3-B,D,HB,prime,45,400,6,0,6,9,2025-06-11,C,C,False,0.488
2025-06-20,SKU-03617,E-01R-024-3-A,E,HB,prime,45,525,4,0,4,2,2025-06-18,C,C,False,0.328
2025-06-20,SKU-03618,C-02R-025-4-B,C,HB,sub_prime,63,275,7,0,7,19,2025-06-01,B,B,False,1.261
2025-06-20,SKU-03619,D-01L-022-3-A,D,HB,prime,45,400,2,0,2,3,2025-06-17,C,C,False,0.318
2025-06-20,SKU-03620,E-02L-026-3-B,E,HB,prime,45,525,29,1,28,20,2025-05-31,B,B,False,1.517
2025-06-20,SKU-03621,C-02L-001-3-A,C,HB,prime,45,275,9,0,9,17,2025-06-03,B,B,False,0.96
2025-06-20,SKU-03622,C-02R-014-4-A,C,HB,sub_prime,63,275,6,0,6,11,2025-06-09,C,C,False,0.408
2025-06-20,SKU-03623,C-02R-013-5-B,C,HB,overhead,81,275,7,0,7,4,2025-06-16,B,B,False,0.935
2025-06-20,SKU-03624,D-02L-022-2-A,D,HB,prime,27,400,4,0,4,1,2025-06-19,B,C,True,0.535
2025-06-20,SKU-03625,D-02L-013-1-A,D,HB,floor,9,400,7,0,7,20,2025-05-31,B,C,True,0.757
2025-06-20,SKU-03626,D-02R-026-2-A,D,HB,prime,27,400,3,0,3,3,2025-06-17,C,C,False,0.334
2025-06-20,SKU-03627,E-01R-024-4-A,E,HB,sub_prime,63,525,3,0,3,17,2025-06-03,C,C,False,0.421
2025-06-20,SKU-03628,D-02L-009-2-B,D,HB,prime,27,400,3,0,3,15,2025-06-05,B,C,True,0.529
2025-06-20,SKU-03629,E-01L-021-1-A,E,HB,floor,9,525,2,0,2,18,2025-06-02,C,C,False,0.357
2025-06-20,SKU-03630,A-02L-025-4-B,A,HB,sub_prime,63,50,72,7,65,5,2025-06-15,A,A,False,4.388
2025-06-20,SKU-03631,C-01L-018-3-A,C,HB,prime,45,275,9,0,9,4,2025-06-16,B,C,True,0.617
2025-06-20,SKU-03632,E-01L-015-4-A,E,HB,sub_prime,63,525,4,0,4,6,2025-06-14,C,C,False,0.472
2025-06-20,SKU-03633,E-02R-004-5-A,E,HB,overhead,81,525,2,0,2,8,2025-06-12,C,C,False,0.458
2025-06-20,SKU-03634,D-01L-008-5-A,D,HB,overhead,81,400,1,0,1,3,2025-06-17,C,C,False,0.315
2025-06-20,SKU-03635,A-02R-019-5-A,A,HB,overhead,81,50,331,2,329,4,2025-06-16,A,A,False,26.706
2025-06-20,SKU-03636,D-01L-024-1-B,D,HB,floor,9,400,2,0,2,7,2025-06-13,C,C,False,0.337
2025-06-20,SKU-03637,B-02R-013-1-B,B,HB,floor,9,150,9,0,9,10,2025-06-10,B,C,True,0.53
2025-06-20,SKU-03638,C-02R-023-5-A,C,HB,overhead,81,275,8,2,6,10,2025-06-10,B,B,False,1.624
2025-06-20,SKU-03639,D-01R-024-5-B,D,HB,overhead,81,400,3,0,3,12,2025-06-08,C,C,False,0.389
2025-06-20,SKU-03640,B-02L-016-1-A,B,HB,floor,9,150,76,7,69,20,2025-05-31,A,A,False,5.215
2025-06-20,SKU-03641,E-02R-009-1-A,E,HB,floor,9,525,6,0,6,17,2025-06-03,C,C,False,0.334
2025-06-20,SKU-03642,B-02R-003-2-B,B,HB,prime,27,150,32,1,31,1,2025-06-19,A,B,True,2.354
2025-06-20,SKU-03643,C-01L-008-3-A,C,HB,prime,45,275,3,0,3,18,2025-06-02,B,C,True,0.576
2025-06-20,SKU-03644,B-02R-015-5-A,B,HB,overhead,81,150,53,6,47,15,2025-06-05,A,A,False,3.778
2025-06-20,SKU-03645,B-01L-001-3-A,B,HB,prime,45,150,101,2,99,10,2025-06-10,A,A,False,6.794
2025-06-20,SKU-03646,D-02L-011-3-A,D,HB,prime,45,400,10,0,10,14,2025-06-06,B,C,True,0.553
2025-06-20,SKU-03647,C-02R-023-3-B,C,HB,prime,45,275,4,0,4,14,2025-06-06,B,B,False,0.795
2025-06-20,SKU-03648,B-02R-022-3-A,B,HB,prime,45,150,189,15,174,11,2025-06-09,A,A,False,9.681
2025-06-20,SKU-03649,D-01R-019-3-A,D,HB,prime,45,400,10,1,9,15,2025-06-05,B,B,False,1.268
2025-06-20,SKU-03650,C-02L-008-3-A,C,HB,prime,45,275,15,0,15,16,2025-06-04,B,B,False,1.028
2025-06-20,SKU-03651,E-01L-016-3-B,E,HB,prime,45,525,3,0,3,4,2025-06-16,C,C,False,0.412
2025-06-20,SKU-03652,E-02R-022-1-B,E,HB,floor,9,525,2,0,2,14,2025-06-06,C,C,False,0.452
2025-06-20,SKU-03653,C-02R-004-4-A,C,HB,sub_prime,63,275,4,0,4,17,2025-06-03,C,C,False,0.469
2025-06-20,SKU-03654,E-02R-026-2-A,E,HB,prime,27,525,5,0,5,3,2025-06-17,C,C,False,0.332
2025-06-20,SKU-03655,E-02L-002-4-A,E,HB,sub_prime,63,525,4,0,4,5,2025-06-15,C,C,False,0.381
2025-06-20,SKU-03656,B-02L-020-1-A,B,HB,floor,9,150,3,0,3,3,2025-06-17,B,C,True,0.676
2025-06-20,SKU-03657,E-02R-001-1-B,E,HB,floor,9,525,5,0,5,19,2025-06-01,C,C,False,0.377
2025-06-20,SKU-03658,C-02R-009-3-A,C,HB,prime,45,275,4,0,4,6,2025-06-14,B,C,True,0.517
2025-06-20,SKU-03659,C-01R-005-4-A,C,HB,sub_prime,63,275,5,0,5,4,2025-06-16,C,C,False,0.465
2025-06-20,SKU-03660,B-01L-012-1-A,B,HB,floor,9,150,16,1,15,17,2025-06-03,B,B,False,1.147
2025-06-20,SKU-03661,D-01L-024-4-B,D,HB,sub_prime,63,400,23,0,23,2,2025-06-18,B,B,False,1.146
2025-06-20,SKU-03662,D-01L-021-4-A,D,HB,sub_prime,63,400,2,0,2,14,2025-06-06,C,C,False,0.396
2025-06-20,SKU-03663,E-01R-002-4-A,E,HB,sub_prime,63,525,1,0,1,5,2025-06-15,C,C,False,0.341
2025-06-20,SKU-03664,E-01R-002-5-B,E,HB,overhead,81,525,6,0,6,12,2025-06-08,B,B,False,0.936
2025-06-20,SKU-03665,C-01R-011-3-A,C,HB,prime,45,275,5,0,5,17,2025-06-03,B,C,True,0.647
2025-06-20,SKU-03666,D-01R-024-4-B,D,HB,sub_prime,63,400,3,0,3,15,2025-06-05,C,C,False,0.419
2025-06-20,SKU-03667,D-01R-023-2-B,D,HB,prime,27,400,2,0,2,19,2025-06-01,B,C,True,0.498
2025-06-20,SKU-03668,A-02R-020-5-B,A,HB,overhead,81,50,5,0,5,2,2025-06-18,B,B,False,0.897
2025-06-20,SKU-03669,E-01R-011-3-B,E,HB,prime,45,525,4,0,4,1,2025-06-19,C,C,False,0.383
2025-06-20,SKU-03670,C-01R-024-4-A,C,HB,sub_prime,63,275,6,0,6,17,2025-06-03,B,C,True,0.539
2025-06-20,SKU-03671,A-02R-011-3-A,A,HB,prime,45,50,36,0,36,1,2025-06-19,A,B,True,2.255
2025-06-20,SKU-03672,E-02R-020-2-B,E,HB,prime,27,525,6,0,6,16,2025-06-04,B,C,True,0.508
2025-06-20,SKU-03673,E-02R-008-4-B,E,HB,sub_prime,63,525,3,0,3,20,2025-05-31,C,C,False,0.317
2025-06-20,SKU-03674,C-02R-008-4-B,C,HB,sub_prime,63,275,10,0,10,7,2025-06-13,B,C,True,0.699
2025-06-20,SKU-03675,C-02L-003-3-A,C,HB,prime,45,275,6,0,6,9,2025-06-11,B,C,True,0.764
2025-06-20,SKU-03676,B-01R-002-4-B,B,HB,sub_prime,63,150,6,0,6,15,2025-06-05,B,C,True,0.641
2025-06-20,SKU-03677,C-02L-017-1-A,C,HB,floor,9,275,9,0,9,3,2025-06-17,B,B,False,0.912
2025-06-20,SKU-03678,D-01R-018-2-B,D,HB,prime,27,400,89,5,84,15,2025-06-05,A,A,False,4.529
2025-06-20,SKU-03679,B-02R-018-1-B,B,HB,floor,9,150,3,0,3,10,2025-06-10,B,C,True,0.641
2025-06-20,SKU-03680,B-01L-011-1-B,B,HB,floor,9,150,14,1,13,11,2025-06-09,B,B,False,1.549
2025-06-20,SKU-03681,D-01R-015-4-B,D,HB,sub_prime,63,400,4,0,4,18,2025-06-02,C,C,False,0.351
2025-06-20,SKU-03682,E-02R-024-1-B,E,HB,floor,9,525,3,0,3,1,2025-06-19,C,C,False,0.484
2025-06-20,SKU-03683,E-01L-003-5-B,E,HB,overhead,81,525,2,0,2,3,2025-06-17,C,C,False,0.432
2025-06-20,SKU-03684,D-01R-022-2-A,D,HB,prime,27,400,4,0,4,5,2025-06-15,C,C,False,0.333
2025-06-20,SKU-03685,D-02L-005-2-B,D,HB,prime,27,400,8,0,8,13,2025-06-07,B,B,False,1.059
2025-06-20,SKU-03686,E-02L-007-2-A,E,HB,prime,27,525,4,0,4,15,2025-06-05,C,C,False,0.321
2025-06-20,SKU-03687,B-02L-010-4-B,B,HB,sub_prime,63,150,3,0,3,10,2025-06-10,B,C,True,0.623
2025-06-20,SKU-03688,D-01L-024-4-A,D,HB,sub_prime,63,400,3,0,3,8,2025-06-12,B,C,True,0.659
2025-06-20,SKU-03689,D-01R-020-1-A,D,HB,floor,9,400,6,0,6,8,2025-06-12,B,C,True,0.488
2025-06-20,SKU-03690,C-01R-026-3-B,C,HB,prime,45,275,32,3,29,11,2025-06-09,A,B,True,2.16
2025-06-20,SKU-03691,C-01R-006-4-A,C,HB,sub_prime,63,275,14,0,14,10,2025-06-10,B,B,False,0.806
2025-06-20,SKU-03692,C-02L-018-2-B,C,HB,prime,27,275,38,3,35,8,2025-06-12,A,A,False,2.99
2025-06-20,SKU-03693,E-01L-026-4-A,E,HB,sub_prime,63,525,6,0,6,17,2025-06-03,B,C,True,0.737
2025-06-20,SKU-03694,A-01R-017-1-A,A,HB,floor,9,50,23,3,20,2,2025-06-18,A,A,False,4.596
2025-06-20,SKU-03695,D-02L-014-1-A,D,HB,floor,9,400,8,0,8,7,2025-06-13,C,C,False,0.447
2025-06-20,SKU-03696,C-01R-026-2-A,C,HB,prime,27,275,1,0,1,1,2025-06-19,C,C,False,0.347
2025-06-20,SKU-03697,C-01R-025-5-A,C,HB,overhead,81,275,10,0,10,6,2025-06-14,B,C,True,0.594
2025-06-20,SKU-03698,D-01L-021-5-B,D,HB,overhead,81,400,3,0,3,17,2025-06-03,C,C,False,0.467
2025-06-20,SKU-03699,D-02R-010-3-A,D,HB,prime,45,400,4,0,4,3,2025-06-17,C,C,False,0.335
2025-06-20,SKU-03700,D-02R-011-3-B,D,HB,prime,45,400,1,0,1,4,2025-06-16,C,C,False,0.349
2025-06-20,SKU-03701,C-02L-023-5-A,C,HB,overhead,81,275,15,0,15,13,2025-06-07,B,B,False,1.006
2025-06-20,SKU-03702,D-02L-020-5-B,D,HB,overhead,81,400,18,1,17,13,2025-06-07,B,B,False,1.875
2025-06-20,SKU-03703,C-01R-023-5-A,C,HB,overhead,81,275,4,0,4,6,2025-06-14,B,C,True,0.684
2025-06-20,SKU-03704,B-01L-005-2-A,B,HB,prime,27,150,29,1,28,18,2025-06-02,B,B,False,1.532
2025-06-20,SKU-03705,A-02L-025-2-A,A,HB,prime,27,50,127,7,120,18,2025-06-02,A,A,False,6.563
2025-06-20,SKU-03706,E-01R-008-4-B,E,HB,sub_prime,63,525,2,0,2,6,2025-06-14,C,C,False,0.311
2025-06-20,SKU-03707,D-02L-004-4-A,D,HB,sub_prime,63,400,3,0,3,19,2025-06-01,B,C,True,0.573
2025-06-20,SKU-03708,B-02L-016-2-B,B,HB,prime,27,150,4,0,4,14,2025-06-06,B,C,True,0.685
2025-06-20,SKU-03709,D-01L-020-3-A,D,HB,prime,45,400,3,0,3,4,2025-06-16,B,C,True,0.641
2025-06-20,SKU-03710,A-01R-015-3-A,A,HB,prime,45,50,36,0,36,1,2025-06-19,A,B,True,1.994
2025-06-20,SKU-03711,D-02L-025-5-A,D,HB,overhead,81,400,12,0,12,4,2025-06-16,B,C,True,0.667
2025-06-20,SKU-03712,B-01L-006-5-B,B,HB,overhead,81,150,25,0,25,18,2025-06-02,B,B,False,1.345
2025-06-20,SKU-03713,C-01L-016-1-B,C,HB,floor,9,275,18,0,18,13,2025-06-07,A,B,True,2.116
2025-06-20,SKU-03714,C-02L-006-5-B,C,HB,overhead,81,275,18,1,17,13,2025-06-07,B,B,False,1.17
2025-06-20,SKU-03715,D-02L-011-5-A,D,HB,overhead,81,400,7,0,7,10,2025-06-10,C,C,False,0.43
2025-06-20,SKU-03716,B-02L-011-2-A,B,HB,prime,27,150,9,0,9,8,2025-06-12,B,B,False,1.253
2025-06-20,SKU-03717,A-02R-001-2-A,A,HB,prime,27,50,10,0,10,9,2025-06-11,B,C,True,0.675
2025-06-20,SKU-03718,D-02L-018-4-B,D,HB,sub_prime,63,400,3,0,3,16,2025-06-04,C,C,False,0.378
2025-06-20,SKU-03719,C-02R-016-5-A,C,HB,overhead,81,275,10,0,10,14,2025-06-06,B,B,False,0.953
2025-06-20,SKU-03720,C-02L-012-1-A,C,HB,floor,9,275,24,2,22,13,2025-06-07,B,B,False,1.704
2025-06-20,SKU-03721,D-01R-026-1-B,D,HB,floor,9,400,5,0,5,18,2025-06-02,C,C,False,0.456
2025-06-20,SKU-03722,A-01L-001-5-B,A,HB,overhead,81,50,6,0,6,15,2025-06-05,B,C,True,0.715
2025-06-20,SKU-03723,B-01R-010-4-B,B,HB,sub_prime,63,150,9,0,9,14,2025-06-06,B,B,False,1.26
2025-06-20,SKU-03724,E-01R-013-4-B,E,HB,sub_prime,63,525,7,0,7,10,2025-06-10,C,C,False,0.429
2025-06-20,SKU-03725,D-02R-018-2-B,D,HB,prime,27,400,5,0,5,14,2025-06-06,B,B,False,1.109
2025-06-20,SKU-03726,C-02L-002-1-A,C,HB,floor,9,275,20,0,20,4,2025-06-16,B,B,False,1.334
2025-06-20,SKU-03727,B-02R-023-4-A,B,HB,sub_prime,63,150,9376,998,8378,14,2025-06-06,A,A,False,516.315
2025-06-20,SKU-03728,D-01R-024-1-B,D,HB,floor,9,400,2,0,2,13,2025-06-07,C,C,False,0.406
2025-06-20,SKU-03729,D-01R-011-4-A,D,HB,sub_prime,63,400,12,1,11,1,2025-06-19,B,B,False,1.22
2025-06-20,SKU-03730,D-01R-021-1-B,D,HB,floor,9,400,6,0,6,6,2025-06-14,C,C,False,0.402
2025-06-20,SKU-03731,D-02L-001-5-A,D,HB,overhead,81,400,2,0,2,9,2025-06-11,C,C,False,0.314
2025-06-20,SKU-03732,B-02L-001-3-B,B,HB,prime,45,150,3,0,3,12,2025-06-08,B,C,True,0.538
2025-06-20,SKU-03733,B-01L-003-4-A,B,HB,sub_prime,63,150,4,0,4,19,2025-06-01,B,C,True,0.507
2025-06-20,SKU-03734,A-02L-002-5-A,A,HB,overhead,81,50,76,2,74,8,2025-06-12,A,A,False,7.341
2025-06-20,SKU-03735,B-01R-002-3-A,B,HB,prime,45,150,23,4,19,3,2025-06-17,A,B,True,2.548
2025-06-20,SKU-03736,C-02R-001-4-A,C,HB,sub_prime,63,275,6,0,6,19,2025-06-01,B,C,True,0.514
2025-06-20,SKU-03737,A-01L-014-5-B,A,HB,overhead,81,50,5,0,5,20,2025-05-31,C,C,False,0.341
2025-06-20,SKU-03738,C-01L-016-5-A,C,HB,overhead,81,275,4,0,4,5,2025-06-15,B,C,True,0.521
2025-06-20,SKU-03739,E-01R-019-1-B,E,HB,floor,9,525,2,0,2,10,2025-06-10,C,C,False,0.466
2025-06-20,SKU-03740,B-01R-014-3-B,B,HB,prime,45,150,8,0,8,14,2025-06-06,B,C,True,0.489
2025-06-20,SKU-03741,D-01R-001-5-A,D,HB,overhead,81,400,12,0,12,18,2025-06-02,B,B,False,1.445
2025-06-20,SKU-03742,B-01L-024-4-B,B,HB,sub_prime,63,150,13,0,13,2,2025-06-18,B,B,False,0.821
2025-06-20,SKU-03743,D-02L-025-3-B,D,HB,prime,45,400,1,0,1,11,2025-06-09,C,C,False,0.326
2025-06-20,SKU-03744,A-01R-022-5-B,A,HB,overhead,81,50,61,4,57,19,2025-06-01,A,A,False,2.956
2025-06-20,SKU-03745,A-02L-025-3-B,A,HB,prime,45,50,20,1,19,5,2025-06-15,A,B,True,1.978
2025-06-20,SKU-03746,B-01R-014-1-A,B,HB,floor,9,150,26,0,26,4,2025-06-16,B,B,False,1.639
2025-06-20,SKU-03747,D-01R-012-1-A,D,HB,floor,9,400,5,0,5,10,2025-06-10,C,C,False,0.469
2025-06-20,SKU-03748,C-01R-004-4-B,C,HB,sub_prime,63,275,25,0,25,8,2025-06-12,B,B,False,1.541
2025-06-20,SKU-03749,E-02R-025-5-A,E,HB,overhead,81,525,2,0,2,17,2025-06-03,C,C,False,0.384
2025-06-20,SKU-03750,D-02L-011-2-A,D,HB,prime,27,400,11,0,11,19,2025-06-01,B,B,False,0.893
2025-06-20,SKU-03751,D-01L-010-1-A,D,HB,floor,9,400,2,0,2,14,2025-06-06,C,C,False,0.326
2025-06-20,SKU-03752,C-02R-005-3-A,C,HB,prime,45,275,3,0,3,3,2025-06-17,C,C,False,0.322
2025-06-20,SKU-03753,D-01L-002-2-A,D,HB,prime,27,400,2,0,2,6,2025-06-14,C,C,False,0.364
2025-06-20,SKU-03754,C-01L-006-4-B,C,HB,sub_prime,63,275,4,0,4,8,2025-06-12,C,C,False,0.333
2025-06-20,SKU-03755,D-01R-020-4-A,D,HB,sub_prime,63,400,9,0,9,8,2025-06-12,B,C,True,0.558
2025-06-20,SKU-03756,A-01L-005-3-A,A,HB,prime,45,50,126,15,111,14,2025-06-06,A,A,False,9.445
2025-06-20,SKU-03757,D-02L-005-5-A,D,HB,overhead,81,400,4,0,4,12,2025-06-08,C,C,False,0.38
2025-06-20,SKU-03758,B-01R-004-4-B,B,HB,sub_prime,63,150,9,0,9,19,2025-06-01,B,C,True,0.618
2025-06-20,SKU-03759,C-01L-001-5-A,C,HB,overhead,81,275,11,0,11,11,2025-06-09,B,C,True,0.616
2025-06-20,SKU-03760,E-02R-017-5-B,E,HB,overhead,81,525,1,0,1,16,2025-06-04,C,C,False,0.356
2025-06-20,SKU-03761,D-01R-019-1-A,D,HB,floor,9,400,2,0,2,13,2025-06-07,C,C,False,0.429
2025-06-20,SKU-03762,D-01L-007-1-B,D,HB,floor,9,400,3,0,3,9,2025-06-11,B,C,True,0.719
2025-06-20,SKU-03763,B-02L-013-4-A,B,HB,sub_prime,63,150,12,0,12,18,2025-06-02,B,C,True,0.621
2025-06-20,SKU-03764,C-02L-025-1-A,C,HB,floor,9,275,15,0,15,19,2025-06-01,A,B,True,2.248
2025-06-20,SKU-03765,D-02L-019-3-B,D,HB,prime,45,400,2,0,2,15,2025-06-05,C,C,False,0.33
2025-06-20,SKU-03766,E-01L-013-3-B,E,HB,prime,45,525,9,0,9,8,2025-06-12,B,C,True,0.557
2025-06-20,SKU-03767,D-01R-025-3-B,D,HB,prime,45,400,5,0,5,14,2025-06-06,B,C,True,0.596
2025-06-20,SKU-03768,A-02R-006-1-A,A,HB,floor,9,50,35,11,24,3,2025-06-17,A,A,False,6.705
2025-06-20,SKU-03769,E-02L-013-1-B,E,HB,floor,9,525,2,0,2,4,2025-06-16,C,C,False,0.324
2025-06-20,SKU-03770,D-01L-007-3-A,D,HB,prime,45,400,5,0,5,16,2025-06-04,B,C,True,0.527
2025-06-20,SKU-03771,E-02L-024-3-B,E,HB,prime,45,525,3,0,3,11,2025-06-09,C,C,False,0.423
2025-06-20,SKU-03772,C-02R-016-2-B,C,HB,prime,27,275,9,0,9,8,2025-06-12,B,B,False,1.784
2025-06-20,SKU-03773,E-02R-014-3-B,E,HB,prime,45,525,2,0,2,20,2025-05-31,C,C,False,0.442
2025-06-20,SKU-03774,B-02L-023-2-A,B,HB,prime,27,150,90,12,78,3,2025-06-17,A,A,False,9.742
2025-06-20,SKU-03775,D-01L-007-2-B,D,HB,prime,27,400,6,0,6,2,2025-06-18,C,C,False,0.482
2025-06-20,SKU-03776,B-01R-025-5-B,B,HB,overhead,81,150,3,0,3,3,2025-06-17,B,C,True,0.754
2025-06-20,SKU-03777,B-01L-011-4-A,B,HB,sub_prime,63,150,14,0,14,13,2025-06-07,B,C,True,0.728
2025-06-20,SKU-03778,A-02R-007-1-B,A,HB,floor,9,50,6,1,5,10,2025-06-10,B,B,False,1.154
2025-06-20,SKU-03779,B-02L-002-4-B,B,HB,sub_prime,63,150,13,0,13,18,2025-06-02,B,B,False,0.863
2025-06-20,SKU-03780,B-02L-019-4-B,B,HB,sub_prime,63,150,14,1,13,6,2025-06-14,B,B,False,1.235
2025-06-20,SKU-03781,E-01L-019-5-A,E,HB,overhead,81,525,1,0,1,11,2025-06-09,C,C,False,0.376
2025-06-20,SKU-03782,E-01L-024-4-A,E,HB,sub_prime,63,525,2,0,2,19,2025-06-01,C,C,False,0.418
2025-06-20,SKU-03783,D-02L-010-2-A,D,HB,prime,27,400,4,0,4,17,2025-06-03,C,C,False,0.372
2025-06-20,SKU-03784,C-01L-009-1-B,C,HB,floor,9,275,8,0,8,8,2025-06-12,B,B,False,0.929
2025-06-20,SKU-03785,C-02R-008-3-B,C,HB,prime,45,275,20,1,19,17,2025-06-03,B,B,False,1.088
2025-06-20,SKU-03786,D-01L-017-3-B,D,HB,prime,45,400,9,0,9,8,2025-06-12,B,C,True,0.498
2025-06-20,SKU-03787,C-02L-018-1-B,C,HB,floor,9,275,200,19,181,19,2025-06-01,A,A,False,16.478
2025-06-20,SKU-03788,D-02R-007-1-B,D,HB,floor,9,400,15,0,15,14,2025-06-06,B,B,False,0.8
2025-06-20,SKU-03789,C-01R-020-5-A,C,HB,overhead,81,275,14,0,14,14,2025-06-06,B,B,False,0.923
2025-06-20,SKU-03790,A-01L-017-1-B,A,HB,floor,9,50,88,2,86,16,2025-06-04,A,A,False,7.171
2025-06-20,SKU-03791,D-01L-026-4-B,D,HB,sub_prime,63,400,9,0,9,17,2025-06-03,B,B,False,0.983
2025-06-20,SKU-03792,B-02L-003-1-B,B,HB,floor,9,150,5,0,5,2,2025-06-18,B,C,True,0.643
2025-06-20,SKU-03793,C-02R-004-1-B,C,HB,floor,9,275,10,0,10,15,2025-06-05,B,B,False,0.946
2025-06-20,SKU-03794,D-01L-001-4-B,D,HB,sub_prime,63,400,7,0,7,5,2025-06-15,C,C,False,0.382
2025-06-20,SKU-03795,E-01R-017-3-B,E,HB,prime,45,525,7,0,7,13,2025-06-07,B,C,True,0.575
2025-06-20,SKU-03796,D-02R-001-2-B,D,HB,prime,27,400,9,0,9,7,2025-06-13,B,C,True,0.523
2025-06-20,SKU-03797,A-01R-006-2-A,A,HB,prime,27,50,36,1,35,16,2025-06-04,A,B,True,2.134
2025-06-20,SKU-03798,C-02L-019-3-A,C,HB,prime,45,275,9,0,9,11,2025-06-09,B,B,False,1.162
2025-06-20,SKU-03799,E-01L-010-1-B,E,HB,floor,9,525,5,0,5,1,2025-06-19,C,C,False,0.466
2025-06-20,SKU-03800,E-02R-012-1-A,E,HB,floor,9,525,2,0,2,4,2025-06-16,C,C,False,0.408
2025-06-20,SKU-03801,C-02R-020-3-A,C,HB,prime,45,275,7,0,7,18,2025-06-02,B,C,True,0.503
2025-06-20,SKU-03802,C-02R-021-2-A,C,HB,prime,27,275,16,0,16,9,2025-06-11,B,B,False,1.519
2025-06-20,SKU-03803,A-01R-016-4-A,A,HB,sub_prime,63,50,141,5,136,9,2025-06-11,A,A,False,14.21
2025-06-20,SKU-03804,B-01L-007-4-B,B,HB,sub_prime,63,150,10,0,10,15,2025-06-05,B,B,False,0.858
2025-06-20,SKU-03805,E-02L-006-4-B,E,HB,sub_prime,63,525,2,0,2,18,2025-06-02,C,C,False,0.474
2025-06-20,SKU-03806,E-01R-003-5-B,E,HB,overhead,81,525,3,0,3,20,2025-05-31,C,C,False,0.324
2025-06-20,SKU-03807,C-02L-005-4-B,C,HB,sub_prime,63,275,7,0,7,1,2025-06-19,B,C,True,0.524
2025-06-20,SKU-03808,C-02L-018-2-A,C,HB,prime,27,275,19,1,18,11,2025-06-09,B,B,False,1.14
2025-06-20,SKU-03809,B-01L-004-2-A,B,HB,prime,27,150,6,0,6,5,2025-06-15,B,B,False,0.774
2025-06-20,SKU-03810,A-01L-019-2-B,A,HB,prime,27,50,12,0,12,2,2025-06-18,B,C,True,0.71
2025-06-20,SKU-03811,D-01L-025-4-A,D,HB,sub_prime,63,400,13,1,12,2,2025-06-18,B,B,False,1.402
2025-06-20,SKU-03812,B-01L-010-4-B,B,HB,sub_prime,63,150,13,1,12,10,2025-06-10,B,B,False,1.62
2025-06-20,SKU-03813,C-01R-018-5-A,C,HB,overhead,81,275,10,0,10,12,2025-06-08,B,C,True,0.762
2025-06-20,SKU-03814,D-02R-014-1-A,D,HB,floor,9,400,3,0,3,9,2025-06-11,C,C,False,0.34
2025-06-20,SKU-03815,D-02R-014-1-B,D,HB,floor,9,400,4,0,4,10,2025-06-10,B,C,True,0.522
2025-06-20,SKU-03816,D-01R-018-4-A,D,HB,sub_prime,63,400,6,0,6,11,2025-06-09,B,B,False,0.82
2025-06-20,SKU-03817,D-02R-026-4-B,D,HB,sub_prime,63,400,6,0,6,11,2025-06-09,C,C,False,0.358
2025-06-20,SKU-03818,B-02R-010-1-A,B,HB,floor,9,150,39,7,32,15,2025-06-05,A,A,False,4.141
2025-06-20,SKU-03819,B-01R-011-1-B,B,HB,floor,9,150,19,6,13,14,2025-06-06,A,A,False,3.662
2025-06-20,SKU-03820,C-01L-014-3-B,C,HB,prime,45,275,11,0,11,12,2025-06-08,B,C,True,0.685
2025-06-20,SKU-03821,A-01R-017-3-A,A,HB,prime,45,50,117,6,111,12,2025-06-08,A,A,False,12.392
2025-06-20,SKU-03822,C-02L-016-3-A,C,HB,prime,45,275,7,0,7,4,2025-06-16,B,C,True,0.668
2025-06-20,SKU-03823,C-02R-020-1-B,C,HB,floor,9,275,1641,157,1484,2,2025-06-18,A,A,False,103.263
2025-06-20,SKU-03824,A-02R-020-3-A,A,HB,prime,45,50,37,1,36,6,2025-06-14,A,B,True,2.639
2025-06-20,SKU-03825,B-01R-003-2-A,B,HB,prime,27,150,502,24,478,20,2025-05-31,A,A,False,24.586
2025-06-20,SKU-03826,B-02R-016-4-A,B,HB,sub_prime,63,150,41,2,39,10,2025-06-10,A,B,True,2.21
2025-06-20,SKU-03827,A-01L-002-3-A,A,HB,prime,45,50,30,0,30,19,2025-06-01,B,B,False,1.66
2025-06-20,SKU-03828,C-01R-013-4-B,C,HB,sub_prime,63,275,6,0,6,20,2025-05-31,B,C,True,0.602
2025-06-20,SKU-03829,A-02L-009-5-B,A,HB,overhead,81,50,13,0,13,2,2025-06-18,B,B,False,0.927
2025-06-20,SKU-03830,A-02R-011-1-A,A,HB,floor,9,50,229,1,228,19,2025-06-01,A,A,False,11.559
2025-06-20,SKU-03831,A-01L-021-5-B,A,HB,overhead,81,50,14,1,13,3,2025-06-17,A,B,True,2.004
2025-06-20,SKU-03832,B-02R-008-5-B,B,HB,overhead,81,150,12,1,11,10,2025-06-10,B,B,False,1.511
2025-06-20,SKU-03833,B-01R-024-5-B,B,HB,overhead,81,150,4,0,4,6,2025-06-14,C,C,False,0.337
2025-06-20,SKU-03834,C-02R-021-2-B,C,HB,prime,27,275,7,0,7,6,2025-06-14,B,C,True,0.524
2025-06-20,SKU-03835,B-01L-010-1-A,B,HB,floor,9,150,4,0,4,2,2025-06-18,B,C,True,0.532
2025-06-20,SKU-03836,D-02R-025-3-B,D,HB,prime,45,400,15,1,14,6,2025-06-14,B,B,False,1.018
2025-06-20,SKU-03837,D-01R-026-5-A,D,HB,overhead,81,400,1,0,1,2,2025-06-18,C,C,False,0.393
2025-06-20,SKU-03838,B-01L-024-2-B,B,HB,prime,27,150,36,2,34,18,2025-06-02,A,B,True,2.014
2025-06-20,SKU-03839,C-02L-026-2-B,C,HB,prime,27,275,5,0,5,2,2025-06-18,B,C,True,0.507
2025-06-20,SKU-03840,B-01R-009-5-B,B,HB,overhead,81,150,57,3,54,9,2025-06-11,A,A,False,2.858
2025-06-20,SKU-03841,D-02R-011-5-A,D,HB,overhead,81,400,2,0,2,4,2025-06-16,C,C,False,0.37
2025-06-20,SKU-03842,D-01R-005-2-B,D,HB,prime,27,400,15,1,14,4,2025-06-16,B,B,False,1.437
2025-06-20,SKU-03843,E-02R-014-3-A,E,HB,prime,45,525,3,0,3,18,2025-06-02,C,C,False,0.36
2025-06-20,SKU-03844,B-02L-020-2-B,B,HB,prime,27,150,6,0,6,20,2025-05-31,B,C,True,0.511
2025-06-20,SKU-03845,D-01R-015-3-A,D,HB,prime,45,400,31,2,29,17,2025-06-03,A,B,True,1.971
2025-06-20,SKU-03846,C-02L-022-5-A,C,HB,overhead,81,275,7,0,7,17,2025-06-03,B,C,True,0.74
2025-06-20,SKU-03847,C-02L-010-2-B,C,HB,prime,27,275,9,0,9,9,2025-06-11,B,C,True,0.658
2025-06-20,SKU-03848,D-01L-017-4-A,D,HB,sub_prime,63,400,7,0,7,2,2025-06-18,C,C,False,0.415
2025-06-20,SKU-03849,B-02L-015-2-A,B,HB,prime,27,150,8,0,8,12,2025-06-08,B,C,True,0.606
2025-06-20,SKU-03850,A-02L-011-4-A,A,HB,sub_prime,63,50,162,7,155,2,2025-06-18,A,A,False,9.929
2025-06-20,SKU-03851,E-01R-020-4-B,E,HB,sub_prime,63,525,5,0,5,6,2025-06-14,C,C,False,0.354
2025-06-20,SKU-03852,D-01L-024-2-B,D,HB,prime,27,400,7,1,6,10,2025-06-10,B,B,False,1.001
2025-06-20,SKU-03853,B-02R-014-5-A,B,HB,overhead,81,150,17,1,16,3,2025-06-17,B,B,False,1.315
2025-06-20,SKU-03854,B-02L-022-3-A,B,HB,prime,45,150,54,7,47,14,2025-06-06,A,A,False,8.751
2025-06-20,SKU-03855,B-02R-015-3-B,B,HB,prime,45,150,22,4,18,16,2025-06-04,A,A,False,2.826
2025-06-20,SKU-03856,D-02R-018-3-A,D,HB,prime,45,400,5,0,5,6,2025-06-14,C,C,False,0.324
2025-06-20,SKU-03857,C-01L-017-1-A,C,HB,floor,9,275,8,0,8,19,2025-06-01,B,C,True,0.636
2025-06-20,SKU-03858,C-02R-016-2-A,C,HB,prime,27,275,9,0,9,15,2025-06-05,B,C,True,0.712
2025-06-20,SKU-03859,C-01R-007-4-B,C,HB,sub_prime,63,275,4,0,4,16,2025-06-04,B,C,True,0.573
2025-06-20,SKU-03860,C-02R-023-5-B,C,HB,overhead,81,275,37,3,34,3,2025-06-17,A,A,False,2.746
2025-06-20,SKU-03861,D-01L-020-1-B,D,HB,floor,9,400,8,0,8,19,2025-06-01,C,C,False,0.455
2025-06-20,SKU-03862,C-02L-004-1-B,C,HB,floor,9,275,5,0,5,2,2025-06-18,B,B,False,0.805
2025-06-20,SKU-03863,E-02R-006-4-B,E,HB,sub_prime,63,525,3,0,3,5,2025-06-15,C,C,False,0.311
2025-06-20,SKU-03864,C-02L-020-3-A,C,HB,prime,45,275,9,0,9,10,2025-06-10,B,C,True,0.734
2025-06-20,SKU-03865,D-01L-020-2-A,D,HB,prime,27,400,7,1,6,20,2025-05-31,B,B,False,1.144
2025-06-20,SKU-03866,D-02L-009-4-B,D,HB,sub_prime,63,400,5,0,5,18,2025-06-02,C,C,False,0.36
2025-06-20,SKU-03867,C-01L-006-1-B,C,HB,floor,9,275,1,0,1,3,2025-06-17,C,C,False,0.342
2025-06-20,SKU-03868,B-02R-015-1-A,B,HB,floor,9,150,11,0,11,14,2025-06-06,A,B,True,2.139
2025-06-20,SKU-03869,D-01L-013-4-A,D,HB,sub_prime,63,400,4,0,4,18,2025-06-02,C,C,False,0.443
2025-06-20,SKU-03870,D-02R-024-4-B,D,HB,sub_prime,63,400,1,0,1,5,2025-06-15,C,C,False,0.356
2025-06-20,SKU-03871,E-02L-003-1-A,E,HB,floor,9,525,5,0,5,13,2025-06-07,C,C,False,0.446
2025-06-20,SKU-03872,C-01L-016-4-A,C,HB,sub_prime,63,275,4,0,4,17,2025-06-03,C,C,False,0.375
2025-06-20,SKU-03873,B-01R-025-2-B,B,HB,prime,27,150,13,0,13,4,2025-06-16,B,C,True,0.67
2025-06-20,SKU-03874,D-02R-006-1-A,D,HB,floor,9,400,10,0,10,11,2025-06-09,B,C,True,0.525
2025-06-20,SKU-03875,C-02R-012-3-B,C,HB,prime,45,275,3,0,3,4,2025-06-16,B,C,True,0.672
2025-06-20,SKU-03876,B-01L-023-5-A,B,HB,overhead,81,150,36,1,35,20,2025-05-31,B,B,False,1.889
2025-06-20,SKU-03877,C-02L-026-4-A,C,HB,sub_prime,63,275,9,0,9,1,2025-06-19,B,C,True,0.49
2025-06-20,SKU-03878,E-01R-004-1-B,E,HB,floor,9,525,32,0,32,20,2025-05-31,A,A,False,3.214
2025-06-20,SKU-03879,D-02R-011-4-A,D,HB,sub_prime,63,400,3,0,3,5,2025-06-15,C,C,False,0.31
2025-06-20,SKU-03880,B-01L-003-5-A,B,HB,overhead,81,150,6,1,5,13,2025-06-07,B,B,False,1.08
2025-06-20,SKU-03881,B-02R-002-4-A,B,HB,sub_prime,63,150,1411,94,1317,8,2025-06-12,A,A,False,140.813
2025-06-20,SKU-03882,B-01R-002-3-B,B,HB,prime,45,150,197,5,192,7,2025-06-13,A,A,False,10.757
2025-06-20,SKU-03883,B-02L-017-2-B,B,HB,prime,27,150,61,0,61,20,2025-05-31,A,A,False,4.81
2025-06-20,SKU-03884,D-02R-005-5-B,D,HB,overhead,81,400,3,0,3,16,2025-06-04,C,C,False,0.438
2025-06-20,SKU-03885,C-01L-012-4-A,C,HB,sub_prime,63,275,8,0,8,16,2025-06-04,B,C,True,0.544
2025-06-20,SKU-03886,D-02L-006-5-A,D,HB,overhead,81,400,5,0,5,3,2025-06-17,C,C,False,0.484
2025-06-20,SKU-03887,B-02R-019-4-B,B,HB,sub_prime,63,150,17,1,16,12,2025-06-08,B,B,False,1.141
2025-06-20,SKU-03888,C-01R-024-3-A,C,HB,prime,45,275,16,0,16,4,2025-06-16,B,B,False,1.026
2025-06-20,SKU-03889,C-01R-017-5-A,C,HB,overhead,81,275,2,0,2,15,2025-06-05,C,C,False,0.47
2025-06-20,SKU-03890,C-01R-016-2-A,C,HB,prime,27,275,6,0,6,12,2025-06-08,B,C,True,0.528
2025-06-20,SKU-03891,A-01L-018-5-A,A,HB,overhead,81,50,18,1,17,19,2025-06-01,B,B,False,1.025
2025-06-20,SKU-03892,C-01R-012-5-A,C,HB,overhead,81,275,26,1,25,2,2025-06-18,B,B,False,1.54
2025-06-20,SKU-03893,B-01L-014-5-A,B,HB,overhead,81,150,14,0,14,4,2025-06-16,B,B,False,0.786
2025-06-20,SKU-03894,D-01L-019-1-A,D,HB,floor,9,400,4,0,4,3,2025-06-17,C,C,False,0.446
2025-06-20,SKU-03895,A-01L-002-1-B,A,HB,floor,9,50,26,3,23,12,2025-06-08,A,B,True,2.194
2025-06-20,SKU-03896,E-02R-018-1-A,E,HB,floor,9,525,6,0,6,16,2025-06-04,C,C,False,0.351
2025-06-20,SKU-03897,D-02L-007-3-A,D,HB,prime,45,400,3,0,3,19,2025-06-01,C,C,False,0.316
2025-06-20,SKU-03898,C-01R-002-3-B,C,HB,prime,45,275,2,0,2,19,2025-06-01,B,C,True,0.535
2025-06-20,SKU-03899,D-02R-017-4-A,D,HB,sub_prime,63,400,5,0,5,9,2025-06-11,B,B,False,0.784
2025-06-20,SKU-03900,C-01R-006-3-B,C,HB,prime,45,275,9,0,9,15,2025-06-05,B,C,True,0.569
2025-06-20,SKU-03901,C-01L-019-1-A,C,HB,floor,9,275,8,0,8,18,2025-06-02,B,B,False,0.868
2025-06-20,SKU-03902,C-01R-009-1-B,C,HB,floor,9,275,16,0,16,19,2025-06-01,B,B,False,1.159
2025-06-20,SKU-03903,B-01L-004-3-A,B,HB,prime,45,150,11,0,11,7,2025-06-13,B,C,True,0.68
2025-06-20,SKU-03904,C-01L-010-1-B,C,HB,floor,9,275,5,0,5,5,2025-06-15,C,C,False,0.342
2025-06-20,SKU-03905,C-01R-026-1-B,C,HB,floor,9,275,11,1,10,17,2025-06-03,B,B,False,1.034
2025-06-20,SKU-03906,C-02R-012-1-B,C,HB,floor,9,275,9,1,8,7,2025-06-13,B,B,False,1.322
2025-06-20,SKU-03907,D-01R-026-5-B,D,HB,overhead,81,400,5,0,5,13,2025-06-07,B,C,True,0.503
2025-06-20,SKU-03908,A-02R-004-5-B,A,HB,overhead,81,50,19,0,19,11,2025-06-09,A,A,False,3.473
2025-06-20,SKU-03909,E-02L-012-1-A,E,HB,floor,9,525,4,0,4,2,2025-06-18,C,C,False,0.32
2025-06-20,SKU-03910,A-02L-021-3-A,A,HB,prime,45,50,33,3,30,6,2025-06-14,A,A,False,4.886
2025-06-20,SKU-03911,C-01R-010-4-A,C,HB,sub_prime,63,275,5,0,5,1,2025-06-19,B,B,False,0.769
2025-06-20,SKU-03912,C-02L-015-2-B,C,HB,prime,27,275,6,0,6,4,2025-06-16,B,C,True,0.556
2025-06-20,SKU-03913,D-01L-019-5-B,D,HB,overhead,81,400,9,0,9,11,2025-06-09,B,B,False,0.772
2025-06-20,SKU-03914,D-02R-004-2-A,D,HB,prime,27,400,11,0,11,13,2025-06-07,B,C,True,0.583
2025-06-20,SKU-03915,D-01L-007-2-A,D,HB,prime,27,400,14,1,13,15,2025-06-05,B,B,False,1.131
2025-06-20,SKU-03916,D-02R-020-2-A,D,HB,prime,27,400,4,0,4,5,2025-06-15,C,C,False,0.328
2025-06-20,SKU-03917,E-02R-007-1-B,E,HB,floor,9,525,4,0,4,11,2025-06-09,C,C,False,0.439
2025-06-20,SKU-03918,B-01L-026-5-B,B,HB,overhead,81,150,17,0,17,2,2025-06-18,B,B,False,0.955
2025-06-20,SKU-03919,D-02L-022-3-B,D,HB,prime,45,400,5,0,5,3,2025-06-17,B,C,True,0.612
2025-06-20,SKU-03920,C-02L-014-4-A,C,HB,sub_prime,63,275,28,4,24,19,2025-06-01,A,A,False,2.751
2025-06-20,SKU-03921,B-01R-021-2-B,B,HB,prime,27,150,3,0,3,11,2025-06-09,B,C,True,0.524
2025-06-20,SKU-03922,E-02R-018-4-B,E,HB,sub_prime,63,525,3,0,3,12,2025-06-08,C,C,False,0.336
2025-06-20,SKU-03923,C-02R-013-2-A,C,HB,prime,27,275,4,0,4,16,2025-06-04,C,C,False,0.31
2025-06-20,SKU-03924,D-02L-008-2-A,D,HB,prime,27,400,4,0,4,10,2025-06-10,C,C,False,0.398
2025-06-20,SKU-03925,E-01L-010-1-A,E,HB,floor,9,525,5,0,5,18,2025-06-02,C,C,False,0.462
2025-06-20,SKU-03926,D-01R-025-4-B,D,HB,sub_prime,63,400,7,0,7,4,2025-06-16,C,C,False,0.408
2025-06-20,SKU-03927,D-02R-002-3-B,D,HB,prime,45,400,1,0,1,5,2025-06-15,C,C,False,0.32
2025-06-20,SKU-03928,E-02R-026-1-B,E,HB,floor,9,525,4,0,4,16,2025-06-04,C,C,False,0.313
2025-06-20,SKU-03929,D-02R-015-3-B,D,HB,prime,45,400,2,0,2,13,2025-06-07,C,C,False,0.354
2025-06-20,SKU-03930,C-02L-012-5-B,C,HB,overhead,81,275,16,0,16,10,2025-06-10,B,B,False,0.865
2025-06-20,SKU-03931,E-01R-005-5-A,E,HB,overhead,81,525,4,0,4,19,2025-06-01,C,C,False,0.391
2025-06-20,SKU-03932,B-02L-019-5-B,B,HB,overhead,81,150,154,13,141,4,2025-06-16,A,A,False,7.706
2025-06-20,SKU-03933,D-02L-011-5-B,D,HB,overhead,81,400,5,0,5,15,2025-06-05,C,C,False,0.388
2025-06-20,SKU-03934,B-01R-007-1-A,B,HB,floor,9,150,28,0,28,20,2025-05-31,B,B,False,1.678
2025-06-20,SKU-03935,D-02R-008-4-A,D,HB,sub_prime,63,400,3,0,3,1,2025-06-19,C,C,False,0.383
2025-06-20,SKU-03936,C-02L-021-3-A,C,HB,prime,45,275,7,0,7,14,2025-06-06,C,C,False,0.483
2025-06-20,SKU-03937,E-01R-010-2-B,E,HB,prime,27,525,6,0,6,11,2025-06-09,C,C,False,0.379
2025-06-20,SKU-03938,B-02R-007-3-B,B,HB,prime,45,150,145,8,137,19,2025-06-01,A,A,False,7.376
2025-06-20,SKU-03939,B-01L-002-4-A,B,HB,sub_prime,63,150,8,0,8,14,2025-06-06,B,C,True,0.542
2025-06-20,SKU-03940,A-01R-016-3-B,A,HB,prime,45,50,3,0,3,9,2025-06-11,B,C,True,0.514
2025-06-20,SKU-03941,C-01R-021-5-B,C,HB,overhead,81,275,22,0,22,19,2025-06-01,B,B,False,1.577
2025-06-20,SKU-03942,C-01R-008-2-A,C,HB,prime,27,275,21,1,20,10,2025-06-10,B,B,False,1.118
2025-06-20,SKU-03943,D-02L-017-5-B,D,HB,overhead,81,400,3,0,3,11,2025-06-09,C,C,False,0.366
2025-06-20,SKU-03944,C-02L-017-3-B,C,HB,prime,45,275,10,0,10,8,2025-06-12,B,B,False,1.014
2025-06-20,SKU-03945,A-01R-010-4-A,A,HB,sub_prime,63,50,120,2,118,3,2025-06-17,A,A,False,8.954
2025-06-20,SKU-03946,A-02L-004-5-B,A,HB,overhead,81,50,43,1,42,18,2025-06-02,A,A,False,3.324
2025-06-20,SKU-03947,B-01R-009-1-A,B,HB,floor,9,150,1,0,1,6,2025-06-14,C,C,False,0.393
2025-06-20,SKU-03948,C-01R-020-4-A,C,HB,sub_prime,63,275,3,0,3,14,2025-06-06,B,C,True,0.627
2025-06-20,SKU-03949,B-02R-011-1-A,B,HB,floor,9,150,11,0,11,11,2025-06-09,B,B,False,1.094
2025-06-20,SKU-03950,E-02R-012-5-B,E,HB,overhead,81,525,3,0,3,7,2025-06-13,C,C,False,0.413
2025-06-20,SKU-03951,E-01R-001-4-A,E,HB,sub_prime,63,525,7,0,7,7,2025-06-13,C,C,False,0.389
2025-06-20,SKU-03952,E-01L-009-3-B,E,HB,prime,45,525,3,0,3,10,2025-06-10,C,C,False,0.446
2025-06-20,SKU-03953,D-02R-014-5-A,D,HB,overhead,81,400,10,0,10,17,2025-06-03,B,B,False,0.841
2025-06-20,SKU-03954,A-01R-024-2-B,A,HB,prime,27,50,5,0,5,14,2025-06-06,B,C,True,0.749
2025-06-20,SKU-03955,C-01R-003-2-B,C,HB,prime,27,275,2,0,2,6,2025-06-14,B,C,True,0.508
2025-06-20,SKU-03956,B-02L-022-2-B,B,HB,prime,27,150,9,0,9,7,2025-06-13,C,C,False,0.485
2025-06-20,SKU-03957,C-02R-026-4-A,C,HB,sub_prime,63,275,4,0,4,1,2025-06-19,C,C,False,0.356
2025-06-20,SKU-03958,D-01L-009-1-B,D,HB,floor,9,400,1,0,1,6,2025-06-14,C,C,False,0.32
2025-06-20,SKU-03959,E-02R-014-2-B,E,HB,prime,27,525,3,0,3,6,2025-06-14,C,C,False,0.376
2025-06-20,SKU-03960,C-01R-011-1-A,C,HB,floor,9,275,4,0,4,5,2025-06-15,C,C,False,0.437
2025-06-20,SKU-03961,C-02L-024-2-B,C,HB,prime,27,275,19,1,18,19,2025-06-01,B,B,False,1.219
2025-06-20,SKU-03962,E-01R-014-5-B,E,HB,overhead,81,525,3,0,3,1,2025-06-19,C,C,False,0.397
2025-06-20,SKU-03963,D-01L-006-1-B,D,HB,floor,9,400,11,0,11,12,2025-06-08,B,C,True,0.668
2025-06-20,SKU-03964,A-02L-006-3-A,A,HB,prime,45,50,29,5,24,19,2025-06-01,A,A,False,3.723
2025-06-20,SKU-03965,E-02R-008-5-B,E,HB,overhead,81,525,8,0,8,10,2025-06-10,B,C,True,0.504
2025-06-20,SKU-03966,E-01L-010-3-B,E,HB,prime,45,525,5,0,5,15,2025-06-05,C,C,False,0.432
2025-06-20,SKU-03967,C-01R-011-4-B,C,HB,sub_prime,63,275,13,0,13,3,2025-06-17,B,B,False,0.816
2025-06-20,SKU-03968,A-02L-019-2-B,A,HB,prime,27,50,34,8,26,4,2025-06-16,A,A,False,4.569
2025-06-20,SKU-03969,C-01L-026-5-B,C,HB,overhead,81,275,27,2,25,3,2025-06-17,B,B,False,1.833
2025-06-20,SKU-03970,C-02L-022-1-A,C,HB,floor,9,275,67,13,54,1,2025-06-19,A,A,False,7.519
2025-06-20,SKU-03971,D-02R-024-3-B,D,HB,prime,45,400,7,0,7,15,2025-06-05,C,C,False,0.481
2025-06-20,SKU-03972,E-02L-013-5-A,E,HB,overhead,81,525,2,0,2,1,2025-06-19,C,C,False,0.352
2025-06-20,SKU-03973,D-01L-024-5-A,D,HB,overhead,81,400,11,1,10,3,2025-06-17,B,B,False,1.421
2025-06-20,SKU-03974,C-02R-009-2-B,C,HB,prime,27,275,1,0,1,20,2025-05-31,C,C,False,0.361
2025-06-20,SKU-03975,B-02R-025-5-A,B,HB,overhead,81,150,5,0,5,17,2025-06-03,B,C,True,0.661
2025-06-20,SKU-03976,C-02R-026-4-B,C,HB,sub_prime,63,275,5,0,5,14,2025-06-06,B,C,True,0.714
2025-06-20,SKU-03977,D-02L-015-2-A,D,HB,prime,27,400,5,0,5,13,2025-06-07,B,C,True,0.649
2025-06-20,SKU-03978,D-02R-017-3-A,D,HB,prime,45,400,3,0,3,18,2025-06-02,C,C,False,0.318
2025-06-20,SKU-03979,B-02R-002-2-A,B,HB,prime,27,150,53,3,50,6,2025-06-14,A,A,False,2.811
2025-06-20,SKU-03980,C-01R-004-5-B,C,HB,overhead,81,275,3,0,3,11,2025-06-09,C,C,False,0.481
2025-06-20,SKU-03981,D-02L-008-1-B,D,HB,floor,9,400,13,0,13,14,2025-06-06,B,B,False,0.792
2025-06-20,SKU-03982,E-02L-005-2-A,E,HB,prime,27,525,8,0,8,16,2025-06-04,C,C,False,0.433
2025-06-20,SKU-03983,C-01L-011-1-B,C,HB,floor,9,275,6,0,6,6,2025-06-14,B,C,True,0.694
2025-06-20,SKU-03984,E-02L-012-5-B,E,HB,overhead,81,525,7,0,7,9,2025-06-11,C,C,False,0.409
2025-06-20,SKU-03985,A-02R-024-3-B,A,HB,prime,45,50,85,7,78,13,2025-06-07,A,A,False,4.438
2025-06-20,SKU-03986,C-02L-006-3-B,C,HB,prime,45,275,3,0,3,2,2025-06-18,C,C,False,0.442
2025-06-20,SKU-03987,B-02R-025-3-A,B,HB,prime,45,150,5,0,5,14,2025-06-06,B,C,True,0.684
2025-06-20,SKU-03988,C-01L-003-3-A,C,HB,prime,45,275,5,0,5,13,2025-06-07,B,C,True,0.645
2025-06-20,SKU-03989,D-01L-010-2-B,D,HB,prime,27,400,7,0,7,12,2025-06-08,B,B,False,0.91
2025-06-20,SKU-03990,B-01R-015-4-A,B,HB,sub_prime,63,150,26,0,26,14,2025-06-06,A,B,True,2.329
2025-06-20,SKU-03991,A-02L-011-2-A,A,HB,prime,27,50,45,1,44,16,2025-06-04,A,B,True,2.39
2025-06-20,SKU-03992,A-01R-013-3-A,A,HB,prime,45,50,30,2,28,2,2025-06-18,A,B,True,1.976
2025-06-20,SKU-03993,B-02L-018-2-B,B,HB,prime,27,150,22,1,21,3,2025-06-17,A,A,False,4.477
2025-06-20,SKU-03994,A-01L-010-3-A,A,HB,prime,45,50,191,17,174,2,2025-06-18,A,A,False,10.058
2025-06-20,SKU-03995,B-02R-012-4-B,B,HB,sub_prime,63,150,19,1,18,19,2025-06-01,A,A,False,3.227
2025-06-20,SKU-03996,B-02L-004-4-B,B,HB,sub_prime,63,150,8,0,8,20,2025-05-31,B,C,True,0.506
2025-06-20,SKU-03997,D-01L-020-1-A,D,HB,floor,9,400,6,0,6,14,2025-06-06,B,C,True,0.567
2025-06-20,SKU-03998,E-02L-016-1-A,E,HB,floor,9,525,2,0,2,14,2025-06-06,B,C,True,0.511
2025-06-20,SKU-03999,A-02R-017-3-A,A,HB,prime,45,50,52,1,51,10,2025-06-10,A,A,False,3.092
2025-06-20,SKU-04000,B-02L-009-2-B,B,HB,prime,27,150,9,0,9,8,2025-06-12,B,C,True,0.682
2025-06-20,SKU-04001,A-01R-003-2-B,A,HB,prime,27,50,22,1,21,1,2025-06-19,A,A,False,2.699
2025-06-20,SKU-04002,E-02L-007-1-A,E,HB,floor,9,525,5,0,5,14,2025-06-06,C,C,False,0.358
2025-06-20,SKU-04003,C-02R-011-2-B,C,HB,prime,27,275,3,0,3,13,2025-06-07,C,C,False,0.336
2025-06-20,SKU-04004,E-02L-009-5-B,E,HB,overhead,81,525,2,0,2,13,2025-06-07,C,C,False,0.465
2025-06-20,SKU-04005,E-01R-009-4-A,E,HB,sub_prime,63,525,2,0,2,10,2025-06-10,C,C,False,0.425
2025-06-20,SKU-04006,D-01L-009-2-B,D,HB,prime,27,400,8,1,7,8,2025-06-12,B,B,False,1.424
2025-06-20,SKU-04007,C-01L-023-1-B,C,HB,floor,9,275,12,0,12,1,2025-06-19,B,C,True,0.639
2025-06-20,SKU-04008,E-02L-025-1-B,E,HB,floor,9,525,1,0,1,10,2025-06-10,C,C,False,0.374
2025-06-20,SKU-04009,B-02L-014-5-B,B,HB,overhead,81,150,8,0,8,15,2025-06-05,B,B,False,1.161
2025-06-20,SKU-04010,D-02L-013-4-A,D,HB,sub_prime,63,400,6,0,6,18,2025-06-02,C,C,False,0.424
2025-06-20,SKU-04011,C-02L-020-5-B,C,HB,overhead,81,275,4,0,4,9,2025-06-11,C,C,False,0.391
2025-06-20,SKU-04012,D-01L-015-2-A,D,HB,prime,27,400,8,0,8,13,2025-06-07,B,B,False,0.825
2025-06-20,SKU-04013,D-02R-022-4-A,D,HB,sub_prime,63,400,2,0,2,12,2025-06-08,C,C,False,0.471
2025-06-20,SKU-04014,E-02R-025-1-B,E,HB,floor,9,525,6,0,6,5,2025-06-15,C,C,False,0.379
2025-06-20,SKU-04015,A-02R-020-1-B,A,HB,floor,9,50,137,0,137,18,2025-06-02,A,A,False,7.204
2025-06-20,SKU-04016,E-01L-013-5-A,E,HB,overhead,81,525,1,0,1,3,2025-06-17,C,C,False,0.349
2025-06-20,SKU-04017,D-01L-013-3-A,D,HB,prime,45,400,5,0,5,8,2025-06-12,C,C,False,0.332
2025-06-20,SKU-04018,D-01L-011-5-A,D,HB,overhead,81,400,9,0,9,14,2025-06-06,B,C,True,0.707
2025-06-20,SKU-04019,D-01R-008-5-A,D,HB,overhead,81,400,6,0,6,19,2025-06-01,B,B,False,0.854
2025-06-20,SKU-04020,C-02L-007-2-B,C,HB,prime,27,275,7,0,7,2,2025-06-18,B,C,True,0.56
2025-06-20,SKU-04021,C-02R-022-1-B,C,HB,floor,9,275,2,0,2,19,2025-06-01,B,C,True,0.539
2025-06-20,SKU-04022,B-02R-010-4-B,B,HB,sub_prime,63,150,38,0,38,8,2025-06-12,A,B,True,2.291
2025-06-20,SKU-04023,D-02R-009-5-B,D,HB,overhead,81,400,9,0,9,20,2025-05-31,C,C,False,0.483
2025-06-20,SKU-04024,D-02L-008-4-A,D,HB,sub_prime,63,400,3,0,3,18,2025-06-02,C,C,False,0.336
2025-06-20,SKU-04025,C-01L-004-5-A,C,HB,overhead,81,275,253,7,246,8,2025-06-12,A,A,False,18.662
2025-06-20,SKU-04026,E-01L-003-3-B,E,HB,prime,45,525,3,0,3,3,2025-06-17,C,C,False,0.48
2025-06-20,SKU-04027,A-02L-008-5-B,A,HB,overhead,81,50,26,4,22,5,2025-06-15,A,A,False,2.671
2025-06-20,SKU-04028,D-02R-002-5-B,D,HB,overhead,81,400,17,1,16,3,2025-06-17,B,B,False,1.076
2025-06-20,SKU-04029,D-01L-008-2-A,D,HB,prime,27,400,5,0,5,11,2025-06-09,C,C,False,0.31
2025-06-20,SKU-04030,C-02L-007-5-B,C,HB,overhead,81,275,4,0,4,11,2025-06-09,C,C,False,0.332
2025-06-20,SKU-04031,D-02R-023-4-B,D,HB,sub_prime,63,400,6,0,6,1,2025-06-19,C,C,False,0.428
2025-06-20,SKU-04032,B-01L-007-1-B,B,HB,floor,9,150,6,0,6,10,2025-06-10,B,C,True,0.529
2025-06-20,SKU-04033,C-02R-025-4-A,C,HB,sub_prime,63,275,5,0,5,8,2025-06-12,C,C,False,0.484
2025-06-20,SKU-04034,D-01L-002-2-B,D,HB,prime,27,400,23,2,21,11,2025-06-09,A,A,False,2.967
2025-06-20,SKU-04035,C-02L-023-2-A,C,HB,prime,27,275,7,0,7,15,2025-06-05,B,C,True,0.542
2025-06-20,SKU-04036,D-01L-001-5-B,D,HB,overhead,81,400,8,1,7,15,2025-06-05,B,B,False,1.358
2025-06-20,SKU-04037,A-02R-011-4-B,A,HB,sub_prime,63,50,267,5,262,15,2025-06-05,A,A,False,15.038
2025-06-20,SKU-04038,D-02R-026-3-A,D,HB,prime,45,400,7,0,7,7,2025-06-13,C,C,False,0.435
2025-06-20,SKU-04039,D-01L-009-5-B,D,HB,overhead,81,400,3,0,3,2,2025-06-18,C,C,False,0.378
2025-06-20,SKU-04040,C-02L-019-5-A,C,HB,overhead,81,275,23,1,22,6,2025-06-14,A,B,True,2.087
2025-06-20,SKU-04041,A-02R-002-2-B,A,HB,prime,27,50,7237,785,6452,11,2025-06-09,A,A,False,774.472
2025-06-20,SKU-04042,E-02R-019-2-A,E,HB,prime,27,525,11,1,10,3,2025-06-17,B,B,False,1.326
2025-06-20,SKU-04043,B-02L-009-1-B,B,HB,floor,9,150,8,0,8,13,2025-06-07,B,B,False,0.873
2025-06-20,SKU-04044,C-01L-005-1-A,C,HB,floor,9,275,5,0,5,6,2025-06-14,B,C,True,0.652
2025-06-20,SKU-04045,C-01R-015-2-B,C,HB,prime,27,275,2,0,2,3,2025-06-17,C,C,False,0.343
2025-06-20,SKU-04046,D-01L-025-2-A,D,HB,prime,27,400,5,0,5,8,2025-06-12,C,C,False,0.478
2025-06-20,SKU-04047,C-02L-007-2-A,C,HB,prime,27,275,5,0,5,13,2025-06-07,B,C,True,0.601
2025-06-20,SKU-04048,C-02R-017-2-B,C,HB,prime,27,275,4,0,4,1,2025-06-19,B,C,True,0.523
2025-06-20,SKU-04049,C-01L-025-3-A,C,HB,prime,45,275,4,0,4,1,2025-06-19,B,B,False,0.813
2025-06-20,SKU-04050,C-02L-018-1-A,C,HB,floor,9,275,6,0,6,7,2025-06-13,B,B,False,0.78
2025-06-20,SKU-04051,D-02L-020-2-A,D,HB,prime,27,400,1,0,1,10,2025-06-10,C,C,False,0.311
2025-06-20,SKU-04052,D-01L-016-4-B,D,HB,sub_prime,63,400,14,0,14,7,2025-06-13,B,B,False,1.082
2025-06-20,SKU-04053,C-02R-003-2-B,C,HB,prime,27,275,15,1,14,1,2025-06-19,B,B,False,1.186
2025-06-20,SKU-04054,C-01L-011-1-A,C,HB,floor,9,275,31,2,29,5,2025-06-15,B,B,False,1.816
2025-06-20,SKU-04055,A-02R-013-4-A,A,HB,sub_prime,63,50,14,1,13,13,2025-06-07,B,B,False,1.029
2025-06-20,SKU-04056,B-02R-023-3-A,B,HB,prime,45,150,50,0,50,9,2025-06-11,A,A,False,4.464
2025-06-20,SKU-04057,B-01L-008-4-A,B,HB,sub_prime,63,150,11,1,10,15,2025-06-05,B,B,False,1.123
2025-06-20,SKU-04058,C-01L-012-1-A,C,HB,floor,9,275,7,0,7,7,2025-06-13,B,B,False,1.12
2025-06-20,SKU-04059,D-02L-026-3-B,D,HB,prime,45,400,18,1,17,8,2025-06-12,B,B,False,1.394
2025-06-20,SKU-04060,D-01R-013-2-A,D,HB,prime,27,400,9,0,9,14,2025-06-06,B,C,True,0.52
2025-06-20,SKU-04061,C-01L-005-2-B,C,HB,prime,27,275,7,0,7,20,2025-05-31,C,C,False,0.461
2025-06-20,SKU-04062,D-02R-017-5-A,D,HB,overhead,81,400,7,0,7,13,2025-06-07,B,B,False,1.21
2025-06-20,SKU-04063,D-01L-008-4-A,D,HB,sub_prime,63,400,3,0,3,15,2025-06-05,C,C,False,0.403
2025-06-20,SKU-04064,D-01L-025-5-A,D,HB,overhead,81,400,4,0,4,1,2025-06-19,B,B,False,0.897
2025-06-20,SKU-04065,C-01R-014-1-B,C,HB,floor,9,275,1,0,1,11,2025-06-09,C,C,False,0.317
2025-06-20,SKU-04066,D-01L-011-5-B,D,HB,overhead,81,400,7,0,7,13,2025-06-07,B,C,True,0.591
2025-06-20,SKU-04067,B-02L-025-5-A,B,HB,overhead,81,150,12,0,12,12,2025-06-08,B,C,True,0.659
2025-06-20,SKU-04068,C-02L-021-3-B,C,HB,prime,45,275,5,1,4,6,2025-06-14,B,B,False,1.158
2025-06-20,SKU-04069,B-01L-011-3-B,B,HB,prime,45,150,7,0,7,1,2025-06-19,B,C,True,0.739
2025-06-20,SKU-04070,E-01L-005-4-B,E,HB,sub_prime,63,525,4,0,4,15,2025-06-05,C,C,False,0.479
2025-06-20,SKU-04071,C-02R-023-2-B,C,HB,prime,27,275,11,0,11,12,2025-06-08,B,B,False,0.945
2025-06-20,SKU-04072,E-01L-009-1-B,E,HB,floor,9,525,8,0,8,19,2025-06-01,C,C,False,0.454
2025-06-20,SKU-04073,C-02L-022-2-A,C,HB,prime,27,275,27,2,25,14,2025-06-06,B,B,False,1.78
2025-06-20,SKU-04074,D-01L-014-1-B,D,HB,floor,9,400,4,0,4,9,2025-06-11,C,C,False,0.314
2025-06-20,SKU-04075,E-02L-019-4-B,E,HB,sub_prime,63,525,3,0,3,3,2025-06-17,C,C,False,0.378
2025-06-20,SKU-04076,D-01L-003-2-B,D,HB,prime,27,400,2,0,2,3,2025-06-17,C,C,False,0.396
2025-06-20,SKU-04077,C-01L-011-4-A,C,HB,sub_prime,63,275,2,0,2,17,2025-06-03,C,C,False,0.421
2025-06-20,SKU-04078,C-01R-002-2-A,C,HB,prime,27,275,10,1,9,16,2025-06-04,B,B,False,1.801
2025-06-20,SKU-04079,A-02L-006-4-A,A,HB,sub_prime,63,50,69,6,63,11,2025-06-09,A,A,False,4.034
2025-06-20,SKU-04080,C-02R-016-5-B,C,HB,overhead,81,275,15,0,15,16,2025-06-04,B,B,False,0.795
2025-06-20,SKU-04081,B-01L-016-5-A,B,HB,overhead,81,150,74,6,68,10,2025-06-10,A,A,False,4.279
2025-06-20,SKU-04082,A-02R-002-2-A,A,HB,prime,27,50,53,6,47,17,2025-06-03,A,A,False,5.146
2025-06-20,SKU-04083,C-01L-023-4-A,C,HB,sub_prime,63,275,7,0,7,14,2025-06-06,B,B,False,0.864
2025-06-20,SKU-04084,C-02R-004-3-A,C,HB,prime,45,275,3,0,3,13,2025-06-07,B,C,True,0.543
2025-06-20,SKU-04085,E-02L-006-2-A,E,HB,prime,27,525,2,0,2,6,2025-06-14,C,C,False,0.423
2025-06-20,SKU-04086,D-02L-022-1-A,D,HB,floor,9,400,14,1,13,10,2025-06-10,B,B,False,1.173
2025-06-20,SKU-04087,E-02L-018-3-A,E,HB,prime,45,525,2,0,2,18,2025-06-02,C,C,False,0.463
2025-06-20,SKU-04088,B-01L-012-3-B,B,HB,prime,45,150,13,1,12,10,2025-06-10,A,B,True,1.981
2025-06-20,SKU-04089,D-02L-001-1-B,D,HB,floor,9,400,40,3,37,4,2025-06-16,A,B,True,2.498
2025-06-20,SKU-04090,D-02L-016-1-A,D,HB,floor,9,400,28,0,28,18,2025-06-02,B,B,False,1.776
2025-06-20,SKU-04091,B-01R-020-2-A,B,HB,prime,27,150,42,2,40,19,2025-06-01,A,B,True,2.09
2025-06-20,SKU-04092,A-02L-015-2-B,A,HB,prime,27,50,55,0,55,7,2025-06-13,A,A,False,3.577
2025-06-20,SKU-04093,B-02L-001-1-A,B,HB,floor,9,150,17,1,16,2,2025-06-18,B,B,False,1.497
2025-06-20,SKU-04094,C-02L-012-5-A,C,HB,overhead,81,275,6,0,6,2,2025-06-18,C,C,False,0.417
2025-06-20,SKU-04095,B-02L-012-5-B,B,HB,overhead,81,150,10,0,10,8,2025-06-12,B,B,False,0.935
2025-06-20,SKU-04096,C-01R-024-4-B,C,HB,sub_prime,63,275,9,0,9,3,2025-06-17,B,C,True,0.532
2025-06-20,SKU-04097,D-01L-009-4-A,D,HB,sub_prime,63,400,2,0,2,13,2025-06-07,C,C,False,0.415
2025-06-20,SKU-04098,D-02R-014-4-B,D,HB,sub_prime,63,400,5,0,5,7,2025-06-13,C,C,False,0.446
2025-06-20,SKU-04099,E-01L-019-4-A,E,HB,sub_prime,63,525,3,0,3,7,2025-06-13,C,C,False,0.315
2025-06-20,SKU-04100,E-01R-022-1-B,E,HB,floor,9,525,6,0,6,5,2025-06-15,C,C,False,0.358
2025-06-20,SKU-04101,C-01L-011-2-B,C,HB,prime,27,275,5,0,5,18,2025-06-02,C,C,False,0.333
2025-06-20,SKU-04102,D-02L-019-4-B,D,HB,sub_prime,63,400,4,0,4,16,2025-06-04,C,C,False,0.34
2025-06-20,SKU-04103,D-01R-002-2-B,D,HB,prime,27,400,3,0,3,20,2025-05-31,C,C,False,0.389
2025-06-20,SKU-04104,A-02L-004-5-A,A,HB,overhead,81,50,48,0,48,16,2025-06-04,A,A,False,2.766
2025-06-20,SKU-04105,E-01L-002-5-A,E,HB,overhead,81,525,2,0,2,20,2025-05-31,C,C,False,0.456
2025-06-20,SKU-04106,D-01R-003-5-A,D,HB,overhead,81,400,5,0,5,18,2025-06-02,B,C,True,0.615
2025-06-20,SKU-04107,D-01R-025-1-A,D,HB,floor,9,400,1,0,1,7,2025-06-13,C,C,False,0.382
2025-06-20,SKU-04108,E-02R-019-4-A,E,HB,sub_prime,63,525,6,1,5,15,2025-06-05,B,B,False,1.063
2025-06-20,SKU-04109,A-02L-018-2-A,A,HB,prime,27,50,41,3,38,3,2025-06-17,A,B,True,2.648
2025-06-20,SKU-04110,D-01L-020-4-B,D,HB,sub_prime,63,400,6,0,6,14,2025-06-06,B,C,True,0.588
2025-06-20,SKU-04111,B-02L-001-1-B,B,HB,floor,9,150,1,0,1,3,2025-06-17,C,C,False,0.319
2025-06-20,SKU-04112,E-01R-002-1-B,E,HB,floor,9,525,3,0,3,16,2025-06-04,C,C,False,0.432
2025-06-20,SKU-04113,B-01L-020-3-A,B,HB,prime,45,150,23,1,22,11,2025-06-09,B,B,False,1.232
2025-06-20,SKU-04114,C-01L-002-2-B,C,HB,prime,27,275,7,0,7,1,2025-06-19,B,B,False,0.921
2025-06-20,SKU-04115,A-02R-021-4-B,A,HB,sub_prime,63,50,7,0,7,2,2025-06-18,B,C,True,0.634
2025-06-20,SKU-04116,B-02L-002-3-A,B,HB,prime,45,150,416,46,370,20,2025-05-31,A,A,False,24.983
2025-06-20,SKU-04117,B-01L-009-5-B,B,HB,overhead,81,150,3,0,3,7,2025-06-13,B,C,True,0.609
2025-06-20,SKU-04118,A-01L-010-3-B,A,HB,prime,45,50,46,1,45,5,2025-06-15,A,A,False,3.769
2025-06-20,SKU-04119,B-02L-015-3-B,B,HB,prime,45,150,13,0,13,3,2025-06-17,B,B,False,0.818
2025-06-20,SKU-04120,B-01R-001-5-A,B,HB,overhead,81,150,35,2,33,11,2025-06-09,B,B,False,1.75
2025-06-20,SKU-04121,C-01L-009-3-B,C,HB,prime,45,275,35,4,31,17,2025-06-03,A,A,False,2.895
2025-06-20,SKU-04122,C-01R-011-3-B,C,HB,prime,45,275,17,1,16,12,2025-06-08,B,B,False,1.297
2025-06-20,SKU-04123,C-02L-006-4-B,C,HB,sub_prime,63,275,4,0,4,19,2025-06-01,B,C,True,0.682
2025-06-20,SKU-04124,D-02R-018-4-B,D,HB,sub_prime,63,400,8,0,8,13,2025-06-07,C,C,False,0.465
2025-06-20,SKU-04125,E-01R-005-4-A,E,HB,sub_prime,63,525,4,0,4,3,2025-06-17,C,C,False,0.419
2025-06-20,SKU-04126,B-02R-009-4-A,B,HB,sub_prime,63,150,5,0,5,14,2025-06-06,B,B,False,0.836
2025-06-20,SKU-04127,C-02L-012-3-B,C,HB,prime,45,275,3,0,3,12,2025-06-08,C,C,False,0.406
2025-06-20,SKU-04128,C-02R-025-1-A,C,HB,floor,9,275,9,0,9,16,2025-06-04,B,C,True,0.592
2025-06-20,SKU-04129,C-02R-018-3-B,C,HB,prime,45,275,9,0,9,5,2025-06-15,B,C,True,0.549
2025-06-20,SKU-04130,B-01R-008-1-B,B,HB,floor,9,150,24,0,24,2,2025-06-18,B,B,False,1.426
2025-06-20,SKU-04131,A-02L-001-3-A,A,HB,prime,45,50,43,1,42,12,2025-06-08,A,A,False,5.758
2025-06-20,SKU-04132,C-02L-014-1-B,C,HB,floor,9,275,18,0,18,19,2025-06-01,B,B,False,1.139
2025-06-20,SKU-04133,A-02L-023-4-B,A,HB,sub_prime,63,50,34,6,28,1,2025-06-19,A,A,False,3.992
2025-06-20,SKU-04134,E-01R-001-3-A,E,HB,prime,45,525,5,0,5,5,2025-06-15,C,C,False,0.35
2025-06-20,SKU-04135,D-01R-001-4-B,D,HB,sub_prime,63,400,3,0,3,7,2025-06-13,C,C,False,0.325
2025-06-20,SKU-04136,E-01R-019-3-B,E,HB,prime,45,525,6,0,6,18,2025-06-02,C,C,False,0.405
2025-06-20,SKU-04137,D-01R-010-3-A,D,HB,prime,45,400,2,0,2,19,2025-06-01,C,C,False,0.453
2025-06-20,SKU-04138,C-02L-010-5-A,C,HB,overhead,81,275,11,0,11,12,2025-06-08,B,B,False,1.291
2025-06-20,SKU-04139,B-02R-024-4-B,B,HB,sub_prime,63,150,3,0,3,1,2025-06-19,B,B,False,0.78
2025-06-20,SKU-04140,B-02L-005-4-A,B,HB,sub_prime,63,150,7,0,7,7,2025-06-13,B,B,False,1.325
2025-06-20,SKU-04141,A-02L-018-5-A,A,HB,overhead,81,50,16,1,15,9,2025-06-11,A,A,False,2.842
2025-06-20,SKU-04142,D-01L-014-3-B,D,HB,prime,45,400,1,0,1,1,2025-06-19,C,C,False,0.368
2025-06-20,SKU-04143,A-02L-012-5-A,A,HB,overhead,81,50,5,0,5,6,2025-06-14,B,C,True,0.524
2025-06-20,SKU-04144,B-01L-020-1-B,B,HB,floor,9,150,1,0,1,5,2025-06-15,C,C,False,0.319
2025-06-20,SKU-04145,A-01L-016-4-B,A,HB,sub_prime,63,50,11,0,11,2,2025-06-18,B,C,True,0.637
2025-06-20,SKU-04146,C-02L-023-1-A,C,HB,floor,9,275,17,0,17,3,2025-06-17,B,B,False,0.898
2025-06-20,SKU-04147,D-01R-010-1-A,D,HB,floor,9,400,6,0,6,17,2025-06-03,C,C,False,0.4
2025-06-20,SKU-04148,B-01R-018-4-A,B,HB,sub_prime,63,150,5,0,5,6,2025-06-14,B,C,True,0.603
2025-06-20,SKU-04149,D-01R-016-4-A,D,HB,sub_prime,63,400,4,0,4,4,2025-06-16,C,C,False,0.385
2025-06-20,SKU-04150,D-01R-018-3-A,D,HB,prime,45,400,7,0,7,14,2025-06-06,C,C,False,0.407
2025-06-20,SKU-04151,C-02R-002-5-A,C,HB,overhead,81,275,19,3,16,17,2025-06-03,A,B,True,2.169
2025-06-20,SKU-04152,D-02L-001-3-A,D,HB,prime,45,400,9,0,9,2,2025-06-18,B,B,False,1.317
2025-06-20,SKU-04153,D-01R-012-3-B,D,HB,prime,45,400,5,0,5,10,2025-06-10,C,C,False,0.47
2025-06-20,SKU-04154,A-01L-006-3-A,A,HB,prime,45,50,32,1,31,9,2025-06-11,A,A,False,2.912
2025-06-20,SKU-04155,B-02L-007-1-A,B,HB,floor,9,150,8,0,8,19,2025-06-01,B,C,True,0.524
2025-06-20,SKU-04156,E-02R-012-3-B,E,HB,prime,45,525,12,0,12,9,2025-06-11,B,B,False,0.842
2025-06-20,SKU-04157,A-02L-024-3-B,A,HB,prime,45,50,11,3,8,6,2025-06-14,A,B,True,2.128
2025-06-20,SKU-04158,C-01L-006-5-A,C,HB,overhead,81,275,4,0,4,2,2025-06-18,C,C,False,0.454
2025-06-20,SKU-04159,C-02R-016-1-B,C,HB,floor,9,275,3,0,3,14,2025-06-06,B,C,True,0.565
2025-06-20,SKU-04160,E-01R-011-2-B,E,HB,prime,27,525,1,0,1,3,2025-06-17,C,C,False,0.313
2025-06-20,SKU-04161,B-01L-026-4-A,B,HB,sub_prime,63,150,39,2,37,7,2025-06-13,A,B,True,2.148
2025-06-20,SKU-04162,C-01R-019-2-A,C,HB,prime,27,275,19,1,18,9,2025-06-11,B,B,False,1.371
2025-06-20,SKU-04163,D-02R-021-3-A,D,HB,prime,45,400,14,0,14,5,2025-06-15,B,B,False,0.818
2025-06-20,SKU-04164,A-01L-019-4-A,A,HB,sub_prime,63,50,41,0,41,17,2025-06-03,A,B,True,2.122
2025-06-20,SKU-04165,B-02L-002-5-B,B,HB,overhead,81,150,31,3,28,11,2025-06-09,A,A,False,2.781
2025-06-20,SKU-04166,A-02L-020-5-B,A,HB,overhead,81,50,38,6,32,9,2025-06-11,A,A,False,3.962
2025-06-20,SKU-04167,A-01L-018-1-B,A,HB,floor,9,50,3,0,3,13,2025-06-07,C,C,False,0.357
2025-06-20,SKU-04168,A-02L-014-1-B,A,HB,floor,9,50,4,0,4,17,2025-06-03,C,C,False,0.36
2025-06-20,SKU-04169,C-01R-025-4-A,C,HB,sub_prime,63,275,19,1,18,7,2025-06-13,B,B,False,1.002
2025-06-20,SKU-04170,D-01R-013-3-A,D,HB,prime,45,400,6,0,6,3,2025-06-17,C,C,False,0.399
2025-06-20,SKU-04171,D-01R-002-4-A,D,HB,sub_prime,63,400,1,0,1,11,2025-06-09,C,C,False,0.356
2025-06-20,SKU-04172,C-01L-025-4-B,C,HB,sub_prime,63,275,4,0,4,14,2025-06-06,C,C,False,0.338
2025-06-20,SKU-04173,C-02L-017-2-B,C,HB,prime,27,275,8,0,8,2,2025-06-18,B,C,True,0.512
2025-06-20,SKU-04174,D-02L-026-5-A,D,HB,overhead,81,400,4,0,4,1,2025-06-19,C,C,False,0.316
2025-06-20,SKU-04175,D-02R-009-3-B,D,HB,prime,45,400,7,0,7,10,2025-06-10,B,C,True,0.525
2025-06-20,SKU-04176,E-01L-009-1-A,E,HB,floor,9,525,10,0,10,13,2025-06-07,B,C,True,0.692
2025-06-20,SKU-04177,A-01R-019-3-B,A,HB,prime,45,50,11,0,11,2,2025-06-18,B,B,False,1.675
2025-06-20,SKU-04178,A-01R-006-4-A,A,HB,sub_prime,63,50,8,0,8,11,2025-06-09,B,C,True,0.629
2025-06-20,SKU-04179,D-02L-013-4-B,D,HB,sub_prime,63,400,8,0,8,7,2025-06-13,B,C,True,0.58
2025-06-20,SKU-04180,C-01L-010-1-A,C,HB,floor,9,275,30,2,28,19,2025-06-01,A,A,False,3.019
2025-06-20,SKU-04181,D-02R-006-2-A,D,HB,prime,27,400,5,0,5,10,2025-06-10,C,C,False,0.457
2025-06-20,SKU-04182,D-02R-005-2-A,D,HB,prime,27,400,4,0,4,6,2025-06-14,C,C,False,0.35
2025-06-20,SKU-04183,A-01L-010-2-B,A,HB,prime,27,50,193,10,183,13,2025-06-07,A,A,False,22.448
2025-06-20,SKU-04184,D-02R-022-3-A,D,HB,prime,45,400,14,0,14,20,2025-05-31,B,B,False,0.85
2025-06-20,SKU-04185,A-01L-023-1-B,A,HB,floor,9,50,68,5,63,16,2025-06-04,A,A,False,7.073
2025-06-20,SKU-04186,D-01R-005-5-B,D,HB,overhead,81,400,8,0,8,6,2025-06-14,B,B,False,0.798
2025-06-20,SKU-04187,C-02L-010-1-B,C,HB,floor,9,275,141,10,131,9,2025-06-11,A,A,False,7.306
2025-06-20,SKU-04188,D-01L-002-5-B,D,HB,overhead,81,400,1,0,1,2,2025-06-18,C,C,False,0.379
2025-06-20,SKU-04189,C-02L-002-3-B,C,HB,prime,45,275,3,0,3,9,2025-06-11,C,C,False,0.457
2025-06-20,SKU-04190,C-02R-003-4-B,C,HB,sub_prime,63,275,4,0,4,8,2025-06-12,C,C,False,0.46
2025-06-20,SKU-04191,C-01R-004-5-A,C,HB,overhead,81,275,12,0,12,17,2025-06-03,B,C,True,0.669
2025-06-20,SKU-04192,C-01R-024-5-A,C,HB,overhead,81,275,26,0,26,13,2025-06-07,B,B,False,1.408
2025-06-20,SKU-04193,C-01L-018-2-A,C,HB,prime,27,275,14,0,14,4,2025-06-16,B,B,False,0.944
2025-06-20,SKU-04194,C-02L-021-1-B,C,HB,floor,9,275,3,0,3,6,2025-06-14,C,C,False,0.336
2025-06-20,SKU-04195,E-02R-016-1-B,E,HB,floor,9,525,1,0,1,18,2025-06-02,C,C,False,0.319
2025-06-20,SKU-04196,A-01R-014-5-B,A,HB,overhead,81,50,119,1,118,4,2025-06-16,A,A,False,9.275
2025-06-20,SKU-04197,D-02L-007-4-B,D,HB,sub_prime,63,400,5,0,5,19,2025-06-01,C,C,False,0.325
2025-06-20,SKU-04198,A-02R-023-3-B,A,HB,prime,45,50,2,0,2,17,2025-06-03,C,C,False,0.326
2025-06-20,SKU-04199,B-02R-008-1-A,B,HB,floor,9,150,3,0,3,11,2025-06-09,C,C,False,0.408
2025-06-20,SKU-04200,B-01R-007-5-B,B,HB,overhead,81,150,15,0,15,5,2025-06-15,B,B,False,0.959
2025-06-20,SKU-04201,E-01L-014-2-B,E,HB,prime,27,525,7,0,7,19,2025-06-01,C,C,False,0.445
2025-06-20,SKU-04202,E-02R-015-5-B,E,HB,overhead,81,525,3,0,3,18,2025-06-02,B,C,True,0.689
2025-06-20,SKU-04203,D-01L-002-1-A,D,HB,floor,9,400,12,0,12,9,2025-06-11,B,C,True,0.666
2025-06-20,SKU-04204,C-01R-022-4-B,C,HB,sub_prime,63,275,7,0,7,14,2025-06-06,B,B,False,0.823
2025-06-20,SKU-04205,C-02R-007-1-B,C,HB,floor,9,275,5,0,5,13,2025-06-07,B,C,True,0.494
2025-06-20,SKU-04206,C-02R-009-4-A,C,HB,sub_prime,63,275,11,0,11,3,2025-06-17,B,B,False,1.04
2025-06-20,SKU-04207,C-01R-014-1-A,C,HB,floor,9,275,11,2,9,19,2025-06-01,B,B,False,1.68
2025-06-20,SKU-04208,E-01R-023-2-A,E,HB,prime,27,525,5,0,5,5,2025-06-15,C,C,False,0.402
2025-06-20,SKU-04209,C-01L-005-1-B,C,HB,floor,9,275,8,0,8,14,2025-06-06,B,B,False,1.778
2025-06-20,SKU-04210,D-02L-018-5-A,D,HB,overhead,81,400,1,0,1,3,2025-06-17,C,C,False,0.377
2025-06-20,SKU-04211,A-01L-009-5-B,A,HB,overhead,81,50,108,14,94,8,2025-06-12,A,A,False,13.353
2025-06-20,SKU-04212,B-02L-006-2-A,B,HB,prime,27,150,8,1,7,17,2025-06-03,B,B,False,1.057
2025-06-20,SKU-04213,D-02R-001-5-A,D,HB,overhead,81,400,7,0,7,15,2025-06-05,B,C,True,0.516
2025-06-20,SKU-04214,D-01L-004-2-A,D,HB,prime,27,400,3,0,3,11,2025-06-09,C,C,False,0.333
2025-06-20,SKU-04215,C-01R-002-5-A,C,HB,overhead,81,275,26,2,24,6,2025-06-14,B,B,False,1.908
2025-06-20,SKU-04216,A-01L-017-4-A,A,HB,sub_prime,63,50,47,4,43,7,2025-06-13,A,A,False,3.061
2025-06-20,SKU-04217,B-01L-009-4-B,B,HB,sub_prime,63,150,55,6,49,11,2025-06-09,A,A,False,6.004
2025-06-20,SKU-04218,B-02R-023-4-B,B,HB,sub_prime,63,150,25,0,25,15,2025-06-05,B,B,False,1.331
2025-06-20,SKU-04219,E-01L-012-4-B,E,HB,sub_prime,63,525,2,0,2,16,2025-06-04,C,C,False,0.416
2025-06-20,SKU-04220,D-02R-004-5-B,D,HB,overhead,81,400,8,0,8,18,2025-06-02,C,C,False,0.448
2025-06-20,SKU-04221,D-01R-009-1-A,D,HB,floor,9,400,12,0,12,17,2025-06-03,B,B,False,0.819
2025-06-20,SKU-04222,C-02R-004-5-B,C,HB,overhead,81,275,7,0,7,6,2025-06-14,B,B,False,1.193
2025-06-20,SKU-04223,D-01L-009-2-A,D,HB,prime,27,400,5,0,5,5,2025-06-15,C,C,False,0.427
2025-06-20,SKU-04224,C-02R-002-5-B,C,HB,overhead,81,275,26,1,25,16,2025-06-04,B,B,False,1.342
2025-06-20,SKU-04225,C-01L-016-4-B,C,HB,sub_prime,63,275,26,1,25,13,2025-06-07,B,B,False,1.433
2025-06-20,SKU-04226,C-01R-021-3-B,C,HB,prime,45,275,5,0,5,17,2025-06-03,C,C,False,0.312
2025-06-20,SKU-04227,D-01R-021-5-B,D,HB,overhead,81,400,16,0,16,2,2025-06-18,B,B,False,0.896
2025-06-20,SKU-04228,B-01L-025-3-A,B,HB,prime,45,150,15,0,15,14,2025-06-06,B,B,False,0.793
2025-06-20,SKU-04229,B-01L-021-4-B,B,HB,sub_prime,63,150,12,0,12,5,2025-06-15,B,C,True,0.701
2025-06-20,SKU-04230,D-02R-003-3-A,D,HB,prime,45,400,1,0,1,12,2025-06-08,C,C,False,0.354
2025-06-20,SKU-04231,B-02R-003-4-A,B,HB,sub_prime,63,150,13,0,13,19,2025-06-01,B,B,False,1.877
2025-06-20,SKU-04232,E-02R-003-5-B,E,HB,overhead,81,525,5,0,5,12,2025-06-08,C,C,False,0.472
2025-06-20,SKU-04233,D-01L-005-1-B,D,HB,floor,9,400,13,1,12,8,2025-06-12,B,B,False,1.312
2025-06-20,SKU-04234,E-02R-009-3-B,E,HB,prime,45,525,7,0,7,3,2025-06-17,C,C,False,0.397
2025-06-20,SKU-04235,A-01L-012-1-B,A,HB,floor,9,50,22,0,22,12,2025-06-08,B,B,False,1.284
2025-06-20,SKU-04236,C-02L-004-3-A,C,HB,prime,45,275,21,0,21,8,2025-06-12,B,B,False,1.132
2025-06-20,SKU-04237,D-02R-005-1-A,D,HB,floor,9,400,1,0,1,1,2025-06-19,C,C,False,0.365
2025-06-20,SKU-04238,D-01R-019-2-B,D,HB,prime,27,400,6,0,6,12,2025-06-08,C,C,False,0.37
2025-06-20,SKU-04239,D-01R-020-5-B,D,HB,overhead,81,400,7,0,7,17,2025-06-03,C,C,False,0.431
2025-06-20,SKU-04240,D-01R-001-5-B,D,HB,overhead,81,400,3,0,3,2,2025-06-18,B,C,True,0.501
2025-06-20,SKU-04241,D-01R-006-2-B,D,HB,prime,27,400,2,0,2,4,2025-06-16,C,C,False,0.311
2025-06-20,SKU-04242,B-02L-022-5-A,B,HB,overhead,81,150,2,0,2,12,2025-06-08,C,C,False,0.484
2025-06-20,SKU-04243,C-02R-021-3-A,C,HB,prime,45,275,5,0,5,13,2025-06-07,B,C,True,0.517
2025-06-20,SKU-04244,E-02R-025-5-B,E,HB,overhead,81,525,1,0,1,4,2025-06-16,C,C,False,0.327
2025-06-20,SKU-04245,B-01R-001-1-A,B,HB,floor,9,150,61,3,58,14,2025-06-06,A,A,False,10.396
2025-06-20,SKU-04246,A-01L-024-1-A,A,HB,floor,9,50,51,1,50,18,2025-06-02,A,B,True,2.49
2025-06-20,SKU-04247,B-01R-022-4-B,B,HB,sub_prime,63,150,14,4,10,7,2025-06-13,A,A,False,2.945
2025-06-20,SKU-04248,B-02L-013-1-A,B,HB,floor,9,150,10,0,10,3,2025-06-17,B,B,False,0.86
2025-06-20,SKU-04249,C-01R-005-3-B,C,HB,prime,45,275,8,0,8,18,2025-06-02,B,B,False,0.844
2025-06-20,SKU-04250,C-01R-019-5-A,C,HB,overhead,81,275,5,0,5,15,2025-06-05,C,C,False,0.378
2025-06-20,SKU-04251,D-01L-025-3-A,D,HB,prime,45,400,6,0,6,1,2025-06-19,C,C,False,0.445
2025-06-20,SKU-04252,C-01L-024-4-B,C,HB,sub_prime,63,275,11,0,11,17,2025-06-03,B,C,True,0.627
2025-06-20,SKU-04253,E-01L-005-3-B,E,HB,prime,45,525,15,0,15,10,2025-06-10,B,B,False,0.778
2025-06-20,SKU-04254,D-02R-015-4-B,D,HB,sub_prime,63,400,6,0,6,7,2025-06-13,C,C,False,0.418
2025-06-20,SKU-04255,C-02R-015-4-B,C,HB,sub_prime,63,275,21,0,21,9,2025-06-11,B,B,False,1.196
2025-06-20,SKU-04256,D-01L-006-2-B,D,HB,prime,27,400,1,0,1,10,2025-06-10,C,C,False,0.377
2025-06-20,SKU-04257,E-01L-022-4-B,E,HB,sub_prime,63,525,3,0,3,13,2025-06-07,C,C,False,0.4
2025-06-20,SKU-04258,D-01L-018-1-A,D,HB,floor,9,400,7,0,7,5,2025-06-15,B,C,True,0.547
2025-06-20,SKU-04259,D-01R-007-4-A,D,HB,sub_prime,63,400,6,0,6,10,2025-06-10,B,C,True,0.707
2025-06-20,SKU-04260,D-01R-025-1-B,D,HB,floor,9,400,5,0,5,15,2025-06-05,C,C,False,0.393
2025-06-20,SKU-04261,B-01R-019-3-A,B,HB,prime,45,150,16,0,16,1,2025-06-19,B,B,False,1.237
2025-06-20,SKU-04262,C-01L-011-3-B,C,HB,prime,45,275,9,0,9,19,2025-06-01,B,C,True,0.761
2025-06-20,SKU-04263,D-02R-007-1-A,D,HB,floor,9,400,6,0,6,2,2025-06-18,B,C,True,0.513
2025-06-20,SKU-04264,C-02L-002-4-A,C,HB,sub_prime,63,275,16,0,16,10,2025-06-10,B,B,False,0.968
2025-06-20,SKU-04265,C-02R-006-1-A,C,HB,floor,9,275,14,0,14,4,2025-06-16,B,C,True,0.716
2025-06-20,SKU-04266,C-02L-002-2-B,C,HB,prime,27,275,26,0,26,19,2025-06-01,B,B,False,1.44
2025-06-20,SKU-04267,B-01L-001-4-A,B,HB,sub_prime,63,150,24,0,24,19,2025-06-01,B,B,False,1.361
2025-06-20,SKU-04268,E-02R-021-1-B,E,HB,floor,9,525,5,0,5,9,2025-06-11,C,C,False,0.321
2025-06-20,SKU-04269,E-02L-009-3-B,E,HB,prime,45,525,3,0,3,13,2025-06-07,C,C,False,0.35
2025-06-20,SKU-04270,D-02L-002-2-A,D,HB,prime,27,400,5,0,5,11,2025-06-09,C,C,False,0.479
2025-06-20,SKU-04271,B-01R-004-5-B,B,HB,overhead,81,150,17,0,17,19,2025-06-01,A,B,True,1.927
2025-06-20,SKU-04272,E-01R-014-1-B,E,HB,floor,9,525,3,0,3,8,2025-06-12,C,C,False,0.429
2025-06-20,SKU-04273,C-02R-020-5-A,C,HB,overhead,81,275,7,0,7,18,2025-06-02,B,B,False,1.274
2025-06-20,SKU-04274,C-02R-013-1-A,C,HB,floor,9,275,21,1,20,9,2025-06-11,B,B,False,1.127
2025-06-20,SKU-04275,D-01R-003-4-A,D,HB,sub_prime,63,400,5,0,5,14,2025-06-06,C,C,False,0.323
2025-06-20,SKU-04276,C-02L-026-5-B,C,HB,overhead,81,275,6,0,6,11,2025-06-09,B,B,False,0.791
2025-06-20,SKU-04277,B-02R-013-3-B,B,HB,prime,45,150,98,4,94,4,2025-06-16,A,A,False,5.095
2025-06-20,SKU-04278,A-01L-026-4-B,A,HB,sub_prime,63,50,28,4,24,20,2025-05-31,A,A,False,3.76
2025-06-20,SKU-04279,A-02L-015-4-A,A,HB,sub_prime,63,50,39,2,37,17,2025-06-03,A,A,False,3.611
2025-06-20,SKU-04280,C-02L-025-5-B,C,HB,overhead,81,275,24,1,23,16,2025-06-04,B,B,False,1.2
2025-06-20,SKU-04281,B-02L-021-5-A,B,HB,overhead,81,150,6,0,6,17,2025-06-03,B,B,False,0.963
2025-06-20,SKU-04282,E-01R-020-1-A,E,HB,floor,9,525,1,0,1,2,2025-06-18,C,C,False,0.332
2025-06-20,SKU-04283,E-02L-005-1-A,E,HB,floor,9,525,7,0,7,14,2025-06-06,C,C,False,0.411
2025-06-20,SKU-04284,D-02L-001-3-B,D,HB,prime,45,400,2,0,2,19,2025-06-01,C,C,False,0.319
2025-06-20,SKU-04285,A-01L-018-3-B,A,HB,prime,45,50,11,0,11,3,2025-06-17,B,B,False,0.939
2025-06-20,SKU-04286,B-02L-023-4-A,B,HB,sub_prime,63,150,9,0,9,19,2025-06-01,B,C,True,0.608
2025-06-20,SKU-04287,C-02L-018-4-B,C,HB,sub_prime,63,275,8,0,8,1,2025-06-19,B,C,True,0.513
2025-06-20,SKU-04288,D-01L-020-4-A,D,HB,sub_prime,63,400,4,0,4,6,2025-06-14,B,C,True,0.657
2025-06-20,SKU-04289,E-01L-019-3-A,E,HB,prime,45,525,5,0,5,18,2025-06-02,C,C,False,0.375
2025-06-20,SKU-04290,C-02R-023-1-B,C,HB,floor,9,275,9,1,8,2,2025-06-18,B,B,False,1.481
2025-06-20,SKU-04291,E-02L-013-2-B,E,HB,prime,27,525,2,0,2,10,2025-06-10,B,C,True,0.582
2025-06-20,SKU-04292,B-02L-008-2-A,B,HB,prime,27,150,99,4,95,12,2025-06-08,A,A,False,8.558
2025-06-20,SKU-04293,D-01L-026-5-A,D,HB,overhead,81,400,2,0,2,20,2025-05-31,C,C,False,0.37
2025-06-20,SKU-04294,A-02R-019-3-A,A,HB,prime,45,50,46,0,46,7,2025-06-13,A,A,False,3.181
2025-06-20,SKU-04295,C-02R-021-5-B,C,HB,overhead,81,275,9,0,9,12,2025-06-08,B,B,False,1.88
2025-06-20,SKU-04296,D-01R-012-2-B,D,HB,prime,27,400,3,0,3,8,2025-06-12,B,C,True,0.513
2025-06-20,SKU-04297,B-01L-002-3-A,B,HB,prime,45,150,127,4,123,3,2025-06-17,A,A,False,7.138
2025-06-20,SKU-04298,B-01L-012-4-A,B,HB,sub_prime,63,150,8,0,8,7,2025-06-13,B,C,True,0.741
2025-06-20,SKU-04299,B-02R-008-2-B,B,HB,prime,27,150,5,0,5,1,2025-06-19,B,C,True,0.527
2025-06-20,SKU-04300,B-02R-008-2-A,B,HB,prime,27,150,11,0,11,10,2025-06-10,B,B,False,0.866
2025-06-20,SKU-04301,C-02R-025-5-A,C,HB,overhead,81,275,7,0,7,10,2025-06-10,B,B,False,1.259
2025-06-20,SKU-04302,C-02L-008-5-B,C,HB,overhead,81,275,9,0,9,5,2025-06-15,B,B,False,0.941
2025-06-20,SKU-04303,D-02R-025-1-B,D,HB,floor,9,400,3,0,3,3,2025-06-17,B,C,True,0.541
2025-06-20,SKU-04304,A-02R-022-3-B,A,HB,prime,45,50,171,12,159,6,2025-06-14,A,A,False,8.195
2025-06-20,SKU-04305,A-01L-018-4-B,A,HB,sub_prime,63,50,4,0,4,16,2025-06-04,B,B,False,0.876
2025-06-20,SKU-04306,C-02R-023-4-A,C,HB,sub_prime,63,275,31,2,29,20,2025-05-31,B,B,False,1.579
2025-06-20,SKU-04307,B-02L-020-4-B,B,HB,sub_prime,63,150,10,0,10,15,2025-06-05,B,B,False,0.839
2025-06-20,SKU-04308,B-02R-019-4-A,B,HB,sub_prime,63,150,801,78,723,5,2025-06-15,A,A,False,44.256
2025-06-20,SKU-04309,C-01R-016-1-B,C,HB,floor,9,275,9,0,9,19,2025-06-01,C,C,False,0.487
2025-06-20,SKU-04310,E-01R-018-1-B,E,HB,floor,9,525,8,0,8,15,2025-06-05,B,C,True,0.702
2025-06-20,SKU-04311,B-02L-012-2-B,B,HB,prime,27,150,9,0,9,4,2025-06-16,B,B,False,0.971
2025-06-20,SKU-04312,E-01L-020-5-B,E,HB,overhead,81,525,2,0,2,2,2025-06-18,C,C,False,0.412
2025-06-20,SKU-04313,B-01R-018-4-B,B,HB,sub_prime,63,150,8,0,8,1,2025-06-19,B,C,True,0.659
2025-06-20,SKU-04314,C-02L-013-2-A,C,HB,prime,27,275,3,0,3,13,2025-06-07,B,C,True,0.619
2025-06-20,SKU-04315,E-01R-024-2-A,E,HB,prime,27,525,5,0,5,2,2025-06-18,C,C,False,0.449
2025-06-20,SKU-04316,D-02R-010-1-A,D,HB,floor,9,400,13,0,13,7,2025-06-13,B,B,False,0.804
2025-06-20,SKU-04317,D-02L-009-3-A,D,HB,prime,45,400,5,0,5,14,2025-06-06,B,C,True,0.587
2025-06-20,SKU-04318,D-02L-012-4-A,D,HB,sub_prime,63,400,1,0,1,18,2025-06-02,C,C,False,0.332
2025-06-20,SKU-04319,D-01L-002-4-A,D,HB,sub_prime,63,400,1,0,1,14,2025-06-06,C,C,False,0.345
2025-06-20,SKU-04320,E-02R-014-4-B,E,HB,sub_prime,63,525,4,0,4,10,2025-06-10,C,C,False,0.378
2025-06-20,SKU-04321,B-02R-007-2-B,B,HB,prime,27,150,7,0,7,2,2025-06-18,B,C,True,0.492
2025-06-20,SKU-04322,C-01R-003-2-A,C,HB,prime,27,275,12,0,12,18,2025-06-02,B,C,True,0.634
2025-06-20,SKU-04323,E-01L-004-2-B,E,HB,prime,27,525,15,0,15,12,2025-06-08,B,B,False,0.967
2025-06-20,SKU-04324,B-02R-005-5-B,B,HB,overhead,81,150,63,1,62,12,2025-06-08,A,A,False,4.315
2025-06-20,SKU-04325,D-01R-025-4-A,D,HB,sub_prime,63,400,5,0,5,13,2025-06-07,C,C,False,0.328
2025-06-20,SKU-04326,E-02R-003-2-B,E,HB,prime,27,525,18,1,17,16,2025-06-04,B,B,False,1.442
2025-06-20,SKU-04327,D-02L-010-4-B,D,HB,sub_prime,63,400,2,0,2,10,2025-06-10,B,C,True,0.549
2025-06-20,SKU-04328,A-02L-021-1-B,A,HB,floor,9,50,31735,1080,30655,11,2025-06-09,A,A,False,1548.945
2025-06-20,SKU-04329,E-01L-013-3-A,E,HB,prime,45,525,3,0,3,1,2025-06-19,C,C,False,0.335
2025-06-20,SKU-04330,D-01R-011-2-B,D,HB,prime,27,400,16,0,16,2,2025-06-18,B,B,False,0.972
2025-06-20,SKU-04331,D-01L-009-3-B,D,HB,prime,45,400,1,0,1,14,2025-06-06,C,C,False,0.38
2025-06-20,SKU-04332,D-01R-004-5-B,D,HB,overhead,81,400,5,0,5,3,2025-06-17,C,C,False,0.343
2025-06-20,SKU-04333,D-01R-007-5-A,D,HB,overhead,81,400,5,0,5,18,2025-06-02,B,C,True,0.698
2025-06-20,SKU-04334,C-02R-008-2-A,C,HB,prime,27,275,2,0,2,13,2025-06-07,B,C,True,0.5
2025-06-20,SKU-04335,C-01L-008-2-A,C,HB,prime,27,275,6,0,6,5,2025-06-15,C,C,False,0.408
2025-06-20,SKU-04336,D-02L-013-5-B,D,HB,overhead,81,400,6,0,6,20,2025-05-31,C,C,False,0.352
2025-06-20,SKU-04337,E-01R-003-5-A,E,HB,overhead,81,525,3,0,3,8,2025-06-12,C,C,False,0.374
2025-06-20,SKU-04338,D-01L-021-1-B,D,HB,floor,9,400,1,0,1,11,2025-06-09,C,C,False,0.344
2025-06-20,SKU-04339,B-02L-013-3-A,B,HB,prime,45,150,9,0,9,18,2025-06-02,B,B,False,0.772
2025-06-20,SKU-04340,C-01R-010-5-A,C,HB,overhead,81,275,8,0,8,7,2025-06-13,B,B,False,0.938
2025-06-20,SKU-04341,C-02R-014-4-B,C,HB,sub_prime,63,275,26,0,26,12,2025-06-08,B,B,False,1.369
2025-06-20,SKU-04342,C-01L-020-5-A,C,HB,overhead,81,275,2,0,2,3,2025-06-17,B,C,True,0.528
2025-06-20,SKU-04343,B-01R-013-1-A,B,HB,floor,9,150,4,0,4,10,2025-06-10,B,C,True,0.516
2025-06-20,SKU-04344,D-02L-017-3-A,D,HB,prime,45,400,1,0,1,7,2025-06-13,C,C,False,0.34
2025-06-20,SKU-04345,A-02R-011-2-B,A,HB,prime,27,50,31,9,22,18,2025-06-02,A,A,False,6.374
2025-06-20,SKU-04346,C-02L-009-3-B,C,HB,prime,45,275,52,5,47,16,2025-06-04,A,A,False,3.24
2025-06-20,SKU-04347,B-02R-012-5-B,B,HB,overhead,81,150,504,29,475,7,2025-06-13,A,A,False,28.163
2025-06-20,SKU-04348,C-02L-012-4-B,C,HB,sub_prime,63,275,16,0,16,19,2025-06-01,B,B,False,0.824
2025-06-20,SKU-04349,D-01L-012-2-B,D,HB,prime,27,400,3,0,3,9,2025-06-11,B,C,True,0.547
2025-06-20,SKU-04350,D-01L-016-2-B,D,HB,prime,27,400,12,1,11,20,2025-05-31,B,B,False,1.444
2025-06-20,SKU-04351,C-02R-012-3-A,C,HB,prime,45,275,2,0,2,2,2025-06-18,C,C,False,0.465
2025-06-20,SKU-04352,D-01R-015-2-B,D,HB,prime,27,400,5,1,4,14,2025-06-06,B,B,False,1.035
2025-06-20,SKU-04353,B-02L-022-4-A,B,HB,sub_prime,63,150,508,0,508,18,2025-06-02,A,A,False,32.27
2025-06-20,SKU-04354,C-01L-017-2-B,C,HB,prime,27,275,19,0,19,18,2025-06-02,B,B,False,0.978
2025-06-20,SKU-04355,C-01R-015-1-A,C,HB,floor,9,275,6,0,6,7,2025-06-13,B,C,True,0.687
2025-06-20,SKU-04356,D-02L-018-2-B,D,HB,prime,27,400,1,0,1,14,2025-06-06,C,C,False,0.377
2025-06-20,SKU-04357,B-01R-009-3-A,B,HB,prime,45,150,5,0,5,4,2025-06-16,B,C,True,0.64
2025-06-20,SKU-04358,E-02L-015-2-A,E,HB,prime,27,525,5,0,5,12,2025-06-08,C,C,False,0.386
2025-06-20,SKU-04359,A-02L-012-4-B,A,HB,sub_prime,63,50,36,1,35,8,2025-06-12,A,B,True,2.523
2025-06-20,SKU-04360,D-02R-005-4-B,D,HB,sub_prime,63,400,5,0,5,13,2025-06-07,C,C,False,0.315
2025-06-20,SKU-04361,C-01L-025-5-A,C,HB,overhead,81,275,10,0,10,9,2025-06-11,B,C,True,0.732
2025-06-20,SKU-04362,D-02L-012-5-B,D,HB,overhead,81,400,23,1,22,15,2025-06-05,B,B,False,1.157
2025-06-20,SKU-04363,D-02L-021-3-A,D,HB,prime,45,400,14,0,14,19,2025-06-01,B,C,True,0.739
2025-06-20,SKU-04364,B-01R-024-1-B,B,HB,floor,9,150,10,0,10,1,2025-06-19,B,C,True,0.664
2025-06-20,SKU-04365,B-01R-017-5-B,B,HB,overhead,81,150,4,0,4,19,2025-06-01,B,C,True,0.716
2025-06-20,SKU-04366,C-01L-017-3-A,C,HB,prime,45,275,6,0,6,4,2025-06-16,B,C,True,0.505
2025-06-20,SKU-04367,D-01L-019-1-B,D,HB,floor,9,400,8,0,8,13,2025-06-07,C,C,False,0.476
2025-06-20,SKU-04368,B-01L-025-2-B,B,HB,prime,27,150,4,0,4,12,2025-06-08,B,C,True,0.589
2025-06-20,SKU-04369,C-02L-024-3-B,C,HB,prime,45,275,2,0,2,15,2025-06-05,C,C,False,0.409
2025-06-20,SKU-04370,A-02R-026-5-A,A,HB,overhead,81,50,1003,55,948,16,2025-06-04,A,A,False,64.539
2025-06-20,SKU-04371,D-01L-008-1-A,D,HB,floor,9,400,2,0,2,6,2025-06-14,C,C,False,0.444
2025-06-20,SKU-04372,E-01L-025-1-A,E,HB,floor,9,525,5,0,5,16,2025-06-04,C,C,False,0.366
2025-06-20,SKU-04373,C-02R-008-5-B,C,HB,overhead,81,275,13,0,13,3,2025-06-17,B,B,False,0.828
2025-06-20,SKU-04374,C-02R-014-1-A,C,HB,floor,9,275,5,0,5,17,2025-06-03,C,C,False,0.477
2025-06-20,SKU-04375,A-02L-002-3-B,A,HB,prime,45,50,38,4,34,14,2025-06-06,A,B,True,2.564
2025-06-20,SKU-04376,C-01R-017-1-A,C,HB,floor,9,275,8,0,8,2,2025-06-18,C,C,False,0.431
2025-06-20,SKU-04377,D-01R-012-5-A,D,HB,overhead,81,400,6,0,6,19,2025-06-01,C,C,False,0.365
2025-06-20,SKU-04378,E-02R-022-3-A,E,HB,prime,45,525,2,0,2,15,2025-06-05,C,C,False,0.486
2025-06-20,SKU-04379,E-02R-006-2-A,E,HB,prime,27,525,5,0,5,10,2025-06-10,C,C,False,0.323
2025-06-20,SKU-04380,E-02L-001-1-A,E,HB,floor,9,525,3,0,3,10,2025-06-10,C,C,False,0.411
2025-06-20,SKU-04381,E-02R-006-1-B,E,HB,floor,9,525,5,0,5,15,2025-06-05,C,C,False,0.37
2025-06-20,SKU-04382,D-02L-026-3-A,D,HB,prime,45,400,8,0,8,8,2025-06-12,C,C,False,0.486
2025-06-20,SKU-04383,C-01L-007-1-A,C,HB,floor,9,275,16,0,16,10,2025-06-10,B,B,False,0.866
2025-06-20,SKU-04384,C-01L-007-5-A,C,HB,overhead,81,275,5,0,5,13,2025-06-07,C,C,False,0.377
2025-06-20,SKU-04385,C-02L-009-5-A,C,HB,overhead,81,275,6,0,6,1,2025-06-19,B,C,True,0.662
2025-06-20,SKU-04386,D-01R-009-4-B,D,HB,sub_prime,63,400,2,0,2,15,2025-06-05,C,C,False,0.318
2025-06-20,SKU-04387,B-01L-016-4-A,B,HB,sub_prime,63,150,4,0,4,18,2025-06-02,B,C,True,0.657
2025-06-20,SKU-04388,D-01R-010-2-A,D,HB,prime,27,400,5,0,5,9,2025-06-11,C,C,False,0.366
2025-06-20,SKU-04389,E-02L-012-4-A,E,HB,sub_prime,63,525,9,0,9,13,2025-06-07,B,C,True,0.695
2025-06-20,SKU-04390,C-02L-011-4-B,C,HB,sub_prime,63,275,25,4,21,13,2025-06-07,A,B,True,2.51
2025-06-20,SKU-04391,C-02R-022-4-A,C,HB,sub_prime,63,275,10,0,10,17,2025-06-03,B,B,False,0.91
2025-06-20,SKU-04392,A-02R-003-5-B,A,HB,overhead,81,50,76,0,76,10,2025-06-10,A,A,False,4.055
2025-06-20,SKU-04393,C-01R-006-5-B,C,HB,overhead,81,275,7,0,7,17,2025-06-03,B,B,False,0.858
2025-06-20,SKU-04394,C-02L-005-5-B,C,HB,overhead,81,275,5,0,5,1,2025-06-19,B,C,True,0.512
2025-06-20,SKU-04395,C-01L-026-4-B,C,HB,sub_prime,63,275,22,1,21,7,2025-06-13,B,B,False,1.706
2025-06-20,SKU-04396,B-01R-007-3-A,B,HB,prime,45,150,9,2,7,10,2025-06-10,B,B,False,1.82
2025-06-20,SKU-04397,C-01L-008-4-A,C,HB,sub_prime,63,275,8,0,8,14,2025-06-06,B,C,True,0.562
2025-06-20,SKU-04398,C-02R-006-1-B,C,HB,floor,9,275,11,0,11,20,2025-05-31,B,C,True,0.616
2025-06-20,SKU-04399,B-02L-020-5-B,B,HB,overhead,81,150,11,0,11,9,2025-06-11,A,B,True,1.936
2025-06-20,SKU-04400,D-02R-016-5-A,D,HB,overhead,81,400,6,0,6,15,2025-06-05,C,C,False,0.408
2025-06-20,SKU-04401,D-02L-017-4-B,D,HB,sub_prime,63,400,3,0,3,11,2025-06-09,C,C,False,0.419
2025-06-20,SKU-04402,E-02L-026-5-B,E,HB,overhead,81,525,3,0,3,19,2025-06-01,C,C,False,0.314
2025-06-20,SKU-04403,C-02R-016-4-A,C,HB,sub_prime,63,275,9,0,9,8,2025-06-12,B,C,True,0.7
2025-06-20,SKU-04404,E-02L-016-1-B,E,HB,floor,9,525,2,0,2,15,2025-06-05,C,C,False,0.471
2025-06-20,SKU-04405,C-01L-014-5-B,C,HB,overhead,81,275,12,1,11,11,2025-06-09,B,B,False,1.204
2025-06-20,SKU-04406,E-02L-023-4-B,E,HB,sub_prime,63,525,3,0,3,6,2025-06-14,C,C,False,0.449
2025-06-20,SKU-04407,E-01R-024-5-A,E,HB,overhead,81,525,4,0,4,15,2025-06-05,C,C,False,0.322
2025-06-20,SKU-04408,A-01R-022-5-A,A,HB,overhead,81,50,14,1,13,5,2025-06-15,B,B,False,1.662
2025-06-20,SKU-04409,B-02L-021-1-A,B,HB,floor,9,150,3,0,3,19,2025-06-01,B,C,True,0.651
2025-06-20,SKU-04410,D-01R-025-2-B,D,HB,prime,27,400,2,0,2,15,2025-06-05,C,C,False,0.414
2025-06-20,SKU-04411,A-01L-011-5-B,A,HB,overhead,81,50,118,11,107,8,2025-06-12,A,A,False,7.411
2025-06-20,SKU-04412,C-01R-007-5-B,C,HB,overhead,81,275,8,0,8,5,2025-06-15,B,C,True,0.694
2025-06-20,SKU-04413,D-02L-020-5-A,D,HB,overhead,81,400,2,0,2,12,2025-06-08,C,C,False,0.314
2025-06-20,SKU-04414,C-01R-022-5-B,C,HB,overhead,81,275,10,0,10,10,2025-06-10,B,C,True,0.613
2025-06-20,SKU-04415,D-01R-020-5-A,D,HB,overhead,81,400,4,0,4,17,2025-06-03,C,C,False,0.44
2025-06-20,SKU-04416,D-01L-019-4-A,D,HB,sub_prime,63,400,7,0,7,6,2025-06-14,B,B,False,0.846
2025-06-20,SKU-04417,D-02R-015-3-A,D,HB,prime,45,400,3,0,3,13,2025-06-07,B,C,True,0.644
2025-06-20,SKU-04418,B-01R-024-4-A,B,HB,sub_prime,63,150,4,0,4,2,2025-06-18,B,B,False,0.792
2025-06-20,SKU-04419,A-02R-020-4-B,A,HB,sub_prime,63,50,4,0,4,3,2025-06-17,C,C,False,0.367
2025-06-20,SKU-04420,A-01R-009-3-B,A,HB,prime,45,50,27,0,27,11,2025-06-09,A,A,False,3.174
2025-06-20,SKU-04421,D-02L-008-5-A,D,HB,overhead,81,400,7,0,7,9,2025-06-11,B,C,True,0.718
2025-06-20,SKU-04422,C-02R-011-3-B,C,HB,prime,45,275,8,0,8,12,2025-06-08,B,B,False,0.769
2025-06-20,SKU-04423,C-01R-018-1-B,C,HB,floor,9,275,10,1,9,7,2025-06-13,B,B,False,1.065
2025-06-20,SKU-04424,A-01R-008-5-A,A,HB,overhead,81,50,38,5,33,14,2025-06-06,A,A,False,3.254
2025-06-20,SKU-04425,A-01L-019-1-B,A,HB,floor,9,50,89,2,87,2,2025-06-18,A,A,False,7.483
2025-06-20,SKU-04426,C-02L-002-3-A,C,HB,prime,45,275,41,1,40,9,2025-06-11,A,B,True,2.182
2025-06-20,SKU-04427,C-02R-015-5-B,C,HB,overhead,81,275,7,0,7,10,2025-06-10,B,C,True,0.502
2025-06-20,SKU-04428,E-01L-012-1-B,E,HB,floor,9,525,8,0,8,17,2025-06-03,C,C,False,0.435
2025-06-20,SKU-04429,C-02R-026-5-A,C,HB,overhead,81,275,3,0,3,15,2025-06-05,C,C,False,0.43
2025-06-20,SKU-04430,B-02R-019-5-A,B,HB,overhead,81,150,10,0,10,15,2025-06-05,B,C,True,0.546
2025-06-20,SKU-04431,D-02R-020-5-A,D,HB,overhead,81,400,6,0,6,4,2025-06-16,C,C,False,0.368
2025-06-20,SKU-04432,C-01R-016-1-A,C,HB,floor,9,275,4,0,4,14,2025-06-06,C,C,False,0.443
2025-06-20,SKU-04433,B-02L-009-3-B,B,HB,prime,45,150,10,0,10,19,2025-06-01,B,C,True,0.559
2025-06-20,SKU-04434,E-02R-018-1-B,E,HB,floor,9,525,4,0,4,16,2025-06-04,C,C,False,0.354
2025-06-20,SKU-04435,A-02R-016-4-A,A,HB,sub_prime,63,50,583,49,534,4,2025-06-16,A,A,False,49.966
2025-06-20,SKU-04436,B-02L-025-4-B,B,HB,sub_prime,63,150,21,1,20,17,2025-06-03,B,B,False,1.24
2025-06-20,SKU-04437,A-01L-020-4-B,A,HB,sub_prime,63,50,7,0,7,11,2025-06-09,B,C,True,0.754
2025-06-20,SKU-04438,D-02L-025-1-A,D,HB,floor,9,400,3,0,3,9,2025-06-11,C,C,False,0.377
2025-06-20,SKU-04439,C-02R-022-3-A,C,HB,prime,45,275,5,0,5,19,2025-06-01,C,C,False,0.406
2025-06-20,SKU-04440,E-01L-021-4-A,E,HB,sub_prime,63,525,2,0,2,20,2025-05-31,C,C,False,0.33
2025-06-20,SKU-04441,B-02L-018-3-B,B,HB,prime,45,150,64,5,59,2,2025-06-18,A,A,False,3.117
2025-06-20,SKU-04442,D-02L-019-3-A,D,HB,prime,45,400,6,0,6,9,2025-06-11,B,C,True,0.529
2025-06-20,SKU-04443,E-02R-009-5-B,E,HB,overhead,81,525,2,0,2,5,2025-06-15,C,C,False,0.397
2025-06-20,SKU-04444,E-01R-026-4-B,E,HB,sub_prime,63,525,5,0,5,6,2025-06-14,C,C,False,0.337
2025-06-20,SKU-04445,C-01R-003-3-B,C,HB,prime,45,275,10,0,10,8,2025-06-12,B,B,False,1.36
2025-06-20,SKU-04446,B-02R-002-4-B,B,HB,sub_prime,63,150,11,0,11,17,2025-06-03,B,B,False,1.145
2025-06-20,SKU-04447,D-02L-009-1-A,D,HB,floor,9,400,4,0,4,9,2025-06-11,C,C,False,0.326
2025-06-20,SKU-04448,B-02R-020-4-A,B,HB,sub_prime,63,150,14,0,14,4,2025-06-16,B,B,False,1.221
2025-06-20,SKU-04449,B-02R-004-5-B,B,HB,overhead,81,150,4,0,4,3,2025-06-17,C,C,False,0.464
2025-06-20,SKU-04450,C-01L-021-4-B,C,HB,sub_prime,63,275,5,0,5,2,2025-06-18,C,C,False,0.386
2025-06-20,SKU-04451,C-02R-025-1-B,C,HB,floor,9,275,13,0,13,5,2025-06-15,B,B,False,0.814
2025-06-20,SKU-04452,B-01L-002-2-B,B,HB,prime,27,150,5,0,5,2,2025-06-18,B,C,True,0.495
2025-06-20,SKU-04453,E-02L-001-4-B,E,HB,sub_prime,63,525,17,0,17,15,2025-06-05,B,B,False,1.015
2025-06-20,SKU-04454,D-02R-015-5-A,D,HB,overhead,81,400,7,0,7,4,2025-06-16,B,C,True,0.52
2025-06-20,SKU-04455,C-02L-011-3-A,C,HB,prime,45,275,5,0,5,2,2025-06-18,B,C,True,0.511
2025-06-20,SKU-04456,B-01L-015-4-B,B,HB,sub_prime,63,150,9,0,9,9,2025-06-11,B,C,True,0.49
2025-06-20,SKU-04457,A-01L-020-2-B,A,HB,prime,27,50,4017,333,3684,13,2025-06-07,A,A,False,258.157
2025-06-20,SKU-04458,C-02L-004-2-B,C,HB,prime,27,275,13,0,13,15,2025-06-05,B,C,True,0.67
2025-06-20,SKU-04459,A-01R-024-1-A,A,HB,floor,9,50,18,1,17,10,2025-06-10,A,A,False,2.722
2025-06-20,SKU-04460,D-01L-018-3-A,D,HB,prime,45,400,3,0,3,11,2025-06-09,C,C,False,0.334
2025-06-20,SKU-04461,C-02L-017-5-B,C,HB,overhead,81,275,56,10,46,15,2025-06-05,A,A,False,6.271
2025-06-20,SKU-04462,C-02R-002-4-A,C,HB,sub_prime,63,275,5,0,5,15,2025-06-05,C,C,False,0.39
2025-06-20,SKU-04463,A-02R-010-3-B,A,HB,prime,45,50,15,1,14,15,2025-06-05,A,B,True,2.046
2025-06-20,SKU-04464,E-01R-010-4-B,E,HB,sub_prime,63,525,3,0,3,14,2025-06-06,C,C,False,0.341
2025-06-20,SKU-04465,D-01R-023-5-A,D,HB,overhead,81,400,2,0,2,5,2025-06-15,B,C,True,0.514
2025-06-20,SKU-04466,C-02L-012-2-B,C,HB,prime,27,275,4,0,4,6,2025-06-14,B,C,True,0.701
2025-06-20,SKU-04467,C-02L-025-2-B,C,HB,prime,27,275,4,0,4,1,2025-06-19,B,C,True,0.521
2025-06-20,SKU-04468,D-01R-013-5-A,D,HB,overhead,81,400,3,0,3,18,2025-06-02,C,C,False,0.385
2025-06-20,SKU-04469,B-02R-018-2-B,B,HB,prime,27,150,7,0,7,18,2025-06-02,B,C,True,0.565
2025-06-20,SKU-04470,B-01L-008-3-B,B,HB,prime,45,150,7,0,7,14,2025-06-06,B,B,False,0.837
2025-06-20,SKU-04471,C-02L-014-1-A,C,HB,floor,9,275,24,0,24,3,2025-06-17,B,B,False,1.696
2025-06-20,SKU-04472,C-01L-017-5-B,C,HB,overhead,81,275,4,0,4,1,2025-06-19,C,C,False,0.337
2025-06-20,SKU-04473,A-02R-023-4-A,A,HB,sub_prime,63,50,37,2,35,3,2025-06-17,A,A,False,2.928
2025-06-20,SKU-04474,C-02R-007-5-A,C,HB,overhead,81,275,2,0,2,13,2025-06-07,C,C,False,0.393
2025-06-20,SKU-04475,A-01L-026-4-A,A,HB,sub_prime,63,50,39,3,36,17,2025-06-03,A,A,False,5.532
2025-06-20,SKU-04476,C-01L-017-2-A,C,HB,prime,27,275,3,0,3,13,2025-06-07,C,C,False,0.461
2025-06-20,SKU-04477,B-02L-001-2-A,B,HB,prime,27,150,29,7,22,16,2025-06-04,A,A,False,5.889
2025-06-20,SKU-04478,C-02L-026-4-B,C,HB,sub_prime,63,275,3,0,3,4,2025-06-16,C,C,False,0.314
2025-06-20,SKU-04479,D-01R-023-3-A,D,HB,prime,45,400,3,0,3,19,2025-06-01,B,C,True,0.615
2025-06-20,SKU-04480,D-02R-017-3-B,D,HB,prime,45,400,12,2,10,6,2025-06-14,A,B,True,2.347
2025-06-20,SKU-04481,B-01R-013-5-B,B,HB,overhead,81,150,5,0,5,5,2025-06-15,B,B,False,1.137
2025-06-20,SKU-04482,D-02R-026-1-A,D,HB,floor,9,400,3,0,3,8,2025-06-12,C,C,False,0.353
2025-06-20,SKU-04483,B-02L-016-3-B,B,HB,prime,45,150,5,0,5,4,2025-06-16,B,C,True,0.594
2025-06-20,SKU-04484,E-01R-015-4-A,E,HB,sub_prime,63,525,18,0,18,4,2025-06-16,B,B,False,1.213
2025-06-20,SKU-04485,B-02L-026-2-A,B,HB,prime,27,150,1,0,1,2,2025-06-18,C,C,False,0.38
2025-06-20,SKU-04486,A-01L-016-3-A,A,HB,prime,45,50,150,9,141,10,2025-06-10,A,A,False,10.832
2025-06-20,SKU-04487,D-01L-005-1-A,D,HB,floor,9,400,5,0,5,19,2025-06-01,C,C,False,0.312
2025-06-20,SKU-04488,B-01L-015-1-A,B,HB,floor,9,150,10,0,10,7,2025-06-13,B,C,True,0.61
2025-06-20,SKU-04489,B-02L-018-4-B,B,HB,sub_prime,63,150,71,9,62,11,2025-06-09,A,A,False,9.058
2025-06-20,SKU-04490,C-01L-018-1-A,C,HB,floor,9,275,8,0,8,3,2025-06-17,B,C,True,0.601
2025-06-20,SKU-04491,C-02L-017-4-B,C,HB,sub_prime,63,275,5,0,5,17,2025-06-03,C,C,False,0.339
2025-06-20,SKU-04492,B-02R-016-2-A,B,HB,prime,27,150,13,0,13,14,2025-06-06,B,C,True,0.692
2025-06-20,SKU-04493,B-01R-010-5-A,B,HB,overhead,81,150,14,2,12,15,2025-06-05,B,B,False,1.866
2025-06-20,SKU-04494,D-02L-026-4-A,D,HB,sub_prime,63,400,1,0,1,3,2025-06-17,C,C,False,0.31
2025-06-20,SKU-04495,E-02R-005-3-B,E,HB,prime,45,525,3,0,3,20,2025-05-31,C,C,False,0.353
2025-06-20,SKU-04496,D-01R-020-3-B,D,HB,prime,45,400,3,0,3,1,2025-06-19,C,C,False,0.327
2025-06-20,SKU-04497,C-01L-024-3-B,C,HB,prime,45,275,5,1,4,11,2025-06-09,B,B,False,1.008
2025-06-20,SKU-04498,A-01L-017-4-B,A,HB,sub_prime,63,50,5,0,5,13,2025-06-07,B,C,True,0.706
2025-06-20,SKU-04499,D-01L-016-1-A,D,HB,floor,9,400,18,1,17,5,2025-06-15,B,B,False,1.482
2025-06-20,SKU-04500,C-02R-005-2-B,C,HB,prime,27,275,13,0,13,19,2025-06-01,B,C,True,0.742
2025-06-20,SKU-04501,D-02L-016-5-B,D,HB,overhead,81,400,14,0,14,12,2025-06-08,C,C,False,0.733
2025-06-20,SKU-04502,D-01L-012-4-A,D,HB,sub_prime,63,400,16,1,15,12,2025-06-08,C,B,True,1.018
2025-06-20,SKU-04503,C-02R-026-3-B,C,HB,prime,45,275,10,0,10,8,2025-06-12,C,C,False,0.684
2025-06-20,SKU-04504,C-02L-003-3-B,C,HB,prime,45,275,11,2,9,6,2025-06-14,B,B,False,2.038
2025-06-20,SKU-04505,A-01R-010-3-A,A,HB,prime,45,50,134,9,125,6,2025-06-14,A,A,False,6.843
2025-06-20,SKU-04506,D-01L-026-3-B,D,HB,prime,45,400,15,0,15,11,2025-06-09,C,B,True,0.846
2025-06-20,SKU-04507,C-01L-005-5-A,C,HB,overhead,81,275,6,0,6,2,2025-06-18,C,C,False,0.744
2025-06-20,SKU-04508,A-02R-005-5-A,A,HB,overhead,81,50,30,1,29,14,2025-06-06,B,B,False,1.952
2025-06-20,SKU-04509,E-01R-011-1-A,E,HB,floor,9,525,8,0,8,8,2025-06-12,C,B,True,0.812
2025-06-20,SKU-04510,E-02L-001-3-A,E,HB,prime,45,525,8,0,8,2,2025-06-18,C,B,True,0.891
2025-06-20,SKU-04511,C-02R-008-1-B,C,HB,floor,9,275,11,0,11,4,2025-06-16,B,B,False,1.347
2025-06-20,SKU-04512,B-02L-007-4-A,B,HB,sub_prime,63,150,34,1,33,13,2025-06-07,B,B,False,2.306
2025-06-20,SKU-04513,D-02L-019-4-A,D,HB,sub_prime,63,400,20,0,20,7,2025-06-13,B,B,False,1.091
2025-06-20,SKU-04514,C-02L-003-2-B,C,HB,prime,27,275,25,0,25,20,2025-05-31,B,B,False,1.413
2025-06-20,SKU-04515,D-01R-003-4-B,D,HB,sub_prime,63,400,41,3,38,6,2025-06-14,B,B,False,2.35
2025-06-20,SKU-04516,C-02L-006-4-A,C,HB,sub_prime,63,275,9,2,7,7,2025-06-13,B,B,False,1.865
2025-06-20,SKU-04517,E-02R-021-1-A,E,HB,floor,9,525,10,0,10,14,2025-06-06,C,C,False,0.688
2025-06-20,SKU-04518,D-02L-020-4-A,D,HB,sub_prime,63,400,6,0,6,8,2025-06-12,C,C,False,0.747
2025-06-20,SKU-04519,C-02R-023-1-A,C,HB,floor,9,275,11,0,11,7,2025-06-13,C,C,False,0.712
2025-06-20,SKU-04520,C-02L-010-3-B,C,HB,prime,45,275,21,1,20,5,2025-06-15,B,A,True,3.354
2025-06-20,SKU-04521,B-01R-023-5-B,B,HB,overhead,81,150,5,0,5,4,2025-06-16,C,B,True,0.925
2025-06-20,SKU-04522,B-02R-021-4-B,B,HB,sub_prime,63,150,24,1,23,19,2025-06-01,B,B,False,1.279
2025-06-20,SKU-04523,A-02L-024-2-B,A,HB,prime,27,50,91,5,86,5,2025-06-15,A,A,False,7.026
2025-06-20,SKU-04524,C-02L-002-5-A,C,HB,overhead,81,275,44,1,43,2,2025-06-18,B,A,True,3.51
2025-06-20,SKU-04525,D-01R-023-1-A,D,HB,floor,9,400,20,1,19,6,2025-06-14,B,B,False,1.09
2025-06-20,SKU-04526,C-01R-011-2-A,C,HB,prime,27,275,16,0,16,16,2025-06-04,C,B,True,0.98
2025-06-20,SKU-04527,D-02L-026-5-B,D,HB,overhead,81,400,6,0,6,13,2025-06-07,C,B,True,0.789
2025-06-20,SKU-04528,B-02R-014-3-B,B,HB,prime,45,150,2140,204,1936,9,2025-06-11,A,A,False,106.49
2025-06-20,SKU-04529,D-02L-005-3-B,D,HB,prime,45,400,15,1,14,5,2025-06-15,C,B,True,1.042
2025-06-20,SKU-04530,D-02R-025-4-A,D,HB,sub_prime,63,400,3,0,3,11,2025-06-09,C,C,False,0.73
2025-06-20,SKU-04531,E-01R-013-4-A,E,HB,sub_prime,63,525,3,0,3,12,2025-06-08,C,C,False,0.707
2025-06-20,SKU-04532,C-02R-022-1-A,C,HB,floor,9,275,10,0,10,7,2025-06-13,C,B,True,0.923
2025-06-20,SKU-04533,D-01L-017-2-A,D,HB,prime,27,400,62,0,62,11,2025-06-09,B,A,True,3.095
2025-06-20,SKU-04534,E-02R-019-5-A,E,HB,overhead,81,525,8,0,8,8,2025-06-12,C,B,True,1.053
2025-06-20,SKU-04535,E-02R-016-3-B,E,HB,prime,45,525,14,0,14,11,2025-06-09,C,B,True,0.858
2025-06-20,SKU-04536,D-02R-019-2-A,D,HB,prime,27,400,10,0,10,8,2025-06-12,C,C,False,0.717
2025-06-20,SKU-04537,C-01L-002-4-B,C,HB,sub_prime,63,275,12,1,11,7,2025-06-13,B,B,False,1.334
2025-06-20,SKU-04538,A-01R-001-1-B,A,HB,floor,9,50,1635,148,1487,2,2025-06-18,A,A,False,87.376
2025-06-20,SKU-04539,D-02R-007-3-B,D,HB,prime,45,400,15,0,15,14,2025-06-06,C,B,True,0.877
2025-06-20,SKU-04540,D-02L-003-3-B,D,HB,prime,45,400,3,0,3,1,2025-06-19,C,C,False,0.742
2025-06-20,SKU-04541,C-01L-023-4-B,C,HB,sub_prime,63,275,31,2,29,9,2025-06-11,B,B,False,2.282
2025-06-20,SKU-04542,C-02L-018-4-A,C,HB,sub_prime,63,275,150,13,137,7,2025-06-13,A,A,False,26.832
2025-06-20,SKU-04543,C-01L-015-3-B,C,HB,prime,45,275,28,0,28,15,2025-06-05,B,B,False,1.429
2025-06-20,SKU-04544,D-01L-013-1-B,D,HB,floor,9,400,4,0,4,20,2025-05-31,C,C,False,0.708
2025-06-20,SKU-04545,C-01L-020-5-B,C,HB,overhead,81,275,10,0,10,10,2025-06-10,C,B,True,0.949
2025-06-20,SKU-04546,B-02R-018-5-B,B,HB,overhead,81,150,9,0,9,10,2025-06-10,B,B,False,1.118
2025-06-20,SKU-04547,C-02L-001-2-B,C,HB,prime,27,275,38,1,37,3,2025-06-17,B,B,False,2.186
2025-06-20,SKU-04548,D-01R-017-3-B,D,HB,prime,45,400,21,0,21,20,2025-05-31,B,A,True,2.91
2025-06-20,SKU-04549,E-02L-007-1-B,E,HB,floor,9,525,11,0,11,13,2025-06-07,C,C,False,0.726
2025-06-20,SKU-04550,D-01L-017-4-B,D,HB,sub_prime,63,400,12,0,12,4,2025-06-16,C,C,False,0.74
2025-06-20,SKU-04551,B-02R-021-2-B,B,HB,prime,27,150,26,3,23,11,2025-06-09,B,B,False,2.441
2025-06-20,SKU-04552,B-01L-018-3-B,B,HB,prime,45,150,20,1,19,8,2025-06-12,C,B,True,1.0
2025-06-20,SKU-04553,C-01R-015-4-B,C,HB,sub_prime,63,275,28,0,28,9,2025-06-11,B,A,True,3.757
2025-06-20,SKU-04554,D-01L-016-3-B,D,HB,prime,45,400,20,1,19,14,2025-06-06,B,B,False,1.78
2025-06-20,SKU-04555,C-02R-004-3-B,C,HB,prime,45,275,48,2,46,5,2025-06-15,B,A,True,3.765
2025-06-20,SKU-04556,E-01R-018-3-B,E,HB,prime,45,525,6,0,6,15,2025-06-05,C,B,True,1.018
2025-06-20,SKU-04557,B-02R-023-2-B,B,HB,prime,27,150,33,4,29,12,2025-06-08,B,A,True,3.264
2025-06-20,SKU-04558,A-01L-008-1-A,A,HB,floor,9,50,42,0,42,2,2025-06-18,A,A,False,7.925
2025-06-20,SKU-04559,E-02R-012-4-A,E,HB,sub_prime,63,525,11,0,11,14,2025-06-06,C,C,False,0.746
2025-06-20,SKU-04560,B-02L-010-2-A,B,HB,prime,27,150,9,0,9,6,2025-06-14,B,B,False,1.498
2025-06-20,SKU-04561,E-02L-024-1-B,E,HB,floor,9,525,5,0,5,8,2025-06-12,C,C,False,0.691
2025-06-20,SKU-04562,D-01L-017-2-B,D,HB,prime,27,400,15,1,14,14,2025-06-06,B,B,False,1.623
2025-06-20,SKU-04563,A-02L-022-4-B,A,HB,sub_prime,63,50,151,22,129,7,2025-06-13,A,A,False,28.397
2025-06-20,SKU-04564,D-02L-006-3-B,D,HB,prime,45,400,8,0,8,14,2025-06-06,C,B,True,0.894
2025-06-20,SKU-04565,C-01R-026-4-A,C,HB,sub_prime,63,275,51,0,51,2,2025-06-18,B,B,False,2.568
2025-06-20,SKU-04566,C-02R-011-1-A,C,HB,floor,9,275,22,3,19,13,2025-06-07,B,B,False,2.161
2025-06-20,SKU-04567,C-02L-005-4-A,C,HB,sub_prime,63,275,8,0,8,13,2025-06-07,B,B,False,1.081
2025-06-20,SKU-04568,D-01L-011-2-B,D,HB,prime,27,400,4,0,4,9,2025-06-11,C,B,True,0.912
2025-06-20,SKU-04569,D-01R-006-1-A,D,HB,floor,9,400,6,0,6,15,2025-06-05,C,C,False,0.763
2025-06-20,SKU-04570,D-01R-004-4-A,D,HB,sub_prime,63,400,12,0,12,13,2025-06-07,C,B,True,0.896
2025-06-20,SKU-04571,C-01R-019-4-A,C,HB,sub_prime,63,275,35,4,31,16,2025-06-04,B,A,True,3.005
2025-06-20,SKU-04572,C-01R-021-2-B,C,HB,prime,27,275,31,1,30,13,2025-06-07,B,B,False,1.825
2025-06-20,SKU-04573,C-01R-006-3-A,C,HB,prime,45,275,6,0,6,2,2025-06-18,B,B,False,1.118
2025-06-20,SKU-04574,D-02R-023-2-A,D,HB,prime,27,400,17,0,17,7,2025-06-13,B,B,False,1.121
2025-06-20,SKU-04575,D-02L-021-1-A,D,HB,floor,9,400,11,0,11,16,2025-06-04,C,C,False,0.691
2025-06-20,SKU-04576,B-01L-013-3-B,B,HB,prime,45,150,59,3,56,11,2025-06-09,B,A,True,3.68
2025-06-20,SKU-04577,E-02R-002-2-B,E,HB,prime,27,525,7,0,7,5,2025-06-15,C,B,True,0.783
2025-06-20,SKU-04578,B-01R-023-1-A,B,HB,floor,9,150,5,0,5,16,2025-06-04,C,B,True,0.962
2025-06-20,SKU-04579,E-01L-017-3-A,E,HB,prime,45,525,7,0,7,4,2025-06-16,C,B,True,0.885
2025-06-20,SKU-04580,C-01R-010-3-B,C,HB,prime,45,275,57,2,55,3,2025-06-17,B,A,True,3.321
2025-06-20,SKU-04581,D-01R-009-4-A,D,HB,sub_prime,63,400,3,0,3,7,2025-06-13,C,C,False,0.747
2025-06-20,SKU-04582,E-01L-018-3-B,E,HB,prime,45,525,28,5,23,20,2025-05-31,A,A,False,4.526
2025-06-20,SKU-04583,C-02L-020-4-B,C,HB,sub_prime,63,275,14,0,14,7,2025-06-13,B,B,False,1.196
2025-06-20,SKU-04584,C-01R-005-2-A,C,HB,prime,27,275,32,2,30,3,2025-06-17,B,B,False,1.59
2025-06-20,SKU-04585,B-01L-026-1-B,B,HB,floor,9,150,47,2,45,10,2025-06-10,B,B,False,2.371
2025-06-20,SKU-04586,C-02L-005-2-B,C,HB,prime,27,275,24,1,23,3,2025-06-17,B,B,False,1.205
2025-06-20,SKU-04587,D-01R-023-4-A,D,HB,sub_prime,63,400,10,0,10,18,2025-06-02,B,B,False,1.403
2025-06-20,SKU-04588,E-02L-011-3-A,E,HB,prime,45,525,4,0,4,2,2025-06-18,C,C,False,0.756
2025-06-20,SKU-04589,C-02R-020-2-A,C,HB,prime,27,275,25,0,25,2,2025-06-18,B,B,False,1.881
2025-06-20,SKU-04590,B-01R-011-2-B,B,HB,prime,27,150,8,0,8,9,2025-06-11,C,B,True,0.795
2025-06-20,SKU-04591,C-01L-012-2-B,C,HB,prime,27,275,26,2,24,11,2025-06-09,B,B,False,1.598
2025-06-20,SKU-04592,C-01R-021-5-A,C,HB,overhead,81,275,19,1,18,4,2025-06-16,B,B,False,1.344
2025-06-20,SKU-04593,B-01L-024-3-A,B,HB,prime,45,150,11,1,10,3,2025-06-17,B,B,False,1.477
2025-06-20,SKU-04594,C-01L-024-2-A,C,HB,prime,27,275,9,0,9,13,2025-06-07,C,B,True,0.981
2025-06-20,SKU-04595,D-01R-020-4-B,D,HB,sub_prime,63,400,22,0,22,2,2025-06-18,B,B,False,2.03
2025-06-20,SKU-04596,C-01L-010-4-A,C,HB,sub_prime,63,275,11,0,11,12,2025-06-08,C,B,True,0.78
2025-06-20,SKU-04597,C-01L-013-5-B,C,HB,overhead,81,275,6,0,6,17,2025-06-03,B,B,False,1.278
2025-06-20,SKU-04598,B-02L-025-3-B,B,HB,prime,45,150,78,9,69,2,2025-06-18,A,A,False,5.383
2025-06-20,SKU-04599,E-02R-016-5-A,E,HB,overhead,81,525,3,0,3,3,2025-06-17,C,C,False,0.697
2025-06-20,SKU-04600,D-02L-008-4-B,D,HB,sub_prime,63,400,28,0,28,14,2025-06-06,B,B,False,1.6
2025-06-20,SKU-04601,E-02L-003-2-A,E,HB,prime,27,525,5,0,5,16,2025-06-04,C,B,True,0.793
2025-06-20,SKU-04602,D-02R-024-5-B,D,HB,overhead,81,400,12,0,12,16,2025-06-04,C,B,True,0.811
2025-06-20,SKU-04603,D-02R-005-3-B,D,HB,prime,45,400,16,0,16,15,2025-06-05,C,B,True,0.85
2025-06-20,SKU-04604,A-02R-011-2-A,A,HB,prime,27,50,127,1,126,2,2025-06-18,A,A,False,11.1
2025-06-20,SKU-04605,C-02L-004-4-A,C,HB,sub_prime,63,275,73,3,70,14,2025-06-06,A,A,False,4.7
2025-06-20,SKU-04606,D-01R-012-1-B,D,HB,floor,9,400,35,0,35,3,2025-06-17,B,A,True,2.786
2025-06-20,SKU-04607,C-02R-009-3-B,C,HB,prime,45,275,20,1,19,11,2025-06-09,B,B,False,1.958
2025-06-20,SKU-04608,A-02L-025-1-B,A,HB,floor,9,50,3293,13,3280,20,2025-05-31,A,A,False,179.351
2025-06-20,SKU-04609,C-02L-014-4-B,C,HB,sub_prime,63,275,30,0,30,2,2025-06-18,B,B,False,1.64
2025-06-20,SKU-04610,B-02R-015-1-B,B,HB,floor,9,150,17,1,16,3,2025-06-17,B,B,False,1.299
2025-06-20,SKU-04611,D-01L-007-4-B,D,HB,sub_prime,63,400,5,0,5,6,2025-06-14,C,C,False,0.696
2025-06-20,SKU-04612,D-02R-006-4-A,D,HB,sub_prime,63,400,15,0,15,14,2025-06-06,C,B,True,0.809
2025-06-20,SKU-04613,E-01R-009-3-A,E,HB,prime,45,525,7,0,7,6,2025-06-14,C,B,True,0.777
2025-06-20,SKU-04614,C-01R-018-4-A,C,HB,sub_prime,63,275,21,1,20,13,2025-06-07,B,B,False,1.469
2025-06-20,SKU-04615,D-02R-006-3-B,D,HB,prime,45,400,11,0,11,4,2025-06-16,C,B,True,0.833
2025-06-20,SKU-04616,C-02R-017-5-B,C,HB,overhead,81,275,5,0,5,9,2025-06-11,C,B,True,0.849
2025-06-20,SKU-04617,D-02R-026-2-B,D,HB,prime,27,400,3,0,3,6,2025-06-14,C,C,False,0.704
2025-06-20,SKU-04618,D-02L-025-1-B,D,HB,floor,9,400,9,0,9,10,2025-06-10,C,C,False,0.727
2025-06-20,SKU-04619,D-01L-021-4-B,D,HB,sub_prime,63,400,17,0,17,20,2025-05-31,C,B,True,0.894
2025-06-20,SKU-04620,D-01R-011-3-B,D,HB,prime,45,400,17,0,17,8,2025-06-12,C,B,True,0.881
2025-06-20,SKU-04621,D-01R-007-1-A,D,HB,floor,9,400,10,0,10,17,2025-06-03,C,C,False,0.728
2025-06-20,SKU-04622,D-01L-010-2-A,D,HB,prime,27,400,14,0,14,6,2025-06-14,C,C,False,0.727
2025-06-20,SKU-04623,B-01R-007-5-A,B,HB,overhead,81,150,71,0,71,7,2025-06-13,A,A,False,8.828
2025-06-20,SKU-04624,D-01R-008-5-B,D,HB,overhead,81,400,15,0,15,5,2025-06-15,B,B,False,2.515
2025-06-20,SKU-04625,A-01L-001-1-A,A,HB,floor,9,50,7,0,7,7,2025-06-13,B,B,False,1.313
2025-06-20,SKU-04626,E-01L-011-3-B,E,HB,prime,45,525,12,0,12,19,2025-06-01,C,B,True,0.791
2025-06-20,SKU-04627,D-01L-006-3-A,D,HB,prime,45,400,28,1,27,5,2025-06-15,B,B,False,1.457
2025-06-20,SKU-04628,D-01L-001-5-A,D,HB,overhead,81,400,8,0,8,10,2025-06-10,C,B,True,0.931
2025-06-20,SKU-04629,D-02R-012-1-A,D,HB,floor,9,400,15,2,13,19,2025-06-01,B,B,False,1.534
2025-06-20,SKU-04630,B-01L-017-5-A,B,HB,overhead,81,150,10,0,10,18,2025-06-02,B,B,False,1.335
2025-06-20,SKU-04631,D-01L-009-4-B,D,HB,sub_prime,63,400,13,1,12,18,2025-06-02,B,B,False,1.184
2025-06-20,SKU-04632,E-01L-014-5-B,E,HB,overhead,81,525,4,0,4,15,2025-06-05,C,B,True,0.948
2025-06-20,SKU-04633,D-02R-019-2-B,D,HB,prime,27,400,42,5,37,20,2025-05-31,B,A,True,3.481
2025-06-20,SKU-04634,D-01L-010-5-B,D,HB,overhead,81,400,8,1,7,12,2025-06-08,B,B,False,1.285
2025-06-20,SKU-04635,B-02R-006-1-B,B,HB,floor,9,150,9,1,8,1,2025-06-19,B,B,False,1.438
2025-06-20,SKU-04636,D-02L-018-2-A,D,HB,prime,27,400,8,0,8,2,2025-06-18,C,C,False,0.72
2025-06-20,SKU-04637,B-02L-003-1-A,B,HB,floor,9,150,93,11,82,14,2025-06-06,A,A,False,8.605
2025-06-20,SKU-04638,C-01L-007-3-A,C,HB,prime,45,275,14,0,14,16,2025-06-04,C,B,True,0.773
2025-06-20,SKU-04639,B-01L-011-4-B,B,HB,sub_prime,63,150,111,13,98,7,2025-06-13,A,A,False,7.981
2025-06-20,SKU-04640,E-02L-024-5-B,E,HB,overhead,81,525,12,0,12,16,2025-06-04,C,B,True,0.833
2025-06-20,SKU-04641,D-02R-016-2-A,D,HB,prime,27,400,14,0,14,17,2025-06-03,C,B,True,0.861
2025-06-20,SKU-04642,D-02R-016-2-B,D,HB,prime,27,400,7,0,7,20,2025-05-31,C,B,True,0.876
2025-06-20,SKU-04643,A-01L-025-2-B,A,HB,prime,27,50,70,6,64,17,2025-06-03,A,A,False,5.461
2025-06-20,SKU-04644,C-02L-023-3-A,C,HB,prime,45,275,82,3,79,3,2025-06-17,A,A,False,4.426
2025-06-20,SKU-04645,D-02L-024-2-A,D,HB,prime,27,400,5,0,5,1,2025-06-19,B,B,False,1.163
2025-06-20,SKU-04646,C-02R-011-5-B,C,HB,overhead,81,275,26,1,25,1,2025-06-19,B,B,False,2.052
2025-06-20,SKU-04647,C-01R-010-1-A,C,HB,floor,9,275,25,0,25,18,2025-06-02,B,B,False,2.408
2025-06-20,SKU-04648,D-02L-003-2-B,D,HB,prime,27,400,13,0,13,19,2025-06-01,B,B,False,1.324
2025-06-20,SKU-04649,D-02R-014-2-A,D,HB,prime,27,400,15,0,15,20,2025-05-31,C,B,True,0.91
2025-06-20,SKU-04650,C-02R-001-4-B,C,HB,sub_prime,63,275,14,1,13,10,2025-06-10,B,B,False,1.167
2025-06-20,SKU-04651,D-02R-001-1-B,D,HB,floor,9,400,38,2,36,18,2025-06-02,B,B,False,2.107
2025-06-20,SKU-04652,E-01R-019-4-B,E,HB,sub_prime,63,525,11,0,11,8,2025-06-12,C,C,False,0.685
2025-06-20,SKU-04653,E-02L-003-4-B,E,HB,sub_prime,63,525,14,0,14,14,2025-06-06,C,C,False,0.755
2025-06-20,SKU-04654,E-01R-020-3-A,E,HB,prime,45,525,13,0,13,19,2025-06-01,C,B,True,0.823
2025-06-20,SKU-04655,C-02R-019-1-A,C,HB,floor,9,275,10,0,10,8,2025-06-12,C,B,True,0.855
2025-06-20,SKU-04656,B-02L-002-1-B,B,HB,floor,9,150,19,0,19,11,2025-06-09,B,B,False,1.107
2025-06-20,SKU-04657,D-02L-011-3-B,D,HB,prime,45,400,39,3,36,17,2025-06-03,B,B,False,2.227
2025-06-20,SKU-04658,D-01R-007-2-B,D,HB,prime,27,400,6,0,6,3,2025-06-17,C,C,False,0.743
2025-06-20,SKU-04659,D-01R-024-5-A,D,HB,overhead,81,400,25,2,23,16,2025-06-04,B,B,False,1.718
2025-06-20,SKU-04660,E-02R-018-5-A,E,HB,overhead,81,525,6,0,6,1,2025-06-19,C,B,True,0.842
2025-06-20,SKU-04661,E-02R-008-5-A,E,HB,overhead,81,525,18,1,17,10,2025-06-10,C,B,True,1.059
2025-06-20,SKU-04662,E-02L-008-2-B,E,HB,prime,27,525,9,0,9,9,2025-06-11,C,B,True,0.886
2025-06-20,SKU-04663,B-02R-010-1-B,B,HB,floor,9,150,13,1,12,2,2025-06-18,B,B,False,1.145
2025-06-20,SKU-04664,A-02R-002-3-A,A,HB,prime,45,50,289,22,267,20,2025-05-31,A,A,False,18.724
2025-06-20,SKU-04665,A-01R-021-5-A,A,HB,overhead,81,50,104,3,101,12,2025-06-08,A,A,False,5.019
2025-06-20,SKU-04666,E-02L-009-2-A,E,HB,prime,27,525,8,0,8,15,2025-06-05,C,B,True,0.845
2025-06-20,SKU-04667,D-02R-016-3-A,D,HB,prime,45,400,22,4,18,3,2025-06-17,B,A,True,3.531
2025-06-20,SKU-04668,C-02L-016-5-B,C,HB,overhead,81,275,26,0,26,3,2025-06-17,B,B,False,1.366
2025-06-20,SKU-04669,D-01L-014-2-B,D,HB,prime,27,400,4,0,4,10,2025-06-10,C,C,False,0.736
2025-06-20,SKU-04670,C-02R-018-2-B,C,HB,prime,27,275,607,30,577,6,2025-06-14,A,A,False,51.632
2025-06-20,SKU-04671,B-02R-002-3-B,B,HB,prime,45,150,17,0,17,8,2025-06-12,B,B,False,1.391
2025-06-20,SKU-04672,D-02L-024-4-A,D,HB,sub_prime,63,400,9,0,9,19,2025-06-01,C,B,True,0.896
2025-06-20,SKU-04673,D-02R-008-3-A,D,HB,prime,45,400,11,1,10,1,2025-06-19,B,B,False,1.44
2025-06-20,SKU-04674,D-01R-022-5-B,D,HB,overhead,81,400,15,1,14,4,2025-06-16,B,B,False,2.267
2025-06-20,SKU-04675,B-01R-021-4-B,B,HB,sub_prime,63,150,11,0,11,12,2025-06-08,B,B,False,1.855
2025-06-20,SKU-04676,C-02L-005-2-A,C,HB,prime,27,275,6,0,6,4,2025-06-16,C,B,True,0.772
2025-06-20,SKU-04677,D-01R-007-3-A,D,HB,prime,45,400,7,1,6,18,2025-06-02,C,B,True,1.014
2025-06-20,SKU-04678,E-01L-023-4-A,E,HB,sub_prime,63,525,14,0,14,19,2025-06-01,C,C,False,0.733
2025-06-20,SKU-04679,E-01L-023-4-B,E,HB,sub_prime,63,525,7,0,7,14,2025-06-06,C,B,True,0.809
2025-06-20,SKU-04680,D-01R-017-1-B,D,HB,floor,9,400,3,0,3,20,2025-05-31,C,B,True,0.777
2025-06-20,SKU-04681,C-01R-024-5-B,C,HB,overhead,81,275,14,2,12,13,2025-06-07,B,B,False,2.269
2025-06-20,SKU-04682,C-01R-009-5-B,C,HB,overhead,81,275,4,0,4,14,2025-06-06,C,B,True,0.826
2025-06-20,SKU-04683,E-01R-011-3-A,E,HB,prime,45,525,14,0,14,19,2025-06-01,C,B,True,1.017
2025-06-20,SKU-04684,A-02R-022-1-B,A,HB,floor,9,50,17,0,17,19,2025-06-01,B,B,False,1.695
2025-06-20,SKU-04685,C-02R-018-4-A,C,HB,sub_prime,63,275,20,0,20,4,2025-06-16,B,B,False,1.134
2025-06-20,SKU-04686,D-01L-016-3-A,D,HB,prime,45,400,3,0,3,16,2025-06-04,C,C,False,0.756
2025-06-20,SKU-04687,B-01R-026-4-A,B,HB,sub_prime,63,150,78,7,71,3,2025-06-17,A,A,False,4.746
2025-06-20,SKU-04688,C-01L-020-1-A,C,HB,floor,9,275,16,4,12,7,2025-06-13,B,A,True,3.158
2025-06-20,SKU-04689,D-01L-021-2-A,D,HB,prime,27,400,18,0,18,14,2025-06-06,C,B,True,1.004
2025-06-20,SKU-04690,C-02L-022-4-B,C,HB,sub_prime,63,275,15,1,14,9,2025-06-11,B,B,False,1.363
2025-06-20,SKU-04691,C-01R-009-3-B,C,HB,prime,45,275,21,1,20,12,2025-06-08,B,B,False,1.255
2025-06-20,SKU-04692,D-02L-007-5-A,D,HB,overhead,81,400,11,0,11,17,2025-06-03,C,B,True,0.846
2025-06-20,SKU-04693,B-01L-018-2-B,B,HB,prime,27,150,11,0,11,16,2025-06-04,B,B,False,1.32
2025-06-20,SKU-04694,D-02R-010-5-A,D,HB,overhead,81,400,13,0,13,7,2025-06-13,C,B,True,0.831
2025-06-20,SKU-04695,B-02L-015-2-B,B,HB,prime,27,150,21,1,20,7,2025-06-13,B,B,False,1.324
2025-06-20,SKU-04696,C-02L-001-4-A,C,HB,sub_prime,63,275,10,1,9,15,2025-06-05,C,B,True,1.033
2025-06-20,SKU-04697,D-02L-014-4-A,D,HB,sub_prime,63,400,16,2,14,16,2025-06-04,B,B,False,1.877
2025-06-20,SKU-04698,E-02L-003-3-A,E,HB,prime,45,525,8,0,8,9,2025-06-11,C,B,True,0.815
2025-06-20,SKU-04699,C-02L-016-1-B,C,HB,floor,9,275,11,0,11,3,2025-06-17,B,B,False,1.16
2025-06-20,SKU-04700,D-01L-016-5-B,D,HB,overhead,81,400,9,0,9,11,2025-06-09,C,C,False,0.75
2025-06-20,SKU-04701,B-02L-024-3-B,B,HB,prime,45,150,18,1,17,17,2025-06-03,B,B,False,1.375
2025-06-20,SKU-04702,C-01R-003-4-A,C,HB,sub_prime,63,275,20,1,19,10,2025-06-10,B,B,False,1.828
2025-06-20,SKU-04703,D-02R-016-5-B,D,HB,overhead,81,400,20,1,19,20,2025-05-31,B,B,False,1.249
2025-06-20,SKU-04704,D-02R-023-2-B,D,HB,prime,27,400,13,0,13,14,2025-06-06,C,B,True,0.839
2025-06-20,SKU-04705,C-01L-013-1-A,C,HB,floor,9,275,20,0,20,2,2025-06-18,B,B,False,1.387
2025-06-20,SKU-04706,C-02R-006-4-A,C,HB,sub_prime,63,275,12,0,12,12,2025-06-08,C,C,False,0.712
2025-06-20,SKU-04707,B-01L-019-4-B,B,HB,sub_prime,63,150,50,6,44,9,2025-06-11,A,A,False,4.649
2025-06-20,SKU-04708,C-02L-004-5-A,C,HB,overhead,81,275,54,1,53,9,2025-06-11,B,A,True,3.147
2025-06-20,SKU-04709,C-01R-001-5-B,C,HB,overhead,81,275,17,2,15,8,2025-06-12,B,B,False,1.631
2025-06-20,SKU-04710,A-02L-008-2-A,A,HB,prime,27,50,780,35,745,15,2025-06-05,A,A,False,48.681
2025-06-20,SKU-04711,D-02L-018-4-A,D,HB,sub_prime,63,400,9,0,9,12,2025-06-08,C,C,False,0.737
2025-06-20,SKU-04712,E-01L-005-1-B,E,HB,floor,9,525,5,0,5,13,2025-06-07,C,C,False,0.711
2025-06-20,SKU-04713,E-01L-006-1-B,E,HB,floor,9,525,18,0,18,11,2025-06-09,C,B,True,0.913
2025-06-20,SKU-04714,E-01R-020-5-B,E,HB,overhead,81,525,17,0,17,11,2025-06-09,C,B,True,0.885
2025-06-20,SKU-04715,D-02L-025-2-B,D,HB,prime,27,400,12,0,12,9,2025-06-11,C,B,True,0.794
2025-06-20,SKU-04716,C-02R-009-5-B,C,HB,overhead,81,275,34,0,34,19,2025-06-01,B,B,False,1.769
2025-06-20,SKU-04717,B-02R-006-3-B,B,HB,prime,45,150,185,21,164,15,2025-06-05,A,A,False,11.67
2025-06-20,SKU-04718,B-01R-011-5-B,B,HB,overhead,81,150,8,0,8,6,2025-06-14,C,B,True,0.789
2025-06-20,SKU-04719,B-01L-006-4-B,B,HB,sub_prime,63,150,50,5,45,14,2025-06-06,A,A,False,5.596
2025-06-20,SKU-04720,B-02L-015-3-A,B,HB,prime,45,150,17,0,17,9,2025-06-11,B,B,False,2.607
2025-06-20,SKU-04721,D-01R-002-5-B,D,HB,overhead,81,400,15,0,15,8,2025-06-12,C,B,True,0.781
2025-06-20,SKU-04722,D-01L-018-4-A,D,HB,sub_prime,63,400,18,0,18,1,2025-06-19,B,B,False,1.231
2025-06-20,SKU-04723,B-02R-017-5-A,B,HB,overhead,81,150,30,2,28,1,2025-06-19,B,B,False,1.874
2025-06-20,SKU-04724,C-01R-021-3-A,C,HB,prime,45,275,20,1,19,14,2025-06-06,B,B,False,1.094
2025-06-20,SKU-04725,D-02L-017-2-B,D,HB,prime,27,400,8,0,8,13,2025-06-07,C,B,True,0.926
2025-06-20,SKU-04726,E-01L-011-5-B,E,HB,overhead,81,525,13,0,13,4,2025-06-16,C,B,True,0.921
2025-06-20,SKU-04727,D-02L-007-1-B,D,HB,floor,9,400,42,1,41,4,2025-06-16,B,A,True,2.925
2025-06-20,SKU-04728,D-02R-015-2-A,D,HB,prime,27,400,18,3,15,17,2025-06-03,B,B,False,2.295
2025-06-20,SKU-04729,D-01L-022-1-B,D,HB,floor,9,400,27,3,24,13,2025-06-07,B,A,True,2.66
2025-06-20,SKU-04730,B-02R-023-1-A,B,HB,floor,9,150,11,0,11,13,2025-06-07,B,B,False,1.405
2025-06-20,SKU-04731,C-01L-022-5-B,C,HB,overhead,81,275,48,2,46,6,2025-06-14,B,B,False,2.599
2025-06-20,SKU-04732,E-02L-023-2-A,E,HB,prime,27,525,14,0,14,20,2025-05-31,B,B,False,1.257
2025-06-20,SKU-04733,A-01R-018-1-A,A,HB,floor,9,50,261,54,207,20,2025-05-31,A,A,False,46.05
2025-06-20,SKU-04734,C-01R-021-2-A,C,HB,prime,27,275,5,1,4,3,2025-06-17,B,B,False,1.156
2025-06-20,SKU-04735,B-01R-017-2-A,B,HB,prime,27,150,15,0,15,10,2025-06-10,C,B,True,0.817
2025-06-20,SKU-04736,C-01R-016-3-B,C,HB,prime,45,275,21,0,21,13,2025-06-07,B,B,False,1.296
2025-06-20,SKU-04737,C-02R-001-2-B,C,HB,prime,27,275,72,0,72,6,2025-06-14,B,A,True,3.728
2025-06-20,SKU-04738,A-01R-022-4-B,A,HB,sub_prime,63,50,17,0,17,6,2025-06-14,B,B,False,2.413
2025-06-20,SKU-04739,E-02R-026-5-A,E,HB,overhead,81,525,13,0,13,6,2025-06-14,C,B,True,0.975
2025-06-20,SKU-04740,D-02L-020-1-A,D,HB,floor,9,400,12,0,12,12,2025-06-08,C,B,True,0.858
2025-06-20,SKU-04741,D-01L-003-3-A,D,HB,prime,45,400,9,0,9,18,2025-06-02,C,B,True,0.824
2025-06-20,SKU-04742,C-02L-013-2-B,C,HB,prime,27,275,7,2,5,16,2025-06-04,B,B,False,1.534
2025-06-20,SKU-04743,D-01R-020-2-B,D,HB,prime,27,400,12,1,11,19,2025-06-01,B,B,False,1.235
2025-06-20,SKU-04744,C-01L-020-2-A,C,HB,prime,27,275,17,0,17,4,2025-06-16,B,B,False,1.443
2025-06-20,SKU-04745,B-01R-013-5-A,B,HB,overhead,81,150,67,6,61,11,2025-06-09,A,A,False,7.573
2025-06-20,SKU-04746,D-01L-019-3-A,D,HB,prime,45,400,26,1,25,14,2025-06-06,B,B,False,1.391
2025-06-20,SKU-04747,B-02L-017-1-B,B,HB,floor,9,150,12,0,12,6,2025-06-14,B,B,False,1.128
2025-06-20,SKU-04748,C-01R-010-2-A,C,HB,prime,27,275,15,1,14,3,2025-06-17,B,B,False,1.289
2025-06-20,SKU-04749,D-02R-011-5-B,D,HB,overhead,81,400,11,0,11,9,2025-06-11,C,C,False,0.715
2025-06-20,SKU-04750,D-02L-001-5-B,D,HB,overhead,81,400,69,0,69,9,2025-06-11,B,A,True,3.381
2025-06-20,SKU-04751,E-02L-023-5-A,E,HB,overhead,81,525,7,0,7,3,2025-06-17,C,C,False,0.767
2025-06-20,SKU-04752,E-01R-004-4-A,E,HB,sub_prime,63,525,15,0,15,17,2025-06-03,B,B,False,1.694
2025-06-20,SKU-04753,D-01R-014-2-B,D,HB,prime,27,400,13,0,13,10,2025-06-10,C,C,False,0.745
2025-06-20,SKU-04754,A-01L-001-1-B,A,HB,floor,9,50,97,0,97,11,2025-06-09,A,A,False,5.766
2025-06-20,SKU-04755,B-01R-018-2-B,B,HB,prime,27,150,25,3,22,12,2025-06-08,A,A,False,4.556
2025-06-20,SKU-04756,E-01L-023-2-A,E,HB,prime,27,525,12,0,12,10,2025-06-10,C,B,True,1.009
2025-06-20,SKU-04757,B-01L-008-3-A,B,HB,prime,45,150,37,1,36,10,2025-06-10,B,B,False,1.818
2025-06-20,SKU-04758,D-02R-007-4-B,D,HB,sub_prime,63,400,17,0,17,18,2025-06-02,C,B,True,0.922
2025-06-20,SKU-04759,D-01L-017-1-A,D,HB,floor,9,400,10,0,10,8,2025-06-12,C,B,True,1.072
2025-06-20,SKU-04760,D-02L-005-3-A,D,HB,prime,45,400,15,0,15,7,2025-06-13,C,B,True,0.868
2025-06-20,SKU-04761,B-01L-006-2-B,B,HB,prime,27,150,13,0,13,8,2025-06-12,B,B,False,1.155
2025-06-20,SKU-04762,C-01R-024-3-B,C,HB,prime,45,275,21,0,21,14,2025-06-06,B,B,False,1.914
2025-06-20,SKU-04763,D-02R-009-2-A,D,HB,prime,27,400,35,3,32,15,2025-06-05,B,B,False,2.046
2025-06-20,SKU-04764,C-01R-024-2-A,C,HB,prime,27,275,11,0,11,4,2025-06-16,B,B,False,1.313
2025-06-20,SKU-04765,C-02L-007-3-B,C,HB,prime,45,275,22,4,18,2,2025-06-18,B,A,True,2.933
2025-06-20,SKU-04766,D-02R-008-2-B,D,HB,prime,27,400,17,0,17,7,2025-06-13,C,B,True,0.988
2025-06-20,SKU-04767,B-01L-007-2-B,B,HB,prime,27,150,11,1,10,9,2025-06-11,B,B,False,1.228
2025-06-20,SKU-04768,A-01R-021-2-A,A,HB,prime,27,50,403,77,326,14,2025-06-06,A,A,False,57.757
2025-06-20,SKU-04769,A-02R-008-3-A,A,HB,prime,45,50,8,0,8,15,2025-06-05,B,B,False,1.314
2025-06-20,SKU-04770,B-02R-015-3-A,B,HB,prime,45,150,68,3,65,9,2025-06-11,A,A,False,4.793
2025-06-20,SKU-04771,C-01L-002-1-B,C,HB,floor,9,275,43,3,40,16,2025-06-04,B,B,False,2.613
2025-06-20,SKU-04772,D-01L-021-3-A,D,HB,prime,45,400,8,1,7,12,2025-06-08,B,B,False,1.214
2025-06-20,SKU-04773,C-02R-005-3-B,C,HB,prime,45,275,14,0,14,1,2025-06-19,C,C,False,0.725
2025-06-20,SKU-04774,B-01L-022-5-B,B,HB,overhead,81,150,56,13,43,15,2025-06-05,A,A,False,8.018
2025-06-20,SKU-04775,A-02R-001-5-B,A,HB,overhead,81,50,362,67,295,16,2025-06-04,A,A,False,63.105
2025-06-20,SKU-04776,C-01R-015-4-A,C,HB,sub_prime,63,275,8,1,7,2,2025-06-18,B,B,False,1.1
2025-06-20,SKU-04777,A-02R-012-4-B,A,HB,sub_prime,63,50,20,1,19,10,2025-06-10,B,B,False,1.671
2025-06-20,SKU-04778,B-01L-023-3-B,B,HB,prime,45,150,252,0,252,8,2025-06-12,A,A,False,17.475
2025-06-20,SKU-04779,C-01L-017-3-B,C,HB,prime,45,275,71,3,68,17,2025-06-03,A,A,False,4.806
2025-06-20,SKU-04780,C-01L-025-2-B,C,HB,prime,27,275,14,1,13,11,2025-06-09,B,B,False,1.491
2025-06-20,SKU-04781,E-01L-016-4-B,E,HB,sub_prime,63,525,8,0,8,10,2025-06-10,C,C,False,0.694
2025-06-20,SKU-04782,C-01L-004-3-A,C,HB,prime,45,275,628,42,586,7,2025-06-13,A,A,False,43.135
2025-06-20,SKU-04783,C-02L-013-5-B,C,HB,overhead,81,275,7,0,7,16,2025-06-04,B,B,False,1.524
2025-06-20,SKU-04784,C-02R-003-5-A,C,HB,overhead,81,275,32,1,31,13,2025-06-07,B,B,False,2.299
2025-06-20,SKU-04785,E-02L-021-2-A,E,HB,prime,27,525,9,0,9,6,2025-06-14,C,C,False,0.719
2025-06-20,SKU-04786,A-01R-011-4-A,A,HB,sub_prime,63,50,69,3,66,8,2025-06-12,A,A,False,4.63
2025-06-20,SKU-04787,D-01L-006-2-A,D,HB,prime,27,400,17,0,17,8,2025-06-12,B,B,False,1.107
2025-06-20,SKU-04788,C-01L-002-3-A,C,HB,prime,45,275,14,0,14,9,2025-06-11,B,B,False,1.3
2025-06-20,SKU-04789,C-01L-019-4-A,C,HB,sub_prime,63,275,8,0,8,20,2025-05-31,B,B,False,1.461
2025-06-20,SKU-04790,E-01L-013-2-A,E,HB,prime,27,525,10,0,10,19,2025-06-01,C,B,True,0.801
2025-06-20,SKU-04791,E-01L-001-1-B,E,HB,floor,9,525,14,0,14,20,2025-05-31,C,B,True,0.805
2025-06-20,SKU-04792,D-01R-017-2-A,D,HB,prime,27,400,16,1,15,19,2025-06-01,B,B,False,1.349
2025-06-20,SKU-04793,A-01L-020-4-A,A,HB,sub_prime,63,50,95,4,91,14,2025-06-06,A,A,False,4.733
2025-06-20,SKU-04794,D-02L-012-5-A,D,HB,overhead,81,400,26,1,25,18,2025-06-02,B,B,False,1.456
2025-06-20,SKU-04795,E-01L-006-3-A,E,HB,prime,45,525,14,1,13,11,2025-06-09,B,B,False,2.02
2025-06-20,SKU-04796,C-01L-021-2-A,C,HB,prime,27,275,11,0,11,19,2025-06-01,C,B,True,0.852
2025-06-20,SKU-04797,C-01L-005-5-B,C,HB,overhead,81,275,8,0,8,4,2025-06-16,C,C,False,0.704
2025-06-20,SKU-04798,C-02L-013-4-B,C,HB,sub_prime,63,275,17,0,17,14,2025-06-06,B,B,False,1.588
2025-06-20,SKU-04799,D-02R-002-2-B,D,HB,prime,27,400,6,1,5,14,2025-06-06,C,B,True,1.073
2025-06-20,SKU-04800,C-01R-014-3-A,C,HB,prime,45,275,19,4,15,19,2025-06-01,B,A,True,3.644
2025-06-20,SKU-04801,E-01L-015-2-B,E,HB,prime,27,525,19,1,18,19,2025-06-01,C,B,True,1.07
2025-06-20,SKU-04802,C-02L-025-3-B,C,HB,prime,45,275,7,1,6,15,2025-06-05,C,B,True,1.007
2025-06-20,SKU-04803,B-02L-004-5-A,B,HB,overhead,81,150,41,0,41,2,2025-06-18,B,B,False,2.564
2025-06-20,SKU-04804,B-02L-012-1-B,B,HB,floor,9,150,20,0,20,17,2025-06-03,B,B,False,1.733
2025-06-20,SKU-04805,C-02R-010-1-B,C,HB,floor,9,275,15,1,14,11,2025-06-09,B,B,False,1.495
2025-06-20,SKU-04806,D-02R-011-4-B,D,HB,sub_prime,63,400,18,1,17,20,2025-05-31,B,B,False,1.649
2025-06-20,SKU-04807,B-02L-013-3-B,B,HB,prime,45,150,164,5,159,20,2025-05-31,A,A,False,13.966
2025-06-20,SKU-04808,E-02L-011-1-B,E,HB,floor,9,525,4,0,4,6,2025-06-14,C,B,True,0.98
2025-06-20,SKU-04809,A-01R-016-2-B,A,HB,prime,27,50,414,52,362,8,2025-06-12,A,A,False,31.553
2025-06-20,SKU-04810,D-02R-009-4-B,D,HB,sub_prime,63,400,61,5,56,9,2025-06-11,B,A,True,3.034
2025-06-20,SKU-04811,C-02L-024-3-A,C,HB,prime,45,275,26,0,26,17,2025-06-03,B,A,True,3.206
2025-06-20,SKU-04812,E-02L-018-2-A,E,HB,prime,27,525,8,0,8,14,2025-06-06,C,C,False,0.741
2025-06-20,SKU-04813,C-02L-008-2-B,C,HB,prime,27,275,230,18,212,9,2025-06-11,A,A,False,11.915
2025-06-20,SKU-04814,B-02R-017-4-A,B,HB,sub_prime,63,150,581,46,535,17,2025-06-03,A,A,False,39.624
2025-06-20,SKU-04815,E-02R-019-5-B,E,HB,overhead,81,525,7,0,7,18,2025-06-02,C,B,True,1.036
2025-06-20,SKU-04816,C-01L-015-5-A,C,HB,overhead,81,275,19,0,19,20,2025-05-31,B,B,False,1.519
2025-06-20,SKU-04817,D-02L-015-4-B,D,HB,sub_prime,63,400,5,0,5,6,2025-06-14,C,C,False,0.685
2025-06-20,SKU-04818,C-02L-016-4-B,C,HB,sub_prime,63,275,11,0,11,19,2025-06-01,C,B,True,0.848
2025-06-20,SKU-04819,D-02L-004-3-B,D,HB,prime,45,400,10,0,10,6,2025-06-14,C,B,True,0.865
2025-06-20,SKU-04820,D-01L-012-1-B,D,HB,floor,9,400,10,0,10,1,2025-06-19,C,B,True,0.887
2025-06-20,SKU-04821,A-02L-006-2-A,A,HB,prime,27,50,9,0,9,19,2025-06-01,B,B,False,1.096
2025-06-20,SKU-04822,E-01R-006-2-A,E,HB,prime,27,525,12,0,12,10,2025-06-10,C,B,True,0.799
2025-06-20,SKU-04823,E-01L-024-3-B,E,HB,prime,45,525,4,0,4,10,2025-06-10,C,B,True,0.987
2025-06-20,SKU-04824,A-01R-007-4-B,A,HB,sub_prime,63,50,91,5,86,4,2025-06-16,A,A,False,5.35
2025-06-20,SKU-04825,D-01R-023-1-B,D,HB,floor,9,400,18,1,17,10,2025-06-10,B,B,False,1.513
2025-06-20,SKU-04826,C-01R-013-2-B,C,HB,prime,27,275,14,0,14,17,2025-06-03,B,B,False,1.368
2025-06-20,SKU-04827,C-01R-018-2-A,C,HB,prime,27,275,12,0,12,11,2025-06-09,C,B,True,0.838
2025-06-20,SKU-04828,D-01L-015-3-A,D,HB,prime,45,400,6,0,6,11,2025-06-09,C,B,True,1.05
2025-06-20,SKU-04829,C-01R-008-3-B,C,HB,prime,45,275,32,2,30,18,2025-06-02,B,B,False,1.86
2025-06-20,SKU-04830,D-01R-015-2-A,D,HB,prime,27,400,10,0,10,11,2025-06-09,C,B,True,0.907
2025-06-20,SKU-04831,C-01L-014-3-A,C,HB,prime,45,275,12,0,12,18,2025-06-02,C,B,True,0.99
2025-06-20,SKU-04832,D-01L-022-5-A,D,HB,overhead,81,400,15,1,14,12,2025-06-08,C,B,True,1.013
2025-06-20,SKU-04833,B-01R-011-4-A,B,HB,sub_prime,63,150,30,0,30,12,2025-06-08,B,B,False,2.047
2025-06-20,SKU-04834,E-02R-020-4-B,E,HB,sub_prime,63,525,9,0,9,4,2025-06-16,C,B,True,0.82
2025-06-20,SKU-04835,D-01R-006-3-A,D,HB,prime,45,400,6,0,6,13,2025-06-07,C,B,True,0.894
2025-06-20,SKU-04836,C-02L-026-5-A,C,HB,overhead,81,275,16,0,16,19,2025-06-01,B,B,False,1.604
2025-06-20,SKU-04837,B-02L-012-3-B,B,HB,prime,45,150,8,0,8,11,2025-06-09,B,B,False,1.155
2025-06-20,SKU-04838,E-01L-012-2-B,E,HB,prime,27,525,13,0,13,11,2025-06-09,C,C,False,0.742
2025-06-20,SKU-04839,D-02R-024-5-A,D,HB,overhead,81,400,8,0,8,4,2025-06-16,C,B,True,1.032
2025-06-20,SKU-04840,E-01L-021-5-A,E,HB,overhead,81,525,44,1,43,15,2025-06-05,B,B,False,2.349
2025-06-20,SKU-04841,B-01L-019-4-A,B,HB,sub_prime,63,150,86,13,73,9,2025-06-11,A,A,False,7.623
2025-06-20,SKU-04842,C-01R-002-2-B,C,HB,prime,27,275,51,6,45,4,2025-06-16,B,A,True,3.864
2025-06-20,SKU-04843,C-02L-008-1-B,C,HB,floor,9,275,10,0,10,9,2025-06-11,C,B,True,0.784
2025-06-20,SKU-04844,C-02L-001-5-B,C,HB,overhead,81,275,9,0,9,15,2025-06-05,B,B,False,1.559
2025-06-20,SKU-04845,D-01R-013-2-B,D,HB,prime,27,400,18,1,17,13,2025-06-07,B,B,False,1.428
2025-06-20,SKU-04846,B-01L-003-1-A,B,HB,floor,9,150,155,12,143,9,2025-06-11,A,A,False,8.211
2025-06-20,SKU-04847,E-01L-013-4-A,E,HB,sub_prime,63,525,7,1,6,4,2025-06-16,B,B,False,1.191
2025-06-20,SKU-04848,E-01L-005-5-A,E,HB,overhead,81,525,18,0,18,12,2025-06-08,C,B,True,0.991
2025-06-20,SKU-04849,D-01R-016-5-A,D,HB,overhead,81,400,13,0,13,19,2025-06-01,C,B,True,0.803
2025-06-20,SKU-04850,E-01L-007-2-B,E,HB,prime,27,525,5,0,5,2,2025-06-18,C,C,False,0.736
2025-06-20,SKU-04851,C-02L-002-2-A,C,HB,prime,27,275,33,2,31,9,2025-06-11,B,A,True,3.394
2025-06-20,SKU-04852,B-02R-007-5-B,B,HB,overhead,81,150,8,0,8,5,2025-06-15,C,B,True,0.779
2025-06-20,SKU-04853,C-02R-021-4-A,C,HB,sub_prime,63,275,48,2,46,20,2025-05-31,B,B,False,2.524
2025-06-20,SKU-04854,D-02R-004-1-B,D,HB,floor,9,400,11,2,9,11,2025-06-09,B,B,False,1.67
2025-06-20,SKU-04855,E-01L-025-5-A,E,HB,overhead,81,525,12,0,12,6,2025-06-14,C,B,True,0.932
2025-06-20,SKU-04856,D-02R-001-2-A,D,HB,prime,27,400,6,0,6,1,2025-06-19,C,C,False,0.762
2025-06-20,SKU-04857,C-02R-005-1-A,C,HB,floor,9,275,15,0,15,12,2025-06-08,B,B,False,1.116
2025-06-20,SKU-04858,E-01R-016-3-A,E,HB,prime,45,525,6,0,6,4,2025-06-16,C,B,True,0.797
2025-06-20,SKU-04859,E-01L-014-5-A,E,HB,overhead,81,525,39,1,38,7,2025-06-13,B,B,False,2.422
2025-06-20,SKU-04860,C-01R-022-2-B,C,HB,prime,27,275,493,45,448,20,2025-05-31,A,A,False,30.7
2025-06-20,SKU-04861,D-02L-005-1-B,D,HB,floor,9,400,4,0,4,20,2025-05-31,C,B,True,0.841
2025-06-20,SKU-04862,C-02L-021-4-B,C,HB,sub_prime,63,275,19,0,19,16,2025-06-04,B,B,False,1.171
2025-06-20,SKU-04863,B-01R-025-5-A,B,HB,overhead,81,150,43,1,42,15,2025-06-05,B,A,True,3.182
2025-06-20,SKU-04864,D-02R-009-3-A,D,HB,prime,45,400,14,0,14,9,2025-06-11,C,B,True,0.904
2025-06-20,SKU-04865,A-01R-011-4-B,A,HB,sub_prime,63,50,1815,42,1773,20,2025-05-31,A,A,False,89.676
2025-06-20,SKU-04866,C-01R-008-4-A,C,HB,sub_prime,63,275,40,0,40,19,2025-06-01,B,B,False,2.495
2025-06-20,SKU-04867,A-02L-002-3-A,A,HB,prime,45,50,12,0,12,10,2025-06-10,C,B,True,0.883
2025-06-20,SKU-04868,D-02R-020-4-A,D,HB,sub_prime,63,400,5,0,5,12,2025-06-08,C,C,False,0.727
2025-06-20,SKU-04869,B-01R-017-1-B,B,HB,floor,9,150,21,3,18,19,2025-06-01,B,B,False,2.323
2025-06-20,SKU-04870,D-02R-018-5-A,D,HB,overhead,81,400,8,1,7,12,2025-06-08,C,B,True,1.056
2025-06-20,SKU-04871,A-02L-019-4-B,A,HB,sub_prime,63,50,45,4,41,16,2025-06-04,A,A,False,4.249
2025-06-20,SKU-04872,D-02R-003-2-A,D,HB,prime,27,400,16,0,16,6,2025-06-14,B,B,False,2.009
2025-06-20,SKU-04873,B-02L-018-5-B,B,HB,overhead,81,150,91,8,83,20,2025-05-31,A,A,False,8.944
2025-06-20,SKU-04874,C-01R-005-5-A,C,HB,overhead,81,275,41,1,40,11,2025-06-09,B,B,False,2.197
2025-06-20,SKU-04875,B-02R-023-5-B,B,HB,overhead,81,150,109,1,108,12,2025-06-08,A,A,False,7.888
2025-06-20,SKU-04876,C-02R-003-4-A,C,HB,sub_prime,63,275,46,2,44,4,2025-06-16,B,A,True,3.456
2025-06-20,SKU-04877,C-02R-015-3-A,C,HB,prime,45,275,15,1,14,6,2025-06-14,B,B,False,1.375
2025-06-20,SKU-04878,B-01R-016-3-B,B,HB,prime,45,150,727,110,617,10,2025-06-10,A,A,False,100.226
2025-06-20,SKU-04879,D-02L-016-3-B,D,HB,prime,45,400,35,2,33,20,2025-05-31,B,B,False,2.403
2025-06-20,SKU-04880,D-02L-023-4-A,D,HB,sub_prime,63,400,15,2,13,9,2025-06-11,B,B,False,1.784
2025-06-20,SKU-04881,C-01L-019-5-B,C,HB,overhead,81,275,68,8,60,9,2025-06-11,A,A,False,9.039
2025-06-20,SKU-04882,C-01L-026-4-A,C,HB,sub_prime,63,275,10,1,9,3,2025-06-17,B,B,False,1.206
2025-06-20,SKU-04883,C-01L-024-1-B,C,HB,floor,9,275,8,1,7,12,2025-06-08,B,B,False,1.318
2025-06-20,SKU-04884,C-01L-026-3-B,C,HB,prime,45,275,23,0,23,4,2025-06-16,B,B,False,1.591
2025-06-20,SKU-04885,C-01L-011-4-B,C,HB,sub_prime,63,275,24,1,23,19,2025-06-01,B,B,False,1.233
2025-06-20,SKU-04886,E-01R-006-3-A,E,HB,prime,45,525,11,0,11,2,2025-06-18,C,B,True,0.877
2025-06-20,SKU-04887,B-01L-015-5-B,B,HB,overhead,81,150,27,1,26,4,2025-06-16,A,A,False,4.779
2025-06-20,SKU-04888,E-01R-012-5-B,E,HB,overhead,81,525,6,0,6,14,2025-06-06,C,C,False,0.713
2025-06-20,SKU-04889,A-01L-015-2-B,A,HB,prime,27,50,61,9,52,12,2025-06-08,A,A,False,8.627
2025-06-20,SKU-04890,A-02R-006-5-B,A,HB,overhead,81,50,116,6,110,7,2025-06-13,A,A,False,6.196
2025-06-20,SKU-04891,C-02L-011-5-B,C,HB,overhead,81,275,27,1,26,10,2025-06-10,B,B,False,2.595
2025-06-20,SKU-04892,A-02R-018-3-A,A,HB,prime,45,50,40,2,38,7,2025-06-13,A,A,False,5.795
2025-06-20,SKU-04893,E-02L-022-3-B,E,HB,prime,45,525,18,0,18,20,2025-05-31,C,B,True,0.967
2025-06-20,SKU-04894,A-02R-007-5-B,A,HB,overhead,81,50,133,10,123,13,2025-06-07,A,A,False,6.656
2025-06-20,SKU-04895,B-02L-011-5-A,B,HB,overhead,81,150,20,2,18,12,2025-06-08,B,B,False,1.794
2025-06-20,SKU-04896,A-02L-008-1-A,A,HB,floor,9,50,108,3,105,19,2025-06-01,A,A,False,6.358
2025-06-20,SKU-04897,C-01R-003-5-B,C,HB,overhead,81,275,22,3,19,10,2025-06-10,B,B,False,2.095
2025-06-20,SKU-04898,C-02R-022-5-A,C,HB,overhead,81,275,10,0,10,10,2025-06-10,B,B,False,1.325
2025-06-20,SKU-04899,D-02R-021-3-B,D,HB,prime,45,400,16,1,15,8,2025-06-12,B,B,False,1.272
2025-06-20,SKU-04900,C-02L-022-3-A,C,HB,prime,45,275,38,2,36,11,2025-06-09,B,B,False,2.012
2025-06-20,SKU-04901,E-01L-005-4-A,E,HB,sub_prime,63,525,9,0,9,17,2025-06-03,C,B,True,0.836
2025-06-20,SKU-04902,C-01L-010-4-B,C,HB,sub_prime,63,275,4,0,4,11,2025-06-09,C,B,True,0.849
2025-06-20,SKU-04903,E-01L-009-2-A,E,HB,prime,27,525,4,0,4,17,2025-06-03,C,B,True,0.804
2025-06-20,SKU-04904,D-02R-024-1-B,D,HB,floor,9,400,14,1,13,2,2025-06-18,B,B,False,2.304
2025-06-20,SKU-04905,D-01L-020-3-B,D,HB,prime,45,400,12,0,12,11,2025-06-09,C,C,False,0.692
2025-06-20,SKU-04906,E-01L-001-5-A,E,HB,overhead,81,525,17,0,17,6,2025-06-14,C,B,True,1.025
2025-06-20,SKU-04907,C-02R-022-5-B,C,HB,overhead,81,275,67,1,66,19,2025-06-01,A,A,False,4.397
2025-06-20,SKU-04908,E-02R-001-5-B,E,HB,overhead,81,525,17,3,14,12,2025-06-08,B,B,False,2.073
2025-06-20,SKU-04909,C-01L-009-3-A,C,HB,prime,45,275,10,1,9,9,2025-06-11,C,B,True,1.047
2025-06-20,SKU-04910,D-02L-021-5-B,D,HB,overhead,81,400,6,0,6,19,2025-06-01,C,C,False,0.76
2025-06-20,SKU-04911,B-02L-008-2-B,B,HB,prime,27,150,89,3,86,12,2025-06-08,A,A,False,6.322
2025-06-20,SKU-04912,B-01R-017-2-B,B,HB,prime,27,150,21,0,21,10,2025-06-10,B,B,False,1.12
2025-06-20,SKU-04913,D-01L-023-2-A,D,HB,prime,27,400,13,0,13,17,2025-06-03,C,B,True,0.86
2025-06-20,SKU-04914,C-02L-016-3-B,C,HB,prime,45,275,30,1,29,6,2025-06-14,B,B,False,1.521
2025-06-20,SKU-04915,C-01L-024-1-A,C,HB,floor,9,275,8,1,7,14,2025-06-06,B,B,False,1.334
2025-06-20,SKU-04916,D-02R-020-3-B,D,HB,prime,45,400,12,0,12,14,2025-06-06,C,B,True,0.975
2025-06-20,SKU-04917,B-01L-025-4-A,B,HB,sub_prime,63,150,88,0,88,14,2025-06-06,A,A,False,6.151
2025-06-20,SKU-04918,B-01R-019-5-B,B,HB,overhead,81,150,15,1,14,9,2025-06-11,B,A,True,2.833
2025-06-20,SKU-04919,D-01L-022-1-A,D,HB,floor,9,400,26,0,26,12,2025-06-08,B,B,False,1.428
2025-06-20,SKU-04920,E-02L-006-1-B,E,HB,floor,9,525,9,0,9,18,2025-06-02,C,C,False,0.702
2025-06-20,SKU-04921,D-02L-003-2-A,D,HB,prime,27,400,17,1,16,7,2025-06-13,B,B,False,1.302
2025-06-20,SKU-04922,D-02L-023-1-A,D,HB,floor,9,400,20,1,19,20,2025-05-31,C,B,True,1.022
2025-06-20,SKU-04923,D-01L-014-4-A,D,HB,sub_prime,63,400,5,0,5,3,2025-06-17,C,C,False,0.731
2025-06-20,SKU-04924,B-02R-001-2-A,B,HB,prime,27,150,41,0,41,13,2025-06-07,B,A,True,2.696
2025-06-20,SKU-04925,C-01L-015-4-A,C,HB,sub_prime,63,275,16,1,15,15,2025-06-05,B,B,False,1.539
2025-06-20,SKU-04926,D-01R-015-5-A,D,HB,overhead,81,400,16,2,14,20,2025-05-31,B,B,False,1.586
2025-06-20,SKU-04927,D-02L-017-1-B,D,HB,floor,9,400,4,0,4,10,2025-06-10,C,B,True,0.776
2025-06-20,SKU-04928,B-01L-013-2-B,B,HB,prime,27,150,1017,66,951,4,2025-06-16,A,A,False,50.861
2025-06-20,SKU-04929,D-01R-008-2-B,D,HB,prime,27,400,8,1,7,3,2025-06-17,C,B,True,1.019
2025-06-20,SKU-04930,A-01R-015-2-B,A,HB,prime,27,50,7,0,7,9,2025-06-11,B,B,False,1.199
2025-06-20,SKU-04931,B-01R-001-4-A,B,HB,sub_prime,63,150,6,1,5,8,2025-06-12,B,B,False,1.346
2025-06-20,SKU-04932,A-02R-018-5-A,A,HB,overhead,81,50,117,36,81,9,2025-06-11,A,A,False,19.362
2025-06-20,SKU-04933,E-02R-001-2-A,E,HB,prime,27,525,4,0,4,17,2025-06-03,C,C,False,0.766
2025-06-20,SKU-04934,D-01R-009-3-B,D,HB,prime,45,400,34,1,33,5,2025-06-15,B,B,False,2.114
2025-06-20,SKU-04935,D-01R-012-2-A,D,HB,prime,27,400,13,0,13,13,2025-06-07,B,B,False,1.227
2025-06-20,SKU-04936,B-02L-026-4-A,B,HB,sub_prime,63,150,7,0,7,8,2025-06-12,B,B,False,1.458
2025-06-20,SKU-04937,B-01L-008-2-A,B,HB,prime,27,150,6,1,5,19,2025-06-01,B,B,False,1.101
2025-06-20,SKU-04938,C-01L-014-2-A,C,HB,prime,27,275,130,4,126,12,2025-06-08,A,A,False,9.336
2025-06-20,SKU-04939,B-01R-014-3-A,B,HB,prime,45,150,18,1,17,1,2025-06-19,B,B,False,1.797
2025-06-20,SKU-04940,C-02L-001-4-B,C,HB,sub_prime,63,275,47,3,44,14,2025-06-06,A,A,False,7.658
2025-06-20,SKU-04941,D-01R-022-3-A,D,HB,prime,45,400,4,0,4,13,2025-06-07,C,C,False,0.697
2025-06-20,SKU-04942,B-01R-023-1-B,B,HB,floor,9,150,198,17,181,8,2025-06-12,A,A,False,9.681
2025-06-20,SKU-04943,E-02R-018-3-A,E,HB,prime,45,525,9,0,9,6,2025-06-14,C,C,False,0.708
2025-06-20,SKU-04944,D-02R-012-3-B,D,HB,prime,45,400,7,0,7,5,2025-06-15,C,C,False,0.76
2025-06-20,SKU-04945,E-01R-017-2-A,E,HB,prime,27,525,8,0,8,20,2025-05-31,C,B,True,0.807
2025-06-20,SKU-04946,C-01L-023-3-A,C,HB,prime,45,275,56,1,55,20,2025-05-31,B,A,True,3.042
2025-06-20,SKU-04947,C-01L-013-5-A,C,HB,overhead,81,275,7,1,6,4,2025-06-16,B,B,False,1.38
2025-06-20,SKU-04948,D-01R-020-3-A,D,HB,prime,45,400,4,0,4,1,2025-06-19,C,B,True,0.821
2025-06-20,SKU-04949,D-01R-021-2-B,D,HB,prime,27,400,5,0,5,4,2025-06-16,C,B,True,0.904
2025-06-20,SKU-04950,D-02L-024-1-B,D,HB,floor,9,400,12,0,12,17,2025-06-03,C,B,True,0.862
2025-06-20,SKU-04951,D-01R-022-1-B,D,HB,floor,9,400,15,0,15,20,2025-05-31,C,B,True,0.857
2025-06-20,SKU-04952,B-02R-004-2-B,B,HB,prime,27,150,63,8,55,7,2025-06-13,A,A,False,5.034
2025-06-20,SKU-04953,D-01R-017-4-B,D,HB,sub_prime,63,400,7,0,7,3,2025-06-17,C,C,False,0.746
2025-06-20,SKU-04954,D-01R-018-1-B,D,HB,floor,9,400,25,0,25,2,2025-06-18,B,B,False,1.253
2025-06-20,SKU-04955,B-02L-013-2-B,B,HB,prime,27,150,61,2,59,15,2025-06-05,B,A,True,2.966
2025-06-20,SKU-04956,E-02R-009-5-A,E,HB,overhead,81,525,11,0,11,8,2025-06-12,C,C,False,0.694
2025-06-20,SKU-04957,C-01L-021-1-A,C,HB,floor,9,275,31,1,30,3,2025-06-17,B,B,False,1.527
2025-06-20,SKU-04958,B-02R-004-1-A,B,HB,floor,9,150,3,0,3,1,2025-06-19,C,B,True,0.784
2025-06-20,SKU-04959,B-01L-008-1-B,B,HB,floor,9,150,249,3,246,20,2025-05-31,A,A,False,15.078
2025-06-20,SKU-04960,B-02L-026-1-B,B,HB,floor,9,150,15,1,14,7,2025-06-13,B,B,False,1.61
2025-06-20,SKU-04961,E-01L-009-4-B,E,HB,sub_prime,63,525,9,0,9,12,2025-06-08,C,C,False,0.713
2025-06-20,SKU-04962,B-02L-002-2-B,B,HB,prime,27,150,18,2,16,2,2025-06-18,B,B,False,1.71
2025-06-20,SKU-04963,A-01R-002-4-B,A,HB,sub_prime,63,50,14,0,14,3,2025-06-17,C,B,True,1.006
2025-06-20,SKU-04964,B-02R-019-1-A,B,HB,floor,9,150,6,0,6,9,2025-06-11,C,C,False,0.762
2025-06-20,SKU-04965,C-02L-007-3-A,C,HB,prime,45,275,62,3,59,11,2025-06-09,B,A,True,4.066
2025-06-20,SKU-04966,E-01R-020-5-A,E,HB,overhead,81,525,13,0,13,8,2025-06-12,C,B,True,0.843
2025-06-20,SKU-04967,B-01R-008-5-B,B,HB,overhead,81,150,54,1,53,8,2025-06-12,B,A,True,3.118
2025-06-20,SKU-04968,B-02L-009-4-A,B,HB,sub_prime,63,150,12,0,12,19,2025-06-01,B,B,False,2.396
2025-06-20,SKU-04969,C-02L-025-4-A,C,HB,sub_prime,63,275,14,0,14,7,2025-06-13,C,B,True,0.794
2025-06-20,SKU-04970,B-01R-026-2-A,B,HB,prime,27,150,5,0,5,16,2025-06-04,B,B,False,1.109
2025-06-20,SKU-04971,D-01R-016-3-B,D,HB,prime,45,400,11,0,11,1,2025-06-19,B,B,False,1.117
2025-06-20,SKU-04972,B-02L-002-3-B,B,HB,prime,45,150,65,0,65,4,2025-06-16,A,A,False,4.233
2025-06-20,SKU-04973,E-01R-014-1-A,E,HB,floor,9,525,24,2,22,6,2025-06-14,B,B,False,1.518
2025-06-20,SKU-04974,C-01R-025-3-A,C,HB,prime,45,275,19,1,18,18,2025-06-02,B,B,False,1.791
2025-06-20,SKU-04975,A-02L-004-4-B,A,HB,sub_prime,63,50,25,3,22,2,2025-06-18,B,A,True,3.026
2025-06-20,SKU-04976,C-02R-018-4-B,C,HB,sub_prime,63,275,12,0,12,6,2025-06-14,B,B,False,1.584
2025-06-20,SKU-04977,C-01L-010-5-A,C,HB,overhead,81,275,11,0,11,4,2025-06-16,C,B,True,0.874
2025-06-20,SKU-04978,B-02L-006-5-B,B,HB,overhead,81,150,23,1,22,1,2025-06-19,B,B,False,1.478
2025-06-20,SKU-04979,D-01L-022-2-B,D,HB,prime,27,400,8,0,8,14,2025-06-06,C,C,False,0.693
2025-06-20,SKU-04980,B-01L-025-4-B,B,HB,sub_prime,63,150,31,2,29,6,2025-06-14,B,B,False,1.978
2025-06-20,SKU-04981,C-02L-022-2-B,C,HB,prime,27,275,19,1,18,2,2025-06-18,B,B,False,1.306
2025-06-20,SKU-04982,D-01R-011-1-B,D,HB,floor,9,400,39,1,38,15,2025-06-05,B,A,True,3.221
2025-06-20,SKU-04983,B-01R-020-3-A,B,HB,prime,45,150,64,6,58,11,2025-06-09,A,A,False,4.244
2025-06-20,SKU-04984,B-02R-026-4-B,B,HB,sub_prime,63,150,163,5,158,2,2025-06-18,A,A,False,9.087
2025-06-20,SKU-04985,D-02L-013-1-B,D,HB,floor,9,400,15,1,14,16,2025-06-04,B,B,False,1.108
2025-06-20,SKU-04986,B-01R-022-1-A,B,HB,floor,9,150,33,3,30,5,2025-06-15,B,B,False,2.216
2025-06-20,SKU-04987,C-02R-011-3-A,C,HB,prime,45,275,20,0,20,10,2025-06-10,B,B,False,1.372
2025-06-20,SKU-04988,D-02R-009-1-A,D,HB,floor,9,400,12,0,12,16,2025-06-04,C,B,True,0.827
2025-06-20,SKU-04989,D-01L-013-5-A,D,HB,overhead,81,400,14,0,14,17,2025-06-03,C,B,True,0.914
2025-06-20,SKU-04990,D-01R-016-1-B,D,HB,floor,9,400,26,6,20,11,2025-06-09,B,A,True,3.557
2025-06-20,SKU-04991,A-02R-008-2-A,A,HB,prime,27,50,50,2,48,8,2025-06-12,B,A,True,2.713
2025-06-20,SKU-04992,A-01R-020-3-A,A,HB,prime,45,50,66,6,60,2,2025-06-18,A,A,False,4.55
2025-06-20,SKU-04993,E-01L-017-2-A,E,HB,prime,27,525,27,0,27,13,2025-06-07,B,B,False,1.986
2025-06-20,SKU-04994,C-02L-011-5-A,C,HB,overhead,81,275,21,4,17,3,2025-06-17,B,B,False,2.629
2025-06-20,SKU-04995,B-01R-022-2-A,B,HB,prime,27,150,20,1,19,10,2025-06-10,B,B,False,1.199
2025-06-20,SKU-04996,E-02R-024-3-A,E,HB,prime,45,525,21,3,18,19,2025-06-01,B,B,False,2.526
2025-06-20,SKU-04997,B-01L-022-1-B,B,HB,floor,9,150,5,0,5,15,2025-06-05,B,B,False,1.19
2025-06-20,SKU-04998,D-01L-024-2-A,D,HB,prime,27,400,22,4,18,6,2025-06-14,B,A,True,2.903
2025-06-20,SKU-04999,D-02R-010-2-A,D,HB,prime,27,400,14,2,12,20,2025-05-31,B,B,False,1.503
2025-06-20,SKU-05000,D-02L-004-3-A,D,HB,prime,45,400,12,0,12,12,2025-06-08,C,B,True,0.939
