order_id,order_date,pick_time,sku_id,qty_picked,pick_location,associate_id,order_type,carrier,ship_method
ORD-1000998,2025-04-22,06:26:19,SKU-03080,2,C-01L-018-3-B,PKR-003,SINGLE,USPS Priority Mail,GROUND
ORD-1001143,2025-04-22,16:47:20,SKU-04717,2,B-02R-006-3-B,PKR-014,MULTI,UPS Ground,GROUND
ORD-1002674,2025-04-22,21:10:40,SKU-02908,2,B-02L-005-3-A,PKR-003,MULTI,FedEx Ground,GROUND
ORD-1003991,2025-04-22,09:35:15,SKU-02893,2,B-01L-026-2-B,PKR-016,MULTI,UPS Ground,GROUND
ORD-1006713,2025-04-22,19:33:34,SKU-00017,2,B-03R-001-4-B,PKR-027,MULTI,FedEx Ground,PRIORITY_2D
ORD-1004438,2025-04-22,08:33:58,SKU-00831,2,A-03R-004-3-B,PKR-012,MULTI,UPS Ground,GROUND
ORD-1006331,2025-04-22,18:39:52,SKU-02199,1,A-02R-016-5-B,PKR-010,MULTI,USPS Priority Mail,GROUND
ORD-1005833,2025-04-22,11:05:23,SKU-01490,1,B-04R-009-1-A,PKR-016,MULTI,UPS Ground,GROUND
ORD-1002802,2025-04-22,08:02:42,SKU-04041,2,A-02R-002-2-B,PKR-028,MULTI,USPS Priority Mail,GROUND
ORD-1000978,2025-04-22,07:53:00,SKU-04457,1,A-01L-020-2-B,PKR-029,MULTI,FedEx Ground,GROUND
ORD-1004244,2025-04-22,18:54:47,SKU-02366,2,A-01R-020-4-A,PKR-026,MULTI,UPS Ground,PRIORITY_2D
ORD-1000531,2025-04-22,20:41:38,SKU-01247,2,A-04R-019-1-A,PKR-018,MULTI,USPS Priority Mail,GROUND
ORD-1000747,2025-04-22,08:11:44,SKU-01706,2,B-03R-011-3-B,PKR-030,MULTI,USPS Priority Mail,GROUND
ORD-1000995,2025-04-22,18:08:12,SKU-04637,2,B-02L-003-1-A,PKR-016,MULTI,FedEx Ground,STANDARD_OVERNIGHT
ORD-1006091,2025-04-22,06:07:35,SKU-02908,2,B-02L-005-3-A,PKR-006,MULTI,UPS Ground,PRIORITY_2D
ORD-1002618,2025-04-22,21:43:39,SKU-04328,2,A-02L-021-1-B,PKR-029,MULTI,USPS Priority Mail,STANDARD_OVERNIGHT
ORD-1006418,2025-04-22,06:53:16,SKU-02628,2,B-01L-009-5-A,PKR-002,MULTI,USPS Priority Mail,GROUND
ORD-1006438,2025-04-22,14:55:15,SKU-02104,1,B-01R-002-1-A,PKR-004,MULTI,FedEx Ground,PRIORITY_2D
ORD-1006123,2025-04-22,17:39:44,SKU-00872,2,A-04L-005-1-A,PKR-009,MULTI,UPS Ground,GROUND
ORD-1004604,2025-04-22,13:14:50,SKU-03727,2,B-02R-023-4-A,PKR-019,MULTI,UPS Ground,GROUND
ORD-1001665,2025-04-22,08:43:02,SKU-00131,2,C-04R-005-3-A,PKR-029,MULTI,FedEx Ground,GROUND
ORD-1007065,2025-04-22,18:02:23,SKU-02366,1,A-01R-020-4-A,PKR-015,MULTI,FedEx Ground,GROUND
ORD-1006605,2025-04-22,15:50:17,SKU-00054,2,C-03L-020-3-A,PKR-006,MULTI,USPS Priority Mail,GROUND
ORD-1007311,2025-04-22,14:43:47,SKU-03576,2,D-02L-010-3-B,PKR-014,MULTI,UPS Ground,GROUND
ORD-1002019,2025-04-22,16:03:45,SKU-01620,1,A-03L-010-4-A,PKR-021,MULTI,UPS 2nd Day Air,PRIORITY_2D
ORD-1003378,2025-04-22,09:05:33,SKU-02775,2,C-01R-023-3-A,PKR-001,MULTI,UPS Ground,GROUND
ORD-1006624,2025-04-22,09:14:53,SKU-04041,1,A-02R-002-2-B,PKR-030,MULTI,FedEx Ground,GROUND
ORD-1004791,2025-04-22,16:17:00,SKU-02885,2,D-01L-003-4-A,PKR-003,MULTI,USPS Priority Mail,GROUND
ORD-1006241,2025-04-22,11:56:59,SKU-04328,2,A-02L-021-1-B,PKR-021,MULTI,USPS Priority Mail,GROUND
ORD-1000794,2025-04-22,15:41:56,SKU-04999,1,D-02R-010-2-A,PKR-021,MULTI,FedEx 2Day,GROUND
ORD-1003309,2025-04-22,16:16:05,SKU-04328,1,A-02L-021-1-B,PKR-009,MULTI,USPS Priority Mail,GROUND
ORD-1006888,2025-04-22,17:42:58,SKU-01552,1,A-04R-001-1-B,PKR-020,MULTI,UPS Ground,GROUND
ORD-1006774,2025-04-22,06:45:11,SKU-03018,2,C-02L-015-3-B,PKR-016,MULTI,UPS 2nd Day Air,STANDARD_OVERNIGHT
ORD-1002176,2025-04-22,11:54:16,SKU-04328,1,A-02L-021-1-B,PKR-003,MULTI,FedEx 2Day,GROUND
ORD-1003851,2025-04-22,12:47:08,SKU-03348,1,B-02L-006-4-B,PKR-025,MULTI,UPS 2nd Day Air,GROUND
ORD-1005899,2025-04-22,20:35:40,SKU-04328,2,A-02L-021-1-B,PKR-017,MULTI,USPS Priority Mail,GROUND
ORD-1003599,2025-04-22,17:24:35,SKU-04116,2,B-02L-002-3-A,PKR-029,MULTI,FedEx Ground,GROUND
ORD-1001284,2025-04-22,16:58:42,SKU-04328,1,A-02L-021-1-B,PKR-016,MULTI,USPS Priority Mail,GROUND
ORD-1001630,2025-04-22,06:59:22,SKU-00793,2,B-03L-008-4-B,PKR-008,MULTI,FedEx Ground,GROUND
ORD-1002172,2025-04-22,19:30:17,SKU-01243,2,C-04R-011-3-A,PKR-028,MULTI,FedEx Ground,GROUND
ORD-1006552,2025-04-22,16:13:11,SKU-04297,2,B-01L-002-3-A,PKR-006,MULTI,USPS Priority Mail,PRIORITY_2D
ORD-1001113,2025-04-22,20:55:05,SKU-03697,1,C-01R-025-5-A,PKR-024,MULTI,FedEx Ground,GROUND
ORD-1003128,2025-04-22,09:55:39,SKU-04670,2,C-02R-018-2-B,PKR-027,MULTI,FedEx Ground,GROUND
ORD-1007998,2025-04-22,12:02:48,SKU-00872,2,A-04L-005-1-A,PKR-014,SINGLE,UPS Ground,GROUND
ORD-1005421,2025-04-22,15:55:18,SKU-02603,2,C-01L-014-4-A,PKR-015,MULTI,FedEx Ground,GROUND
ORD-1005778,2025-04-22,08:26:58,SKU-04311,2,B-02L-012-2-B,PKR-021,MULTI,UPS Ground,GROUND
ORD-1000475,2025-04-22,07:15:44,SKU-02366,2,A-01R-020-4-A,PKR-005,MULTI,USPS Priority Mail,GROUND
ORD-1007920,2025-04-22,19:39:43,SKU-04328,2,A-02L-021-1-B,PKR-013,MULTI,USPS Priority Mail,PRIORITY_2D
ORD-1007928,2025-04-22,13:47:55,SKU-00483,2,C-03L-009-3-A,PKR-005,MULTI,USPS Priority Mail,GROUND
ORD-1002081,2025-04-22,16:01:20,SKU-03341,1,C-02L-025-5-A,PKR-030,MULTI,USPS Priority Mail,PRIORITY_2D
ORD-1003330,2025-04-22,17:52:47,SKU-02609,2,C-01R-013-1-B,PKR-005,MULTI,FedEx Ground,GROUND
ORD-1005474,2025-04-22,11:59:44,SKU-03106,1,D-02R-019-3-B,PKR-032,MULTI,UPS Ground,GROUND
ORD-1006209,2025-04-22,09:45:08,SKU-02129,2,D-01L-024-3-A,PKR-017,MULTI,FedEx Ground,GROUND
ORD-1006093,2025-04-22,21:49:42,SKU-04041,2,A-02R-002-2-B,PKR-031,MULTI,UPS Ground,GROUND
ORD-1005523,2025-04-22,19:39:32,SKU-03727,2,B-02R-023-4-A,PKR-017,MULTI,USPS Priority Mail,GROUND
ORD-1003367,2025-04-22,07:25:42,SKU-00521,2,C-04L-020-1-B,PKR-008,MULTI,FedEx Ground,STANDARD_OVERNIGHT
ORD-1007907,2025-04-22,17:16:38,SKU-02585,2,A-01R-012-4-A,PKR-006,MULTI,FedEx Ground,STANDARD_OVERNIGHT
ORD-1007051,2025-04-22,07:04:37,SKU-00766,2,E-04L-016-1-A,PKR-026,MULTI,USPS Priority Mail,GROUND
ORD-1005998,2025-04-22,15:32:35,SKU-04328,2,A-02L-021-1-B,PKR-029,MULTI,FedEx 2Day,GROUND
ORD-1007138,2025-04-22,18:51:26,SKU-03568,1,A-02R-024-1-B,PKR-010,MULTI,USPS Priority Mail,STANDARD_OVERNIGHT
ORD-1007141,2025-04-22,12:14:54,SKU-01204,1,A-03R-016-1-B,PKR-029,MULTI,UPS Ground,PRIORITY_2D
ORD-1000842,2025-04-22,10:09:06,SKU-00838,2,A-03L-009-1-B,PKR-015,SINGLE,UPS Ground,PRIORITY_2D
ORD-1000949,2025-04-22,15:18:23,SKU-04328,2,A-02L-021-1-B,PKR-025,MULTI,UPS Ground,GROUND
ORD-1001381,2025-04-22,07:46:34,SKU-04183,1,A-01L-010-2-B,PKR-027,MULTI,USPS Priority Mail,GROUND
ORD-1001801,2025-04-22,12:36:44,SKU-02518,2,E-02R-012-2-A,PKR-017,MULTI,FedEx Ground,GROUND
ORD-1004147,2025-04-22,11:52:20,SKU-01121,2,B-04R-017-4-A,PKR-027,MULTI,USPS Priority Mail,GROUND
ORD-1000026,2025-04-22,07:39:10,SKU-04041,2,A-02R-002-2-B,PKR-024,MULTI,UPS Ground,STANDARD_OVERNIGHT
ORD-1001846,2025-04-22,18:02:37,SKU-02252,2,B-02R-025-2-A,PKR-024,MULTI,FedEx Ground,GROUND
ORD-1005959,2025-04-22,09:28:58,SKU-03635,2,A-02R-019-5-A,PKR-008,MULTI,UPS 2nd Day Air,PRIORITY_2D
ORD-1000114,2025-04-22,06:27:35,SKU-01652,2,B-04R-013-1-B,PKR-015,MULTI,UPS Ground,GROUND
ORD-1007356,2025-04-22,18:39:13,SKU-02567,2,C-01L-021-1-B,PKR-002,MULTI,UPS Ground,GROUND
ORD-1007220,2025-04-22,20:00:26,SKU-04872,2,D-02R-003-2-A,PKR-032,MULTI,USPS Priority Mail,PRIORITY_2D
ORD-1002582,2025-04-22,11:46:41,SKU-02104,2,B-01R-002-1-A,PKR-011,SINGLE,FedEx Ground,GROUND
ORD-1006271,2025-04-22,13:10:51,SKU-01747,1,A-03R-020-1-A,PKR-025,MULTI,UPS Ground,PRIORITY_2D
ORD-1000502,2025-04-22,18:30:38,SKU-02913,1,B-01L-015-2-B,PKR-029,MULTI,UPS Ground,PRIORITY_2D
ORD-1007010,2025-04-22,08:34:47,SKU-01850,2,A-04R-006-2-A,PKR-024,MULTI,UPS Ground,GROUND
ORD-1003130,2025-04-22,06:51:35,SKU-03734,1,A-02L-002-5-A,PKR-012,MULTI,UPS Ground,STANDARD_OVERNIGHT
ORD-1002032,2025-04-22,12:09:38,SKU-04328,2,A-02L-021-1-B,PKR-022,MULTI,USPS Priority Mail,GROUND
ORD-1007677,2025-04-22,21:52:37,SKU-00910,1,B-04R-014-3-A,PKR-019,MULTI,FedEx Ground,GROUND
ORD-1006853,2025-04-22,16:11:47,SKU-04328,2,A-02L-021-1-B,PKR-029,MULTI,FedEx Ground,GROUND
ORD-1002102,2025-04-22,12:46:00,SKU-04753,1,D-01R-014-2-B,PKR-030,MULTI,FedEx Ground,STANDARD_OVERNIGHT
ORD-1004936,2025-04-22,09:07:32,SKU-03676,1,B-01R-002-4-B,PKR-019,MULTI,FedEx Ground,GROUND
ORD-1004078,2025-04-22,06:31:29,SKU-03727,2,B-02R-023-4-A,PKR-017,MULTI,FedEx Ground,GROUND
ORD-1001843,2025-04-22,15:15:43,SKU-03077,2,B-02L-012-4-B,PKR-003,MULTI,FedEx Ground,GROUND
ORD-1002592,2025-04-22,20:58:20,SKU-04865,2,A-01R-011-4-B,PKR-007,MULTI,FedEx 2Day,GROUND
ORD-1003397,2025-04-22,18:31:42,SKU-04041,2,A-02R-002-2-B,PKR-029,MULTI,USPS Priority Mail,GROUND
ORD-1002058,2025-04-22,18:30:44,SKU-04328,2,A-02L-021-1-B,PKR-011,MULTI,FedEx Ground,PRIORITY_2D
ORD-1003221,2025-04-22,17:20:49,SKU-02366,2,A-01R-020-4-A,PKR-001,MULTI,UPS Ground,PRIORITY_2D
ORD-1002642,2025-04-22,19:02:32,SKU-02552,2,B-02R-022-5-B,PKR-013,MULTI,UPS Ground,GROUND
ORD-1005311,2025-04-22,09:30:40,SKU-04778,2,B-01L-023-3-B,PKR-024,MULTI,UPS 2nd Day Air,PRIORITY_2D
ORD-1004553,2025-04-22,08:46:45,SKU-01490,2,B-04R-009-1-A,PKR-014,MULTI,FedEx Ground,GROUND
ORD-1007668,2025-04-22,09:47:52,SKU-03727,1,B-02R-023-4-A,PKR-007,MULTI,UPS Ground,GROUND
ORD-1000418,2025-04-22,14:46:57,SKU-04328,2,A-02L-021-1-B,PKR-017,MULTI,UPS 2nd Day Air,GROUND
ORD-1003847,2025-04-22,20:56:15,SKU-00026,2,A-03R-009-1-B,PKR-006,MULTI,FedEx Ground,GROUND
ORD-1000457,2025-04-22,09:07:36,SKU-04138,2,C-02L-010-5-A,PKR-012,MULTI,UPS Ground,GROUND
ORD-1003247,2025-04-22,20:23:56,SKU-04564,1,D-02L-006-3-B,PKR-023,MULTI,FedEx Ground,GROUND
ORD-1002337,2025-04-22,17:20:54,SKU-04876,2,C-02R-003-4-A,PKR-021,MULTI,UPS 2nd Day Air,GROUND
ORD-1007239,2025-04-22,13:27:44,SKU-00456,2,D-04L-014-1-B,PKR-028,MULTI,UPS 2nd Day Air,GROUND
ORD-1003711,2025-04-22,18:43:04,SKU-02407,1,A-01L-004-2-A,PKR-002,MULTI,USPS Priority Mail,GROUND
ORD-1004038,2025-04-22,06:32:35,SKU-02531,2,B-01L-024-2-A,PKR-010,MULTI,USPS Priority Mail,GROUND
ORD-1003146,2025-04-22,07:25:09,SKU-03244,2,C-01L-009-4-B,PKR-012,MULTI,UPS Ground,GROUND
ORD-1006196,2025-04-22,18:01:40,SKU-03727,1,B-02R-023-4-A,PKR-009,MULTI,USPS Priority Mail,GROUND
ORD-1002752,2025-04-22,18:11:01,SKU-02973,1,B-01R-015-1-A,PKR-026,MULTI,FedEx Ground,GROUND
ORD-1002280,2025-04-22,14:17:52,SKU-02085,2,D-02R-008-1-A,PKR-026,MULTI,FedEx Ground,GROUND
ORD-1004928,2025-04-22,18:29:45,SKU-01594,1,E-04L-010-4-B,PKR-016,MULTI,UPS Ground,GROUND
ORD-1004839,2025-04-22,07:41:06,SKU-02194,2,C-01R-001-2-A,PKR-030,MULTI,UPS Ground,PRIORITY_2D
ORD-1004398,2025-04-22,21:12:25,SKU-00034,2,A-04L-017-3-A,PKR-032,MULTI,FedEx Ground,GROUND
ORD-1004045,2025-04-22,08:42:10,SKU-02720,2,D-01R-005-1-A,PKR-020,SINGLE,USPS Priority Mail,GROUND
ORD-1004775,2025-04-22,18:00:18,SKU-02681,1,A-01R-018-4-B,PKR-023,SINGLE,FedEx Ground,PRIORITY_2D
ORD-1007148,2025-04-22,11:58:10,SKU-00643,1,A-03R-014-2-B,PKR-009,MULTI,FedEx Ground,GROUND
ORD-1000500,2025-04-22,11:04:18,SKU-04435,1,A-02R-016-4-A,PKR-016,MULTI,USPS Priority Mail,GROUND
ORD-1007277,2025-04-22,13:56:19,SKU-04328,2,A-02L-021-1-B,PKR-006,MULTI,FedEx Ground,GROUND
ORD-1007206,2025-04-22,12:21:37,SKU-01204,2,A-03R-016-1-B,PKR-013,MULTI,UPS Ground,GROUND
ORD-1007742,2025-04-22,08:29:59,SKU-02859,2,A-01L-018-3-A,PKR-018,MULTI,USPS Priority Mail,GROUND
ORD-1006048,2025-04-22,16:01:56,SKU-04528,2,B-02R-014-3-B,PKR-016,MULTI,FedEx 2Day,STANDARD_OVERNIGHT
ORD-1007341,2025-04-22,20:04:04,SKU-00370,2,A-03R-008-4-B,PKR-023,MULTI,FedEx Ground,GROUND
ORD-1002371,2025-04-22,15:48:51,SKU-02081,1,E-02R-001-4-B,PKR-009,MULTI,FedEx Ground,GROUND
ORD-1005387,2025-04-22,18:56:57,SKU-01207,2,B-04R-018-4-B,PKR-022,MULTI,FedEx 2Day,GROUND
ORD-1007558,2025-04-22,16:22:34,SKU-04722,1,D-01L-018-4-A,PKR-029,MULTI,UPS Ground,GROUND
ORD-1006929,2025-04-22,08:14:45,SKU-02357,2,C-02L-006-2-A,PKR-011,MULTI,FedEx Ground,STANDARD_OVERNIGHT
ORD-1003814,2025-04-22,15:45:12,SKU-01721,2,A-04L-015-4-B,PKR-025,MULTI,UPS 2nd Day Air,GROUND
ORD-1000938,2025-04-22,20:24:19,SKU-00563,2,D-04R-017-1-B,PKR-031,MULTI,UPS Ground,PRIORITY_2D
ORD-1006547,2025-04-22,16:52:51,SKU-00039,1,C-03R-017-4-B,PKR-005,MULTI,FedEx Ground,GROUND
ORD-1003239,2025-04-22,12:08:22,SKU-00872,2,A-04L-005-1-A,PKR-031,MULTI,USPS Priority Mail,PRIORITY_2D
ORD-1007121,2025-04-22,14:12:56,SKU-02232,2,C-01L-002-5-A,PKR-022,MULTI,UPS Ground,PRIORITY_2D
ORD-1000330,2025-04-22,20:25:42,SKU-01567,2,B-03L-009-4-B,PKR-020,MULTI,FedEx Ground,GROUND
ORD-1000157,2025-04-22,18:45:29,SKU-04457,2,A-01L-020-2-B,PKR-014,MULTI,UPS Ground,GROUND
ORD-1005718,2025-04-22,12:03:27,SKU-00373,1,C-04R-019-1-A,PKR-004,MULTI,UPS Ground,GROUND
ORD-1003929,2025-04-22,08:56:46,SKU-01197,2,B-04R-019-1-A,PKR-001,MULTI,UPS Ground,GROUND
ORD-1007487,2025-04-22,07:54:14,SKU-00303,1,B-03L-008-1-A,PKR-010,MULTI,UPS 2nd Day Air,GROUND
ORD-1001018,2025-04-22,11:35:06,SKU-04328,2,A-02L-021-1-B,PKR-022,MULTI,FedEx Ground,PRIORITY_2D
ORD-1005651,2025-04-22,17:13:07,SKU-04370,2,A-02R-026-5-A,PKR-027,MULTI,USPS Priority Mail,GROUND
ORD-1004774,2025-04-22,09:48:45,SKU-02956,2,A-01L-011-1-A,PKR-023,MULTI,USPS Priority Mail,GROUND
ORD-1002853,2025-04-22,20:44:07,SKU-04328,1,A-02L-021-1-B,PKR-011,MULTI,FedEx Ground,GROUND
ORD-1005825,2025-04-22,21:24:17,SKU-02973,1,B-01R-015-1-A,PKR-029,MULTI,USPS Priority Mail,PRIORITY_2D
ORD-1003797,2025-04-22,09:52:17,SKU-04328,2,A-02L-021-1-B,PKR-020,MULTI,USPS Priority Mail,PRIORITY_2D
ORD-1006466,2025-04-22,06:31:26,SKU-04637,2,B-02L-003-1-A,PKR-024,MULTI,USPS Priority Mail,GROUND
ORD-1004628,2025-04-22,10:20:29,SKU-02085,2,D-02R-008-1-A,PKR-032,MULTI,UPS Ground,GROUND
ORD-1007250,2025-04-22,08:58:40,SKU-03230,2,D-01R-010-4-B,PKR-011,MULTI,USPS Priority Mail,GROUND
ORD-1004220,2025-04-22,13:54:50,SKU-02588,2,C-02L-014-3-B,PKR-006,MULTI,USPS Priority Mail,GROUND
ORD-1001096,2025-04-22,18:14:16,SKU-00446,2,B-04L-006-4-A,PKR-006,SINGLE,USPS Priority Mail,GROUND
ORD-1002648,2025-04-22,08:44:16,SKU-01490,1,B-04R-009-1-A,PKR-017,MULTI,FedEx Ground,GROUND
ORD-1007168,2025-04-22,10:45:02,SKU-04041,2,A-02R-002-2-B,PKR-008,MULTI,UPS Ground,GROUND
ORD-1006878,2025-04-22,08:02:21,SKU-04733,1,A-01R-018-1-A,PKR-003,MULTI,USPS Priority Mail,GROUND
ORD-1005330,2025-04-22,20:09:53,SKU-02085,1,D-02R-008-1-A,PKR-022,MULTI,UPS Ground,GROUND
ORD-1001176,2025-04-22,06:41:09,SKU-01121,2,B-04R-017-4-A,PKR-002,MULTI,FedEx Ground,GROUND
ORD-1001338,2025-04-22,18:51:46,SKU-02585,1,A-01R-012-4-A,PKR-015,MULTI,USPS Priority Mail,GROUND
ORD-1000932,2025-04-22,11:58:43,SKU-04041,2,A-02R-002-2-B,PKR-002,MULTI,FedEx 2Day,PRIORITY_2D
ORD-1002967,2025-04-22,06:29:39,SKU-00422,2,A-03R-005-2-B,PKR-017,MULTI,FedEx Ground,PRIORITY_2D
ORD-1001850,2025-04-22,13:22:51,SKU-02428,1,B-01L-024-5-A,PKR-006,MULTI,UPS Ground,PRIORITY_2D
ORD-1004618,2025-04-22,11:42:37,SKU-02908,2,B-02L-005-3-A,PKR-027,MULTI,USPS Priority Mail,GROUND
ORD-1004633,2025-04-22,15:53:51,SKU-04328,2,A-02L-021-1-B,PKR-004,MULTI,FedEx Ground,GROUND
ORD-1005323,2025-04-22,09:21:23,SKU-02085,2,D-02R-008-1-A,PKR-016,MULTI,FedEx Ground,GROUND
ORD-1005524,2025-04-22,08:03:54,SKU-00340,2,A-04L-017-1-A,PKR-028,MULTI,USPS Priority Mail,PRIORITY_2D
ORD-1003551,2025-04-22,14:30:36,SKU-04041,1,A-02R-002-2-B,PKR-012,MULTI,UPS Ground,GROUND
ORD-1006758,2025-04-22,11:09:31,SKU-01696,2,B-03L-009-3-B,PKR-032,MULTI,UPS Ground,GROUND
ORD-1003893,2025-04-22,06:33:31,SKU-02609,1,C-01R-013-1-B,PKR-007,MULTI,UPS Ground,GROUND
ORD-1007653,2025-04-22,20:52:09,SKU-01331,2,A-03R-003-4-B,PKR-001,MULTI,UPS Ground,GROUND
ORD-1004802,2025-04-22,14:36:08,SKU-02104,2,B-01R-002-1-A,PKR-004,SINGLE,UPS 2nd Day Air,GROUND
ORD-1002266,2025-04-22,17:57:28,SKU-04928,2,B-01L-013-2-B,PKR-022,MULTI,USPS Priority Mail,GROUND
ORD-1006545,2025-04-22,21:45:08,SKU-02961,1,B-02R-006-3-A,PKR-006,MULTI,FedEx Ground,GROUND
ORD-1003022,2025-04-22,07:51:58,SKU-01331,1,A-03R-003-4-B,PKR-029,MULTI,FedEx Ground,GROUND
ORD-1003767,2025-04-22,12:40:24,SKU-02423,1,D-02R-007-4-A,PKR-001,MULTI,FedEx Ground,GROUND
ORD-1005102,2025-04-22,18:14:18,SKU-02509,2,B-01L-020-5-A,PKR-018,SINGLE,FedEx Ground,GROUND
ORD-1004716,2025-04-22,12:25:59,SKU-04623,1,B-01R-007-5-A,PKR-021,MULTI,FedEx 2Day,GROUND
ORD-1002623,2025-04-22,10:10:50,SKU-04608,2,A-02L-025-1-B,PKR-008,MULTI,UPS Ground,PRIORITY_2D
ORD-1004844,2025-04-22,15:26:49,SKU-02788,2,D-02L-023-3-A,PKR-003,MULTI,FedEx Ground,GROUND
ORD-1007321,2025-04-22,21:40:07,SKU-00850,1,B-04R-020-2-A,PKR-014,MULTI,USPS Priority Mail,STANDARD_OVERNIGHT
ORD-1005105,2025-04-22,12:27:59,SKU-00140,1,C-03R-009-1-B,PKR-006,MULTI,FedEx Ground,GROUND
ORD-1006891,2025-04-22,17:57:50,SKU-04865,2,A-01R-011-4-B,PKR-001,SINGLE,UPS 2nd Day Air,GROUND
ORD-1003619,2025-04-22,12:34:01,SKU-04431,2,D-02R-020-5-A,PKR-005,MULTI,USPS Priority Mail,GROUND
ORD-1002135,2025-04-22,15:35:13,SKU-00324,2,C-03L-004-3-B,PKR-009,MULTI,FedEx Ground,GROUND
ORD-1001315,2025-04-22,09:08:47,SKU-02891,2,A-02L-014-3-A,PKR-026,MULTI,UPS Ground,GROUND
ORD-1001608,2025-04-22,17:52:21,SKU-02218,2,C-02R-003-1-B,PKR-008,MULTI,UPS Ground,GROUND
ORD-1007441,2025-04-22,09:01:41,SKU-02050,1,C-02L-007-1-A,PKR-009,MULTI,USPS Priority Mail,GROUND
ORD-1007417,2025-04-22,11:59:07,SKU-02585,1,A-01R-012-4-A,PKR-007,MULTI,USPS Priority Mail,GROUND
ORD-1001355,2025-04-22,11:45:04,SKU-03727,1,B-02R-023-4-A,PKR-029,MULTI,UPS 2nd Day Air,GROUND
ORD-1002522,2025-04-22,19:59:24,SKU-00739,2,D-04L-011-3-B,PKR-023,MULTI,FedEx Ground,GROUND
ORD-1000977,2025-04-22,09:36:52,SKU-00357,2,D-04L-020-4-B,PKR-001,MULTI,FedEx Ground,PRIORITY_2D
ORD-1006268,2025-04-22,07:06:53,SKU-04328,1,A-02L-021-1-B,PKR-007,MULTI,UPS Ground,GROUND
ORD-1005942,2025-04-22,20:55:38,SKU-04887,2,B-01L-015-5-B,PKR-030,MULTI,UPS Ground,GROUND
ORD-1000743,2025-04-22,10:02:13,SKU-04984,1,B-02R-026-4-B,PKR-003,MULTI,USPS Priority Mail,PRIORITY_2D
ORD-1003032,2025-04-22,21:28:58,SKU-04041,1,A-02R-002-2-B,PKR-005,MULTI,UPS Ground,GROUND
ORD-1005461,2025-04-22,11:51:20,SKU-01284,1,A-04R-009-1-B,PKR-031,MULTI,USPS Priority Mail,STANDARD_OVERNIGHT
ORD-1000434,2025-04-22,17:14:59,SKU-01490,2,B-04R-009-1-A,PKR-012,MULTI,FedEx Ground,GROUND
ORD-1000017,2025-04-22,06:34:58,SKU-02509,1,B-01L-020-5-A,PKR-028,MULTI,FedEx Ground,GROUND
ORD-1000639,2025-04-22,14:08:18,SKU-04328,1,A-02L-021-1-B,PKR-009,MULTI,FedEx Ground,PRIORITY_2D
ORD-1003627,2025-04-22,17:06:33,SKU-04457,1,A-01L-020-2-B,PKR-030,MULTI,UPS Ground,GROUND
ORD-1003383,2025-04-22,14:09:44,SKU-02185,2,C-01R-009-4-B,PKR-015,MULTI,FedEx Ground,PRIORITY_2D
ORD-1006722,2025-04-22,06:47:36,SKU-04932,2,A-02R-018-5-A,PKR-012,MULTI,FedEx Ground,STANDARD_OVERNIGHT
ORD-1003850,2025-04-22,16:40:49,SKU-02609,2,C-01R-013-1-B,PKR-008,MULTI,FedEx Ground,GROUND
ORD-1005135,2025-04-22,15:49:09,SKU-04328,1,A-02L-021-1-B,PKR-013,MULTI,UPS Ground,PRIORITY_2D
ORD-1001048,2025-04-22,16:42:03,SKU-00687,2,D-04R-005-4-A,PKR-003,MULTI,FedEx 2Day,GROUND
ORD-1003081,2025-04-22,11:42:38,SKU-00616,2,B-04R-006-2-A,PKR-022,MULTI,USPS Priority Mail,STANDARD_OVERNIGHT
ORD-1000156,2025-04-22,11:36:21,SKU-02366,2,A-01R-020-4-A,PKR-024,MULTI,FedEx 2Day,GROUND
ORD-1005574,2025-04-22,09:08:40,SKU-02404,1,A-01R-019-4-B,PKR-025,MULTI,FedEx Ground,PRIORITY_2D
ORD-1007960,2025-04-22,19:36:28,SKU-02085,2,D-02R-008-1-A,PKR-029,MULTI,FedEx Ground,GROUND
ORD-1005442,2025-04-22,06:15:44,SKU-04865,2,A-01R-011-4-B,PKR-001,MULTI,UPS Ground,GROUND
ORD-1015255,2025-04-23,11:43:29,SKU-00255,1,D-03R-005-2-B,PKR-024,MULTI,USPS Priority Mail,GROUND
ORD-1015882,2025-04-23,16:33:50,SKU-02913,2,B-01L-015-2-B,PKR-018,MULTI,UPS Ground,GROUND
ORD-1015860,2025-04-23,11:51:46,SKU-03369,1,D-02L-005-5-B,PKR-022,MULTI,UPS Ground,PRIORITY_2D
ORD-1008762,2025-04-23,18:37:37,SKU-02252,1,B-02R-025-2-A,PKR-030,MULTI,FedEx Ground,PRIORITY_2D
ORD-1012805,2025-04-23,11:59:03,SKU-02893,2,B-01L-026-2-B,PKR-010,MULTI,FedEx Ground,GROUND
ORD-1011728,2025-04-23,20:23:04,SKU-04025,1,C-01L-004-5-A,PKR-012,MULTI,FedEx Ground,GROUND
ORD-1014762,2025-04-23,06:37:15,SKU-02859,2,A-01L-018-3-A,PKR-031,SINGLE,FedEx Ground,GROUND
ORD-1013290,2025-04-23,09:45:51,SKU-03649,2,D-01R-019-3-A,PKR-013,MULTI,FedEx Ground,STANDARD_OVERNIGHT
ORD-1008087,2025-04-23,14:02:05,SKU-01019,1,B-03R-014-1-A,PKR-032,MULTI,FedEx Ground,GROUND
ORD-1012154,2025-04-23,06:58:48,SKU-02681,2,A-01R-018-4-B,PKR-003,SINGLE,FedEx Ground,GROUND
ORD-1015688,2025-04-23,13:41:05,SKU-04166,2,A-02L-020-5-B,PKR-029,MULTI,UPS Ground,PRIORITY_2D
ORD-1013435,2025-04-23,07:47:52,SKU-03403,2,E-01L-019-2-B,PKR-017,MULTI,FedEx Ground,GROUND
ORD-1013607,2025-04-23,18:06:09,SKU-00733,2,A-04R-005-1-B,PKR-003,MULTI,UPS Ground,GROUND
ORD-1009282,2025-04-23,13:32:21,SKU-02243,2,D-02R-010-4-A,PKR-021,MULTI,UPS Ground,STANDARD_OVERNIGHT
ORD-1011482,2025-04-23,18:57:39,SKU-01207,1,B-04R-018-4-B,PKR-012,MULTI,UPS Ground,GROUND
ORD-1008554,2025-04-23,08:26:24,SKU-01803,1,B-03R-020-1-A,PKR-031,MULTI,FedEx Ground,PRIORITY_2D
ORD-1008754,2025-04-23,10:48:15,SKU-03465,1,B-01R-013-4-A,PKR-018,MULTI,UPS 2nd Day Air,GROUND
ORD-1010382,2025-04-23,12:35:43,SKU-01559,2,A-03L-003-4-B,PKR-025,MULTI,FedEx Ground,STANDARD_OVERNIGHT
ORD-1015611,2025-04-23,19:33:39,SKU-02366,2,A-01R-020-4-A,PKR-005,MULTI,UPS 2nd Day Air,GROUND
ORD-1008047,2025-04-23,15:55:57,SKU-04940,1,C-02L-001-4-B,PKR-017,MULTI,USPS Priority Mail,GROUND
ORD-1013526,2025-04-23,19:00:26,SKU-04014,2,E-02R-025-1-B,PKR-007,MULTI,USPS Priority Mail,GROUND
ORD-1014073,2025-04-23,13:14:14,SKU-03018,1,C-02L-015-3-B,PKR-031,MULTI,UPS Ground,GROUND
ORD-1010147,2025-04-23,12:05:33,SKU-02366,1,A-01R-020-4-A,PKR-004,SINGLE,UPS Ground,GROUND
ORD-1009674,2025-04-23,21:35:22,SKU-01565,2,B-04R-003-1-A,PKR-032,MULTI,FedEx Ground,GROUND
ORD-1015995,2025-04-23,12:42:20,SKU-03823,2,C-02R-020-1-B,PKR-023,MULTI,FedEx Ground,GROUND
ORD-1012215,2025-04-23,19:30:57,SKU-03356,2,A-02L-015-2-A,PKR-013,MULTI,FedEx 2Day,GROUND
ORD-1008930,2025-04-23,14:18:26,SKU-01490,2,B-04R-009-1-A,PKR-014,MULTI,UPS Ground,GROUND
ORD-1014267,2025-04-23,06:21:09,SKU-02185,2,C-01R-009-4-B,PKR-018,MULTI,FedEx 2Day,PRIORITY_2D
ORD-1013025,2025-04-23,11:05:05,SKU-04041,2,A-02R-002-2-B,PKR-028,MULTI,FedEx Ground,GROUND
ORD-1015970,2025-04-23,07:01:07,SKU-04328,2,A-02L-021-1-B,PKR-019,MULTI,USPS Priority Mail,GROUND
ORD-1008085,2025-04-23,21:31:03,SKU-02624,1,A-02R-022-1-A,PKR-018,MULTI,USPS Priority Mail,PRIORITY_2D
ORD-1011578,2025-04-23,17:49:51,SKU-03994,2,A-01L-010-3-A,PKR-021,MULTI,FedEx Ground,GROUND
ORD-1011367,2025-04-23,07:14:28,SKU-03424,1,A-02R-025-5-B,PKR-003,MULTI,UPS Ground,GROUND
ORD-1012700,2025-04-23,17:29:57,SKU-04328,2,A-02L-021-1-B,PKR-021,MULTI,FedEx Ground,GROUND
ORD-1012514,2025-04-23,08:31:00,SKU-04446,2,B-02R-002-4-B,PKR-016,MULTI,FedEx Ground,STANDARD_OVERNIGHT
ORD-1014121,2025-04-23,21:55:33,SKU-01204,2,A-03R-016-1-B,PKR-028,MULTI,FedEx Ground,GROUND
ORD-1009439,2025-04-23,12:08:45,SKU-02375,2,D-02R-013-3-A,PKR-025,MULTI,FedEx Ground,GROUND
ORD-1011789,2025-04-23,08:37:25,SKU-03727,2,B-02R-023-4-A,PKR-029,MULTI,USPS Priority Mail,GROUND
ORD-1011745,2025-04-23,07:51:37,SKU-04183,2,A-01L-010-2-B,PKR-002,MULTI,FedEx Ground,GROUND
ORD-1009511,2025-04-23,13:49:25,SKU-01498,2,D-03L-014-4-A,PKR-014,MULTI,FedEx Ground,GROUND
ORD-1011990,2025-04-23,09:46:04,SKU-01850,2,A-04R-006-2-A,PKR-009,MULTI,FedEx Ground,GROUND
ORD-1012137,2025-04-23,18:51:55,SKU-01295,2,D-03R-007-3-B,PKR-009,MULTI,USPS Priority Mail,STANDARD_OVERNIGHT
ORD-1015936,2025-04-23,21:05:27,SKU-00724,2,E-04R-005-3-A,PKR-009,MULTI,USPS Priority Mail,GROUND
ORD-1008741,2025-04-23,20:56:03,SKU-04670,1,C-02R-018-2-B,PKR-020,MULTI,UPS Ground,GROUND
ORD-1015821,2025-04-23,18:21:04,SKU-01939,2,C-03L-016-1-B,PKR-021,MULTI,UPS Ground,PRIORITY_2D
ORD-1010383,2025-04-23,10:22:42,SKU-04041,1,A-02R-002-2-B,PKR-021,MULTI,USPS Priority Mail,STANDARD_OVERNIGHT
ORD-1009953,2025-04-23,14:29:45,SKU-04328,2,A-02L-021-1-B,PKR-026,MULTI,UPS Ground,GROUND
ORD-1009577,2025-04-23,20:04:12,SKU-02298,2,A-01L-014-4-A,PKR-030,MULTI,USPS Priority Mail,GROUND
ORD-1014078,2025-04-23,17:03:22,SKU-01857,2,A-04R-005-1-A,PKR-013,MULTI,UPS Ground,GROUND
ORD-1015798,2025-04-23,14:20:49,SKU-01620,2,A-03L-010-4-A,PKR-002,MULTI,USPS Priority Mail,GROUND
ORD-1015819,2025-04-23,10:19:36,SKU-04733,1,A-01R-018-1-A,PKR-031,MULTI,FedEx Ground,GROUND
ORD-1008425,2025-04-23,13:01:41,SKU-01300,1,A-04L-007-2-A,PKR-010,MULTI,FedEx Ground,PRIORITY_2D
ORD-1015886,2025-04-23,07:47:12,SKU-03881,1,B-02R-002-4-A,PKR-029,MULTI,FedEx 2Day,PRIORITY_2D
ORD-1010936,2025-04-23,11:04:50,SKU-01006,2,E-04L-008-2-B,PKR-022,MULTI,UPS Ground,STANDARD_OVERNIGHT
ORD-1011009,2025-04-23,15:31:41,SKU-02045,2,B-01R-025-3-A,PKR-023,MULTI,FedEx Ground,STANDARD_OVERNIGHT
ORD-1011958,2025-04-23,09:03:08,SKU-02681,1,A-01R-018-4-B,PKR-021,MULTI,UPS Ground,PRIORITY_2D
ORD-1015117,2025-04-23,21:57:44,SKU-00872,2,A-04L-005-1-A,PKR-010,MULTI,USPS Priority Mail,GROUND
ORD-1010375,2025-04-23,09:28:08,SKU-03729,2,D-01R-011-4-A,PKR-021,MULTI,UPS Ground,PRIORITY_2D
ORD-1015150,2025-04-23,06:45:00,SKU-02281,1,A-01L-025-3-B,PKR-009,MULTI,UPS Ground,GROUND
ORD-1015494,2025-04-23,18:13:14,SKU-03018,1,C-02L-015-3-B,PKR-003,MULTI,USPS Priority Mail,GROUND
ORD-1008867,2025-04-23,10:35:35,SKU-02585,1,A-01R-012-4-A,PKR-008,MULTI,FedEx Ground,PRIORITY_2D
ORD-1014075,2025-04-23,17:35:59,SKU-02534,2,B-02R-001-4-B,PKR-020,MULTI,USPS Priority Mail,STANDARD_OVERNIGHT
ORD-1015235,2025-04-23,10:21:54,SKU-02125,1,A-01R-020-2-B,PKR-028,MULTI,USPS Priority Mail,GROUND
ORD-1011938,2025-04-23,13:10:44,SKU-01204,2,A-03R-016-1-B,PKR-024,SINGLE,FedEx Ground,GROUND
ORD-1015107,2025-04-23,12:54:25,SKU-02104,1,B-01R-002-1-A,PKR-003,MULTI,FedEx Ground,GROUND
ORD-1011874,2025-04-23,19:49:40,SKU-00112,2,B-04L-009-4-A,PKR-030,MULTI,USPS Priority Mail,PRIORITY_2D
ORD-1008907,2025-04-23,06:21:45,SKU-00910,2,B-04R-014-3-A,PKR-006,MULTI,FedEx Ground,GROUND
ORD-1009576,2025-04-23,11:11:28,SKU-02939,2,A-02R-016-5-A,PKR-023,MULTI,FedEx Ground,GROUND
ORD-1012995,2025-04-23,07:03:13,SKU-02585,2,A-01R-012-4-A,PKR-013,MULTI,UPS Ground,GROUND
ORD-1012557,2025-04-23,17:28:00,SKU-03606,1,C-01R-012-4-A,PKR-024,MULTI,USPS Priority Mail,STANDARD_OVERNIGHT
ORD-1009521,2025-04-23,12:45:11,SKU-02124,2,B-01R-023-4-A,PKR-023,MULTI,FedEx Ground,GROUND
ORD-1015932,2025-04-23,08:50:58,SKU-01552,2,A-04R-001-1-B,PKR-010,MULTI,FedEx Ground,GROUND
ORD-1015854,2025-04-23,09:58:45,SKU-02775,1,C-01R-023-3-A,PKR-024,MULTI,UPS Ground,PRIORITY_2D
ORD-1010629,2025-04-23,18:19:17,SKU-02772,1,A-02R-012-5-A,PKR-008,MULTI,USPS Priority Mail,PRIORITY_2D
ORD-1009415,2025-04-23,10:57:03,SKU-04328,2,A-02L-021-1-B,PKR-012,MULTI,FedEx Ground,GROUND
ORD-1015568,2025-04-23,14:25:46,SKU-04041,1,A-02R-002-2-B,PKR-028,MULTI,FedEx 2Day,GROUND
ORD-1013694,2025-04-23,07:16:08,SKU-02050,2,C-02L-007-1-A,PKR-020,MULTI,UPS Ground,GROUND
ORD-1008493,2025-04-23,07:47:39,SKU-04273,2,C-02R-020-5-A,PKR-021,MULTI,USPS Priority Mail,GROUND
ORD-1013920,2025-04-23,07:02:52,SKU-02816,2,A-02R-004-2-A,PKR-006,MULTI,UPS Ground,GROUND
ORD-1013131,2025-04-23,19:34:23,SKU-02357,2,C-02L-006-2-A,PKR-003,MULTI,UPS Ground,PRIORITY_2D
ORD-1013925,2025-04-23,16:41:40,SKU-04928,2,B-01L-013-2-B,PKR-006,MULTI,UPS Ground,GROUND
ORD-1011723,2025-04-23,06:12:55,SKU-02973,2,B-01R-015-1-A,PKR-020,MULTI,FedEx 2Day,GROUND
ORD-1010427,2025-04-23,16:36:09,SKU-02681,1,A-01R-018-4-B,PKR-005,MULTI,UPS 2nd Day Air,GROUND
ORD-1014835,2025-04-23,21:59:12,SKU-04192,1,C-01R-024-5-A,PKR-029,MULTI,USPS Priority Mail,GROUND
ORD-1012306,2025-04-23,19:02:21,SKU-01490,2,B-04R-009-1-A,PKR-020,MULTI,UPS 2nd Day Air,GROUND
ORD-1009817,2025-04-23,06:11:44,SKU-04041,2,A-02R-002-2-B,PKR-014,MULTI,FedEx Ground,PRIORITY_2D
ORD-1014556,2025-04-23,11:16:09,SKU-00872,2,A-04L-005-1-A,PKR-012,MULTI,UPS Ground,STANDARD_OVERNIGHT
ORD-1012524,2025-04-23,21:51:52,SKU-03413,2,C-01R-011-1-B,PKR-021,MULTI,USPS Priority Mail,GROUND
ORD-1014090,2025-04-23,13:00:15,SKU-00390,2,C-03L-009-2-A,PKR-023,MULTI,UPS 2nd Day Air,GROUND
ORD-1009848,2025-04-23,07:31:37,SKU-02767,1,C-02R-013-1-B,PKR-013,SINGLE,UPS Ground,GROUND
ORD-1010675,2025-04-23,08:20:35,SKU-00392,1,B-03L-019-1-B,PKR-016,MULTI,USPS Priority Mail,GROUND
ORD-1013252,2025-04-23,21:27:15,SKU-01019,2,B-03R-014-1-A,PKR-019,MULTI,UPS Ground,GROUND
ORD-1012150,2025-04-23,18:28:33,SKU-02104,2,B-01R-002-1-A,PKR-011,MULTI,FedEx Ground,GROUND
ORD-1009319,2025-04-23,11:20:11,SKU-04946,2,C-01L-023-3-A,PKR-010,MULTI,USPS Priority Mail,PRIORITY_2D
ORD-1012441,2025-04-23,13:25:44,SKU-00021,2,E-04R-009-2-A,PKR-002,MULTI,USPS Priority Mail,GROUND
ORD-1009736,2025-04-23,16:23:11,SKU-00037,2,A-03L-004-3-A,PKR-028,MULTI,UPS Ground,GROUND
ORD-1009091,2025-04-23,12:43:35,SKU-02585,1,A-01R-012-4-A,PKR-032,MULTI,UPS Ground,GROUND
ORD-1014125,2025-04-23,17:17:13,SKU-04328,2,A-02L-021-1-B,PKR-026,MULTI,UPS 2nd Day Air,GROUND
ORD-1008498,2025-04-23,17:37:53,SKU-04328,2,A-02L-021-1-B,PKR-007,MULTI,USPS Priority Mail,GROUND
ORD-1009668,2025-04-23,07:35:40,SKU-02564,1,C-01L-011-5-B,PKR-010,MULTI,UPS Ground,GROUND
ORD-1012454,2025-04-23,14:21:55,SKU-02609,2,C-01R-013-1-B,PKR-011,MULTI,FedEx Ground,GROUND
ORD-1008004,2025-04-23,07:13:37,SKU-02977,1,C-02L-014-2-B,PKR-017,MULTI,UPS Ground,GROUND
ORD-1013347,2025-04-23,08:54:10,SKU-02272,2,A-02R-002-5-A,PKR-017,SINGLE,FedEx 2Day,GROUND
ORD-1011830,2025-04-23,20:38:09,SKU-01783,2,E-04L-019-4-A,PKR-030,MULTI,FedEx 2Day,GROUND
ORD-1015584,2025-04-23,21:26:47,SKU-01925,2,C-04L-019-2-B,PKR-026,MULTI,USPS Priority Mail,GROUND
ORD-1013814,2025-04-23,07:03:00,SKU-04328,1,A-02L-021-1-B,PKR-021,MULTI,UPS Ground,GROUND
ORD-1015932,2025-04-23,08:50:58,SKU-02891,1,A-02L-014-3-A,PKR-010,MULTI,FedEx Ground,GROUND
ORD-1011377,2025-04-23,19:01:33,SKU-02830,2,D-01R-023-3-B,PKR-015,MULTI,UPS Ground,GROUND
ORD-1009943,2025-04-23,12:56:57,SKU-03649,2,D-01R-019-3-A,PKR-026,MULTI,UPS Ground,PRIORITY_2D
ORD-1008229,2025-04-23,08:42:42,SKU-02575,2,A-01L-016-2-A,PKR-009,MULTI,UPS Ground,GROUND
ORD-1008949,2025-04-23,07:31:52,SKU-03823,2,C-02R-020-1-B,PKR-009,MULTI,FedEx Ground,GROUND
ORD-1014117,2025-04-23,06:27:11,SKU-00037,2,A-03L-004-3-A,PKR-009,MULTI,UPS Ground,GROUND
ORD-1011551,2025-04-23,12:39:31,SKU-02777,2,A-01L-004-3-B,PKR-008,SINGLE,FedEx Ground,PRIORITY_2D
ORD-1008853,2025-04-23,19:24:06,SKU-03496,1,B-01R-016-5-B,PKR-026,MULTI,USPS Priority Mail,GROUND
ORD-1014043,2025-04-23,18:01:44,SKU-02359,2,D-01L-005-5-B,PKR-008,MULTI,USPS Priority Mail,GROUND
ORD-1009969,2025-04-23,06:12:05,SKU-02115,2,B-02R-018-5-A,PKR-012,MULTI,FedEx Ground,GROUND
ORD-1010850,2025-04-23,13:48:17,SKU-04041,2,A-02R-002-2-B,PKR-031,MULTI,FedEx 2Day,GROUND
ORD-1012815,2025-04-23,13:03:54,SKU-03033,2,D-01L-010-4-A,PKR-022,MULTI,FedEx Ground,GROUND
ORD-1014080,2025-04-23,14:26:31,SKU-04328,2,A-02L-021-1-B,PKR-003,MULTI,FedEx 2Day,GROUND
ORD-1010509,2025-04-23,09:40:38,SKU-04353,2,B-02L-022-4-A,PKR-031,MULTI,UPS 2nd Day Air,GROUND
ORD-1013596,2025-04-23,09:44:34,SKU-04710,2,A-02L-008-2-A,PKR-007,MULTI,UPS Ground,GROUND
ORD-1009835,2025-04-23,15:15:05,SKU-02474,1,A-02R-022-2-A,PKR-006,MULTI,USPS Priority Mail,STANDARD_OVERNIGHT
ORD-1011447,2025-04-23,16:06:11,SKU-02298,2,A-01L-014-4-A,PKR-023,MULTI,FedEx 2Day,GROUND
ORD-1011497,2025-04-23,08:13:55,SKU-00585,2,C-04R-005-4-B,PKR-012,MULTI,FedEx Ground,GROUND
ORD-1011891,2025-04-23,11:15:24,SKU-04542,2,C-02L-018-4-A,PKR-014,MULTI,USPS Priority Mail,GROUND
ORD-1008945,2025-04-23,10:43:49,SKU-02552,2,B-02R-022-5-B,PKR-007,MULTI,USPS Priority Mail,GROUND
ORD-1008050,2025-04-23,13:13:33,SKU-02416,1,B-02L-022-2-A,PKR-024,MULTI,USPS Priority Mail,GROUND
ORD-1008117,2025-04-23,06:38:54,SKU-02611,1,C-01R-004-3-B,PKR-026,MULTI,FedEx Ground,PRIORITY_2D
ORD-1014133,2025-04-23,19:11:08,SKU-00097,2,B-04R-020-1-B,PKR-030,MULTI,UPS Ground,GROUND
ORD-1008793,2025-04-23,15:35:30,SKU-04328,2,A-02L-021-1-B,PKR-027,MULTI,USPS Priority Mail,STANDARD_OVERNIGHT
ORD-1014576,2025-04-23,19:27:57,SKU-03378,2,A-01L-004-4-B,PKR-028,MULTI,UPS Ground,GROUND
ORD-1011467,2025-04-23,09:17:58,SKU-00379,2,A-03R-020-4-B,PKR-027,MULTI,FedEx Ground,GROUND
ORD-1010269,2025-04-23,17:08:06,SKU-02609,1,C-01R-013-1-B,PKR-001,MULTI,FedEx Ground,STANDARD_OVERNIGHT
ORD-1011004,2025-04-23,19:57:38,SKU-04328,1,A-02L-021-1-B,PKR-012,MULTI,FedEx Ground,PRIORITY_2D
ORD-1011188,2025-04-23,09:14:26,SKU-03823,1,C-02R-020-1-B,PKR-012,MULTI,FedEx Ground,PRIORITY_2D
ORD-1011429,2025-04-23,20:02:02,SKU-04328,1,A-02L-021-1-B,PKR-005,MULTI,USPS Priority Mail,GROUND
ORD-1008257,2025-04-23,11:42:43,SKU-00547,2,A-03L-005-3-A,PKR-016,MULTI,UPS 2nd Day Air,GROUND
ORD-1009720,2025-04-23,14:15:29,SKU-01743,1,C-04L-009-2-B,PKR-012,MULTI,FedEx Ground,PRIORITY_2D
ORD-1012466,2025-04-23,06:53:06,SKU-02185,2,C-01R-009-4-B,PKR-027,MULTI,FedEx Ground,GROUND
ORD-1012952,2025-04-23,08:32:19,SKU-02908,2,B-02L-005-3-A,PKR-004,MULTI,FedEx Ground,PRIORITY_2D
ORD-1009667,2025-04-23,12:01:26,SKU-04116,1,B-02L-002-3-A,PKR-004,MULTI,UPS 2nd Day Air,GROUND
ORD-1008230,2025-04-23,08:16:35,SKU-02609,1,C-01R-013-1-B,PKR-026,MULTI,USPS Priority Mail,PRIORITY_2D
ORD-1008756,2025-04-23,09:47:38,SKU-02104,2,B-01R-002-1-A,PKR-025,MULTI,UPS Ground,GROUND
ORD-1008952,2025-04-23,11:23:17,SKU-00796,1,A-04R-013-4-A,PKR-021,MULTI,FedEx Ground,GROUND
ORD-1010788,2025-04-23,17:55:27,SKU-04328,1,A-02L-021-1-B,PKR-017,MULTI,UPS Ground,PRIORITY_2D
ORD-1015314,2025-04-23,11:58:54,SKU-02272,2,A-02R-002-5-A,PKR-029,MULTI,UPS 2nd Day Air,GROUND
ORD-1012325,2025-04-23,20:20:03,SKU-00017,2,B-03R-001-4-B,PKR-004,MULTI,UPS Ground,GROUND
ORD-1010335,2025-04-23,16:39:20,SKU-04528,1,B-02R-014-3-B,PKR-004,MULTI,FedEx Ground,GROUND
ORD-1015456,2025-04-23,13:01:38,SKU-04328,2,A-02L-021-1-B,PKR-007,MULTI,FedEx Ground,GROUND
ORD-1008758,2025-04-23,12:42:54,SKU-01552,1,A-04R-001-1-B,PKR-020,MULTI,UPS Ground,PRIORITY_2D
ORD-1013256,2025-04-23,06:39:17,SKU-02585,2,A-01R-012-4-A,PKR-024,MULTI,FedEx Ground,GROUND
ORD-1009277,2025-04-23,11:10:52,SKU-03727,2,B-02R-023-4-A,PKR-030,MULTI,FedEx Ground,GROUND
ORD-1011519,2025-04-23,07:13:43,SKU-00087,2,A-04L-011-4-A,PKR-030,MULTI,UPS Ground,GROUND
ORD-1012666,2025-04-23,07:05:51,SKU-04245,2,B-01R-001-1-A,PKR-018,MULTI,FedEx Ground,GROUND
ORD-1014827,2025-04-23,14:28:19,SKU-00559,1,A-04R-005-4-A,PKR-012,MULTI,USPS Priority Mail,PRIORITY_2D
ORD-1011292,2025-04-23,17:51:17,SKU-02125,2,A-01R-020-2-B,PKR-028,SINGLE,FedEx Ground,GROUND
ORD-1014206,2025-04-23,12:02:18,SKU-04461,1,C-02L-017-5-B,PKR-025,MULTI,UPS Ground,GROUND
ORD-1014694,2025-04-23,19:01:03,SKU-02527,2,D-01L-014-4-B,PKR-009,MULTI,FedEx Ground,GROUND
ORD-1009139,2025-04-23,20:41:30,SKU-04608,2,A-02L-025-1-B,PKR-010,MULTI,FedEx Ground,GROUND
ORD-1014391,2025-04-23,17:54:29,SKU-04328,2,A-02L-021-1-B,PKR-025,MULTI,UPS Ground,GROUND
ORD-1008382,2025-04-23,15:32:49,SKU-01677,2,E-03R-016-3-B,PKR-005,MULTI,UPS Ground,GROUND
ORD-1011918,2025-04-23,09:16:57,SKU-02609,2,C-01R-013-1-B,PKR-006,MULTI,USPS Priority Mail,GROUND
ORD-1010190,2025-04-23,10:24:04,SKU-02079,2,C-02R-013-3-B,PKR-032,MULTI,UPS Ground,GROUND
ORD-1009088,2025-04-23,15:06:29,SKU-02140,1,B-01R-020-2-B,PKR-030,MULTI,FedEx Ground,PRIORITY_2D
ORD-1008014,2025-04-23,14:43:17,SKU-02770,2,D-01L-014-3-A,PKR-014,MULTI,FedEx Ground,STANDARD_OVERNIGHT
ORD-1009678,2025-04-23,15:56:21,SKU-00001,2,C-03L-001-4-A,PKR-019,MULTI,FedEx Ground,PRIORITY_2D
ORD-1012324,2025-04-23,16:29:15,SKU-02908,2,B-02L-005-3-A,PKR-019,MULTI,UPS Ground,STANDARD_OVERNIGHT
ORD-1010125,2025-04-23,19:20:12,SKU-02828,2,A-02L-007-2-A,PKR-012,MULTI,USPS Priority Mail,GROUND
ORD-1012445,2025-04-23,11:12:40,SKU-01204,2,A-03R-016-1-B,PKR-007,MULTI,UPS 2nd Day Air,GROUND
ORD-1012392,2025-04-23,08:43:22,SKU-04041,1,A-02R-002-2-B,PKR-008,MULTI,UPS 2nd Day Air,GROUND
ORD-1013552,2025-04-23,21:18:27,SKU-02509,2,B-01L-020-5-A,PKR-008,MULTI,FedEx Ground,GROUND
ORD-1008026,2025-04-23,10:13:57,SKU-02708,2,A-01R-026-1-B,PKR-018,MULTI,FedEx Ground,GROUND
ORD-1012540,2025-04-23,13:48:46,SKU-00779,2,B-04L-003-4-B,PKR-017,MULTI,USPS Priority Mail,PRIORITY_2D
ORD-1015251,2025-04-23,12:29:01,SKU-04328,2,A-02L-021-1-B,PKR-026,MULTI,FedEx Ground,PRIORITY_2D
ORD-1009287,2025-04-23,17:10:41,SKU-02908,2,B-02L-005-3-A,PKR-029,MULTI,USPS Priority Mail,GROUND
ORD-1008162,2025-04-23,15:30:53,SKU-04328,1,A-02L-021-1-B,PKR-003,MULTI,FedEx Ground,GROUND
ORD-1015027,2025-04-23,08:42:40,SKU-01721,2,A-04L-015-4-B,PKR-024,MULTI,UPS Ground,GROUND
ORD-1009304,2025-04-23,08:40:29,SKU-01432,1,A-04R-017-4-A,PKR-026,MULTI,UPS Ground,STANDARD_OVERNIGHT
ORD-1008543,2025-04-23,16:32:57,SKU-02668,2,A-01R-006-1-A,PKR-008,MULTI,USPS Priority Mail,GROUND
ORD-1010273,2025-04-23,11:41:58,SKU-02564,1,C-01L-011-5-B,PKR-028,MULTI,FedEx Ground,GROUND
ORD-1008898,2025-04-23,15:03:01,SKU-02603,2,C-01L-014-4-A,PKR-026,MULTI,FedEx Ground,GROUND
ORD-1010318,2025-04-23,09:27:19,SKU-02509,2,B-01L-020-5-A,PKR-024,MULTI,USPS Priority Mail,GROUND
ORD-1014260,2025-04-23,09:28:41,SKU-01490,1,B-04R-009-1-A,PKR-028,MULTI,UPS Ground,GROUND
ORD-1023593,2025-04-24,07:54:31,SKU-04688,2,C-01L-020-1-A,PKR-013,MULTI,UPS Ground,GROUND
ORD-1019298,2025-04-24,07:22:28,SKU-04813,2,C-02L-008-2-B,PKR-031,MULTI,FedEx 2Day,GROUND
ORD-1022571,2025-04-24,10:31:18,SKU-04573,2,C-01R-006-3-A,PKR-002,MULTI,USPS Priority Mail,PRIORITY_2D
ORD-1023312,2025-04-24,06:55:07,SKU-02366,2,A-01R-020-4-A,PKR-024,MULTI,UPS Ground,GROUND
ORD-1018011,2025-04-24,12:25:13,SKU-02699,1,C-01L-007-2-B,PKR-001,MULTI,FedEx Ground,PRIORITY_2D
ORD-1022576,2025-04-24,10:53:02,SKU-03496,2,B-01R-016-5-B,PKR-004,MULTI,FedEx Ground,GROUND
ORD-1018237,2025-04-24,11:41:34,SKU-04782,1,C-01L-004-3-A,PKR-014,MULTI,UPS Ground,STANDARD_OVERNIGHT
ORD-1021699,2025-04-24,11:06:20,SKU-04328,2,A-02L-021-1-B,PKR-005,MULTI,UPS 2nd Day Air,GROUND
ORD-1016919,2025-04-24,06:51:22,SKU-04328,2,A-02L-021-1-B,PKR-019,MULTI,FedEx Ground,GROUND
ORD-1019981,2025-04-24,10:10:03,SKU-04940,2,C-02L-001-4-B,PKR-019,MULTI,UPS Ground,GROUND
ORD-1021177,2025-04-24,10:37:30,SKU-01721,2,A-04L-015-4-B,PKR-003,MULTI,UPS Ground,GROUND
ORD-1020034,2025-04-24,15:45:23,SKU-00686,2,B-03L-001-2-A,PKR-002,MULTI,FedEx Ground,GROUND
ORD-1019752,2025-04-24,16:56:49,SKU-03725,1,D-02R-018-2-B,PKR-014,MULTI,UPS Ground,GROUND
ORD-1021464,2025-04-24,07:12:31,SKU-00379,1,A-03R-020-4-B,PKR-017,MULTI,UPS Ground,GROUND
ORD-1022052,2025-04-24,17:17:10,SKU-00423,2,B-03R-005-4-B,PKR-009,MULTI,UPS 2nd Day Air,GROUND
ORD-1021360,2025-04-24,15:20:36,SKU-02170,2,A-02R-011-5-B,PKR-029,MULTI,FedEx Ground,PRIORITY_2D
ORD-1017323,2025-04-24,08:42:12,SKU-04328,2,A-02L-021-1-B,PKR-005,MULTI,FedEx Ground,PRIORITY_2D
ORD-1023972,2025-04-24,11:49:38,SKU-00037,2,A-03L-004-3-A,PKR-011,MULTI,FedEx Ground,GROUND
ORD-1019799,2025-04-24,13:06:35,SKU-03346,2,C-02L-008-3-B,PKR-002,MULTI,FedEx Ground,GROUND
ORD-1022825,2025-04-24,12:08:35,SKU-03378,2,A-01L-004-4-B,PKR-011,SINGLE,FedEx 2Day,GROUND
ORD-1021669,2025-04-24,18:06:52,SKU-04328,1,A-02L-021-1-B,PKR-022,MULTI,UPS Ground,PRIORITY_2D
ORD-1016330,2025-04-24,06:18:16,SKU-04328,2,A-02L-021-1-B,PKR-027,MULTI,UPS Ground,STANDARD_OVERNIGHT
ORD-1023386,2025-04-24,17:31:16,SKU-02125,2,A-01R-020-2-B,PKR-025,MULTI,FedEx Ground,GROUND
ORD-1017186,2025-04-24,17:05:24,SKU-02366,2,A-01R-020-4-A,PKR-027,SINGLE,FedEx Ground,GROUND
ORD-1016118,2025-04-24,13:45:31,SKU-03727,2,B-02R-023-4-A,PKR-017,MULTI,USPS Priority Mail,GROUND
ORD-1018355,2025-04-24,19:07:32,SKU-03727,2,B-02R-023-4-A,PKR-027,MULTI,USPS Priority Mail,GROUND
ORD-1022688,2025-04-24,12:37:36,SKU-04608,2,A-02L-025-1-B,PKR-002,MULTI,FedEx Ground,GROUND
ORD-1022596,2025-04-24,18:59:59,SKU-04889,2,A-01L-015-2-B,PKR-027,MULTI,FedEx 2Day,GROUND
ORD-1016766,2025-04-24,16:45:26,SKU-04116,1,B-02L-002-3-A,PKR-012,MULTI,FedEx 2Day,PRIORITY_2D
ORD-1017875,2025-04-24,21:12:24,SKU-04328,2,A-02L-021-1-B,PKR-014,MULTI,USPS Priority Mail,GROUND
ORD-1019558,2025-04-24,06:33:01,SKU-00256,1,A-03R-007-2-A,PKR-011,MULTI,USPS Priority Mail,PRIORITY_2D
ORD-1016968,2025-04-24,21:28:58,SKU-04328,1,A-02L-021-1-B,PKR-030,MULTI,FedEx Ground,PRIORITY_2D
ORD-1022107,2025-04-24,17:21:02,SKU-03000,2,E-01R-010-5-A,PKR-003,MULTI,USPS Priority Mail,GROUND
ORD-1021258,2025-04-24,08:20:21,SKU-04328,1,A-02L-021-1-B,PKR-030,MULTI,USPS Priority Mail,GROUND
ORD-1019797,2025-04-24,10:37:59,SKU-04328,2,A-02L-021-1-B,PKR-031,MULTI,UPS Ground,GROUND
ORD-1022467,2025-04-24,07:20:20,SKU-04457,1,A-01L-020-2-B,PKR-012,MULTI,UPS Ground,GROUND
ORD-1017884,2025-04-24,12:16:15,SKU-00046,2,B-03L-005-2-A,PKR-019,MULTI,FedEx Ground,GROUND
ORD-1016531,2025-04-24,21:10:52,SKU-00872,1,A-04L-005-1-A,PKR-023,MULTI,USPS Priority Mail,GROUND
ORD-1016384,2025-04-24,12:23:08,SKU-02467,2,A-01R-006-2-B,PKR-021,MULTI,FedEx Ground,GROUND
ORD-1022603,2025-04-24,06:56:05,SKU-02366,1,A-01R-020-4-A,PKR-011,MULTI,UPS Ground,GROUND
ORD-1022255,2025-04-24,17:37:25,SKU-02624,2,A-02R-022-1-A,PKR-032,MULTI,FedEx Ground,GROUND
ORD-1023902,2025-04-24,12:28:14,SKU-00046,2,B-03L-005-2-A,PKR-023,MULTI,UPS Ground,PRIORITY_2D
ORD-1017776,2025-04-24,15:01:11,SKU-04041,2,A-02R-002-2-B,PKR-017,MULTI,USPS Priority Mail,GROUND
ORD-1016366,2025-04-24,18:39:08,SKU-02499,1,A-02L-005-3-A,PKR-016,MULTI,FedEx Ground,GROUND
ORD-1018196,2025-04-24,21:41:55,SKU-01633,2,B-04L-001-1-A,PKR-004,MULTI,USPS Priority Mail,GROUND
ORD-1016375,2025-04-24,12:27:30,SKU-02163,2,A-02R-006-3-A,PKR-030,SINGLE,FedEx Ground,GROUND
ORD-1017924,2025-04-24,21:32:57,SKU-04518,2,D-02L-020-4-A,PKR-021,MULTI,FedEx 2Day,GROUND
ORD-1022108,2025-04-24,08:46:39,SKU-02138,1,C-02R-024-4-B,PKR-005,SINGLE,FedEx Ground,GROUND
ORD-1019876,2025-04-24,09:51:32,SKU-00037,1,A-03L-004-3-A,PKR-021,MULTI,FedEx Ground,GROUND
ORD-1017947,2025-04-24,17:31:31,SKU-03049,2,C-02L-003-4-A,PKR-020,MULTI,UPS 2nd Day Air,GROUND
ORD-1018852,2025-04-24,07:25:24,SKU-03782,2,E-01L-024-4-A,PKR-010,MULTI,UPS Ground,GROUND
ORD-1022473,2025-04-24,07:22:22,SKU-04738,2,A-01R-022-4-B,PKR-004,MULTI,USPS Priority Mail,GROUND
ORD-1017586,2025-04-24,08:12:07,SKU-04328,1,A-02L-021-1-B,PKR-016,SINGLE,FedEx Ground,PRIORITY_2D
ORD-1021751,2025-04-24,08:40:04,SKU-03881,2,B-02R-002-4-A,PKR-013,MULTI,UPS Ground,PRIORITY_2D
ORD-1022599,2025-04-24,21:12:43,SKU-04328,1,A-02L-021-1-B,PKR-008,MULTI,FedEx Ground,GROUND
ORD-1022663,2025-04-24,13:25:55,SKU-01618,2,A-04R-001-2-B,PKR-015,MULTI,FedEx Ground,GROUND
ORD-1016840,2025-04-24,09:25:24,SKU-04328,2,A-02L-021-1-B,PKR-024,MULTI,USPS Priority Mail,GROUND
ORD-1017899,2025-04-24,15:30:24,SKU-04328,1,A-02L-021-1-B,PKR-006,MULTI,USPS Priority Mail,PRIORITY_2D
ORD-1021750,2025-04-24,10:09:24,SKU-04041,2,A-02R-002-2-B,PKR-021,SINGLE,UPS Ground,GROUND
ORD-1019591,2025-04-24,19:47:43,SKU-01019,2,B-03R-014-1-A,PKR-003,SINGLE,FedEx Ground,GROUND
ORD-1022429,2025-04-24,20:33:37,SKU-04328,1,A-02L-021-1-B,PKR-013,MULTI,UPS Ground,GROUND
ORD-1017894,2025-04-24,07:37:55,SKU-03661,2,D-01L-024-4-B,PKR-014,MULTI,UPS 2nd Day Air,GROUND
ORD-1018221,2025-04-24,09:42:43,SKU-02597,2,A-01L-006-4-B,PKR-015,MULTI,FedEx Ground,PRIORITY_2D
ORD-1016715,2025-04-24,07:16:19,SKU-02125,1,A-01R-020-2-B,PKR-028,MULTI,FedEx Ground,GROUND
ORD-1020568,2025-04-24,12:29:19,SKU-04218,2,B-02R-023-4-B,PKR-002,MULTI,FedEx 2Day,GROUND
ORD-1021253,2025-04-24,10:34:56,SKU-02859,2,A-01L-018-3-A,PKR-010,MULTI,USPS Priority Mail,PRIORITY_2D
ORD-1023111,2025-04-24,07:09:44,SKU-03077,2,B-02L-012-4-B,PKR-007,MULTI,UPS Ground,PRIORITY_2D
ORD-1019337,2025-04-24,21:19:23,SKU-00535,1,A-03R-010-2-A,PKR-024,MULTI,USPS Priority Mail,GROUND
ORD-1020939,2025-04-24,08:47:21,SKU-02420,2,B-01L-005-4-B,PKR-014,MULTI,FedEx Ground,GROUND
ORD-1019307,2025-04-24,16:39:04,SKU-02908,2,B-02L-005-3-A,PKR-005,MULTI,USPS Priority Mail,GROUND
ORD-1023754,2025-04-24,13:16:14,SKU-01204,2,A-03R-016-1-B,PKR-010,MULTI,USPS Priority Mail,GROUND
ORD-1018644,2025-04-24,15:20:15,SKU-03881,2,B-02R-002-4-A,PKR-008,MULTI,USPS Priority Mail,GROUND
ORD-1021251,2025-04-24,11:06:36,SKU-03727,2,B-02R-023-4-A,PKR-023,MULTI,FedEx 2Day,GROUND
ORD-1019847,2025-04-24,07:59:13,SKU-04328,1,A-02L-021-1-B,PKR-002,MULTI,FedEx 2Day,GROUND
ORD-1020637,2025-04-24,06:53:20,SKU-04328,2,A-02L-021-1-B,PKR-031,MULTI,UPS 2nd Day Air,PRIORITY_2D
ORD-1019612,2025-04-24,16:31:35,SKU-04041,2,A-02R-002-2-B,PKR-010,MULTI,USPS Priority Mail,GROUND
ORD-1022659,2025-04-24,11:23:10,SKU-02125,2,A-01R-020-2-B,PKR-001,MULTI,USPS Priority Mail,GROUND
ORD-1021935,2025-04-24,19:19:11,SKU-01121,2,B-04R-017-4-A,PKR-010,MULTI,UPS Ground,GROUND
ORD-1016090,2025-04-24,09:15:30,SKU-01552,2,A-04R-001-1-B,PKR-029,MULTI,FedEx Ground,GROUND
ORD-1018655,2025-04-24,12:29:12,SKU-00232,2,B-04R-020-3-A,PKR-013,MULTI,FedEx Ground,STANDARD_OVERNIGHT
ORD-1016682,2025-04-24,08:58:54,SKU-04328,2,A-02L-021-1-B,PKR-015,MULTI,FedEx Ground,GROUND
ORD-1019850,2025-04-24,06:58:52,SKU-02366,2,A-01R-020-4-A,PKR-018,MULTI,UPS Ground,GROUND
ORD-1021634,2025-04-24,07:23:06,SKU-04328,1,A-02L-021-1-B,PKR-021,MULTI,USPS Priority Mail,GROUND
ORD-1023028,2025-04-24,11:09:14,SKU-02973,2,B-01R-015-1-A,PKR-008,MULTI,UPS 2nd Day Air,GROUND
ORD-1017857,2025-04-24,07:18:59,SKU-01339,1,B-04R-005-2-A,PKR-032,SINGLE,UPS Ground,GROUND
ORD-1023838,2025-04-24,07:09:17,SKU-00490,1,C-03L-014-2-A,PKR-004,MULTI,FedEx Ground,GROUND
ORD-1017680,2025-04-24,20:54:15,SKU-02599,2,D-02R-022-1-B,PKR-027,MULTI,FedEx Ground,STANDARD_OVERNIGHT
ORD-1020174,2025-04-24,10:18:20,SKU-02690,2,C-01R-003-5-A,PKR-020,MULTI,UPS Ground,GROUND
ORD-1017696,2025-04-24,11:47:10,SKU-02104,1,B-01R-002-1-A,PKR-028,MULTI,UPS Ground,GROUND
ORD-1022089,2025-04-24,21:53:40,SKU-02609,1,C-01R-013-1-B,PKR-007,MULTI,UPS Ground,GROUND
ORD-1022549,2025-04-24,19:49:04,SKU-03464,2,A-01L-024-5-A,PKR-002,MULTI,FedEx Ground,GROUND
ORD-1022849,2025-04-24,15:07:01,SKU-03167,1,B-02R-025-3-B,PKR-029,MULTI,FedEx Ground,GROUND
ORD-1016753,2025-04-24,18:27:53,SKU-02864,2,D-01L-010-1-B,PKR-015,MULTI,FedEx Ground,GROUND
ORD-1023844,2025-04-24,17:08:03,SKU-04608,2,A-02L-025-1-B,PKR-011,MULTI,FedEx Ground,GROUND
ORD-1021229,2025-04-24,20:30:27,SKU-02913,2,B-01L-015-2-B,PKR-001,MULTI,UPS Ground,GROUND
ORD-1020625,2025-04-24,15:36:50,SKU-00643,2,A-03R-014-2-B,PKR-006,MULTI,UPS Ground,GROUND
ORD-1016922,2025-04-24,19:13:57,SKU-02681,1,A-01R-018-4-B,PKR-012,MULTI,UPS Ground,GROUND
ORD-1020264,2025-04-24,21:03:38,SKU-02085,2,D-02R-008-1-A,PKR-014,MULTI,FedEx Ground,PRIORITY_2D
ORD-1022396,2025-04-24,17:41:13,SKU-04041,1,A-02R-002-2-B,PKR-001,MULTI,FedEx 2Day,GROUND
ORD-1022345,2025-04-24,16:30:14,SKU-00541,2,A-04L-004-4-B,PKR-020,MULTI,UPS Ground,GROUND
ORD-1016824,2025-04-24,17:28:10,SKU-00087,1,A-04L-011-4-A,PKR-024,MULTI,UPS 2nd Day Air,GROUND
ORD-1022752,2025-04-24,13:20:14,SKU-01440,2,A-03L-011-3-B,PKR-005,MULTI,UPS Ground,GROUND
ORD-1022155,2025-04-24,07:39:01,SKU-04328,2,A-02L-021-1-B,PKR-005,MULTI,FedEx Ground,GROUND
ORD-1022941,2025-04-24,21:06:48,SKU-02125,1,A-01R-020-2-B,PKR-020,MULTI,FedEx Ground,GROUND
ORD-1019149,2025-04-24,16:55:44,SKU-00358,1,A-03L-008-1-B,PKR-025,MULTI,UPS Ground,STANDARD_OVERNIGHT
ORD-1019619,2025-04-24,20:11:44,SKU-02125,2,A-01R-020-2-B,PKR-016,MULTI,UPS Ground,GROUND
ORD-1016090,2025-04-24,09:15:30,SKU-04328,2,A-02L-021-1-B,PKR-029,MULTI,FedEx Ground,GROUND
ORD-1023544,2025-04-24,09:26:30,SKU-04623,2,B-01R-007-5-A,PKR-029,MULTI,USPS Priority Mail,GROUND
ORD-1020333,2025-04-24,07:23:25,SKU-03705,1,A-02L-025-2-A,PKR-019,MULTI,FedEx 2Day,GROUND
ORD-1019820,2025-04-24,06:09:51,SKU-00446,2,B-04L-006-4-A,PKR-024,MULTI,USPS Priority Mail,PRIORITY_2D
ORD-1018525,2025-04-24,16:28:32,SKU-02939,2,A-02R-016-5-A,PKR-007,SINGLE,UPS Ground,GROUND
ORD-1020936,2025-04-24,09:51:23,SKU-01741,1,B-04R-012-2-A,PKR-013,MULTI,FedEx Ground,GROUND
ORD-1016148,2025-04-24,10:30:28,SKU-01339,2,B-04R-005-2-A,PKR-028,MULTI,UPS Ground,PRIORITY_2D
ORD-1021223,2025-04-24,17:49:41,SKU-01625,2,D-03L-008-1-B,PKR-004,MULTI,FedEx Ground,GROUND
ORD-1016299,2025-04-24,13:37:47,SKU-03345,1,C-01R-004-4-A,PKR-018,MULTI,USPS Priority Mail,GROUND
ORD-1023741,2025-04-24,08:38:03,SKU-02913,2,B-01L-015-2-B,PKR-018,MULTI,FedEx 2Day,GROUND
ORD-1018516,2025-04-24,08:23:58,SKU-02366,2,A-01R-020-4-A,PKR-020,MULTI,FedEx Ground,GROUND
ORD-1023128,2025-04-24,11:01:39,SKU-02209,2,A-02L-020-1-A,PKR-003,MULTI,UPS Ground,GROUND
ORD-1018247,2025-04-24,15:17:01,SKU-00218,1,E-03R-016-4-A,PKR-014,MULTI,FedEx 2Day,GROUND
ORD-1022955,2025-04-24,08:51:27,SKU-02150,1,C-02R-006-4-B,PKR-021,MULTI,FedEx Ground,STANDARD_OVERNIGHT
ORD-1022193,2025-04-24,09:26:40,SKU-04733,1,A-01R-018-1-A,PKR-021,MULTI,FedEx 2Day,GROUND
ORD-1020008,2025-04-24,08:40:37,SKU-02859,1,A-01L-018-3-A,PKR-008,MULTI,USPS Priority Mail,GROUND
ORD-1021286,2025-04-24,09:10:26,SKU-02034,2,A-02L-014-4-B,PKR-020,MULTI,USPS Priority Mail,GROUND
ORD-1021936,2025-04-24,16:36:32,SKU-02316,2,A-02L-026-1-A,PKR-032,MULTI,FedEx Ground,PRIORITY_2D
ORD-1020980,2025-04-24,12:16:03,SKU-03164,1,A-02L-018-4-A,PKR-011,MULTI,FedEx Ground,GROUND
ORD-1018860,2025-04-24,14:55:06,SKU-01121,2,B-04R-017-4-A,PKR-003,MULTI,FedEx Ground,PRIORITY_2D
ORD-1019500,2025-04-24,10:08:43,SKU-02043,1,A-02L-003-4-B,PKR-029,MULTI,USPS Priority Mail,GROUND
ORD-1023884,2025-04-24,14:11:18,SKU-01852,2,E-04R-018-2-A,PKR-004,MULTI,UPS Ground,PRIORITY_2D
ORD-1020516,2025-04-24,13:49:17,SKU-00120,2,D-03L-019-3-A,PKR-014,MULTI,FedEx Ground,GROUND
ORD-1019249,2025-04-24,09:35:13,SKU-02609,1,C-01R-013-1-B,PKR-021,SINGLE,FedEx Ground,STANDARD_OVERNIGHT
ORD-1020672,2025-04-24,08:04:40,SKU-01985,2,A-04R-016-3-B,PKR-031,MULTI,USPS Priority Mail,PRIORITY_2D
ORD-1021645,2025-04-24,21:20:48,SKU-02586,1,A-02R-026-3-A,PKR-012,MULTI,FedEx Ground,GROUND
ORD-1022822,2025-04-24,16:57:49,SKU-04604,2,A-02R-011-2-A,PKR-001,MULTI,FedEx Ground,GROUND
ORD-1019190,2025-04-24,18:42:33,SKU-04665,2,A-01R-021-5-A,PKR-024,MULTI,UPS Ground,GROUND
ORD-1023136,2025-04-24,14:35:55,SKU-02913,1,B-01L-015-2-B,PKR-018,MULTI,FedEx 2Day,GROUND
ORD-1017435,2025-04-24,14:28:16,SKU-04964,1,B-02R-019-1-A,PKR-012,SINGLE,UPS Ground,GROUND
ORD-1017409,2025-04-24,11:00:56,SKU-02585,2,A-01R-012-4-A,PKR-022,MULTI,UPS 2nd Day Air,GROUND
ORD-1016929,2025-04-24,09:04:45,SKU-03881,2,B-02R-002-4-A,PKR-023,MULTI,UPS Ground,PRIORITY_2D
ORD-1016495,2025-04-24,13:53:34,SKU-04041,2,A-02R-002-2-B,PKR-021,MULTI,FedEx Ground,GROUND
ORD-1019541,2025-04-24,13:09:06,SKU-02125,2,A-01R-020-2-B,PKR-026,MULTI,UPS Ground,GROUND
ORD-1022871,2025-04-24,20:12:07,SKU-03307,1,C-02R-019-5-B,PKR-014,MULTI,FedEx Ground,GROUND
ORD-1018192,2025-04-24,08:41:39,SKU-03823,2,C-02R-020-1-B,PKR-029,MULTI,UPS 2nd Day Air,GROUND
ORD-1018418,2025-04-24,20:20:08,SKU-02363,1,A-01R-022-2-A,PKR-014,MULTI,USPS Priority Mail,GROUND
ORD-1016266,2025-04-24,16:55:20,SKU-02530,1,C-01R-017-4-A,PKR-008,MULTI,UPS Ground,GROUND
ORD-1021356,2025-04-24,06:03:23,SKU-04328,2,A-02L-021-1-B,PKR-024,MULTI,USPS Priority Mail,GROUND
ORD-1018929,2025-04-24,09:54:44,SKU-04404,2,E-02L-016-1-B,PKR-003,MULTI,USPS Priority Mail,PRIORITY_2D
ORD-1016141,2025-04-24,13:59:28,SKU-03823,2,C-02R-020-1-B,PKR-008,MULTI,FedEx Ground,GROUND
ORD-1016226,2025-04-24,20:45:11,SKU-00150,2,B-03L-004-2-A,PKR-028,MULTI,FedEx 2Day,GROUND
ORD-1023320,2025-04-24,21:51:38,SKU-03517,1,D-02R-002-1-B,PKR-002,MULTI,UPS Ground,PRIORITY_2D
ORD-1016100,2025-04-24,18:07:09,SKU-02480,2,A-02R-005-1-B,PKR-018,MULTI,FedEx Ground,GROUND
ORD-1017120,2025-04-24,20:38:57,SKU-04513,1,D-02L-019-4-A,PKR-013,MULTI,UPS Ground,GROUND
ORD-1022288,2025-04-24,08:08:18,SKU-02588,2,C-02L-014-3-B,PKR-006,MULTI,FedEx Ground,GROUND
ORD-1018650,2025-04-24,08:02:47,SKU-02908,1,B-02L-005-3-A,PKR-030,MULTI,UPS Ground,PRIORITY_2D
ORD-1021356,2025-04-24,06:03:23,SKU-04041,2,A-02R-002-2-B,PKR-024,MULTI,USPS Priority Mail,GROUND
ORD-1020865,2025-04-24,18:31:35,SKU-02584,1,A-02L-003-1-B,PKR-019,MULTI,FedEx Ground,STANDARD_OVERNIGHT
ORD-1018464,2025-04-24,18:08:35,SKU-04278,2,A-01L-026-4-B,PKR-031,SINGLE,USPS Priority Mail,GROUND
ORD-1019736,2025-04-24,10:54:07,SKU-02884,2,D-01R-008-3-B,PKR-025,MULTI,USPS Priority Mail,GROUND
ORD-1023225,2025-04-24,14:48:21,SKU-00376,2,B-04L-004-2-B,PKR-020,MULTI,UPS Ground,GROUND
ORD-1019144,2025-04-24,15:40:50,SKU-04731,2,C-01L-022-5-B,PKR-014,MULTI,USPS Priority Mail,GROUND
ORD-1022016,2025-04-24,19:28:37,SKU-01562,2,B-04L-001-3-B,PKR-017,MULTI,USPS Priority Mail,PRIORITY_2D
ORD-1016767,2025-04-24,09:32:11,SKU-01652,1,B-04R-013-1-B,PKR-031,MULTI,USPS Priority Mail,GROUND
ORD-1016511,2025-04-24,11:06:47,SKU-01552,2,A-04R-001-1-B,PKR-016,MULTI,FedEx Ground,GROUND
ORD-1021112,2025-04-24,08:17:40,SKU-01331,2,A-03R-003-4-B,PKR-025,MULTI,UPS Ground,GROUND
ORD-1021748,2025-04-24,19:53:16,SKU-02913,2,B-01L-015-2-B,PKR-026,MULTI,UPS Ground,GROUND
ORD-1020139,2025-04-24,11:41:40,SKU-04608,2,A-02L-025-1-B,PKR-028,MULTI,USPS Priority Mail,PRIORITY_2D
ORD-1022924,2025-04-24,14:54:40,SKU-00724,2,E-04R-005-3-A,PKR-018,MULTI,FedEx Ground,GROUND
ORD-1018940,2025-04-24,13:27:53,SKU-01652,2,B-04R-013-1-B,PKR-003,SINGLE,FedEx Ground,GROUND
ORD-1020039,2025-04-24,19:13:19,SKU-01170,1,A-03L-002-3-B,PKR-005,MULTI,FedEx Ground,GROUND
ORD-1016102,2025-04-24,11:48:06,SKU-04328,2,A-02L-021-1-B,PKR-027,MULTI,UPS Ground,GROUND
ORD-1023932,2025-04-24,18:25:00,SKU-03250,2,A-01R-001-3-A,PKR-022,MULTI,FedEx Ground,GROUND
ORD-1016384,2025-04-24,12:23:08,SKU-04328,2,A-02L-021-1-B,PKR-021,MULTI,FedEx Ground,GROUND
ORD-1022396,2025-04-24,17:41:13,SKU-01103,2,B-04R-009-1-B,PKR-001,MULTI,FedEx 2Day,GROUND
ORD-1016469,2025-04-24,08:35:19,SKU-04328,1,A-02L-021-1-B,PKR-021,MULTI,FedEx 2Day,STANDARD_OVERNIGHT
ORD-1023215,2025-04-24,09:38:19,SKU-03727,2,B-02R-023-4-A,PKR-013,MULTI,FedEx 2Day,PRIORITY_2D
ORD-1018947,2025-04-24,18:34:07,SKU-00513,2,B-04R-019-2-A,PKR-011,MULTI,USPS Priority Mail,GROUND
ORD-1017453,2025-04-24,14:03:16,SKU-00831,2,A-03R-004-3-B,PKR-016,MULTI,USPS Priority Mail,PRIORITY_2D
ORD-1020733,2025-04-24,08:11:45,SKU-02796,1,A-02L-004-2-B,PKR-010,SINGLE,UPS Ground,GROUND
ORD-1017927,2025-04-24,11:01:45,SKU-02205,2,D-01R-021-2-A,PKR-001,MULTI,UPS Ground,GROUND
ORD-1022164,2025-04-24,08:48:43,SKU-04328,2,A-02L-021-1-B,PKR-010,MULTI,FedEx 2Day,GROUND
ORD-1022514,2025-04-24,13:34:58,SKU-04593,2,B-01L-024-3-A,PKR-003,MULTI,FedEx Ground,STANDARD_OVERNIGHT
ORD-1018195,2025-04-24,20:56:46,SKU-01204,2,A-03R-016-1-B,PKR-009,MULTI,FedEx Ground,GROUND
ORD-1016665,2025-04-24,20:45:40,SKU-04782,2,C-01L-004-3-A,PKR-023,MULTI,FedEx Ground,GROUND
ORD-1018711,2025-04-24,19:39:25,SKU-00475,2,D-04R-012-3-A,PKR-012,MULTI,UPS Ground,PRIORITY_2D
ORD-1017160,2025-04-24,16:23:35,SKU-02125,2,A-01R-020-2-B,PKR-025,MULTI,FedEx Ground,GROUND
ORD-1016849,2025-04-24,11:56:59,SKU-01593,2,A-03L-001-4-A,PKR-024,MULTI,UPS Ground,GROUND
ORD-1023205,2025-04-24,20:40:26,SKU-02264,2,B-02R-017-3-B,PKR-016,MULTI,USPS Priority Mail,GROUND
ORD-1018367,2025-04-24,14:16:50,SKU-04041,2,A-02R-002-2-B,PKR-015,MULTI,UPS 2nd Day Air,GROUND
ORD-1016904,2025-04-24,21:04:01,SKU-02699,2,C-01L-007-2-B,PKR-007,MULTI,UPS Ground,GROUND
ORD-1021159,2025-04-24,19:08:21,SKU-01331,2,A-03R-003-4-B,PKR-023,MULTI,UPS Ground,STANDARD_OVERNIGHT
ORD-1018644,2025-04-24,15:20:15,SKU-02859,2,A-01L-018-3-A,PKR-008,MULTI,USPS Priority Mail,GROUND
ORD-1016923,2025-04-24,19:49:43,SKU-01159,2,D-04L-017-3-B,PKR-026,MULTI,USPS Priority Mail,GROUND
ORD-1021280,2025-04-24,14:05:23,SKU-00898,2,A-04R-013-2-B,PKR-032,MULTI,UPS Ground,PRIORITY_2D
ORD-1018043,2025-04-24,09:07:57,SKU-00872,2,A-04L-005-1-A,PKR-024,MULTI,FedEx Ground,GROUND
ORD-1023680,2025-04-24,14:24:14,SKU-04538,2,A-01R-001-1-B,PKR-019,MULTI,USPS Priority Mail,PRIORITY_2D
ORD-1023602,2025-04-24,06:02:48,SKU-01490,2,B-04R-009-1-A,PKR-001,MULTI,USPS Priority Mail,GROUND
ORD-1018903,2025-04-24,14:35:57,SKU-02143,1,C-01L-001-3-A,PKR-025,MULTI,FedEx Ground,GROUND
ORD-1022254,2025-04-24,13:23:45,SKU-02609,1,C-01R-013-1-B,PKR-020,MULTI,FedEx Ground,GROUND
ORD-1020658,2025-04-24,11:12:32,SKU-04328,2,A-02L-021-1-B,PKR-032,MULTI,UPS Ground,GROUND
ORD-1020340,2025-04-24,17:49:39,SKU-02252,1,B-02R-025-2-A,PKR-017,MULTI,USPS Priority Mail,GROUND
ORD-1019654,2025-04-24,20:19:18,SKU-00542,1,A-04R-018-2-A,PKR-031,MULTI,FedEx 2Day,GROUND
ORD-1022682,2025-04-24,10:23:19,SKU-01204,2,A-03R-016-1-B,PKR-025,MULTI,USPS Priority Mail,STANDARD_OVERNIGHT
ORD-1018111,2025-04-24,07:29:13,SKU-01204,1,A-03R-016-1-B,PKR-019,MULTI,USPS Priority Mail,GROUND
ORD-1021206,2025-04-24,11:42:56,SKU-04133,1,A-02L-023-4-B,PKR-029,MULTI,UPS 2nd Day Air,GROUND
ORD-1017111,2025-04-24,15:45:07,SKU-01040,1,B-04R-019-4-A,PKR-021,MULTI,USPS Priority Mail,GROUND
ORD-1016693,2025-04-24,13:10:12,SKU-02829,2,E-01L-008-5-B,PKR-018,MULTI,UPS Ground,PRIORITY_2D
ORD-1023855,2025-04-24,12:35:39,SKU-04789,1,C-01L-019-4-A,PKR-020,MULTI,FedEx Ground,GROUND
ORD-1018002,2025-04-24,15:43:32,SKU-01204,2,A-03R-016-1-B,PKR-020,MULTI,FedEx Ground,PRIORITY_2D
ORD-1023753,2025-04-24,19:53:31,SKU-02585,2,A-01R-012-4-A,PKR-015,MULTI,USPS Priority Mail,GROUND
ORD-1019058,2025-04-24,11:07:15,SKU-00167,2,A-03L-015-1-A,PKR-029,MULTI,UPS Ground,PRIORITY_2D
ORD-1023959,2025-04-24,11:26:30,SKU-00397,2,C-04L-006-4-A,PKR-001,MULTI,FedEx Ground,GROUND
ORD-1018170,2025-04-24,07:11:26,SKU-04328,1,A-02L-021-1-B,PKR-021,MULTI,UPS Ground,GROUND
ORD-1029508,2025-04-25,16:12:06,SKU-00733,1,A-04R-005-1-B,PKR-013,MULTI,UPS Ground,GROUND
ORD-1026049,2025-04-25,11:57:39,SKU-04707,2,B-01L-019-4-B,PKR-002,MULTI,FedEx Ground,GROUND
ORD-1030415,2025-04-25,07:36:54,SKU-00474,1,C-04L-011-2-A,PKR-002,MULTI,USPS Priority Mail,GROUND
ORD-1031148,2025-04-25,17:45:35,SKU-00006,2,E-04R-007-1-B,PKR-017,MULTI,UPS Ground,GROUND
ORD-1025575,2025-04-25,16:07:41,SKU-01685,2,D-03L-019-2-B,PKR-012,MULTI,FedEx Ground,GROUND
ORD-1025190,2025-04-25,14:14:53,SKU-04608,2,A-02L-025-1-B,PKR-008,MULTI,FedEx Ground,GROUND
ORD-1028369,2025-04-25,10:49:21,SKU-00562,1,D-04L-015-4-A,PKR-017,MULTI,FedEx Ground,PRIORITY_2D
ORD-1025371,2025-04-25,06:27:18,SKU-04608,2,A-02L-025-1-B,PKR-017,MULTI,UPS Ground,PRIORITY_2D
ORD-1028746,2025-04-25,16:58:40,SKU-02473,2,D-01L-012-3-B,PKR-026,MULTI,UPS Ground,GROUND
ORD-1026127,2025-04-25,11:06:38,SKU-03179,2,E-01R-011-5-B,PKR-003,MULTI,UPS Ground,GROUND
ORD-1028759,2025-04-25,21:13:13,SKU-00251,2,B-03R-014-3-B,PKR-029,MULTI,UPS Ground,GROUND
ORD-1027182,2025-04-25,16:59:40,SKU-04041,2,A-02R-002-2-B,PKR-004,MULTI,FedEx 2Day,PRIORITY_2D
ORD-1028261,2025-04-25,08:59:07,SKU-03823,2,C-02R-020-1-B,PKR-027,MULTI,UPS Ground,STANDARD_OVERNIGHT
ORD-1025464,2025-04-25,15:51:59,SKU-03049,2,C-02L-003-4-A,PKR-017,MULTI,FedEx Ground,GROUND
ORD-1029116,2025-04-25,20:08:55,SKU-02609,2,C-01R-013-1-B,PKR-031,MULTI,FedEx 2Day,PRIORITY_2D
ORD-1026751,2025-04-25,17:33:09,SKU-02660,1,D-01L-004-3-B,PKR-008,MULTI,USPS Priority Mail,GROUND
ORD-1025687,2025-04-25,10:02:06,SKU-04608,1,A-02L-025-1-B,PKR-019,MULTI,FedEx Ground,GROUND
ORD-1028972,2025-04-25,17:29:34,SKU-02641,2,D-02R-014-2-B,PKR-028,MULTI,USPS Priority Mail,GROUND
ORD-1027270,2025-04-25,13:34:46,SKU-04116,1,B-02L-002-3-A,PKR-014,MULTI,UPS Ground,GROUND
ORD-1030845,2025-04-25,12:24:27,SKU-01710,1,C-03R-005-1-A,PKR-009,MULTI,UPS Ground,GROUND
ORD-1028418,2025-04-25,06:55:45,SKU-04328,1,A-02L-021-1-B,PKR-016,MULTI,UPS Ground,GROUND
ORD-1028672,2025-04-25,09:36:00,SKU-04632,2,E-01L-014-5-B,PKR-020,MULTI,FedEx Ground,PRIORITY_2D
ORD-1028065,2025-04-25,20:18:20,SKU-04370,1,A-02R-026-5-A,PKR-003,MULTI,UPS Ground,GROUND
ORD-1027458,2025-04-25,12:31:28,SKU-00356,2,A-04R-017-1-B,PKR-023,MULTI,FedEx Ground,GROUND
ORD-1031923,2025-04-25,11:08:38,SKU-01019,1,B-03R-014-1-A,PKR-017,MULTI,FedEx Ground,GROUND
ORD-1029750,2025-04-25,17:54:14,SKU-04247,2,B-01R-022-4-B,PKR-029,MULTI,UPS Ground,GROUND
ORD-1026591,2025-04-25,10:30:32,SKU-04420,1,A-01R-009-3-B,PKR-031,MULTI,UPS Ground,GROUND
ORD-1030378,2025-04-25,21:00:20,SKU-02585,1,A-01R-012-4-A,PKR-013,MULTI,USPS Priority Mail,GROUND
ORD-1030069,2025-04-25,16:27:12,SKU-02147,2,E-01L-006-5-B,PKR-031,MULTI,FedEx Ground,GROUND
ORD-1024417,2025-04-25,17:53:33,SKU-04328,2,A-02L-021-1-B,PKR-017,MULTI,UPS Ground,GROUND
ORD-1031017,2025-04-25,11:30:12,SKU-02034,1,A-02L-014-4-B,PKR-010,MULTI,UPS Ground,GROUND
ORD-1026042,2025-04-25,17:29:14,SKU-00037,2,A-03L-004-3-A,PKR-006,MULTI,FedEx Ground,GROUND
ORD-1026916,2025-04-25,21:24:41,SKU-02404,2,A-01R-019-4-B,PKR-011,MULTI,USPS Priority Mail,GROUND
ORD-1026775,2025-04-25,16:02:54,SKU-03018,2,C-02L-015-3-B,PKR-024,MULTI,FedEx Ground,GROUND
ORD-1025427,2025-04-25,16:32:19,SKU-00031,1,B-04L-006-4-B,PKR-032,MULTI,FedEx Ground,STANDARD_OVERNIGHT
ORD-1029189,2025-04-25,16:07:26,SKU-00447,1,A-04L-008-2-A,PKR-006,MULTI,UPS 2nd Day Air,GROUND
ORD-1031756,2025-04-25,12:44:08,SKU-03727,2,B-02R-023-4-A,PKR-008,MULTI,USPS Priority Mail,GROUND
ORD-1024614,2025-04-25,09:42:52,SKU-04791,1,E-01L-001-1-B,PKR-013,MULTI,UPS 2nd Day Air,GROUND
ORD-1024584,2025-04-25,21:23:17,SKU-02585,1,A-01R-012-4-A,PKR-027,MULTI,FedEx Ground,PRIORITY_2D
ORD-1027632,2025-04-25,16:28:55,SKU-01675,2,E-04R-001-2-A,PKR-009,MULTI,USPS Priority Mail,GROUND
ORD-1029853,2025-04-25,19:16:06,SKU-03808,2,C-02L-018-2-A,PKR-008,MULTI,FedEx Ground,PRIORITY_2D
ORD-1026678,2025-04-25,19:56:49,SKU-02679,2,B-02R-015-2-A,PKR-004,MULTI,UPS Ground,GROUND
ORD-1026933,2025-04-25,19:55:15,SKU-04041,2,A-02R-002-2-B,PKR-008,SINGLE,UPS Ground,GROUND
ORD-1024879,2025-04-25,14:38:44,SKU-02105,1,A-01R-009-2-A,PKR-017,MULTI,UPS 2nd Day Air,GROUND
ORD-1031074,2025-04-25,07:04:50,SKU-03496,1,B-01R-016-5-B,PKR-002,MULTI,FedEx 2Day,STANDARD_OVERNIGHT
ORD-1026852,2025-04-25,09:10:08,SKU-04768,2,A-01R-021-2-A,PKR-025,MULTI,UPS Ground,GROUND
ORD-1024458,2025-04-25,08:17:51,SKU-03554,2,C-02L-010-3-A,PKR-023,MULTI,FedEx Ground,PRIORITY_2D
ORD-1028695,2025-04-25,15:56:37,SKU-02584,1,A-02L-003-1-B,PKR-032,MULTI,UPS Ground,GROUND
ORD-1028132,2025-04-25,09:28:04,SKU-01331,2,A-03R-003-4-B,PKR-027,SINGLE,FedEx Ground,GROUND
ORD-1028922,2025-04-25,15:50:53,SKU-02469,1,A-01R-018-3-A,PKR-021,MULTI,FedEx 2Day,GROUND
ORD-1027136,2025-04-25,06:55:45,SKU-04328,1,A-02L-021-1-B,PKR-013,MULTI,UPS Ground,PRIORITY_2D
ORD-1031766,2025-04-25,18:59:45,SKU-00872,2,A-04L-005-1-A,PKR-002,MULTI,FedEx 2Day,GROUND
ORD-1024682,2025-04-25,09:59:09,SKU-00872,2,A-04L-005-1-A,PKR-030,MULTI,UPS Ground,PRIORITY_2D
ORD-1024146,2025-04-25,12:36:02,SKU-04328,1,A-02L-021-1-B,PKR-015,MULTI,FedEx Ground,GROUND
ORD-1031614,2025-04-25,20:02:57,SKU-04457,2,A-01L-020-2-B,PKR-032,MULTI,FedEx 2Day,GROUND
ORD-1031264,2025-04-25,16:09:28,SKU-04538,1,A-01R-001-1-B,PKR-029,MULTI,FedEx Ground,GROUND
ORD-1024405,2025-04-25,08:04:12,SKU-04708,1,C-02L-004-5-A,PKR-009,MULTI,FedEx Ground,GROUND
ORD-1030404,2025-04-25,06:10:15,SKU-04940,1,C-02L-001-4-B,PKR-016,MULTI,UPS Ground,GROUND
ORD-1025308,2025-04-25,15:25:43,SKU-04328,2,A-02L-021-1-B,PKR-012,MULTI,UPS 2nd Day Air,GROUND
ORD-1029309,2025-04-25,08:42:47,SKU-04328,1,A-02L-021-1-B,PKR-014,MULTI,FedEx 2Day,GROUND
ORD-1030331,2025-04-25,11:23:39,SKU-01700,1,D-03L-002-1-A,PKR-010,MULTI,FedEx 2Day,GROUND
ORD-1024571,2025-04-25,06:45:49,SKU-04733,2,A-01R-018-1-A,PKR-004,MULTI,FedEx Ground,GROUND
ORD-1029088,2025-04-25,18:08:22,SKU-01753,1,A-03L-010-3-A,PKR-029,MULTI,FedEx Ground,GROUND
ORD-1030887,2025-04-25,06:43:28,SKU-04467,1,C-02L-025-2-B,PKR-026,MULTI,UPS 2nd Day Air,PRIORITY_2D
ORD-1026690,2025-04-25,09:48:38,SKU-01056,1,C-04R-013-4-A,PKR-001,MULTI,UPS Ground,GROUND
ORD-1027807,2025-04-25,17:48:39,SKU-02585,1,A-01R-012-4-A,PKR-032,MULTI,FedEx Ground,GROUND
ORD-1030801,2025-04-25,13:14:45,SKU-00063,1,C-04L-014-4-A,PKR-032,MULTI,USPS Priority Mail,GROUND
ORD-1025031,2025-04-25,16:08:44,SKU-04328,2,A-02L-021-1-B,PKR-002,MULTI,UPS Ground,STANDARD_OVERNIGHT
ORD-1025575,2025-04-25,16:07:41,SKU-04041,2,A-02R-002-2-B,PKR-012,MULTI,FedEx Ground,GROUND
ORD-1031156,2025-04-25,18:59:19,SKU-04041,2,A-02R-002-2-B,PKR-024,MULTI,UPS Ground,STANDARD_OVERNIGHT
ORD-1031955,2025-04-25,16:00:58,SKU-02856,1,D-02R-018-5-B,PKR-018,MULTI,FedEx Ground,PRIORITY_2D
ORD-1028329,2025-04-25,06:49:53,SKU-02366,1,A-01R-020-4-A,PKR-026,MULTI,USPS Priority Mail,STANDARD_OVERNIGHT
ORD-1031831,2025-04-25,19:17:28,SKU-02908,2,B-02L-005-3-A,PKR-002,MULTI,USPS Priority Mail,GROUND
ORD-1024447,2025-04-25,18:04:12,SKU-00512,2,A-04R-012-3-A,PKR-013,MULTI,UPS Ground,GROUND
ORD-1026115,2025-04-25,15:32:46,SKU-02303,1,C-01R-022-3-A,PKR-032,MULTI,UPS Ground,GROUND
ORD-1025987,2025-04-25,11:48:34,SKU-00468,2,E-04L-013-4-B,PKR-020,MULTI,USPS Priority Mail,GROUND
ORD-1030430,2025-04-25,18:26:59,SKU-00017,1,B-03R-001-4-B,PKR-027,MULTI,UPS Ground,STANDARD_OVERNIGHT
ORD-1028375,2025-04-25,16:37:41,SKU-00733,2,A-04R-005-1-B,PKR-026,MULTI,UPS Ground,GROUND
ORD-1027662,2025-04-25,20:21:20,SKU-01204,2,A-03R-016-1-B,PKR-012,MULTI,UPS Ground,GROUND
ORD-1024164,2025-04-25,15:37:38,SKU-02908,2,B-02L-005-3-A,PKR-016,MULTI,UPS Ground,GROUND
ORD-1025428,2025-04-25,15:50:48,SKU-04528,2,B-02R-014-3-B,PKR-032,MULTI,USPS Priority Mail,GROUND
ORD-1024825,2025-04-25,08:04:17,SKU-02140,2,B-01R-020-2-B,PKR-009,MULTI,FedEx Ground,GROUND
ORD-1025670,2025-04-25,19:36:19,SKU-02366,2,A-01R-020-4-A,PKR-011,MULTI,USPS Priority Mail,GROUND
ORD-1030233,2025-04-25,15:33:07,SKU-03727,2,B-02R-023-4-A,PKR-027,MULTI,FedEx 2Day,PRIORITY_2D
ORD-1030100,2025-04-25,18:39:44,SKU-00775,1,A-03R-002-3-B,PKR-010,MULTI,USPS Priority Mail,GROUND
ORD-1031172,2025-04-25,21:47:38,SKU-01490,2,B-04R-009-1-A,PKR-028,MULTI,USPS Priority Mail,GROUND
ORD-1028345,2025-04-25,14:33:04,SKU-04692,1,D-02L-007-5-A,PKR-017,MULTI,UPS Ground,STANDARD_OVERNIGHT
ORD-1026146,2025-04-25,20:13:37,SKU-03748,2,C-01R-004-4-B,PKR-020,MULTI,FedEx Ground,GROUND
ORD-1025441,2025-04-25,20:41:57,SKU-01138,1,E-03R-011-2-A,PKR-009,MULTI,UPS Ground,GROUND
ORD-1024061,2025-04-25,15:01:49,SKU-04328,1,A-02L-021-1-B,PKR-005,MULTI,USPS Priority Mail,GROUND
ORD-1026278,2025-04-25,08:16:48,SKU-02681,2,A-01R-018-4-B,PKR-004,MULTI,USPS Priority Mail,GROUND
ORD-1027795,2025-04-25,21:46:10,SKU-03748,2,C-01R-004-4-B,PKR-009,MULTI,USPS Priority Mail,GROUND
ORD-1025085,2025-04-25,15:10:01,SKU-04328,1,A-02L-021-1-B,PKR-023,MULTI,UPS Ground,GROUND
ORD-1024056,2025-04-25,07:43:31,SKU-02775,2,C-01R-023-3-A,PKR-023,MULTI,UPS Ground,GROUND
ORD-1027349,2025-04-25,20:42:38,SKU-02078,2,C-01L-006-2-A,PKR-004,MULTI,FedEx Ground,GROUND
ORD-1025976,2025-04-25,19:00:54,SKU-02609,1,C-01R-013-1-B,PKR-018,MULTI,FedEx Ground,PRIORITY_2D
ORD-1030062,2025-04-25,21:56:36,SKU-00839,2,B-04R-011-4-B,PKR-010,MULTI,FedEx 2Day,STANDARD_OVERNIGHT
ORD-1024966,2025-04-25,07:22:01,SKU-02772,2,A-02R-012-5-A,PKR-005,MULTI,USPS Priority Mail,GROUND
ORD-1024423,2025-04-25,17:38:12,SKU-00838,1,A-03L-009-1-B,PKR-026,MULTI,FedEx Ground,GROUND
ORD-1026668,2025-04-25,11:01:28,SKU-02366,1,A-01R-020-4-A,PKR-022,MULTI,UPS Ground,GROUND
ORD-1029122,2025-04-25,09:01:01,SKU-04608,1,A-02L-025-1-B,PKR-003,MULTI,USPS Priority Mail,GROUND
ORD-1024928,2025-04-25,14:28:30,SKU-01949,2,B-03R-007-3-A,PKR-029,MULTI,UPS Ground,GROUND
ORD-1030365,2025-04-25,21:39:08,SKU-00026,1,A-03R-009-1-B,PKR-010,MULTI,USPS Priority Mail,GROUND
ORD-1028113,2025-04-25,19:54:21,SKU-04878,2,B-01R-016-3-B,PKR-002,MULTI,FedEx 2Day,GROUND
ORD-1027100,2025-04-25,21:10:05,SKU-02319,2,B-02R-022-4-B,PKR-007,MULTI,USPS Priority Mail,PRIORITY_2D
ORD-1025555,2025-04-25,14:55:11,SKU-02699,1,C-01L-007-2-B,PKR-008,MULTI,UPS Ground,STANDARD_OVERNIGHT
ORD-1024041,2025-04-25,09:58:00,SKU-00046,2,B-03L-005-2-A,PKR-017,MULTI,FedEx Ground,GROUND
ORD-1031351,2025-04-25,17:06:08,SKU-03727,1,B-02R-023-4-A,PKR-007,MULTI,FedEx Ground,PRIORITY_2D
ORD-1024003,2025-04-25,07:37:04,SKU-00872,2,A-04L-005-1-A,PKR-005,MULTI,UPS Ground,PRIORITY_2D
ORD-1027652,2025-04-25,08:16:47,SKU-02653,2,A-01R-014-3-B,PKR-002,MULTI,UPS Ground,GROUND
ORD-1028680,2025-04-25,20:48:08,SKU-03381,1,C-02L-015-5-B,PKR-008,MULTI,USPS Priority Mail,GROUND
ORD-1026386,2025-04-25,10:08:50,SKU-02850,2,A-01R-014-5-A,PKR-011,MULTI,FedEx Ground,GROUND
ORD-1028684,2025-04-25,07:33:33,SKU-04267,1,B-01L-001-4-A,PKR-032,MULTI,UPS Ground,GROUND
ORD-1028263,2025-04-25,07:27:26,SKU-02908,2,B-02L-005-3-A,PKR-003,MULTI,FedEx Ground,GROUND
ORD-1031736,2025-04-25,09:27:42,SKU-03077,2,B-02L-012-4-B,PKR-007,MULTI,UPS Ground,GROUND
ORD-1031032,2025-04-25,11:58:44,SKU-04875,2,B-02R-023-5-B,PKR-031,MULTI,UPS Ground,GROUND
ORD-1030906,2025-04-25,10:35:15,SKU-00942,2,A-04R-009-4-B,PKR-026,MULTI,FedEx Ground,GROUND
ORD-1024189,2025-04-25,18:51:22,SKU-00798,2,B-03L-016-4-B,PKR-016,MULTI,UPS Ground,PRIORITY_2D
ORD-1030771,2025-04-25,16:15:56,SKU-00838,1,A-03L-009-1-B,PKR-018,MULTI,UPS Ground,PRIORITY_2D
ORD-1027404,2025-04-25,09:13:11,SKU-01453,1,C-03L-010-4-B,PKR-023,MULTI,UPS Ground,GROUND
ORD-1031913,2025-04-25,08:52:05,SKU-00132,2,A-04R-016-4-B,PKR-017,MULTI,FedEx 2Day,GROUND
ORD-1024821,2025-04-25,12:56:45,SKU-00447,2,A-04L-008-2-A,PKR-019,MULTI,USPS Priority Mail,GROUND
ORD-1029928,2025-04-25,17:50:41,SKU-04523,2,A-02L-024-2-B,PKR-029,MULTI,UPS Ground,GROUND
ORD-1030399,2025-04-25,12:48:26,SKU-03954,2,A-01R-024-2-B,PKR-032,MULTI,USPS Priority Mail,STANDARD_OVERNIGHT
ORD-1029844,2025-04-25,10:49:32,SKU-01463,2,A-04L-004-3-B,PKR-010,MULTI,UPS Ground,PRIORITY_2D
ORD-1027067,2025-04-25,16:05:02,SKU-04328,1,A-02L-021-1-B,PKR-006,MULTI,UPS Ground,PRIORITY_2D
ORD-1024018,2025-04-25,12:32:12,SKU-02070,2,B-02R-020-3-B,PKR-005,MULTI,FedEx Ground,GROUND
ORD-1026648,2025-04-25,13:25:41,SKU-00079,1,A-03R-013-2-B,PKR-032,MULTI,FedEx Ground,PRIORITY_2D
ORD-1030977,2025-04-25,14:26:42,SKU-04548,1,D-01R-017-3-B,PKR-026,MULTI,USPS Priority Mail,PRIORITY_2D
ORD-1024431,2025-04-25,16:36:39,SKU-02104,2,B-01R-002-1-A,PKR-014,MULTI,FedEx Ground,GROUND
ORD-1028898,2025-04-25,16:08:36,SKU-04708,2,C-02L-004-5-A,PKR-006,MULTI,FedEx Ground,GROUND
ORD-1031013,2025-04-25,08:00:19,SKU-03882,2,B-01R-002-3-B,PKR-028,MULTI,UPS Ground,PRIORITY_2D
ORD-1026189,2025-04-25,11:51:02,SKU-03727,2,B-02R-023-4-A,PKR-014,MULTI,UPS Ground,GROUND
ORD-1026466,2025-04-25,07:27:43,SKU-04328,2,A-02L-021-1-B,PKR-012,MULTI,FedEx Ground,PRIORITY_2D
ORD-1025273,2025-04-25,13:26:04,SKU-03727,2,B-02R-023-4-A,PKR-017,MULTI,FedEx Ground,GROUND
ORD-1028249,2025-04-25,06:50:48,SKU-04435,2,A-02R-016-4-A,PKR-020,MULTI,USPS Priority Mail,STANDARD_OVERNIGHT
ORD-1028222,2025-04-25,11:46:45,SKU-03768,2,A-02R-006-1-A,PKR-019,MULTI,USPS Priority Mail,GROUND
ORD-1031416,2025-04-25,16:59:09,SKU-04978,2,B-02L-006-5-B,PKR-023,MULTI,UPS Ground,GROUND
ORD-1025045,2025-04-25,16:07:52,SKU-00014,2,A-04L-004-2-B,PKR-011,MULTI,UPS Ground,GROUND
ORD-1024925,2025-04-25,11:08:21,SKU-02961,2,B-02R-006-3-A,PKR-026,SINGLE,FedEx Ground,GROUND
ORD-1031126,2025-04-25,15:12:02,SKU-04041,2,A-02R-002-2-B,PKR-024,MULTI,USPS Priority Mail,GROUND
ORD-1024237,2025-04-25,08:56:37,SKU-04328,1,A-02L-021-1-B,PKR-019,MULTI,FedEx Ground,GROUND
ORD-1026261,2025-04-25,06:30:49,SKU-01141,2,E-04R-005-1-A,PKR-006,MULTI,UPS Ground,PRIORITY_2D
ORD-1027921,2025-04-25,17:31:51,SKU-02404,2,A-01R-019-4-B,PKR-027,MULTI,USPS Priority Mail,GROUND
ORD-1024616,2025-04-25,10:13:37,SKU-02908,1,B-02L-005-3-A,PKR-016,MULTI,USPS Priority Mail,GROUND
ORD-1024391,2025-04-25,10:12:18,SKU-03881,2,B-02R-002-4-A,PKR-019,MULTI,UPS Ground,GROUND
ORD-1031154,2025-04-25,08:30:40,SKU-03803,2,A-01R-016-4-A,PKR-026,MULTI,USPS Priority Mail,GROUND
ORD-1031093,2025-04-25,11:28:18,SKU-01111,2,C-04R-013-3-A,PKR-016,MULTI,FedEx Ground,GROUND
ORD-1031541,2025-04-25,19:40:54,SKU-04328,2,A-02L-021-1-B,PKR-022,MULTI,FedEx Ground,GROUND
ORD-1026311,2025-04-25,06:05:57,SKU-04814,2,B-02R-017-4-A,PKR-008,MULTI,USPS Priority Mail,PRIORITY_2D
ORD-1026152,2025-04-25,09:34:03,SKU-04457,2,A-01L-020-2-B,PKR-019,MULTI,UPS Ground,GROUND
ORD-1024875,2025-04-25,11:26:52,SKU-03727,1,B-02R-023-4-A,PKR-013,MULTI,UPS Ground,GROUND
ORD-1026205,2025-04-25,18:08:40,SKU-00919,2,A-04L-012-1-A,PKR-004,MULTI,FedEx Ground,GROUND
ORD-1027116,2025-04-25,10:30:36,SKU-01204,2,A-03R-016-1-B,PKR-001,MULTI,USPS Priority Mail,GROUND
ORD-1029668,2025-04-25,15:41:11,SKU-04814,2,B-02R-017-4-A,PKR-011,MULTI,USPS Priority Mail,GROUND
ORD-1029058,2025-04-25,13:11:55,SKU-01490,2,B-04R-009-1-A,PKR-028,MULTI,UPS Ground,GROUND
ORD-1031759,2025-04-25,07:46:08,SKU-04328,2,A-02L-021-1-B,PKR-003,MULTI,UPS Ground,PRIORITY_2D
ORD-1031568,2025-04-25,14:08:42,SKU-04782,2,C-01L-004-3-A,PKR-027,MULTI,FedEx Ground,STANDARD_OVERNIGHT
ORD-1025109,2025-04-25,16:02:53,SKU-04328,2,A-02L-021-1-B,PKR-001,MULTI,UPS Ground,GROUND
ORD-1031880,2025-04-25,12:39:42,SKU-04328,2,A-02L-021-1-B,PKR-020,MULTI,FedEx Ground,STANDARD_OVERNIGHT
ORD-1028638,2025-04-25,06:16:06,SKU-02316,2,A-02L-026-1-A,PKR-015,MULTI,USPS Priority Mail,GROUND
ORD-1027118,2025-04-25,14:51:19,SKU-02967,2,C-01L-001-1-B,PKR-024,MULTI,FedEx Ground,GROUND
ORD-1031446,2025-04-25,07:20:33,SKU-04041,2,A-02R-002-2-B,PKR-025,MULTI,FedEx Ground,GROUND
ORD-1025410,2025-04-25,06:08:52,SKU-00811,1,B-04L-015-2-A,PKR-018,MULTI,UPS Ground,GROUND
ORD-1024137,2025-04-25,10:57:34,SKU-02624,2,A-02R-022-1-A,PKR-032,MULTI,USPS Priority Mail,GROUND
ORD-1029483,2025-04-25,18:16:34,SKU-02681,1,A-01R-018-4-B,PKR-026,SINGLE,UPS Ground,STANDARD_OVERNIGHT
ORD-1030915,2025-04-25,12:51:04,SKU-02632,1,B-01R-003-1-A,PKR-029,MULTI,USPS Priority Mail,GROUND
ORD-1029675,2025-04-25,13:32:42,SKU-02585,2,A-01R-012-4-A,PKR-030,MULTI,FedEx 2Day,PRIORITY_2D
ORD-1028598,2025-04-25,14:15:13,SKU-04041,2,A-02R-002-2-B,PKR-018,MULTI,USPS Priority Mail,GROUND
ORD-1029220,2025-04-25,15:12:43,SKU-00473,1,C-04R-003-2-B,PKR-005,MULTI,FedEx Ground,GROUND
ORD-1031891,2025-04-25,19:10:33,SKU-04486,2,A-01L-016-3-A,PKR-021,MULTI,UPS Ground,GROUND
ORD-1028241,2025-04-25,16:22:54,SKU-00694,2,E-03R-002-3-B,PKR-028,MULTI,USPS Priority Mail,PRIORITY_2D
ORD-1030065,2025-04-25,19:51:40,SKU-04708,2,C-02L-004-5-A,PKR-009,MULTI,USPS Priority Mail,GROUND
ORD-1025315,2025-04-25,11:10:11,SKU-03946,2,A-02L-004-5-B,PKR-020,MULTI,FedEx 2Day,GROUND
ORD-1031121,2025-04-25,19:19:40,SKU-02476,1,D-01R-007-1-B,PKR-002,MULTI,UPS Ground,GROUND
ORD-1025944,2025-04-25,11:30:38,SKU-02366,1,A-01R-020-4-A,PKR-017,MULTI,UPS Ground,STANDARD_OVERNIGHT
ORD-1030147,2025-04-25,10:15:33,SKU-04328,1,A-02L-021-1-B,PKR-026,MULTI,UPS 2nd Day Air,PRIORITY_2D
ORD-1030687,2025-04-25,08:25:21,SKU-02791,2,D-02L-019-2-B,PKR-005,MULTI,USPS Priority Mail,GROUND
ORD-1030881,2025-04-25,15:31:28,SKU-02624,2,A-02R-022-1-A,PKR-015,MULTI,FedEx Ground,GROUND
ORD-1024841,2025-04-25,12:26:43,SKU-00459,2,B-03R-017-3-B,PKR-004,MULTI,UPS Ground,GROUND
ORD-1030540,2025-04-25,16:23:31,SKU-04538,1,A-01R-001-1-B,PKR-006,MULTI,FedEx Ground,PRIORITY_2D
ORD-1027913,2025-04-25,08:04:28,SKU-00422,2,A-03R-005-2-B,PKR-025,MULTI,FedEx Ground,GROUND
ORD-1030874,2025-04-25,13:49:55,SKU-04764,2,C-01R-024-2-A,PKR-016,MULTI,FedEx Ground,GROUND
ORD-1025495,2025-04-25,06:05:01,SKU-04041,1,A-02R-002-2-B,PKR-019,SINGLE,UPS Ground,STANDARD_OVERNIGHT
ORD-1025852,2025-04-25,10:37:01,SKU-04775,2,A-02R-001-5-B,PKR-017,MULTI,FedEx Ground,PRIORITY_2D
ORD-1031035,2025-04-25,20:05:53,SKU-04547,2,C-02L-001-2-B,PKR-026,MULTI,FedEx Ground,GROUND
ORD-1024013,2025-04-25,15:52:03,SKU-00277,2,D-04R-011-2-B,PKR-003,SINGLE,UPS Ground,GROUND
ORD-1027670,2025-04-25,06:54:57,SKU-04041,2,A-02R-002-2-B,PKR-011,MULTI,FedEx Ground,PRIORITY_2D
ORD-1024964,2025-04-25,07:23:36,SKU-02050,2,C-02L-007-1-A,PKR-010,MULTI,USPS Priority Mail,STANDARD_OVERNIGHT
ORD-1029579,2025-04-25,15:25:15,SKU-02330,1,C-01L-003-5-A,PKR-010,SINGLE,USPS Priority Mail,GROUND
ORD-1026938,2025-04-25,13:23:59,SKU-00446,1,B-04L-006-4-A,PKR-009,MULTI,FedEx Ground,GROUND
ORD-1027028,2025-04-25,14:10:11,SKU-01487,1,C-04L-020-4-B,PKR-004,MULTI,UPS Ground,PRIORITY_2D
ORD-1028092,2025-04-25,08:29:55,SKU-03386,1,A-01R-019-5-A,PKR-010,MULTI,UPS Ground,STANDARD_OVERNIGHT
ORD-1028756,2025-04-25,14:24:34,SKU-01141,2,E-04R-005-1-A,PKR-011,MULTI,USPS Priority Mail,GROUND
ORD-1029109,2025-04-25,18:56:09,SKU-02340,2,D-01R-013-4-B,PKR-016,MULTI,UPS Ground,GROUND
ORD-1025095,2025-04-25,06:11:52,SKU-04292,2,B-02L-008-2-A,PKR-013,MULTI,FedEx Ground,GROUND
ORD-1025859,2025-04-25,06:08:18,SKU-00303,2,B-03L-008-1-A,PKR-012,MULTI,USPS Priority Mail,GROUND
ORD-1027011,2025-04-25,10:42:16,SKU-03496,1,B-01R-016-5-B,PKR-004,MULTI,UPS Ground,STANDARD_OVERNIGHT
ORD-1027650,2025-04-25,11:58:39,SKU-03582,1,B-01R-009-4-A,PKR-003,MULTI,UPS Ground,PRIORITY_2D
ORD-1027070,2025-04-25,18:32:20,SKU-00023,1,A-04R-013-4-B,PKR-021,MULTI,USPS Priority Mail,GROUND
ORD-1028834,2025-04-25,11:57:21,SKU-02835,1,B-02L-024-4-B,PKR-027,MULTI,USPS Priority Mail,GROUND
ORD-1030916,2025-04-25,09:10:41,SKU-04895,1,B-02L-011-5-A,PKR-030,MULTI,FedEx Ground,GROUND
ORD-1026818,2025-04-25,08:37:00,SKU-04041,2,A-02R-002-2-B,PKR-020,MULTI,UPS Ground,GROUND
ORD-1028070,2025-04-25,17:32:41,SKU-00215,2,B-04L-015-1-B,PKR-016,MULTI,USPS Priority Mail,PRIORITY_2D
ORD-1026568,2025-04-25,20:48:26,SKU-02480,2,A-02R-005-1-B,PKR-011,MULTI,FedEx Ground,GROUND
ORD-1027245,2025-04-25,17:13:05,SKU-04810,2,D-02R-009-4-B,PKR-024,MULTI,USPS Priority Mail,PRIORITY_2D
ORD-1031336,2025-04-25,09:40:26,SKU-02775,1,C-01R-023-3-A,PKR-004,MULTI,FedEx Ground,PRIORITY_2D
ORD-1033921,2025-04-26,20:09:56,SKU-00502,2,C-03L-015-2-B,PKR-009,MULTI,USPS Priority Mail,GROUND
ORD-1034746,2025-04-26,13:40:09,SKU-02366,1,A-01R-020-4-A,PKR-018,MULTI,UPS Ground,GROUND
ORD-1035327,2025-04-26,07:12:56,SKU-02355,2,E-02L-016-5-A,PKR-021,MULTI,UPS Ground,GROUND
ORD-1035114,2025-04-26,18:16:30,SKU-04092,2,A-02L-015-2-B,PKR-010,MULTI,UPS 2nd Day Air,GROUND
ORD-1033714,2025-04-26,20:48:43,SKU-01204,2,A-03R-016-1-B,PKR-008,SINGLE,UPS Ground,PRIORITY_2D
ORD-1032487,2025-04-26,21:01:15,SKU-04183,1,A-01L-010-2-B,PKR-015,MULTI,USPS Priority Mail,GROUND
ORD-1033051,2025-04-26,07:32:51,SKU-02897,1,B-02L-017-5-A,PKR-029,MULTI,FedEx 2Day,GROUND
ORD-1033113,2025-04-26,20:17:06,SKU-04328,1,A-02L-021-1-B,PKR-018,MULTI,UPS Ground,PRIORITY_2D
ORD-1032044,2025-04-26,15:38:40,SKU-04916,2,D-02R-020-3-B,PKR-010,MULTI,FedEx Ground,PRIORITY_2D
ORD-1033915,2025-04-26,08:49:22,SKU-00031,1,B-04L-006-4-B,PKR-003,MULTI,FedEx Ground,GROUND
ORD-1033374,2025-04-26,10:56:42,SKU-02767,2,C-02R-013-1-B,PKR-015,MULTI,UPS Ground,GROUND
ORD-1033338,2025-04-26,18:55:05,SKU-04984,1,B-02R-026-4-B,PKR-024,MULTI,USPS Priority Mail,GROUND
ORD-1032002,2025-04-26,07:48:18,SKU-04664,2,A-02R-002-3-A,PKR-017,MULTI,UPS Ground,GROUND
ORD-1033285,2025-04-26,16:09:34,SKU-00872,2,A-04L-005-1-A,PKR-020,MULTI,UPS Ground,GROUND
ORD-1033707,2025-04-26,21:25:02,SKU-02911,2,E-01L-002-5-B,PKR-023,MULTI,UPS Ground,GROUND
ORD-1035821,2025-04-26,07:55:36,SKU-04610,2,B-02R-015-1-B,PKR-015,MULTI,UPS Ground,GROUND
ORD-1033046,2025-04-26,18:35:12,SKU-00495,2,C-03L-011-4-B,PKR-025,MULTI,UPS 2nd Day Air,GROUND
ORD-1032707,2025-04-26,12:58:03,SKU-04041,2,A-02R-002-2-B,PKR-010,MULTI,UPS Ground,PRIORITY_2D
ORD-1033802,2025-04-26,09:28:23,SKU-02433,2,C-01R-001-5-A,PKR-027,MULTI,UPS Ground,PRIORITY_2D
ORD-1032994,2025-04-26,16:25:08,SKU-04041,2,A-02R-002-2-B,PKR-032,MULTI,UPS Ground,GROUND
ORD-1033504,2025-04-26,06:06:52,SKU-04328,2,A-02L-021-1-B,PKR-004,MULTI,UPS Ground,GROUND
ORD-1034023,2025-04-26,18:58:29,SKU-00132,2,A-04R-016-4-B,PKR-007,MULTI,UPS Ground,GROUND
ORD-1032463,2025-04-26,16:47:26,SKU-04285,2,A-01L-018-3-B,PKR-020,MULTI,USPS Priority Mail,GROUND
ORD-1034994,2025-04-26,16:58:34,SKU-03823,2,C-02R-020-1-B,PKR-020,MULTI,FedEx Ground,STANDARD_OVERNIGHT
ORD-1032530,2025-04-26,13:47:21,SKU-04041,2,A-02R-002-2-B,PKR-022,MULTI,FedEx Ground,GROUND
ORD-1033801,2025-04-26,15:58:42,SKU-04041,2,A-02R-002-2-B,PKR-005,MULTI,FedEx Ground,GROUND
ORD-1035354,2025-04-26,12:35:12,SKU-04457,1,A-01L-020-2-B,PKR-025,MULTI,UPS Ground,GROUND
ORD-1035746,2025-04-26,20:21:54,SKU-00446,1,B-04L-006-4-A,PKR-022,MULTI,USPS Priority Mail,GROUND
ORD-1033955,2025-04-26,10:50:57,SKU-00132,1,A-04R-016-4-B,PKR-004,MULTI,USPS Priority Mail,PRIORITY_2D
ORD-1034485,2025-04-26,15:16:47,SKU-01463,2,A-04L-004-3-B,PKR-016,MULTI,FedEx 2Day,GROUND
ORD-1035828,2025-04-26,15:55:11,SKU-04528,1,B-02R-014-3-B,PKR-031,MULTI,UPS Ground,PRIORITY_2D
ORD-1035046,2025-04-26,10:47:53,SKU-04538,1,A-01R-001-1-B,PKR-012,MULTI,FedEx Ground,GROUND
ORD-1033797,2025-04-26,18:51:02,SKU-01784,2,B-04R-017-2-A,PKR-012,MULTI,USPS Priority Mail,GROUND
ORD-1035861,2025-04-26,10:54:25,SKU-02290,1,B-02L-026-5-B,PKR-032,SINGLE,FedEx Ground,PRIORITY_2D
ORD-1035939,2025-04-26,21:22:13,SKU-02916,2,B-01R-006-4-B,PKR-023,MULTI,UPS Ground,GROUND
ORD-1032333,2025-04-26,21:33:42,SKU-03823,1,C-02R-020-1-B,PKR-019,SINGLE,FedEx Ground,GROUND
ORD-1032345,2025-04-26,10:36:28,SKU-02366,2,A-01R-020-4-A,PKR-017,MULTI,USPS Priority Mail,GROUND
ORD-1033929,2025-04-26,10:57:29,SKU-03164,1,A-02L-018-4-A,PKR-001,MULTI,UPS Ground,GROUND
ORD-1032461,2025-04-26,11:22:03,SKU-04477,2,B-02L-001-2-A,PKR-016,MULTI,UPS Ground,GROUND
ORD-1033351,2025-04-26,07:52:21,SKU-04865,2,A-01R-011-4-B,PKR-001,MULTI,FedEx 2Day,GROUND
ORD-1032360,2025-04-26,18:12:13,SKU-04710,2,A-02L-008-2-A,PKR-032,MULTI,UPS 2nd Day Air,GROUND
ORD-1033747,2025-04-26,19:10:35,SKU-02366,2,A-01R-020-4-A,PKR-027,MULTI,UPS Ground,GROUND
ORD-1033117,2025-04-26,07:22:21,SKU-00025,2,B-03L-020-3-A,PKR-027,MULTI,UPS 2nd Day Air,GROUND
ORD-1034166,2025-04-26,13:05:53,SKU-02609,2,C-01R-013-1-B,PKR-016,MULTI,USPS Priority Mail,GROUND
ORD-1032780,2025-04-26,08:26:42,SKU-02034,2,A-02L-014-4-B,PKR-011,MULTI,USPS Priority Mail,GROUND
ORD-1034650,2025-04-26,08:50:19,SKU-04782,2,C-01L-004-3-A,PKR-015,MULTI,FedEx 2Day,GROUND
ORD-1034506,2025-04-26,11:52:35,SKU-02366,2,A-01R-020-4-A,PKR-032,MULTI,FedEx Ground,GROUND
ORD-1034394,2025-04-26,08:24:48,SKU-02973,2,B-01R-015-1-A,PKR-016,MULTI,FedEx Ground,PRIORITY_2D
ORD-1032818,2025-04-26,16:35:07,SKU-03727,2,B-02R-023-4-A,PKR-009,MULTI,USPS Priority Mail,GROUND
ORD-1035695,2025-04-26,11:33:33,SKU-00239,2,A-04L-019-1-B,PKR-021,MULTI,FedEx Ground,GROUND
ORD-1033664,2025-04-26,06:05:32,SKU-00439,2,B-03L-004-1-A,PKR-019,MULTI,FedEx Ground,GROUND
ORD-1032433,2025-04-26,07:50:26,SKU-04942,1,B-01R-023-1-B,PKR-016,MULTI,FedEx Ground,GROUND
ORD-1035136,2025-04-26,08:34:39,SKU-03496,2,B-01R-016-5-B,PKR-008,MULTI,UPS Ground,GROUND
ORD-1034696,2025-04-26,12:58:44,SKU-00872,1,A-04L-005-1-A,PKR-018,MULTI,FedEx 2Day,PRIORITY_2D
ORD-1035112,2025-04-26,09:09:04,SKU-02170,2,A-02R-011-5-B,PKR-022,MULTI,UPS Ground,GROUND
ORD-1032938,2025-04-26,17:48:19,SKU-00001,2,C-03L-001-4-A,PKR-017,MULTI,USPS Priority Mail,GROUND
ORD-1033500,2025-04-26,06:10:28,SKU-04183,2,A-01L-010-2-B,PKR-021,MULTI,FedEx Ground,GROUND
ORD-1032095,2025-04-26,08:19:22,SKU-00750,2,B-04L-019-3-A,PKR-001,MULTI,FedEx Ground,GROUND
ORD-1032534,2025-04-26,07:45:45,SKU-04538,1,A-01R-001-1-B,PKR-028,MULTI,UPS 2nd Day Air,GROUND
ORD-1033479,2025-04-26,16:15:17,SKU-04328,1,A-02L-021-1-B,PKR-009,MULTI,FedEx Ground,PRIORITY_2D
ORD-1032752,2025-04-26,15:08:49,SKU-02104,1,B-01R-002-1-A,PKR-004,MULTI,USPS Priority Mail,GROUND
ORD-1033969,2025-04-26,08:27:23,SKU-03994,2,A-01L-010-3-A,PKR-021,MULTI,FedEx Ground,STANDARD_OVERNIGHT
ORD-1033653,2025-04-26,09:12:05,SKU-02585,1,A-01R-012-4-A,PKR-027,MULTI,FedEx 2Day,PRIORITY_2D
ORD-1034512,2025-04-26,18:45:15,SKU-01238,1,E-03R-007-4-A,PKR-029,MULTI,USPS Priority Mail,GROUND
ORD-1035898,2025-04-26,14:52:33,SKU-00354,2,A-03R-003-1-B,PKR-003,SINGLE,USPS Priority Mail,PRIORITY_2D
ORD-1033639,2025-04-26,10:00:13,SKU-02125,1,A-01R-020-2-B,PKR-021,MULTI,FedEx Ground,GROUND
ORD-1033426,2025-04-26,15:05:43,SKU-04328,2,A-02L-021-1-B,PKR-005,MULTI,FedEx Ground,GROUND
ORD-1034330,2025-04-26,15:34:32,SKU-01886,2,C-03L-014-3-A,PKR-030,MULTI,UPS 2nd Day Air,GROUND
ORD-1034255,2025-04-26,21:43:27,SKU-03077,1,B-02L-012-4-B,PKR-023,MULTI,FedEx Ground,PRIORITY_2D
ORD-1032716,2025-04-26,20:29:34,SKU-03378,2,A-01L-004-4-B,PKR-009,MULTI,UPS Ground,GROUND
ORD-1034600,2025-04-26,11:05:41,SKU-03790,2,A-01L-017-1-B,PKR-032,MULTI,UPS Ground,GROUND
ORD-1034024,2025-04-26,17:49:39,SKU-04328,2,A-02L-021-1-B,PKR-005,MULTI,FedEx Ground,STANDARD_OVERNIGHT
ORD-1034157,2025-04-26,06:23:38,SKU-01170,2,A-03L-002-3-B,PKR-014,MULTI,FedEx Ground,GROUND
ORD-1035407,2025-04-26,09:22:59,SKU-03727,2,B-02R-023-4-A,PKR-020,SINGLE,UPS Ground,PRIORITY_2D
ORD-1032131,2025-04-26,13:27:40,SKU-04328,1,A-02L-021-1-B,PKR-029,MULTI,FedEx Ground,GROUND
ORD-1033557,2025-04-26,07:20:46,SKU-03041,2,A-01R-001-1-A,PKR-027,SINGLE,USPS Priority Mail,PRIORITY_2D
ORD-1035646,2025-04-26,17:16:53,SKU-02272,2,A-02R-002-5-A,PKR-024,SINGLE,FedEx 2Day,GROUND
ORD-1035209,2025-04-26,18:24:36,SKU-02908,1,B-02L-005-3-A,PKR-004,MULTI,UPS Ground,GROUND
ORD-1033935,2025-04-26,20:23:25,SKU-04905,2,D-01L-020-3-B,PKR-025,MULTI,USPS Priority Mail,GROUND
ORD-1032774,2025-04-26,11:24:09,SKU-02585,2,A-01R-012-4-A,PKR-019,MULTI,UPS Ground,PRIORITY_2D
ORD-1032017,2025-04-26,16:47:16,SKU-00872,2,A-04L-005-1-A,PKR-027,MULTI,FedEx Ground,GROUND
ORD-1032281,2025-04-26,16:03:20,SKU-03049,2,C-02L-003-4-A,PKR-013,MULTI,UPS Ground,GROUND
ORD-1034300,2025-04-26,13:46:39,SKU-00722,2,C-03L-011-1-A,PKR-019,MULTI,FedEx Ground,GROUND
ORD-1034198,2025-04-26,14:11:21,SKU-00089,2,D-03L-006-1-A,PKR-020,MULTI,UPS Ground,PRIORITY_2D
ORD-1034338,2025-04-26,13:07:34,SKU-04978,2,B-02L-006-5-B,PKR-030,MULTI,USPS Priority Mail,STANDARD_OVERNIGHT
ORD-1032117,2025-04-26,16:47:52,SKU-02775,1,C-01R-023-3-A,PKR-013,MULTI,FedEx 2Day,GROUND
ORD-1032062,2025-04-26,09:49:14,SKU-04528,2,B-02R-014-3-B,PKR-027,MULTI,FedEx Ground,GROUND
ORD-1033917,2025-04-26,06:25:25,SKU-00318,1,A-04R-009-4-A,PKR-002,MULTI,UPS Ground,GROUND
ORD-1034508,2025-04-26,10:34:16,SKU-04733,1,A-01R-018-1-A,PKR-010,MULTI,USPS Priority Mail,GROUND
ORD-1032222,2025-04-26,16:56:48,SKU-02252,2,B-02R-025-2-A,PKR-003,MULTI,USPS Priority Mail,STANDARD_OVERNIGHT
ORD-1035403,2025-04-26,09:06:41,SKU-04328,2,A-02L-021-1-B,PKR-031,MULTI,UPS Ground,GROUND
ORD-1032144,2025-04-26,16:31:28,SKU-02893,2,B-01L-026-2-B,PKR-004,MULTI,UPS Ground,GROUND
ORD-1033643,2025-04-26,18:55:37,SKU-03690,1,C-01R-026-3-B,PKR-011,MULTI,FedEx 2Day,GROUND
ORD-1033521,2025-04-26,17:11:05,SKU-02045,2,B-01R-025-3-A,PKR-003,MULTI,FedEx Ground,GROUND
ORD-1034765,2025-04-26,14:29:19,SKU-01204,2,A-03R-016-1-B,PKR-002,MULTI,USPS Priority Mail,GROUND
ORD-1034496,2025-04-26,09:46:57,SKU-03787,2,C-02L-018-1-B,PKR-020,MULTI,FedEx Ground,GROUND
ORD-1032607,2025-04-26,19:01:10,SKU-02609,2,C-01R-013-1-B,PKR-014,MULTI,UPS Ground,GROUND
ORD-1033975,2025-04-26,17:25:38,SKU-02125,2,A-01R-020-2-B,PKR-030,MULTI,FedEx Ground,GROUND
ORD-1034594,2025-04-26,08:26:58,SKU-02908,2,B-02L-005-3-A,PKR-011,MULTI,USPS Priority Mail,GROUND
ORD-1034578,2025-04-26,21:51:44,SKU-03077,2,B-02L-012-4-B,PKR-002,MULTI,FedEx 2Day,PRIORITY_2D
ORD-1034824,2025-04-26,09:45:55,SKU-02104,2,B-01R-002-1-A,PKR-002,MULTI,UPS Ground,GROUND
ORD-1033349,2025-04-26,08:28:47,SKU-00606,1,B-04L-016-1-A,PKR-010,SINGLE,FedEx Ground,GROUND
ORD-1032538,2025-04-26,11:59:28,SKU-01247,2,A-04R-019-1-A,PKR-021,MULTI,UPS Ground,GROUND
ORD-1034946,2025-04-26,10:53:13,SKU-03727,2,B-02R-023-4-A,PKR-018,MULTI,FedEx Ground,GROUND
ORD-1033388,2025-04-26,16:54:06,SKU-03727,1,B-02R-023-4-A,PKR-032,MULTI,FedEx Ground,GROUND
ORD-1032871,2025-04-26,09:27:47,SKU-03727,2,B-02R-023-4-A,PKR-009,MULTI,USPS Priority Mail,GROUND
ORD-1033018,2025-04-26,14:08:11,SKU-03311,2,D-02L-020-3-B,PKR-017,MULTI,UPS Ground,PRIORITY_2D
ORD-1037682,2025-04-28,08:35:34,SKU-03934,2,B-01R-007-1-A,PKR-003,MULTI,USPS Priority Mail,PRIORITY_2D
ORD-1042682,2025-04-28,10:51:11,SKU-04324,2,B-02R-005-5-B,PKR-017,MULTI,FedEx 2Day,GROUND
ORD-1037890,2025-04-28,08:40:21,SKU-01428,2,A-03L-006-4-A,PKR-027,SINGLE,UPS Ground,GROUND
ORD-1041828,2025-04-28,12:06:09,SKU-02679,1,B-02R-015-2-A,PKR-021,MULTI,FedEx 2Day,PRIORITY_2D
ORD-1039525,2025-04-28,10:40:32,SKU-00180,2,B-03L-010-1-A,PKR-027,MULTI,USPS Priority Mail,PRIORITY_2D
ORD-1043235,2025-04-28,13:12:48,SKU-02291,2,D-01R-026-1-A,PKR-028,MULTI,USPS Priority Mail,GROUND
ORD-1043582,2025-04-28,13:57:53,SKU-04768,2,A-01R-021-2-A,PKR-029,MULTI,USPS Priority Mail,GROUND
ORD-1038378,2025-04-28,06:41:32,SKU-04595,2,D-01R-020-4-B,PKR-010,MULTI,FedEx Ground,GROUND
ORD-1041086,2025-04-28,19:17:28,SKU-03881,1,B-02R-002-4-A,PKR-023,SINGLE,UPS Ground,STANDARD_OVERNIGHT
ORD-1039999,2025-04-28,07:45:28,SKU-02140,2,B-01R-020-2-B,PKR-011,MULTI,FedEx Ground,GROUND
ORD-1043256,2025-04-28,10:11:29,SKU-02738,2,B-02L-024-3-A,PKR-017,MULTI,FedEx Ground,GROUND
ORD-1041388,2025-04-28,18:39:50,SKU-02908,2,B-02L-005-3-A,PKR-027,MULTI,USPS Priority Mail,GROUND
ORD-1041953,2025-04-28,16:01:50,SKU-04446,2,B-02R-002-4-B,PKR-009,MULTI,UPS 2nd Day Air,GROUND
ORD-1040881,2025-04-28,15:01:54,SKU-04328,2,A-02L-021-1-B,PKR-014,MULTI,USPS Priority Mail,GROUND
ORD-1036292,2025-04-28,21:45:21,SKU-02366,2,A-01R-020-4-A,PKR-015,MULTI,FedEx 2Day,GROUND
ORD-1043019,2025-04-28,06:44:21,SKU-04538,1,A-01R-001-1-B,PKR-001,MULTI,FedEx Ground,PRIORITY_2D
ORD-1037198,2025-04-28,15:44:01,SKU-02585,2,A-01R-012-4-A,PKR-001,MULTI,USPS Priority Mail,GROUND
ORD-1041503,2025-04-28,17:55:15,SKU-01973,1,D-03L-007-3-B,PKR-031,MULTI,UPS 2nd Day Air,PRIORITY_2D
ORD-1040427,2025-04-28,06:48:04,SKU-04457,1,A-01L-020-2-B,PKR-026,MULTI,FedEx Ground,GROUND
ORD-1036027,2025-04-28,13:40:33,SKU-04865,2,A-01R-011-4-B,PKR-005,MULTI,UPS Ground,GROUND
ORD-1036528,2025-04-28,20:08:55,SKU-02585,2,A-01R-012-4-A,PKR-012,MULTI,UPS Ground,GROUND
ORD-1042167,2025-04-28,18:51:37,SKU-02913,1,B-01L-015-2-B,PKR-013,MULTI,UPS Ground,PRIORITY_2D
ORD-1043214,2025-04-28,07:57:25,SKU-00288,2,C-03R-006-2-A,PKR-009,MULTI,USPS Priority Mail,GROUND
ORD-1038534,2025-04-28,12:52:00,SKU-03369,1,D-02L-005-5-B,PKR-032,MULTI,FedEx Ground,GROUND
ORD-1036198,2025-04-28,08:21:53,SKU-02624,2,A-02R-022-1-A,PKR-030,SINGLE,UPS Ground,GROUND
ORD-1036209,2025-04-28,08:52:06,SKU-00017,2,B-03R-001-4-B,PKR-004,MULTI,FedEx Ground,STANDARD_OVERNIGHT
ORD-1040372,2025-04-28,18:19:36,SKU-01204,1,A-03R-016-1-B,PKR-004,MULTI,FedEx Ground,GROUND
ORD-1040865,2025-04-28,07:51:26,SKU-03881,1,B-02R-002-4-A,PKR-005,MULTI,USPS Priority Mail,GROUND
ORD-1043103,2025-04-28,18:03:44,SKU-04928,2,B-01L-013-2-B,PKR-010,MULTI,UPS Ground,GROUND
ORD-1041809,2025-04-28,15:41:36,SKU-04878,2,B-01R-016-3-B,PKR-019,MULTI,UPS 2nd Day Air,GROUND
ORD-1040797,2025-04-28,16:12:13,SKU-03465,2,B-01R-013-4-A,PKR-004,MULTI,USPS Priority Mail,GROUND
ORD-1037848,2025-04-28,17:42:20,SKU-04457,1,A-01L-020-2-B,PKR-005,MULTI,UPS Ground,GROUND
ORD-1038701,2025-04-28,13:27:33,SKU-03881,1,B-02R-002-4-A,PKR-005,MULTI,UPS Ground,GROUND
ORD-1040621,2025-04-28,21:55:45,SKU-04180,1,C-01L-010-1-A,PKR-001,MULTI,UPS Ground,GROUND
ORD-1040162,2025-04-28,19:40:07,SKU-02291,2,D-01R-026-1-A,PKR-019,MULTI,UPS 2nd Day Air,GROUND
ORD-1043819,2025-04-28,15:30:42,SKU-03727,1,B-02R-023-4-A,PKR-031,MULTI,FedEx Ground,PRIORITY_2D
ORD-1037857,2025-04-28,08:28:55,SKU-03727,1,B-02R-023-4-A,PKR-029,MULTI,FedEx Ground,GROUND
ORD-1039190,2025-04-28,13:21:20,SKU-02609,1,C-01R-013-1-B,PKR-028,MULTI,UPS 2nd Day Air,PRIORITY_2D
ORD-1043747,2025-04-28,11:32:44,SKU-04041,1,A-02R-002-2-B,PKR-001,MULTI,FedEx Ground,GROUND
ORD-1037420,2025-04-28,19:33:03,SKU-02366,2,A-01R-020-4-A,PKR-017,MULTI,FedEx Ground,GROUND
ORD-1036646,2025-04-28,07:14:49,SKU-03496,2,B-01R-016-5-B,PKR-018,MULTI,USPS Priority Mail,PRIORITY_2D
ORD-1037572,2025-04-28,21:46:01,SKU-04809,2,A-01R-016-2-B,PKR-014,MULTI,FedEx Ground,GROUND
ORD-1041301,2025-04-28,09:35:13,SKU-03032,2,A-02L-020-4-B,PKR-025,MULTI,USPS Priority Mail,GROUND
ORD-1036249,2025-04-28,07:35:00,SKU-01838,2,B-03R-019-1-A,PKR-019,MULTI,UPS Ground,GROUND
ORD-1039956,2025-04-28,08:26:15,SKU-01432,2,A-04R-017-4-A,PKR-026,MULTI,USPS Priority Mail,GROUND
ORD-1040524,2025-04-28,11:10:17,SKU-04489,2,B-02L-018-4-B,PKR-018,MULTI,UPS 2nd Day Air,GROUND
ORD-1043747,2025-04-28,11:32:44,SKU-03727,2,B-02R-023-4-A,PKR-001,MULTI,FedEx Ground,GROUND
ORD-1039189,2025-04-28,17:53:56,SKU-02034,2,A-02L-014-4-B,PKR-016,MULTI,FedEx Ground,GROUND
ORD-1041767,2025-04-28,15:34:17,SKU-00910,1,B-04R-014-3-A,PKR-019,MULTI,UPS 2nd Day Air,GROUND
ORD-1037522,2025-04-28,12:16:20,SKU-02271,1,A-01L-007-1-B,PKR-020,MULTI,FedEx Ground,GROUND
ORD-1043344,2025-04-28,12:15:50,SKU-00296,2,B-03R-006-4-A,PKR-026,MULTI,FedEx Ground,PRIORITY_2D
ORD-1043625,2025-04-28,11:18:18,SKU-01020,1,D-04L-013-1-A,PKR-011,MULTI,UPS Ground,GROUND
ORD-1039724,2025-04-28,08:37:59,SKU-01131,2,D-03L-015-4-A,PKR-003,MULTI,UPS Ground,GROUND
ORD-1043145,2025-04-28,16:36:14,SKU-01204,2,A-03R-016-1-B,PKR-018,MULTI,FedEx Ground,GROUND
ORD-1042607,2025-04-28,18:13:21,SKU-04865,1,A-01R-011-4-B,PKR-011,MULTI,FedEx Ground,GROUND
ORD-1038157,2025-04-28,20:58:04,SKU-02366,2,A-01R-020-4-A,PKR-007,MULTI,FedEx Ground,GROUND
ORD-1041417,2025-04-28,19:51:17,SKU-02366,2,A-01R-020-4-A,PKR-022,MULTI,FedEx Ground,PRIORITY_2D
ORD-1040302,2025-04-28,17:55:57,SKU-02564,2,C-01L-011-5-B,PKR-010,MULTI,USPS Priority Mail,GROUND
ORD-1041012,2025-04-28,16:26:51,SKU-02585,2,A-01R-012-4-A,PKR-011,MULTI,FedEx Ground,GROUND
ORD-1041487,2025-04-28,07:10:02,SKU-03496,2,B-01R-016-5-B,PKR-002,MULTI,USPS Priority Mail,GROUND
ORD-1041820,2025-04-28,14:12:55,SKU-04865,1,A-01R-011-4-B,PKR-008,MULTI,USPS Priority Mail,GROUND
ORD-1040484,2025-04-28,11:05:04,SKU-04337,1,E-01R-003-5-A,PKR-028,MULTI,UPS 2nd Day Air,STANDARD_OVERNIGHT
ORD-1038360,2025-04-28,21:05:01,SKU-00046,2,B-03L-005-2-A,PKR-030,MULTI,FedEx Ground,GROUND
ORD-1040717,2025-04-28,10:35:32,SKU-04328,2,A-02L-021-1-B,PKR-005,MULTI,FedEx Ground,GROUND
ORD-1038296,2025-04-28,07:26:00,SKU-03727,1,B-02R-023-4-A,PKR-018,MULTI,USPS Priority Mail,GROUND
ORD-1041050,2025-04-28,19:12:33,SKU-03378,1,A-01L-004-4-B,PKR-005,MULTI,UPS Ground,PRIORITY_2D
ORD-1040570,2025-04-28,14:11:17,SKU-04328,2,A-02L-021-1-B,PKR-010,MULTI,UPS Ground,GROUND
ORD-1042517,2025-04-28,15:00:16,SKU-00716,2,A-04L-001-1-A,PKR-031,MULTI,UPS 2nd Day Air,PRIORITY_2D
ORD-1038803,2025-04-28,14:44:26,SKU-02836,2,A-02R-009-1-B,PKR-006,SINGLE,FedEx 2Day,GROUND
ORD-1036313,2025-04-28,07:54:38,SKU-02609,2,C-01R-013-1-B,PKR-003,MULTI,FedEx Ground,GROUND
ORD-1039454,2025-04-28,15:58:14,SKU-04313,1,B-01R-018-4-B,PKR-028,MULTI,UPS Ground,PRIORITY_2D
ORD-1037104,2025-04-28,09:37:22,SKU-04041,2,A-02R-002-2-B,PKR-030,MULTI,UPS Ground,PRIORITY_2D
ORD-1040685,2025-04-28,13:04:22,SKU-04328,2,A-02L-021-1-B,PKR-022,MULTI,FedEx Ground,GROUND
ORD-1040983,2025-04-28,16:16:12,SKU-02141,2,B-02L-018-2-A,PKR-023,MULTI,FedEx Ground,PRIORITY_2D
ORD-1041166,2025-04-28,09:49:05,SKU-04768,2,A-01R-021-2-A,PKR-028,MULTI,UPS Ground,GROUND
ORD-1039106,2025-04-28,13:44:41,SKU-03421,1,D-02L-003-1-A,PKR-016,MULTI,FedEx Ground,GROUND
ORD-1041885,2025-04-28,19:38:09,SKU-04670,2,C-02R-018-2-B,PKR-017,MULTI,UPS Ground,STANDARD_OVERNIGHT
ORD-1040082,2025-04-28,18:22:23,SKU-03881,2,B-02R-002-4-A,PKR-016,MULTI,FedEx Ground,GROUND
ORD-1041910,2025-04-28,09:23:12,SKU-00208,2,E-04L-002-2-A,PKR-017,MULTI,FedEx 2Day,GROUND
ORD-1037531,2025-04-28,13:38:34,SKU-04041,1,A-02R-002-2-B,PKR-001,MULTI,UPS Ground,PRIORITY_2D
ORD-1043702,2025-04-28,20:01:35,SKU-02764,2,D-01R-010-3-B,PKR-020,MULTI,FedEx Ground,GROUND
ORD-1042252,2025-04-28,08:07:20,SKU-02908,2,B-02L-005-3-A,PKR-012,MULTI,FedEx Ground,GROUND
ORD-1039234,2025-04-28,21:22:47,SKU-04328,1,A-02L-021-1-B,PKR-011,MULTI,UPS 2nd Day Air,GROUND
ORD-1042078,2025-04-28,13:52:12,SKU-01689,2,D-03R-012-1-B,PKR-022,MULTI,FedEx Ground,GROUND
ORD-1037913,2025-04-28,15:29:57,SKU-02609,2,C-01R-013-1-B,PKR-008,MULTI,FedEx Ground,GROUND
ORD-1038152,2025-04-28,07:14:27,SKU-02859,2,A-01L-018-3-A,PKR-014,MULTI,FedEx Ground,PRIORITY_2D
ORD-1038625,2025-04-28,11:38:06,SKU-03727,2,B-02R-023-4-A,PKR-020,MULTI,FedEx Ground,STANDARD_OVERNIGHT
ORD-1036397,2025-04-28,18:50:56,SKU-02527,2,D-01L-014-4-B,PKR-008,MULTI,UPS Ground,PRIORITY_2D
ORD-1042773,2025-04-28,07:30:29,SKU-02566,1,D-01R-008-4-A,PKR-028,SINGLE,FedEx 2Day,PRIORITY_2D
ORD-1039960,2025-04-28,08:02:25,SKU-02681,2,A-01R-018-4-B,PKR-009,MULTI,FedEx Ground,GROUND
ORD-1043554,2025-04-28,13:17:29,SKU-02564,2,C-01L-011-5-B,PKR-001,MULTI,FedEx Ground,STANDARD_OVERNIGHT
ORD-1040106,2025-04-28,13:14:04,SKU-04510,2,E-02L-001-3-A,PKR-012,MULTI,USPS Priority Mail,GROUND
ORD-1042697,2025-04-28,18:24:25,SKU-00026,2,A-03R-009-1-B,PKR-028,MULTI,FedEx Ground,GROUND
ORD-1037779,2025-04-28,11:46:14,SKU-04041,2,A-02R-002-2-B,PKR-007,MULTI,UPS Ground,GROUND
ORD-1038685,2025-04-28,07:44:26,SKU-04278,2,A-01L-026-4-B,PKR-028,MULTI,USPS Priority Mail,GROUND
ORD-1038854,2025-04-28,19:13:50,SKU-01803,2,B-03R-020-1-A,PKR-008,MULTI,UPS 2nd Day Air,PRIORITY_2D
ORD-1043726,2025-04-28,06:45:42,SKU-02667,2,E-01R-021-4-B,PKR-028,MULTI,UPS Ground,GROUND
ORD-1037600,2025-04-28,12:16:38,SKU-03881,1,B-02R-002-4-A,PKR-010,MULTI,UPS 2nd Day Air,GROUND
ORD-1040583,2025-04-28,21:23:37,SKU-02160,2,C-01L-022-4-B,PKR-028,MULTI,FedEx Ground,PRIORITY_2D
ORD-1041193,2025-04-28,20:55:55,SKU-02691,2,D-02R-015-4-A,PKR-019,MULTI,UPS Ground,GROUND
ORD-1039429,2025-04-28,19:09:26,SKU-04538,2,A-01R-001-1-B,PKR-016,MULTI,USPS Priority Mail,GROUND
ORD-1041777,2025-04-28,09:19:56,SKU-00530,2,A-03L-006-3-B,PKR-004,MULTI,UPS Ground,PRIORITY_2D
ORD-1037422,2025-04-28,10:59:58,SKU-02554,2,C-01L-003-1-B,PKR-017,MULTI,UPS Ground,GROUND
ORD-1037201,2025-04-28,15:10:27,SKU-00327,2,D-04R-001-3-A,PKR-017,SINGLE,USPS Priority Mail,GROUND
ORD-1042879,2025-04-28,09:00:50,SKU-04542,2,C-02L-018-4-A,PKR-023,MULTI,USPS Priority Mail,GROUND
ORD-1039403,2025-04-28,18:59:38,SKU-04328,1,A-02L-021-1-B,PKR-019,MULTI,USPS Priority Mail,STANDARD_OVERNIGHT
ORD-1037384,2025-04-28,14:12:10,SKU-04515,2,D-01R-003-4-B,PKR-010,MULTI,UPS Ground,GROUND
ORD-1040231,2025-04-28,09:34:52,SKU-02747,1,A-01R-022-3-A,PKR-014,MULTI,FedEx Ground,PRIORITY_2D
ORD-1041648,2025-04-28,09:02:39,SKU-03205,2,C-02L-026-1-B,PKR-029,MULTI,USPS Priority Mail,GROUND
ORD-1042337,2025-04-28,18:27:41,SKU-02816,2,A-02R-004-2-A,PKR-031,MULTI,FedEx 2Day,GROUND
ORD-1041886,2025-04-28,12:52:57,SKU-02140,1,B-01R-020-2-B,PKR-021,MULTI,UPS Ground,GROUND
ORD-1036946,2025-04-28,16:14:26,SKU-02816,2,A-02R-004-2-A,PKR-030,MULTI,FedEx Ground,GROUND
ORD-1041459,2025-04-28,19:58:28,SKU-00867,2,A-04R-001-1-A,PKR-008,MULTI,FedEx Ground,GROUND
ORD-1037902,2025-04-28,17:35:52,SKU-03041,2,A-01R-001-1-A,PKR-027,MULTI,UPS Ground,PRIORITY_2D
ORD-1040359,2025-04-28,11:07:27,SKU-00841,2,D-04R-010-1-B,PKR-032,MULTI,UPS Ground,PRIORITY_2D
ORD-1042971,2025-04-28,15:52:36,SKU-02908,1,B-02L-005-3-A,PKR-029,MULTI,UPS Ground,GROUND
ORD-1041057,2025-04-28,21:04:43,SKU-01159,2,D-04L-017-3-B,PKR-014,MULTI,USPS Priority Mail,PRIORITY_2D
ORD-1036003,2025-04-28,11:00:16,SKU-00044,2,B-03R-009-3-A,PKR-014,MULTI,FedEx Ground,GROUND
ORD-1040781,2025-04-28,17:09:46,SKU-03811,2,D-01L-025-4-A,PKR-004,MULTI,FedEx Ground,GROUND
ORD-1038633,2025-04-28,09:40:43,SKU-03480,2,C-01L-002-1-A,PKR-014,MULTI,FedEx 2Day,GROUND
ORD-1037808,2025-04-28,06:58:07,SKU-02104,2,B-01R-002-1-A,PKR-010,MULTI,UPS Ground,GROUND
ORD-1043171,2025-04-28,11:25:58,SKU-00146,2,E-03R-002-2-B,PKR-014,MULTI,UPS 2nd Day Air,GROUND
ORD-1038226,2025-04-28,08:59:12,SKU-04770,1,B-02R-015-3-A,PKR-015,MULTI,FedEx 2Day,GROUND
ORD-1041127,2025-04-28,12:30:38,SKU-02681,2,A-01R-018-4-B,PKR-005,MULTI,USPS Priority Mail,GROUND
ORD-1040718,2025-04-28,13:30:28,SKU-04041,1,A-02R-002-2-B,PKR-018,MULTI,USPS Priority Mail,GROUND
ORD-1041227,2025-04-28,11:01:15,SKU-00090,2,C-04R-005-2-A,PKR-031,MULTI,USPS Priority Mail,GROUND
ORD-1043930,2025-04-28,20:47:18,SKU-02125,1,A-01R-020-2-B,PKR-030,MULTI,UPS Ground,GROUND
ORD-1043776,2025-04-28,13:28:31,SKU-03608,1,A-01R-015-2-A,PKR-014,MULTI,FedEx Ground,PRIORITY_2D
ORD-1042502,2025-04-28,15:02:35,SKU-02613,2,D-01R-018-5-A,PKR-026,MULTI,FedEx Ground,GROUND
ORD-1039406,2025-04-28,18:38:46,SKU-03727,2,B-02R-023-4-A,PKR-015,MULTI,FedEx Ground,GROUND
ORD-1040915,2025-04-28,20:44:53,SKU-01124,1,B-03R-007-4-A,PKR-016,MULTI,FedEx 2Day,GROUND
ORD-1041175,2025-04-28,19:26:15,SKU-04171,2,D-01R-002-4-A,PKR-032,MULTI,FedEx Ground,STANDARD_OVERNIGHT
ORD-1041369,2025-04-28,17:13:40,SKU-00872,1,A-04L-005-1-A,PKR-019,SINGLE,FedEx Ground,GROUND
ORD-1038730,2025-04-28,16:05:18,SKU-04457,2,A-01L-020-2-B,PKR-016,MULTI,UPS Ground,GROUND
ORD-1041918,2025-04-28,16:45:54,SKU-04828,2,D-01L-015-3-A,PKR-011,MULTI,UPS Ground,GROUND
ORD-1041268,2025-04-28,14:18:46,SKU-02558,1,B-01L-010-1-B,PKR-016,MULTI,UPS Ground,GROUND
ORD-1038966,2025-04-28,14:56:31,SKU-01008,1,A-04L-017-4-A,PKR-024,MULTI,UPS Ground,PRIORITY_2D
ORD-1042338,2025-04-28,12:39:51,SKU-04865,2,A-01R-011-4-B,PKR-003,MULTI,UPS 2nd Day Air,GROUND
ORD-1043958,2025-04-28,08:02:30,SKU-03088,2,E-01R-025-3-A,PKR-022,MULTI,UPS Ground,GROUND
ORD-1037421,2025-04-28,20:44:41,SKU-04763,2,D-02R-009-2-A,PKR-009,MULTI,FedEx Ground,GROUND
ORD-1037341,2025-04-28,11:00:47,SKU-02370,2,C-02L-011-1-B,PKR-021,SINGLE,FedEx Ground,GROUND
ORD-1042839,2025-04-28,11:08:40,SKU-04370,1,A-02R-026-5-A,PKR-028,MULTI,FedEx Ground,GROUND
ORD-1040009,2025-04-28,09:46:38,SKU-00872,1,A-04L-005-1-A,PKR-007,MULTI,FedEx Ground,GROUND
ORD-1037605,2025-04-28,16:04:23,SKU-02609,1,C-01R-013-1-B,PKR-008,MULTI,USPS Priority Mail,GROUND
ORD-1040025,2025-04-28,06:25:52,SKU-02366,2,A-01R-020-4-A,PKR-012,MULTI,UPS Ground,PRIORITY_2D
ORD-1043003,2025-04-28,08:56:25,SKU-02908,2,B-02L-005-3-A,PKR-011,MULTI,UPS Ground,PRIORITY_2D
ORD-1042665,2025-04-28,19:06:34,SKU-00037,2,A-03L-004-3-A,PKR-032,MULTI,FedEx Ground,GROUND
ORD-1038740,2025-04-28,07:34:24,SKU-04637,2,B-02L-003-1-A,PKR-005,MULTI,FedEx Ground,GROUND
ORD-1037506,2025-04-28,16:03:13,SKU-03727,2,B-02R-023-4-A,PKR-021,MULTI,USPS Priority Mail,GROUND
ORD-1037550,2025-04-28,08:43:10,SKU-04328,2,A-02L-021-1-B,PKR-006,MULTI,USPS Priority Mail,GROUND
ORD-1036413,2025-04-28,14:10:00,SKU-04555,2,C-02R-004-3-B,PKR-022,MULTI,USPS Priority Mail,PRIORITY_2D
ORD-1043152,2025-04-28,19:44:05,SKU-00772,2,E-04L-019-4-B,PKR-020,MULTI,USPS Priority Mail,PRIORITY_2D
ORD-1037029,2025-04-28,09:21:43,SKU-00392,2,B-03L-019-1-B,PKR-001,MULTI,USPS Priority Mail,GROUND
ORD-1041374,2025-04-28,08:09:19,SKU-02266,2,A-01L-021-3-B,PKR-032,MULTI,UPS Ground,GROUND
ORD-1039096,2025-04-28,12:36:04,SKU-03774,2,B-02L-023-2-A,PKR-018,MULTI,FedEx Ground,GROUND
ORD-1036143,2025-04-28,12:28:36,SKU-02585,1,A-01R-012-4-A,PKR-028,MULTI,FedEx Ground,GROUND
ORD-1040803,2025-04-28,21:57:54,SKU-02045,2,B-01R-025-3-A,PKR-031,MULTI,FedEx Ground,GROUND
ORD-1036726,2025-04-28,06:33:25,SKU-03592,2,B-01R-008-5-A,PKR-007,MULTI,FedEx Ground,GROUND
ORD-1038370,2025-04-28,09:15:56,SKU-04328,1,A-02L-021-1-B,PKR-003,MULTI,USPS Priority Mail,GROUND
ORD-1039683,2025-04-28,09:44:15,SKU-01844,2,A-03R-017-4-A,PKR-017,MULTI,USPS Priority Mail,GROUND
ORD-1036368,2025-04-28,15:10:53,SKU-04041,2,A-02R-002-2-B,PKR-020,MULTI,FedEx Ground,STANDARD_OVERNIGHT
ORD-1037078,2025-04-28,16:04:52,SKU-02827,2,D-01L-004-5-A,PKR-001,MULTI,USPS Priority Mail,GROUND
ORD-1038768,2025-04-28,19:19:46,SKU-02104,1,B-01R-002-1-A,PKR-023,SINGLE,USPS Priority Mail,STANDARD_OVERNIGHT
ORD-1042269,2025-04-28,18:20:51,SKU-03397,1,D-01L-013-1-A,PKR-031,MULTI,FedEx 2Day,GROUND
ORD-1043037,2025-04-28,20:59:24,SKU-00495,2,C-03L-011-4-B,PKR-025,MULTI,UPS Ground,GROUND
ORD-1042277,2025-04-28,10:34:31,SKU-02557,2,B-02L-019-4-A,PKR-029,MULTI,FedEx Ground,GROUND
ORD-1039344,2025-04-28,13:43:23,SKU-04865,1,A-01R-011-4-B,PKR-029,MULTI,UPS Ground,GROUND
ORD-1041899,2025-04-28,06:22:03,SKU-02558,2,B-01L-010-1-B,PKR-028,MULTI,UPS Ground,GROUND
ORD-1036547,2025-04-28,10:04:28,SKU-04041,1,A-02R-002-2-B,PKR-020,MULTI,UPS Ground,GROUND
ORD-1043754,2025-04-28,06:51:56,SKU-04878,1,B-01R-016-3-B,PKR-030,MULTI,UPS Ground,STANDARD_OVERNIGHT
ORD-1039265,2025-04-28,14:03:43,SKU-02191,1,A-01L-014-2-B,PKR-026,MULTI,USPS Priority Mail,GROUND
ORD-1043142,2025-04-28,07:18:59,SKU-02438,2,C-01L-007-5-B,PKR-015,MULTI,UPS Ground,GROUND
ORD-1038504,2025-04-28,19:02:24,SKU-01204,1,A-03R-016-1-B,PKR-012,MULTI,USPS Priority Mail,GROUND
ORD-1039127,2025-04-28,17:25:30,SKU-04328,2,A-02L-021-1-B,PKR-004,MULTI,UPS Ground,GROUND
ORD-1040048,2025-04-28,15:31:55,SKU-02681,1,A-01R-018-4-B,PKR-013,MULTI,UPS Ground,GROUND
ORD-1043183,2025-04-28,13:12:34,SKU-02512,2,B-02L-023-2-B,PKR-006,MULTI,UPS Ground,GROUND
ORD-1038971,2025-04-28,20:27:58,SKU-03032,1,A-02L-020-4-B,PKR-022,MULTI,FedEx Ground,GROUND
ORD-1039514,2025-04-28,21:20:54,SKU-00379,1,A-03R-020-4-B,PKR-019,MULTI,USPS Priority Mail,GROUND
ORD-1041544,2025-04-28,09:15:28,SKU-00836,2,D-04L-002-3-B,PKR-012,MULTI,FedEx 2Day,GROUND
ORD-1038991,2025-04-28,17:58:47,SKU-04328,1,A-02L-021-1-B,PKR-027,MULTI,UPS Ground,GROUND
ORD-1039776,2025-04-28,12:33:18,SKU-03378,2,A-01L-004-4-B,PKR-031,MULTI,USPS Priority Mail,GROUND
ORD-1039091,2025-04-28,17:56:08,SKU-04328,2,A-02L-021-1-B,PKR-009,MULTI,UPS Ground,GROUND
ORD-1039648,2025-04-28,10:47:07,SKU-04041,1,A-02R-002-2-B,PKR-022,MULTI,USPS Priority Mail,PRIORITY_2D
ORD-1037178,2025-04-28,08:52:42,SKU-04328,2,A-02L-021-1-B,PKR-019,MULTI,UPS Ground,GROUND
ORD-1041956,2025-04-28,15:24:14,SKU-04041,1,A-02R-002-2-B,PKR-025,MULTI,FedEx Ground,PRIORITY_2D
ORD-1038147,2025-04-28,06:36:58,SKU-02585,2,A-01R-012-4-A,PKR-030,MULTI,FedEx Ground,GROUND
ORD-1042364,2025-04-28,09:44:03,SKU-00046,2,B-03L-005-2-A,PKR-015,MULTI,UPS Ground,GROUND
ORD-1040297,2025-04-28,08:05:22,SKU-04347,2,B-02R-012-5-B,PKR-003,MULTI,FedEx Ground,GROUND
ORD-1037903,2025-04-28,20:51:51,SKU-01325,1,C-04L-007-1-A,PKR-005,MULTI,UPS Ground,PRIORITY_2D
ORD-1037764,2025-04-28,14:35:16,SKU-04041,2,A-02R-002-2-B,PKR-011,MULTI,UPS 2nd Day Air,GROUND
ORD-1037916,2025-04-28,19:39:58,SKU-04558,2,A-01L-008-1-A,PKR-026,MULTI,FedEx Ground,GROUND
ORD-1038647,2025-04-28,15:15:00,SKU-02938,2,B-02L-005-1-A,PKR-022,MULTI,UPS 2nd Day Air,GROUND
ORD-1041385,2025-04-28,16:55:32,SKU-02526,2,B-02L-005-3-B,PKR-020,SINGLE,USPS Priority Mail,GROUND
ORD-1040366,2025-04-28,21:03:51,SKU-04608,2,A-02L-025-1-B,PKR-021,MULTI,USPS Priority Mail,PRIORITY_2D
ORD-1038604,2025-04-28,12:06:59,SKU-04992,1,A-01R-020-3-A,PKR-005,MULTI,USPS Priority Mail,GROUND
ORD-1036075,2025-04-28,21:56:10,SKU-01267,2,B-03L-020-4-B,PKR-014,MULTI,UPS Ground,PRIORITY_2D
ORD-1037379,2025-04-28,08:03:18,SKU-01721,2,A-04L-015-4-B,PKR-004,MULTI,USPS Priority Mail,GROUND
ORD-1037006,2025-04-28,09:30:02,SKU-04328,2,A-02L-021-1-B,PKR-018,MULTI,UPS Ground,PRIORITY_2D
ORD-1038106,2025-04-28,14:39:07,SKU-04052,2,D-01L-016-4-B,PKR-005,MULTI,UPS Ground,GROUND
ORD-1039127,2025-04-28,17:25:30,SKU-04328,2,A-02L-021-1-B,PKR-004,MULTI,UPS Ground,GROUND
ORD-1040967,2025-04-28,20:20:22,SKU-02104,1,B-01R-002-1-A,PKR-019,MULTI,FedEx Ground,GROUND
ORD-1043955,2025-04-28,19:27:15,SKU-00329,1,B-04L-006-3-A,PKR-019,MULTI,FedEx Ground,PRIORITY_2D
ORD-1040326,2025-04-28,16:25:30,SKU-02574,2,B-02R-006-1-A,PKR-001,MULTI,FedEx Ground,GROUND
ORD-1040596,2025-04-28,14:57:43,SKU-01593,2,A-03L-001-4-A,PKR-029,MULTI,FedEx Ground,GROUND
ORD-1042975,2025-04-28,07:24:54,SKU-02269,1,C-02L-019-3-B,PKR-006,SINGLE,UPS 2nd Day Air,GROUND
ORD-1043319,2025-04-28,13:14:27,SKU-03997,1,D-01L-020-1-A,PKR-003,MULTI,USPS Priority Mail,GROUND
ORD-1043267,2025-04-28,10:12:06,SKU-00065,2,B-03R-002-4-B,PKR-003,MULTI,USPS Priority Mail,GROUND
ORD-1041700,2025-04-28,08:05:04,SKU-04370,2,A-02R-026-5-A,PKR-029,MULTI,FedEx Ground,GROUND
ORD-1037363,2025-04-28,16:54:00,SKU-02246,1,A-01L-007-4-B,PKR-008,MULTI,FedEx Ground,PRIORITY_2D
ORD-1043018,2025-04-28,10:25:24,SKU-00591,1,D-04L-012-3-A,PKR-003,MULTI,USPS Priority Mail,GROUND
ORD-1036375,2025-04-28,06:22:08,SKU-04328,2,A-02L-021-1-B,PKR-027,MULTI,USPS Priority Mail,GROUND
ORD-1039668,2025-04-28,18:55:20,SKU-00376,1,B-04L-004-2-B,PKR-018,MULTI,FedEx Ground,GROUND
ORD-1036033,2025-04-28,14:16:54,SKU-00958,2,B-03L-012-2-A,PKR-017,MULTI,USPS Priority Mail,GROUND
ORD-1039551,2025-04-28,09:00:46,SKU-02240,2,B-02L-008-4-B,PKR-031,MULTI,UPS Ground,STANDARD_OVERNIGHT
ORD-1038574,2025-04-28,17:04:29,SKU-04778,2,B-01L-023-3-B,PKR-003,SINGLE,UPS 2nd Day Air,GROUND
ORD-1036002,2025-04-28,21:41:58,SKU-04513,2,D-02L-019-4-A,PKR-006,MULTI,UPS Ground,GROUND
ORD-1041314,2025-04-28,16:02:20,SKU-00726,2,E-04L-002-3-B,PKR-009,MULTI,FedEx Ground,PRIORITY_2D
ORD-1043313,2025-04-28,08:40:39,SKU-02154,2,B-02R-026-5-A,PKR-007,MULTI,FedEx 2Day,GROUND
ORD-1042841,2025-04-28,10:42:27,SKU-04608,2,A-02L-025-1-B,PKR-016,MULTI,FedEx Ground,PRIORITY_2D
ORD-1043041,2025-04-28,08:05:32,SKU-02156,2,B-02L-006-1-A,PKR-016,MULTI,UPS Ground,GROUND
ORD-1037334,2025-04-28,11:43:33,SKU-02509,2,B-01L-020-5-A,PKR-027,MULTI,FedEx Ground,GROUND
ORD-1042535,2025-04-28,14:55:47,SKU-04693,2,B-01L-018-2-B,PKR-010,MULTI,FedEx Ground,PRIORITY_2D
ORD-1042163,2025-04-28,11:20:42,SKU-02366,2,A-01R-020-4-A,PKR-009,MULTI,FedEx 2Day,GROUND
ORD-1043104,2025-04-28,18:26:20,SKU-00149,1,C-03R-009-3-A,PKR-001,MULTI,UPS Ground,GROUND
ORD-1044048,2025-04-29,12:18:01,SKU-02347,1,C-01R-020-1-B,PKR-010,MULTI,UPS Ground,GROUND
ORD-1050291,2025-04-29,09:41:17,SKU-03418,2,A-01L-002-4-A,PKR-004,MULTI,USPS Priority Mail,GROUND
ORD-1049035,2025-04-29,11:42:33,SKU-02908,2,B-02L-005-3-A,PKR-029,MULTI,FedEx Ground,GROUND
ORD-1050768,2025-04-29,21:51:42,SKU-04308,1,B-02R-019-4-A,PKR-009,MULTI,FedEx Ground,GROUND
ORD-1047576,2025-04-29,16:13:04,SKU-01630,1,C-03R-010-1-B,PKR-024,MULTI,UPS Ground,GROUND
ORD-1051849,2025-04-29,17:02:21,SKU-00276,2,B-03R-014-2-B,PKR-026,MULTI,FedEx Ground,GROUND
ORD-1046190,2025-04-29,18:08:45,SKU-03728,2,D-01R-024-1-B,PKR-014,MULTI,USPS Priority Mail,GROUND
ORD-1046664,2025-04-29,13:07:53,SKU-03790,2,A-01L-017-1-B,PKR-012,MULTI,USPS Priority Mail,STANDARD_OVERNIGHT
ORD-1046243,2025-04-29,10:04:11,SKU-02366,2,A-01R-020-4-A,PKR-010,SINGLE,UPS Ground,PRIORITY_2D
ORD-1049765,2025-04-29,09:34:57,SKU-02775,1,C-01R-023-3-A,PKR-030,SINGLE,USPS Priority Mail,GROUND
ORD-1044524,2025-04-29,11:50:56,SKU-04538,2,A-01R-001-1-B,PKR-029,MULTI,UPS Ground,STANDARD_OVERNIGHT
ORD-1046807,2025-04-29,13:03:27,SKU-02913,1,B-01L-015-2-B,PKR-015,MULTI,UPS Ground,GROUND
ORD-1045661,2025-04-29,12:56:38,SKU-02249,2,D-01L-017-5-A,PKR-003,MULTI,FedEx Ground,GROUND
ORD-1047931,2025-04-29,12:06:36,SKU-04328,1,A-02L-021-1-B,PKR-007,MULTI,UPS Ground,PRIORITY_2D
ORD-1046155,2025-04-29,21:52:12,SKU-01739,2,A-03L-013-1-B,PKR-011,MULTI,FedEx Ground,PRIORITY_2D
ORD-1051679,2025-04-29,14:25:01,SKU-02366,1,A-01R-020-4-A,PKR-022,MULTI,FedEx Ground,GROUND
ORD-1046542,2025-04-29,19:34:45,SKU-01019,2,B-03R-014-1-A,PKR-022,MULTI,UPS 2nd Day Air,STANDARD_OVERNIGHT
ORD-1046632,2025-04-29,06:20:24,SKU-04680,1,D-01R-017-1-B,PKR-016,MULTI,USPS Priority Mail,GROUND
ORD-1045533,2025-04-29,20:52:49,SKU-02913,2,B-01L-015-2-B,PKR-002,MULTI,USPS Priority Mail,STANDARD_OVERNIGHT
ORD-1048464,2025-04-29,07:37:47,SKU-04563,2,A-02L-022-4-B,PKR-003,MULTI,FedEx Ground,GROUND
ORD-1047366,2025-04-29,16:10:38,SKU-01396,2,C-03R-014-2-A,PKR-012,MULTI,UPS Ground,STANDARD_OVERNIGHT
ORD-1050450,2025-04-29,12:15:47,SKU-02098,2,D-02L-024-2-B,PKR-016,MULTI,UPS Ground,PRIORITY_2D
ORD-1047036,2025-04-29,11:44:15,SKU-02775,1,C-01R-023-3-A,PKR-025,MULTI,UPS Ground,GROUND
ORD-1051171,2025-04-29,13:43:30,SKU-03825,1,B-01R-003-2-A,PKR-025,MULTI,FedEx Ground,GROUND
ORD-1044833,2025-04-29,20:37:05,SKU-00101,2,B-04L-005-3-B,PKR-026,MULTI,FedEx 2Day,PRIORITY_2D
ORD-1046078,2025-04-29,17:40:32,SKU-02609,2,C-01R-013-1-B,PKR-024,MULTI,FedEx Ground,PRIORITY_2D
ORD-1047710,2025-04-29,06:58:03,SKU-00239,2,A-04L-019-1-B,PKR-015,MULTI,USPS Priority Mail,GROUND
ORD-1045578,2025-04-29,19:18:18,SKU-03994,1,A-01L-010-3-A,PKR-025,MULTI,FedEx Ground,PRIORITY_2D
ORD-1049097,2025-04-29,08:03:23,SKU-04548,2,D-01R-017-3-B,PKR-007,MULTI,UPS Ground,GROUND
ORD-1049547,2025-04-29,12:08:12,SKU-02420,2,B-01L-005-4-B,PKR-025,MULTI,FedEx 2Day,GROUND
ORD-1046878,2025-04-29,07:54:00,SKU-01204,2,A-03R-016-1-B,PKR-001,MULTI,FedEx Ground,GROUND
ORD-1044970,2025-04-29,17:43:20,SKU-04328,2,A-02L-021-1-B,PKR-018,MULTI,UPS Ground,GROUND
ORD-1045436,2025-04-29,08:24:39,SKU-04608,2,A-02L-025-1-B,PKR-014,MULTI,FedEx Ground,GROUND
ORD-1051218,2025-04-29,11:52:30,SKU-00446,2,B-04L-006-4-A,PKR-018,MULTI,FedEx Ground,GROUND
ORD-1051989,2025-04-29,07:34:13,SKU-04328,2,A-02L-021-1-B,PKR-031,MULTI,UPS Ground,STANDARD_OVERNIGHT
ORD-1049354,2025-04-29,20:49:08,SKU-03635,2,A-02R-019-5-A,PKR-014,MULTI,USPS Priority Mail,GROUND
ORD-1049868,2025-04-29,06:17:18,SKU-04608,2,A-02L-025-1-B,PKR-011,MULTI,FedEx Ground,GROUND
ORD-1050995,2025-04-29,13:39:31,SKU-04328,2,A-02L-021-1-B,PKR-012,MULTI,FedEx Ground,GROUND
ORD-1045527,2025-04-29,07:28:34,SKU-04794,2,D-02L-012-5-A,PKR-023,MULTI,FedEx Ground,PRIORITY_2D
ORD-1045818,2025-04-29,18:16:10,SKU-04878,2,B-01R-016-3-B,PKR-019,MULTI,USPS Priority Mail,GROUND
ORD-1050724,2025-04-29,15:45:56,SKU-01121,2,B-04R-017-4-A,PKR-031,MULTI,FedEx Ground,GROUND
ORD-1049395,2025-04-29,08:10:52,SKU-04959,2,B-01L-008-1-B,PKR-002,MULTI,UPS Ground,GROUND
ORD-1044038,2025-04-29,12:16:32,SKU-02366,1,A-01R-020-4-A,PKR-004,MULTI,UPS Ground,GROUND
ORD-1044954,2025-04-29,14:16:01,SKU-00047,2,A-03L-014-4-B,PKR-016,MULTI,FedEx Ground,GROUND
ORD-1047297,2025-04-29,09:22:06,SKU-00454,2,D-03R-003-2-B,PKR-012,MULTI,UPS Ground,GROUND
ORD-1047027,2025-04-29,14:20:26,SKU-02104,2,B-01R-002-1-A,PKR-008,MULTI,USPS Priority Mail,PRIORITY_2D
ORD-1047151,2025-04-29,18:39:15,SKU-02034,1,A-02L-014-4-B,PKR-003,MULTI,USPS Priority Mail,PRIORITY_2D
ORD-1045154,2025-04-29,15:18:16,SKU-04328,2,A-02L-021-1-B,PKR-023,MULTI,USPS Priority Mail,GROUND
ORD-1047195,2025-04-29,06:30:48,SKU-02585,2,A-01R-012-4-A,PKR-014,MULTI,FedEx Ground,GROUND
ORD-1050223,2025-04-29,09:11:59,SKU-04328,1,A-02L-021-1-B,PKR-010,MULTI,USPS Priority Mail,GROUND
ORD-1051836,2025-04-29,11:33:51,SKU-04041,2,A-02R-002-2-B,PKR-004,MULTI,UPS Ground,GROUND
ORD-1051423,2025-04-29,08:29:25,SKU-03821,1,A-01R-017-3-A,PKR-010,MULTI,USPS Priority Mail,STANDARD_OVERNIGHT
ORD-1046591,2025-04-29,10:24:09,SKU-02908,2,B-02L-005-3-A,PKR-032,MULTI,USPS Priority Mail,GROUND
ORD-1048281,2025-04-29,09:50:20,SKU-01121,2,B-04R-017-4-A,PKR-023,MULTI,UPS Ground,GROUND
ORD-1047100,2025-04-29,12:11:13,SKU-02391,1,D-02R-013-4-A,PKR-024,MULTI,UPS 2nd Day Air,GROUND
ORD-1045047,2025-04-29,19:18:50,SKU-04608,2,A-02L-025-1-B,PKR-027,MULTI,USPS Priority Mail,GROUND
ORD-1045642,2025-04-29,17:17:26,SKU-02839,2,C-01R-026-1-A,PKR-026,MULTI,FedEx Ground,GROUND
ORD-1047134,2025-04-29,12:12:11,SKU-02913,2,B-01L-015-2-B,PKR-005,MULTI,UPS Ground,GROUND
ORD-1048204,2025-04-29,10:41:45,SKU-02748,2,C-02R-025-3-B,PKR-014,MULTI,FedEx 2Day,GROUND
ORD-1051331,2025-04-29,12:48:17,SKU-02140,2,B-01R-020-2-B,PKR-023,MULTI,UPS Ground,GROUND
ORD-1045609,2025-04-29,13:04:39,SKU-01490,2,B-04R-009-1-A,PKR-003,MULTI,FedEx Ground,GROUND
ORD-1049860,2025-04-29,15:59:09,SKU-00925,2,B-04R-015-2-B,PKR-002,MULTI,USPS Priority Mail,GROUND
ORD-1046090,2025-04-29,17:24:44,SKU-02956,2,A-01L-011-1-A,PKR-029,MULTI,UPS Ground,PRIORITY_2D
ORD-1050138,2025-04-29,13:21:54,SKU-01490,2,B-04R-009-1-A,PKR-007,MULTI,FedEx Ground,STANDARD_OVERNIGHT
ORD-1044007,2025-04-29,13:21:48,SKU-01121,1,B-04R-017-4-A,PKR-018,MULTI,USPS Priority Mail,GROUND
ORD-1046247,2025-04-29,15:33:36,SKU-01803,2,B-03R-020-1-A,PKR-032,SINGLE,USPS Priority Mail,GROUND
ORD-1050786,2025-04-29,11:35:15,SKU-02366,2,A-01R-020-4-A,PKR-021,MULTI,UPS 2nd Day Air,GROUND
ORD-1044975,2025-04-29,09:42:25,SKU-01803,2,B-03R-020-1-A,PKR-016,MULTI,USPS Priority Mail,GROUND
ORD-1051154,2025-04-29,10:43:09,SKU-02365,2,A-02L-010-3-A,PKR-029,MULTI,FedEx Ground,GROUND
ORD-1045594,2025-04-29,08:02:01,SKU-03364,1,C-01R-010-3-A,PKR-016,MULTI,FedEx Ground,PRIORITY_2D
ORD-1051384,2025-04-29,16:05:36,SKU-02085,2,D-02R-008-1-A,PKR-032,MULTI,USPS Priority Mail,GROUND
ORD-1048140,2025-04-29,13:21:31,SKU-04041,1,A-02R-002-2-B,PKR-019,MULTI,UPS Ground,PRIORITY_2D
ORD-1048904,2025-04-29,08:06:09,SKU-01490,1,B-04R-009-1-A,PKR-019,MULTI,USPS Priority Mail,GROUND
ORD-1047884,2025-04-29,10:05:15,SKU-04328,2,A-02L-021-1-B,PKR-015,MULTI,USPS Priority Mail,GROUND
ORD-1049992,2025-04-29,20:32:42,SKU-02537,2,A-02L-004-3-A,PKR-003,MULTI,FedEx Ground,GROUND
ORD-1044113,2025-04-29,11:53:19,SKU-02609,2,C-01R-013-1-B,PKR-009,MULTI,FedEx Ground,GROUND
ORD-1044170,2025-04-29,15:56:31,SKU-02927,2,C-02R-014-5-B,PKR-010,MULTI,FedEx Ground,GROUND
ORD-1044615,2025-04-29,19:04:22,SKU-02125,2,A-01R-020-2-B,PKR-008,MULTI,FedEx Ground,GROUND
ORD-1045827,2025-04-29,18:24:31,SKU-04124,2,D-02R-018-4-B,PKR-031,MULTI,USPS Priority Mail,GROUND
ORD-1046201,2025-04-29,16:24:44,SKU-00447,2,A-04L-008-2-A,PKR-008,MULTI,FedEx Ground,PRIORITY_2D
ORD-1050605,2025-04-29,15:32:34,SKU-03051,2,E-01R-026-3-B,PKR-028,MULTI,FedEx Ground,PRIORITY_2D
ORD-1050613,2025-04-29,19:43:05,SKU-04041,2,A-02R-002-2-B,PKR-026,MULTI,UPS Ground,GROUND
ORD-1051052,2025-04-29,19:19:56,SKU-04393,1,C-01R-006-5-B,PKR-019,MULTI,FedEx Ground,GROUND
ORD-1047515,2025-04-29,12:52:05,SKU-02366,2,A-01R-020-4-A,PKR-029,MULTI,FedEx 2Day,GROUND
ORD-1047754,2025-04-29,07:45:25,SKU-03496,2,B-01R-016-5-B,PKR-024,MULTI,UPS Ground,GROUND
ORD-1047829,2025-04-29,14:28:39,SKU-01557,1,A-03R-013-1-B,PKR-008,MULTI,FedEx 2Day,GROUND
ORD-1047027,2025-04-29,14:20:26,SKU-03881,2,B-02R-002-4-A,PKR-008,MULTI,USPS Priority Mail,PRIORITY_2D
ORD-1050429,2025-04-29,09:57:25,SKU-02357,2,C-02L-006-2-A,PKR-013,MULTI,UPS Ground,PRIORITY_2D
ORD-1046856,2025-04-29,07:08:08,SKU-02363,1,A-01R-022-2-A,PKR-017,MULTI,FedEx Ground,GROUND
ORD-1048167,2025-04-29,15:23:22,SKU-04890,2,A-02R-006-5-B,PKR-008,MULTI,USPS Priority Mail,GROUND
ORD-1045557,2025-04-29,14:49:08,SKU-02848,2,C-02L-021-1-A,PKR-020,MULTI,FedEx Ground,GROUND
ORD-1047882,2025-04-29,13:10:48,SKU-04582,2,E-01L-018-3-B,PKR-004,MULTI,UPS 2nd Day Air,PRIORITY_2D
ORD-1050411,2025-04-29,12:36:37,SKU-01331,1,A-03R-003-4-B,PKR-026,MULTI,FedEx Ground,GROUND
ORD-1050012,2025-04-29,16:46:18,SKU-01721,2,A-04L-015-4-B,PKR-013,MULTI,FedEx 2Day,GROUND
ORD-1049989,2025-04-29,14:30:23,SKU-02191,2,A-01L-014-2-B,PKR-031,MULTI,FedEx Ground,GROUND
ORD-1051330,2025-04-29,12:11:12,SKU-04328,2,A-02L-021-1-B,PKR-002,MULTI,UPS 2nd Day Air,GROUND
ORD-1048104,2025-04-29,10:56:40,SKU-02681,2,A-01R-018-4-B,PKR-009,MULTI,FedEx Ground,GROUND
ORD-1048563,2025-04-29,07:52:56,SKU-00872,1,A-04L-005-1-A,PKR-022,MULTI,FedEx 2Day,GROUND
ORD-1049367,2025-04-29,07:44:23,SKU-02609,1,C-01R-013-1-B,PKR-024,MULTI,UPS Ground,GROUND
ORD-1050633,2025-04-29,11:55:17,SKU-02104,2,B-01R-002-1-A,PKR-023,MULTI,UPS Ground,GROUND
ORD-1049467,2025-04-29,20:34:28,SKU-02868,2,E-02L-021-2-B,PKR-023,MULTI,FedEx 2Day,GROUND
ORD-1044476,2025-04-29,16:39:45,SKU-01490,2,B-04R-009-1-A,PKR-030,MULTI,USPS Priority Mail,GROUND
ORD-1050547,2025-04-29,09:24:19,SKU-00921,2,E-04L-008-1-A,PKR-012,MULTI,USPS Priority Mail,GROUND
ORD-1050073,2025-04-29,06:41:41,SKU-01803,2,B-03R-020-1-A,PKR-001,MULTI,USPS Priority Mail,GROUND
ORD-1045506,2025-04-29,08:50:48,SKU-03705,1,A-02L-025-2-A,PKR-023,MULTI,FedEx Ground,GROUND
ORD-1044612,2025-04-29,19:36:00,SKU-04328,2,A-02L-021-1-B,PKR-018,MULTI,UPS Ground,GROUND
ORD-1044292,2025-04-29,07:12:50,SKU-01387,2,A-04L-002-1-A,PKR-003,MULTI,FedEx Ground,GROUND
ORD-1044757,2025-04-29,10:25:20,SKU-04542,1,C-02L-018-4-A,PKR-023,MULTI,FedEx Ground,GROUND
ORD-1046403,2025-04-29,18:53:28,SKU-00872,2,A-04L-005-1-A,PKR-011,MULTI,UPS Ground,STANDARD_OVERNIGHT
ORD-1047344,2025-04-29,19:13:41,SKU-01880,2,C-03R-020-2-A,PKR-014,MULTI,UPS Ground,GROUND
ORD-1046862,2025-04-29,12:32:46,SKU-02104,1,B-01R-002-1-A,PKR-002,MULTI,USPS Priority Mail,GROUND
ORD-1049448,2025-04-29,06:38:06,SKU-02908,2,B-02L-005-3-A,PKR-020,MULTI,UPS Ground,GROUND
ORD-1051875,2025-04-29,12:38:44,SKU-04428,1,E-01L-012-1-B,PKR-007,MULTI,FedEx Ground,GROUND
ORD-1049917,2025-04-29,11:50:48,SKU-03446,1,D-02R-002-5-A,PKR-016,MULTI,USPS Priority Mail,GROUND
ORD-1045034,2025-04-29,10:54:46,SKU-04887,1,B-01L-015-5-B,PKR-023,MULTI,UPS Ground,GROUND
ORD-1046797,2025-04-29,18:47:51,SKU-03727,1,B-02R-023-4-A,PKR-032,MULTI,USPS Priority Mail,STANDARD_OVERNIGHT
ORD-1048601,2025-04-29,06:39:37,SKU-02365,2,A-02L-010-3-A,PKR-007,MULTI,USPS Priority Mail,GROUND
ORD-1049958,2025-04-29,11:44:39,SKU-04971,2,D-01R-016-3-B,PKR-022,MULTI,USPS Priority Mail,GROUND
ORD-1045890,2025-04-29,20:00:57,SKU-02681,1,A-01R-018-4-B,PKR-021,MULTI,UPS Ground,GROUND
ORD-1044733,2025-04-29,14:50:53,SKU-04865,2,A-01R-011-4-B,PKR-030,MULTI,USPS Priority Mail,GROUND
ORD-1051715,2025-04-29,11:12:49,SKU-02125,1,A-01R-020-2-B,PKR-002,MULTI,UPS Ground,PRIORITY_2D
ORD-1046176,2025-04-29,08:16:17,SKU-00372,1,E-04R-002-4-A,PKR-023,MULTI,UPS Ground,STANDARD_OVERNIGHT
ORD-1047606,2025-04-29,07:46:15,SKU-01106,2,C-04L-008-2-A,PKR-028,MULTI,UPS 2nd Day Air,GROUND
ORD-1044574,2025-04-29,15:33:46,SKU-04328,1,A-02L-021-1-B,PKR-022,MULTI,UPS Ground,GROUND
ORD-1048044,2025-04-29,21:22:26,SKU-04710,2,A-02L-008-2-A,PKR-005,MULTI,UPS Ground,GROUND
ORD-1049413,2025-04-29,08:45:17,SKU-04457,2,A-01L-020-2-B,PKR-008,MULTI,USPS Priority Mail,GROUND
ORD-1051275,2025-04-29,20:15:36,SKU-04962,2,B-02L-002-2-B,PKR-023,MULTI,FedEx 2Day,GROUND
ORD-1047728,2025-04-29,11:10:14,SKU-04328,2,A-02L-021-1-B,PKR-028,MULTI,FedEx Ground,GROUND
ORD-1045104,2025-04-29,11:44:37,SKU-00879,2,B-04L-004-1-B,PKR-020,MULTI,UPS Ground,GROUND
ORD-1045027,2025-04-29,08:25:13,SKU-03515,1,C-02R-006-5-A,PKR-021,MULTI,UPS Ground,GROUND
ORD-1045635,2025-04-29,06:03:15,SKU-04528,1,B-02R-014-3-B,PKR-020,MULTI,FedEx Ground,GROUND
ORD-1050830,2025-04-29,09:33:25,SKU-02366,2,A-01R-020-4-A,PKR-006,MULTI,FedEx Ground,GROUND
ORD-1051955,2025-04-29,06:04:00,SKU-04738,2,A-01R-022-4-B,PKR-009,SINGLE,FedEx Ground,PRIORITY_2D
ORD-1049398,2025-04-29,09:25:05,SKU-04608,1,A-02L-025-1-B,PKR-010,MULTI,UPS Ground,GROUND
ORD-1047141,2025-04-29,13:05:08,SKU-02366,1,A-01R-020-4-A,PKR-002,MULTI,UPS Ground,GROUND
ORD-1051638,2025-04-29,12:37:38,SKU-00332,1,C-03L-010-3-B,PKR-017,MULTI,FedEx 2Day,GROUND
ORD-1045441,2025-04-29,08:22:31,SKU-04041,2,A-02R-002-2-B,PKR-012,MULTI,UPS Ground,GROUND
ORD-1047828,2025-04-29,06:33:52,SKU-03584,2,B-02R-023-1-B,PKR-014,MULTI,FedEx Ground,GROUND
ORD-1045539,2025-04-29,09:01:03,SKU-04807,1,B-02L-013-3-B,PKR-012,MULTI,USPS Priority Mail,PRIORITY_2D
ORD-1051193,2025-04-29,09:38:14,SKU-04328,2,A-02L-021-1-B,PKR-016,MULTI,UPS Ground,GROUND
ORD-1046039,2025-04-29,09:58:36,SKU-01204,2,A-03R-016-1-B,PKR-001,MULTI,UPS Ground,STANDARD_OVERNIGHT
ORD-1050318,2025-04-29,18:38:09,SKU-04328,1,A-02L-021-1-B,PKR-007,MULTI,FedEx Ground,GROUND
ORD-1047321,2025-04-29,06:48:21,SKU-02428,2,B-01L-024-5-A,PKR-016,MULTI,UPS Ground,GROUND
ORD-1050782,2025-04-29,21:08:54,SKU-00872,1,A-04L-005-1-A,PKR-026,MULTI,FedEx Ground,PRIORITY_2D
ORD-1051098,2025-04-29,16:09:39,SKU-04328,2,A-02L-021-1-B,PKR-014,MULTI,UPS Ground,GROUND
ORD-1050891,2025-04-29,13:40:05,SKU-02204,2,A-02R-008-4-B,PKR-020,SINGLE,FedEx 2Day,GROUND
ORD-1044508,2025-04-29,21:19:48,SKU-04328,1,A-02L-021-1-B,PKR-001,MULTI,FedEx Ground,GROUND
ORD-1051478,2025-04-29,07:11:17,SKU-01331,2,A-03R-003-4-B,PKR-029,MULTI,UPS 2nd Day Air,GROUND
ORD-1050592,2025-04-29,10:49:59,SKU-00048,2,D-04L-014-4-B,PKR-017,MULTI,FedEx Ground,GROUND
ORD-1048828,2025-04-29,08:26:38,SKU-01204,1,A-03R-016-1-B,PKR-025,MULTI,FedEx Ground,PRIORITY_2D
ORD-1049729,2025-04-29,15:52:48,SKU-03149,1,A-01R-009-5-A,PKR-011,MULTI,FedEx 2Day,STANDARD_OVERNIGHT
ORD-1051588,2025-04-29,20:28:36,SKU-01552,2,A-04R-001-1-B,PKR-031,MULTI,FedEx Ground,GROUND
ORD-1048910,2025-04-29,14:26:06,SKU-01490,2,B-04R-009-1-A,PKR-022,MULTI,FedEx Ground,GROUND
ORD-1045549,2025-04-29,12:07:09,SKU-04328,1,A-02L-021-1-B,PKR-022,MULTI,UPS Ground,GROUND
ORD-1044863,2025-04-29,08:55:49,SKU-02085,2,D-02R-008-1-A,PKR-032,MULTI,USPS Priority Mail,GROUND
ORD-1044224,2025-04-29,07:27:22,SKU-00160,2,A-04R-008-2-B,PKR-009,MULTI,USPS Priority Mail,PRIORITY_2D
ORD-1046636,2025-04-29,07:08:25,SKU-04528,1,B-02R-014-3-B,PKR-022,MULTI,FedEx Ground,STANDARD_OVERNIGHT
ORD-1048717,2025-04-29,17:04:51,SKU-00701,2,A-04R-017-3-A,PKR-024,MULTI,FedEx Ground,GROUND
ORD-1048625,2025-04-29,19:25:01,SKU-02908,2,B-02L-005-3-A,PKR-009,MULTI,USPS Priority Mail,GROUND
ORD-1051455,2025-04-29,09:10:01,SKU-01721,2,A-04L-015-4-B,PKR-030,MULTI,FedEx Ground,GROUND
ORD-1046099,2025-04-29,15:42:04,SKU-00326,1,B-04L-006-2-B,PKR-018,MULTI,FedEx Ground,PRIORITY_2D
ORD-1044999,2025-04-29,15:07:23,SKU-01920,2,D-03R-003-3-A,PKR-021,MULTI,UPS Ground,PRIORITY_2D
ORD-1049151,2025-04-29,08:42:28,SKU-02681,2,A-01R-018-4-B,PKR-008,MULTI,FedEx Ground,GROUND
ORD-1051710,2025-04-29,07:53:45,SKU-04480,2,D-02R-017-3-B,PKR-002,MULTI,USPS Priority Mail,STANDARD_OVERNIGHT
ORD-1044879,2025-04-29,12:55:00,SKU-01803,2,B-03R-020-1-A,PKR-028,MULTI,FedEx Ground,GROUND
ORD-1051678,2025-04-29,07:43:51,SKU-02232,2,C-01L-002-5-A,PKR-018,SINGLE,FedEx Ground,GROUND
ORD-1049534,2025-04-29,11:19:53,SKU-04975,1,A-02L-004-4-B,PKR-030,MULTI,UPS Ground,GROUND
ORD-1047556,2025-04-29,16:15:39,SKU-00061,2,D-03L-004-3-A,PKR-012,MULTI,USPS Priority Mail,GROUND
ORD-1044984,2025-04-29,09:51:10,SKU-02973,1,B-01R-015-1-A,PKR-013,MULTI,UPS Ground,PRIORITY_2D
ORD-1051488,2025-04-29,20:29:12,SKU-02116,1,A-02R-026-4-A,PKR-006,MULTI,UPS Ground,GROUND
ORD-1046793,2025-04-29,16:49:21,SKU-01428,1,A-03L-006-4-A,PKR-031,SINGLE,USPS Priority Mail,GROUND
ORD-1048951,2025-04-29,11:34:25,SKU-04328,1,A-02L-021-1-B,PKR-007,MULTI,UPS 2nd Day Air,GROUND
ORD-1048588,2025-04-29,08:49:47,SKU-02681,2,A-01R-018-4-B,PKR-023,SINGLE,USPS Priority Mail,GROUND
ORD-1049827,2025-04-29,13:48:56,SKU-00839,2,B-04R-011-4-B,PKR-004,MULTI,UPS Ground,GROUND
ORD-1048570,2025-04-29,08:02:15,SKU-02931,1,D-01R-026-3-A,PKR-004,MULTI,UPS Ground,STANDARD_OVERNIGHT
ORD-1047590,2025-04-29,12:32:55,SKU-00446,1,B-04L-006-4-A,PKR-032,MULTI,FedEx Ground,GROUND
ORD-1045788,2025-04-29,12:33:41,SKU-02060,2,A-01R-005-3-B,PKR-010,MULTI,FedEx Ground,GROUND
ORD-1046646,2025-04-29,21:39:19,SKU-02558,2,B-01L-010-1-B,PKR-023,MULTI,USPS Priority Mail,GROUND
ORD-1048999,2025-04-29,21:40:46,SKU-02681,1,A-01R-018-4-B,PKR-013,MULTI,UPS Ground,GROUND
ORD-1049089,2025-04-29,08:59:39,SKU-02593,1,A-01R-025-5-B,PKR-002,MULTI,UPS 2nd Day Air,GROUND
ORD-1044893,2025-04-29,15:51:18,SKU-02893,1,B-01L-026-2-B,PKR-024,MULTI,FedEx Ground,PRIORITY_2D
ORD-1047914,2025-04-29,11:40:20,SKU-02991,2,C-01R-014-2-A,PKR-010,MULTI,FedEx Ground,GROUND
ORD-1044417,2025-04-29,07:55:09,SKU-01965,2,C-03L-001-2-A,PKR-013,MULTI,UPS Ground,STANDARD_OVERNIGHT
ORD-1051143,2025-04-29,07:30:32,SKU-04608,1,A-02L-025-1-B,PKR-025,MULTI,FedEx Ground,GROUND
ORD-1045832,2025-04-29,12:49:29,SKU-02480,2,A-02R-005-1-B,PKR-021,MULTI,UPS Ground,GROUND
ORD-1049172,2025-04-29,16:21:46,SKU-02045,2,B-01R-025-3-A,PKR-026,MULTI,USPS Priority Mail,GROUND
ORD-1050239,2025-04-29,19:37:29,SKU-00411,1,C-03L-008-4-A,PKR-010,SINGLE,UPS 2nd Day Air,GROUND
ORD-1046184,2025-04-29,20:03:36,SKU-02366,2,A-01R-020-4-A,PKR-010,MULTI,UPS Ground,STANDARD_OVERNIGHT
ORD-1048877,2025-04-29,15:25:09,SKU-04932,1,A-02R-018-5-A,PKR-015,MULTI,UPS 2nd Day Air,GROUND
ORD-1048702,2025-04-29,08:30:25,SKU-00553,1,A-04L-016-4-B,PKR-012,MULTI,USPS Priority Mail,GROUND
ORD-1049404,2025-04-29,10:06:24,SKU-03727,2,B-02R-023-4-A,PKR-001,MULTI,FedEx Ground,GROUND
ORD-1048261,2025-04-29,09:01:41,SKU-00872,1,A-04L-005-1-A,PKR-010,MULTI,UPS Ground,PRIORITY_2D
ORD-1048574,2025-04-29,18:22:40,SKU-04538,1,A-01R-001-1-B,PKR-012,MULTI,FedEx Ground,PRIORITY_2D
ORD-1045808,2025-04-29,09:17:51,SKU-00866,1,C-03R-004-4-A,PKR-013,MULTI,USPS Priority Mail,GROUND
ORD-1044088,2025-04-29,06:37:19,SKU-02104,2,B-01R-002-1-A,PKR-027,MULTI,FedEx Ground,GROUND
ORD-1046071,2025-04-29,08:59:28,SKU-00037,2,A-03L-004-3-A,PKR-015,MULTI,UPS Ground,GROUND
ORD-1046139,2025-04-29,21:14:45,SKU-04041,1,A-02R-002-2-B,PKR-026,MULTI,FedEx Ground,GROUND
ORD-1050115,2025-04-29,21:33:03,SKU-02893,2,B-01L-026-2-B,PKR-018,MULTI,FedEx Ground,GROUND
ORD-1046297,2025-04-29,12:02:59,SKU-01961,2,E-04R-005-2-A,PKR-021,MULTI,USPS Priority Mail,GROUND
ORD-1045126,2025-04-29,13:08:22,SKU-04370,2,A-02R-026-5-A,PKR-010,MULTI,FedEx Ground,GROUND
ORD-1047401,2025-04-29,11:59:00,SKU-04528,2,B-02R-014-3-B,PKR-007,MULTI,UPS Ground,GROUND
ORD-1050965,2025-04-29,09:58:20,SKU-03831,1,A-01L-021-5-B,PKR-006,MULTI,FedEx 2Day,GROUND
ORD-1045986,2025-04-29,13:18:22,SKU-02584,2,A-02L-003-1-B,PKR-021,MULTI,USPS Priority Mail,GROUND
ORD-1049227,2025-04-29,10:22:08,SKU-00838,2,A-03L-009-1-B,PKR-017,MULTI,UPS Ground,STANDARD_OVERNIGHT
ORD-1047703,2025-04-29,13:31:36,SKU-04328,1,A-02L-021-1-B,PKR-013,MULTI,USPS Priority Mail,GROUND
ORD-1050337,2025-04-29,17:20:11,SKU-03337,2,C-01R-021-4-A,PKR-015,MULTI,UPS 2nd Day Air,GROUND
ORD-1047398,2025-04-29,16:24:51,SKU-02882,2,D-01R-018-1-A,PKR-013,MULTI,UPS Ground,GROUND
ORD-1047789,2025-04-29,07:25:16,SKU-02595,1,D-02L-010-1-A,PKR-001,MULTI,UPS Ground,GROUND
ORD-1047988,2025-04-29,18:15:04,SKU-01428,2,A-03L-006-4-A,PKR-028,MULTI,USPS Priority Mail,STANDARD_OVERNIGHT
ORD-1045941,2025-04-29,20:20:43,SKU-03727,2,B-02R-023-4-A,PKR-013,MULTI,USPS Priority Mail,GROUND
ORD-1050120,2025-04-29,06:54:06,SKU-00345,1,C-03R-006-3-B,PKR-025,MULTI,UPS Ground,GROUND
ORD-1047288,2025-04-29,06:02:54,SKU-00872,1,A-04L-005-1-A,PKR-018,MULTI,FedEx Ground,GROUND
ORD-1046118,2025-04-29,11:51:07,SKU-02298,2,A-01L-014-4-A,PKR-030,MULTI,USPS Priority Mail,GROUND
ORD-1051483,2025-04-29,10:31:58,SKU-01339,2,B-04R-005-2-A,PKR-026,MULTI,FedEx Ground,GROUND
ORD-1044356,2025-04-29,06:42:39,SKU-02908,2,B-02L-005-3-A,PKR-015,MULTI,FedEx Ground,GROUND
ORD-1049332,2025-04-29,16:15:27,SKU-00376,2,B-04L-004-2-B,PKR-032,MULTI,USPS Priority Mail,STANDARD_OVERNIGHT
ORD-1050934,2025-04-29,10:06:43,SKU-03727,1,B-02R-023-4-A,PKR-023,MULTI,USPS Priority Mail,PRIORITY_2D
ORD-1048660,2025-04-29,10:48:40,SKU-02125,2,A-01R-020-2-B,PKR-026,MULTI,UPS Ground,PRIORITY_2D
ORD-1051420,2025-04-29,09:34:55,SKU-02880,2,E-02L-007-3-B,PKR-004,MULTI,FedEx Ground,GROUND
ORD-1048290,2025-04-29,14:53:50,SKU-02893,2,B-01L-026-2-B,PKR-024,MULTI,UPS Ground,GROUND
ORD-1044724,2025-04-29,09:30:22,SKU-02366,2,A-01R-020-4-A,PKR-001,MULTI,FedEx Ground,GROUND
ORD-1050784,2025-04-29,11:10:23,SKU-01749,1,A-04L-006-1-A,PKR-016,MULTI,UPS Ground,GROUND
ORD-1050942,2025-04-29,19:01:00,SKU-02509,1,B-01L-020-5-A,PKR-004,MULTI,UPS Ground,GROUND
ORD-1044525,2025-04-29,14:37:00,SKU-02510,2,C-01R-009-2-B,PKR-027,MULTI,FedEx Ground,GROUND
ORD-1045132,2025-04-29,09:47:49,SKU-00679,2,D-04L-011-4-B,PKR-031,MULTI,UPS Ground,PRIORITY_2D
ORD-1047078,2025-04-29,21:48:48,SKU-02517,2,A-02L-010-1-B,PKR-016,MULTI,FedEx 2Day,GROUND
ORD-1045265,2025-04-29,13:36:20,SKU-00132,2,A-04R-016-4-B,PKR-023,MULTI,UPS Ground,PRIORITY_2D
ORD-1054467,2025-04-30,06:25:37,SKU-03000,2,E-01R-010-5-A,PKR-007,MULTI,UPS 2nd Day Air,GROUND
ORD-1052529,2025-04-30,07:22:53,SKU-02609,2,C-01R-013-1-B,PKR-031,MULTI,FedEx Ground,GROUND
ORD-1058431,2025-04-30,11:48:33,SKU-04328,1,A-02L-021-1-B,PKR-018,MULTI,UPS Ground,PRIORITY_2D
ORD-1057670,2025-04-30,21:21:31,SKU-00094,1,D-03L-017-2-B,PKR-032,MULTI,FedEx Ground,GROUND
ORD-1057393,2025-04-30,20:06:36,SKU-00872,1,A-04L-005-1-A,PKR-001,MULTI,FedEx 2Day,GROUND
ORD-1052054,2025-04-30,08:31:43,SKU-01490,1,B-04R-009-1-A,PKR-005,MULTI,USPS Priority Mail,PRIORITY_2D
ORD-1054937,2025-04-30,08:06:11,SKU-03554,2,C-02L-010-3-A,PKR-008,MULTI,UPS Ground,STANDARD_OVERNIGHT
ORD-1059586,2025-04-30,14:04:28,SKU-04457,2,A-01L-020-2-B,PKR-010,MULTI,UPS 2nd Day Air,PRIORITY_2D
ORD-1052633,2025-04-30,09:55:57,SKU-04328,1,A-02L-021-1-B,PKR-015,MULTI,UPS Ground,GROUND
ORD-1057060,2025-04-30,17:02:45,SKU-04041,1,A-02R-002-2-B,PKR-028,MULTI,FedEx Ground,GROUND
ORD-1056941,2025-04-30,10:47:24,SKU-04328,2,A-02L-021-1-B,PKR-011,MULTI,USPS Priority Mail,STANDARD_OVERNIGHT
ORD-1054676,2025-04-30,13:30:57,SKU-00354,2,A-03R-003-1-B,PKR-009,MULTI,UPS Ground,GROUND
ORD-1056999,2025-04-30,09:10:48,SKU-04745,1,B-01R-013-5-A,PKR-029,MULTI,UPS 2nd Day Air,PRIORITY_2D
ORD-1056348,2025-04-30,09:43:26,SKU-01803,2,B-03R-020-1-A,PKR-008,MULTI,UPS Ground,GROUND
ORD-1056589,2025-04-30,19:46:53,SKU-02585,2,A-01R-012-4-A,PKR-021,MULTI,UPS Ground,GROUND
ORD-1059329,2025-04-30,08:03:22,SKU-02908,1,B-02L-005-3-A,PKR-016,MULTI,FedEx 2Day,GROUND
ORD-1059094,2025-04-30,11:01:47,SKU-04211,2,A-01L-009-5-B,PKR-023,MULTI,UPS Ground,GROUND
ORD-1055630,2025-04-30,12:09:13,SKU-01490,1,B-04R-009-1-A,PKR-032,MULTI,FedEx Ground,GROUND
ORD-1055999,2025-04-30,12:49:07,SKU-01547,2,C-04L-019-3-B,PKR-027,MULTI,USPS Priority Mail,GROUND
ORD-1056484,2025-04-30,09:58:56,SKU-04962,2,B-02L-002-2-B,PKR-006,MULTI,UPS Ground,PRIORITY_2D
ORD-1053185,2025-04-30,17:39:05,SKU-04328,2,A-02L-021-1-B,PKR-011,MULTI,USPS Priority Mail,GROUND
ORD-1052362,2025-04-30,10:36:25,SKU-03822,2,C-02L-016-3-A,PKR-032,MULTI,FedEx 2Day,PRIORITY_2D
ORD-1058205,2025-04-30,17:34:52,SKU-00408,1,A-03L-009-1-A,PKR-022,MULTI,FedEx 2Day,GROUND
ORD-1055048,2025-04-30,13:30:38,SKU-03424,2,A-02R-025-5-B,PKR-002,MULTI,USPS Priority Mail,PRIORITY_2D
ORD-1052170,2025-04-30,13:16:46,SKU-02366,1,A-01R-020-4-A,PKR-012,MULTI,USPS Priority Mail,STANDARD_OVERNIGHT
ORD-1053747,2025-04-30,20:51:04,SKU-03363,2,D-01R-018-5-B,PKR-024,MULTI,USPS Priority Mail,GROUND
ORD-1053474,2025-04-30,15:39:58,SKU-00585,2,C-04R-005-4-B,PKR-011,MULTI,FedEx Ground,GROUND
ORD-1052161,2025-04-30,06:52:00,SKU-03861,2,D-01L-020-1-B,PKR-004,SINGLE,USPS Priority Mail,GROUND
ORD-1057664,2025-04-30,09:12:38,SKU-04331,2,D-01L-009-3-B,PKR-009,MULTI,USPS Priority Mail,PRIORITY_2D
ORD-1055631,2025-04-30,20:52:26,SKU-02535,2,A-01R-022-4-A,PKR-026,MULTI,FedEx Ground,GROUND
ORD-1057782,2025-04-30,08:00:49,SKU-01331,2,A-03R-003-4-B,PKR-020,MULTI,UPS 2nd Day Air,PRIORITY_2D
ORD-1053874,2025-04-30,07:31:27,SKU-02388,1,A-02L-023-1-A,PKR-011,MULTI,UPS Ground,PRIORITY_2D
ORD-1052721,2025-04-30,07:12:23,SKU-04328,1,A-02L-021-1-B,PKR-016,MULTI,FedEx Ground,PRIORITY_2D
ORD-1054666,2025-04-30,07:46:12,SKU-02125,1,A-01R-020-2-B,PKR-023,MULTI,UPS Ground,GROUND
ORD-1053550,2025-04-30,15:24:32,SKU-02908,2,B-02L-005-3-A,PKR-027,MULTI,FedEx Ground,GROUND
ORD-1052685,2025-04-30,09:26:19,SKU-03823,2,C-02R-020-1-B,PKR-031,MULTI,UPS Ground,GROUND
ORD-1055723,2025-04-30,17:38:11,SKU-02291,2,D-01R-026-1-A,PKR-016,MULTI,UPS Ground,GROUND
ORD-1057260,2025-04-30,20:09:57,SKU-02366,2,A-01R-020-4-A,PKR-012,MULTI,USPS Priority Mail,PRIORITY_2D
ORD-1052718,2025-04-30,08:06:36,SKU-02779,2,B-02L-020-2-A,PKR-024,MULTI,FedEx 2Day,GROUND
ORD-1055836,2025-04-30,20:41:21,SKU-02406,2,B-01R-024-3-B,PKR-013,MULTI,UPS Ground,GROUND
ORD-1054081,2025-04-30,08:36:28,SKU-00575,2,D-03L-018-4-A,PKR-029,MULTI,USPS Priority Mail,GROUND
ORD-1057546,2025-04-30,16:38:42,SKU-02836,1,A-02R-009-1-B,PKR-025,MULTI,UPS Ground,PRIORITY_2D
ORD-1059379,2025-04-30,16:32:02,SKU-01463,2,A-04L-004-3-B,PKR-024,MULTI,USPS Priority Mail,PRIORITY_2D
ORD-1056045,2025-04-30,06:08:42,SKU-01696,2,B-03L-009-3-B,PKR-032,SINGLE,UPS Ground,STANDARD_OVERNIGHT
ORD-1055649,2025-04-30,06:47:53,SKU-00576,2,B-03L-013-2-B,PKR-021,MULTI,UPS Ground,GROUND
ORD-1059226,2025-04-30,11:55:29,SKU-02585,2,A-01R-012-4-A,PKR-021,MULTI,FedEx 2Day,GROUND
ORD-1057521,2025-04-30,10:45:59,SKU-00914,2,C-04L-008-4-A,PKR-028,MULTI,FedEx 2Day,GROUND
ORD-1059923,2025-04-30,08:40:44,SKU-04840,2,E-01L-021-5-A,PKR-025,MULTI,UPS Ground,GROUND
ORD-1052470,2025-04-30,14:02:29,SKU-04814,2,B-02R-017-4-A,PKR-018,MULTI,FedEx Ground,GROUND
ORD-1059523,2025-04-30,21:55:42,SKU-02271,2,A-01L-007-1-B,PKR-023,MULTI,FedEx 2Day,GROUND
ORD-1053698,2025-04-30,16:03:52,SKU-01208,2,C-03R-017-3-A,PKR-007,MULTI,UPS Ground,STANDARD_OVERNIGHT
ORD-1056477,2025-04-30,17:19:53,SKU-04865,2,A-01R-011-4-B,PKR-002,MULTI,USPS Priority Mail,GROUND
ORD-1056298,2025-04-30,17:48:51,SKU-04041,2,A-02R-002-2-B,PKR-026,MULTI,USPS Priority Mail,GROUND
ORD-1056828,2025-04-30,08:47:41,SKU-03149,1,A-01R-009-5-A,PKR-004,SINGLE,FedEx Ground,GROUND
ORD-1059313,2025-04-30,19:15:45,SKU-02062,2,D-01R-003-1-A,PKR-020,MULTI,FedEx Ground,GROUND
ORD-1057067,2025-04-30,15:51:53,SKU-04457,1,A-01L-020-2-B,PKR-006,MULTI,USPS Priority Mail,GROUND
ORD-1057793,2025-04-30,11:18:46,SKU-01895,2,C-03L-009-3-B,PKR-001,MULTI,FedEx Ground,STANDARD_OVERNIGHT
ORD-1052269,2025-04-30,18:53:11,SKU-00037,1,A-03L-004-3-A,PKR-012,MULTI,USPS Priority Mail,GROUND
ORD-1053633,2025-04-30,10:10:47,SKU-03727,1,B-02R-023-4-A,PKR-002,MULTI,FedEx Ground,GROUND
ORD-1056604,2025-04-30,10:37:11,SKU-01081,2,D-03L-003-1-B,PKR-003,MULTI,UPS Ground,GROUND
ORD-1059865,2025-04-30,10:32:17,SKU-01121,1,B-04R-017-4-A,PKR-001,MULTI,FedEx Ground,GROUND
ORD-1058795,2025-04-30,10:41:24,SKU-00852,2,D-04L-008-3-A,PKR-002,MULTI,FedEx Ground,GROUND
ORD-1057319,2025-04-30,08:29:21,SKU-02366,1,A-01R-020-4-A,PKR-019,MULTI,FedEx Ground,GROUND
ORD-1058234,2025-04-30,06:43:17,SKU-03727,2,B-02R-023-4-A,PKR-028,MULTI,USPS Priority Mail,GROUND
ORD-1059855,2025-04-30,10:17:35,SKU-04308,2,B-02R-019-4-A,PKR-013,MULTI,FedEx Ground,GROUND
ORD-1057805,2025-04-30,18:46:53,SKU-04328,2,A-02L-021-1-B,PKR-029,MULTI,FedEx Ground,GROUND
ORD-1059841,2025-04-30,12:11:07,SKU-04745,2,B-01R-013-5-A,PKR-016,MULTI,FedEx Ground,GROUND
ORD-1052654,2025-04-30,07:07:30,SKU-04328,2,A-02L-021-1-B,PKR-003,MULTI,FedEx Ground,GROUND
ORD-1052550,2025-04-30,12:28:00,SKU-02597,1,A-01L-006-4-B,PKR-029,MULTI,FedEx Ground,GROUND
ORD-1059851,2025-04-30,07:56:52,SKU-03375,2,A-02L-015-3-B,PKR-011,MULTI,UPS Ground,PRIORITY_2D
ORD-1059958,2025-04-30,08:27:14,SKU-02034,1,A-02L-014-4-B,PKR-032,MULTI,USPS Priority Mail,GROUND
ORD-1058103,2025-04-30,19:28:40,SKU-02609,2,C-01R-013-1-B,PKR-011,MULTI,USPS Priority Mail,GROUND
ORD-1056863,2025-04-30,12:01:07,SKU-01121,1,B-04R-017-4-A,PKR-027,MULTI,FedEx Ground,GROUND
ORD-1059165,2025-04-30,12:17:42,SKU-04878,2,B-01R-016-3-B,PKR-025,MULTI,FedEx 2Day,PRIORITY_2D
ORD-1057690,2025-04-30,06:02:36,SKU-02908,2,B-02L-005-3-A,PKR-026,MULTI,UPS 2nd Day Air,GROUND
ORD-1057689,2025-04-30,18:27:40,SKU-03727,2,B-02R-023-4-A,PKR-027,MULTI,FedEx Ground,GROUND
ORD-1059827,2025-04-30,10:57:59,SKU-02609,1,C-01R-013-1-B,PKR-014,MULTI,FedEx 2Day,GROUND
ORD-1054239,2025-04-30,12:24:00,SKU-01552,2,A-04R-001-1-B,PKR-030,MULTI,UPS Ground,GROUND
ORD-1053932,2025-04-30,18:26:42,SKU-04976,2,C-02R-018-4-B,PKR-004,MULTI,FedEx Ground,GROUND
ORD-1054862,2025-04-30,21:51:17,SKU-04328,2,A-02L-021-1-B,PKR-015,MULTI,UPS Ground,GROUND
ORD-1057119,2025-04-30,07:17:34,SKU-03860,2,C-02R-023-5-B,PKR-031,MULTI,UPS Ground,GROUND
ORD-1052796,2025-04-30,06:34:49,SKU-04041,2,A-02R-002-2-B,PKR-024,MULTI,UPS Ground,GROUND
ORD-1058984,2025-04-30,06:03:11,SKU-00872,1,A-04L-005-1-A,PKR-019,MULTI,UPS Ground,GROUND
ORD-1056595,2025-04-30,08:51:01,SKU-00053,2,B-03L-010-3-B,PKR-023,MULTI,UPS Ground,GROUND
ORD-1054435,2025-04-30,13:05:43,SKU-02585,2,A-01R-012-4-A,PKR-008,MULTI,FedEx Ground,PRIORITY_2D
ORD-1058421,2025-04-30,08:43:58,SKU-04025,1,C-01L-004-5-A,PKR-027,MULTI,UPS Ground,GROUND
ORD-1052610,2025-04-30,10:46:12,SKU-03881,1,B-02R-002-4-A,PKR-027,MULTI,USPS Priority Mail,STANDARD_OVERNIGHT
ORD-1056141,2025-04-30,17:47:12,SKU-04940,2,C-02L-001-4-B,PKR-005,MULTI,USPS Priority Mail,GROUND
ORD-1053799,2025-04-30,09:57:05,SKU-01552,2,A-04R-001-1-B,PKR-008,MULTI,FedEx Ground,PRIORITY_2D
ORD-1055968,2025-04-30,21:36:02,SKU-02853,2,D-02L-019-5-B,PKR-021,MULTI,UPS Ground,GROUND
ORD-1052211,2025-04-30,15:47:55,SKU-00838,1,A-03L-009-1-B,PKR-014,MULTI,UPS Ground,PRIORITY_2D
ORD-1054209,2025-04-30,09:46:11,SKU-01643,2,C-04L-009-3-B,PKR-030,MULTI,FedEx Ground,PRIORITY_2D
ORD-1055022,2025-04-30,21:11:08,SKU-00098,1,E-03L-010-4-B,PKR-004,MULTI,FedEx Ground,STANDARD_OVERNIGHT
ORD-1059740,2025-04-30,21:40:00,SKU-02232,2,C-01L-002-5-A,PKR-004,MULTI,FedEx Ground,GROUND
ORD-1057126,2025-04-30,16:07:51,SKU-00931,1,B-04L-010-3-B,PKR-005,MULTI,USPS Priority Mail,GROUND
ORD-1059705,2025-04-30,17:29:20,SKU-02597,2,A-01L-006-4-B,PKR-026,MULTI,UPS 2nd Day Air,GROUND
ORD-1057503,2025-04-30,21:22:38,SKU-01995,2,B-03R-015-1-A,PKR-018,MULTI,FedEx Ground,GROUND
ORD-1055284,2025-04-30,16:37:24,SKU-03727,1,B-02R-023-4-A,PKR-006,MULTI,UPS Ground,GROUND
ORD-1057440,2025-04-30,14:35:06,SKU-02681,2,A-01R-018-4-B,PKR-028,MULTI,UPS Ground,GROUND
ORD-1058168,2025-04-30,15:32:44,SKU-04932,2,A-02R-018-5-A,PKR-028,MULTI,UPS 2nd Day Air,PRIORITY_2D
ORD-1053362,2025-04-30,12:03:46,SKU-02681,2,A-01R-018-4-B,PKR-019,SINGLE,USPS Priority Mail,GROUND
ORD-1056844,2025-04-30,16:33:00,SKU-04775,2,A-02R-001-5-B,PKR-027,MULTI,UPS Ground,GROUND
ORD-1055942,2025-04-30,11:55:26,SKU-04878,1,B-01R-016-3-B,PKR-019,MULTI,FedEx 2Day,GROUND
ORD-1057971,2025-04-30,08:55:52,SKU-00872,2,A-04L-005-1-A,PKR-006,MULTI,UPS Ground,GROUND
ORD-1054519,2025-04-30,12:50:29,SKU-04328,2,A-02L-021-1-B,PKR-014,MULTI,USPS Priority Mail,GROUND
ORD-1058364,2025-04-30,15:51:04,SKU-04328,2,A-02L-021-1-B,PKR-021,MULTI,USPS Priority Mail,GROUND
ORD-1056928,2025-04-30,14:06:37,SKU-02317,2,D-01R-005-1-B,PKR-031,MULTI,USPS Priority Mail,GROUND
ORD-1053405,2025-04-30,12:39:22,SKU-02272,2,A-02R-002-5-A,PKR-027,MULTI,USPS Priority Mail,STANDARD_OVERNIGHT
ORD-1057964,2025-04-30,08:11:44,SKU-00326,1,B-04L-006-2-B,PKR-011,MULTI,UPS Ground,GROUND
ORD-1052717,2025-04-30,17:30:18,SKU-00872,1,A-04L-005-1-A,PKR-018,MULTI,UPS Ground,GROUND
ORD-1055329,2025-04-30,16:19:39,SKU-00324,2,C-03L-004-3-B,PKR-013,MULTI,FedEx Ground,PRIORITY_2D
ORD-1052460,2025-04-30,09:30:50,SKU-02366,2,A-01R-020-4-A,PKR-010,MULTI,USPS Priority Mail,PRIORITY_2D
ORD-1054478,2025-04-30,06:06:34,SKU-04768,1,A-01R-021-2-A,PKR-015,MULTI,FedEx Ground,PRIORITY_2D
ORD-1056785,2025-04-30,18:11:20,SKU-03005,1,C-02R-005-4-A,PKR-025,MULTI,FedEx 2Day,GROUND
ORD-1059217,2025-04-30,20:31:14,SKU-02404,2,A-01R-019-4-B,PKR-019,MULTI,FedEx Ground,GROUND
ORD-1056707,2025-04-30,15:34:17,SKU-00288,1,C-03R-006-2-A,PKR-022,MULTI,FedEx Ground,GROUND
ORD-1053843,2025-04-30,15:06:09,SKU-02908,2,B-02L-005-3-A,PKR-016,MULTI,FedEx Ground,GROUND
ORD-1055617,2025-04-30,13:32:25,SKU-04041,2,A-02R-002-2-B,PKR-023,MULTI,FedEx Ground,GROUND
ORD-1059073,2025-04-30,12:53:51,SKU-01121,2,B-04R-017-4-A,PKR-018,MULTI,UPS Ground,GROUND
ORD-1054601,2025-04-30,14:01:08,SKU-04041,2,A-02R-002-2-B,PKR-024,MULTI,UPS 2nd Day Air,GROUND
ORD-1053829,2025-04-30,19:09:22,SKU-02104,2,B-01R-002-1-A,PKR-003,MULTI,UPS Ground,GROUND
ORD-1057111,2025-04-30,09:27:41,SKU-03727,2,B-02R-023-4-A,PKR-011,MULTI,FedEx Ground,GROUND
ORD-1059024,2025-04-30,14:25:41,SKU-01533,2,C-03R-013-1-A,PKR-013,MULTI,USPS Priority Mail,GROUND
ORD-1055642,2025-04-30,21:34:37,SKU-01521,1,B-03L-006-1-B,PKR-001,MULTI,FedEx 2Day,GROUND
ORD-1058083,2025-04-30,06:15:07,SKU-00160,2,A-04R-008-2-B,PKR-006,MULTI,USPS Priority Mail,GROUND
ORD-1058208,2025-04-30,19:14:03,SKU-03413,2,C-01R-011-1-B,PKR-028,MULTI,FedEx Ground,PRIORITY_2D
ORD-1053998,2025-04-30,20:15:53,SKU-02628,2,B-01L-009-5-A,PKR-014,MULTI,FedEx Ground,GROUND
ORD-1055272,2025-04-30,07:47:54,SKU-04775,2,A-02R-001-5-B,PKR-013,MULTI,UPS Ground,GROUND
ORD-1055666,2025-04-30,08:08:29,SKU-02104,2,B-01R-002-1-A,PKR-019,MULTI,USPS Priority Mail,GROUND
ORD-1052172,2025-04-30,09:54:43,SKU-04775,2,A-02R-001-5-B,PKR-027,MULTI,FedEx 2Day,PRIORITY_2D
ORD-1057672,2025-04-30,06:54:39,SKU-00984,2,E-03R-015-1-B,PKR-023,MULTI,FedEx Ground,PRIORITY_2D
ORD-1055645,2025-04-30,19:54:00,SKU-04865,1,A-01R-011-4-B,PKR-013,MULTI,FedEx Ground,GROUND
ORD-1056502,2025-04-30,08:41:06,SKU-02366,2,A-01R-020-4-A,PKR-008,MULTI,UPS Ground,STANDARD_OVERNIGHT
ORD-1059722,2025-04-30,17:56:26,SKU-02609,2,C-01R-013-1-B,PKR-022,MULTI,UPS Ground,PRIORITY_2D
ORD-1056992,2025-04-30,07:19:15,SKU-04461,2,C-02L-017-5-B,PKR-013,MULTI,USPS Priority Mail,GROUND
ORD-1056701,2025-04-30,11:01:09,SKU-04865,1,A-01R-011-4-B,PKR-019,SINGLE,USPS Priority Mail,PRIORITY_2D
ORD-1054247,2025-04-30,07:08:40,SKU-01204,1,A-03R-016-1-B,PKR-014,MULTI,USPS Priority Mail,GROUND
ORD-1057624,2025-04-30,20:37:40,SKU-01552,2,A-04R-001-1-B,PKR-013,MULTI,FedEx Ground,PRIORITY_2D
ORD-1058474,2025-04-30,18:20:42,SKU-02961,2,B-02R-006-3-A,PKR-028,MULTI,UPS Ground,GROUND
ORD-1057399,2025-04-30,21:04:03,SKU-02336,2,D-01R-001-4-A,PKR-013,MULTI,UPS Ground,GROUND
ORD-1056589,2025-04-30,19:46:53,SKU-01999,2,A-04L-007-3-A,PKR-021,MULTI,UPS Ground,GROUND
ORD-1055231,2025-04-30,17:24:38,SKU-04328,1,A-02L-021-1-B,PKR-001,MULTI,FedEx Ground,GROUND
ORD-1058599,2025-04-30,21:26:11,SKU-04292,1,B-02L-008-2-A,PKR-031,MULTI,FedEx Ground,PRIORITY_2D
ORD-1058053,2025-04-30,17:52:30,SKU-03077,1,B-02L-012-4-B,PKR-020,MULTI,UPS Ground,GROUND
ORD-1059353,2025-04-30,11:15:02,SKU-04328,2,A-02L-021-1-B,PKR-013,MULTI,FedEx Ground,GROUND
ORD-1057990,2025-04-30,11:31:33,SKU-03681,2,D-01R-015-4-B,PKR-019,MULTI,USPS Priority Mail,GROUND
ORD-1058045,2025-04-30,14:28:05,SKU-02780,2,E-01R-012-1-B,PKR-009,SINGLE,USPS Priority Mail,GROUND
ORD-1057287,2025-04-30,19:03:17,SKU-02828,1,A-02L-007-2-A,PKR-019,MULTI,UPS Ground,PRIORITY_2D
ORD-1052579,2025-04-30,18:34:10,SKU-03727,2,B-02R-023-4-A,PKR-025,MULTI,FedEx 2Day,GROUND
ORD-1056545,2025-04-30,06:50:28,SKU-00178,1,C-04L-017-1-B,PKR-018,MULTI,USPS Priority Mail,GROUND
ORD-1059250,2025-04-30,13:03:39,SKU-02908,1,B-02L-005-3-A,PKR-026,MULTI,FedEx 2Day,GROUND
ORD-1056664,2025-04-30,11:47:59,SKU-04477,2,B-02L-001-2-A,PKR-025,MULTI,FedEx Ground,GROUND
ORD-1058048,2025-04-30,08:17:55,SKU-00606,2,B-04L-016-1-A,PKR-019,MULTI,USPS Priority Mail,GROUND
ORD-1059917,2025-04-30,16:13:25,SKU-03250,2,A-01R-001-3-A,PKR-028,MULTI,FedEx Ground,PRIORITY_2D
ORD-1058521,2025-04-30,14:16:17,SKU-03170,2,B-01L-013-1-B,PKR-014,MULTI,FedEx Ground,GROUND
ORD-1053057,2025-04-30,13:20:44,SKU-01721,1,A-04L-015-4-B,PKR-009,MULTI,FedEx Ground,GROUND
ORD-1057890,2025-04-30,08:40:14,SKU-03823,2,C-02R-020-1-B,PKR-001,MULTI,USPS Priority Mail,GROUND
ORD-1057738,2025-04-30,09:53:13,SKU-00412,2,D-03R-006-4-B,PKR-010,MULTI,USPS Priority Mail,GROUND
ORD-1059233,2025-04-30,08:37:21,SKU-04328,2,A-02L-021-1-B,PKR-021,MULTI,FedEx 2Day,GROUND
ORD-1058207,2025-04-30,09:56:53,SKU-00872,2,A-04L-005-1-A,PKR-003,MULTI,UPS Ground,GROUND
ORD-1055107,2025-04-30,10:48:11,SKU-02767,2,C-02R-013-1-B,PKR-018,MULTI,FedEx Ground,GROUND
ORD-1057394,2025-04-30,21:49:49,SKU-02770,2,D-01L-014-3-A,PKR-002,MULTI,FedEx 2Day,GROUND
ORD-1058497,2025-04-30,07:11:03,SKU-01895,2,C-03L-009-3-B,PKR-002,MULTI,UPS Ground,STANDARD_OVERNIGHT
ORD-1057835,2025-04-30,15:16:20,SKU-02498,2,D-01L-023-1-A,PKR-009,MULTI,FedEx 2Day,GROUND
ORD-1056517,2025-04-30,08:46:11,SKU-01091,2,D-03R-002-4-A,PKR-025,MULTI,UPS Ground,GROUND
ORD-1054053,2025-04-30,11:37:45,SKU-02272,2,A-02R-002-5-A,PKR-027,MULTI,USPS Priority Mail,GROUND
ORD-1057896,2025-04-30,21:13:56,SKU-00576,1,B-03L-013-2-B,PKR-030,MULTI,USPS Priority Mail,GROUND
ORD-1053876,2025-04-30,20:28:36,SKU-03881,2,B-02R-002-4-A,PKR-011,MULTI,FedEx 2Day,PRIORITY_2D
ORD-1058176,2025-04-30,14:55:16,SKU-00343,2,E-04R-004-4-A,PKR-003,MULTI,USPS Priority Mail,GROUND
ORD-1056035,2025-04-30,17:25:20,SKU-04971,2,D-01R-016-3-B,PKR-007,MULTI,UPS 2nd Day Air,GROUND
ORD-1053579,2025-04-30,14:27:14,SKU-02357,2,C-02L-006-2-A,PKR-019,MULTI,UPS Ground,PRIORITY_2D
ORD-1059385,2025-04-30,15:30:13,SKU-02171,2,D-02L-025-3-A,PKR-025,MULTI,FedEx Ground,GROUND
ORD-1057328,2025-04-30,07:58:55,SKU-00326,2,B-04L-006-2-B,PKR-020,MULTI,FedEx Ground,GROUND
ORD-1052645,2025-04-30,09:50:22,SKU-00872,2,A-04L-005-1-A,PKR-002,MULTI,FedEx Ground,GROUND
ORD-1059303,2025-04-30,21:16:15,SKU-00447,2,A-04L-008-2-A,PKR-019,MULTI,FedEx Ground,GROUND
ORD-1059030,2025-04-30,15:35:21,SKU-01561,2,C-03L-016-4-B,PKR-026,MULTI,FedEx 2Day,PRIORITY_2D
ORD-1058743,2025-04-30,16:12:45,SKU-01032,2,A-03L-009-3-B,PKR-015,MULTI,FedEx Ground,GROUND
ORD-1057471,2025-04-30,15:19:20,SKU-02900,1,C-01R-009-4-A,PKR-028,MULTI,UPS Ground,GROUND
ORD-1053138,2025-04-30,17:21:33,SKU-03496,1,B-01R-016-5-B,PKR-001,MULTI,UPS Ground,GROUND
ORD-1058037,2025-04-30,21:13:33,SKU-01652,1,B-04R-013-1-B,PKR-001,MULTI,FedEx Ground,GROUND
ORD-1053377,2025-04-30,17:47:45,SKU-04328,2,A-02L-021-1-B,PKR-017,MULTI,FedEx Ground,PRIORITY_2D
ORD-1054993,2025-04-30,12:23:44,SKU-02509,2,B-01L-020-5-A,PKR-021,MULTI,FedEx Ground,PRIORITY_2D
ORD-1052479,2025-04-30,10:11:59,SKU-02509,2,B-01L-020-5-A,PKR-014,MULTI,UPS Ground,GROUND
ORD-1056371,2025-04-30,18:36:50,SKU-00931,1,B-04L-010-3-B,PKR-009,MULTI,FedEx Ground,PRIORITY_2D
ORD-1057223,2025-04-30,08:02:35,SKU-00872,2,A-04L-005-1-A,PKR-028,MULTI,FedEx Ground,GROUND
ORD-1057435,2025-04-30,07:20:22,SKU-04457,2,A-01L-020-2-B,PKR-009,MULTI,FedEx Ground,PRIORITY_2D
ORD-1059857,2025-04-30,09:15:52,SKU-04457,2,A-01L-020-2-B,PKR-019,MULTI,FedEx Ground,GROUND
ORD-1059332,2025-04-30,06:57:17,SKU-03556,2,A-02R-009-5-A,PKR-018,MULTI,USPS Priority Mail,STANDARD_OVERNIGHT
ORD-1054280,2025-04-30,12:24:31,SKU-04328,2,A-02L-021-1-B,PKR-030,MULTI,UPS Ground,GROUND
ORD-1059066,2025-04-30,12:30:21,SKU-02104,2,B-01R-002-1-A,PKR-021,MULTI,FedEx Ground,GROUND
ORD-1054208,2025-04-30,07:30:21,SKU-02609,2,C-01R-013-1-B,PKR-016,MULTI,UPS Ground,GROUND
ORD-1056501,2025-04-30,10:46:31,SKU-02271,2,A-01L-007-1-B,PKR-032,MULTI,FedEx Ground,GROUND
ORD-1058214,2025-04-30,09:08:02,SKU-00003,1,C-03R-010-4-B,PKR-008,MULTI,FedEx 2Day,STANDARD_OVERNIGHT
ORD-1059350,2025-04-30,16:04:40,SKU-01729,2,A-03R-017-4-B,PKR-026,MULTI,UPS Ground,PRIORITY_2D
ORD-1055154,2025-04-30,06:36:32,SKU-04328,2,A-02L-021-1-B,PKR-001,MULTI,UPS Ground,STANDARD_OVERNIGHT
ORD-1054301,2025-04-30,21:33:17,SKU-04328,1,A-02L-021-1-B,PKR-003,SINGLE,UPS Ground,GROUND
ORD-1055973,2025-04-30,10:05:23,SKU-01107,2,A-04R-008-1-A,PKR-016,MULTI,USPS Priority Mail,GROUND
ORD-1053593,2025-04-30,19:35:48,SKU-04948,2,D-01R-020-3-A,PKR-004,MULTI,USPS Priority Mail,GROUND
ORD-1054754,2025-04-30,21:25:00,SKU-03727,2,B-02R-023-4-A,PKR-023,MULTI,FedEx Ground,GROUND
ORD-1058306,2025-04-30,06:23:59,SKU-01084,2,C-03L-006-1-B,PKR-016,MULTI,USPS Priority Mail,GROUND
ORD-1055398,2025-04-30,19:37:17,SKU-04328,2,A-02L-021-1-B,PKR-007,MULTI,FedEx Ground,GROUND
ORD-1055156,2025-04-30,09:31:59,SKU-01478,1,B-04R-012-4-A,PKR-002,MULTI,USPS Priority Mail,GROUND
ORD-1056995,2025-04-30,17:11:09,SKU-02125,2,A-01R-020-2-B,PKR-025,MULTI,FedEx Ground,GROUND
ORD-1056733,2025-04-30,20:33:18,SKU-00036,2,B-04R-004-4-A,PKR-023,MULTI,FedEx Ground,GROUND
ORD-1056839,2025-04-30,21:03:02,SKU-04041,2,A-02R-002-2-B,PKR-014,MULTI,FedEx Ground,STANDARD_OVERNIGHT
ORD-1056068,2025-04-30,07:28:08,SKU-01204,2,A-03R-016-1-B,PKR-028,MULTI,FedEx Ground,GROUND
ORD-1054513,2025-04-30,16:41:35,SKU-01245,2,B-03L-017-1-B,PKR-024,MULTI,FedEx Ground,GROUND
ORD-1064409,2025-05-01,11:47:40,SKU-04041,2,A-02R-002-2-B,PKR-009,MULTI,FedEx Ground,GROUND
ORD-1067330,2025-05-01,16:14:59,SKU-00716,1,A-04L-001-1-A,PKR-014,MULTI,FedEx Ground,GROUND
ORD-1065637,2025-05-01,14:10:47,SKU-01803,2,B-03R-020-1-A,PKR-029,MULTI,UPS 2nd Day Air,GROUND
ORD-1061937,2025-05-01,19:59:25,SKU-04328,2,A-02L-021-1-B,PKR-013,MULTI,USPS Priority Mail,GROUND
ORD-1062562,2025-05-01,17:07:21,SKU-03727,2,B-02R-023-4-A,PKR-006,MULTI,USPS Priority Mail,GROUND
ORD-1063680,2025-05-01,07:54:53,SKU-02908,1,B-02L-005-3-A,PKR-018,MULTI,UPS Ground,STANDARD_OVERNIGHT
ORD-1064448,2025-05-01,15:32:41,SKU-04328,1,A-02L-021-1-B,PKR-008,MULTI,FedEx Ground,PRIORITY_2D
ORD-1065035,2025-05-01,06:40:43,SKU-03727,1,B-02R-023-4-A,PKR-022,MULTI,UPS Ground,GROUND
ORD-1062447,2025-05-01,07:11:45,SKU-00872,2,A-04L-005-1-A,PKR-018,MULTI,USPS Priority Mail,GROUND
ORD-1063428,2025-05-01,08:54:22,SKU-01592,2,D-04L-006-1-A,PKR-015,MULTI,UPS 2nd Day Air,GROUND
ORD-1060901,2025-05-01,15:19:34,SKU-02185,2,C-01R-009-4-B,PKR-007,MULTI,FedEx Ground,GROUND
ORD-1063436,2025-05-01,16:24:43,SKU-02062,2,D-01R-003-1-A,PKR-014,MULTI,UPS Ground,PRIORITY_2D
ORD-1062469,2025-05-01,11:17:09,SKU-02509,2,B-01L-020-5-A,PKR-012,MULTI,USPS Priority Mail,GROUND
ORD-1067852,2025-05-01,08:56:48,SKU-04542,1,C-02L-018-4-A,PKR-026,MULTI,FedEx 2Day,GROUND
ORD-1065088,2025-05-01,07:29:40,SKU-00153,2,D-03L-012-4-A,PKR-030,MULTI,FedEx Ground,STANDARD_OVERNIGHT
ORD-1063338,2025-05-01,15:52:37,SKU-02179,2,C-01L-024-5-B,PKR-010,MULTI,UPS Ground,GROUND
ORD-1065087,2025-05-01,17:48:18,SKU-04435,1,A-02R-016-4-A,PKR-015,MULTI,UPS Ground,PRIORITY_2D
ORD-1060030,2025-05-01,16:28:22,SKU-04328,2,A-02L-021-1-B,PKR-029,MULTI,UPS Ground,GROUND
ORD-1061807,2025-05-01,16:23:46,SKU-03727,2,B-02R-023-4-A,PKR-019,MULTI,USPS Priority Mail,GROUND
ORD-1060193,2025-05-01,06:46:53,SKU-01121,2,B-04R-017-4-A,PKR-024,MULTI,USPS Priority Mail,GROUND
ORD-1064608,2025-05-01,07:59:29,SKU-00376,1,B-04L-004-2-B,PKR-010,MULTI,FedEx Ground,GROUND
ORD-1063189,2025-05-01,14:26:45,SKU-03640,2,B-02L-016-1-A,PKR-003,MULTI,FedEx Ground,STANDARD_OVERNIGHT
ORD-1065497,2025-05-01,20:56:48,SKU-02281,2,A-01L-025-3-B,PKR-026,MULTI,USPS Priority Mail,GROUND
ORD-1064915,2025-05-01,16:20:47,SKU-02585,1,A-01R-012-4-A,PKR-017,MULTI,FedEx Ground,GROUND
ORD-1065010,2025-05-01,18:46:56,SKU-04547,2,C-02L-001-2-B,PKR-010,MULTI,USPS Priority Mail,PRIORITY_2D
ORD-1065027,2025-05-01,08:13:11,SKU-04782,2,C-01L-004-3-A,PKR-026,MULTI,UPS Ground,GROUND
ORD-1062908,2025-05-01,21:33:21,SKU-01552,2,A-04R-001-1-B,PKR-007,MULTI,FedEx Ground,GROUND
ORD-1062473,2025-05-01,19:20:28,SKU-00181,2,E-04R-013-2-B,PKR-027,MULTI,USPS Priority Mail,GROUND
ORD-1062154,2025-05-01,09:20:15,SKU-02624,1,A-02R-022-1-A,PKR-013,MULTI,FedEx Ground,PRIORITY_2D
ORD-1064556,2025-05-01,18:11:10,SKU-04041,1,A-02R-002-2-B,PKR-015,MULTI,UPS Ground,GROUND
ORD-1064379,2025-05-01,11:23:34,SKU-00446,2,B-04L-006-4-A,PKR-014,MULTI,UPS Ground,PRIORITY_2D
ORD-1067168,2025-05-01,06:19:06,SKU-01721,1,A-04L-015-4-B,PKR-022,MULTI,UPS Ground,GROUND
ORD-1060330,2025-05-01,10:45:17,SKU-00170,2,A-03L-012-1-A,PKR-010,MULTI,USPS Priority Mail,GROUND
ORD-1063309,2025-05-01,20:28:53,SKU-01058,1,B-04R-020-1-A,PKR-006,SINGLE,FedEx Ground,GROUND
ORD-1062438,2025-05-01,12:40:38,SKU-01204,2,A-03R-016-1-B,PKR-026,MULTI,FedEx Ground,GROUND
ORD-1067339,2025-05-01,11:11:33,SKU-00018,2,B-03L-014-2-A,PKR-007,MULTI,UPS Ground,GROUND
ORD-1064973,2025-05-01,11:53:51,SKU-03917,1,E-02R-007-1-B,PKR-030,MULTI,USPS Priority Mail,STANDARD_OVERNIGHT
ORD-1064439,2025-05-01,14:56:42,SKU-00238,2,C-03L-008-2-A,PKR-013,MULTI,USPS Priority Mail,STANDARD_OVERNIGHT
ORD-1066436,2025-05-01,06:27:45,SKU-03727,1,B-02R-023-4-A,PKR-011,MULTI,UPS Ground,PRIORITY_2D
ORD-1063911,2025-05-01,09:45:51,SKU-02775,2,C-01R-023-3-A,PKR-013,SINGLE,USPS Priority Mail,GROUND
ORD-1064132,2025-05-01,12:48:58,SKU-04041,2,A-02R-002-2-B,PKR-003,MULTI,UPS Ground,PRIORITY_2D
ORD-1066223,2025-05-01,19:15:40,SKU-04866,2,C-01R-008-4-A,PKR-023,MULTI,UPS Ground,GROUND
ORD-1067799,2025-05-01,16:47:15,SKU-02163,2,A-02R-006-3-A,PKR-031,MULTI,USPS Priority Mail,GROUND
ORD-1061132,2025-05-01,12:36:39,SKU-02104,2,B-01R-002-1-A,PKR-012,MULTI,FedEx 2Day,GROUND
ORD-1067906,2025-05-01,07:38:18,SKU-03416,2,B-02L-001-5-A,PKR-019,MULTI,FedEx 2Day,PRIORITY_2D
ORD-1066874,2025-05-01,12:40:57,SKU-04528,2,B-02R-014-3-B,PKR-012,MULTI,UPS Ground,GROUND
ORD-1060508,2025-05-01,13:10:38,SKU-00872,2,A-04L-005-1-A,PKR-030,MULTI,UPS 2nd Day Air,PRIORITY_2D
ORD-1066491,2025-05-01,18:39:44,SKU-04457,2,A-01L-020-2-B,PKR-001,MULTI,UPS Ground,GROUND
ORD-1060006,2025-05-01,15:45:22,SKU-03727,1,B-02R-023-4-A,PKR-015,MULTI,FedEx Ground,GROUND
ORD-1064818,2025-05-01,10:23:05,SKU-03369,1,D-02L-005-5-B,PKR-028,SINGLE,USPS Priority Mail,GROUND
ORD-1060260,2025-05-01,14:35:16,SKU-01679,2,B-03L-012-3-A,PKR-018,MULTI,UPS Ground,PRIORITY_2D
ORD-1064919,2025-05-01,11:21:59,SKU-02104,2,B-01R-002-1-A,PKR-017,MULTI,FedEx Ground,PRIORITY_2D
ORD-1063018,2025-05-01,13:06:40,SKU-00535,1,A-03R-010-2-A,PKR-009,MULTI,FedEx Ground,GROUND
ORD-1067201,2025-05-01,15:57:27,SKU-02572,2,C-02L-025-2-A,PKR-032,MULTI,FedEx Ground,STANDARD_OVERNIGHT
ORD-1061082,2025-05-01,10:14:57,SKU-04041,2,A-02R-002-2-B,PKR-031,MULTI,UPS 2nd Day Air,PRIORITY_2D
ORD-1066579,2025-05-01,11:12:26,SKU-02558,2,B-01L-010-1-B,PKR-013,MULTI,FedEx Ground,PRIORITY_2D
ORD-1061002,2025-05-01,10:27:50,SKU-00606,2,B-04L-016-1-A,PKR-011,MULTI,FedEx Ground,GROUND
ORD-1064413,2025-05-01,09:27:54,SKU-04328,2,A-02L-021-1-B,PKR-003,MULTI,UPS Ground,GROUND
ORD-1066147,2025-05-01,20:03:01,SKU-04308,1,B-02R-019-4-A,PKR-028,MULTI,FedEx Ground,STANDARD_OVERNIGHT
ORD-1063600,2025-05-01,12:12:12,SKU-04041,1,A-02R-002-2-B,PKR-010,MULTI,FedEx 2Day,GROUND
ORD-1066313,2025-05-01,10:45:28,SKU-02828,1,A-02L-007-2-A,PKR-014,MULTI,FedEx Ground,PRIORITY_2D
ORD-1061704,2025-05-01,11:54:00,SKU-00466,1,C-04R-016-1-B,PKR-011,MULTI,USPS Priority Mail,GROUND
ORD-1061763,2025-05-01,06:47:06,SKU-04942,2,B-01R-023-1-B,PKR-031,MULTI,USPS Priority Mail,PRIORITY_2D
ORD-1060490,2025-05-01,11:32:43,SKU-01433,2,D-04R-020-4-B,PKR-015,MULTI,UPS Ground,GROUND
ORD-1062959,2025-05-01,06:25:28,SKU-04061,1,C-01L-005-2-B,PKR-003,MULTI,FedEx Ground,GROUND
ORD-1065786,2025-05-01,08:12:44,SKU-02707,2,A-02L-009-3-A,PKR-020,MULTI,FedEx 2Day,GROUND
ORD-1063756,2025-05-01,11:45:25,SKU-01552,2,A-04R-001-1-B,PKR-029,MULTI,UPS Ground,GROUND
ORD-1067711,2025-05-01,11:32:49,SKU-04928,2,B-01L-013-2-B,PKR-024,MULTI,FedEx Ground,GROUND
ORD-1061493,2025-05-01,19:47:53,SKU-01204,2,A-03R-016-1-B,PKR-025,SINGLE,UPS Ground,GROUND
ORD-1061879,2025-05-01,21:48:08,SKU-02044,2,A-01R-023-5-B,PKR-013,MULTI,UPS Ground,GROUND
ORD-1063998,2025-05-01,14:56:15,SKU-04457,1,A-01L-020-2-B,PKR-017,MULTI,UPS Ground,GROUND
ORD-1067759,2025-05-01,11:42:47,SKU-02851,2,B-02R-007-4-A,PKR-021,MULTI,FedEx Ground,GROUND
ORD-1060518,2025-05-01,06:37:25,SKU-02908,1,B-02L-005-3-A,PKR-003,MULTI,FedEx Ground,GROUND
ORD-1064928,2025-05-01,13:25:15,SKU-00851,2,D-04L-015-1-B,PKR-007,MULTI,USPS Priority Mail,GROUND
ORD-1065631,2025-05-01,19:06:44,SKU-04608,2,A-02L-025-1-B,PKR-030,MULTI,USPS Priority Mail,GROUND
ORD-1061591,2025-05-01,06:37:27,SKU-02524,2,D-01R-008-4-B,PKR-004,MULTI,FedEx 2Day,GROUND
ORD-1064708,2025-05-01,16:06:39,SKU-02842,1,D-02L-002-1-B,PKR-013,MULTI,FedEx Ground,GROUND
ORD-1067915,2025-05-01,17:45:12,SKU-00229,1,A-04R-007-2-A,PKR-010,MULTI,USPS Priority Mail,GROUND
ORD-1061399,2025-05-01,18:11:10,SKU-02104,2,B-01R-002-1-A,PKR-031,MULTI,UPS Ground,PRIORITY_2D
ORD-1064547,2025-05-01,16:02:50,SKU-02908,2,B-02L-005-3-A,PKR-011,SINGLE,USPS Priority Mail,GROUND
ORD-1066515,2025-05-01,06:35:05,SKU-04328,2,A-02L-021-1-B,PKR-015,MULTI,USPS Priority Mail,PRIORITY_2D
ORD-1062395,2025-05-01,21:11:25,SKU-00293,1,C-03L-006-1-A,PKR-004,MULTI,UPS Ground,STANDARD_OVERNIGHT
ORD-1063319,2025-05-01,06:32:22,SKU-00872,2,A-04L-005-1-A,PKR-027,MULTI,UPS Ground,GROUND
ORD-1065120,2025-05-01,19:29:10,SKU-00442,2,B-04L-003-4-A,PKR-031,MULTI,FedEx Ground,GROUND
ORD-1067040,2025-05-01,21:35:19,SKU-02366,1,A-01R-020-4-A,PKR-019,SINGLE,UPS Ground,GROUND
ORD-1067890,2025-05-01,06:27:47,SKU-02816,2,A-02R-004-2-A,PKR-020,MULTI,UPS 2nd Day Air,GROUND
ORD-1066618,2025-05-01,13:02:17,SKU-04041,1,A-02R-002-2-B,PKR-014,MULTI,UPS Ground,GROUND
ORD-1061253,2025-05-01,20:38:43,SKU-02366,2,A-01R-020-4-A,PKR-030,MULTI,UPS Ground,PRIORITY_2D
ORD-1067606,2025-05-01,16:01:43,SKU-02908,1,B-02L-005-3-A,PKR-009,MULTI,FedEx 2Day,STANDARD_OVERNIGHT
ORD-1065689,2025-05-01,10:04:50,SKU-01679,2,B-03L-012-3-A,PKR-005,MULTI,FedEx Ground,STANDARD_OVERNIGHT
ORD-1065894,2025-05-01,18:28:34,SKU-00448,1,C-03L-009-1-B,PKR-015,MULTI,USPS Priority Mail,GROUND
ORD-1060786,2025-05-01,18:08:42,SKU-01779,2,D-03R-009-3-A,PKR-002,MULTI,USPS Priority Mail,GROUND
ORD-1061797,2025-05-01,12:59:55,SKU-04928,2,B-01L-013-2-B,PKR-006,MULTI,FedEx Ground,GROUND
ORD-1062744,2025-05-01,11:12:38,SKU-03727,2,B-02R-023-4-A,PKR-017,MULTI,FedEx 2Day,GROUND
ORD-1064139,2025-05-01,13:01:16,SKU-04733,2,A-01R-018-1-A,PKR-014,MULTI,USPS Priority Mail,PRIORITY_2D
ORD-1067345,2025-05-01,09:01:08,SKU-03932,2,B-02L-019-5-B,PKR-010,SINGLE,USPS Priority Mail,GROUND
ORD-1064199,2025-05-01,18:39:26,SKU-00673,2,C-03L-015-4-A,PKR-003,MULTI,UPS Ground,GROUND
ORD-1060851,2025-05-01,19:17:23,SKU-04598,2,B-02L-025-3-B,PKR-004,MULTI,UPS 2nd Day Air,GROUND
ORD-1060185,2025-05-01,06:06:06,SKU-02104,2,B-01R-002-1-A,PKR-012,MULTI,FedEx Ground,GROUND
ORD-1063180,2025-05-01,09:24:49,SKU-01204,2,A-03R-016-1-B,PKR-017,MULTI,UPS 2nd Day Air,GROUND
ORD-1066502,2025-05-01,10:25:25,SKU-02934,2,D-01L-015-1-A,PKR-023,MULTI,FedEx 2Day,GROUND
ORD-1061588,2025-05-01,19:05:33,SKU-04328,2,A-02L-021-1-B,PKR-011,MULTI,UPS Ground,PRIORITY_2D
ORD-1063873,2025-05-01,12:47:10,SKU-02173,1,A-02R-018-5-B,PKR-020,MULTI,FedEx Ground,GROUND
ORD-1061650,2025-05-01,07:51:03,SKU-02908,1,B-02L-005-3-A,PKR-031,MULTI,UPS Ground,GROUND
ORD-1061771,2025-05-01,11:54:08,SKU-04809,1,A-01R-016-2-B,PKR-002,SINGLE,FedEx Ground,GROUND
ORD-1063874,2025-05-01,13:29:13,SKU-03138,1,A-01L-012-4-B,PKR-030,MULTI,USPS Priority Mail,STANDARD_OVERNIGHT
ORD-1062617,2025-05-01,17:12:26,SKU-02624,2,A-02R-022-1-A,PKR-010,SINGLE,USPS Priority Mail,GROUND
ORD-1062439,2025-05-01,14:33:39,SKU-02728,1,B-01R-002-2-A,PKR-001,MULTI,FedEx Ground,GROUND
ORD-1064750,2025-05-01,15:15:39,SKU-04435,1,A-02R-016-4-A,PKR-024,MULTI,FedEx Ground,GROUND
ORD-1060393,2025-05-01,15:18:16,SKU-02858,2,A-01R-006-4-B,PKR-013,MULTI,FedEx Ground,GROUND
ORD-1065636,2025-05-01,14:50:06,SKU-02908,2,B-02L-005-3-A,PKR-011,MULTI,FedEx 2Day,PRIORITY_2D
ORD-1064511,2025-05-01,15:06:33,SKU-03465,2,B-01R-013-4-A,PKR-005,MULTI,FedEx 2Day,GROUND
ORD-1064057,2025-05-01,11:45:10,SKU-04538,1,A-01R-001-1-B,PKR-029,MULTI,USPS Priority Mail,GROUND
ORD-1061045,2025-05-01,10:27:37,SKU-02185,2,C-01R-009-4-B,PKR-018,MULTI,UPS Ground,STANDARD_OVERNIGHT
ORD-1063247,2025-05-01,06:25:52,SKU-00421,2,B-03R-012-3-A,PKR-006,MULTI,FedEx Ground,GROUND
ORD-1065871,2025-05-01,08:57:40,SKU-04036,1,D-01L-001-5-B,PKR-006,MULTI,USPS Priority Mail,GROUND
ORD-1061436,2025-05-01,10:30:12,SKU-02557,2,B-02L-019-4-A,PKR-007,MULTI,FedEx Ground,PRIORITY_2D
ORD-1066299,2025-05-01,15:31:37,SKU-02156,1,B-02L-006-1-A,PKR-012,MULTI,FedEx Ground,GROUND
ORD-1067391,2025-05-01,11:53:16,SKU-04328,2,A-02L-021-1-B,PKR-030,MULTI,USPS Priority Mail,GROUND
ORD-1067369,2025-05-01,21:42:49,SKU-02609,2,C-01R-013-1-B,PKR-018,MULTI,USPS Priority Mail,PRIORITY_2D
ORD-1061462,2025-05-01,16:25:34,SKU-02509,1,B-01L-020-5-A,PKR-029,MULTI,USPS Priority Mail,GROUND
ORD-1060223,2025-05-01,06:59:44,SKU-03892,2,C-01R-012-5-A,PKR-010,MULTI,FedEx Ground,GROUND
ORD-1066542,2025-05-01,15:47:41,SKU-02564,2,C-01L-011-5-B,PKR-007,MULTI,USPS Priority Mail,GROUND
ORD-1060627,2025-05-01,11:01:15,SKU-01775,1,B-03R-006-4-B,PKR-008,MULTI,UPS Ground,GROUND
ORD-1061643,2025-05-01,11:37:53,SKU-01812,2,C-03R-013-2-B,PKR-003,MULTI,UPS Ground,STANDARD_OVERNIGHT
ORD-1064158,2025-05-01,19:41:01,SKU-04328,1,A-02L-021-1-B,PKR-025,MULTI,FedEx 2Day,PRIORITY_2D
ORD-1066521,2025-05-01,16:36:19,SKU-04328,2,A-02L-021-1-B,PKR-012,MULTI,FedEx 2Day,GROUND
ORD-1064523,2025-05-01,19:02:35,SKU-04907,1,C-02R-022-5-B,PKR-001,MULTI,UPS Ground,GROUND
ORD-1063434,2025-05-01,11:08:59,SKU-02908,2,B-02L-005-3-A,PKR-001,MULTI,UPS Ground,PRIORITY_2D
ORD-1064446,2025-05-01,11:32:52,SKU-04041,2,A-02R-002-2-B,PKR-023,MULTI,UPS Ground,GROUND
ORD-1063891,2025-05-01,18:23:44,SKU-02588,2,C-02L-014-3-B,PKR-013,MULTI,FedEx 2Day,PRIORITY_2D
ORD-1063048,2025-05-01,13:22:13,SKU-00392,1,B-03L-019-1-B,PKR-003,MULTI,FedEx Ground,STANDARD_OVERNIGHT
ORD-1063086,2025-05-01,07:07:56,SKU-02243,2,D-02R-010-4-A,PKR-031,MULTI,UPS Ground,GROUND
ORD-1067723,2025-05-01,19:05:45,SKU-02796,2,A-02L-004-2-B,PKR-018,MULTI,FedEx Ground,GROUND
ORD-1062705,2025-05-01,19:25:17,SKU-04528,1,B-02R-014-3-B,PKR-006,MULTI,UPS Ground,GROUND
ORD-1062677,2025-05-01,20:35:27,SKU-00602,2,B-04R-014-4-B,PKR-020,MULTI,FedEx Ground,GROUND
ORD-1061442,2025-05-01,07:44:44,SKU-04917,2,B-01L-025-4-A,PKR-016,MULTI,FedEx Ground,PRIORITY_2D
ORD-1067902,2025-05-01,20:44:05,SKU-04328,1,A-02L-021-1-B,PKR-010,MULTI,FedEx Ground,GROUND
ORD-1066817,2025-05-01,11:10:36,SKU-02609,2,C-01R-013-1-B,PKR-027,MULTI,UPS Ground,GROUND
ORD-1063641,2025-05-01,20:46:07,SKU-02012,2,C-02L-022-3-B,PKR-025,MULTI,FedEx Ground,GROUND
ORD-1061053,2025-05-01,20:40:10,SKU-01190,1,D-03R-008-1-A,PKR-009,MULTI,UPS Ground,PRIORITY_2D
ORD-1064364,2025-05-01,10:00:36,SKU-01790,2,C-04L-012-2-B,PKR-029,MULTI,USPS Priority Mail,STANDARD_OVERNIGHT
ORD-1066531,2025-05-01,08:46:32,SKU-04542,2,C-02L-018-4-A,PKR-004,MULTI,FedEx Ground,PRIORITY_2D
ORD-1066117,2025-05-01,11:16:51,SKU-04411,2,A-01L-011-5-B,PKR-019,MULTI,USPS Priority Mail,GROUND
ORD-1061428,2025-05-01,12:10:16,SKU-04563,1,A-02L-022-4-B,PKR-030,MULTI,UPS Ground,GROUND
ORD-1060078,2025-05-01,09:29:19,SKU-02509,2,B-01L-020-5-A,PKR-011,MULTI,UPS Ground,GROUND
ORD-1062637,2025-05-01,21:39:55,SKU-04604,2,A-02R-011-2-A,PKR-023,MULTI,FedEx 2Day,PRIORITY_2D
ORD-1065995,2025-05-01,20:18:28,SKU-03979,2,B-02R-002-2-A,PKR-016,MULTI,UPS Ground,GROUND
ORD-1063867,2025-05-01,11:01:48,SKU-02194,2,C-01R-001-2-A,PKR-021,MULTI,UPS Ground,GROUND
ORD-1063386,2025-05-01,07:47:29,SKU-02681,2,A-01R-018-4-B,PKR-027,MULTI,FedEx 2Day,GROUND
ORD-1064571,2025-05-01,13:52:31,SKU-03825,1,B-01R-003-2-A,PKR-022,MULTI,USPS Priority Mail,STANDARD_OVERNIGHT
ORD-1063856,2025-05-01,16:04:59,SKU-01999,2,A-04L-007-3-A,PKR-029,MULTI,USPS Priority Mail,STANDARD_OVERNIGHT
ORD-1067873,2025-05-01,07:52:43,SKU-01204,1,A-03R-016-1-B,PKR-023,MULTI,UPS Ground,GROUND
ORD-1061799,2025-05-01,13:48:47,SKU-00423,1,B-03R-005-4-B,PKR-028,MULTI,USPS Priority Mail,GROUND
ORD-1063345,2025-05-01,18:39:30,SKU-00775,2,A-03R-002-3-B,PKR-009,MULTI,FedEx Ground,PRIORITY_2D
ORD-1065818,2025-05-01,13:19:36,SKU-04664,2,A-02R-002-3-A,PKR-020,MULTI,USPS Priority Mail,GROUND
ORD-1061317,2025-05-01,12:52:30,SKU-02400,1,B-02L-025-2-B,PKR-010,MULTI,UPS Ground,GROUND
ORD-1062219,2025-05-01,12:26:23,SKU-04328,2,A-02L-021-1-B,PKR-029,MULTI,USPS Priority Mail,GROUND
ORD-1063121,2025-05-01,09:36:45,SKU-00348,1,B-03R-013-4-B,PKR-012,MULTI,UPS Ground,GROUND
ORD-1062598,2025-05-01,19:47:56,SKU-04041,2,A-02R-002-2-B,PKR-012,MULTI,FedEx Ground,GROUND
ORD-1065853,2025-05-01,19:38:01,SKU-00673,2,C-03L-015-4-A,PKR-014,MULTI,USPS Priority Mail,GROUND
ORD-1062433,2025-05-01,14:00:41,SKU-02247,2,B-02L-014-5-A,PKR-031,MULTI,FedEx 2Day,GROUND
ORD-1065247,2025-05-01,06:14:39,SKU-02908,2,B-02L-005-3-A,PKR-004,MULTI,FedEx Ground,GROUND
ORD-1064147,2025-05-01,06:50:46,SKU-01204,1,A-03R-016-1-B,PKR-010,MULTI,USPS Priority Mail,GROUND
ORD-1066139,2025-05-01,21:13:23,SKU-04196,2,A-01R-014-5-B,PKR-030,MULTI,FedEx Ground,PRIORITY_2D
ORD-1060896,2025-05-01,07:53:58,SKU-01230,2,B-03L-002-2-B,PKR-026,MULTI,UPS Ground,PRIORITY_2D
ORD-1060364,2025-05-01,07:20:55,SKU-04865,2,A-01R-011-4-B,PKR-005,MULTI,FedEx Ground,STANDARD_OVERNIGHT
ORD-1061341,2025-05-01,07:01:34,SKU-03095,2,B-01L-010-3-A,PKR-018,MULTI,UPS Ground,GROUND
ORD-1062475,2025-05-01,11:17:19,SKU-03803,2,A-01R-016-4-A,PKR-008,MULTI,USPS Priority Mail,PRIORITY_2D
ORD-1062459,2025-05-01,10:54:00,SKU-00839,2,B-04R-011-4-B,PKR-032,MULTI,USPS Priority Mail,GROUND
ORD-1067689,2025-05-01,14:50:23,SKU-00449,2,B-03R-011-1-B,PKR-002,SINGLE,USPS Priority Mail,GROUND
ORD-1064480,2025-05-01,06:00:43,SKU-02107,2,C-02L-008-4-B,PKR-014,MULTI,USPS Priority Mail,GROUND
ORD-1067679,2025-05-01,17:47:21,SKU-04079,1,A-02L-006-4-A,PKR-010,MULTI,UPS Ground,GROUND
ORD-1064205,2025-05-01,18:56:43,SKU-04328,2,A-02L-021-1-B,PKR-018,MULTI,FedEx 2Day,PRIORITY_2D
ORD-1063816,2025-05-01,16:59:53,SKU-00559,2,A-04R-005-4-A,PKR-027,SINGLE,UPS Ground,GROUND
ORD-1060690,2025-05-01,18:39:19,SKU-01637,1,E-04L-006-2-B,PKR-026,MULTI,FedEx Ground,PRIORITY_2D
ORD-1064281,2025-05-01,10:43:33,SKU-04664,1,A-02R-002-3-A,PKR-015,MULTI,USPS Priority Mail,GROUND
ORD-1065913,2025-05-01,18:24:05,SKU-03768,2,A-02R-006-1-A,PKR-014,MULTI,FedEx Ground,GROUND
ORD-1060919,2025-05-01,10:37:11,SKU-00872,2,A-04L-005-1-A,PKR-020,MULTI,FedEx Ground,STANDARD_OVERNIGHT
ORD-1067295,2025-05-01,16:41:12,SKU-01204,2,A-03R-016-1-B,PKR-030,MULTI,FedEx Ground,STANDARD_OVERNIGHT
ORD-1067224,2025-05-01,07:21:24,SKU-03496,2,B-01R-016-5-B,PKR-004,MULTI,FedEx 2Day,GROUND
ORD-1060052,2025-05-01,06:33:13,SKU-03554,2,C-02L-010-3-A,PKR-025,MULTI,USPS Priority Mail,GROUND
ORD-1062480,2025-05-01,14:43:02,SKU-02768,1,D-02R-017-5-B,PKR-006,MULTI,USPS Priority Mail,GROUND
ORD-1067131,2025-05-01,18:38:39,SKU-04328,2,A-02L-021-1-B,PKR-010,MULTI,UPS 2nd Day Air,GROUND
ORD-1062293,2025-05-01,14:04:07,SKU-03018,2,C-02L-015-3-B,PKR-003,SINGLE,UPS Ground,GROUND
ORD-1066360,2025-05-01,15:57:00,SKU-01207,2,B-04R-018-4-B,PKR-002,MULTI,UPS Ground,GROUND
ORD-1062217,2025-05-01,20:59:12,SKU-02140,2,B-01R-020-2-B,PKR-015,MULTI,USPS Priority Mail,GROUND
ORD-1064083,2025-05-01,08:06:57,SKU-02978,2,D-02L-007-4-A,PKR-009,MULTI,USPS Priority Mail,GROUND
ORD-1065744,2025-05-01,17:14:47,SKU-04878,2,B-01R-016-3-B,PKR-005,MULTI,UPS 2nd Day Air,GROUND
ORD-1063665,2025-05-01,07:53:11,SKU-02509,2,B-01L-020-5-A,PKR-019,MULTI,FedEx Ground,GROUND
ORD-1065541,2025-05-01,07:34:12,SKU-00872,2,A-04L-005-1-A,PKR-028,MULTI,USPS Priority Mail,GROUND
ORD-1060510,2025-05-01,14:33:53,SKU-03488,2,B-01R-020-1-A,PKR-018,MULTI,UPS Ground,GROUND
ORD-1062244,2025-05-01,10:42:56,SKU-02366,2,A-01R-020-4-A,PKR-029,MULTI,UPS 2nd Day Air,GROUND
ORD-1062968,2025-05-01,06:21:32,SKU-02580,2,C-02L-009-2-A,PKR-026,MULTI,FedEx Ground,GROUND
ORD-1067758,2025-05-01,06:16:47,SKU-02908,2,B-02L-005-3-A,PKR-012,MULTI,USPS Priority Mail,PRIORITY_2D
ORD-1062836,2025-05-01,13:27:53,SKU-02903,2,B-01R-020-5-B,PKR-004,MULTI,FedEx Ground,STANDARD_OVERNIGHT
ORD-1063239,2025-05-01,07:16:37,SKU-00132,2,A-04R-016-4-B,PKR-009,MULTI,UPS Ground,GROUND
ORD-1061615,2025-05-01,11:19:23,SKU-02585,1,A-01R-012-4-A,PKR-025,MULTI,UPS 2nd Day Air,GROUND
ORD-1065423,2025-05-01,21:44:30,SKU-04328,2,A-02L-021-1-B,PKR-020,MULTI,FedEx Ground,GROUND
ORD-1060852,2025-05-01,11:56:46,SKU-00034,1,A-04L-017-3-A,PKR-018,MULTI,USPS Priority Mail,GROUND
ORD-1066868,2025-05-01,21:44:34,SKU-04608,1,A-02L-025-1-B,PKR-003,MULTI,FedEx 2Day,PRIORITY_2D
ORD-1061890,2025-05-01,08:14:59,SKU-02125,2,A-01R-020-2-B,PKR-020,MULTI,USPS Priority Mail,GROUND
ORD-1067669,2025-05-01,21:00:22,SKU-02908,2,B-02L-005-3-A,PKR-005,MULTI,USPS Priority Mail,GROUND
ORD-1065878,2025-05-01,09:49:09,SKU-04041,1,A-02R-002-2-B,PKR-001,MULTI,USPS Priority Mail,GROUND
ORD-1072495,2025-05-02,06:32:44,SKU-00130,2,A-03R-001-2-A,PKR-017,MULTI,UPS Ground,GROUND
ORD-1073123,2025-05-02,13:25:40,SKU-04532,2,C-02R-022-1-A,PKR-012,MULTI,FedEx Ground,GROUND
ORD-1068509,2025-05-02,18:52:59,SKU-04328,2,A-02L-021-1-B,PKR-027,MULTI,USPS Priority Mail,GROUND
ORD-1068815,2025-05-02,12:05:21,SKU-03077,1,B-02L-012-4-B,PKR-009,MULTI,UPS Ground,STANDARD_OVERNIGHT
ORD-1073690,2025-05-02,11:56:00,SKU-02126,2,C-01R-022-4-A,PKR-015,MULTI,FedEx Ground,GROUND
ORD-1071821,2025-05-02,16:47:07,SKU-00483,2,C-03L-009-3-A,PKR-031,MULTI,USPS Priority Mail,PRIORITY_2D
ORD-1074293,2025-05-02,21:35:15,SKU-04328,1,A-02L-021-1-B,PKR-026,MULTI,FedEx Ground,STANDARD_OVERNIGHT
ORD-1071760,2025-05-02,18:45:46,SKU-01204,1,A-03R-016-1-B,PKR-025,MULTI,FedEx Ground,PRIORITY_2D
ORD-1075942,2025-05-02,06:15:19,SKU-00016,1,B-03R-004-3-A,PKR-005,MULTI,USPS Priority Mail,GROUND
ORD-1072903,2025-05-02,07:27:34,SKU-02772,2,A-02R-012-5-A,PKR-005,MULTI,USPS Priority Mail,GROUND
ORD-1073589,2025-05-02,20:20:02,SKU-04299,1,B-02R-008-2-B,PKR-030,MULTI,UPS Ground,PRIORITY_2D
ORD-1071910,2025-05-02,18:43:12,SKU-02564,1,C-01L-011-5-B,PKR-005,MULTI,UPS Ground,PRIORITY_2D
ORD-1072089,2025-05-02,06:46:42,SKU-04918,1,B-01R-019-5-B,PKR-020,MULTI,FedEx Ground,GROUND
ORD-1075214,2025-05-02,08:08:03,SKU-00053,2,B-03L-010-3-B,PKR-016,MULTI,UPS Ground,GROUND
ORD-1074707,2025-05-02,14:54:13,SKU-04406,2,E-02L-023-4-B,PKR-022,MULTI,FedEx Ground,GROUND
ORD-1068747,2025-05-02,19:00:04,SKU-03369,2,D-02L-005-5-B,PKR-015,MULTI,UPS Ground,PRIORITY_2D
ORD-1073005,2025-05-02,20:09:14,SKU-02272,1,A-02R-002-5-A,PKR-012,MULTI,FedEx Ground,PRIORITY_2D
ORD-1071902,2025-05-02,20:42:20,SKU-01121,2,B-04R-017-4-A,PKR-029,MULTI,USPS Priority Mail,STANDARD_OVERNIGHT
ORD-1070000,2025-05-02,21:46:26,SKU-04328,1,A-02L-021-1-B,PKR-018,MULTI,USPS Priority Mail,GROUND
ORD-1068129,2025-05-02,10:11:33,SKU-01490,2,B-04R-009-1-A,PKR-018,MULTI,FedEx Ground,GROUND
ORD-1072096,2025-05-02,17:53:39,SKU-04457,2,A-01L-020-2-B,PKR-019,MULTI,FedEx 2Day,GROUND
ORD-1071894,2025-05-02,07:48:05,SKU-01204,2,A-03R-016-1-B,PKR-024,MULTI,UPS 2nd Day Air,GROUND
ORD-1069717,2025-05-02,06:49:44,SKU-00775,2,A-03R-002-3-B,PKR-015,MULTI,USPS Priority Mail,PRIORITY_2D
ORD-1072386,2025-05-02,07:03:35,SKU-00001,2,C-03L-001-4-A,PKR-018,MULTI,USPS Priority Mail,GROUND
ORD-1074017,2025-05-02,13:03:10,SKU-02159,1,D-01L-026-5-B,PKR-025,MULTI,FedEx Ground,GROUND
ORD-1075100,2025-05-02,10:50:05,SKU-00084,2,A-03L-015-3-A,PKR-003,MULTI,FedEx Ground,GROUND
ORD-1070314,2025-05-02,18:54:20,SKU-04457,1,A-01L-020-2-B,PKR-013,MULTI,UPS Ground,GROUND
ORD-1069602,2025-05-02,06:17:44,SKU-03821,2,A-01R-017-3-A,PKR-014,MULTI,UPS Ground,GROUND
ORD-1073828,2025-05-02,06:53:01,SKU-01192,1,A-04R-012-1-B,PKR-005,MULTI,FedEx Ground,PRIORITY_2D
ORD-1068136,2025-05-02,10:47:12,SKU-04041,2,A-02R-002-2-B,PKR-032,MULTI,UPS 2nd Day Air,GROUND
ORD-1075127,2025-05-02,10:09:12,SKU-02117,2,B-01R-025-4-B,PKR-028,MULTI,UPS Ground,PRIORITY_2D
ORD-1069273,2025-05-02,13:30:59,SKU-04457,2,A-01L-020-2-B,PKR-007,MULTI,FedEx Ground,GROUND
ORD-1070525,2025-05-02,15:18:58,SKU-01121,1,B-04R-017-4-A,PKR-031,MULTI,USPS Priority Mail,GROUND
ORD-1074820,2025-05-02,16:58:09,SKU-04345,2,A-02R-011-2-B,PKR-001,MULTI,USPS Priority Mail,STANDARD_OVERNIGHT
ORD-1074747,2025-05-02,14:35:36,SKU-04162,2,C-01R-019-2-A,PKR-014,MULTI,UPS Ground,PRIORITY_2D
ORD-1070880,2025-05-02,12:44:32,SKU-02585,2,A-01R-012-4-A,PKR-002,MULTI,UPS Ground,GROUND
ORD-1072578,2025-05-02,14:06:43,SKU-04328,1,A-02L-021-1-B,PKR-005,MULTI,UPS Ground,GROUND
ORD-1069457,2025-05-02,06:31:34,SKU-02585,1,A-01R-012-4-A,PKR-007,MULTI,FedEx 2Day,PRIORITY_2D
ORD-1073700,2025-05-02,12:54:00,SKU-02552,1,B-02R-022-5-B,PKR-017,MULTI,USPS Priority Mail,GROUND
ORD-1072186,2025-05-02,21:56:47,SKU-00745,2,C-04L-013-4-A,PKR-021,MULTI,FedEx Ground,PRIORITY_2D
ORD-1074274,2025-05-02,07:12:12,SKU-04775,2,A-02R-001-5-B,PKR-005,MULTI,FedEx Ground,GROUND
ORD-1072464,2025-05-02,16:37:37,SKU-04328,2,A-02L-021-1-B,PKR-022,MULTI,FedEx 2Day,GROUND
ORD-1071926,2025-05-02,11:48:52,SKU-01170,2,A-03L-002-3-B,PKR-019,MULTI,USPS Priority Mail,GROUND
ORD-1074126,2025-05-02,11:12:48,SKU-01040,2,B-04R-019-4-A,PKR-014,MULTI,USPS Priority Mail,GROUND
ORD-1072071,2025-05-02,10:29:31,SKU-03881,1,B-02R-002-4-A,PKR-002,MULTI,USPS Priority Mail,GROUND
ORD-1069037,2025-05-02,19:00:39,SKU-02767,1,C-02R-013-1-B,PKR-010,MULTI,USPS Priority Mail,STANDARD_OVERNIGHT
ORD-1073278,2025-05-02,18:30:57,SKU-04994,1,C-02L-011-5-A,PKR-021,SINGLE,FedEx 2Day,GROUND
ORD-1069768,2025-05-02,06:24:50,SKU-02908,2,B-02L-005-3-A,PKR-028,MULTI,USPS Priority Mail,GROUND
ORD-1074888,2025-05-02,17:54:00,SKU-04328,2,A-02L-021-1-B,PKR-006,MULTI,FedEx Ground,GROUND
ORD-1075991,2025-05-02,11:39:38,SKU-00388,2,B-03L-020-2-B,PKR-030,MULTI,FedEx Ground,STANDARD_OVERNIGHT
ORD-1072286,2025-05-02,11:38:37,SKU-03356,2,A-02L-015-2-A,PKR-010,SINGLE,USPS Priority Mail,GROUND
ORD-1073266,2025-05-02,19:58:02,SKU-02775,2,C-01R-023-3-A,PKR-008,MULTI,USPS Priority Mail,GROUND
ORD-1073876,2025-05-02,11:27:12,SKU-04809,2,A-01R-016-2-B,PKR-003,MULTI,USPS Priority Mail,GROUND
ORD-1069949,2025-05-02,12:24:55,SKU-04328,2,A-02L-021-1-B,PKR-024,MULTI,FedEx Ground,GROUND
ORD-1075065,2025-05-02,20:20:22,SKU-02241,2,D-02L-004-2-A,PKR-021,MULTI,UPS Ground,PRIORITY_2D
ORD-1069640,2025-05-02,12:13:02,SKU-03496,1,B-01R-016-5-B,PKR-006,MULTI,UPS Ground,PRIORITY_2D
ORD-1070370,2025-05-02,08:02:11,SKU-01236,1,D-03R-002-3-A,PKR-013,MULTI,FedEx 2Day,GROUND
ORD-1071379,2025-05-02,07:10:16,SKU-02908,1,B-02L-005-3-A,PKR-023,MULTI,FedEx Ground,GROUND
ORD-1070988,2025-05-02,07:39:30,SKU-03889,2,C-01R-017-5-A,PKR-005,MULTI,FedEx Ground,GROUND
ORD-1074180,2025-05-02,07:40:27,SKU-04865,2,A-01R-011-4-B,PKR-016,MULTI,USPS Priority Mail,GROUND
ORD-1068434,2025-05-02,20:13:03,SKU-03727,2,B-02R-023-4-A,PKR-013,MULTI,USPS Priority Mail,GROUND
ORD-1071428,2025-05-02,20:48:31,SKU-02366,2,A-01R-020-4-A,PKR-025,MULTI,USPS Priority Mail,GROUND
ORD-1070671,2025-05-02,19:05:16,SKU-01652,2,B-04R-013-1-B,PKR-024,MULTI,FedEx Ground,GROUND
ORD-1070462,2025-05-02,12:07:53,SKU-02973,1,B-01R-015-1-A,PKR-011,MULTI,UPS Ground,STANDARD_OVERNIGHT
ORD-1072076,2025-05-02,13:21:18,SKU-04328,2,A-02L-021-1-B,PKR-007,MULTI,USPS Priority Mail,PRIORITY_2D
ORD-1072590,2025-05-02,09:47:19,SKU-04041,2,A-02R-002-2-B,PKR-002,MULTI,FedEx 2Day,GROUND
ORD-1068234,2025-05-02,10:40:48,SKU-01119,2,B-04L-012-2-A,PKR-017,MULTI,UPS Ground,GROUND
ORD-1068416,2025-05-02,09:20:30,SKU-02908,2,B-02L-005-3-A,PKR-010,MULTI,USPS Priority Mail,PRIORITY_2D
ORD-1075281,2025-05-02,20:34:55,SKU-02557,2,B-02L-019-4-A,PKR-015,SINGLE,USPS Priority Mail,GROUND
ORD-1075613,2025-05-02,12:29:50,SKU-02537,2,A-02L-004-3-A,PKR-011,MULTI,UPS 2nd Day Air,GROUND
ORD-1074097,2025-05-02,15:44:45,SKU-00034,1,A-04L-017-3-A,PKR-012,MULTI,UPS Ground,GROUND
ORD-1072125,2025-05-02,19:33:34,SKU-04528,2,B-02R-014-3-B,PKR-025,MULTI,USPS Priority Mail,GROUND
ORD-1068775,2025-05-02,16:45:22,SKU-02281,2,A-01L-025-3-B,PKR-021,MULTI,FedEx Ground,GROUND
ORD-1073674,2025-05-02,15:33:58,SKU-03727,2,B-02R-023-4-A,PKR-022,MULTI,FedEx Ground,GROUND
ORD-1073276,2025-05-02,15:40:56,SKU-03823,2,C-02R-020-1-B,PKR-021,MULTI,FedEx Ground,GROUND
ORD-1075938,2025-05-02,21:57:04,SKU-02913,1,B-01L-015-2-B,PKR-009,MULTI,USPS Priority Mail,GROUND
ORD-1073239,2025-05-02,17:58:12,SKU-04608,1,A-02L-025-1-B,PKR-022,MULTI,FedEx 2Day,STANDARD_OVERNIGHT
ORD-1072913,2025-05-02,16:22:13,SKU-01834,2,C-04L-005-2-B,PKR-012,MULTI,USPS Priority Mail,GROUND
ORD-1072865,2025-05-02,16:13:10,SKU-02937,2,C-02R-019-5-A,PKR-026,MULTI,UPS Ground,PRIORITY_2D
ORD-1073935,2025-05-02,12:32:36,SKU-02699,1,C-01L-007-2-B,PKR-016,MULTI,UPS Ground,GROUND
ORD-1074032,2025-05-02,20:36:54,SKU-00779,1,B-04L-003-4-B,PKR-023,MULTI,FedEx 2Day,GROUND
ORD-1070454,2025-05-02,13:41:12,SKU-01124,2,B-03R-007-4-A,PKR-022,MULTI,FedEx Ground,PRIORITY_2D
ORD-1074136,2025-05-02,11:50:17,SKU-04328,2,A-02L-021-1-B,PKR-021,MULTI,FedEx Ground,GROUND
ORD-1069365,2025-05-02,10:10:31,SKU-04328,2,A-02L-021-1-B,PKR-007,MULTI,USPS Priority Mail,GROUND
ORD-1075954,2025-05-02,16:55:07,SKU-02747,1,A-01R-022-3-A,PKR-028,MULTI,USPS Priority Mail,GROUND
ORD-1074928,2025-05-02,12:50:01,SKU-04041,1,A-02R-002-2-B,PKR-011,MULTI,FedEx Ground,GROUND
ORD-1072693,2025-05-02,06:22:56,SKU-02204,1,A-02R-008-4-B,PKR-026,MULTI,FedEx 2Day,GROUND
ORD-1068411,2025-05-02,20:04:12,SKU-02775,2,C-01R-023-3-A,PKR-009,MULTI,USPS Priority Mail,GROUND
ORD-1074171,2025-05-02,20:15:11,SKU-03932,2,B-02L-019-5-B,PKR-029,MULTI,USPS Priority Mail,GROUND
ORD-1071832,2025-05-02,15:03:39,SKU-04328,2,A-02L-021-1-B,PKR-028,MULTI,UPS Ground,GROUND
ORD-1073034,2025-05-02,13:30:16,SKU-03528,1,E-02R-013-4-B,PKR-029,MULTI,UPS Ground,GROUND
ORD-1075271,2025-05-02,10:47:24,SKU-00840,2,B-04R-010-2-A,PKR-005,MULTI,FedEx 2Day,GROUND
ORD-1069273,2025-05-02,13:30:59,SKU-01204,1,A-03R-016-1-B,PKR-007,MULTI,FedEx Ground,GROUND
ORD-1074149,2025-05-02,08:37:37,SKU-02619,1,A-02R-021-1-A,PKR-004,MULTI,UPS 2nd Day Air,GROUND
ORD-1068269,2025-05-02,08:29:16,SKU-04461,2,C-02L-017-5-B,PKR-009,MULTI,USPS Priority Mail,STANDARD_OVERNIGHT
ORD-1073544,2025-05-02,12:13:01,SKU-00733,1,A-04R-005-1-B,PKR-017,MULTI,USPS Priority Mail,GROUND
ORD-1068520,2025-05-02,21:43:59,SKU-03850,2,A-02L-011-4-A,PKR-024,MULTI,UPS Ground,GROUND
ORD-1073538,2025-05-02,16:02:36,SKU-00079,2,A-03R-013-2-B,PKR-019,MULTI,USPS Priority Mail,GROUND
ORD-1073748,2025-05-02,20:04:44,SKU-04846,2,B-01L-003-1-A,PKR-008,MULTI,UPS Ground,GROUND
ORD-1068476,2025-05-02,09:19:36,SKU-02585,1,A-01R-012-4-A,PKR-019,MULTI,FedEx Ground,GROUND
ORD-1072810,2025-05-02,15:31:31,SKU-02104,2,B-01R-002-1-A,PKR-006,MULTI,USPS Priority Mail,GROUND
ORD-1071754,2025-05-02,20:04:05,SKU-02298,2,A-01L-014-4-A,PKR-007,MULTI,USPS Priority Mail,PRIORITY_2D
ORD-1070922,2025-05-02,10:11:47,SKU-01552,2,A-04R-001-1-B,PKR-015,MULTI,UPS Ground,GROUND
ORD-1072613,2025-05-02,09:34:11,SKU-01803,2,B-03R-020-1-A,PKR-005,MULTI,FedEx Ground,GROUND
ORD-1071609,2025-05-02,12:03:37,SKU-00241,2,D-04R-016-4-B,PKR-004,MULTI,UPS Ground,GROUND
ORD-1072497,2025-05-02,21:28:59,SKU-03117,2,D-01L-015-1-B,PKR-006,MULTI,FedEx 2Day,GROUND
ORD-1073147,2025-05-02,15:39:30,SKU-04538,2,A-01R-001-1-B,PKR-019,MULTI,FedEx Ground,GROUND
ORD-1075340,2025-05-02,08:55:34,SKU-04041,2,A-02R-002-2-B,PKR-004,MULTI,USPS Priority Mail,GROUND
ORD-1069259,2025-05-02,10:22:00,SKU-04563,2,A-02L-022-4-B,PKR-023,MULTI,FedEx Ground,GROUND
ORD-1070763,2025-05-02,06:01:30,SKU-00867,1,A-04R-001-1-A,PKR-018,MULTI,FedEx Ground,GROUND
ORD-1071524,2025-05-02,08:27:53,SKU-04457,2,A-01L-020-2-B,PKR-018,MULTI,USPS Priority Mail,GROUND
ORD-1075513,2025-05-02,13:18:03,SKU-04608,2,A-02L-025-1-B,PKR-002,MULTI,USPS Priority Mail,GROUND
ORD-1068052,2025-05-02,08:50:19,SKU-00046,1,B-03L-005-2-A,PKR-013,MULTI,FedEx Ground,GROUND
ORD-1073843,2025-05-02,07:54:14,SKU-02013,2,C-01R-022-1-A,PKR-006,MULTI,UPS Ground,GROUND
ORD-1075760,2025-05-02,07:03:41,SKU-03340,1,A-02L-012-5-B,PKR-012,MULTI,USPS Priority Mail,GROUND
ORD-1072339,2025-05-02,14:22:00,SKU-04174,2,D-02L-026-5-A,PKR-031,MULTI,FedEx Ground,GROUND
ORD-1071481,2025-05-02,06:39:36,SKU-04775,1,A-02R-001-5-B,PKR-017,MULTI,FedEx 2Day,PRIORITY_2D
ORD-1069904,2025-05-02,10:39:09,SKU-00183,1,B-04R-001-1-B,PKR-004,MULTI,FedEx Ground,GROUND
ORD-1074155,2025-05-02,13:46:12,SKU-02205,1,D-01R-021-2-A,PKR-018,MULTI,FedEx Ground,GROUND
ORD-1075349,2025-05-02,16:03:36,SKU-02366,1,A-01R-020-4-A,PKR-011,MULTI,FedEx Ground,PRIORITY_2D
ORD-1070690,2025-05-02,14:51:53,SKU-03582,2,B-01R-009-4-A,PKR-024,MULTI,USPS Priority Mail,GROUND
ORD-1074295,2025-05-02,15:07:51,SKU-04866,2,C-01R-008-4-A,PKR-017,MULTI,FedEx Ground,GROUND
ORD-1068834,2025-05-02,21:50:04,SKU-04328,1,A-02L-021-1-B,PKR-012,MULTI,USPS Priority Mail,PRIORITY_2D
ORD-1071313,2025-05-02,06:56:58,SKU-01365,1,C-04L-002-3-A,PKR-008,MULTI,UPS Ground,GROUND
ORD-1068148,2025-05-02,09:13:28,SKU-04328,2,A-02L-021-1-B,PKR-015,MULTI,FedEx Ground,GROUND
ORD-1073147,2025-05-02,15:39:30,SKU-04041,1,A-02R-002-2-B,PKR-019,MULTI,FedEx Ground,GROUND
ORD-1071370,2025-05-02,21:34:32,SKU-03018,2,C-02L-015-3-B,PKR-006,MULTI,FedEx Ground,PRIORITY_2D
ORD-1074477,2025-05-02,08:42:57,SKU-01696,2,B-03L-009-3-B,PKR-009,MULTI,FedEx Ground,GROUND
ORD-1070537,2025-05-02,17:09:19,SKU-04041,2,A-02R-002-2-B,PKR-031,MULTI,FedEx Ground,GROUND
ORD-1072096,2025-05-02,17:53:39,SKU-02185,2,C-01R-009-4-B,PKR-019,MULTI,FedEx 2Day,GROUND
ORD-1070263,2025-05-02,18:10:13,SKU-04041,2,A-02R-002-2-B,PKR-013,SINGLE,FedEx Ground,STANDARD_OVERNIGHT
ORD-1070587,2025-05-02,15:32:35,SKU-04878,2,B-01R-016-3-B,PKR-022,MULTI,FedEx Ground,PRIORITY_2D
ORD-1069617,2025-05-02,08:14:59,SKU-02357,2,C-02L-006-2-A,PKR-024,MULTI,UPS Ground,GROUND
ORD-1075784,2025-05-02,09:14:57,SKU-00925,2,B-04R-015-2-B,PKR-008,MULTI,UPS 2nd Day Air,PRIORITY_2D
ORD-1069489,2025-05-02,10:04:07,SKU-04538,2,A-01R-001-1-B,PKR-016,MULTI,UPS Ground,GROUND
ORD-1074860,2025-05-02,15:02:20,SKU-02140,2,B-01R-020-2-B,PKR-026,MULTI,FedEx Ground,PRIORITY_2D
ORD-1071951,2025-05-02,10:03:39,SKU-04608,2,A-02L-025-1-B,PKR-019,MULTI,FedEx Ground,STANDARD_OVERNIGHT
ORD-1070323,2025-05-02,08:50:08,SKU-04015,2,A-02R-020-1-B,PKR-025,MULTI,UPS Ground,STANDARD_OVERNIGHT
ORD-1073802,2025-05-02,17:52:10,SKU-01204,2,A-03R-016-1-B,PKR-028,MULTI,UPS Ground,GROUND
ORD-1071024,2025-05-02,10:52:18,SKU-02592,1,C-02L-004-3-B,PKR-027,MULTI,FedEx Ground,STANDARD_OVERNIGHT
ORD-1073770,2025-05-02,07:55:46,SKU-02170,2,A-02R-011-5-B,PKR-002,MULTI,USPS Priority Mail,GROUND
ORD-1075493,2025-05-02,12:04:41,SKU-01490,2,B-04R-009-1-A,PKR-029,MULTI,USPS Priority Mail,GROUND
ORD-1069568,2025-05-02,17:59:48,SKU-00037,2,A-03L-004-3-A,PKR-031,MULTI,USPS Priority Mail,GROUND
ORD-1072222,2025-05-02,12:05:54,SKU-04328,1,A-02L-021-1-B,PKR-021,MULTI,FedEx Ground,PRIORITY_2D
ORD-1069179,2025-05-02,09:29:20,SKU-00421,2,B-03R-012-3-A,PKR-009,MULTI,USPS Priority Mail,GROUND
ORD-1068781,2025-05-02,09:06:04,SKU-01121,2,B-04R-017-4-A,PKR-017,MULTI,USPS Priority Mail,GROUND
ORD-1068354,2025-05-02,18:52:45,SKU-00660,2,C-03L-004-2-A,PKR-023,MULTI,UPS Ground,GROUND
ORD-1075100,2025-05-02,10:50:05,SKU-02104,1,B-01R-002-1-A,PKR-003,MULTI,FedEx Ground,GROUND
ORD-1071157,2025-05-02,15:09:12,SKU-00535,1,A-03R-010-2-A,PKR-028,MULTI,UPS Ground,GROUND
ORD-1075835,2025-05-02,07:38:44,SKU-02281,2,A-01L-025-3-B,PKR-027,MULTI,FedEx Ground,GROUND
ORD-1071743,2025-05-02,09:57:15,SKU-02252,2,B-02R-025-2-A,PKR-031,MULTI,USPS Priority Mail,GROUND
ORD-1075742,2025-05-02,11:25:32,SKU-02609,1,C-01R-013-1-B,PKR-004,MULTI,UPS Ground,STANDARD_OVERNIGHT
ORD-1071231,2025-05-02,11:17:29,SKU-04370,1,A-02R-026-5-A,PKR-012,MULTI,FedEx Ground,GROUND
ORD-1073389,2025-05-02,17:39:25,SKU-01204,2,A-03R-016-1-B,PKR-006,MULTI,FedEx Ground,GROUND
ORD-1072248,2025-05-02,17:09:52,SKU-02125,2,A-01R-020-2-B,PKR-004,MULTI,UPS 2nd Day Air,GROUND
ORD-1074794,2025-05-02,08:56:21,SKU-02729,1,B-01R-010-4-A,PKR-006,MULTI,USPS Priority Mail,GROUND
ORD-1071022,2025-05-02,12:13:58,SKU-04041,2,A-02R-002-2-B,PKR-023,MULTI,FedEx 2Day,GROUND
ORD-1074847,2025-05-02,16:44:31,SKU-04457,2,A-01L-020-2-B,PKR-015,MULTI,FedEx Ground,PRIORITY_2D
ORD-1075300,2025-05-02,13:43:03,SKU-02751,2,D-02L-022-4-A,PKR-011,MULTI,FedEx Ground,STANDARD_OVERNIGHT
ORD-1073392,2025-05-02,14:57:13,SKU-04328,2,A-02L-021-1-B,PKR-022,MULTI,FedEx Ground,PRIORITY_2D
ORD-1073156,2025-05-02,08:44:37,SKU-04328,2,A-02L-021-1-B,PKR-027,MULTI,UPS Ground,GROUND
ORD-1070627,2025-05-02,16:43:26,SKU-02401,1,D-02L-007-5-B,PKR-002,MULTI,UPS 2nd Day Air,PRIORITY_2D
ORD-1068444,2025-05-02,15:10:27,SKU-03727,2,B-02R-023-4-A,PKR-022,MULTI,USPS Priority Mail,GROUND
ORD-1068675,2025-05-02,10:58:05,SKU-04353,2,B-02L-022-4-A,PKR-021,MULTI,USPS Priority Mail,GROUND
ORD-1068205,2025-05-02,19:06:59,SKU-00551,2,D-03R-010-3-B,PKR-015,MULTI,USPS Priority Mail,GROUND
ORD-1074278,2025-05-02,16:24:37,SKU-03077,1,B-02L-012-4-B,PKR-012,SINGLE,UPS Ground,GROUND
ORD-1070986,2025-05-02,12:28:57,SKU-04670,2,C-02R-018-2-B,PKR-005,MULTI,FedEx Ground,GROUND
ORD-1073164,2025-05-02,16:44:01,SKU-04183,2,A-01L-010-2-B,PKR-012,MULTI,FedEx Ground,GROUND
ORD-1074701,2025-05-02,08:00:44,SKU-04967,2,B-01R-008-5-B,PKR-013,MULTI,FedEx Ground,GROUND
ORD-1068725,2025-05-02,20:23:47,SKU-02585,1,A-01R-012-4-A,PKR-004,MULTI,UPS 2nd Day Air,PRIORITY_2D
ORD-1068288,2025-05-02,15:22:33,SKU-04328,2,A-02L-021-1-B,PKR-031,MULTI,USPS Priority Mail,GROUND
ORD-1071203,2025-05-02,20:51:42,SKU-01170,2,A-03L-002-3-B,PKR-011,MULTI,FedEx Ground,GROUND
ORD-1073170,2025-05-02,10:24:11,SKU-04328,2,A-02L-021-1-B,PKR-023,MULTI,FedEx Ground,GROUND
ORD-1074063,2025-05-02,13:13:17,SKU-03825,2,B-01R-003-2-A,PKR-015,MULTI,UPS Ground,GROUND
ORD-1071503,2025-05-02,17:50:21,SKU-03378,1,A-01L-004-4-B,PKR-008,MULTI,UPS 2nd Day Air,GROUND
ORD-1072923,2025-05-02,13:36:56,SKU-00466,2,C-04R-016-1-B,PKR-017,MULTI,FedEx Ground,GROUND
ORD-1074795,2025-05-02,06:33:56,SKU-02972,2,D-02L-021-3-B,PKR-016,MULTI,FedEx Ground,GROUND
ORD-1068606,2025-05-02,09:19:38,SKU-02807,2,A-02L-026-2-A,PKR-022,MULTI,FedEx Ground,GROUND
ORD-1068007,2025-05-02,21:16:35,SKU-00276,1,B-03R-014-2-B,PKR-027,MULTI,USPS Priority Mail,GROUND
ORD-1075935,2025-05-02,14:20:41,SKU-01579,2,A-03R-014-1-B,PKR-004,MULTI,UPS Ground,GROUND
ORD-1070186,2025-05-02,11:09:40,SKU-04435,1,A-02R-016-4-A,PKR-024,MULTI,USPS Priority Mail,GROUND
ORD-1070009,2025-05-02,21:06:18,SKU-04328,2,A-02L-021-1-B,PKR-003,MULTI,UPS 2nd Day Air,PRIORITY_2D
ORD-1075566,2025-05-02,17:35:45,SKU-03356,2,A-02L-015-2-A,PKR-031,MULTI,FedEx 2Day,GROUND
ORD-1068178,2025-05-02,12:55:57,SKU-03049,2,C-02L-003-4-A,PKR-018,MULTI,FedEx 2Day,GROUND
ORD-1071831,2025-05-02,11:10:13,SKU-02175,1,C-01R-006-1-B,PKR-021,MULTI,USPS Priority Mail,GROUND
ORD-1072506,2025-05-02,08:17:58,SKU-02306,1,E-01R-017-4-A,PKR-021,MULTI,USPS Priority Mail,GROUND
ORD-1074588,2025-05-02,20:26:36,SKU-02366,2,A-01R-020-4-A,PKR-009,MULTI,UPS 2nd Day Air,GROUND
ORD-1071890,2025-05-02,21:48:47,SKU-03600,2,A-01L-017-2-B,PKR-030,MULTI,FedEx 2Day,PRIORITY_2D
ORD-1072097,2025-05-02,17:43:32,SKU-00264,2,C-03L-008-1-B,PKR-015,MULTI,UPS Ground,PRIORITY_2D
ORD-1071162,2025-05-02,09:00:07,SKU-00303,2,B-03L-008-1-A,PKR-030,MULTI,USPS Priority Mail,PRIORITY_2D
ORD-1071474,2025-05-02,15:02:02,SKU-03093,1,A-01R-026-5-A,PKR-020,MULTI,UPS Ground,GROUND
ORD-1073430,2025-05-02,11:05:34,SKU-02585,1,A-01R-012-4-A,PKR-006,MULTI,FedEx 2Day,GROUND
ORD-1073817,2025-05-02,13:08:32,SKU-02428,2,B-01L-024-5-A,PKR-024,MULTI,UPS 2nd Day Air,GROUND
ORD-1074039,2025-05-02,21:07:07,SKU-03946,1,A-02L-004-5-B,PKR-027,MULTI,USPS Priority Mail,GROUND
ORD-1074771,2025-05-02,09:10:21,SKU-00733,1,A-04R-005-1-B,PKR-010,MULTI,FedEx Ground,GROUND
ORD-1073609,2025-05-02,15:49:07,SKU-04328,1,A-02L-021-1-B,PKR-019,MULTI,USPS Priority Mail,GROUND
ORD-1073147,2025-05-02,15:39:30,SKU-02908,1,B-02L-005-3-A,PKR-019,MULTI,FedEx Ground,GROUND
ORD-1075187,2025-05-02,14:26:02,SKU-01331,2,A-03R-003-4-B,PKR-021,MULTI,USPS Priority Mail,PRIORITY_2D
ORD-1072240,2025-05-02,21:41:29,SKU-04328,2,A-02L-021-1-B,PKR-013,MULTI,UPS Ground,GROUND
ORD-1074200,2025-05-02,11:18:29,SKU-02564,1,C-01L-011-5-B,PKR-016,MULTI,UPS Ground,GROUND
ORD-1073219,2025-05-02,13:03:09,SKU-01135,2,D-03R-018-3-A,PKR-027,MULTI,FedEx 2Day,STANDARD_OVERNIGHT
ORD-1069254,2025-05-02,09:05:53,SKU-02499,1,A-02L-005-3-A,PKR-015,MULTI,USPS Priority Mail,GROUND
ORD-1070815,2025-05-02,20:23:45,SKU-04200,2,B-01R-007-5-B,PKR-024,MULTI,FedEx Ground,GROUND
ORD-1074011,2025-05-02,20:46:23,SKU-04116,1,B-02L-002-3-A,PKR-006,MULTI,USPS Priority Mail,PRIORITY_2D
ORD-1075123,2025-05-02,08:17:30,SKU-02676,1,B-02R-014-4-B,PKR-021,SINGLE,FedEx Ground,GROUND
ORD-1075323,2025-05-02,06:58:49,SKU-04538,2,A-01R-001-1-B,PKR-013,MULTI,UPS Ground,GROUND
ORD-1073982,2025-05-02,14:25:49,SKU-04328,2,A-02L-021-1-B,PKR-012,MULTI,USPS Priority Mail,PRIORITY_2D
ORD-1073120,2025-05-02,16:45:28,SKU-01222,1,A-04L-010-1-A,PKR-024,SINGLE,FedEx Ground,GROUND
ORD-1072493,2025-05-02,21:28:47,SKU-02085,1,D-02R-008-1-A,PKR-021,MULTI,USPS Priority Mail,GROUND
ORD-1072662,2025-05-02,18:28:11,SKU-01204,2,A-03R-016-1-B,PKR-026,MULTI,UPS Ground,GROUND
ORD-1072683,2025-05-02,08:59:06,SKU-03727,2,B-02R-023-4-A,PKR-003,MULTI,UPS Ground,GROUND
ORD-1075772,2025-05-02,06:25:22,SKU-02045,2,B-01R-025-3-A,PKR-019,MULTI,FedEx Ground,GROUND
ORD-1075088,2025-05-02,17:59:36,SKU-04308,2,B-02R-019-4-A,PKR-009,MULTI,UPS Ground,GROUND
ORD-1069786,2025-05-02,19:24:39,SKU-04775,2,A-02R-001-5-B,PKR-023,MULTI,USPS Priority Mail,GROUND
ORD-1069418,2025-05-02,10:33:00,SKU-04328,1,A-02L-021-1-B,PKR-028,MULTI,USPS Priority Mail,GROUND
ORD-1073989,2025-05-02,12:22:11,SKU-04689,2,D-01L-021-2-A,PKR-015,MULTI,USPS Priority Mail,STANDARD_OVERNIGHT
ORD-1070001,2025-05-02,07:39:53,SKU-02366,2,A-01R-020-4-A,PKR-024,MULTI,FedEx Ground,GROUND
ORD-1071202,2025-05-02,10:50:49,SKU-04294,2,A-02R-019-3-A,PKR-032,MULTI,UPS 2nd Day Air,GROUND
ORD-1073656,2025-05-02,09:44:49,SKU-01126,2,D-03L-005-3-B,PKR-014,MULTI,USPS Priority Mail,GROUND
ORD-1075919,2025-05-02,20:58:26,SKU-03175,1,C-02R-026-1-B,PKR-005,MULTI,FedEx Ground,GROUND
ORD-1076934,2025-05-03,07:51:23,SKU-04041,1,A-02R-002-2-B,PKR-022,MULTI,UPS Ground,GROUND
ORD-1077787,2025-05-03,11:28:17,SKU-02609,2,C-01R-013-1-B,PKR-002,MULTI,USPS Priority Mail,GROUND
ORD-1076017,2025-05-03,11:13:57,SKU-02684,2,B-01L-017-4-A,PKR-025,MULTI,FedEx Ground,GROUND
ORD-1077000,2025-05-03,19:57:16,SKU-02908,1,B-02L-005-3-A,PKR-002,MULTI,UPS Ground,GROUND
ORD-1078177,2025-05-03,16:17:32,SKU-04043,2,B-02L-009-1-B,PKR-009,SINGLE,USPS Priority Mail,GROUND
ORD-1077076,2025-05-03,06:32:41,SKU-02908,2,B-02L-005-3-A,PKR-003,MULTI,USPS Priority Mail,GROUND
ORD-1076623,2025-05-03,12:38:08,SKU-03727,2,B-02R-023-4-A,PKR-015,MULTI,UPS Ground,GROUND
ORD-1079478,2025-05-03,17:05:30,SKU-04798,2,C-02L-013-4-B,PKR-024,MULTI,FedEx 2Day,GROUND
ORD-1079563,2025-05-03,15:07:35,SKU-02509,2,B-01L-020-5-A,PKR-006,SINGLE,UPS Ground,GROUND
ORD-1078703,2025-05-03,16:52:19,SKU-01040,2,B-04R-019-4-A,PKR-018,MULTI,FedEx Ground,GROUND
ORD-1076592,2025-05-03,11:13:23,SKU-04765,2,C-02L-007-3-B,PKR-016,MULTI,USPS Priority Mail,GROUND
ORD-1078305,2025-05-03,07:41:11,SKU-04860,2,C-01R-022-2-B,PKR-005,MULTI,UPS 2nd Day Air,GROUND
ORD-1076988,2025-05-03,10:53:49,SKU-03727,2,B-02R-023-4-A,PKR-025,MULTI,USPS Priority Mail,GROUND
ORD-1079608,2025-05-03,07:10:51,SKU-01803,2,B-03R-020-1-A,PKR-031,MULTI,UPS Ground,GROUND
ORD-1077359,2025-05-03,15:07:28,SKU-04041,2,A-02R-002-2-B,PKR-003,MULTI,FedEx Ground,GROUND
ORD-1076353,2025-05-03,15:02:08,SKU-01170,1,A-03L-002-3-B,PKR-024,MULTI,USPS Priority Mail,GROUND
ORD-1076898,2025-05-03,20:28:15,SKU-02393,2,B-02R-005-2-B,PKR-023,MULTI,UPS Ground,PRIORITY_2D
ORD-1078647,2025-05-03,09:05:01,SKU-01642,1,D-04R-018-4-A,PKR-008,MULTI,FedEx Ground,GROUND
ORD-1079764,2025-05-03,10:41:42,SKU-04836,1,C-02L-026-5-A,PKR-008,MULTI,UPS Ground,GROUND
ORD-1077778,2025-05-03,07:14:46,SKU-02366,2,A-01R-020-4-A,PKR-003,SINGLE,FedEx Ground,GROUND
ORD-1079253,2025-05-03,16:00:46,SKU-04670,2,C-02R-018-2-B,PKR-004,MULTI,USPS Priority Mail,GROUND
ORD-1076028,2025-05-03,10:10:04,SKU-02125,1,A-01R-020-2-B,PKR-027,MULTI,UPS Ground,PRIORITY_2D
ORD-1076047,2025-05-03,09:41:47,SKU-04697,2,D-02L-014-4-A,PKR-013,MULTI,USPS Priority Mail,GROUND
ORD-1077458,2025-05-03,16:43:12,SKU-04890,2,A-02R-006-5-B,PKR-024,MULTI,USPS Priority Mail,STANDARD_OVERNIGHT
ORD-1079016,2025-05-03,08:35:29,SKU-03823,1,C-02R-020-1-B,PKR-010,MULTI,UPS 2nd Day Air,GROUND
ORD-1077356,2025-05-03,09:10:06,SKU-04523,2,A-02L-024-2-B,PKR-023,MULTI,USPS Priority Mail,GROUND
ORD-1076092,2025-05-03,13:13:55,SKU-00288,2,C-03R-006-2-A,PKR-021,MULTI,UPS Ground,GROUND
ORD-1077988,2025-05-03,15:06:21,SKU-02044,2,A-01R-023-5-B,PKR-005,MULTI,UPS Ground,GROUND
ORD-1077092,2025-05-03,09:52:26,SKU-00779,2,B-04L-003-4-B,PKR-030,MULTI,UPS Ground,GROUND
ORD-1077390,2025-05-03,07:44:44,SKU-03823,2,C-02R-020-1-B,PKR-012,MULTI,USPS Priority Mail,GROUND
ORD-1077557,2025-05-03,14:37:14,SKU-04131,2,A-02L-001-3-A,PKR-024,SINGLE,USPS Priority Mail,GROUND
ORD-1079251,2025-05-03,13:31:08,SKU-02104,2,B-01R-002-1-A,PKR-004,MULTI,UPS Ground,GROUND
ORD-1079089,2025-05-03,13:44:25,SKU-02366,1,A-01R-020-4-A,PKR-020,MULTI,FedEx Ground,GROUND
ORD-1077670,2025-05-03,06:15:38,SKU-03600,2,A-01L-017-2-B,PKR-011,MULTI,UPS Ground,GROUND
ORD-1076719,2025-05-03,11:55:18,SKU-04865,1,A-01R-011-4-B,PKR-025,MULTI,USPS Priority Mail,PRIORITY_2D
ORD-1077926,2025-05-03,19:14:40,SKU-04041,2,A-02R-002-2-B,PKR-011,MULTI,FedEx Ground,GROUND
ORD-1078886,2025-05-03,14:05:53,SKU-00017,1,B-03R-001-4-B,PKR-011,MULTI,UPS Ground,PRIORITY_2D
ORD-1079601,2025-05-03,14:57:05,SKU-02366,2,A-01R-020-4-A,PKR-008,MULTI,UPS Ground,GROUND
ORD-1078284,2025-05-03,13:47:54,SKU-04976,2,C-02R-018-4-B,PKR-011,MULTI,FedEx Ground,GROUND
ORD-1076003,2025-05-03,08:12:21,SKU-01975,2,B-04L-014-4-A,PKR-001,MULTI,UPS Ground,GROUND
ORD-1079552,2025-05-03,07:31:59,SKU-03080,1,C-01L-018-3-B,PKR-025,MULTI,FedEx Ground,GROUND
ORD-1077643,2025-05-03,07:08:43,SKU-02908,2,B-02L-005-3-A,PKR-018,MULTI,FedEx Ground,GROUND
ORD-1079687,2025-05-03,08:38:57,SKU-03727,2,B-02R-023-4-A,PKR-019,MULTI,FedEx Ground,STANDARD_OVERNIGHT
ORD-1077215,2025-05-03,08:37:19,SKU-03921,1,B-01R-021-2-B,PKR-017,MULTI,UPS Ground,STANDARD_OVERNIGHT
ORD-1076767,2025-05-03,09:29:04,SKU-01178,2,B-04L-001-3-A,PKR-031,MULTI,UPS Ground,GROUND
ORD-1079781,2025-05-03,16:00:47,SKU-00420,2,A-03R-014-1-A,PKR-011,MULTI,FedEx Ground,GROUND
ORD-1078687,2025-05-03,07:18:32,SKU-04328,2,A-02L-021-1-B,PKR-007,MULTI,FedEx Ground,GROUND
ORD-1076598,2025-05-03,17:56:06,SKU-02908,2,B-02L-005-3-A,PKR-012,MULTI,UPS Ground,PRIORITY_2D
ORD-1078456,2025-05-03,20:10:17,SKU-02366,2,A-01R-020-4-A,PKR-009,MULTI,FedEx Ground,GROUND
ORD-1078146,2025-05-03,19:40:17,SKU-00779,1,B-04L-003-4-B,PKR-014,MULTI,USPS Priority Mail,PRIORITY_2D
ORD-1077316,2025-05-03,09:29:48,SKU-04328,2,A-02L-021-1-B,PKR-007,MULTI,FedEx Ground,GROUND
ORD-1078385,2025-05-03,13:31:33,SKU-04328,2,A-02L-021-1-B,PKR-022,MULTI,USPS Priority Mail,GROUND
ORD-1077120,2025-05-03,06:59:51,SKU-00039,1,C-03R-017-4-B,PKR-022,MULTI,FedEx Ground,PRIORITY_2D
ORD-1079594,2025-05-03,08:45:22,SKU-04328,1,A-02L-021-1-B,PKR-018,MULTI,FedEx 2Day,GROUND
ORD-1076060,2025-05-03,12:59:45,SKU-04328,1,A-02L-021-1-B,PKR-004,MULTI,UPS Ground,GROUND
ORD-1079848,2025-05-03,14:11:02,SKU-02104,2,B-01R-002-1-A,PKR-029,MULTI,FedEx Ground,GROUND
ORD-1076908,2025-05-03,19:50:16,SKU-03947,2,B-01R-009-1-A,PKR-016,MULTI,FedEx Ground,GROUND
ORD-1077888,2025-05-03,20:16:43,SKU-04082,1,A-02R-002-2-A,PKR-009,MULTI,UPS Ground,GROUND
ORD-1077979,2025-05-03,12:14:05,SKU-02908,2,B-02L-005-3-A,PKR-027,MULTI,FedEx 2Day,GROUND
ORD-1078923,2025-05-03,14:03:31,SKU-04126,2,B-02R-009-4-A,PKR-027,MULTI,UPS Ground,PRIORITY_2D
ORD-1077588,2025-05-03,18:16:15,SKU-02775,2,C-01R-023-3-A,PKR-018,MULTI,UPS Ground,GROUND
ORD-1077469,2025-05-03,06:23:50,SKU-01552,1,A-04R-001-1-B,PKR-014,MULTI,UPS Ground,GROUND
ORD-1077011,2025-05-03,11:56:14,SKU-00650,2,D-04R-011-2-A,PKR-018,SINGLE,USPS Priority Mail,PRIORITY_2D
ORD-1076161,2025-05-03,10:59:10,SKU-01204,2,A-03R-016-1-B,PKR-011,SINGLE,USPS Priority Mail,GROUND
ORD-1077849,2025-05-03,08:32:35,SKU-00390,1,C-03L-009-2-A,PKR-015,MULTI,FedEx Ground,GROUND
ORD-1078745,2025-05-03,07:14:14,SKU-03727,1,B-02R-023-4-A,PKR-004,MULTI,FedEx Ground,GROUND
ORD-1078084,2025-05-03,11:23:26,SKU-03727,2,B-02R-023-4-A,PKR-004,MULTI,FedEx Ground,PRIORITY_2D
ORD-1076085,2025-05-03,13:53:08,SKU-04608,2,A-02L-025-1-B,PKR-009,MULTI,USPS Priority Mail,GROUND
ORD-1078876,2025-05-03,07:36:39,SKU-02624,2,A-02R-022-1-A,PKR-009,SINGLE,FedEx 2Day,GROUND
ORD-1076709,2025-05-03,12:52:06,SKU-04054,2,C-01L-011-1-A,PKR-004,SINGLE,FedEx Ground,GROUND
ORD-1078265,2025-05-03,11:25:45,SKU-00872,2,A-04L-005-1-A,PKR-015,MULTI,FedEx Ground,GROUND
ORD-1077584,2025-05-03,13:35:49,SKU-04347,2,B-02R-012-5-B,PKR-031,MULTI,USPS Priority Mail,GROUND
ORD-1078832,2025-05-03,18:40:50,SKU-02031,2,E-02R-010-5-B,PKR-005,MULTI,UPS Ground,GROUND
ORD-1079740,2025-05-03,14:42:51,SKU-04328,2,A-02L-021-1-B,PKR-003,SINGLE,FedEx Ground,GROUND
ORD-1076179,2025-05-03,18:19:45,SKU-03881,2,B-02R-002-4-A,PKR-002,MULTI,FedEx Ground,GROUND
ORD-1076298,2025-05-03,13:52:17,SKU-02366,1,A-01R-020-4-A,PKR-006,MULTI,UPS Ground,GROUND
ORD-1077876,2025-05-03,08:19:39,SKU-04141,1,A-02L-018-5-A,PKR-003,MULTI,UPS Ground,GROUND
ORD-1079407,2025-05-03,09:51:10,SKU-03768,2,A-02R-006-1-A,PKR-014,MULTI,FedEx Ground,PRIORITY_2D
ORD-1076096,2025-05-03,18:24:06,SKU-04878,1,B-01R-016-3-B,PKR-012,MULTI,UPS Ground,GROUND
ORD-1078405,2025-05-03,09:29:53,SKU-02836,1,A-02R-009-1-B,PKR-014,MULTI,UPS Ground,GROUND
ORD-1077974,2025-05-03,16:09:09,SKU-00838,1,A-03L-009-1-B,PKR-032,MULTI,UPS Ground,GROUND
ORD-1079875,2025-05-03,12:07:52,SKU-02366,2,A-01R-020-4-A,PKR-008,MULTI,UPS Ground,STANDARD_OVERNIGHT
ORD-1078728,2025-05-03,07:30:18,SKU-03868,1,B-02R-015-1-A,PKR-014,MULTI,UPS 2nd Day Air,STANDARD_OVERNIGHT
ORD-1078325,2025-05-03,15:53:35,SKU-03823,2,C-02R-020-1-B,PKR-006,MULTI,UPS Ground,STANDARD_OVERNIGHT
ORD-1079643,2025-05-03,14:35:39,SKU-03126,2,A-02L-015-1-A,PKR-003,MULTI,FedEx Ground,GROUND
ORD-1077372,2025-05-03,09:28:59,SKU-03823,1,C-02R-020-1-B,PKR-023,MULTI,USPS Priority Mail,STANDARD_OVERNIGHT
ORD-1079888,2025-05-03,12:39:26,SKU-04370,2,A-02R-026-5-A,PKR-027,SINGLE,UPS 2nd Day Air,GROUND
ORD-1079470,2025-05-03,16:31:30,SKU-02104,2,B-01R-002-1-A,PKR-020,MULTI,UPS Ground,GROUND
ORD-1077135,2025-05-03,21:18:32,SKU-03294,2,C-02R-024-5-A,PKR-017,MULTI,UPS Ground,GROUND
ORD-1079773,2025-05-03,11:06:03,SKU-04670,2,C-02R-018-2-B,PKR-001,MULTI,FedEx Ground,GROUND
ORD-1079278,2025-05-03,20:44:04,SKU-02913,1,B-01L-015-2-B,PKR-030,MULTI,FedEx Ground,GROUND
ORD-1076098,2025-05-03,06:02:19,SKU-04041,2,A-02R-002-2-B,PKR-025,MULTI,USPS Priority Mail,GROUND
ORD-1077092,2025-05-03,09:52:26,SKU-02085,1,D-02R-008-1-A,PKR-030,MULTI,UPS Ground,GROUND
ORD-1078326,2025-05-03,15:36:56,SKU-00145,2,D-03R-005-2-A,PKR-032,MULTI,FedEx Ground,GROUND
ORD-1077106,2025-05-03,12:45:12,SKU-03727,2,B-02R-023-4-A,PKR-023,MULTI,FedEx Ground,GROUND
ORD-1076255,2025-05-03,21:07:21,SKU-04482,2,D-02R-026-1-A,PKR-009,MULTI,FedEx Ground,GROUND
ORD-1076466,2025-05-03,16:38:12,SKU-02085,2,D-02R-008-1-A,PKR-015,MULTI,USPS Priority Mail,GROUND
ORD-1077974,2025-05-03,16:09:09,SKU-03705,2,A-02L-025-2-A,PKR-032,MULTI,UPS Ground,GROUND
ORD-1076131,2025-05-03,17:56:18,SKU-03727,2,B-02R-023-4-A,PKR-030,MULTI,USPS Priority Mail,GROUND
ORD-1076682,2025-05-03,18:41:35,SKU-00796,2,A-04R-013-4-A,PKR-010,MULTI,FedEx Ground,GROUND
ORD-1077872,2025-05-03,15:23:06,SKU-04328,2,A-02L-021-1-B,PKR-029,MULTI,FedEx Ground,GROUND
ORD-1078415,2025-05-03,06:56:31,SKU-03592,1,B-01R-008-5-A,PKR-010,MULTI,UPS Ground,GROUND
ORD-1079615,2025-05-03,20:55:24,SKU-04328,2,A-02L-021-1-B,PKR-007,MULTI,FedEx Ground,GROUND
ORD-1079651,2025-05-03,10:29:39,SKU-02125,2,A-01R-020-2-B,PKR-007,MULTI,FedEx Ground,PRIORITY_2D
ORD-1076972,2025-05-03,13:50:20,SKU-04328,2,A-02L-021-1-B,PKR-019,MULTI,USPS Priority Mail,GROUND
ORD-1082465,2025-05-05,18:11:47,SKU-00905,2,C-04R-002-2-A,PKR-030,MULTI,FedEx 2Day,GROUND
ORD-1084945,2025-05-05,17:06:02,SKU-04846,1,B-01L-003-1-A,PKR-004,MULTI,FedEx 2Day,GROUND
ORD-1087599,2025-05-05,20:54:00,SKU-00290,2,A-03L-003-2-A,PKR-008,MULTI,USPS Priority Mail,PRIORITY_2D
ORD-1081611,2025-05-05,11:56:18,SKU-04370,2,A-02R-026-5-A,PKR-012,MULTI,USPS Priority Mail,PRIORITY_2D
ORD-1083084,2025-05-05,12:00:10,SKU-00151,2,D-04R-003-4-B,PKR-010,MULTI,USPS Priority Mail,PRIORITY_2D
ORD-1082828,2025-05-05,07:49:24,SKU-00749,2,D-04R-017-4-A,PKR-025,MULTI,UPS Ground,PRIORITY_2D
ORD-1087829,2025-05-05,12:28:01,SKU-04980,2,B-01L-025-4-B,PKR-026,MULTI,FedEx Ground,PRIORITY_2D
ORD-1086194,2025-05-05,18:10:36,SKU-02242,1,B-02R-026-1-A,PKR-018,MULTI,UPS 2nd Day Air,PRIORITY_2D
ORD-1081224,2025-05-05,15:50:10,SKU-04328,1,A-02L-021-1-B,PKR-002,MULTI,FedEx Ground,STANDARD_OVERNIGHT
ORD-1084509,2025-05-05,09:15:17,SKU-04691,1,C-01R-009-3-B,PKR-001,MULTI,UPS Ground,GROUND
ORD-1087577,2025-05-05,09:03:40,SKU-02604,2,C-02L-013-1-B,PKR-019,MULTI,FedEx Ground,GROUND
ORD-1086269,2025-05-05,14:08:00,SKU-02908,2,B-02L-005-3-A,PKR-009,MULTI,UPS Ground,GROUND
ORD-1086143,2025-05-05,09:00:02,SKU-00145,2,D-03R-005-2-A,PKR-029,MULTI,FedEx 2Day,GROUND
ORD-1081065,2025-05-05,11:33:00,SKU-03881,1,B-02R-002-4-A,PKR-025,MULTI,USPS Priority Mail,PRIORITY_2D
ORD-1087347,2025-05-05,08:40:14,SKU-04733,1,A-01R-018-1-A,PKR-017,MULTI,USPS Priority Mail,STANDARD_OVERNIGHT
ORD-1086307,2025-05-05,19:03:40,SKU-02729,2,B-01R-010-4-A,PKR-013,MULTI,UPS 2nd Day Air,GROUND
ORD-1086962,2025-05-05,18:53:28,SKU-01490,1,B-04R-009-1-A,PKR-006,SINGLE,UPS Ground,GROUND
ORD-1085536,2025-05-05,13:44:21,SKU-04041,1,A-02R-002-2-B,PKR-024,MULTI,UPS Ground,GROUND
ORD-1086338,2025-05-05,20:17:52,SKU-02552,1,B-02R-022-5-B,PKR-029,MULTI,UPS Ground,GROUND
ORD-1083726,2025-05-05,21:24:14,SKU-02628,2,B-01L-009-5-A,PKR-032,MULTI,FedEx Ground,STANDARD_OVERNIGHT
ORD-1083597,2025-05-05,06:55:12,SKU-00047,2,A-03L-014-4-B,PKR-015,MULTI,UPS 2nd Day Air,GROUND
ORD-1086093,2025-05-05,09:15:36,SKU-02908,2,B-02L-005-3-A,PKR-015,MULTI,UPS Ground,GROUND
ORD-1080204,2025-05-05,07:02:25,SKU-00464,2,B-04L-018-2-A,PKR-014,MULTI,FedEx Ground,GROUND
ORD-1081089,2025-05-05,10:45:14,SKU-01463,2,A-04L-004-3-B,PKR-010,MULTI,FedEx Ground,STANDARD_OVERNIGHT
ORD-1082313,2025-05-05,09:50:50,SKU-04670,1,C-02R-018-2-B,PKR-026,MULTI,USPS Priority Mail,GROUND
ORD-1084816,2025-05-05,11:25:24,SKU-02125,1,A-01R-020-2-B,PKR-028,SINGLE,FedEx Ground,GROUND
ORD-1086622,2025-05-05,14:33:32,SKU-04328,1,A-02L-021-1-B,PKR-024,MULTI,FedEx Ground,GROUND
ORD-1085355,2025-05-05,14:03:42,SKU-00295,2,C-03L-014-1-A,PKR-024,MULTI,FedEx Ground,GROUND
ORD-1083837,2025-05-05,15:18:05,SKU-02609,1,C-01R-013-1-B,PKR-006,MULTI,UPS Ground,STANDARD_OVERNIGHT
ORD-1085919,2025-05-05,13:13:00,SKU-01015,2,A-03R-009-3-A,PKR-004,MULTI,UPS 2nd Day Air,GROUND
ORD-1086952,2025-05-05,08:21:39,SKU-03620,2,E-02L-026-3-B,PKR-014,MULTI,UPS Ground,GROUND
ORD-1083077,2025-05-05,13:52:59,SKU-03878,2,E-01R-004-1-B,PKR-030,MULTI,USPS Priority Mail,GROUND
ORD-1080594,2025-05-05,16:08:10,SKU-04928,2,B-01L-013-2-B,PKR-021,MULTI,USPS Priority Mail,GROUND
ORD-1085669,2025-05-05,07:04:08,SKU-00017,2,B-03R-001-4-B,PKR-016,MULTI,UPS Ground,GROUND
ORD-1082400,2025-05-05,06:08:16,SKU-01506,1,C-04L-010-3-B,PKR-003,MULTI,FedEx Ground,GROUND
ORD-1082041,2025-05-05,20:13:41,SKU-04209,2,C-01L-005-1-B,PKR-002,MULTI,UPS 2nd Day Air,GROUND
ORD-1080182,2025-05-05,21:29:55,SKU-02537,2,A-02L-004-3-A,PKR-013,MULTI,USPS Priority Mail,GROUND
ORD-1082630,2025-05-05,21:42:45,SKU-03854,2,B-02L-022-3-A,PKR-026,MULTI,USPS Priority Mail,GROUND
ORD-1083248,2025-05-05,11:44:19,SKU-02312,2,E-01R-021-5-B,PKR-008,MULTI,UPS Ground,PRIORITY_2D
ORD-1081612,2025-05-05,19:37:52,SKU-04328,1,A-02L-021-1-B,PKR-029,MULTI,UPS Ground,GROUND
ORD-1083690,2025-05-05,15:32:12,SKU-02780,1,E-01R-012-1-B,PKR-025,MULTI,USPS Priority Mail,GROUND
ORD-1084960,2025-05-05,20:37:01,SKU-04526,2,C-01R-011-2-A,PKR-011,MULTI,UPS Ground,GROUND
ORD-1082690,2025-05-05,18:02:55,SKU-01428,2,A-03L-006-4-A,PKR-001,MULTI,UPS Ground,STANDARD_OVERNIGHT
ORD-1085701,2025-05-05,12:29:06,SKU-00254,2,A-04L-020-4-A,PKR-003,MULTI,FedEx Ground,GROUND
ORD-1086336,2025-05-05,12:31:40,SKU-00324,1,C-03L-004-3-B,PKR-007,MULTI,FedEx Ground,GROUND
ORD-1081178,2025-05-05,21:32:39,SKU-02775,2,C-01R-023-3-A,PKR-028,MULTI,UPS Ground,PRIORITY_2D
ORD-1081773,2025-05-05,13:37:18,SKU-04528,1,B-02R-014-3-B,PKR-007,MULTI,UPS Ground,GROUND
ORD-1085888,2025-05-05,20:18:06,SKU-00466,1,C-04R-016-1-B,PKR-005,MULTI,UPS Ground,STANDARD_OVERNIGHT
ORD-1084597,2025-05-05,10:42:52,SKU-01999,2,A-04L-007-3-A,PKR-031,MULTI,FedEx Ground,PRIORITY_2D
ORD-1083764,2025-05-05,10:49:31,SKU-04457,1,A-01L-020-2-B,PKR-003,MULTI,UPS Ground,PRIORITY_2D
ORD-1081204,2025-05-05,21:39:56,SKU-04347,2,B-02R-012-5-B,PKR-005,MULTI,UPS Ground,GROUND
ORD-1087792,2025-05-05,18:26:29,SKU-00132,1,A-04R-016-4-B,PKR-021,MULTI,FedEx 2Day,GROUND
ORD-1081619,2025-05-05,10:24:17,SKU-02366,2,A-01R-020-4-A,PKR-020,MULTI,FedEx Ground,GROUND
ORD-1082050,2025-05-05,13:25:59,SKU-02291,2,D-01R-026-1-A,PKR-009,MULTI,FedEx Ground,PRIORITY_2D
ORD-1081555,2025-05-05,06:09:35,SKU-04328,1,A-02L-021-1-B,PKR-024,MULTI,USPS Priority Mail,PRIORITY_2D
ORD-1082331,2025-05-05,09:36:15,SKU-02509,2,B-01L-020-5-A,PKR-029,MULTI,UPS Ground,GROUND
ORD-1083539,2025-05-05,15:22:14,SKU-00974,1,A-03L-013-3-B,PKR-008,SINGLE,UPS Ground,GROUND
ORD-1086238,2025-05-05,20:51:35,SKU-02125,2,A-01R-020-2-B,PKR-032,MULTI,UPS Ground,GROUND
ORD-1086733,2025-05-05,20:47:51,SKU-04608,2,A-02L-025-1-B,PKR-011,MULTI,UPS 2nd Day Air,GROUND
ORD-1083630,2025-05-05,21:22:49,SKU-02509,2,B-01L-020-5-A,PKR-023,MULTI,FedEx Ground,PRIORITY_2D
ORD-1083086,2025-05-05,18:53:45,SKU-00063,2,C-04L-014-4-A,PKR-004,MULTI,UPS Ground,GROUND
ORD-1085257,2025-05-05,10:28:14,SKU-03213,2,E-01R-009-4-B,PKR-028,MULTI,UPS 2nd Day Air,PRIORITY_2D
ORD-1087014,2025-05-05,13:36:36,SKU-04782,1,C-01L-004-3-A,PKR-029,MULTI,USPS Priority Mail,GROUND
ORD-1087768,2025-05-05,12:04:51,SKU-04328,1,A-02L-021-1-B,PKR-010,MULTI,UPS Ground,GROUND
ORD-1081902,2025-05-05,06:53:41,SKU-00729,1,B-04L-011-4-A,PKR-027,MULTI,USPS Priority Mail,GROUND
ORD-1084707,2025-05-05,20:27:20,SKU-00368,1,B-03L-004-4-A,PKR-026,MULTI,FedEx 2Day,GROUND
ORD-1080896,2025-05-05,06:22:10,SKU-04608,2,A-02L-025-1-B,PKR-032,MULTI,UPS Ground,GROUND
ORD-1083430,2025-05-05,09:09:00,SKU-00484,2,C-04R-011-2-B,PKR-026,MULTI,UPS Ground,GROUND
ORD-1087740,2025-05-05,19:43:56,SKU-00606,2,B-04L-016-1-A,PKR-024,MULTI,FedEx Ground,GROUND
ORD-1084198,2025-05-05,09:37:19,SKU-02699,2,C-01L-007-2-B,PKR-010,MULTI,UPS Ground,PRIORITY_2D
ORD-1085572,2025-05-05,14:00:53,SKU-02956,1,A-01L-011-1-A,PKR-019,MULTI,UPS Ground,PRIORITY_2D
ORD-1087269,2025-05-05,20:24:40,SKU-04878,2,B-01R-016-3-B,PKR-023,MULTI,USPS Priority Mail,GROUND
ORD-1082467,2025-05-05,20:05:47,SKU-01850,1,A-04R-006-2-A,PKR-007,SINGLE,UPS Ground,PRIORITY_2D
ORD-1080066,2025-05-05,09:07:01,SKU-02908,1,B-02L-005-3-A,PKR-028,MULTI,USPS Priority Mail,PRIORITY_2D
ORD-1085923,2025-05-05,18:09:50,SKU-00465,2,B-04L-014-2-B,PKR-024,MULTI,UPS Ground,GROUND
ORD-1085081,2025-05-05,21:18:21,SKU-02859,2,A-01L-018-3-A,PKR-026,MULTI,FedEx Ground,GROUND
ORD-1080817,2025-05-05,13:46:02,SKU-04115,2,A-02R-021-4-B,PKR-025,MULTI,FedEx Ground,GROUND
ORD-1082261,2025-05-05,18:09:27,SKU-02125,1,A-01R-020-2-B,PKR-024,MULTI,FedEx 2Day,GROUND
ORD-1080833,2025-05-05,10:47:05,SKU-00446,1,B-04L-006-4-A,PKR-027,MULTI,UPS Ground,GROUND
ORD-1083905,2025-05-05,16:40:45,SKU-02585,2,A-01R-012-4-A,PKR-010,MULTI,USPS Priority Mail,GROUND
ORD-1086741,2025-05-05,07:54:05,SKU-02366,2,A-01R-020-4-A,PKR-028,MULTI,USPS Priority Mail,PRIORITY_2D
ORD-1081918,2025-05-05,10:50:41,SKU-02366,2,A-01R-020-4-A,PKR-020,MULTI,FedEx 2Day,GROUND
ORD-1085848,2025-05-05,10:10:17,SKU-04328,2,A-02L-021-1-B,PKR-025,MULTI,USPS Priority Mail,GROUND
ORD-1083872,2025-05-05,15:56:15,SKU-00859,2,C-04L-007-3-A,PKR-020,MULTI,FedEx Ground,GROUND
ORD-1081127,2025-05-05,20:38:07,SKU-02237,1,D-02R-013-4-B,PKR-013,MULTI,FedEx Ground,PRIORITY_2D
ORD-1086141,2025-05-05,06:36:25,SKU-03163,1,D-02L-016-4-A,PKR-018,MULTI,USPS Priority Mail,GROUND
ORD-1086372,2025-05-05,11:59:55,SKU-04245,1,B-01R-001-1-A,PKR-010,MULTI,USPS Priority Mail,GROUND
ORD-1086690,2025-05-05,14:06:02,SKU-01032,2,A-03L-009-3-B,PKR-007,MULTI,FedEx Ground,GROUND
ORD-1081664,2025-05-05,12:16:35,SKU-00446,2,B-04L-006-4-A,PKR-030,MULTI,FedEx Ground,PRIORITY_2D
ORD-1085247,2025-05-05,13:01:20,SKU-04328,2,A-02L-021-1-B,PKR-010,MULTI,FedEx Ground,GROUND
ORD-1081339,2025-05-05,21:30:07,SKU-01490,1,B-04R-009-1-A,PKR-028,MULTI,FedEx Ground,GROUND
ORD-1083741,2025-05-05,10:32:31,SKU-01975,1,B-04L-014-4-A,PKR-015,SINGLE,USPS Priority Mail,GROUND
ORD-1083588,2025-05-05,20:36:13,SKU-00673,2,C-03L-015-4-A,PKR-001,MULTI,UPS Ground,GROUND
ORD-1085280,2025-05-05,15:07:56,SKU-03369,2,D-02L-005-5-B,PKR-007,MULTI,USPS Priority Mail,GROUND
ORD-1087468,2025-05-05,07:54:17,SKU-03568,1,A-02R-024-1-B,PKR-006,MULTI,UPS Ground,GROUND
ORD-1080799,2025-05-05,10:32:52,SKU-02659,2,B-02R-007-3-A,PKR-001,MULTI,USPS Priority Mail,GROUND
ORD-1082516,2025-05-05,18:15:25,SKU-00034,2,A-04L-017-3-A,PKR-007,MULTI,UPS 2nd Day Air,GROUND
ORD-1083888,2025-05-05,20:26:46,SKU-04328,2,A-02L-021-1-B,PKR-010,MULTI,USPS Priority Mail,GROUND
ORD-1084897,2025-05-05,09:01:20,SKU-04733,1,A-01R-018-1-A,PKR-010,MULTI,FedEx Ground,GROUND
ORD-1085125,2025-05-05,10:47:18,SKU-02366,2,A-01R-020-4-A,PKR-030,MULTI,FedEx Ground,GROUND
ORD-1080914,2025-05-05,16:21:02,SKU-02849,1,C-02R-008-2-B,PKR-025,MULTI,USPS Priority Mail,GROUND
ORD-1083299,2025-05-05,16:56:32,SKU-04370,2,A-02R-026-5-A,PKR-028,MULTI,FedEx Ground,GROUND
ORD-1087948,2025-05-05,07:54:02,SKU-03586,2,D-01R-019-3-B,PKR-009,MULTI,UPS Ground,GROUND
ORD-1086577,2025-05-05,16:09:45,SKU-00322,2,D-04R-016-3-A,PKR-016,MULTI,FedEx 2Day,GROUND
ORD-1086348,2025-05-05,12:23:51,SKU-03539,2,D-02L-004-2-B,PKR-016,MULTI,USPS Priority Mail,GROUND
ORD-1084176,2025-05-05,14:25:01,SKU-02879,2,D-02L-017-1-A,PKR-026,MULTI,FedEx Ground,GROUND
ORD-1082019,2025-05-05,17:59:56,SKU-00348,2,B-03R-013-4-B,PKR-023,MULTI,UPS Ground,GROUND
ORD-1087378,2025-05-05,07:59:54,SKU-02585,1,A-01R-012-4-A,PKR-002,MULTI,FedEx 2Day,GROUND
ORD-1085460,2025-05-05,21:56:18,SKU-02886,2,B-01L-013-2-A,PKR-016,MULTI,USPS Priority Mail,GROUND
ORD-1086758,2025-05-05,10:18:19,SKU-02366,1,A-01R-020-4-A,PKR-016,SINGLE,FedEx Ground,GROUND
ORD-1080258,2025-05-05,15:40:26,SKU-02609,2,C-01R-013-1-B,PKR-014,MULTI,UPS Ground,STANDARD_OVERNIGHT
ORD-1086946,2025-05-05,12:02:17,SKU-02099,2,D-02L-010-2-B,PKR-019,MULTI,UPS Ground,PRIORITY_2D
ORD-1083946,2025-05-05,12:13:23,SKU-03539,2,D-02L-004-2-B,PKR-001,MULTI,FedEx Ground,GROUND
ORD-1083165,2025-05-05,06:05:32,SKU-00464,2,B-04L-018-2-A,PKR-019,MULTI,FedEx Ground,GROUND
ORD-1084198,2025-05-05,09:37:19,SKU-04782,1,C-01L-004-3-A,PKR-010,MULTI,UPS Ground,PRIORITY_2D
ORD-1084177,2025-05-05,14:09:21,SKU-04328,2,A-02L-021-1-B,PKR-023,MULTI,FedEx Ground,GROUND
ORD-1081615,2025-05-05,11:38:10,SKU-01944,2,B-04L-016-4-A,PKR-022,MULTI,UPS Ground,PRIORITY_2D
ORD-1085778,2025-05-05,18:58:46,SKU-03727,1,B-02R-023-4-A,PKR-019,SINGLE,UPS Ground,GROUND
ORD-1080800,2025-05-05,19:26:02,SKU-02939,2,A-02R-016-5-A,PKR-010,MULTI,USPS Priority Mail,GROUND
ORD-1080527,2025-05-05,09:55:33,SKU-02366,2,A-01R-020-4-A,PKR-009,MULTI,USPS Priority Mail,GROUND
ORD-1085553,2025-05-05,18:25:00,SKU-01227,2,B-03R-012-1-B,PKR-014,MULTI,UPS Ground,GROUND
ORD-1080831,2025-05-05,21:44:55,SKU-03090,2,A-02R-020-4-A,PKR-007,MULTI,USPS Priority Mail,STANDARD_OVERNIGHT
ORD-1085447,2025-05-05,13:06:50,SKU-04699,2,C-02L-016-1-B,PKR-030,MULTI,USPS Priority Mail,GROUND
ORD-1087839,2025-05-05,14:45:14,SKU-02684,1,B-01L-017-4-A,PKR-026,MULTI,FedEx Ground,GROUND
ORD-1084809,2025-05-05,11:18:44,SKU-02185,1,C-01R-009-4-B,PKR-016,MULTI,USPS Priority Mail,GROUND
ORD-1083252,2025-05-05,20:44:20,SKU-01204,2,A-03R-016-1-B,PKR-024,MULTI,FedEx Ground,GROUND
ORD-1080115,2025-05-05,11:32:46,SKU-04624,2,D-01R-008-5-B,PKR-002,SINGLE,FedEx Ground,GROUND
ORD-1084514,2025-05-05,12:24:24,SKU-00872,2,A-04L-005-1-A,PKR-019,MULTI,UPS Ground,GROUND
ORD-1084036,2025-05-05,09:44:09,SKU-04050,1,C-02L-018-1-A,PKR-024,MULTI,FedEx Ground,GROUND
ORD-1081510,2025-05-05,06:42:48,SKU-04041,1,A-02R-002-2-B,PKR-019,MULTI,UPS Ground,GROUND
ORD-1086343,2025-05-05,12:17:06,SKU-02496,1,B-02L-025-1-B,PKR-003,MULTI,USPS Priority Mail,GROUND
ORD-1084124,2025-05-05,13:19:27,SKU-04328,2,A-02L-021-1-B,PKR-006,MULTI,UPS Ground,PRIORITY_2D
ORD-1085917,2025-05-05,20:27:07,SKU-03182,2,E-02R-001-3-A,PKR-004,MULTI,FedEx Ground,GROUND
ORD-1081223,2025-05-05,10:40:09,SKU-04301,2,C-02R-025-5-A,PKR-031,MULTI,FedEx Ground,STANDARD_OVERNIGHT
ORD-1083172,2025-05-05,12:09:03,SKU-01865,1,D-03R-005-4-B,PKR-002,MULTI,FedEx Ground,GROUND
ORD-1087743,2025-05-05,18:24:06,SKU-00332,2,C-03L-010-3-B,PKR-019,MULTI,UPS Ground,GROUND
ORD-1086846,2025-05-05,11:49:00,SKU-04041,1,A-02R-002-2-B,PKR-018,MULTI,USPS Priority Mail,PRIORITY_2D
ORD-1085015,2025-05-05,21:39:36,SKU-03882,2,B-01R-002-3-B,PKR-002,MULTI,USPS Priority Mail,GROUND
ORD-1082959,2025-05-05,17:12:17,SKU-00284,1,B-03R-012-4-A,PKR-021,MULTI,USPS Priority Mail,GROUND
ORD-1085180,2025-05-05,09:22:02,SKU-04664,2,A-02R-002-3-A,PKR-016,MULTI,UPS Ground,GROUND
ORD-1081321,2025-05-05,17:23:19,SKU-00046,2,B-03L-005-2-A,PKR-022,MULTI,USPS Priority Mail,STANDARD_OVERNIGHT
ORD-1087781,2025-05-05,15:47:16,SKU-04524,2,C-02L-002-5-A,PKR-026,MULTI,FedEx Ground,GROUND
ORD-1082414,2025-05-05,16:41:16,SKU-03972,1,E-02L-013-5-A,PKR-016,MULTI,USPS Priority Mail,GROUND
ORD-1085548,2025-05-05,11:51:10,SKU-04538,2,A-01R-001-1-B,PKR-014,MULTI,USPS Priority Mail,GROUND
ORD-1081274,2025-05-05,19:22:54,SKU-04328,2,A-02L-021-1-B,PKR-009,MULTI,FedEx 2Day,PRIORITY_2D
ORD-1082334,2025-05-05,15:10:34,SKU-03465,2,B-01R-013-4-A,PKR-030,MULTI,FedEx Ground,GROUND
ORD-1080260,2025-05-05,09:48:45,SKU-02044,1,A-01R-023-5-B,PKR-023,MULTI,USPS Priority Mail,PRIORITY_2D
ORD-1084659,2025-05-05,15:56:24,SKU-02681,2,A-01R-018-4-B,PKR-029,MULTI,UPS Ground,GROUND
ORD-1085771,2025-05-05,12:31:44,SKU-03727,2,B-02R-023-4-A,PKR-017,MULTI,UPS Ground,PRIORITY_2D
ORD-1081187,2025-05-05,14:07:08,SKU-01872,2,A-03L-011-4-B,PKR-014,MULTI,USPS Priority Mail,STANDARD_OVERNIGHT
ORD-1084647,2025-05-05,16:34:40,SKU-02588,1,C-02L-014-3-B,PKR-022,MULTI,UPS Ground,STANDARD_OVERNIGHT
ORD-1085972,2025-05-05,13:28:58,SKU-03158,1,D-02R-015-5-B,PKR-018,MULTI,FedEx Ground,PRIORITY_2D
ORD-1085704,2025-05-05,20:16:54,SKU-02585,2,A-01R-012-4-A,PKR-014,MULTI,UPS Ground,GROUND
ORD-1080588,2025-05-05,06:39:46,SKU-04643,2,A-01L-025-2-B,PKR-025,MULTI,FedEx Ground,PRIORITY_2D
ORD-1085480,2025-05-05,18:21:45,SKU-02624,2,A-02R-022-1-A,PKR-024,MULTI,UPS Ground,GROUND
ORD-1080157,2025-05-05,11:39:14,SKU-04328,1,A-02L-021-1-B,PKR-012,MULTI,FedEx 2Day,GROUND
ORD-1086944,2025-05-05,13:44:45,SKU-02365,2,A-02L-010-3-A,PKR-004,MULTI,FedEx Ground,PRIORITY_2D
ORD-1086152,2025-05-05,09:14:49,SKU-03378,2,A-01L-004-4-B,PKR-010,MULTI,FedEx Ground,GROUND
ORD-1082955,2025-05-05,12:50:38,SKU-02906,1,C-02R-017-3-A,PKR-023,MULTI,FedEx Ground,GROUND
ORD-1080612,2025-05-05,11:56:21,SKU-04814,2,B-02R-017-4-A,PKR-009,MULTI,FedEx Ground,GROUND
ORD-1082139,2025-05-05,20:35:10,SKU-02169,2,B-02L-026-3-A,PKR-012,MULTI,UPS Ground,GROUND
ORD-1086459,2025-05-05,15:18:23,SKU-02592,2,C-02L-004-3-B,PKR-020,MULTI,UPS Ground,GROUND
ORD-1082185,2025-05-05,17:27:12,SKU-01064,2,C-04L-014-3-B,PKR-011,MULTI,USPS Priority Mail,GROUND
ORD-1087981,2025-05-05,13:47:02,SKU-00019,2,A-03R-001-1-A,PKR-007,MULTI,FedEx Ground,GROUND
ORD-1087500,2025-05-05,15:16:41,SKU-04041,2,A-02R-002-2-B,PKR-013,MULTI,FedEx 2Day,PRIORITY_2D
ORD-1080483,2025-05-05,11:33:21,SKU-02117,2,B-01R-025-4-B,PKR-021,MULTI,USPS Priority Mail,PRIORITY_2D
ORD-1080308,2025-05-05,06:56:58,SKU-04513,1,D-02L-019-4-A,PKR-015,MULTI,FedEx Ground,GROUND
ORD-1082349,2025-05-05,16:10:40,SKU-01204,1,A-03R-016-1-B,PKR-015,MULTI,FedEx Ground,GROUND
ORD-1082207,2025-05-05,09:49:03,SKU-00697,2,A-04L-005-4-B,PKR-016,MULTI,USPS Priority Mail,GROUND
ORD-1081402,2025-05-05,21:17:51,SKU-03357,2,A-02R-015-3-B,PKR-024,MULTI,FedEx Ground,GROUND
ORD-1080400,2025-05-05,12:22:07,SKU-02669,2,D-02R-025-1-A,PKR-010,MULTI,FedEx Ground,GROUND
ORD-1086235,2025-05-05,21:10:57,SKU-04328,1,A-02L-021-1-B,PKR-010,MULTI,USPS Priority Mail,GROUND
ORD-1085852,2025-05-05,08:40:50,SKU-03793,2,C-02R-004-1-B,PKR-024,MULTI,FedEx Ground,GROUND
ORD-1081065,2025-05-05,11:33:00,SKU-03235,1,C-01R-008-5-A,PKR-025,MULTI,USPS Priority Mail,PRIORITY_2D
ORD-1081521,2025-05-05,10:58:34,SKU-02013,2,C-01R-022-1-A,PKR-013,SINGLE,FedEx Ground,GROUND
ORD-1084172,2025-05-05,11:21:53,SKU-01975,2,B-04L-014-4-A,PKR-011,MULTI,FedEx Ground,GROUND
ORD-1087993,2025-05-05,11:38:52,SKU-03095,1,B-01L-010-3-A,PKR-022,MULTI,FedEx Ground,PRIORITY_2D
ORD-1080391,2025-05-05,10:12:34,SKU-00997,1,D-04L-008-3-B,PKR-004,MULTI,UPS Ground,GROUND
ORD-1082855,2025-05-05,20:15:28,SKU-04328,2,A-02L-021-1-B,PKR-012,SINGLE,FedEx Ground,GROUND
ORD-1082572,2025-05-05,07:34:45,SKU-03049,2,C-02L-003-4-A,PKR-024,MULTI,USPS Priority Mail,GROUND
ORD-1085418,2025-05-05,16:50:13,SKU-01331,2,A-03R-003-4-B,PKR-024,MULTI,FedEx 2Day,GROUND
ORD-1080371,2025-05-05,14:11:37,SKU-03881,2,B-02R-002-4-A,PKR-002,MULTI,FedEx Ground,STANDARD_OVERNIGHT
ORD-1083780,2025-05-05,17:59:28,SKU-02880,1,E-02L-007-3-B,PKR-002,MULTI,USPS Priority Mail,STANDARD_OVERNIGHT
ORD-1080797,2025-05-05,11:48:50,SKU-04328,2,A-02L-021-1-B,PKR-011,MULTI,USPS Priority Mail,PRIORITY_2D
ORD-1080647,2025-05-05,16:45:17,SKU-04328,2,A-02L-021-1-B,PKR-032,MULTI,FedEx Ground,STANDARD_OVERNIGHT
ORD-1081422,2025-05-05,08:44:44,SKU-02908,2,B-02L-005-3-A,PKR-008,MULTI,FedEx Ground,GROUND
ORD-1083851,2025-05-05,19:28:33,SKU-00034,2,A-04L-017-3-A,PKR-023,SINGLE,USPS Priority Mail,GROUND
ORD-1087468,2025-05-05,07:54:17,SKU-02104,2,B-01R-002-1-A,PKR-006,MULTI,UPS Ground,GROUND
ORD-1084638,2025-05-05,12:15:47,SKU-03787,1,C-02L-018-1-B,PKR-031,MULTI,FedEx Ground,GROUND
ORD-1080661,2025-05-05,17:31:54,SKU-04457,2,A-01L-020-2-B,PKR-013,MULTI,UPS Ground,PRIORITY_2D
ORD-1080643,2025-05-05,16:17:24,SKU-02624,2,A-02R-022-1-A,PKR-027,SINGLE,UPS Ground,PRIORITY_2D
ORD-1081500,2025-05-05,06:28:28,SKU-02315,2,A-01R-026-2-A,PKR-025,MULTI,FedEx Ground,GROUND
ORD-1084753,2025-05-05,10:54:43,SKU-02242,2,B-02R-026-1-A,PKR-013,MULTI,FedEx Ground,GROUND
ORD-1081038,2025-05-05,18:33:20,SKU-00205,1,C-03L-016-1-A,PKR-011,MULTI,FedEx Ground,PRIORITY_2D
ORD-1084420,2025-05-05,09:49:38,SKU-00872,1,A-04L-005-1-A,PKR-023,MULTI,UPS Ground,GROUND
ORD-1085771,2025-05-05,12:31:44,SKU-04185,1,A-01L-023-1-B,PKR-017,MULTI,UPS Ground,PRIORITY_2D
ORD-1083207,2025-05-05,14:13:54,SKU-02085,2,D-02R-008-1-A,PKR-028,MULTI,FedEx 2Day,GROUND
ORD-1085163,2025-05-05,06:02:06,SKU-04528,1,B-02R-014-3-B,PKR-021,MULTI,UPS Ground,PRIORITY_2D
ORD-1086697,2025-05-05,15:42:27,SKU-00229,2,A-04R-007-2-A,PKR-026,MULTI,UPS 2nd Day Air,GROUND
ORD-1087533,2025-05-05,19:33:23,SKU-02125,2,A-01R-020-2-B,PKR-030,MULTI,UPS Ground,GROUND
ORD-1082890,2025-05-05,19:02:07,SKU-02548,1,B-01L-021-1-A,PKR-032,MULTI,FedEx Ground,GROUND
ORD-1081888,2025-05-05,20:22:25,SKU-01032,1,A-03L-009-3-B,PKR-020,MULTI,UPS Ground,PRIORITY_2D
ORD-1081478,2025-05-05,21:47:54,SKU-00793,2,B-03L-008-4-B,PKR-002,MULTI,FedEx Ground,GROUND
ORD-1081665,2025-05-05,18:14:00,SKU-04710,2,A-02L-008-2-A,PKR-028,MULTI,UPS Ground,GROUND
ORD-1080689,2025-05-05,14:43:42,SKU-04677,2,D-01R-007-3-A,PKR-002,MULTI,USPS Priority Mail,GROUND
ORD-1080132,2025-05-05,07:08:06,SKU-02366,2,A-01R-020-4-A,PKR-018,MULTI,USPS Priority Mail,STANDARD_OVERNIGHT
ORD-1085684,2025-05-05,16:20:07,SKU-02699,2,C-01L-007-2-B,PKR-016,MULTI,UPS Ground,PRIORITY_2D
ORD-1080585,2025-05-05,08:09:19,SKU-03017,2,A-02R-003-4-A,PKR-023,MULTI,UPS 2nd Day Air,GROUND
ORD-1086022,2025-05-05,18:03:05,SKU-02124,2,B-01R-023-4-A,PKR-025,MULTI,USPS Priority Mail,GROUND
ORD-1083307,2025-05-05,12:07:39,SKU-01121,2,B-04R-017-4-A,PKR-001,MULTI,USPS Priority Mail,GROUND
ORD-1083762,2025-05-05,14:15:49,SKU-03727,1,B-02R-023-4-A,PKR-021,MULTI,FedEx Ground,GROUND
ORD-1081344,2025-05-05,13:18:08,SKU-04604,2,A-02R-011-2-A,PKR-022,MULTI,USPS Priority Mail,GROUND
ORD-1081423,2025-05-05,19:20:18,SKU-00046,1,B-03L-005-2-A,PKR-021,MULTI,UPS Ground,PRIORITY_2D
ORD-1085807,2025-05-05,06:03:55,SKU-01853,2,A-03R-011-3-A,PKR-025,MULTI,FedEx Ground,GROUND
ORD-1083533,2025-05-05,18:39:05,SKU-03446,1,D-02R-002-5-A,PKR-007,MULTI,UPS Ground,PRIORITY_2D
ORD-1080180,2025-05-05,18:28:56,SKU-02908,2,B-02L-005-3-A,PKR-028,MULTI,USPS Priority Mail,GROUND
ORD-1082741,2025-05-05,18:31:29,SKU-03876,1,B-01L-023-5-A,PKR-019,MULTI,USPS Priority Mail,PRIORITY_2D
ORD-1082812,2025-05-05,11:01:41,SKU-03049,1,C-02L-003-4-A,PKR-025,MULTI,FedEx Ground,PRIORITY_2D
ORD-1087718,2025-05-05,21:44:12,SKU-02903,2,B-01R-020-5-B,PKR-023,MULTI,UPS Ground,GROUND
ORD-1085383,2025-05-05,14:21:20,SKU-00979,2,D-03R-004-3-A,PKR-006,MULTI,FedEx Ground,GROUND
ORD-1090577,2025-05-06,15:02:43,SKU-02125,2,A-01R-020-2-B,PKR-019,SINGLE,FedEx 2Day,GROUND
ORD-1089632,2025-05-06,07:58:01,SKU-02919,1,D-02L-008-2-B,PKR-032,MULTI,FedEx Ground,PRIORITY_2D
ORD-1095770,2025-05-06,07:03:17,SKU-01490,1,B-04R-009-1-A,PKR-022,SINGLE,USPS Priority Mail,GROUND
ORD-1088528,2025-05-06,13:19:05,SKU-02404,2,A-01R-019-4-B,PKR-011,MULTI,USPS Priority Mail,PRIORITY_2D
ORD-1088962,2025-05-06,16:46:29,SKU-00872,2,A-04L-005-1-A,PKR-001,MULTI,FedEx 2Day,GROUND
ORD-1094371,2025-05-06,10:51:05,SKU-04328,2,A-02L-021-1-B,PKR-028,MULTI,USPS Priority Mail,PRIORITY_2D
ORD-1092723,2025-05-06,14:29:38,SKU-03393,1,B-01L-022-1-A,PKR-028,MULTI,USPS Priority Mail,GROUND
ORD-1093431,2025-05-06,19:44:16,SKU-01121,2,B-04R-017-4-A,PKR-028,MULTI,UPS Ground,GROUND
ORD-1093754,2025-05-06,13:05:31,SKU-02609,1,C-01R-013-1-B,PKR-019,MULTI,USPS Priority Mail,PRIORITY_2D
ORD-1089223,2025-05-06,11:55:57,SKU-04608,2,A-02L-025-1-B,PKR-017,MULTI,FedEx Ground,STANDARD_OVERNIGHT
ORD-1092009,2025-05-06,08:15:56,SKU-02104,2,B-01R-002-1-A,PKR-018,MULTI,FedEx Ground,GROUND
ORD-1095344,2025-05-06,13:49:01,SKU-02192,2,E-01L-022-3-B,PKR-011,MULTI,FedEx Ground,GROUND
ORD-1089195,2025-05-06,20:12:33,SKU-04328,2,A-02L-021-1-B,PKR-007,SINGLE,FedEx Ground,GROUND
ORD-1091457,2025-05-06,13:13:21,SKU-02366,2,A-01R-020-4-A,PKR-010,MULTI,USPS Priority Mail,STANDARD_OVERNIGHT
ORD-1091826,2025-05-06,06:31:32,SKU-02681,2,A-01R-018-4-B,PKR-022,MULTI,FedEx Ground,GROUND
ORD-1088308,2025-05-06,08:42:53,SKU-03942,2,C-01R-008-2-A,PKR-009,MULTI,FedEx Ground,PRIORITY_2D
ORD-1091817,2025-05-06,06:06:08,SKU-03205,2,C-02L-026-1-B,PKR-024,MULTI,FedEx Ground,PRIORITY_2D
ORD-1088667,2025-05-06,16:20:07,SKU-00872,2,A-04L-005-1-A,PKR-029,MULTI,USPS Priority Mail,PRIORITY_2D
ORD-1092321,2025-05-06,10:10:05,SKU-02428,2,B-01L-024-5-A,PKR-003,MULTI,FedEx 2Day,GROUND
ORD-1093759,2025-05-06,14:48:09,SKU-00230,2,C-04R-006-1-B,PKR-026,MULTI,UPS Ground,GROUND
ORD-1092079,2025-05-06,14:54:15,SKU-04328,2,A-02L-021-1-B,PKR-020,MULTI,UPS Ground,GROUND
ORD-1090200,2025-05-06,14:45:08,SKU-04307,1,B-02L-020-4-B,PKR-019,MULTI,FedEx 2Day,PRIORITY_2D
ORD-1091901,2025-05-06,19:51:57,SKU-04211,2,A-01L-009-5-B,PKR-024,MULTI,USPS Priority Mail,GROUND
ORD-1093542,2025-05-06,16:38:27,SKU-00872,2,A-04L-005-1-A,PKR-022,MULTI,FedEx Ground,GROUND
ORD-1094376,2025-05-06,19:13:17,SKU-00239,1,A-04L-019-1-B,PKR-018,MULTI,FedEx Ground,STANDARD_OVERNIGHT
ORD-1095959,2025-05-06,17:52:36,SKU-04041,1,A-02R-002-2-B,PKR-029,MULTI,USPS Priority Mail,GROUND
ORD-1095629,2025-05-06,10:07:17,SKU-02913,2,B-01L-015-2-B,PKR-024,MULTI,UPS Ground,PRIORITY_2D
ORD-1090800,2025-05-06,15:43:45,SKU-01204,2,A-03R-016-1-B,PKR-015,MULTI,USPS Priority Mail,PRIORITY_2D
ORD-1088614,2025-05-06,18:24:53,SKU-02893,2,B-01L-026-2-B,PKR-029,MULTI,FedEx 2Day,PRIORITY_2D
ORD-1094063,2025-05-06,17:36:17,SKU-02140,1,B-01R-020-2-B,PKR-018,MULTI,FedEx Ground,GROUND
ORD-1090603,2025-05-06,19:38:33,SKU-04865,2,A-01R-011-4-B,PKR-009,MULTI,USPS Priority Mail,GROUND
ORD-1090516,2025-05-06,09:09:08,SKU-02681,1,A-01R-018-4-B,PKR-005,MULTI,UPS Ground,GROUND
ORD-1092347,2025-05-06,21:22:11,SKU-02828,1,A-02L-007-2-A,PKR-009,MULTI,UPS Ground,GROUND
ORD-1092371,2025-05-06,21:16:12,SKU-01204,1,A-03R-016-1-B,PKR-010,MULTI,UPS Ground,GROUND
ORD-1088423,2025-05-06,07:49:01,SKU-01878,1,B-03R-014-4-B,PKR-032,MULTI,UPS Ground,GROUND
ORD-1091577,2025-05-06,11:52:19,SKU-00910,2,B-04R-014-3-A,PKR-010,MULTI,FedEx 2Day,PRIORITY_2D
ORD-1092750,2025-05-06,10:33:55,SKU-04328,2,A-02L-021-1-B,PKR-009,MULTI,UPS Ground,GROUND
ORD-1092301,2025-05-06,13:14:50,SKU-00014,2,A-04L-004-2-B,PKR-032,MULTI,FedEx Ground,PRIORITY_2D
ORD-1091685,2025-05-06,16:35:46,SKU-01894,2,D-04L-011-2-B,PKR-009,MULTI,USPS Priority Mail,GROUND
ORD-1091203,2025-05-06,12:17:40,SKU-02243,1,D-02R-010-4-A,PKR-012,MULTI,USPS Priority Mail,GROUND
ORD-1093525,2025-05-06,14:59:34,SKU-04348,1,C-02L-012-4-B,PKR-025,MULTI,FedEx Ground,GROUND
ORD-1095950,2025-05-06,10:36:05,SKU-00256,1,A-03R-007-2-A,PKR-028,MULTI,FedEx Ground,GROUND
ORD-1094068,2025-05-06,10:24:56,SKU-02214,2,D-01L-001-2-A,PKR-027,MULTI,USPS Priority Mail,GROUND
ORD-1092286,2025-05-06,16:24:04,SKU-04420,2,A-01R-009-3-B,PKR-003,MULTI,FedEx Ground,GROUND
ORD-1088035,2025-05-06,08:02:55,SKU-01857,1,A-04R-005-1-A,PKR-019,MULTI,FedEx Ground,GROUND
ORD-1089360,2025-05-06,13:19:51,SKU-04814,2,B-02R-017-4-A,PKR-026,MULTI,USPS Priority Mail,GROUND
ORD-1089486,2025-05-06,17:37:36,SKU-01300,2,A-04L-007-2-A,PKR-004,MULTI,FedEx Ground,GROUND
ORD-1095910,2025-05-06,19:25:36,SKU-03361,2,C-01R-018-4-B,PKR-020,MULTI,UPS Ground,GROUND
ORD-1091073,2025-05-06,10:37:36,SKU-04538,2,A-01R-001-1-B,PKR-010,MULTI,UPS Ground,GROUND
ORD-1095821,2025-05-06,16:25:37,SKU-01280,2,C-04L-002-4-A,PKR-022,MULTI,FedEx Ground,STANDARD_OVERNIGHT
ORD-1089221,2025-05-06,09:10:33,SKU-02609,1,C-01R-013-1-B,PKR-014,MULTI,FedEx 2Day,GROUND
ORD-1089395,2025-05-06,11:32:24,SKU-02366,2,A-01R-020-4-A,PKR-029,MULTI,UPS Ground,PRIORITY_2D
ORD-1095333,2025-05-06,07:02:19,SKU-01204,2,A-03R-016-1-B,PKR-031,MULTI,FedEx Ground,GROUND
ORD-1093690,2025-05-06,11:55:54,SKU-00332,2,C-03L-010-3-B,PKR-012,MULTI,UPS Ground,PRIORITY_2D
ORD-1088636,2025-05-06,17:10:06,SKU-02741,1,E-02L-010-1-A,PKR-030,MULTI,FedEx Ground,GROUND
ORD-1095122,2025-05-06,21:35:37,SKU-02044,2,A-01R-023-5-B,PKR-016,MULTI,UPS Ground,PRIORITY_2D
ORD-1095781,2025-05-06,12:43:45,SKU-00872,1,A-04L-005-1-A,PKR-007,MULTI,UPS Ground,GROUND
ORD-1093878,2025-05-06,12:21:25,SKU-02104,1,B-01R-002-1-A,PKR-022,MULTI,FedEx Ground,STANDARD_OVERNIGHT
ORD-1089006,2025-05-06,12:56:23,SKU-02609,1,C-01R-013-1-B,PKR-024,MULTI,USPS Priority Mail,GROUND
ORD-1093298,2025-05-06,21:27:23,SKU-01582,2,B-04L-020-3-B,PKR-020,MULTI,USPS Priority Mail,GROUND
ORD-1091123,2025-05-06,09:04:59,SKU-01691,1,B-04R-010-3-B,PKR-018,MULTI,UPS Ground,GROUND
ORD-1095179,2025-05-06,08:22:42,SKU-00838,1,A-03L-009-1-B,PKR-009,MULTI,USPS Priority Mail,GROUND
ORD-1092725,2025-05-06,21:52:14,SKU-02585,2,A-01R-012-4-A,PKR-031,MULTI,FedEx Ground,GROUND
ORD-1090401,2025-05-06,10:41:44,SKU-04782,2,C-01L-004-3-A,PKR-018,MULTI,FedEx Ground,GROUND
ORD-1092035,2025-05-06,18:25:56,SKU-03727,1,B-02R-023-4-A,PKR-027,MULTI,USPS Priority Mail,PRIORITY_2D
ORD-1091617,2025-05-06,14:57:33,SKU-01247,2,A-04R-019-1-A,PKR-020,MULTI,FedEx Ground,GROUND
ORD-1092165,2025-05-06,13:33:13,SKU-03026,1,D-02L-002-3-A,PKR-010,MULTI,USPS Priority Mail,GROUND
ORD-1093395,2025-05-06,09:28:45,SKU-04782,1,C-01L-004-3-A,PKR-028,MULTI,FedEx Ground,PRIORITY_2D
ORD-1092313,2025-05-06,09:46:47,SKU-02859,2,A-01L-018-3-A,PKR-024,MULTI,UPS Ground,GROUND
ORD-1088287,2025-05-06,09:26:09,SKU-01204,1,A-03R-016-1-B,PKR-004,MULTI,FedEx Ground,GROUND
ORD-1092234,2025-05-06,08:47:16,SKU-03361,1,C-01R-018-4-B,PKR-006,MULTI,UPS Ground,GROUND
ORD-1091964,2025-05-06,18:32:49,SKU-02144,2,A-02R-006-3-B,PKR-004,MULTI,FedEx 2Day,GROUND
ORD-1090282,2025-05-06,12:16:00,SKU-01204,2,A-03R-016-1-B,PKR-007,SINGLE,USPS Priority Mail,GROUND
ORD-1094333,2025-05-06,19:50:14,SKU-03727,2,B-02R-023-4-A,PKR-001,MULTI,FedEx Ground,GROUND
ORD-1093859,2025-05-06,21:28:24,SKU-04328,2,A-02L-021-1-B,PKR-031,MULTI,FedEx Ground,GROUND
ORD-1095133,2025-05-06,09:17:26,SKU-00831,2,A-03R-004-3-B,PKR-001,MULTI,FedEx Ground,GROUND
ORD-1089975,2025-05-06,08:07:45,SKU-00017,2,B-03R-001-4-B,PKR-025,MULTI,USPS Priority Mail,GROUND
ORD-1089661,2025-05-06,19:05:08,SKU-04328,1,A-02L-021-1-B,PKR-026,MULTI,FedEx 2Day,GROUND
ORD-1094830,2025-05-06,07:11:59,SKU-01490,1,B-04R-009-1-A,PKR-023,MULTI,FedEx Ground,GROUND
ORD-1089659,2025-05-06,18:34:43,SKU-02937,2,C-02R-019-5-A,PKR-002,MULTI,FedEx Ground,PRIORITY_2D
ORD-1095348,2025-05-06,12:01:38,SKU-01721,2,A-04L-015-4-B,PKR-025,MULTI,USPS Priority Mail,GROUND
ORD-1090847,2025-05-06,20:47:16,SKU-02242,2,B-02R-026-1-A,PKR-032,MULTI,USPS Priority Mail,GROUND
ORD-1093136,2025-05-06,14:26:31,SKU-04778,2,B-01L-023-3-B,PKR-005,MULTI,USPS Priority Mail,PRIORITY_2D
ORD-1091904,2025-05-06,20:37:24,SKU-03364,2,C-01R-010-3-A,PKR-006,MULTI,UPS Ground,GROUND
ORD-1089873,2025-05-06,11:44:39,SKU-00024,1,D-04L-010-3-A,PKR-015,MULTI,UPS Ground,GROUND
ORD-1093220,2025-05-06,20:38:14,SKU-04809,2,A-01R-016-2-B,PKR-019,SINGLE,UPS Ground,GROUND
ORD-1090078,2025-05-06,08:41:26,SKU-04928,2,B-01L-013-2-B,PKR-031,MULTI,FedEx Ground,PRIORITY_2D
ORD-1091481,2025-05-06,20:03:04,SKU-04328,2,A-02L-021-1-B,PKR-013,MULTI,UPS Ground,PRIORITY_2D
ORD-1094139,2025-05-06,19:48:45,SKU-04328,1,A-02L-021-1-B,PKR-030,MULTI,USPS Priority Mail,GROUND
ORD-1089829,2025-05-06,21:13:22,SKU-04793,1,A-01L-020-4-A,PKR-005,MULTI,USPS Priority Mail,GROUND
ORD-1090108,2025-05-06,14:03:50,SKU-03322,1,C-01R-018-3-B,PKR-020,MULTI,UPS Ground,GROUND
ORD-1091807,2025-05-06,13:54:55,SKU-04328,1,A-02L-021-1-B,PKR-005,MULTI,USPS Priority Mail,PRIORITY_2D
ORD-1091693,2025-05-06,20:43:35,SKU-04328,1,A-02L-021-1-B,PKR-022,MULTI,FedEx Ground,GROUND
ORD-1094871,2025-05-06,14:51:38,SKU-01850,1,A-04R-006-2-A,PKR-006,MULTI,UPS Ground,PRIORITY_2D
ORD-1090128,2025-05-06,07:34:28,SKU-00370,2,A-03R-008-4-B,PKR-013,MULTI,UPS Ground,GROUND
ORD-1092092,2025-05-06,19:24:41,SKU-04710,2,A-02L-008-2-A,PKR-012,MULTI,FedEx Ground,GROUND
ORD-1095849,2025-05-06,12:56:41,SKU-01104,2,A-04R-003-1-B,PKR-031,MULTI,FedEx 2Day,STANDARD_OVERNIGHT
ORD-1094026,2025-05-06,06:51:15,SKU-04457,2,A-01L-020-2-B,PKR-019,SINGLE,UPS Ground,GROUND
ORD-1090327,2025-05-06,07:51:58,SKU-00650,2,D-04R-011-2-A,PKR-025,MULTI,USPS Priority Mail,GROUND
ORD-1090790,2025-05-06,20:39:17,SKU-03149,1,A-01R-009-5-A,PKR-015,MULTI,UPS Ground,GROUND
ORD-1095691,2025-05-06,18:12:05,SKU-02859,2,A-01L-018-3-A,PKR-031,MULTI,UPS Ground,GROUND
ORD-1091421,2025-05-06,11:21:10,SKU-00572,2,B-04R-009-3-A,PKR-008,SINGLE,UPS Ground,PRIORITY_2D
ORD-1091391,2025-05-06,11:55:49,SKU-04528,2,B-02R-014-3-B,PKR-018,MULTI,UPS Ground,GROUND
ORD-1088665,2025-05-06,09:36:40,SKU-03131,2,C-02R-010-1-A,PKR-002,MULTI,FedEx Ground,GROUND
ORD-1094765,2025-05-06,19:58:55,SKU-02434,2,C-02L-003-5-A,PKR-006,MULTI,FedEx 2Day,PRIORITY_2D
ORD-1091758,2025-05-06,13:56:07,SKU-02585,2,A-01R-012-4-A,PKR-012,MULTI,FedEx Ground,GROUND
ORD-1090470,2025-05-06,13:57:21,SKU-04813,2,C-02L-008-2-B,PKR-014,MULTI,USPS Priority Mail,GROUND
ORD-1092373,2025-05-06,08:36:43,SKU-04328,2,A-02L-021-1-B,PKR-003,MULTI,UPS 2nd Day Air,GROUND
ORD-1093483,2025-05-06,13:29:48,SKU-02908,2,B-02L-005-3-A,PKR-002,MULTI,FedEx Ground,GROUND
ORD-1089602,2025-05-06,08:08:05,SKU-02908,2,B-02L-005-3-A,PKR-014,MULTI,FedEx Ground,PRIORITY_2D
ORD-1090254,2025-05-06,19:07:34,SKU-04623,1,B-01R-007-5-A,PKR-011,MULTI,USPS Priority Mail,GROUND
ORD-1090920,2025-05-06,06:38:04,SKU-03378,2,A-01L-004-4-B,PKR-019,MULTI,FedEx Ground,GROUND
ORD-1090743,2025-05-06,21:53:17,SKU-00513,1,B-04R-019-2-A,PKR-018,MULTI,UPS Ground,PRIORITY_2D
ORD-1090566,2025-05-06,15:17:22,SKU-00079,1,A-03R-013-2-B,PKR-013,MULTI,FedEx Ground,GROUND
ORD-1091605,2025-05-06,11:23:25,SKU-02369,2,C-02L-007-5-A,PKR-027,MULTI,UPS Ground,GROUND
ORD-1089656,2025-05-06,11:08:52,SKU-04370,2,A-02R-026-5-A,PKR-019,MULTI,UPS Ground,GROUND
ORD-1088423,2025-05-06,07:49:01,SKU-04041,2,A-02R-002-2-B,PKR-032,MULTI,UPS Ground,GROUND
ORD-1091366,2025-05-06,19:39:03,SKU-04328,2,A-02L-021-1-B,PKR-025,MULTI,USPS Priority Mail,GROUND
ORD-1094273,2025-05-06,15:15:26,SKU-04684,1,A-02R-022-1-B,PKR-017,SINGLE,FedEx 2Day,GROUND
ORD-1095898,2025-05-06,09:38:48,SKU-03850,1,A-02L-011-4-A,PKR-025,MULTI,FedEx Ground,GROUND
ORD-1090192,2025-05-06,14:34:59,SKU-00037,2,A-03L-004-3-A,PKR-018,MULTI,UPS Ground,GROUND
ORD-1089686,2025-05-06,10:54:29,SKU-04807,1,B-02L-013-3-B,PKR-006,MULTI,UPS Ground,GROUND
ORD-1094177,2025-05-06,17:35:43,SKU-02291,1,D-01R-026-1-A,PKR-006,MULTI,USPS Priority Mail,PRIORITY_2D
ORD-1095365,2025-05-06,12:30:32,SKU-04563,2,A-02L-022-4-B,PKR-018,MULTI,FedEx 2Day,GROUND
ORD-1091195,2025-05-06,10:16:41,SKU-03727,2,B-02R-023-4-A,PKR-025,MULTI,FedEx Ground,GROUND
ORD-1088983,2025-05-06,19:27:17,SKU-00872,2,A-04L-005-1-A,PKR-013,MULTI,FedEx Ground,GROUND
ORD-1089560,2025-05-06,20:08:02,SKU-00037,1,A-03L-004-3-A,PKR-014,MULTI,UPS Ground,GROUND
ORD-1094967,2025-05-06,11:22:06,SKU-03727,2,B-02R-023-4-A,PKR-021,MULTI,USPS Priority Mail,STANDARD_OVERNIGHT
ORD-1093795,2025-05-06,14:47:25,SKU-03554,1,C-02L-010-3-A,PKR-024,MULTI,UPS Ground,PRIORITY_2D
ORD-1089739,2025-05-06,08:32:32,SKU-04328,1,A-02L-021-1-B,PKR-001,SINGLE,UPS Ground,GROUND
ORD-1089323,2025-05-06,17:31:55,SKU-03077,2,B-02L-012-4-B,PKR-012,SINGLE,FedEx Ground,GROUND
ORD-1094891,2025-05-06,11:42:31,SKU-02824,1,B-01L-003-3-B,PKR-017,MULTI,USPS Priority Mail,GROUND
ORD-1093703,2025-05-06,13:25:14,SKU-00359,2,D-03L-009-4-B,PKR-005,MULTI,USPS Priority Mail,GROUND
ORD-1090989,2025-05-06,12:04:52,SKU-02682,2,B-01L-004-5-A,PKR-002,MULTI,FedEx Ground,GROUND
ORD-1094440,2025-05-06,14:26:22,SKU-02085,2,D-02R-008-1-A,PKR-027,MULTI,UPS Ground,STANDARD_OVERNIGHT
ORD-1093559,2025-05-06,13:35:34,SKU-02125,1,A-01R-020-2-B,PKR-023,MULTI,FedEx Ground,GROUND
ORD-1089604,2025-05-06,14:41:25,SKU-04928,2,B-01L-013-2-B,PKR-007,MULTI,UPS 2nd Day Air,GROUND
ORD-1093021,2025-05-06,21:55:14,SKU-04264,1,C-02L-002-4-A,PKR-011,MULTI,UPS 2nd Day Air,STANDARD_OVERNIGHT
ORD-1088571,2025-05-06,08:35:43,SKU-02366,1,A-01R-020-4-A,PKR-010,MULTI,FedEx Ground,GROUND
ORD-1089074,2025-05-06,12:30:35,SKU-02624,2,A-02R-022-1-A,PKR-007,MULTI,UPS Ground,GROUND
ORD-1088777,2025-05-06,09:13:20,SKU-02624,1,A-02R-022-1-A,PKR-027,MULTI,USPS Priority Mail,GROUND
ORD-1089828,2025-05-06,11:25:17,SKU-04328,2,A-02L-021-1-B,PKR-004,MULTI,FedEx Ground,GROUND
ORD-1091414,2025-05-06,14:10:21,SKU-04938,1,C-01L-014-2-A,PKR-019,MULTI,UPS Ground,STANDARD_OVERNIGHT
ORD-1088150,2025-05-06,19:01:45,SKU-02722,2,B-01L-006-2-A,PKR-023,MULTI,USPS Priority Mail,GROUND
ORD-1094576,2025-05-06,07:28:24,SKU-02125,2,A-01R-020-2-B,PKR-024,MULTI,UPS Ground,GROUND
ORD-1091975,2025-05-06,08:08:38,SKU-00036,2,B-04R-004-4-A,PKR-029,MULTI,USPS Priority Mail,GROUND
ORD-1094660,2025-05-06,11:44:58,SKU-00660,2,C-03L-004-2-A,PKR-016,MULTI,USPS Priority Mail,GROUND
ORD-1093100,2025-05-06,19:37:44,SKU-01204,1,A-03R-016-1-B,PKR-022,MULTI,UPS Ground,GROUND
ORD-1091252,2025-05-06,09:09:56,SKU-02861,2,C-02L-009-5-B,PKR-028,MULTI,FedEx Ground,GROUND
ORD-1095140,2025-05-06,12:36:18,SKU-04041,1,A-02R-002-2-B,PKR-026,MULTI,FedEx 2Day,GROUND
ORD-1090173,2025-05-06,15:21:17,SKU-01121,2,B-04R-017-4-A,PKR-030,MULTI,USPS Priority Mail,PRIORITY_2D
ORD-1090768,2025-05-06,16:37:32,SKU-02125,2,A-01R-020-2-B,PKR-029,MULTI,UPS Ground,STANDARD_OVERNIGHT
ORD-1092382,2025-05-06,14:01:44,SKU-02908,1,B-02L-005-3-A,PKR-001,MULTI,USPS Priority Mail,GROUND
ORD-1093468,2025-05-06,10:36:01,SKU-04041,2,A-02R-002-2-B,PKR-011,MULTI,FedEx Ground,PRIORITY_2D
ORD-1088397,2025-05-06,21:40:24,SKU-02403,2,A-01R-001-2-A,PKR-014,MULTI,FedEx 2Day,GROUND
ORD-1093237,2025-05-06,14:08:21,SKU-03049,1,C-02L-003-4-A,PKR-030,MULTI,FedEx 2Day,GROUND
ORD-1094446,2025-05-06,06:03:33,SKU-03821,1,A-01R-017-3-A,PKR-028,MULTI,UPS Ground,GROUND
ORD-1094468,2025-05-06,19:15:54,SKU-03727,2,B-02R-023-4-A,PKR-014,MULTI,FedEx Ground,GROUND
ORD-1090338,2025-05-06,07:53:34,SKU-04346,1,C-02L-009-3-B,PKR-019,MULTI,FedEx Ground,GROUND
ORD-1095997,2025-05-06,20:33:10,SKU-04408,2,A-01R-022-5-A,PKR-012,MULTI,UPS Ground,PRIORITY_2D
ORD-1088502,2025-05-06,14:49:12,SKU-04865,1,A-01R-011-4-B,PKR-020,MULTI,USPS Priority Mail,GROUND
ORD-1091865,2025-05-06,06:42:38,SKU-02315,2,A-01R-026-2-A,PKR-023,MULTI,USPS Priority Mail,GROUND
ORD-1095045,2025-05-06,21:36:17,SKU-04328,2,A-02L-021-1-B,PKR-027,MULTI,FedEx Ground,GROUND
ORD-1090789,2025-05-06,08:21:54,SKU-03727,2,B-02R-023-4-A,PKR-028,MULTI,UPS Ground,GROUND
ORD-1095972,2025-05-06,09:53:24,SKU-02366,1,A-01R-020-4-A,PKR-011,MULTI,FedEx 2Day,GROUND
ORD-1094302,2025-05-06,12:09:51,SKU-01532,1,B-03R-008-1-A,PKR-021,MULTI,USPS Priority Mail,GROUND
ORD-1094040,2025-05-06,18:45:50,SKU-04328,1,A-02L-021-1-B,PKR-021,MULTI,FedEx Ground,GROUND
ORD-1093522,2025-05-06,19:58:11,SKU-04041,1,A-02R-002-2-B,PKR-015,MULTI,UPS Ground,GROUND
ORD-1092988,2025-05-06,16:12:21,SKU-02795,1,C-02R-026-1-A,PKR-022,MULTI,FedEx Ground,PRIORITY_2D
ORD-1093901,2025-05-06,20:56:03,SKU-04328,2,A-02L-021-1-B,PKR-027,MULTI,FedEx Ground,PRIORITY_2D
ORD-1095908,2025-05-06,18:07:19,SKU-03496,2,B-01R-016-5-B,PKR-031,MULTI,UPS Ground,GROUND
ORD-1088229,2025-05-06,11:10:24,SKU-00036,2,B-04R-004-4-A,PKR-029,MULTI,UPS Ground,GROUND
ORD-1094852,2025-05-06,17:25:37,SKU-02085,2,D-02R-008-1-A,PKR-015,MULTI,UPS Ground,GROUND
ORD-1093225,2025-05-06,15:07:09,SKU-02859,1,A-01L-018-3-A,PKR-001,MULTI,UPS Ground,GROUND
ORD-1088967,2025-05-06,12:30:24,SKU-04328,1,A-02L-021-1-B,PKR-017,MULTI,UPS Ground,GROUND
ORD-1091391,2025-05-06,11:55:49,SKU-04088,1,B-01L-012-3-B,PKR-018,MULTI,UPS Ground,GROUND
ORD-1095282,2025-05-06,15:05:23,SKU-01121,2,B-04R-017-4-A,PKR-004,MULTI,FedEx Ground,GROUND
ORD-1093542,2025-05-06,16:38:27,SKU-04041,2,A-02R-002-2-B,PKR-022,MULTI,FedEx Ground,GROUND
ORD-1092981,2025-05-06,19:10:45,SKU-02324,2,D-02R-008-5-B,PKR-007,MULTI,UPS Ground,PRIORITY_2D
ORD-1091319,2025-05-06,06:48:31,SKU-01911,2,D-03R-015-2-A,PKR-002,MULTI,UPS Ground,GROUND
ORD-1092828,2025-05-06,21:03:02,SKU-02125,2,A-01R-020-2-B,PKR-020,MULTI,UPS Ground,GROUND
ORD-1089573,2025-05-06,18:00:50,SKU-02177,2,C-02R-010-2-B,PKR-019,MULTI,UPS Ground,STANDARD_OVERNIGHT
ORD-1090681,2025-05-06,14:21:59,SKU-02908,2,B-02L-005-3-A,PKR-026,MULTI,UPS Ground,GROUND
ORD-1089415,2025-05-06,21:09:20,SKU-04490,2,C-01L-018-1-A,PKR-005,SINGLE,UPS Ground,GROUND
ORD-1094869,2025-05-06,11:22:26,SKU-03305,2,B-02L-018-4-A,PKR-004,MULTI,UPS Ground,STANDARD_OVERNIGHT
ORD-1088119,2025-05-06,18:32:34,SKU-03959,1,E-02R-014-2-B,PKR-013,MULTI,UPS 2nd Day Air,PRIORITY_2D
ORD-1091028,2025-05-06,07:07:49,SKU-02722,2,B-01L-006-2-A,PKR-004,MULTI,FedEx Ground,GROUND
ORD-1091935,2025-05-06,06:02:16,SKU-04528,2,B-02R-014-3-B,PKR-022,MULTI,FedEx Ground,GROUND
ORD-1090513,2025-05-06,12:49:10,SKU-01728,1,B-04L-008-1-A,PKR-031,MULTI,FedEx Ground,GROUND
ORD-1095042,2025-05-06,19:47:12,SKU-04457,2,A-01L-020-2-B,PKR-027,MULTI,UPS Ground,GROUND
ORD-1090831,2025-05-06,08:32:52,SKU-02624,2,A-02R-022-1-A,PKR-005,MULTI,FedEx 2Day,PRIORITY_2D
ORD-1090630,2025-05-06,16:52:17,SKU-01204,1,A-03R-016-1-B,PKR-015,MULTI,USPS Priority Mail,GROUND
ORD-1091214,2025-05-06,21:20:07,SKU-01303,2,C-04R-001-3-A,PKR-027,SINGLE,UPS Ground,STANDARD_OVERNIGHT
ORD-1095227,2025-05-06,08:35:13,SKU-03881,1,B-02R-002-4-A,PKR-015,MULTI,FedEx Ground,GROUND
ORD-1094979,2025-05-06,14:22:03,SKU-03378,1,A-01L-004-4-B,PKR-012,MULTI,UPS Ground,GROUND
ORD-1089486,2025-05-06,17:37:36,SKU-00506,2,B-03R-016-3-B,PKR-004,MULTI,FedEx Ground,GROUND
ORD-1089208,2025-05-06,08:58:14,SKU-00750,1,B-04L-019-3-A,PKR-004,MULTI,FedEx Ground,PRIORITY_2D
ORD-1094461,2025-05-06,16:15:38,SKU-02357,2,C-02L-006-2-A,PKR-012,MULTI,FedEx 2Day,PRIORITY_2D
ORD-1092327,2025-05-06,10:36:38,SKU-01207,2,B-04R-018-4-B,PKR-031,MULTI,FedEx Ground,GROUND
ORD-1091470,2025-05-06,07:01:31,SKU-02358,2,C-01L-012-4-B,PKR-019,MULTI,USPS Priority Mail,GROUND
ORD-1099755,2025-05-07,07:57:21,SKU-02038,2,A-01L-024-2-A,PKR-029,MULTI,USPS Priority Mail,GROUND
ORD-1101559,2025-05-07,13:01:26,SKU-04041,2,A-02R-002-2-B,PKR-023,MULTI,UPS Ground,PRIORITY_2D
ORD-1102767,2025-05-07,07:34:06,SKU-04041,2,A-02R-002-2-B,PKR-017,MULTI,FedEx Ground,GROUND
ORD-1098731,2025-05-07,21:05:43,SKU-03860,2,C-02R-023-5-B,PKR-021,MULTI,UPS Ground,GROUND
ORD-1096772,2025-05-07,09:56:59,SKU-00673,2,C-03L-015-4-A,PKR-004,MULTI,UPS 2nd Day Air,GROUND
ORD-1102621,2025-05-07,21:26:53,SKU-04328,2,A-02L-021-1-B,PKR-028,MULTI,UPS Ground,GROUND
ORD-1100317,2025-05-07,06:35:39,SKU-01696,2,B-03L-009-3-B,PKR-019,SINGLE,USPS Priority Mail,PRIORITY_2D
ORD-1100944,2025-05-07,15:24:04,SKU-03230,2,D-01R-010-4-B,PKR-010,MULTI,USPS Priority Mail,PRIORITY_2D
ORD-1096885,2025-05-07,19:38:09,SKU-04457,1,A-01L-020-2-B,PKR-008,MULTI,UPS 2nd Day Air,PRIORITY_2D
ORD-1096405,2025-05-07,17:21:02,SKU-04807,1,B-02L-013-3-B,PKR-020,MULTI,FedEx Ground,STANDARD_OVERNIGHT
ORD-1101208,2025-05-07,19:54:31,SKU-00413,1,C-04R-008-3-B,PKR-001,MULTI,UPS Ground,STANDARD_OVERNIGHT
ORD-1096316,2025-05-07,10:45:56,SKU-02509,2,B-01L-020-5-A,PKR-027,MULTI,USPS Priority Mail,STANDARD_OVERNIGHT
ORD-1096346,2025-05-07,08:53:33,SKU-01073,2,B-04R-005-1-A,PKR-025,MULTI,FedEx Ground,GROUND
ORD-1098566,2025-05-07,10:39:29,SKU-02272,2,A-02R-002-5-A,PKR-013,MULTI,FedEx 2Day,GROUND
ORD-1100741,2025-05-07,15:39:35,SKU-00264,2,C-03L-008-1-B,PKR-029,MULTI,UPS Ground,GROUND
ORD-1101662,2025-05-07,12:53:10,SKU-04457,2,A-01L-020-2-B,PKR-003,MULTI,UPS Ground,PRIORITY_2D
ORD-1100786,2025-05-07,13:48:33,SKU-04041,2,A-02R-002-2-B,PKR-016,MULTI,UPS 2nd Day Air,GROUND
ORD-1103360,2025-05-07,06:48:36,SKU-02272,2,A-02R-002-5-A,PKR-005,MULTI,USPS Priority Mail,GROUND
ORD-1102505,2025-05-07,13:36:46,SKU-02609,2,C-01R-013-1-B,PKR-004,MULTI,USPS Priority Mail,GROUND
ORD-1102256,2025-05-07,07:52:00,SKU-03459,2,A-01R-026-3-A,PKR-011,MULTI,FedEx Ground,GROUND
ORD-1099317,2025-05-07,17:06:01,SKU-04328,2,A-02L-021-1-B,PKR-020,MULTI,FedEx 2Day,GROUND
ORD-1099268,2025-05-07,21:32:50,SKU-02366,2,A-01R-020-4-A,PKR-029,MULTI,UPS 2nd Day Air,PRIORITY_2D
ORD-1101966,2025-05-07,10:14:59,SKU-04328,2,A-02L-021-1-B,PKR-020,MULTI,FedEx Ground,GROUND
ORD-1103468,2025-05-07,17:32:23,SKU-01848,2,A-04L-001-2-A,PKR-029,MULTI,UPS Ground,PRIORITY_2D
ORD-1103432,2025-05-07,09:37:53,SKU-04353,1,B-02L-022-4-A,PKR-018,SINGLE,UPS Ground,PRIORITY_2D
ORD-1102750,2025-05-07,20:00:03,SKU-04328,1,A-02L-021-1-B,PKR-029,MULTI,USPS Priority Mail,GROUND
ORD-1102997,2025-05-07,10:08:24,SKU-03935,2,D-02R-008-4-A,PKR-021,MULTI,FedEx Ground,PRIORITY_2D
ORD-1101653,2025-05-07,06:21:53,SKU-04041,2,A-02R-002-2-B,PKR-020,MULTI,UPS Ground,GROUND
ORD-1100053,2025-05-07,06:46:24,SKU-02533,1,C-02L-003-1-A,PKR-025,MULTI,USPS Priority Mail,PRIORITY_2D
ORD-1096177,2025-05-07,15:04:24,SKU-03932,2,B-02L-019-5-B,PKR-004,MULTI,FedEx Ground,PRIORITY_2D
ORD-1101884,2025-05-07,17:16:10,SKU-01331,2,A-03R-003-4-B,PKR-010,MULTI,UPS Ground,GROUND
ORD-1101595,2025-05-07,09:47:42,SKU-00981,2,C-03R-001-2-B,PKR-031,MULTI,FedEx Ground,STANDARD_OVERNIGHT
ORD-1099799,2025-05-07,09:22:05,SKU-02163,2,A-02R-006-3-A,PKR-014,MULTI,USPS Priority Mail,GROUND
ORD-1103575,2025-05-07,19:27:21,SKU-01857,1,A-04R-005-1-A,PKR-027,MULTI,UPS 2nd Day Air,GROUND
ORD-1101986,2025-05-07,09:39:41,SKU-03058,1,B-01R-005-3-B,PKR-003,MULTI,FedEx Ground,GROUND
ORD-1101431,2025-05-07,15:23:56,SKU-03851,2,E-01R-020-4-B,PKR-025,MULTI,USPS Priority Mail,GROUND
ORD-1099334,2025-05-07,08:35:42,SKU-01005,1,A-04R-013-1-B,PKR-006,MULTI,UPS Ground,PRIORITY_2D
ORD-1096999,2025-05-07,12:13:14,SKU-02816,2,A-02R-004-2-A,PKR-032,MULTI,UPS Ground,GROUND
ORD-1097629,2025-05-07,11:02:47,SKU-01116,2,D-03L-008-2-B,PKR-032,MULTI,UPS Ground,GROUND
ORD-1101039,2025-05-07,12:41:06,SKU-04328,2,A-02L-021-1-B,PKR-032,MULTI,FedEx Ground,GROUND
ORD-1096453,2025-05-07,12:39:06,SKU-02724,2,A-02L-023-3-B,PKR-027,MULTI,FedEx Ground,GROUND
ORD-1100642,2025-05-07,21:44:41,SKU-00330,2,B-03L-002-1-A,PKR-005,MULTI,FedEx Ground,PRIORITY_2D
ORD-1101764,2025-05-07,20:01:59,SKU-04555,2,C-02R-004-3-B,PKR-009,MULTI,FedEx 2Day,PRIORITY_2D
ORD-1098445,2025-05-07,13:17:29,SKU-02354,2,C-01R-012-4-B,PKR-023,MULTI,FedEx Ground,PRIORITY_2D
ORD-1103621,2025-05-07,08:24:02,SKU-02681,2,A-01R-018-4-B,PKR-001,MULTI,USPS Priority Mail,PRIORITY_2D
ORD-1099771,2025-05-07,09:27:38,SKU-02265,1,B-01L-002-1-A,PKR-003,MULTI,FedEx 2Day,GROUND
ORD-1102682,2025-05-07,21:08:08,SKU-01033,2,C-03R-010-1-A,PKR-017,MULTI,USPS Priority Mail,PRIORITY_2D
ORD-1096501,2025-05-07,21:14:03,SKU-00872,2,A-04L-005-1-A,PKR-024,MULTI,USPS Priority Mail,GROUND
ORD-1099281,2025-05-07,19:03:57,SKU-02908,2,B-02L-005-3-A,PKR-012,MULTI,UPS 2nd Day Air,GROUND
ORD-1103865,2025-05-07,17:06:34,SKU-03881,2,B-02R-002-4-A,PKR-012,MULTI,FedEx Ground,PRIORITY_2D
ORD-1096767,2025-05-07,21:23:15,SKU-03101,2,C-01R-015-1-B,PKR-009,MULTI,USPS Priority Mail,PRIORITY_2D
ORD-1100763,2025-05-07,20:58:54,SKU-03727,2,B-02R-023-4-A,PKR-031,MULTI,USPS Priority Mail,PRIORITY_2D
ORD-1101198,2025-05-07,09:47:20,SKU-03635,2,A-02R-019-5-A,PKR-015,MULTI,UPS Ground,GROUND
ORD-1096524,2025-05-07,15:20:46,SKU-02681,1,A-01R-018-4-B,PKR-023,MULTI,FedEx Ground,GROUND
ORD-1098166,2025-05-07,20:18:38,SKU-01428,1,A-03L-006-4-A,PKR-021,MULTI,FedEx Ground,GROUND
ORD-1100651,2025-05-07,11:21:44,SKU-02443,2,D-02R-017-4-B,PKR-011,MULTI,USPS Priority Mail,GROUND
ORD-1103100,2025-05-07,12:15:24,SKU-01361,2,D-04R-011-3-B,PKR-031,MULTI,UPS 2nd Day Air,GROUND
ORD-1101037,2025-05-07,10:52:44,SKU-01721,2,A-04L-015-4-B,PKR-017,MULTI,USPS Priority Mail,PRIORITY_2D
ORD-1100809,2025-05-07,17:57:23,SKU-04441,2,B-02L-018-3-B,PKR-017,SINGLE,USPS Priority Mail,GROUND
ORD-1101734,2025-05-07,09:06:00,SKU-02857,2,C-02L-025-3-A,PKR-006,MULTI,UPS 2nd Day Air,GROUND
ORD-1102102,2025-05-07,16:27:51,SKU-00831,1,A-03R-004-3-B,PKR-015,MULTI,FedEx Ground,GROUND
ORD-1098591,2025-05-07,15:52:02,SKU-02125,1,A-01R-020-2-B,PKR-017,MULTI,UPS Ground,GROUND
ORD-1100290,2025-05-07,14:41:06,SKU-02539,2,A-01L-024-2-B,PKR-002,MULTI,USPS Priority Mail,PRIORITY_2D
ORD-1098031,2025-05-07,16:13:13,SKU-04457,2,A-01L-020-2-B,PKR-024,MULTI,FedEx Ground,GROUND
ORD-1100230,2025-05-07,16:51:32,SKU-02908,2,B-02L-005-3-A,PKR-008,MULTI,FedEx Ground,GROUND
ORD-1103343,2025-05-07,06:46:48,SKU-04328,2,A-02L-021-1-B,PKR-031,MULTI,UPS Ground,PRIORITY_2D
ORD-1099696,2025-05-07,09:04:40,SKU-00125,1,A-04L-010-3-B,PKR-024,MULTI,UPS Ground,GROUND
ORD-1098296,2025-05-07,19:35:43,SKU-02585,2,A-01R-012-4-A,PKR-027,MULTI,FedEx Ground,GROUND
ORD-1101890,2025-05-07,12:54:56,SKU-02558,2,B-01L-010-1-B,PKR-026,MULTI,FedEx Ground,STANDARD_OVERNIGHT
ORD-1097869,2025-05-07,12:03:07,SKU-00724,1,E-04R-005-3-A,PKR-006,MULTI,UPS Ground,GROUND
ORD-1101885,2025-05-07,17:33:02,SKU-04328,2,A-02L-021-1-B,PKR-008,MULTI,FedEx Ground,GROUND
ORD-1097940,2025-05-07,14:52:45,SKU-00405,2,C-04R-011-1-A,PKR-027,MULTI,USPS Priority Mail,GROUND
ORD-1102861,2025-05-07,07:40:58,SKU-02104,1,B-01R-002-1-A,PKR-027,MULTI,FedEx Ground,GROUND
ORD-1099967,2025-05-07,10:43:25,SKU-02256,2,C-02L-001-1-B,PKR-003,MULTI,USPS Priority Mail,GROUND
ORD-1101940,2025-05-07,21:21:17,SKU-04041,2,A-02R-002-2-B,PKR-014,SINGLE,UPS Ground,GROUND
ORD-1096203,2025-05-07,16:32:34,SKU-04684,2,A-02R-022-1-B,PKR-001,SINGLE,UPS 2nd Day Air,GROUND
ORD-1103162,2025-05-07,12:47:48,SKU-03608,2,A-01R-015-2-A,PKR-029,MULTI,FedEx Ground,PRIORITY_2D
ORD-1100798,2025-05-07,09:57:31,SKU-00872,2,A-04L-005-1-A,PKR-018,SINGLE,USPS Priority Mail,PRIORITY_2D
ORD-1100199,2025-05-07,07:20:06,SKU-02940,2,E-02L-001-4-A,PKR-021,MULTI,FedEx Ground,GROUND
ORD-1099139,2025-05-07,06:55:16,SKU-02366,2,A-01R-020-4-A,PKR-028,SINGLE,USPS Priority Mail,GROUND
ORD-1097714,2025-05-07,13:59:19,SKU-02094,2,C-02R-001-2-A,PKR-018,MULTI,UPS Ground,GROUND
ORD-1100163,2025-05-07,21:50:08,SKU-04878,2,B-01R-016-3-B,PKR-007,MULTI,UPS Ground,GROUND
ORD-1096141,2025-05-07,07:45:43,SKU-03331,2,C-02R-003-3-A,PKR-026,MULTI,FedEx 2Day,GROUND
ORD-1097457,2025-05-07,21:46:12,SKU-03635,2,A-02R-019-5-A,PKR-010,MULTI,USPS Priority Mail,PRIORITY_2D
ORD-1100917,2025-05-07,20:44:53,SKU-02163,1,A-02R-006-3-A,PKR-022,MULTI,FedEx Ground,GROUND
ORD-1102825,2025-05-07,10:47:59,SKU-04036,1,D-01L-001-5-B,PKR-006,MULTI,FedEx Ground,GROUND
ORD-1101789,2025-05-07,13:37:54,SKU-03881,1,B-02R-002-4-A,PKR-005,SINGLE,UPS Ground,STANDARD_OVERNIGHT
ORD-1096239,2025-05-07,09:38:17,SKU-04733,2,A-01R-018-1-A,PKR-015,MULTI,USPS Priority Mail,GROUND
ORD-1097552,2025-05-07,12:59:16,SKU-02050,1,C-02L-007-1-A,PKR-028,MULTI,UPS Ground,GROUND
ORD-1097836,2025-05-07,09:59:55,SKU-03648,2,B-02R-022-3-A,PKR-014,MULTI,USPS Priority Mail,GROUND
ORD-1100715,2025-05-07,08:09:06,SKU-04842,2,C-01R-002-2-B,PKR-016,MULTI,FedEx Ground,GROUND
ORD-1102295,2025-05-07,07:57:48,SKU-02340,2,D-01R-013-4-B,PKR-009,SINGLE,USPS Priority Mail,STANDARD_OVERNIGHT
ORD-1101510,2025-05-07,08:06:00,SKU-02104,2,B-01R-002-1-A,PKR-011,MULTI,FedEx Ground,GROUND
ORD-1097005,2025-05-07,13:37:26,SKU-00872,2,A-04L-005-1-A,PKR-029,MULTI,FedEx Ground,GROUND
ORD-1102231,2025-05-07,11:49:52,SKU-00872,2,A-04L-005-1-A,PKR-029,MULTI,USPS Priority Mail,PRIORITY_2D
ORD-1100012,2025-05-07,09:31:19,SKU-00762,2,E-03L-020-2-B,PKR-019,MULTI,UPS Ground,GROUND
ORD-1103482,2025-05-07,21:17:21,SKU-00370,2,A-03R-008-4-B,PKR-017,MULTI,USPS Priority Mail,GROUND
ORD-1102550,2025-05-07,14:18:14,SKU-00872,2,A-04L-005-1-A,PKR-027,MULTI,UPS Ground,GROUND
ORD-1103551,2025-05-07,15:12:44,SKU-04928,1,B-01L-013-2-B,PKR-009,MULTI,UPS Ground,PRIORITY_2D
ORD-1097238,2025-05-07,07:19:34,SKU-02366,1,A-01R-020-4-A,PKR-026,MULTI,FedEx Ground,PRIORITY_2D
ORD-1098773,2025-05-07,21:48:14,SKU-00057,1,C-03R-010-4-A,PKR-030,MULTI,UPS Ground,GROUND
ORD-1102838,2025-05-07,20:16:06,SKU-02185,2,C-01R-009-4-B,PKR-024,MULTI,UPS Ground,STANDARD_OVERNIGHT
ORD-1096470,2025-05-07,20:51:45,SKU-02609,1,C-01R-013-1-B,PKR-007,MULTI,USPS Priority Mail,GROUND
ORD-1102015,2025-05-07,07:42:16,SKU-01848,1,A-04L-001-2-A,PKR-022,MULTI,FedEx Ground,GROUND
ORD-1102583,2025-05-07,08:38:52,SKU-02124,2,B-01R-023-4-A,PKR-022,MULTI,USPS Priority Mail,PRIORITY_2D
ORD-1098729,2025-05-07,21:09:25,SKU-04709,2,C-01R-001-5-B,PKR-031,MULTI,UPS Ground,GROUND
ORD-1096172,2025-05-07,14:24:41,SKU-02514,1,B-02R-020-1-B,PKR-029,SINGLE,FedEx Ground,STANDARD_OVERNIGHT
ORD-1103024,2025-05-07,13:46:01,SKU-03356,1,A-02L-015-2-A,PKR-012,MULTI,USPS Priority Mail,GROUND
ORD-1100028,2025-05-07,09:06:49,SKU-00872,2,A-04L-005-1-A,PKR-005,MULTI,USPS Priority Mail,GROUND
ORD-1103328,2025-05-07,13:53:53,SKU-02156,2,B-02L-006-1-A,PKR-001,MULTI,USPS Priority Mail,GROUND
ORD-1102072,2025-05-07,19:35:05,SKU-04079,2,A-02L-006-4-A,PKR-013,MULTI,FedEx Ground,GROUND
ORD-1101175,2025-05-07,17:45:40,SKU-01121,1,B-04R-017-4-A,PKR-014,MULTI,USPS Priority Mail,GROUND
ORD-1102509,2025-05-07,19:07:40,SKU-02913,2,B-01L-015-2-B,PKR-017,MULTI,UPS 2nd Day Air,GROUND
ORD-1097687,2025-05-07,13:05:24,SKU-02775,2,C-01R-023-3-A,PKR-022,MULTI,USPS Priority Mail,PRIORITY_2D
ORD-1102821,2025-05-07,11:04:24,SKU-03787,2,C-02L-018-1-B,PKR-031,MULTI,FedEx Ground,GROUND
ORD-1099958,2025-05-07,06:46:33,SKU-00483,1,C-03L-009-3-A,PKR-004,MULTI,USPS Priority Mail,GROUND
ORD-1098870,2025-05-07,09:31:21,SKU-04041,2,A-02R-002-2-B,PKR-003,MULTI,FedEx Ground,GROUND
ORD-1100298,2025-05-07,11:38:54,SKU-04041,1,A-02R-002-2-B,PKR-018,MULTI,UPS Ground,GROUND
ORD-1101068,2025-05-07,16:39:11,SKU-01428,2,A-03L-006-4-A,PKR-032,MULTI,UPS Ground,GROUND
ORD-1097015,2025-05-07,17:58:40,SKU-04873,1,B-02L-018-5-B,PKR-028,MULTI,FedEx Ground,GROUND
ORD-1101790,2025-05-07,08:10:08,SKU-04308,1,B-02R-019-4-A,PKR-001,MULTI,FedEx Ground,GROUND
ORD-1103656,2025-05-07,12:26:46,SKU-03175,1,C-02R-026-1-B,PKR-005,MULTI,FedEx Ground,GROUND
ORD-1103772,2025-05-07,06:16:13,SKU-02636,1,D-01L-001-3-A,PKR-030,MULTI,FedEx Ground,GROUND
ORD-1099128,2025-05-07,21:53:06,SKU-00910,2,B-04R-014-3-A,PKR-015,SINGLE,FedEx Ground,PRIORITY_2D
ORD-1102348,2025-05-07,07:34:40,SKU-02681,2,A-01R-018-4-B,PKR-018,MULTI,FedEx Ground,GROUND
ORD-1103365,2025-05-07,18:57:31,SKU-00353,2,A-04L-018-4-A,PKR-011,MULTI,UPS Ground,GROUND
ORD-1100514,2025-05-07,11:35:56,SKU-04608,1,A-02L-025-1-B,PKR-014,MULTI,UPS Ground,PRIORITY_2D
ORD-1103168,2025-05-07,18:40:18,SKU-02768,2,D-02R-017-5-B,PKR-004,MULTI,USPS Priority Mail,GROUND
ORD-1103599,2025-05-07,07:57:02,SKU-02913,1,B-01L-015-2-B,PKR-026,MULTI,FedEx Ground,GROUND
ORD-1099213,2025-05-07,15:51:29,SKU-01121,2,B-04R-017-4-A,PKR-010,MULTI,USPS Priority Mail,GROUND
ORD-1097620,2025-05-07,19:32:33,SKU-00695,1,D-04L-001-3-A,PKR-032,MULTI,FedEx Ground,GROUND
ORD-1097908,2025-05-07,19:39:44,SKU-01460,1,B-03R-001-3-B,PKR-032,MULTI,UPS Ground,GROUND
ORD-1099909,2025-05-07,18:55:12,SKU-04457,2,A-01L-020-2-B,PKR-022,MULTI,UPS 2nd Day Air,GROUND
ORD-1103970,2025-05-07,07:54:03,SKU-04328,1,A-02L-021-1-B,PKR-009,MULTI,USPS Priority Mail,GROUND
ORD-1098854,2025-05-07,12:25:36,SKU-03341,2,C-02L-025-5-A,PKR-019,MULTI,FedEx Ground,GROUND
ORD-1102107,2025-05-07,11:10:10,SKU-03727,2,B-02R-023-4-A,PKR-026,MULTI,FedEx Ground,GROUND
ORD-1103211,2025-05-07,08:16:11,SKU-02908,2,B-02L-005-3-A,PKR-026,MULTI,FedEx Ground,PRIORITY_2D
ORD-1101912,2025-05-07,18:38:05,SKU-01721,2,A-04L-015-4-B,PKR-029,MULTI,FedEx 2Day,GROUND
ORD-1101184,2025-05-07,10:59:29,SKU-00872,1,A-04L-005-1-A,PKR-021,SINGLE,FedEx Ground,PRIORITY_2D
ORD-1101890,2025-05-07,12:54:56,SKU-02624,2,A-02R-022-1-A,PKR-026,MULTI,FedEx Ground,STANDARD_OVERNIGHT
ORD-1100814,2025-05-07,13:59:50,SKU-03727,2,B-02R-023-4-A,PKR-025,MULTI,FedEx Ground,PRIORITY_2D
ORD-1097236,2025-05-07,20:53:33,SKU-00072,2,C-04L-012-1-B,PKR-022,MULTI,FedEx 2Day,GROUND
ORD-1101536,2025-05-07,11:45:29,SKU-04041,1,A-02R-002-2-B,PKR-025,MULTI,FedEx 2Day,STANDARD_OVERNIGHT
ORD-1100601,2025-05-07,14:35:50,SKU-00872,2,A-04L-005-1-A,PKR-019,MULTI,USPS Priority Mail,GROUND
ORD-1103650,2025-05-07,09:03:07,SKU-04775,1,A-02R-001-5-B,PKR-030,MULTI,FedEx Ground,GROUND
ORD-1102065,2025-05-07,06:09:12,SKU-03608,2,A-01R-015-2-A,PKR-015,MULTI,FedEx Ground,GROUND
ORD-1102756,2025-05-07,19:16:49,SKU-00872,2,A-04L-005-1-A,PKR-024,MULTI,FedEx Ground,GROUND
ORD-1101025,2025-05-07,15:32:38,SKU-04041,1,A-02R-002-2-B,PKR-020,MULTI,UPS Ground,PRIORITY_2D
ORD-1099753,2025-05-07,20:34:52,SKU-02207,2,D-02L-016-1-B,PKR-013,MULTI,UPS Ground,PRIORITY_2D
ORD-1103067,2025-05-07,13:44:32,SKU-02034,1,A-02L-014-4-B,PKR-011,MULTI,FedEx Ground,GROUND
ORD-1097633,2025-05-07,15:39:49,SKU-04955,2,B-02L-013-2-B,PKR-007,MULTI,FedEx Ground,STANDARD_OVERNIGHT
ORD-1099472,2025-05-07,06:16:53,SKU-02366,2,A-01R-020-4-A,PKR-032,MULTI,FedEx 2Day,GROUND
ORD-1101183,2025-05-07,20:24:23,SKU-02836,2,A-02R-009-1-B,PKR-031,MULTI,UPS Ground,GROUND
ORD-1096430,2025-05-07,17:32:50,SKU-01463,2,A-04L-004-3-B,PKR-009,MULTI,USPS Priority Mail,GROUND
ORD-1098043,2025-05-07,08:48:55,SKU-02499,2,A-02L-005-3-A,PKR-018,MULTI,UPS Ground,GROUND
ORD-1103795,2025-05-07,08:54:50,SKU-04775,1,A-02R-001-5-B,PKR-027,MULTI,FedEx Ground,GROUND
ORD-1096398,2025-05-07,18:07:50,SKU-04041,2,A-02R-002-2-B,PKR-022,MULTI,USPS Priority Mail,GROUND
ORD-1099455,2025-05-07,14:51:10,SKU-04185,2,A-01L-023-1-B,PKR-019,MULTI,UPS Ground,PRIORITY_2D
ORD-1097450,2025-05-07,12:17:16,SKU-03382,2,B-01L-020-5-B,PKR-014,MULTI,FedEx Ground,STANDARD_OVERNIGHT
ORD-1102346,2025-05-07,12:44:24,SKU-03032,2,A-02L-020-4-B,PKR-018,MULTI,UPS Ground,GROUND
ORD-1097836,2025-05-07,09:59:55,SKU-02366,2,A-01R-020-4-A,PKR-014,MULTI,USPS Priority Mail,GROUND
ORD-1097922,2025-05-07,14:37:45,SKU-04865,2,A-01R-011-4-B,PKR-013,SINGLE,UPS Ground,GROUND
ORD-1096491,2025-05-07,10:32:20,SKU-01204,2,A-03R-016-1-B,PKR-026,MULTI,USPS Priority Mail,GROUND
ORD-1103564,2025-05-07,07:16:30,SKU-02609,2,C-01R-013-1-B,PKR-009,MULTI,USPS Priority Mail,GROUND
ORD-1096768,2025-05-07,10:17:39,SKU-01188,2,B-04L-010-1-A,PKR-017,MULTI,USPS Priority Mail,GROUND
ORD-1098311,2025-05-07,16:50:56,SKU-02204,1,A-02R-008-4-B,PKR-021,MULTI,UPS Ground,GROUND
ORD-1096654,2025-05-07,11:50:55,SKU-01792,1,C-04L-006-2-A,PKR-023,MULTI,UPS Ground,PRIORITY_2D
ORD-1103120,2025-05-07,10:53:46,SKU-03216,2,D-02R-012-5-B,PKR-025,MULTI,USPS Priority Mail,GROUND
ORD-1101116,2025-05-07,13:38:32,SKU-02225,2,D-02R-022-5-B,PKR-009,MULTI,FedEx Ground,GROUND
ORD-1096042,2025-05-07,14:59:57,SKU-03038,1,B-02L-014-4-A,PKR-032,MULTI,USPS Priority Mail,GROUND
ORD-1101867,2025-05-07,12:26:42,SKU-02208,2,B-01R-004-2-A,PKR-001,MULTI,UPS Ground,GROUND
ORD-1102811,2025-05-07,20:18:45,SKU-02567,2,C-01L-021-1-B,PKR-008,MULTI,USPS Priority Mail,GROUND
ORD-1102049,2025-05-07,08:45:10,SKU-01242,2,C-04R-009-4-B,PKR-009,MULTI,FedEx Ground,PRIORITY_2D
ORD-1100152,2025-05-07,19:16:01,SKU-02125,2,A-01R-020-2-B,PKR-031,MULTI,UPS Ground,PRIORITY_2D
ORD-1103823,2025-05-07,20:31:16,SKU-01490,1,B-04R-009-1-A,PKR-026,MULTI,USPS Priority Mail,PRIORITY_2D
ORD-1100044,2025-05-07,10:21:20,SKU-04328,2,A-02L-021-1-B,PKR-002,MULTI,UPS Ground,GROUND
ORD-1097030,2025-05-07,14:26:07,SKU-02856,2,D-02R-018-5-B,PKR-026,MULTI,USPS Priority Mail,PRIORITY_2D
ORD-1103380,2025-05-07,09:34:13,SKU-00956,2,D-04L-015-1-A,PKR-027,MULTI,UPS Ground,GROUND
ORD-1098847,2025-05-07,10:06:26,SKU-01331,2,A-03R-003-4-B,PKR-025,MULTI,USPS Priority Mail,PRIORITY_2D
ORD-1102473,2025-05-07,12:30:30,SKU-02908,2,B-02L-005-3-A,PKR-020,MULTI,UPS Ground,GROUND
ORD-1097378,2025-05-07,10:00:10,SKU-03035,1,C-02R-025-2-B,PKR-005,SINGLE,UPS Ground,GROUND
ORD-1102310,2025-05-07,16:45:42,SKU-04328,1,A-02L-021-1-B,PKR-030,MULTI,FedEx 2Day,GROUND
ORD-1102049,2025-05-07,08:45:10,SKU-04041,2,A-02R-002-2-B,PKR-009,MULTI,FedEx Ground,PRIORITY_2D
ORD-1102657,2025-05-07,14:44:09,SKU-02905,2,C-01R-025-2-A,PKR-025,MULTI,FedEx Ground,STANDARD_OVERNIGHT
ORD-1096034,2025-05-07,20:56:56,SKU-02272,2,A-02R-002-5-A,PKR-032,MULTI,UPS Ground,GROUND
ORD-1103277,2025-05-07,20:50:31,SKU-01895,1,C-03L-009-3-B,PKR-031,MULTI,USPS Priority Mail,GROUND
ORD-1102224,2025-05-07,15:24:36,SKU-02701,1,D-01R-005-2-A,PKR-008,MULTI,USPS Priority Mail,GROUND
ORD-1101296,2025-05-07,16:11:03,SKU-01204,2,A-03R-016-1-B,PKR-022,MULTI,FedEx Ground,GROUND
ORD-1101216,2025-05-07,11:51:12,SKU-00490,1,C-03L-014-2-A,PKR-023,MULTI,UPS Ground,GROUND
ORD-1106754,2025-05-08,13:14:44,SKU-00255,2,D-03R-005-2-B,PKR-013,MULTI,FedEx Ground,GROUND
ORD-1104938,2025-05-08,06:09:37,SKU-04558,2,A-01L-008-1-A,PKR-003,MULTI,UPS 2nd Day Air,PRIORITY_2D
ORD-1104185,2025-05-08,12:58:42,SKU-04328,2,A-02L-021-1-B,PKR-023,MULTI,UPS Ground,GROUND
ORD-1110094,2025-05-08,13:46:11,SKU-01649,1,E-04L-011-1-A,PKR-010,MULTI,FedEx Ground,GROUND
ORD-1111914,2025-05-08,07:19:25,SKU-04007,2,C-01L-023-1-B,PKR-001,MULTI,UPS Ground,GROUND
ORD-1106053,2025-05-08,09:31:14,SKU-04328,2,A-02L-021-1-B,PKR-001,MULTI,FedEx Ground,STANDARD_OVERNIGHT
ORD-1109967,2025-05-08,07:19:39,SKU-00958,2,B-03L-012-2-A,PKR-030,SINGLE,FedEx Ground,GROUND
ORD-1109785,2025-05-08,21:51:55,SKU-04328,2,A-02L-021-1-B,PKR-018,MULTI,USPS Priority Mail,GROUND
ORD-1107151,2025-05-08,16:14:54,SKU-03553,1,C-01L-003-1-A,PKR-019,MULTI,FedEx Ground,GROUND
ORD-1106984,2025-05-08,13:24:01,SKU-03554,2,C-02L-010-3-A,PKR-031,MULTI,FedEx Ground,GROUND
ORD-1108583,2025-05-08,11:12:47,SKU-02050,2,C-02L-007-1-A,PKR-017,MULTI,FedEx 2Day,GROUND
ORD-1111630,2025-05-08,15:49:57,SKU-00191,2,D-03R-007-4-B,PKR-021,MULTI,FedEx Ground,PRIORITY_2D
ORD-1111412,2025-05-08,11:42:06,SKU-02365,2,A-02L-010-3-A,PKR-009,MULTI,UPS Ground,PRIORITY_2D
ORD-1104764,2025-05-08,13:20:09,SKU-03823,1,C-02R-020-1-B,PKR-032,MULTI,UPS 2nd Day Air,PRIORITY_2D
ORD-1111822,2025-05-08,16:55:07,SKU-02160,1,C-01L-022-4-B,PKR-030,MULTI,UPS Ground,GROUND
ORD-1104205,2025-05-08,15:19:10,SKU-03369,1,D-02L-005-5-B,PKR-003,MULTI,USPS Priority Mail,GROUND
ORD-1109348,2025-05-08,08:21:42,SKU-00392,2,B-03L-019-1-B,PKR-002,SINGLE,FedEx Ground,GROUND
ORD-1111755,2025-05-08,15:57:39,SKU-00256,2,A-03R-007-2-A,PKR-006,SINGLE,FedEx 2Day,GROUND
ORD-1105308,2025-05-08,10:47:09,SKU-01954,2,E-04R-006-1-B,PKR-023,MULTI,FedEx Ground,GROUND
ORD-1105543,2025-05-08,13:50:50,SKU-00872,1,A-04L-005-1-A,PKR-025,MULTI,USPS Priority Mail,GROUND
ORD-1108824,2025-05-08,08:46:41,SKU-04952,1,B-02R-004-2-B,PKR-030,MULTI,UPS Ground,PRIORITY_2D
ORD-1107546,2025-05-08,15:10:38,SKU-04674,2,D-01R-022-5-B,PKR-005,MULTI,UPS Ground,GROUND
ORD-1104870,2025-05-08,06:56:28,SKU-02609,2,C-01R-013-1-B,PKR-002,MULTI,USPS Priority Mail,PRIORITY_2D
ORD-1111794,2025-05-08,21:34:28,SKU-01721,2,A-04L-015-4-B,PKR-008,MULTI,FedEx Ground,PRIORITY_2D
ORD-1110005,2025-05-08,10:54:24,SKU-01287,1,A-04L-003-1-A,PKR-028,MULTI,UPS Ground,GROUND
ORD-1111996,2025-05-08,19:05:59,SKU-00147,2,D-04L-019-3-B,PKR-010,MULTI,FedEx 2Day,GROUND
ORD-1109354,2025-05-08,13:12:44,SKU-00037,1,A-03L-004-3-A,PKR-008,MULTI,UPS 2nd Day Air,GROUND
ORD-1105114,2025-05-08,17:20:19,SKU-04041,2,A-02R-002-2-B,PKR-019,MULTI,FedEx 2Day,GROUND
ORD-1107064,2025-05-08,21:16:10,SKU-01705,1,D-04R-013-1-B,PKR-024,MULTI,FedEx 2Day,GROUND
ORD-1109827,2025-05-08,10:35:45,SKU-02085,2,D-02R-008-1-A,PKR-016,MULTI,USPS Priority Mail,GROUND
ORD-1107564,2025-05-08,10:52:53,SKU-00654,2,B-04R-010-4-B,PKR-026,MULTI,USPS Priority Mail,PRIORITY_2D
ORD-1107470,2025-05-08,06:41:54,SKU-03369,2,D-02L-005-5-B,PKR-006,MULTI,USPS Priority Mail,GROUND
ORD-1107424,2025-05-08,06:47:12,SKU-01641,1,D-04L-018-1-B,PKR-002,MULTI,USPS Priority Mail,GROUND
ORD-1109107,2025-05-08,17:22:44,SKU-01215,2,E-04L-020-3-A,PKR-019,MULTI,FedEx Ground,GROUND
ORD-1109625,2025-05-08,18:50:56,SKU-04520,2,C-02L-010-3-B,PKR-011,MULTI,FedEx Ground,GROUND
ORD-1111110,2025-05-08,12:08:43,SKU-02585,2,A-01R-012-4-A,PKR-022,MULTI,FedEx Ground,GROUND
ORD-1105029,2025-05-08,17:17:25,SKU-04740,2,D-02L-020-1-A,PKR-013,SINGLE,USPS Priority Mail,GROUND
ORD-1106916,2025-05-08,18:25:41,SKU-01721,2,A-04L-015-4-B,PKR-003,MULTI,FedEx Ground,GROUND
ORD-1105378,2025-05-08,09:47:12,SKU-01850,2,A-04R-006-2-A,PKR-002,MULTI,USPS Priority Mail,GROUND
ORD-1111255,2025-05-08,18:39:20,SKU-01721,2,A-04L-015-4-B,PKR-016,MULTI,FedEx Ground,GROUND
ORD-1105770,2025-05-08,17:08:52,SKU-02908,2,B-02L-005-3-A,PKR-006,MULTI,USPS Priority Mail,GROUND
ORD-1106323,2025-05-08,17:54:57,SKU-03369,2,D-02L-005-5-B,PKR-001,MULTI,FedEx Ground,GROUND
ORD-1108569,2025-05-08,07:06:03,SKU-02509,1,B-01L-020-5-A,PKR-030,MULTI,USPS Priority Mail,GROUND
ORD-1107319,2025-05-08,10:51:26,SKU-04041,2,A-02R-002-2-B,PKR-002,MULTI,UPS Ground,GROUND
ORD-1111012,2025-05-08,14:53:25,SKU-02045,1,B-01R-025-3-A,PKR-024,MULTI,USPS Priority Mail,GROUND
ORD-1111397,2025-05-08,09:21:00,SKU-04328,1,A-02L-021-1-B,PKR-010,MULTI,FedEx Ground,PRIORITY_2D
ORD-1109470,2025-05-08,15:33:33,SKU-00180,2,B-03L-010-1-A,PKR-019,SINGLE,FedEx Ground,GROUND
ORD-1104827,2025-05-08,15:00:43,SKU-02240,2,B-02L-008-4-B,PKR-030,SINGLE,FedEx Ground,GROUND
ORD-1106875,2025-05-08,17:21:38,SKU-04328,2,A-02L-021-1-B,PKR-012,MULTI,UPS Ground,PRIORITY_2D
ORD-1106469,2025-05-08,10:44:10,SKU-03727,1,B-02R-023-4-A,PKR-026,MULTI,FedEx Ground,GROUND
ORD-1106505,2025-05-08,18:20:47,SKU-00514,2,B-04R-016-3-A,PKR-009,MULTI,FedEx Ground,GROUND
ORD-1111338,2025-05-08,19:04:25,SKU-00526,1,A-04R-007-1-B,PKR-023,MULTI,USPS Priority Mail,PRIORITY_2D
ORD-1108551,2025-05-08,18:40:03,SKU-04717,2,B-02R-006-3-B,PKR-009,MULTI,FedEx Ground,GROUND
ORD-1105505,2025-05-08,14:59:35,SKU-04041,2,A-02R-002-2-B,PKR-013,MULTI,FedEx Ground,GROUND
ORD-1110080,2025-05-08,17:19:15,SKU-03369,2,D-02L-005-5-B,PKR-003,MULTI,UPS Ground,GROUND
ORD-1105769,2025-05-08,21:05:33,SKU-00037,1,A-03L-004-3-A,PKR-016,MULTI,FedEx Ground,GROUND
ORD-1111829,2025-05-08,10:39:50,SKU-03302,2,D-02L-002-3-B,PKR-017,MULTI,FedEx Ground,GROUND
ORD-1106727,2025-05-08,09:01:13,SKU-02772,1,A-02R-012-5-A,PKR-007,MULTI,UPS Ground,GROUND
ORD-1109065,2025-05-08,08:24:58,SKU-00047,2,A-03L-014-4-B,PKR-009,MULTI,USPS Priority Mail,GROUND
ORD-1106839,2025-05-08,06:31:15,SKU-00535,1,A-03R-010-2-A,PKR-011,MULTI,UPS Ground,GROUND
ORD-1109401,2025-05-08,10:05:08,SKU-03209,2,A-02R-022-2-B,PKR-011,MULTI,FedEx Ground,GROUND
ORD-1109885,2025-05-08,16:53:44,SKU-00779,1,B-04L-003-4-B,PKR-020,MULTI,UPS Ground,GROUND
ORD-1107805,2025-05-08,16:11:49,SKU-03251,2,A-01R-024-1-B,PKR-022,MULTI,USPS Priority Mail,GROUND
ORD-1104845,2025-05-08,08:08:31,SKU-03496,2,B-01R-016-5-B,PKR-018,MULTI,UPS Ground,GROUND
ORD-1109227,2025-05-08,08:06:30,SKU-04328,1,A-02L-021-1-B,PKR-011,MULTI,FedEx Ground,PRIORITY_2D
ORD-1106909,2025-05-08,08:03:43,SKU-02266,2,A-01L-021-3-B,PKR-021,MULTI,FedEx Ground,STANDARD_OVERNIGHT
ORD-1104390,2025-05-08,07:59:13,SKU-04745,2,B-01R-013-5-A,PKR-024,MULTI,UPS Ground,GROUND
ORD-1104345,2025-05-08,11:25:38,SKU-01204,2,A-03R-016-1-B,PKR-027,MULTI,FedEx Ground,GROUND
ORD-1108039,2025-05-08,21:57:06,SKU-03727,2,B-02R-023-4-A,PKR-014,MULTI,UPS Ground,GROUND
ORD-1110086,2025-05-08,20:46:06,SKU-02609,2,C-01R-013-1-B,PKR-001,MULTI,FedEx Ground,GROUND
ORD-1109085,2025-05-08,14:59:40,SKU-01019,1,B-03R-014-1-A,PKR-016,MULTI,FedEx Ground,GROUND
ORD-1105891,2025-05-08,07:39:18,SKU-00412,2,D-03R-006-4-B,PKR-032,MULTI,USPS Priority Mail,PRIORITY_2D
ORD-1110753,2025-05-08,12:40:26,SKU-03727,2,B-02R-023-4-A,PKR-017,MULTI,UPS Ground,GROUND
ORD-1105568,2025-05-08,18:31:51,SKU-00733,2,A-04R-005-1-B,PKR-032,MULTI,UPS Ground,PRIORITY_2D
ORD-1107642,2025-05-08,21:59:11,SKU-04264,2,C-02L-002-4-A,PKR-011,MULTI,FedEx Ground,STANDARD_OVERNIGHT
ORD-1108823,2025-05-08,13:42:14,SKU-01204,1,A-03R-016-1-B,PKR-005,MULTI,FedEx Ground,GROUND
ORD-1108599,2025-05-08,14:33:18,SKU-03727,1,B-02R-023-4-A,PKR-013,MULTI,UPS Ground,PRIORITY_2D
ORD-1107307,2025-05-08,12:53:42,SKU-04308,1,B-02R-019-4-A,PKR-008,MULTI,USPS Priority Mail,GROUND
ORD-1104566,2025-05-08,14:14:57,SKU-02767,2,C-02R-013-1-B,PKR-012,MULTI,FedEx Ground,PRIORITY_2D
ORD-1107930,2025-05-08,11:53:15,SKU-00559,2,A-04R-005-4-A,PKR-016,MULTI,UPS 2nd Day Air,GROUND
ORD-1107413,2025-05-08,13:04:37,SKU-01012,2,E-03L-006-3-A,PKR-028,MULTI,UPS Ground,GROUND
ORD-1109076,2025-05-08,07:05:29,SKU-02973,2,B-01R-015-1-A,PKR-004,MULTI,UPS 2nd Day Air,GROUND
ORD-1104073,2025-05-08,14:34:47,SKU-03727,2,B-02R-023-4-A,PKR-017,MULTI,USPS Priority Mail,GROUND
ORD-1109189,2025-05-08,09:40:07,SKU-04775,2,A-02R-001-5-B,PKR-024,MULTI,FedEx Ground,GROUND
ORD-1106254,2025-05-08,11:51:26,SKU-04328,1,A-02L-021-1-B,PKR-027,MULTI,UPS Ground,GROUND
ORD-1105587,2025-05-08,10:34:04,SKU-04505,2,A-01R-010-3-A,PKR-013,MULTI,UPS Ground,GROUND
ORD-1105336,2025-05-08,21:35:56,SKU-01124,1,B-03R-007-4-A,PKR-011,MULTI,UPS 2nd Day Air,GROUND
ORD-1107677,2025-05-08,08:49:58,SKU-04878,1,B-01R-016-3-B,PKR-028,MULTI,FedEx Ground,PRIORITY_2D
ORD-1110992,2025-05-08,21:02:56,SKU-03813,2,C-01R-018-5-A,PKR-029,MULTI,USPS Priority Mail,GROUND
ORD-1106993,2025-05-08,08:57:06,SKU-02366,2,A-01R-020-4-A,PKR-019,MULTI,FedEx Ground,GROUND
ORD-1111158,2025-05-08,18:31:02,SKU-03823,2,C-02R-020-1-B,PKR-001,MULTI,UPS Ground,GROUND
ORD-1109716,2025-05-08,09:31:57,SKU-02609,2,C-01R-013-1-B,PKR-006,MULTI,FedEx Ground,GROUND
ORD-1107408,2025-05-08,09:44:01,SKU-03250,1,A-01R-001-3-A,PKR-023,MULTI,UPS Ground,GROUND
ORD-1109938,2025-05-08,20:15:43,SKU-02272,2,A-02R-002-5-A,PKR-016,MULTI,FedEx 2Day,GROUND
ORD-1108705,2025-05-08,16:56:17,SKU-02816,2,A-02R-004-2-A,PKR-014,MULTI,UPS Ground,PRIORITY_2D
ORD-1108119,2025-05-08,14:06:18,SKU-00838,2,A-03L-009-1-B,PKR-012,MULTI,UPS Ground,PRIORITY_2D
ORD-1106931,2025-05-08,12:44:08,SKU-04041,1,A-02R-002-2-B,PKR-018,MULTI,USPS Priority Mail,GROUND
ORD-1111092,2025-05-08,17:47:51,SKU-04528,1,B-02R-014-3-B,PKR-023,MULTI,FedEx Ground,PRIORITY_2D
ORD-1109373,2025-05-08,18:15:42,SKU-02125,1,A-01R-020-2-B,PKR-020,MULTI,FedEx Ground,GROUND
ORD-1111847,2025-05-08,12:21:22,SKU-03373,2,D-02R-010-2-B,PKR-008,MULTI,USPS Priority Mail,GROUND
ORD-1107085,2025-05-08,17:05:39,SKU-03107,1,C-02R-019-1-B,PKR-013,MULTI,UPS Ground,GROUND
ORD-1107986,2025-05-08,10:32:37,SKU-04670,2,C-02R-018-2-B,PKR-015,MULTI,UPS Ground,GROUND
ORD-1108789,2025-05-08,11:16:52,SKU-01480,2,B-04R-004-2-A,PKR-031,MULTI,FedEx Ground,PRIORITY_2D
ORD-1111765,2025-05-08,19:25:26,SKU-03465,2,B-01R-013-4-A,PKR-004,MULTI,FedEx Ground,GROUND
ORD-1108044,2025-05-08,06:17:06,SKU-01204,2,A-03R-016-1-B,PKR-004,MULTI,UPS Ground,PRIORITY_2D
ORD-1109236,2025-05-08,12:17:29,SKU-02177,1,C-02R-010-2-B,PKR-028,MULTI,USPS Priority Mail,GROUND
ORD-1108482,2025-05-08,17:19:08,SKU-02585,1,A-01R-012-4-A,PKR-008,MULTI,FedEx Ground,GROUND
ORD-1106727,2025-05-08,09:01:13,SKU-04528,2,B-02R-014-3-B,PKR-007,MULTI,UPS Ground,GROUND
ORD-1110751,2025-05-08,12:02:10,SKU-01204,2,A-03R-016-1-B,PKR-023,MULTI,USPS Priority Mail,GROUND
ORD-1111993,2025-05-08,12:43:34,SKU-04457,1,A-01L-020-2-B,PKR-014,SINGLE,USPS Priority Mail,GROUND
ORD-1107423,2025-05-08,12:23:00,SKU-01552,2,A-04R-001-1-B,PKR-032,MULTI,UPS Ground,GROUND
ORD-1109275,2025-05-08,08:11:14,SKU-02585,2,A-01R-012-4-A,PKR-009,MULTI,FedEx Ground,PRIORITY_2D
ORD-1107324,2025-05-08,08:13:48,SKU-01204,1,A-03R-016-1-B,PKR-019,SINGLE,FedEx Ground,STANDARD_OVERNIGHT
ORD-1107316,2025-05-08,19:15:44,SKU-02939,2,A-02R-016-5-A,PKR-027,MULTI,UPS Ground,PRIORITY_2D
ORD-1110879,2025-05-08,17:18:04,SKU-04984,2,B-02R-026-4-B,PKR-020,MULTI,FedEx Ground,PRIORITY_2D
ORD-1109134,2025-05-08,16:37:30,SKU-00622,1,D-04R-007-3-A,PKR-008,MULTI,UPS Ground,STANDARD_OVERNIGHT
ORD-1109859,2025-05-08,17:45:19,SKU-01331,1,A-03R-003-4-B,PKR-021,MULTI,UPS 2nd Day Air,STANDARD_OVERNIGHT
ORD-1106701,2025-05-08,19:25:42,SKU-01721,1,A-04L-015-4-B,PKR-008,MULTI,UPS 2nd Day Air,GROUND
ORD-1109712,2025-05-08,09:00:40,SKU-00036,2,B-04R-004-4-A,PKR-025,MULTI,FedEx 2Day,GROUND
ORD-1106589,2025-05-08,17:53:56,SKU-03727,2,B-02R-023-4-A,PKR-005,MULTI,USPS Priority Mail,GROUND
ORD-1107607,2025-05-08,06:21:05,SKU-02852,1,D-01R-011-1-A,PKR-004,MULTI,FedEx Ground,PRIORITY_2D
ORD-1111493,2025-05-08,11:17:33,SKU-04328,2,A-02L-021-1-B,PKR-009,MULTI,USPS Priority Mail,STANDARD_OVERNIGHT
ORD-1109279,2025-05-08,09:58:36,SKU-00872,2,A-04L-005-1-A,PKR-018,MULTI,FedEx Ground,PRIORITY_2D
ORD-1110196,2025-05-08,12:27:51,SKU-02795,1,C-02R-026-1-A,PKR-003,MULTI,USPS Priority Mail,GROUND
ORD-1111969,2025-05-08,16:11:25,SKU-03839,2,C-02L-026-2-B,PKR-022,MULTI,USPS Priority Mail,GROUND
ORD-1107719,2025-05-08,19:09:29,SKU-02659,2,B-02R-007-3-A,PKR-028,MULTI,USPS Priority Mail,PRIORITY_2D
ORD-1107479,2025-05-08,21:39:52,SKU-00291,2,A-04L-017-2-A,PKR-019,MULTI,FedEx Ground,GROUND
ORD-1106364,2025-05-08,09:44:00,SKU-04041,2,A-02R-002-2-B,PKR-012,MULTI,FedEx Ground,GROUND
ORD-1107123,2025-05-08,10:13:21,SKU-02053,1,A-01R-017-2-A,PKR-015,MULTI,USPS Priority Mail,PRIORITY_2D
ORD-1109886,2025-05-08,11:58:24,SKU-02851,2,B-02R-007-4-A,PKR-006,MULTI,FedEx Ground,GROUND
ORD-1105833,2025-05-08,17:23:01,SKU-04328,2,A-02L-021-1-B,PKR-004,MULTI,UPS Ground,GROUND
ORD-1104512,2025-05-08,12:52:09,SKU-04041,2,A-02R-002-2-B,PKR-019,MULTI,FedEx Ground,PRIORITY_2D
ORD-1106684,2025-05-08,09:36:09,SKU-04328,1,A-02L-021-1-B,PKR-013,MULTI,UPS Ground,GROUND
ORD-1109344,2025-05-08,08:48:13,SKU-01764,1,C-04L-006-3-B,PKR-003,MULTI,FedEx Ground,GROUND
ORD-1105993,2025-05-08,14:48:27,SKU-03830,2,A-02R-011-1-A,PKR-020,MULTI,USPS Priority Mail,GROUND
ORD-1111149,2025-05-08,06:45:21,SKU-02619,2,A-02R-021-1-A,PKR-022,MULTI,UPS 2nd Day Air,PRIORITY_2D
ORD-1105498,2025-05-08,16:24:26,SKU-02908,1,B-02L-005-3-A,PKR-010,MULTI,USPS Priority Mail,PRIORITY_2D
ORD-1106609,2025-05-08,12:59:59,SKU-02140,1,B-01R-020-2-B,PKR-007,MULTI,UPS Ground,GROUND
ORD-1107619,2025-05-08,10:45:00,SKU-01083,2,B-03L-011-2-A,PKR-019,MULTI,UPS 2nd Day Air,GROUND
ORD-1106751,2025-05-08,11:36:05,SKU-02290,2,B-02L-026-5-B,PKR-027,MULTI,FedEx Ground,GROUND
ORD-1107362,2025-05-08,12:30:51,SKU-04121,1,C-01L-009-3-B,PKR-007,MULTI,UPS Ground,GROUND
ORD-1107020,2025-05-08,09:48:33,SKU-02585,2,A-01R-012-4-A,PKR-016,MULTI,UPS Ground,PRIORITY_2D
ORD-1104661,2025-05-08,21:02:23,SKU-02104,1,B-01R-002-1-A,PKR-013,MULTI,FedEx Ground,GROUND
ORD-1107409,2025-05-08,13:52:15,SKU-04411,2,A-01L-011-5-B,PKR-019,MULTI,USPS Priority Mail,GROUND
ORD-1110842,2025-05-08,11:35:03,SKU-04665,1,A-01R-021-5-A,PKR-020,MULTI,UPS Ground,PRIORITY_2D
ORD-1109280,2025-05-08,19:52:11,SKU-01204,2,A-03R-016-1-B,PKR-009,MULTI,USPS Priority Mail,GROUND
ORD-1110345,2025-05-08,11:07:15,SKU-03727,2,B-02R-023-4-A,PKR-007,MULTI,UPS 2nd Day Air,GROUND
ORD-1107221,2025-05-08,12:24:21,SKU-02366,2,A-01R-020-4-A,PKR-018,MULTI,USPS Priority Mail,GROUND
ORD-1110490,2025-05-08,08:44:43,SKU-04457,1,A-01L-020-2-B,PKR-021,MULTI,USPS Priority Mail,GROUND
ORD-1106284,2025-05-08,17:40:46,SKU-04733,2,A-01R-018-1-A,PKR-030,MULTI,USPS Priority Mail,GROUND
ORD-1107560,2025-05-08,19:12:00,SKU-04041,1,A-02R-002-2-B,PKR-029,MULTI,UPS 2nd Day Air,GROUND
ORD-1107698,2025-05-08,11:56:46,SKU-01263,2,E-03L-004-3-A,PKR-019,MULTI,USPS Priority Mail,PRIORITY_2D
ORD-1111619,2025-05-08,17:46:10,SKU-01709,1,A-03L-014-1-B,PKR-003,MULTI,UPS Ground,PRIORITY_2D
ORD-1109241,2025-05-08,08:02:49,SKU-02908,1,B-02L-005-3-A,PKR-007,MULTI,UPS Ground,PRIORITY_2D
ORD-1110218,2025-05-08,10:17:54,SKU-03496,2,B-01R-016-5-B,PKR-019,MULTI,UPS Ground,GROUND
ORD-1108145,2025-05-08,16:02:38,SKU-01727,1,B-03R-015-1-B,PKR-005,MULTI,USPS Priority Mail,GROUND
ORD-1108423,2025-05-08,07:24:32,SKU-04353,2,B-02L-022-4-A,PKR-010,MULTI,FedEx Ground,PRIORITY_2D
ORD-1105023,2025-05-08,19:23:46,SKU-01207,2,B-04R-018-4-B,PKR-020,MULTI,USPS Priority Mail,GROUND
ORD-1107721,2025-05-08,09:14:33,SKU-04328,2,A-02L-021-1-B,PKR-026,MULTI,FedEx Ground,GROUND
ORD-1105219,2025-05-08,18:52:14,SKU-02564,2,C-01L-011-5-B,PKR-023,SINGLE,FedEx Ground,PRIORITY_2D
ORD-1107108,2025-05-08,17:18:05,SKU-00345,2,C-03R-006-3-B,PKR-005,MULTI,FedEx 2Day,GROUND
ORD-1106104,2025-05-08,08:20:33,SKU-02861,2,C-02L-009-5-B,PKR-026,MULTI,FedEx Ground,GROUND
ORD-1110572,2025-05-08,21:28:44,SKU-02051,2,B-01R-021-4-A,PKR-020,MULTI,UPS Ground,GROUND
ORD-1108282,2025-05-08,10:40:23,SKU-01121,1,B-04R-017-4-A,PKR-001,MULTI,FedEx Ground,GROUND
ORD-1107054,2025-05-08,14:38:46,SKU-00174,1,C-04R-003-2-A,PKR-014,MULTI,FedEx 2Day,STANDARD_OVERNIGHT
ORD-1108497,2025-05-08,15:21:05,SKU-04041,2,A-02R-002-2-B,PKR-013,MULTI,USPS Priority Mail,PRIORITY_2D
ORD-1109878,2025-05-08,07:41:20,SKU-01609,2,A-03R-019-1-A,PKR-018,MULTI,USPS Priority Mail,GROUND
ORD-1106790,2025-05-08,18:45:31,SKU-02116,1,A-02R-026-4-A,PKR-019,MULTI,UPS Ground,PRIORITY_2D
ORD-1110207,2025-05-08,15:58:33,SKU-01170,2,A-03L-002-3-B,PKR-029,MULTI,FedEx Ground,GROUND
ORD-1104793,2025-05-08,15:23:17,SKU-03512,2,D-01L-018-2-A,PKR-031,MULTI,UPS Ground,GROUND
ORD-1111402,2025-05-08,12:17:53,SKU-02585,2,A-01R-012-4-A,PKR-006,MULTI,FedEx Ground,GROUND
ORD-1109863,2025-05-08,10:18:17,SKU-01121,2,B-04R-017-4-A,PKR-025,MULTI,FedEx 2Day,GROUND
ORD-1107965,2025-05-08,09:24:00,SKU-02298,2,A-01L-014-4-A,PKR-014,MULTI,USPS Priority Mail,GROUND
ORD-1111470,2025-05-08,08:46:43,SKU-01721,1,A-04L-015-4-B,PKR-002,MULTI,UPS Ground,STANDARD_OVERNIGHT
ORD-1104065,2025-05-08,16:46:38,SKU-02699,2,C-01L-007-2-B,PKR-022,MULTI,USPS Priority Mail,GROUND
ORD-1111573,2025-05-08,10:56:08,SKU-02960,2,C-02L-026-1-A,PKR-025,MULTI,USPS Priority Mail,GROUND
ORD-1110239,2025-05-08,07:46:34,SKU-00872,2,A-04L-005-1-A,PKR-025,MULTI,USPS Priority Mail,GROUND
ORD-1111603,2025-05-08,08:23:05,SKU-04984,2,B-02R-026-4-B,PKR-001,MULTI,UPS Ground,GROUND
ORD-1106940,2025-05-08,17:21:08,SKU-00358,2,A-03L-008-1-B,PKR-010,MULTI,FedEx 2Day,GROUND
ORD-1108052,2025-05-08,18:31:19,SKU-02073,2,B-02L-002-5-A,PKR-032,MULTI,FedEx 2Day,GROUND
ORD-1104661,2025-05-08,21:02:23,SKU-04807,1,B-02L-013-3-B,PKR-013,MULTI,FedEx Ground,GROUND
ORD-1108650,2025-05-08,20:02:05,SKU-00872,2,A-04L-005-1-A,PKR-029,MULTI,UPS 2nd Day Air,PRIORITY_2D
ORD-1110937,2025-05-08,20:11:57,SKU-02892,2,D-01R-021-3-A,PKR-025,MULTI,FedEx Ground,PRIORITY_2D
ORD-1104878,2025-05-08,18:16:07,SKU-04328,1,A-02L-021-1-B,PKR-025,MULTI,UPS Ground,STANDARD_OVERNIGHT
ORD-1104939,2025-05-08,08:18:14,SKU-00317,2,A-03L-016-3-A,PKR-032,MULTI,FedEx 2Day,PRIORITY_2D
ORD-1109043,2025-05-08,07:15:07,SKU-02950,1,E-01L-008-3-B,PKR-005,MULTI,FedEx Ground,GROUND
ORD-1105476,2025-05-08,16:34:29,SKU-02125,2,A-01R-020-2-B,PKR-029,MULTI,UPS Ground,GROUND
ORD-1111592,2025-05-08,08:11:57,SKU-01044,1,E-04R-011-2-A,PKR-012,MULTI,USPS Priority Mail,GROUND
ORD-1109101,2025-05-08,11:11:08,SKU-01490,2,B-04R-009-1-A,PKR-010,MULTI,UPS Ground,PRIORITY_2D
ORD-1107929,2025-05-08,06:12:49,SKU-04289,2,E-01L-019-3-A,PKR-011,MULTI,FedEx Ground,STANDARD_OVERNIGHT
ORD-1118554,2025-05-09,20:01:42,SKU-02248,2,D-01R-011-5-B,PKR-018,MULTI,FedEx Ground,GROUND
ORD-1117924,2025-05-09,18:54:35,SKU-01331,1,A-03R-003-4-B,PKR-024,MULTI,UPS Ground,GROUND
ORD-1119909,2025-05-09,07:48:38,SKU-02681,1,A-01R-018-4-B,PKR-003,MULTI,UPS Ground,STANDARD_OVERNIGHT
ORD-1113368,2025-05-09,14:57:33,SKU-02959,1,E-01L-002-2-B,PKR-006,MULTI,FedEx Ground,GROUND
ORD-1118857,2025-05-09,06:10:03,SKU-02907,2,B-01L-012-2-A,PKR-004,MULTI,FedEx Ground,GROUND
ORD-1113579,2025-05-09,10:14:05,SKU-03884,2,D-02R-005-5-B,PKR-022,MULTI,FedEx Ground,GROUND
ORD-1116805,2025-05-09,18:28:57,SKU-04041,2,A-02R-002-2-B,PKR-030,MULTI,UPS 2nd Day Air,GROUND
ORD-1115376,2025-05-09,21:06:52,SKU-03457,2,D-02L-003-5-A,PKR-010,MULTI,FedEx Ground,GROUND
ORD-1117406,2025-05-09,08:20:11,SKU-01692,2,D-03R-001-3-A,PKR-023,MULTI,FedEx Ground,GROUND
ORD-1119912,2025-05-09,06:15:01,SKU-04911,2,B-02L-008-2-B,PKR-001,MULTI,UPS Ground,GROUND
ORD-1118594,2025-05-09,14:15:30,SKU-02366,2,A-01R-020-4-A,PKR-019,SINGLE,UPS 2nd Day Air,GROUND
ORD-1119606,2025-05-09,21:44:43,SKU-04328,1,A-02L-021-1-B,PKR-029,MULTI,USPS Priority Mail,PRIORITY_2D
ORD-1112270,2025-05-09,08:45:35,SKU-04703,2,D-02R-016-5-B,PKR-022,MULTI,FedEx Ground,PRIORITY_2D
ORD-1115493,2025-05-09,07:10:33,SKU-04782,1,C-01L-004-3-A,PKR-005,MULTI,FedEx 2Day,PRIORITY_2D
ORD-1114107,2025-05-09,12:12:04,SKU-00030,1,C-04R-012-3-B,PKR-020,MULTI,UPS Ground,GROUND
ORD-1119765,2025-05-09,12:30:29,SKU-02140,1,B-01R-020-2-B,PKR-027,MULTI,USPS Priority Mail,GROUND
ORD-1112218,2025-05-09,08:50:31,SKU-04041,1,A-02R-002-2-B,PKR-004,MULTI,UPS Ground,STANDARD_OVERNIGHT
ORD-1117113,2025-05-09,10:35:35,SKU-01490,2,B-04R-009-1-A,PKR-009,MULTI,USPS Priority Mail,GROUND
ORD-1118832,2025-05-09,07:29:18,SKU-04608,1,A-02L-025-1-B,PKR-016,MULTI,UPS Ground,GROUND
ORD-1113961,2025-05-09,12:15:36,SKU-02366,2,A-01R-020-4-A,PKR-009,MULTI,USPS Priority Mail,GROUND
ORD-1116058,2025-05-09,15:14:05,SKU-02893,2,B-01L-026-2-B,PKR-031,MULTI,FedEx Ground,GROUND
ORD-1115475,2025-05-09,12:32:55,SKU-04700,1,D-01L-016-5-B,PKR-025,MULTI,UPS Ground,GROUND
ORD-1113466,2025-05-09,13:55:45,SKU-04328,1,A-02L-021-1-B,PKR-009,MULTI,USPS Priority Mail,GROUND
ORD-1113538,2025-05-09,17:12:47,SKU-04041,1,A-02R-002-2-B,PKR-029,MULTI,FedEx Ground,GROUND
ORD-1115671,2025-05-09,20:40:28,SKU-01068,2,B-03L-012-3-B,PKR-003,MULTI,FedEx Ground,GROUND
ORD-1115868,2025-05-09,14:50:57,SKU-00872,2,A-04L-005-1-A,PKR-017,MULTI,FedEx Ground,GROUND
ORD-1115636,2025-05-09,12:15:32,SKU-00137,1,B-03R-003-1-B,PKR-013,MULTI,USPS Priority Mail,GROUND
ORD-1113802,2025-05-09,18:46:14,SKU-01124,1,B-03R-007-4-A,PKR-015,MULTI,FedEx Ground,GROUND
ORD-1118521,2025-05-09,16:32:30,SKU-01025,2,E-04R-003-1-A,PKR-002,SINGLE,FedEx 2Day,PRIORITY_2D
ORD-1113875,2025-05-09,12:32:11,SKU-02474,1,A-02R-022-2-A,PKR-010,MULTI,FedEx Ground,PRIORITY_2D
ORD-1112646,2025-05-09,06:34:18,SKU-04457,1,A-01L-020-2-B,PKR-004,MULTI,USPS Priority Mail,GROUND
ORD-1115554,2025-05-09,07:20:16,SKU-03496,1,B-01R-016-5-B,PKR-003,MULTI,FedEx Ground,GROUND
ORD-1118939,2025-05-09,12:51:26,SKU-01170,2,A-03L-002-3-B,PKR-025,SINGLE,UPS Ground,GROUND
ORD-1112465,2025-05-09,07:27:25,SKU-02737,2,D-01L-021-5-A,PKR-021,MULTI,FedEx 2Day,GROUND
ORD-1112800,2025-05-09,19:33:53,SKU-04878,1,B-01R-016-3-B,PKR-017,MULTI,FedEx 2Day,GROUND
ORD-1116488,2025-05-09,20:17:12,SKU-00441,2,E-03L-003-3-A,PKR-018,MULTI,UPS 2nd Day Air,GROUND
ORD-1116170,2025-05-09,20:46:00,SKU-04041,2,A-02R-002-2-B,PKR-031,MULTI,UPS Ground,GROUND
ORD-1118155,2025-05-09,09:10:00,SKU-02908,2,B-02L-005-3-A,PKR-011,MULTI,UPS Ground,GROUND
ORD-1112676,2025-05-09,17:03:22,SKU-03881,2,B-02R-002-4-A,PKR-002,MULTI,FedEx Ground,PRIORITY_2D
ORD-1115292,2025-05-09,07:45:17,SKU-02283,2,D-02R-012-1-B,PKR-027,MULTI,UPS Ground,GROUND
ORD-1114088,2025-05-09,13:07:13,SKU-00239,1,A-04L-019-1-B,PKR-008,MULTI,FedEx Ground,GROUND
ORD-1112477,2025-05-09,21:39:49,SKU-04328,2,A-02L-021-1-B,PKR-013,SINGLE,USPS Priority Mail,GROUND
ORD-1112149,2025-05-09,15:03:35,SKU-03727,2,B-02R-023-4-A,PKR-031,MULTI,FedEx Ground,GROUND
ORD-1112908,2025-05-09,10:50:51,SKU-02098,2,D-02L-024-2-B,PKR-026,MULTI,USPS Priority Mail,GROUND
ORD-1113093,2025-05-09,07:19:07,SKU-04775,1,A-02R-001-5-B,PKR-025,SINGLE,UPS 2nd Day Air,GROUND
ORD-1114220,2025-05-09,09:03:33,SKU-00324,2,C-03L-004-3-B,PKR-021,MULTI,FedEx Ground,GROUND
ORD-1114327,2025-05-09,20:27:13,SKU-03149,2,A-01R-009-5-A,PKR-028,MULTI,FedEx 2Day,GROUND
ORD-1118234,2025-05-09,09:42:07,SKU-00851,2,D-04L-015-1-B,PKR-007,MULTI,UPS Ground,GROUND
ORD-1119802,2025-05-09,16:35:37,SKU-01559,2,A-03L-003-4-B,PKR-024,MULTI,FedEx Ground,GROUND
ORD-1119835,2025-05-09,17:50:24,SKU-00392,2,B-03L-019-1-B,PKR-013,MULTI,UPS Ground,GROUND
ORD-1116030,2025-05-09,21:00:53,SKU-04041,2,A-02R-002-2-B,PKR-017,MULTI,FedEx Ground,STANDARD_OVERNIGHT
ORD-1116116,2025-05-09,12:54:35,SKU-03077,1,B-02L-012-4-B,PKR-011,MULTI,FedEx Ground,GROUND
ORD-1115307,2025-05-09,11:00:15,SKU-04041,2,A-02R-002-2-B,PKR-031,MULTI,FedEx Ground,GROUND
ORD-1118483,2025-05-09,14:23:14,SKU-04608,2,A-02L-025-1-B,PKR-013,MULTI,USPS Priority Mail,GROUND
ORD-1116299,2025-05-09,11:23:59,SKU-03209,2,A-02R-022-2-B,PKR-020,MULTI,UPS Ground,GROUND
ORD-1117001,2025-05-09,08:09:11,SKU-04782,1,C-01L-004-3-A,PKR-022,MULTI,FedEx Ground,GROUND
ORD-1116156,2025-05-09,11:36:04,SKU-04328,2,A-02L-021-1-B,PKR-016,MULTI,FedEx 2Day,PRIORITY_2D
ORD-1114370,2025-05-09,20:41:29,SKU-00494,1,D-04L-007-1-A,PKR-008,SINGLE,UPS Ground,GROUND
ORD-1112742,2025-05-09,12:41:32,SKU-00145,1,D-03R-005-2-A,PKR-023,MULTI,FedEx Ground,GROUND
ORD-1113212,2025-05-09,18:55:25,SKU-01204,2,A-03R-016-1-B,PKR-025,MULTI,FedEx Ground,GROUND
ORD-1113355,2025-05-09,19:07:02,SKU-00673,2,C-03L-015-4-A,PKR-003,MULTI,FedEx Ground,GROUND
ORD-1117014,2025-05-09,06:33:55,SKU-02772,1,A-02R-012-5-A,PKR-025,MULTI,UPS Ground,GROUND
ORD-1118392,2025-05-09,06:36:50,SKU-00506,2,B-03R-016-3-B,PKR-017,MULTI,UPS Ground,GROUND
ORD-1117512,2025-05-09,10:25:05,SKU-00028,2,B-04L-012-1-A,PKR-029,MULTI,FedEx 2Day,GROUND
ORD-1113439,2025-05-09,16:59:30,SKU-04328,2,A-02L-021-1-B,PKR-029,MULTI,FedEx Ground,GROUND
ORD-1115494,2025-05-09,12:47:52,SKU-02827,2,D-01L-004-5-A,PKR-010,MULTI,UPS 2nd Day Air,GROUND
ORD-1117663,2025-05-09,09:53:23,SKU-04457,1,A-01L-020-2-B,PKR-001,MULTI,FedEx Ground,GROUND
ORD-1114689,2025-05-09,11:15:55,SKU-04457,2,A-01L-020-2-B,PKR-002,MULTI,FedEx Ground,PRIORITY_2D
ORD-1115223,2025-05-09,11:32:23,SKU-04328,2,A-02L-021-1-B,PKR-007,MULTI,FedEx Ground,GROUND
ORD-1119542,2025-05-09,06:04:22,SKU-03049,1,C-02L-003-4-A,PKR-010,MULTI,USPS Priority Mail,GROUND
ORD-1119084,2025-05-09,20:22:04,SKU-00374,1,B-03R-007-3-B,PKR-009,MULTI,UPS Ground,PRIORITY_2D
ORD-1119952,2025-05-09,14:10:46,SKU-02681,2,A-01R-018-4-B,PKR-010,MULTI,UPS 2nd Day Air,STANDARD_OVERNIGHT
ORD-1118660,2025-05-09,15:36:37,SKU-02038,2,A-01L-024-2-A,PKR-025,MULTI,USPS Priority Mail,GROUND
ORD-1116807,2025-05-09,21:39:31,SKU-01490,2,B-04R-009-1-A,PKR-019,MULTI,UPS Ground,GROUND
ORD-1112673,2025-05-09,13:02:20,SKU-00772,1,E-04L-019-4-B,PKR-022,MULTI,FedEx Ground,GROUND
ORD-1113335,2025-05-09,18:10:05,SKU-03093,1,A-01R-026-5-A,PKR-005,MULTI,UPS 2nd Day Air,GROUND
ORD-1117860,2025-05-09,21:38:57,SKU-04538,1,A-01R-001-1-B,PKR-008,MULTI,USPS Priority Mail,GROUND
ORD-1113488,2025-05-09,06:31:37,SKU-00334,2,D-04R-020-4-A,PKR-011,MULTI,USPS Priority Mail,GROUND
ORD-1117120,2025-05-09,16:36:46,SKU-01121,1,B-04R-017-4-A,PKR-017,MULTI,FedEx 2Day,GROUND
ORD-1119857,2025-05-09,13:02:39,SKU-03378,2,A-01L-004-4-B,PKR-001,MULTI,USPS Priority Mail,GROUND
ORD-1114782,2025-05-09,17:41:07,SKU-02104,2,B-01R-002-1-A,PKR-025,MULTI,USPS Priority Mail,GROUND
ORD-1117074,2025-05-09,14:10:39,SKU-02125,2,A-01R-020-2-B,PKR-015,MULTI,FedEx Ground,GROUND
ORD-1118209,2025-05-09,12:37:51,SKU-01204,2,A-03R-016-1-B,PKR-018,MULTI,FedEx Ground,GROUND
ORD-1115624,2025-05-09,12:16:48,SKU-04702,1,C-01R-003-4-A,PKR-012,MULTI,FedEx Ground,GROUND
ORD-1117787,2025-05-09,19:27:49,SKU-02252,2,B-02R-025-2-A,PKR-027,MULTI,USPS Priority Mail,GROUND
ORD-1112968,2025-05-09,18:39:27,SKU-03378,2,A-01L-004-4-B,PKR-007,MULTI,FedEx Ground,GROUND
ORD-1119831,2025-05-09,07:13:07,SKU-00367,2,A-04L-014-1-B,PKR-020,MULTI,FedEx Ground,GROUND
ORD-1117536,2025-05-09,10:06:11,SKU-00865,1,E-04R-019-2-B,PKR-023,MULTI,UPS Ground,GROUND
ORD-1115678,2025-05-09,11:03:16,SKU-02366,2,A-01R-020-4-A,PKR-020,MULTI,UPS Ground,GROUND
ORD-1119320,2025-05-09,07:41:52,SKU-04793,2,A-01L-020-4-A,PKR-008,MULTI,UPS Ground,GROUND
ORD-1113340,2025-05-09,07:41:36,SKU-01562,2,B-04L-001-3-B,PKR-001,MULTI,USPS Priority Mail,GROUND
ORD-1119109,2025-05-09,09:24:47,SKU-02471,2,E-02L-014-1-B,PKR-010,MULTI,FedEx Ground,GROUND
ORD-1116787,2025-05-09,10:35:51,SKU-03727,2,B-02R-023-4-A,PKR-020,MULTI,FedEx Ground,GROUND
ORD-1112562,2025-05-09,15:09:55,SKU-02893,1,B-01L-026-2-B,PKR-003,MULTI,FedEx 2Day,GROUND
ORD-1115281,2025-05-09,06:39:31,SKU-00902,2,D-03L-006-4-A,PKR-012,MULTI,FedEx Ground,GROUND
ORD-1118298,2025-05-09,06:33:30,SKU-02366,1,A-01R-020-4-A,PKR-011,MULTI,USPS Priority Mail,GROUND
ORD-1115407,2025-05-09,17:29:48,SKU-01178,2,B-04L-001-3-A,PKR-024,SINGLE,USPS Priority Mail,PRIORITY_2D
ORD-1113793,2025-05-09,10:19:48,SKU-02045,2,B-01R-025-3-A,PKR-005,MULTI,FedEx Ground,GROUND
ORD-1114890,2025-05-09,09:23:55,SKU-02585,2,A-01R-012-4-A,PKR-017,MULTI,FedEx Ground,GROUND
ORD-1115573,2025-05-09,06:32:02,SKU-04538,2,A-01R-001-1-B,PKR-004,MULTI,UPS Ground,GROUND
ORD-1115003,2025-05-09,11:34:53,SKU-04328,1,A-02L-021-1-B,PKR-022,SINGLE,FedEx Ground,PRIORITY_2D
ORD-1119512,2025-05-09,11:31:13,SKU-04682,1,C-01R-009-5-B,PKR-032,MULTI,FedEx 2Day,GROUND
ORD-1118346,2025-05-09,07:04:34,SKU-01204,2,A-03R-016-1-B,PKR-028,MULTI,USPS Priority Mail,PRIORITY_2D
ORD-1119858,2025-05-09,21:02:56,SKU-00967,1,C-04R-015-3-A,PKR-018,MULTI,FedEx Ground,GROUND
ORD-1119308,2025-05-09,14:49:08,SKU-02913,2,B-01L-015-2-B,PKR-030,MULTI,FedEx Ground,STANDARD_OVERNIGHT
ORD-1115106,2025-05-09,20:52:29,SKU-04328,2,A-02L-021-1-B,PKR-018,SINGLE,FedEx Ground,PRIORITY_2D
ORD-1113235,2025-05-09,12:52:06,SKU-01179,2,B-04R-007-2-A,PKR-010,MULTI,UPS Ground,GROUND
ORD-1116322,2025-05-09,17:22:35,SKU-04328,1,A-02L-021-1-B,PKR-003,MULTI,UPS Ground,GROUND
ORD-1115638,2025-05-09,17:17:11,SKU-02185,1,C-01R-009-4-B,PKR-030,MULTI,UPS Ground,GROUND
ORD-1112975,2025-05-09,06:52:38,SKU-02044,2,A-01R-023-5-B,PKR-002,MULTI,FedEx Ground,GROUND
ORD-1119474,2025-05-09,21:29:55,SKU-04041,2,A-02R-002-2-B,PKR-005,MULTI,FedEx 2Day,PRIORITY_2D
ORD-1115582,2025-05-09,14:12:09,SKU-02564,2,C-01L-011-5-B,PKR-022,MULTI,FedEx Ground,GROUND
ORD-1119694,2025-05-09,12:14:37,SKU-04833,1,B-01R-011-4-A,PKR-016,SINGLE,USPS Priority Mail,PRIORITY_2D
ORD-1115948,2025-05-09,06:05:18,SKU-01918,2,B-04R-013-2-A,PKR-005,MULTI,UPS Ground,GROUND
ORD-1116890,2025-05-09,08:01:26,SKU-03727,2,B-02R-023-4-A,PKR-015,MULTI,FedEx Ground,GROUND
ORD-1112749,2025-05-09,11:02:06,SKU-04775,2,A-02R-001-5-B,PKR-015,MULTI,FedEx 2Day,PRIORITY_2D
ORD-1115112,2025-05-09,08:10:46,SKU-02232,2,C-01L-002-5-A,PKR-029,MULTI,FedEx Ground,GROUND
ORD-1115172,2025-05-09,17:10:07,SKU-04185,2,A-01L-023-1-B,PKR-001,MULTI,FedEx Ground,GROUND
ORD-1116227,2025-05-09,13:12:15,SKU-03470,2,C-02L-024-4-A,PKR-008,MULTI,UPS 2nd Day Air,GROUND
ORD-1114447,2025-05-09,20:18:10,SKU-04809,2,A-01R-016-2-B,PKR-022,MULTI,USPS Priority Mail,GROUND
ORD-1115320,2025-05-09,11:31:12,SKU-02105,2,A-01R-009-2-A,PKR-009,MULTI,USPS Priority Mail,GROUND
ORD-1112656,2025-05-09,11:18:03,SKU-02585,2,A-01R-012-4-A,PKR-030,MULTI,FedEx 2Day,GROUND
ORD-1115251,2025-05-09,17:49:09,SKU-02125,1,A-01R-020-2-B,PKR-006,MULTI,FedEx Ground,GROUND
ORD-1115107,2025-05-09,08:25:07,SKU-02258,2,A-01L-007-2-B,PKR-004,MULTI,FedEx Ground,GROUND
ORD-1116897,2025-05-09,12:18:08,SKU-04056,2,B-02R-023-3-A,PKR-018,MULTI,UPS Ground,GROUND
ORD-1114823,2025-05-09,12:53:36,SKU-01873,2,B-03R-018-4-A,PKR-028,MULTI,FedEx 2Day,GROUND
ORD-1114977,2025-05-09,20:22:47,SKU-03071,2,A-01L-019-3-B,PKR-014,MULTI,UPS Ground,GROUND
ORD-1115776,2025-05-09,08:18:24,SKU-03369,2,D-02L-005-5-B,PKR-013,MULTI,FedEx 2Day,GROUND
ORD-1113681,2025-05-09,18:45:48,SKU-04881,1,C-01L-019-5-B,PKR-009,MULTI,FedEx 2Day,GROUND
ORD-1115307,2025-05-09,11:00:15,SKU-04670,2,C-02R-018-2-B,PKR-031,MULTI,FedEx Ground,GROUND
ORD-1113953,2025-05-09,11:23:34,SKU-02366,2,A-01R-020-4-A,PKR-012,MULTI,FedEx Ground,GROUND
ORD-1116317,2025-05-09,18:44:16,SKU-02474,1,A-02R-022-2-A,PKR-008,MULTI,FedEx Ground,PRIORITY_2D
ORD-1114665,2025-05-09,13:10:00,SKU-02104,2,B-01R-002-1-A,PKR-001,MULTI,UPS Ground,GROUND
ORD-1113887,2025-05-09,08:25:50,SKU-02218,1,C-02R-003-1-B,PKR-022,MULTI,UPS Ground,GROUND
ORD-1117754,2025-05-09,19:30:05,SKU-03718,2,D-02L-018-4-B,PKR-014,MULTI,USPS Priority Mail,PRIORITY_2D
ORD-1119431,2025-05-09,16:07:05,SKU-01428,1,A-03L-006-4-A,PKR-018,MULTI,USPS Priority Mail,GROUND
ORD-1117551,2025-05-09,14:25:10,SKU-02366,1,A-01R-020-4-A,PKR-029,MULTI,UPS Ground,GROUND
ORD-1119214,2025-05-09,19:52:31,SKU-02908,2,B-02L-005-3-A,PKR-019,MULTI,UPS 2nd Day Air,GROUND
ORD-1114264,2025-05-09,21:45:40,SKU-02125,2,A-01R-020-2-B,PKR-007,MULTI,FedEx Ground,GROUND
ORD-1116912,2025-05-09,18:54:56,SKU-01508,2,B-04L-019-1-A,PKR-017,MULTI,FedEx Ground,GROUND
ORD-1115276,2025-05-09,13:50:20,SKU-02185,1,C-01R-009-4-B,PKR-001,MULTI,FedEx Ground,GROUND
ORD-1119554,2025-05-09,20:21:23,SKU-02034,2,A-02L-014-4-B,PKR-018,MULTI,USPS Priority Mail,GROUND
ORD-1113328,2025-05-09,20:19:55,SKU-02681,2,A-01R-018-4-B,PKR-027,MULTI,USPS Priority Mail,GROUND
ORD-1116585,2025-05-09,06:14:51,SKU-02073,2,B-02L-002-5-A,PKR-018,MULTI,UPS Ground,GROUND
ORD-1112136,2025-05-09,19:38:38,SKU-02903,1,B-01R-020-5-B,PKR-002,MULTI,FedEx 2Day,GROUND
ORD-1116933,2025-05-09,16:29:38,SKU-00872,2,A-04L-005-1-A,PKR-025,MULTI,FedEx Ground,GROUND
ORD-1118678,2025-05-09,20:46:25,SKU-01019,1,B-03R-014-1-A,PKR-015,MULTI,UPS Ground,GROUND
ORD-1116757,2025-05-09,20:08:35,SKU-04041,1,A-02R-002-2-B,PKR-031,MULTI,UPS Ground,GROUND
ORD-1114869,2025-05-09,16:42:35,SKU-02908,2,B-02L-005-3-A,PKR-008,MULTI,FedEx Ground,PRIORITY_2D
ORD-1113934,2025-05-09,11:02:12,SKU-04328,2,A-02L-021-1-B,PKR-011,MULTI,FedEx Ground,GROUND
ORD-1116092,2025-05-09,16:59:07,SKU-02366,1,A-01R-020-4-A,PKR-029,MULTI,FedEx Ground,GROUND
ORD-1115108,2025-05-09,12:41:44,SKU-04328,1,A-02L-021-1-B,PKR-016,MULTI,FedEx Ground,STANDARD_OVERNIGHT
ORD-1115311,2025-05-09,11:57:36,SKU-03364,2,C-01R-010-3-A,PKR-020,MULTI,USPS Priority Mail,PRIORITY_2D
ORD-1115753,2025-05-09,09:57:01,SKU-00838,2,A-03L-009-1-B,PKR-026,MULTI,FedEx Ground,GROUND
ORD-1116269,2025-05-09,13:16:06,SKU-01739,1,A-03L-013-1-B,PKR-006,MULTI,USPS Priority Mail,GROUND
ORD-1118362,2025-05-09,20:43:24,SKU-01121,2,B-04R-017-4-A,PKR-003,MULTI,FedEx Ground,GROUND
ORD-1112452,2025-05-09,21:27:09,SKU-02810,2,B-02R-011-2-B,PKR-015,MULTI,USPS Priority Mail,PRIORITY_2D
ORD-1116547,2025-05-09,19:56:02,SKU-02125,2,A-01R-020-2-B,PKR-022,MULTI,FedEx 2Day,GROUND
ORD-1115009,2025-05-09,13:24:17,SKU-04894,2,A-02R-007-5-B,PKR-020,MULTI,UPS Ground,GROUND
ORD-1117563,2025-05-09,19:50:41,SKU-00872,2,A-04L-005-1-A,PKR-003,MULTI,FedEx Ground,GROUND
ORD-1116133,2025-05-09,07:01:22,SKU-02389,1,D-02L-010-3-A,PKR-029,MULTI,FedEx Ground,GROUND
ORD-1113572,2025-05-09,14:42:36,SKU-02816,2,A-02R-004-2-A,PKR-011,MULTI,FedEx 2Day,GROUND
ORD-1116806,2025-05-09,19:07:29,SKU-04435,2,A-02R-016-4-A,PKR-002,MULTI,USPS Priority Mail,GROUND
ORD-1115293,2025-05-09,21:15:33,SKU-01204,2,A-03R-016-1-B,PKR-016,MULTI,UPS Ground,PRIORITY_2D
ORD-1118033,2025-05-09,16:25:42,SKU-04081,2,B-01L-016-5-A,PKR-009,MULTI,USPS Priority Mail,GROUND
ORD-1113060,2025-05-09,19:14:38,SKU-01937,2,A-03L-004-3-B,PKR-029,MULTI,USPS Priority Mail,GROUND
ORD-1114134,2025-05-09,10:52:58,SKU-01121,2,B-04R-017-4-A,PKR-006,MULTI,FedEx 2Day,STANDARD_OVERNIGHT
ORD-1112652,2025-05-09,10:44:15,SKU-00771,1,A-03R-005-2-A,PKR-029,MULTI,FedEx 2Day,GROUND
ORD-1112493,2025-05-09,21:46:47,SKU-02908,2,B-02L-005-3-A,PKR-012,MULTI,FedEx 2Day,PRIORITY_2D
ORD-1118097,2025-05-09,11:25:23,SKU-03727,2,B-02R-023-4-A,PKR-003,MULTI,FedEx Ground,GROUND
ORD-1112233,2025-05-09,09:16:10,SKU-02104,2,B-01R-002-1-A,PKR-018,MULTI,FedEx Ground,GROUND
ORD-1116630,2025-05-09,10:11:35,SKU-02034,1,A-02L-014-4-B,PKR-017,MULTI,FedEx Ground,GROUND
ORD-1118088,2025-05-09,09:55:41,SKU-04041,2,A-02R-002-2-B,PKR-019,MULTI,FedEx Ground,GROUND
ORD-1113520,2025-05-09,11:06:05,SKU-04304,1,A-02R-022-3-B,PKR-010,MULTI,UPS Ground,GROUND
ORD-1119742,2025-05-09,21:41:35,SKU-02908,2,B-02L-005-3-A,PKR-020,MULTI,USPS Priority Mail,GROUND
ORD-1119033,2025-05-09,10:36:20,SKU-03727,2,B-02R-023-4-A,PKR-013,MULTI,FedEx Ground,PRIORITY_2D
ORD-1115039,2025-05-09,18:21:26,SKU-04328,2,A-02L-021-1-B,PKR-017,MULTI,FedEx Ground,GROUND
ORD-1115610,2025-05-09,19:27:46,SKU-02185,1,C-01R-009-4-B,PKR-014,MULTI,USPS Priority Mail,GROUND
ORD-1119950,2025-05-09,11:21:44,SKU-02104,1,B-01R-002-1-A,PKR-017,MULTI,USPS Priority Mail,GROUND
ORD-1118648,2025-05-09,19:45:39,SKU-03727,2,B-02R-023-4-A,PKR-009,MULTI,FedEx Ground,PRIORITY_2D
ORD-1118390,2025-05-09,10:27:12,SKU-03979,2,B-02R-002-2-A,PKR-002,MULTI,FedEx Ground,PRIORITY_2D
ORD-1113347,2025-05-09,08:53:48,SKU-02585,2,A-01R-012-4-A,PKR-001,SINGLE,UPS Ground,PRIORITY_2D
ORD-1118950,2025-05-09,17:07:59,SKU-02218,2,C-02R-003-1-B,PKR-003,MULTI,UPS 2nd Day Air,GROUND
ORD-1113512,2025-05-09,17:20:41,SKU-00665,2,C-03L-006-2-A,PKR-015,MULTI,FedEx Ground,STANDARD_OVERNIGHT
ORD-1119423,2025-05-09,14:35:56,SKU-03041,2,A-01R-001-1-A,PKR-010,MULTI,USPS Priority Mail,GROUND
ORD-1113855,2025-05-09,12:53:21,SKU-03712,2,B-01L-006-5-B,PKR-001,MULTI,FedEx Ground,GROUND
ORD-1117719,2025-05-09,06:48:32,SKU-02534,1,B-02R-001-4-B,PKR-007,MULTI,UPS Ground,GROUND
ORD-1118599,2025-05-09,06:07:23,SKU-03633,2,E-02R-004-5-A,PKR-016,MULTI,UPS Ground,GROUND
ORD-1123643,2025-05-10,08:03:38,SKU-04928,2,B-01L-013-2-B,PKR-004,MULTI,FedEx Ground,GROUND
ORD-1123708,2025-05-10,21:32:47,SKU-00046,2,B-03L-005-2-A,PKR-013,MULTI,FedEx Ground,GROUND
ORD-1123753,2025-05-10,08:55:20,SKU-02836,2,A-02R-009-1-B,PKR-002,MULTI,UPS 2nd Day Air,GROUND
ORD-1123092,2025-05-10,07:04:27,SKU-02050,2,C-02L-007-1-A,PKR-031,MULTI,USPS Priority Mail,GROUND
ORD-1123232,2025-05-10,06:32:38,SKU-02169,2,B-02L-026-3-A,PKR-007,MULTI,FedEx Ground,GROUND
ORD-1120176,2025-05-10,14:32:57,SKU-01397,1,C-03L-015-3-A,PKR-010,MULTI,FedEx Ground,GROUND
ORD-1123148,2025-05-10,19:40:39,SKU-02789,2,A-01L-003-2-A,PKR-009,SINGLE,FedEx Ground,GROUND
ORD-1121334,2025-05-10,16:18:53,SKU-04041,2,A-02R-002-2-B,PKR-016,MULTI,USPS Priority Mail,GROUND
ORD-1122346,2025-05-10,15:16:48,SKU-00872,2,A-04L-005-1-A,PKR-027,MULTI,FedEx Ground,PRIORITY_2D
ORD-1123592,2025-05-10,18:50:33,SKU-02775,1,C-01R-023-3-A,PKR-007,MULTI,USPS Priority Mail,PRIORITY_2D
ORD-1120408,2025-05-10,08:27:59,SKU-02175,2,C-01R-006-1-B,PKR-012,MULTI,FedEx Ground,GROUND
ORD-1121768,2025-05-10,16:44:57,SKU-00910,1,B-04R-014-3-A,PKR-003,MULTI,FedEx Ground,GROUND
ORD-1120394,2025-05-10,21:17:34,SKU-04041,2,A-02R-002-2-B,PKR-009,MULTI,FedEx 2Day,PRIORITY_2D
ORD-1120793,2025-05-10,09:25:41,SKU-02572,2,C-02L-025-2-A,PKR-011,MULTI,USPS Priority Mail,GROUND
ORD-1121692,2025-05-10,14:27:27,SKU-00345,2,C-03R-006-3-B,PKR-018,MULTI,FedEx Ground,GROUND
ORD-1121460,2025-05-10,17:23:58,SKU-00448,2,C-03L-009-1-B,PKR-026,MULTI,USPS Priority Mail,GROUND
ORD-1122544,2025-05-10,18:53:25,SKU-03644,2,B-02R-015-5-A,PKR-008,MULTI,FedEx Ground,PRIORITY_2D
ORD-1120024,2025-05-10,20:42:28,SKU-02488,2,C-01L-022-4-A,PKR-005,MULTI,UPS Ground,GROUND
ORD-1122694,2025-05-10,13:24:14,SKU-01229,2,A-03R-008-1-B,PKR-005,MULTI,UPS Ground,GROUND
ORD-1122469,2025-05-10,13:21:44,SKU-01121,1,B-04R-017-4-A,PKR-007,MULTI,FedEx 2Day,GROUND
ORD-1123243,2025-05-10,07:49:14,SKU-04326,2,E-02R-003-2-B,PKR-032,MULTI,FedEx Ground,PRIORITY_2D
ORD-1120992,2025-05-10,11:12:10,SKU-02828,2,A-02L-007-2-A,PKR-024,MULTI,FedEx Ground,GROUND
ORD-1123231,2025-05-10,15:15:10,SKU-02908,1,B-02L-005-3-A,PKR-010,MULTI,FedEx Ground,PRIORITY_2D
ORD-1121934,2025-05-10,21:29:10,SKU-04775,2,A-02R-001-5-B,PKR-031,MULTI,USPS Priority Mail,GROUND
ORD-1120171,2025-05-10,11:52:11,SKU-02609,2,C-01R-013-1-B,PKR-009,MULTI,FedEx Ground,GROUND
ORD-1121209,2025-05-10,07:11:54,SKU-03881,2,B-02R-002-4-A,PKR-020,MULTI,FedEx Ground,GROUND
ORD-1120414,2025-05-10,09:36:06,SKU-02591,1,E-02L-012-1-B,PKR-013,MULTI,FedEx Ground,GROUND
ORD-1123512,2025-05-10,11:56:56,SKU-01565,2,B-04R-003-1-A,PKR-021,MULTI,USPS Priority Mail,GROUND
ORD-1121145,2025-05-10,21:49:29,SKU-02681,2,A-01R-018-4-B,PKR-015,MULTI,USPS Priority Mail,GROUND
ORD-1122775,2025-05-10,10:04:16,SKU-03055,1,C-01R-013-5-A,PKR-027,MULTI,USPS Priority Mail,PRIORITY_2D
ORD-1120519,2025-05-10,13:14:20,SKU-03590,2,A-02L-001-4-A,PKR-009,MULTI,FedEx 2Day,GROUND
ORD-1120877,2025-05-10,08:41:54,SKU-00376,2,B-04L-004-2-B,PKR-018,MULTI,USPS Priority Mail,GROUND
ORD-1123762,2025-05-10,06:02:52,SKU-03568,1,A-02R-024-1-B,PKR-030,MULTI,FedEx Ground,GROUND
ORD-1123070,2025-05-10,14:00:32,SKU-02685,2,A-02R-005-2-A,PKR-015,MULTI,USPS Priority Mail,PRIORITY_2D
ORD-1121199,2025-05-10,20:25:56,SKU-00055,2,D-04L-018-4-B,PKR-006,MULTI,UPS Ground,PRIORITY_2D
ORD-1122191,2025-05-10,17:42:13,SKU-04959,2,B-01L-008-1-B,PKR-001,MULTI,FedEx Ground,STANDARD_OVERNIGHT
ORD-1123342,2025-05-10,06:41:09,SKU-00838,2,A-03L-009-1-B,PKR-018,MULTI,FedEx Ground,GROUND
ORD-1121271,2025-05-10,11:17:35,SKU-04813,2,C-02L-008-2-B,PKR-026,MULTI,USPS Priority Mail,GROUND
ORD-1120829,2025-05-10,18:44:20,SKU-02185,2,C-01R-009-4-B,PKR-011,MULTI,UPS Ground,GROUND
ORD-1121956,2025-05-10,07:16:25,SKU-00872,2,A-04L-005-1-A,PKR-003,MULTI,UPS Ground,GROUND
ORD-1121954,2025-05-10,15:26:19,SKU-01170,2,A-03L-002-3-B,PKR-028,MULTI,USPS Priority Mail,PRIORITY_2D
ORD-1121912,2025-05-10,09:44:04,SKU-03756,1,A-01L-005-3-A,PKR-020,MULTI,UPS 2nd Day Air,GROUND
ORD-1120716,2025-05-10,18:49:16,SKU-00872,1,A-04L-005-1-A,PKR-012,MULTI,USPS Priority Mail,GROUND
ORD-1122009,2025-05-10,17:45:28,SKU-02939,2,A-02R-016-5-A,PKR-008,MULTI,FedEx Ground,GROUND
ORD-1120646,2025-05-10,15:35:21,SKU-01106,2,C-04L-008-2-A,PKR-012,MULTI,UPS Ground,GROUND
ORD-1122548,2025-05-10,21:40:09,SKU-02701,2,D-01R-005-2-A,PKR-011,MULTI,FedEx Ground,GROUND
ORD-1123080,2025-05-10,12:20:08,SKU-02677,2,B-01R-002-4-A,PKR-016,MULTI,FedEx Ground,GROUND
ORD-1120950,2025-05-10,12:21:31,SKU-04328,1,A-02L-021-1-B,PKR-026,MULTI,USPS Priority Mail,PRIORITY_2D
ORD-1121547,2025-05-10,14:07:10,SKU-01857,2,A-04R-005-1-A,PKR-028,MULTI,FedEx Ground,PRIORITY_2D
ORD-1121019,2025-05-10,19:17:15,SKU-03823,2,C-02R-020-1-B,PKR-009,MULTI,UPS Ground,GROUND
ORD-1120122,2025-05-10,14:45:16,SKU-01423,2,A-04R-019-2-A,PKR-012,MULTI,UPS 2nd Day Air,GROUND
ORD-1123469,2025-05-10,21:54:06,SKU-00866,1,C-03R-004-4-A,PKR-009,SINGLE,FedEx Ground,GROUND
ORD-1120221,2025-05-10,07:14:22,SKU-03774,2,B-02L-023-2-A,PKR-022,MULTI,UPS Ground,GROUND
ORD-1121548,2025-05-10,21:04:07,SKU-01040,1,B-04R-019-4-A,PKR-006,MULTI,FedEx 2Day,GROUND
ORD-1123721,2025-05-10,08:52:21,SKU-01170,2,A-03L-002-3-B,PKR-009,MULTI,USPS Priority Mail,GROUND
ORD-1122624,2025-05-10,17:21:46,SKU-02104,2,B-01R-002-1-A,PKR-010,SINGLE,FedEx Ground,GROUND
ORD-1120960,2025-05-10,07:43:40,SKU-02272,2,A-02R-002-5-A,PKR-004,MULTI,UPS 2nd Day Air,GROUND
ORD-1120938,2025-05-10,07:04:04,SKU-04041,1,A-02R-002-2-B,PKR-009,MULTI,USPS Priority Mail,STANDARD_OVERNIGHT
ORD-1121629,2025-05-10,09:52:31,SKU-04865,2,A-01R-011-4-B,PKR-021,SINGLE,FedEx Ground,GROUND
ORD-1120824,2025-05-10,06:45:23,SKU-02676,2,B-02R-014-4-B,PKR-030,MULTI,USPS Priority Mail,GROUND
ORD-1121374,2025-05-10,16:25:44,SKU-00529,2,C-04R-009-4-A,PKR-010,MULTI,FedEx Ground,GROUND
ORD-1123472,2025-05-10,14:39:04,SKU-02104,2,B-01R-002-1-A,PKR-003,MULTI,UPS Ground,GROUND
ORD-1123313,2025-05-10,12:13:31,SKU-04004,2,E-02L-009-5-B,PKR-015,MULTI,USPS Priority Mail,GROUND
ORD-1122139,2025-05-10,06:52:46,SKU-00084,2,A-03L-015-3-A,PKR-020,MULTI,UPS Ground,GROUND
ORD-1120875,2025-05-10,12:48:33,SKU-04213,2,D-02R-001-5-A,PKR-011,MULTI,FedEx Ground,GROUND
ORD-1123864,2025-05-10,09:45:00,SKU-02571,2,D-01L-013-3-B,PKR-018,MULTI,UPS Ground,GROUND
ORD-1121106,2025-05-10,19:06:06,SKU-03488,2,B-01R-020-1-A,PKR-006,MULTI,UPS 2nd Day Air,PRIORITY_2D
ORD-1123666,2025-05-10,19:18:16,SKU-02316,2,A-02L-026-1-A,PKR-025,MULTI,UPS Ground,GROUND
ORD-1120830,2025-05-10,16:29:00,SKU-02913,2,B-01L-015-2-B,PKR-001,MULTI,UPS Ground,GROUND
ORD-1121558,2025-05-10,06:07:17,SKU-04328,1,A-02L-021-1-B,PKR-024,MULTI,UPS 2nd Day Air,PRIORITY_2D
ORD-1120129,2025-05-10,13:51:53,SKU-04050,1,C-02L-018-1-A,PKR-019,MULTI,FedEx Ground,GROUND
ORD-1120933,2025-05-10,18:16:29,SKU-02497,2,A-01L-006-1-B,PKR-021,MULTI,FedEx Ground,PRIORITY_2D
ORD-1121771,2025-05-10,14:46:16,SKU-00017,1,B-03R-001-4-B,PKR-016,MULTI,UPS 2nd Day Air,GROUND
ORD-1122159,2025-05-10,10:30:48,SKU-04670,2,C-02R-018-2-B,PKR-026,MULTI,FedEx Ground,STANDARD_OVERNIGHT
ORD-1122931,2025-05-10,11:00:12,SKU-04457,2,A-01L-020-2-B,PKR-003,MULTI,FedEx 2Day,STANDARD_OVERNIGHT
ORD-1122651,2025-05-10,13:10:44,SKU-02104,1,B-01R-002-1-A,PKR-007,MULTI,FedEx Ground,GROUND
ORD-1121863,2025-05-10,15:38:42,SKU-01609,1,A-03R-019-1-A,PKR-009,MULTI,FedEx Ground,GROUND
ORD-1122919,2025-05-10,08:42:09,SKU-04054,2,C-01L-011-1-A,PKR-004,MULTI,USPS Priority Mail,GROUND
ORD-1121928,2025-05-10,17:10:19,SKU-00872,2,A-04L-005-1-A,PKR-006,MULTI,FedEx Ground,GROUND
ORD-1123906,2025-05-10,13:58:57,SKU-02366,2,A-01R-020-4-A,PKR-014,MULTI,UPS Ground,STANDARD_OVERNIGHT
ORD-1122622,2025-05-10,21:00:25,SKU-04959,2,B-01L-008-1-B,PKR-003,MULTI,UPS Ground,GROUND
ORD-1120932,2025-05-10,10:22:13,SKU-02483,1,D-01L-022-4-B,PKR-007,MULTI,FedEx Ground,GROUND
ORD-1123408,2025-05-10,08:30:14,SKU-04041,1,A-02R-002-2-B,PKR-031,MULTI,FedEx 2Day,GROUND
ORD-1120389,2025-05-10,17:42:59,SKU-02509,2,B-01L-020-5-A,PKR-019,MULTI,UPS Ground,GROUND
ORD-1120917,2025-05-10,13:27:13,SKU-02085,1,D-02R-008-1-A,PKR-011,MULTI,USPS Priority Mail,GROUND
ORD-1120734,2025-05-10,21:03:06,SKU-01121,2,B-04R-017-4-A,PKR-006,MULTI,USPS Priority Mail,PRIORITY_2D
ORD-1123850,2025-05-10,10:00:05,SKU-02908,1,B-02L-005-3-A,PKR-009,MULTI,UPS Ground,STANDARD_OVERNIGHT
ORD-1122356,2025-05-10,14:03:39,SKU-01081,2,D-03L-003-1-B,PKR-014,MULTI,FedEx Ground,PRIORITY_2D
ORD-1123028,2025-05-10,15:29:58,SKU-01567,1,B-03L-009-4-B,PKR-017,MULTI,FedEx Ground,GROUND
ORD-1122385,2025-05-10,17:34:44,SKU-01999,2,A-04L-007-3-A,PKR-007,MULTI,USPS Priority Mail,GROUND
ORD-1121887,2025-05-10,08:23:37,SKU-04328,2,A-02L-021-1-B,PKR-025,MULTI,FedEx Ground,PRIORITY_2D
ORD-1120952,2025-05-10,19:42:44,SKU-03478,2,B-02L-006-4-A,PKR-004,MULTI,UPS Ground,PRIORITY_2D
ORD-1123662,2025-05-10,17:37:10,SKU-02609,1,C-01R-013-1-B,PKR-023,MULTI,USPS Priority Mail,GROUND
ORD-1121439,2025-05-10,12:37:04,SKU-03090,2,A-02R-020-4-A,PKR-001,MULTI,FedEx Ground,GROUND
ORD-1131091,2025-05-12,11:06:49,SKU-04328,2,A-02L-021-1-B,PKR-012,MULTI,FedEx Ground,PRIORITY_2D
ORD-1130331,2025-05-12,14:57:59,SKU-00925,1,B-04R-015-2-B,PKR-016,MULTI,UPS Ground,STANDARD_OVERNIGHT
ORD-1127167,2025-05-12,16:34:37,SKU-04670,2,C-02R-018-2-B,PKR-019,MULTI,UPS Ground,STANDARD_OVERNIGHT
ORD-1124861,2025-05-12,16:37:31,SKU-00238,2,C-03L-008-2-A,PKR-022,MULTI,UPS Ground,GROUND
ORD-1127158,2025-05-12,19:23:01,SKU-01877,1,E-03L-020-1-A,PKR-017,MULTI,USPS Priority Mail,GROUND
ORD-1131007,2025-05-12,21:26:51,SKU-01428,1,A-03L-006-4-A,PKR-016,MULTI,FedEx Ground,GROUND
ORD-1129832,2025-05-12,21:31:15,SKU-00031,1,B-04L-006-4-B,PKR-028,MULTI,UPS Ground,GROUND
ORD-1125532,2025-05-12,06:45:49,SKU-04733,1,A-01R-018-1-A,PKR-002,MULTI,FedEx Ground,GROUND
ORD-1129954,2025-05-12,09:16:39,SKU-03727,2,B-02R-023-4-A,PKR-024,MULTI,USPS Priority Mail,GROUND
ORD-1128418,2025-05-12,16:57:10,SKU-04411,1,A-01L-011-5-B,PKR-002,MULTI,FedEx Ground,PRIORITY_2D
ORD-1125631,2025-05-12,10:28:27,SKU-00370,2,A-03R-008-4-B,PKR-005,MULTI,USPS Priority Mail,GROUND
ORD-1125377,2025-05-12,19:24:05,SKU-04328,1,A-02L-021-1-B,PKR-031,MULTI,UPS Ground,GROUND
ORD-1127348,2025-05-12,20:02:46,SKU-02786,2,E-02L-021-1-B,PKR-030,MULTI,USPS Priority Mail,PRIORITY_2D
ORD-1126480,2025-05-12,19:07:48,SKU-03604,1,B-02R-021-3-B,PKR-024,MULTI,UPS Ground,PRIORITY_2D
ORD-1128471,2025-05-12,12:31:42,SKU-00540,2,B-03R-017-1-A,PKR-017,MULTI,FedEx Ground,GROUND
ORD-1130084,2025-05-12,06:08:47,SKU-00872,2,A-04L-005-1-A,PKR-026,MULTI,USPS Priority Mail,GROUND
ORD-1129472,2025-05-12,14:20:32,SKU-01466,1,B-03R-019-4-B,PKR-019,MULTI,FedEx Ground,GROUND
ORD-1129304,2025-05-12,19:03:54,SKU-00447,2,A-04L-008-2-A,PKR-001,MULTI,UPS Ground,GROUND
ORD-1131361,2025-05-12,06:56:21,SKU-04328,2,A-02L-021-1-B,PKR-026,MULTI,FedEx 2Day,GROUND
ORD-1126939,2025-05-12,11:17:27,SKU-03727,1,B-02R-023-4-A,PKR-009,MULTI,FedEx Ground,STANDARD_OVERNIGHT
ORD-1124631,2025-05-12,15:53:21,SKU-02363,2,A-01R-022-2-A,PKR-032,MULTI,USPS Priority Mail,GROUND
ORD-1126591,2025-05-12,09:46:29,SKU-04089,2,D-02L-001-1-B,PKR-021,MULTI,FedEx 2Day,GROUND
ORD-1127102,2025-05-12,18:06:20,SKU-03881,1,B-02R-002-4-A,PKR-009,MULTI,UPS Ground,GROUND
ORD-1125611,2025-05-12,07:46:05,SKU-03209,2,A-02R-022-2-B,PKR-006,MULTI,UPS Ground,GROUND
ORD-1131663,2025-05-12,11:22:53,SKU-04645,2,D-02L-024-2-A,PKR-022,MULTI,UPS Ground,GROUND
ORD-1128439,2025-05-12,08:44:23,SKU-01015,2,A-03R-009-3-A,PKR-030,MULTI,FedEx Ground,GROUND
ORD-1128035,2025-05-12,11:49:47,SKU-04768,2,A-01R-021-2-A,PKR-026,MULTI,FedEx Ground,GROUND
ORD-1127911,2025-05-12,20:53:24,SKU-02859,2,A-01L-018-3-A,PKR-007,MULTI,USPS Priority Mail,GROUND
ORD-1126946,2025-05-12,12:39:25,SKU-04333,1,D-01R-007-5-A,PKR-017,MULTI,UPS Ground,GROUND
ORD-1127445,2025-05-12,21:52:13,SKU-02366,2,A-01R-020-4-A,PKR-008,MULTI,UPS Ground,GROUND
ORD-1128999,2025-05-12,14:20:23,SKU-00925,1,B-04R-015-2-B,PKR-024,MULTI,FedEx Ground,STANDARD_OVERNIGHT
ORD-1130302,2025-05-12,19:59:54,SKU-00010,2,B-04R-004-2-B,PKR-022,MULTI,FedEx Ground,GROUND
ORD-1125903,2025-05-12,09:47:24,SKU-00414,1,B-04R-018-1-A,PKR-003,MULTI,UPS Ground,GROUND
ORD-1130181,2025-05-12,16:21:19,SKU-02871,1,B-02L-022-1-B,PKR-008,MULTI,UPS Ground,GROUND
ORD-1127951,2025-05-12,11:27:19,SKU-02185,1,C-01R-009-4-B,PKR-002,MULTI,USPS Priority Mail,GROUND
ORD-1125076,2025-05-12,15:00:16,SKU-02828,2,A-02L-007-2-A,PKR-015,MULTI,UPS Ground,PRIORITY_2D
ORD-1126233,2025-05-12,14:04:26,SKU-02552,2,B-02R-022-5-B,PKR-002,MULTI,FedEx 2Day,GROUND
ORD-1131449,2025-05-12,15:04:25,SKU-02125,1,A-01R-020-2-B,PKR-005,MULTI,UPS Ground,GROUND
ORD-1131472,2025-05-12,08:40:07,SKU-02828,2,A-02L-007-2-A,PKR-016,MULTI,FedEx Ground,PRIORITY_2D
ORD-1130839,2025-05-12,10:15:20,SKU-02366,1,A-01R-020-4-A,PKR-002,MULTI,USPS Priority Mail,STANDARD_OVERNIGHT
ORD-1130890,2025-05-12,07:57:33,SKU-03496,2,B-01R-016-5-B,PKR-019,MULTI,FedEx Ground,GROUND
ORD-1124640,2025-05-12,19:20:35,SKU-01440,1,A-03L-011-3-B,PKR-007,SINGLE,UPS Ground,GROUND
ORD-1127890,2025-05-12,16:56:19,SKU-01463,2,A-04L-004-3-B,PKR-028,MULTI,UPS 2nd Day Air,GROUND
ORD-1124044,2025-05-12,20:09:20,SKU-02125,2,A-01R-020-2-B,PKR-003,MULTI,FedEx Ground,GROUND
ORD-1131226,2025-05-12,18:55:10,SKU-02535,2,A-01R-022-4-A,PKR-029,MULTI,UPS Ground,PRIORITY_2D
ORD-1125075,2025-05-12,07:55:41,SKU-04140,2,B-02L-005-4-A,PKR-011,SINGLE,FedEx 2Day,GROUND
ORD-1129934,2025-05-12,11:41:57,SKU-02908,2,B-02L-005-3-A,PKR-003,MULTI,USPS Priority Mail,PRIORITY_2D
ORD-1130303,2025-05-12,12:02:57,SKU-04041,1,A-02R-002-2-B,PKR-015,SINGLE,UPS Ground,GROUND
ORD-1125199,2025-05-12,14:25:03,SKU-04328,2,A-02L-021-1-B,PKR-031,MULTI,UPS Ground,GROUND
ORD-1126814,2025-05-12,19:56:04,SKU-02908,2,B-02L-005-3-A,PKR-018,MULTI,USPS Priority Mail,GROUND
ORD-1129049,2025-05-12,08:53:59,SKU-04328,1,A-02L-021-1-B,PKR-021,MULTI,UPS Ground,GROUND
ORD-1125678,2025-05-12,15:28:17,SKU-04838,2,E-01L-012-2-B,PKR-007,MULTI,UPS Ground,GROUND
ORD-1131710,2025-05-12,10:58:02,SKU-00940,1,A-03R-006-3-B,PKR-003,MULTI,FedEx Ground,GROUND
ORD-1125954,2025-05-12,11:43:44,SKU-02585,2,A-01R-012-4-A,PKR-032,MULTI,FedEx Ground,GROUND
ORD-1127293,2025-05-12,11:53:30,SKU-00513,2,B-04R-019-2-A,PKR-031,MULTI,FedEx Ground,GROUND
ORD-1130715,2025-05-12,07:53:21,SKU-01552,2,A-04R-001-1-B,PKR-017,MULTI,UPS 2nd Day Air,GROUND
ORD-1125913,2025-05-12,12:57:09,SKU-03727,1,B-02R-023-4-A,PKR-012,MULTI,FedEx Ground,STANDARD_OVERNIGHT
ORD-1126192,2025-05-12,18:39:36,SKU-04878,1,B-01R-016-3-B,PKR-012,MULTI,FedEx 2Day,STANDARD_OVERNIGHT
ORD-1128970,2025-05-12,08:16:35,SKU-00229,2,A-04R-007-2-A,PKR-018,MULTI,USPS Priority Mail,GROUND
ORD-1130322,2025-05-12,10:38:31,SKU-04328,1,A-02L-021-1-B,PKR-008,MULTI,FedEx Ground,GROUND
ORD-1124739,2025-05-12,12:48:12,SKU-02124,2,B-01R-023-4-A,PKR-008,MULTI,FedEx Ground,GROUND
ORD-1128888,2025-05-12,13:30:57,SKU-02509,2,B-01L-020-5-A,PKR-032,MULTI,FedEx Ground,GROUND
ORD-1129462,2025-05-12,18:43:23,SKU-04092,2,A-02L-015-2-B,PKR-011,MULTI,UPS Ground,GROUND
ORD-1126707,2025-05-12,18:45:39,SKU-02010,2,D-01R-011-3-A,PKR-026,MULTI,USPS Priority Mail,GROUND
ORD-1126246,2025-05-12,10:14:50,SKU-01107,2,A-04R-008-1-A,PKR-030,MULTI,USPS Priority Mail,STANDARD_OVERNIGHT
ORD-1129652,2025-05-12,16:00:23,SKU-02366,2,A-01R-020-4-A,PKR-022,MULTI,USPS Priority Mail,STANDARD_OVERNIGHT
ORD-1131934,2025-05-12,13:35:32,SKU-03549,2,E-01L-025-4-A,PKR-022,MULTI,USPS Priority Mail,GROUND
ORD-1125044,2025-05-12,09:21:13,SKU-04041,2,A-02R-002-2-B,PKR-023,MULTI,FedEx Ground,GROUND
ORD-1131717,2025-05-12,08:32:13,SKU-00779,2,B-04L-003-4-B,PKR-005,SINGLE,UPS Ground,GROUND
ORD-1131833,2025-05-12,20:49:23,SKU-04022,2,B-02R-010-4-B,PKR-006,MULTI,UPS 2nd Day Air,PRIORITY_2D
ORD-1126205,2025-05-12,15:16:30,SKU-04041,2,A-02R-002-2-B,PKR-026,MULTI,USPS Priority Mail,GROUND
ORD-1125333,2025-05-12,21:49:57,SKU-04865,2,A-01R-011-4-B,PKR-016,MULTI,FedEx Ground,GROUND
ORD-1130037,2025-05-12,11:50:22,SKU-01528,2,B-03R-015-4-B,PKR-004,MULTI,UPS Ground,GROUND
ORD-1131826,2025-05-12,07:18:49,SKU-00872,2,A-04L-005-1-A,PKR-005,SINGLE,UPS 2nd Day Air,GROUND
ORD-1124301,2025-05-12,06:02:43,SKU-01490,2,B-04R-009-1-A,PKR-015,MULTI,UPS Ground,GROUND
ORD-1128446,2025-05-12,17:14:13,SKU-03327,2,A-02R-009-2-B,PKR-032,MULTI,USPS Priority Mail,GROUND
ORD-1130261,2025-05-12,12:35:44,SKU-04328,1,A-02L-021-1-B,PKR-007,MULTI,FedEx Ground,GROUND
ORD-1125930,2025-05-12,13:42:29,SKU-03324,2,A-02R-015-1-B,PKR-004,MULTI,UPS Ground,STANDARD_OVERNIGHT
ORD-1126235,2025-05-12,12:29:30,SKU-02284,1,D-01L-008-5-B,PKR-007,MULTI,FedEx Ground,GROUND
ORD-1127445,2025-05-12,21:52:13,SKU-04814,2,B-02R-017-4-A,PKR-008,MULTI,UPS Ground,GROUND
ORD-1129692,2025-05-12,16:31:27,SKU-00359,1,D-03L-009-4-B,PKR-012,MULTI,FedEx Ground,GROUND
ORD-1126685,2025-05-12,06:41:38,SKU-02939,2,A-02R-016-5-A,PKR-013,MULTI,FedEx Ground,GROUND
ORD-1127359,2025-05-12,09:29:11,SKU-02858,2,A-01R-006-4-B,PKR-017,MULTI,FedEx Ground,PRIORITY_2D
ORD-1128502,2025-05-12,15:22:57,SKU-00872,2,A-04L-005-1-A,PKR-023,MULTI,UPS 2nd Day Air,PRIORITY_2D
ORD-1126254,2025-05-12,11:18:02,SKU-00643,1,A-03R-014-2-B,PKR-032,MULTI,USPS Priority Mail,GROUND
ORD-1128404,2025-05-12,09:09:13,SKU-02140,2,B-01R-020-2-B,PKR-014,MULTI,UPS Ground,GROUND
ORD-1130985,2025-05-12,18:09:20,SKU-04435,2,A-02R-016-4-A,PKR-011,MULTI,UPS 2nd Day Air,GROUND
ORD-1127780,2025-05-12,12:17:32,SKU-01859,2,A-03L-020-4-B,PKR-021,MULTI,USPS Priority Mail,GROUND
ORD-1125499,2025-05-12,18:32:13,SKU-00451,2,C-03L-011-3-B,PKR-018,MULTI,UPS 2nd Day Air,GROUND
ORD-1131879,2025-05-12,15:11:25,SKU-01204,2,A-03R-016-1-B,PKR-017,MULTI,FedEx 2Day,GROUND
ORD-1126354,2025-05-12,06:44:25,SKU-04328,1,A-02L-021-1-B,PKR-007,MULTI,USPS Priority Mail,GROUND
ORD-1129142,2025-05-12,06:13:30,SKU-04782,1,C-01L-004-3-A,PKR-030,MULTI,UPS Ground,GROUND
ORD-1129375,2025-05-12,16:09:57,SKU-02681,1,A-01R-018-4-B,PKR-029,MULTI,UPS 2nd Day Air,GROUND
ORD-1124281,2025-05-12,13:21:23,SKU-03405,1,B-02L-019-5-A,PKR-003,SINGLE,UPS Ground,GROUND
ORD-1129137,2025-05-12,08:43:36,SKU-04707,2,B-01L-019-4-B,PKR-019,MULTI,FedEx Ground,GROUND
ORD-1131175,2025-05-12,13:03:34,SKU-03620,1,E-02L-026-3-B,PKR-001,MULTI,UPS Ground,GROUND
ORD-1131353,2025-05-12,11:49:38,SKU-04328,2,A-02L-021-1-B,PKR-013,MULTI,USPS Priority Mail,GROUND
ORD-1129724,2025-05-12,08:13:38,SKU-02100,2,C-01L-014-1-A,PKR-030,MULTI,UPS Ground,GROUND
ORD-1130963,2025-05-12,16:18:05,SKU-00872,2,A-04L-005-1-A,PKR-024,MULTI,UPS 2nd Day Air,GROUND
ORD-1129518,2025-05-12,13:26:36,SKU-02908,2,B-02L-005-3-A,PKR-019,MULTI,USPS Priority Mail,GROUND
ORD-1127844,2025-05-12,07:43:24,SKU-02609,2,C-01R-013-1-B,PKR-020,MULTI,FedEx Ground,GROUND
ORD-1125707,2025-05-12,18:13:33,SKU-01743,2,C-04L-009-2-B,PKR-021,MULTI,FedEx Ground,GROUND
ORD-1125671,2025-05-12,11:39:28,SKU-02609,1,C-01R-013-1-B,PKR-004,MULTI,FedEx Ground,GROUND
ORD-1128940,2025-05-12,13:27:21,SKU-01844,2,A-03R-017-4-A,PKR-026,SINGLE,USPS Priority Mail,GROUND
ORD-1126746,2025-05-12,15:50:32,SKU-04041,2,A-02R-002-2-B,PKR-009,SINGLE,FedEx 2Day,GROUND
ORD-1128623,2025-05-12,16:42:24,SKU-02564,1,C-01L-011-5-B,PKR-012,MULTI,FedEx Ground,PRIORITY_2D
ORD-1127475,2025-05-12,20:29:55,SKU-02265,1,B-01L-002-1-A,PKR-022,MULTI,USPS Priority Mail,GROUND
ORD-1130815,2025-05-12,17:02:26,SKU-00087,1,A-04L-011-4-A,PKR-015,MULTI,USPS Priority Mail,GROUND
ORD-1125440,2025-05-12,07:03:27,SKU-00190,2,B-04R-017-1-B,PKR-029,MULTI,FedEx Ground,GROUND
ORD-1125062,2025-05-12,19:03:05,SKU-02767,1,C-02R-013-1-B,PKR-007,MULTI,FedEx Ground,GROUND
ORD-1124735,2025-05-12,18:56:43,SKU-00838,1,A-03L-009-1-B,PKR-014,SINGLE,FedEx 2Day,PRIORITY_2D
ORD-1131903,2025-05-12,09:43:40,SKU-04809,1,A-01R-016-2-B,PKR-029,MULTI,FedEx Ground,GROUND
ORD-1129140,2025-05-12,08:52:31,SKU-02252,1,B-02R-025-2-A,PKR-032,MULTI,FedEx Ground,GROUND
ORD-1124209,2025-05-12,18:47:28,SKU-03823,2,C-02R-020-1-B,PKR-024,MULTI,UPS Ground,GROUND
ORD-1128924,2025-05-12,14:19:38,SKU-03357,2,A-02R-015-3-B,PKR-029,MULTI,USPS Priority Mail,STANDARD_OVERNIGHT
ORD-1125807,2025-05-12,09:07:51,SKU-00872,2,A-04L-005-1-A,PKR-008,MULTI,UPS Ground,GROUND
ORD-1125070,2025-05-12,15:32:19,SKU-04081,1,B-01L-016-5-A,PKR-026,MULTI,FedEx 2Day,GROUND
ORD-1127776,2025-05-12,13:46:42,SKU-04528,2,B-02R-014-3-B,PKR-027,MULTI,FedEx Ground,PRIORITY_2D
ORD-1128684,2025-05-12,17:11:55,SKU-04710,2,A-02L-008-2-A,PKR-015,MULTI,UPS Ground,GROUND
ORD-1130155,2025-05-12,09:49:01,SKU-03727,1,B-02R-023-4-A,PKR-031,SINGLE,UPS 2nd Day Air,GROUND
ORD-1126790,2025-05-12,14:06:09,SKU-01100,2,E-04L-019-3-B,PKR-015,MULTI,UPS 2nd Day Air,GROUND
ORD-1131882,2025-05-12,10:57:15,SKU-02185,2,C-01R-009-4-B,PKR-002,MULTI,USPS Priority Mail,GROUND
ORD-1131382,2025-05-12,21:30:22,SKU-02864,2,D-01L-010-1-B,PKR-006,MULTI,FedEx Ground,GROUND
ORD-1125360,2025-05-12,19:01:30,SKU-02708,1,A-01R-026-1-B,PKR-019,MULTI,FedEx Ground,GROUND
ORD-1128172,2025-05-12,08:36:47,SKU-00475,1,D-04R-012-3-A,PKR-007,MULTI,FedEx Ground,PRIORITY_2D
ORD-1126340,2025-05-12,10:03:32,SKU-03994,2,A-01L-010-3-A,PKR-014,MULTI,USPS Priority Mail,GROUND
ORD-1125544,2025-05-12,13:31:27,SKU-04328,2,A-02L-021-1-B,PKR-014,MULTI,USPS Priority Mail,GROUND
ORD-1129939,2025-05-12,20:45:50,SKU-03846,2,C-02L-022-5-A,PKR-019,MULTI,FedEx Ground,GROUND
ORD-1130298,2025-05-12,13:22:14,SKU-04782,2,C-01L-004-3-A,PKR-005,MULTI,UPS Ground,PRIORITY_2D
ORD-1130456,2025-05-12,12:20:35,SKU-01597,2,C-04R-005-4-A,PKR-032,MULTI,UPS 2nd Day Air,GROUND
ORD-1130416,2025-05-12,11:26:54,SKU-02050,2,C-02L-007-1-A,PKR-019,MULTI,UPS Ground,GROUND
ORD-1129047,2025-05-12,13:09:40,SKU-02104,1,B-01R-002-1-A,PKR-023,MULTI,UPS Ground,GROUND
ORD-1129329,2025-05-12,08:10:11,SKU-01121,2,B-04R-017-4-A,PKR-032,MULTI,FedEx 2Day,GROUND
ORD-1124316,2025-05-12,07:51:46,SKU-01220,2,B-04L-018-2-B,PKR-020,SINGLE,UPS Ground,GROUND
ORD-1128466,2025-05-12,19:10:07,SKU-04865,2,A-01R-011-4-B,PKR-022,MULTI,FedEx Ground,GROUND
ORD-1131873,2025-05-12,13:53:28,SKU-02420,2,B-01L-005-4-B,PKR-027,MULTI,USPS Priority Mail,GROUND
ORD-1125135,2025-05-12,14:42:26,SKU-01204,2,A-03R-016-1-B,PKR-026,MULTI,USPS Priority Mail,GROUND
ORD-1126325,2025-05-12,08:58:07,SKU-02973,2,B-01R-015-1-A,PKR-017,MULTI,UPS Ground,GROUND
ORD-1130684,2025-05-12,19:05:20,SKU-01197,2,B-04R-019-1-A,PKR-020,MULTI,USPS Priority Mail,PRIORITY_2D
ORD-1125636,2025-05-12,06:12:59,SKU-02326,1,E-01R-018-5-B,PKR-012,MULTI,USPS Priority Mail,GROUND
ORD-1131965,2025-05-12,11:07:13,SKU-02760,2,D-02L-016-3-A,PKR-004,MULTI,UPS Ground,STANDARD_OVERNIGHT
ORD-1125926,2025-05-12,14:00:31,SKU-01204,1,A-03R-016-1-B,PKR-015,MULTI,FedEx Ground,GROUND
ORD-1125132,2025-05-12,09:30:09,SKU-02714,2,B-01R-020-1-B,PKR-017,MULTI,USPS Priority Mail,PRIORITY_2D
ORD-1129026,2025-05-12,21:13:21,SKU-02585,2,A-01R-012-4-A,PKR-011,MULTI,USPS Priority Mail,GROUND
ORD-1125868,2025-05-12,06:32:00,SKU-02512,2,B-02L-023-2-B,PKR-011,MULTI,FedEx Ground,STANDARD_OVERNIGHT
ORD-1126749,2025-05-12,13:36:37,SKU-03727,1,B-02R-023-4-A,PKR-016,MULTI,FedEx Ground,GROUND
ORD-1126063,2025-05-12,20:49:08,SKU-02907,1,B-01L-012-2-A,PKR-014,MULTI,FedEx Ground,GROUND
ORD-1130493,2025-05-12,18:53:16,SKU-00016,2,B-03R-004-3-A,PKR-032,MULTI,UPS Ground,PRIORITY_2D
ORD-1129117,2025-05-12,17:34:49,SKU-04932,2,A-02R-018-5-A,PKR-027,MULTI,FedEx Ground,GROUND
ORD-1128443,2025-05-12,11:44:57,SKU-04041,1,A-02R-002-2-B,PKR-031,MULTI,UPS Ground,GROUND
ORD-1125913,2025-05-12,12:57:09,SKU-03768,2,A-02R-006-1-A,PKR-012,MULTI,FedEx Ground,STANDARD_OVERNIGHT
ORD-1128528,2025-05-12,10:03:49,SKU-04918,2,B-01R-019-5-B,PKR-022,MULTI,FedEx 2Day,GROUND
ORD-1125827,2025-05-12,16:12:24,SKU-02366,1,A-01R-020-4-A,PKR-020,SINGLE,USPS Priority Mail,GROUND
ORD-1129600,2025-05-12,15:35:47,SKU-02420,2,B-01L-005-4-B,PKR-032,MULTI,USPS Priority Mail,GROUND
ORD-1126842,2025-05-12,10:07:13,SKU-02681,2,A-01R-018-4-B,PKR-004,MULTI,UPS 2nd Day Air,PRIORITY_2D
ORD-1130275,2025-05-12,06:07:18,SKU-00037,2,A-03L-004-3-A,PKR-024,MULTI,FedEx Ground,GROUND
ORD-1127377,2025-05-12,12:56:34,SKU-02413,1,C-01R-007-1-A,PKR-022,MULTI,UPS 2nd Day Air,GROUND
ORD-1124861,2025-05-12,16:37:31,SKU-04528,2,B-02R-014-3-B,PKR-022,MULTI,UPS Ground,GROUND
ORD-1131355,2025-05-12,12:30:16,SKU-04328,2,A-02L-021-1-B,PKR-002,MULTI,UPS Ground,PRIORITY_2D
ORD-1130842,2025-05-12,06:30:05,SKU-02125,2,A-01R-020-2-B,PKR-003,MULTI,FedEx 2Day,GROUND
ORD-1125923,2025-05-12,12:47:42,SKU-03361,2,C-01R-018-4-B,PKR-032,MULTI,FedEx Ground,GROUND
ORD-1125767,2025-05-12,11:40:37,SKU-00761,2,B-03L-018-1-B,PKR-028,MULTI,USPS Priority Mail,GROUND
ORD-1124143,2025-05-12,17:52:42,SKU-02252,1,B-02R-025-2-A,PKR-025,MULTI,FedEx 2Day,PRIORITY_2D
ORD-1126666,2025-05-12,16:31:42,SKU-00872,1,A-04L-005-1-A,PKR-016,MULTI,UPS Ground,GROUND
ORD-1128565,2025-05-12,06:31:46,SKU-00974,2,A-03L-013-3-B,PKR-016,SINGLE,FedEx 2Day,PRIORITY_2D
ORD-1124425,2025-05-12,14:47:31,SKU-02817,2,D-01R-008-3-A,PKR-020,MULTI,UPS Ground,GROUND
ORD-1126950,2025-05-12,07:28:50,SKU-02366,2,A-01R-020-4-A,PKR-013,MULTI,UPS Ground,PRIORITY_2D
ORD-1124518,2025-05-12,14:27:22,SKU-04623,2,B-01R-007-5-A,PKR-023,MULTI,UPS Ground,GROUND
ORD-1126825,2025-05-12,11:56:18,SKU-02859,2,A-01L-018-3-A,PKR-006,MULTI,UPS Ground,GROUND
ORD-1127378,2025-05-12,13:35:44,SKU-01432,1,A-04R-017-4-A,PKR-019,MULTI,FedEx 2Day,GROUND
ORD-1125059,2025-05-12,14:28:44,SKU-04533,2,D-01L-017-2-A,PKR-016,MULTI,UPS 2nd Day Air,GROUND
ORD-1127984,2025-05-12,15:39:14,SKU-04328,2,A-02L-021-1-B,PKR-012,MULTI,FedEx Ground,GROUND
ORD-1127637,2025-05-12,20:15:55,SKU-02585,2,A-01R-012-4-A,PKR-013,MULTI,UPS 2nd Day Air,GROUND
ORD-1127677,2025-05-12,21:18:01,SKU-02609,1,C-01R-013-1-B,PKR-029,MULTI,FedEx Ground,PRIORITY_2D
ORD-1131531,2025-05-12,12:32:00,SKU-04328,2,A-02L-021-1-B,PKR-030,MULTI,UPS Ground,GROUND
ORD-1131797,2025-05-12,13:33:28,SKU-04041,1,A-02R-002-2-B,PKR-026,MULTI,USPS Priority Mail,GROUND
ORD-1127569,2025-05-12,12:09:53,SKU-02104,2,B-01R-002-1-A,PKR-026,MULTI,UPS Ground,GROUND
ORD-1131897,2025-05-12,12:24:34,SKU-01463,1,A-04L-004-3-B,PKR-006,MULTI,USPS Priority Mail,GROUND
ORD-1131963,2025-05-12,18:07:36,SKU-03881,1,B-02R-002-4-A,PKR-028,MULTI,UPS Ground,GROUND
ORD-1125924,2025-05-12,10:50:16,SKU-03378,1,A-01L-004-4-B,PKR-013,MULTI,USPS Priority Mail,GROUND
ORD-1126024,2025-05-12,17:38:34,SKU-00037,1,A-03L-004-3-A,PKR-001,MULTI,UPS Ground,GROUND
ORD-1129442,2025-05-12,08:23:21,SKU-04607,1,C-02R-009-3-B,PKR-022,MULTI,FedEx Ground,GROUND
ORD-1129534,2025-05-12,18:08:24,SKU-04661,2,E-02R-008-5-A,PKR-032,MULTI,UPS Ground,STANDARD_OVERNIGHT
ORD-1129570,2025-05-12,07:10:00,SKU-04041,1,A-02R-002-2-B,PKR-011,MULTI,FedEx Ground,GROUND
ORD-1128927,2025-05-12,08:20:53,SKU-03881,2,B-02R-002-4-A,PKR-002,MULTI,USPS Priority Mail,PRIORITY_2D
ORD-1130197,2025-05-12,18:59:11,SKU-01721,2,A-04L-015-4-B,PKR-007,MULTI,USPS Priority Mail,GROUND
ORD-1126435,2025-05-12,14:09:35,SKU-01121,2,B-04R-017-4-A,PKR-015,MULTI,UPS Ground,GROUND
ORD-1128811,2025-05-12,07:19:57,SKU-00464,2,B-04L-018-2-A,PKR-031,MULTI,FedEx Ground,GROUND
ORD-1124385,2025-05-12,11:19:56,SKU-04671,2,B-02R-002-3-B,PKR-021,MULTI,USPS Priority Mail,GROUND
ORD-1125595,2025-05-12,16:41:51,SKU-02908,2,B-02L-005-3-A,PKR-005,MULTI,FedEx Ground,PRIORITY_2D
ORD-1124458,2025-05-12,11:51:19,SKU-04624,1,D-01R-008-5-B,PKR-021,MULTI,USPS Priority Mail,GROUND
ORD-1129328,2025-05-12,06:15:44,SKU-02708,2,A-01R-026-1-B,PKR-020,MULTI,USPS Priority Mail,GROUND
ORD-1126352,2025-05-12,09:36:58,SKU-04231,2,B-02R-003-4-A,PKR-023,MULTI,UPS 2nd Day Air,STANDARD_OVERNIGHT
ORD-1127968,2025-05-12,15:12:08,SKU-01721,2,A-04L-015-4-B,PKR-026,MULTI,FedEx Ground,PRIORITY_2D
ORD-1126102,2025-05-12,13:02:21,SKU-00093,2,B-04L-018-1-A,PKR-006,MULTI,UPS Ground,GROUND
ORD-1127890,2025-05-12,16:56:19,SKU-02609,1,C-01R-013-1-B,PKR-028,MULTI,UPS 2nd Day Air,GROUND
ORD-1128035,2025-05-12,11:49:47,SKU-00178,2,C-04L-017-1-B,PKR-026,MULTI,FedEx Ground,GROUND
ORD-1127708,2025-05-12,16:16:00,SKU-04041,2,A-02R-002-2-B,PKR-003,SINGLE,FedEx Ground,GROUND
ORD-1128029,2025-05-12,15:42:47,SKU-01124,2,B-03R-007-4-A,PKR-032,MULTI,FedEx Ground,STANDARD_OVERNIGHT
ORD-1134285,2025-05-13,12:43:48,SKU-02767,1,C-02R-013-1-B,PKR-018,MULTI,FedEx Ground,GROUND
ORD-1133125,2025-05-13,10:29:45,SKU-02609,2,C-01R-013-1-B,PKR-002,MULTI,UPS Ground,GROUND
ORD-1133909,2025-05-13,15:58:07,SKU-02585,1,A-01R-012-4-A,PKR-004,MULTI,FedEx Ground,GROUND
ORD-1132935,2025-05-13,15:56:37,SKU-04565,1,C-01R-026-4-A,PKR-029,SINGLE,USPS Priority Mail,PRIORITY_2D
ORD-1134834,2025-05-13,10:21:53,SKU-02185,2,C-01R-009-4-B,PKR-018,MULTI,USPS Priority Mail,GROUND
ORD-1134156,2025-05-13,17:05:02,SKU-02366,2,A-01R-020-4-A,PKR-016,MULTI,FedEx Ground,GROUND
ORD-1134478,2025-05-13,12:09:51,SKU-03881,1,B-02R-002-4-A,PKR-026,SINGLE,FedEx Ground,STANDARD_OVERNIGHT
ORD-1136238,2025-05-13,11:44:10,SKU-03262,2,B-02L-006-3-B,PKR-016,MULTI,FedEx Ground,GROUND
ORD-1139076,2025-05-13,10:17:26,SKU-04988,1,D-02R-009-1-A,PKR-019,MULTI,UPS 2nd Day Air,PRIORITY_2D
ORD-1138851,2025-05-13,13:46:20,SKU-03945,2,A-01R-010-4-A,PKR-011,MULTI,FedEx 2Day,STANDARD_OVERNIGHT
ORD-1134355,2025-05-13,14:45:00,SKU-02104,2,B-01R-002-1-A,PKR-009,MULTI,UPS Ground,GROUND
ORD-1138482,2025-05-13,17:30:02,SKU-00168,2,E-03L-011-2-B,PKR-028,MULTI,FedEx Ground,PRIORITY_2D
ORD-1134049,2025-05-13,15:06:47,SKU-02628,1,B-01L-009-5-A,PKR-013,MULTI,UPS Ground,PRIORITY_2D
ORD-1135542,2025-05-13,21:52:07,SKU-04328,2,A-02L-021-1-B,PKR-013,MULTI,FedEx Ground,STANDARD_OVERNIGHT
ORD-1137578,2025-05-13,09:09:40,SKU-01075,1,C-04R-018-1-A,PKR-004,MULTI,UPS Ground,GROUND
ORD-1133536,2025-05-13,14:06:05,SKU-01170,2,A-03L-002-3-B,PKR-031,MULTI,UPS Ground,PRIORITY_2D
ORD-1134953,2025-05-13,14:59:26,SKU-04025,1,C-01L-004-5-A,PKR-017,MULTI,UPS Ground,GROUND
ORD-1132820,2025-05-13,18:51:14,SKU-04041,1,A-02R-002-2-B,PKR-003,MULTI,USPS Priority Mail,GROUND
ORD-1136634,2025-05-13,18:46:54,SKU-02624,2,A-02R-022-1-A,PKR-026,MULTI,USPS Priority Mail,STANDARD_OVERNIGHT
ORD-1133223,2025-05-13,07:04:51,SKU-01331,2,A-03R-003-4-B,PKR-022,MULTI,UPS 2nd Day Air,PRIORITY_2D
ORD-1133767,2025-05-13,08:35:09,SKU-04328,1,A-02L-021-1-B,PKR-006,MULTI,USPS Priority Mail,GROUND
ORD-1132623,2025-05-13,15:37:51,SKU-03357,2,A-02R-015-3-B,PKR-002,SINGLE,USPS Priority Mail,GROUND
ORD-1139728,2025-05-13,17:51:43,SKU-04608,2,A-02L-025-1-B,PKR-005,MULTI,FedEx Ground,GROUND
ORD-1137236,2025-05-13,07:25:13,SKU-03727,2,B-02R-023-4-A,PKR-024,MULTI,FedEx Ground,STANDARD_OVERNIGHT
ORD-1138037,2025-05-13,06:52:15,SKU-02125,1,A-01R-020-2-B,PKR-007,MULTI,FedEx 2Day,PRIORITY_2D
ORD-1132294,2025-05-13,12:14:24,SKU-02278,1,C-01L-025-1-B,PKR-025,MULTI,UPS Ground,GROUND
ORD-1133020,2025-05-13,13:29:34,SKU-04756,1,E-01L-023-2-A,PKR-015,MULTI,USPS Priority Mail,PRIORITY_2D
ORD-1135065,2025-05-13,11:59:36,SKU-04528,1,B-02R-014-3-B,PKR-006,MULTI,UPS Ground,GROUND
ORD-1139486,2025-05-13,11:48:15,SKU-01296,1,B-04R-013-4-B,PKR-004,MULTI,UPS Ground,GROUND
ORD-1136516,2025-05-13,11:43:13,SKU-02125,2,A-01R-020-2-B,PKR-019,MULTI,FedEx Ground,GROUND
ORD-1134304,2025-05-13,17:46:03,SKU-04328,1,A-02L-021-1-B,PKR-007,MULTI,USPS Priority Mail,PRIORITY_2D
ORD-1134506,2025-05-13,12:08:44,SKU-03369,2,D-02L-005-5-B,PKR-007,SINGLE,UPS Ground,PRIORITY_2D
ORD-1134341,2025-05-13,21:35:28,SKU-04457,2,A-01L-020-2-B,PKR-008,MULTI,FedEx Ground,GROUND
ORD-1138159,2025-05-13,16:15:53,SKU-00315,2,A-03R-020-4-A,PKR-012,MULTI,FedEx Ground,GROUND
ORD-1136589,2025-05-13,15:20:34,SKU-02609,1,C-01R-013-1-B,PKR-006,MULTI,FedEx Ground,GROUND
ORD-1134794,2025-05-13,07:38:41,SKU-01721,2,A-04L-015-4-B,PKR-002,MULTI,FedEx Ground,GROUND
ORD-1135566,2025-05-13,20:40:50,SKU-02515,2,B-02L-012-4-A,PKR-022,MULTI,USPS Priority Mail,GROUND
ORD-1134286,2025-05-13,21:30:36,SKU-04668,2,C-02L-016-5-B,PKR-001,MULTI,USPS Priority Mail,GROUND
ORD-1135913,2025-05-13,11:03:01,SKU-02395,2,A-01R-012-2-B,PKR-007,MULTI,UPS 2nd Day Air,GROUND
ORD-1137911,2025-05-13,08:34:49,SKU-04563,1,A-02L-022-4-B,PKR-028,MULTI,UPS Ground,PRIORITY_2D
ORD-1132830,2025-05-13,08:32:37,SKU-03823,2,C-02R-020-1-B,PKR-008,MULTI,UPS Ground,PRIORITY_2D
ORD-1138221,2025-05-13,19:05:46,SKU-01407,2,A-04L-005-1-B,PKR-006,MULTI,FedEx Ground,GROUND
ORD-1132678,2025-05-13,09:41:57,SKU-01747,2,A-03R-020-1-A,PKR-007,MULTI,UPS 2nd Day Air,GROUND
ORD-1137535,2025-05-13,09:21:36,SKU-04328,2,A-02L-021-1-B,PKR-013,SINGLE,UPS Ground,GROUND
ORD-1136668,2025-05-13,17:26:39,SKU-04041,2,A-02R-002-2-B,PKR-006,MULTI,UPS Ground,PRIORITY_2D
ORD-1132051,2025-05-13,21:45:48,SKU-00290,2,A-03L-003-2-A,PKR-014,MULTI,FedEx Ground,PRIORITY_2D
ORD-1132807,2025-05-13,20:31:15,SKU-02005,2,B-01L-012-4-B,PKR-003,MULTI,UPS Ground,PRIORITY_2D
ORD-1138469,2025-05-13,09:29:50,SKU-01721,1,A-04L-015-4-B,PKR-009,MULTI,FedEx Ground,GROUND
ORD-1137136,2025-05-13,12:03:57,SKU-04435,1,A-02R-016-4-A,PKR-016,MULTI,FedEx Ground,GROUND
ORD-1139454,2025-05-13,12:40:45,SKU-02202,2,C-01R-025-1-B,PKR-012,MULTI,UPS Ground,GROUND
ORD-1134570,2025-05-13,09:23:40,SKU-02813,2,B-01R-010-1-A,PKR-017,MULTI,FedEx 2Day,STANDARD_OVERNIGHT
ORD-1139657,2025-05-13,17:50:18,SKU-02782,2,C-02R-014-3-A,PKR-010,MULTI,UPS Ground,PRIORITY_2D
ORD-1137429,2025-05-13,20:59:14,SKU-00376,1,B-04L-004-2-B,PKR-011,MULTI,FedEx Ground,GROUND
ORD-1135239,2025-05-13,12:13:01,SKU-00137,1,B-03R-003-1-B,PKR-021,MULTI,UPS Ground,GROUND
ORD-1139276,2025-05-13,11:12:47,SKU-02526,2,B-02L-005-3-B,PKR-017,MULTI,FedEx 2Day,PRIORITY_2D
ORD-1134031,2025-05-13,18:14:23,SKU-02305,1,C-01R-008-2-B,PKR-014,MULTI,UPS Ground,PRIORITY_2D
ORD-1136127,2025-05-13,08:38:19,SKU-02681,1,A-01R-018-4-B,PKR-025,MULTI,FedEx 2Day,PRIORITY_2D
ORD-1134682,2025-05-13,10:41:11,SKU-02585,2,A-01R-012-4-A,PKR-029,MULTI,FedEx Ground,STANDARD_OVERNIGHT
ORD-1136679,2025-05-13,21:22:33,SKU-03251,1,A-01R-024-1-B,PKR-022,MULTI,UPS Ground,GROUND
ORD-1139629,2025-05-13,13:04:49,SKU-03608,2,A-01R-015-2-A,PKR-023,MULTI,FedEx Ground,GROUND
ORD-1137267,2025-05-13,11:59:10,SKU-04041,2,A-02R-002-2-B,PKR-010,MULTI,FedEx 2Day,GROUND
ORD-1138681,2025-05-13,18:30:15,SKU-02045,2,B-01R-025-3-A,PKR-023,MULTI,USPS Priority Mail,GROUND
ORD-1137953,2025-05-13,13:44:20,SKU-02908,2,B-02L-005-3-A,PKR-013,MULTI,FedEx Ground,PRIORITY_2D
ORD-1137180,2025-05-13,12:04:37,SKU-04457,2,A-01L-020-2-B,PKR-017,MULTI,UPS Ground,GROUND
ORD-1136026,2025-05-13,13:22:50,SKU-00673,1,C-03L-015-4-A,PKR-011,MULTI,UPS Ground,GROUND
ORD-1132146,2025-05-13,17:54:15,SKU-03170,2,B-01L-013-1-B,PKR-026,MULTI,UPS 2nd Day Air,GROUND
ORD-1133109,2025-05-13,16:28:11,SKU-04328,1,A-02L-021-1-B,PKR-031,MULTI,USPS Priority Mail,GROUND
ORD-1133662,2025-05-13,11:32:50,SKU-03369,2,D-02L-005-5-B,PKR-027,MULTI,USPS Priority Mail,GROUND
ORD-1133655,2025-05-13,11:44:55,SKU-04328,1,A-02L-021-1-B,PKR-028,MULTI,FedEx Ground,GROUND
ORD-1133482,2025-05-13,11:41:37,SKU-02937,2,C-02R-019-5-A,PKR-016,MULTI,UPS 2nd Day Air,GROUND
ORD-1132221,2025-05-13,07:04:23,SKU-02140,2,B-01R-020-2-B,PKR-020,MULTI,FedEx Ground,GROUND
ORD-1139387,2025-05-13,12:09:15,SKU-04328,2,A-02L-021-1-B,PKR-023,MULTI,USPS Priority Mail,GROUND
ORD-1138886,2025-05-13,15:15:27,SKU-03357,2,A-02R-015-3-B,PKR-031,MULTI,UPS 2nd Day Air,GROUND
ORD-1135697,2025-05-13,15:45:44,SKU-04368,1,B-01L-025-2-B,PKR-021,MULTI,FedEx Ground,GROUND
ORD-1138992,2025-05-13,17:11:33,SKU-02609,2,C-01R-013-1-B,PKR-018,MULTI,FedEx 2Day,GROUND
ORD-1137363,2025-05-13,21:49:35,SKU-02609,2,C-01R-013-1-B,PKR-001,MULTI,UPS Ground,GROUND
ORD-1138928,2025-05-13,06:40:55,SKU-04986,2,B-01R-022-1-A,PKR-029,SINGLE,UPS Ground,GROUND
ORD-1138116,2025-05-13,06:50:10,SKU-00078,2,C-03R-013-4-A,PKR-017,MULTI,USPS Priority Mail,GROUND
ORD-1133293,2025-05-13,16:57:48,SKU-04328,2,A-02L-021-1-B,PKR-012,MULTI,USPS Priority Mail,GROUND
ORD-1137935,2025-05-13,12:34:05,SKU-02213,2,B-02L-011-4-B,PKR-023,MULTI,FedEx Ground,GROUND
ORD-1137575,2025-05-13,06:50:44,SKU-00522,2,C-03R-014-3-B,PKR-030,MULTI,UPS Ground,GROUND
ORD-1133873,2025-05-13,09:25:40,SKU-03018,2,C-02L-015-3-B,PKR-026,MULTI,FedEx Ground,GROUND
ORD-1135571,2025-05-13,16:09:16,SKU-04670,2,C-02R-018-2-B,PKR-017,MULTI,USPS Priority Mail,GROUND
ORD-1139534,2025-05-13,17:51:59,SKU-03854,2,B-02L-022-3-A,PKR-022,MULTI,FedEx Ground,GROUND
ORD-1136558,2025-05-13,19:10:37,SKU-00872,1,A-04L-005-1-A,PKR-009,MULTI,FedEx 2Day,GROUND
ORD-1139935,2025-05-13,06:56:30,SKU-04457,1,A-01L-020-2-B,PKR-008,MULTI,FedEx 2Day,GROUND
ORD-1134690,2025-05-13,12:47:34,SKU-03882,1,B-01R-002-3-B,PKR-012,MULTI,UPS Ground,GROUND
ORD-1134720,2025-05-13,07:18:58,SKU-01490,1,B-04R-009-1-A,PKR-019,MULTI,USPS Priority Mail,GROUND
ORD-1137252,2025-05-13,14:21:41,SKU-04328,2,A-02L-021-1-B,PKR-008,MULTI,FedEx Ground,GROUND
ORD-1135048,2025-05-13,06:33:35,SKU-02072,2,B-01R-008-3-B,PKR-005,SINGLE,UPS Ground,GROUND
ORD-1134557,2025-05-13,13:30:42,SKU-04041,1,A-02R-002-2-B,PKR-018,MULTI,UPS 2nd Day Air,GROUND
ORD-1135442,2025-05-13,09:07:43,SKU-02599,2,D-02R-022-1-B,PKR-029,MULTI,UPS Ground,GROUND
ORD-1135613,2025-05-13,15:59:18,SKU-01083,2,B-03L-011-2-A,PKR-015,MULTI,UPS 2nd Day Air,GROUND
ORD-1137622,2025-05-13,13:09:07,SKU-00643,1,A-03R-014-2-B,PKR-027,MULTI,USPS Priority Mail,GROUND
ORD-1135401,2025-05-13,09:16:38,SKU-03564,2,D-02R-006-5-B,PKR-023,MULTI,USPS Priority Mail,GROUND
ORD-1138647,2025-05-13,10:06:22,SKU-04041,2,A-02R-002-2-B,PKR-016,MULTI,UPS Ground,GROUND
ORD-1138153,2025-05-13,11:28:12,SKU-01103,2,B-04R-009-1-B,PKR-008,MULTI,FedEx Ground,GROUND
ORD-1133810,2025-05-13,07:08:57,SKU-02357,1,C-02L-006-2-A,PKR-017,MULTI,USPS Priority Mail,PRIORITY_2D
ORD-1137763,2025-05-13,15:16:30,SKU-01111,2,C-04R-013-3-A,PKR-021,MULTI,FedEx Ground,GROUND
ORD-1132282,2025-05-13,14:34:46,SKU-00239,1,A-04L-019-1-B,PKR-025,MULTI,UPS Ground,PRIORITY_2D
ORD-1135656,2025-05-13,10:54:35,SKU-00034,2,A-04L-017-3-A,PKR-028,MULTI,UPS Ground,GROUND
ORD-1132096,2025-05-13,20:51:08,SKU-02125,1,A-01R-020-2-B,PKR-019,MULTI,FedEx Ground,GROUND
ORD-1132474,2025-05-13,08:03:32,SKU-00180,2,B-03L-010-1-A,PKR-030,MULTI,UPS Ground,GROUND
ORD-1133979,2025-05-13,16:27:40,SKU-04608,2,A-02L-025-1-B,PKR-031,MULTI,UPS Ground,GROUND
ORD-1132674,2025-05-13,18:55:32,SKU-02366,2,A-01R-020-4-A,PKR-019,MULTI,UPS Ground,GROUND
ORD-1133739,2025-05-13,14:12:13,SKU-04664,1,A-02R-002-3-A,PKR-005,MULTI,UPS 2nd Day Air,GROUND
ORD-1133571,2025-05-13,18:31:07,SKU-04245,2,B-01R-001-1-A,PKR-032,MULTI,USPS Priority Mail,PRIORITY_2D
ORD-1139637,2025-05-13,10:53:03,SKU-04041,2,A-02R-002-2-B,PKR-001,MULTI,UPS Ground,GROUND
ORD-1139074,2025-05-13,17:58:50,SKU-02828,1,A-02L-007-2-A,PKR-018,MULTI,USPS Priority Mail,GROUND
ORD-1133218,2025-05-13,14:33:34,SKU-02104,2,B-01R-002-1-A,PKR-022,MULTI,USPS Priority Mail,PRIORITY_2D
ORD-1134717,2025-05-13,11:32:36,SKU-00193,1,C-04R-016-2-A,PKR-004,MULTI,UPS Ground,GROUND
ORD-1132464,2025-05-13,07:56:33,SKU-02387,2,E-01L-006-2-B,PKR-016,MULTI,FedEx Ground,GROUND
ORD-1132997,2025-05-13,21:11:27,SKU-00872,2,A-04L-005-1-A,PKR-032,MULTI,FedEx 2Day,GROUND
ORD-1138910,2025-05-13,09:59:48,SKU-02585,1,A-01R-012-4-A,PKR-001,MULTI,USPS Priority Mail,GROUND
ORD-1134763,2025-05-13,19:02:55,SKU-01204,2,A-03R-016-1-B,PKR-007,MULTI,UPS Ground,STANDARD_OVERNIGHT
ORD-1139085,2025-05-13,14:42:42,SKU-04308,2,B-02R-019-4-A,PKR-030,MULTI,UPS Ground,GROUND
ORD-1137651,2025-05-13,08:21:16,SKU-01900,2,B-04L-016-3-A,PKR-029,MULTI,USPS Priority Mail,GROUND
ORD-1135250,2025-05-13,21:44:57,SKU-04667,2,D-02R-016-3-A,PKR-014,MULTI,FedEx Ground,GROUND
ORD-1132745,2025-05-13,08:58:41,SKU-02073,2,B-02L-002-5-A,PKR-018,MULTI,UPS Ground,STANDARD_OVERNIGHT
ORD-1136979,2025-05-13,17:42:27,SKU-02043,2,A-02L-003-4-B,PKR-002,MULTI,USPS Priority Mail,GROUND
ORD-1132240,2025-05-13,07:24:28,SKU-01204,2,A-03R-016-1-B,PKR-001,MULTI,FedEx Ground,GROUND
ORD-1138067,2025-05-13,08:53:22,SKU-04041,2,A-02R-002-2-B,PKR-026,MULTI,FedEx 2Day,GROUND
ORD-1137456,2025-05-13,21:05:31,SKU-02908,1,B-02L-005-3-A,PKR-027,MULTI,UPS Ground,GROUND
ORD-1134046,2025-05-13,19:20:37,SKU-04785,2,E-02L-021-2-A,PKR-003,MULTI,FedEx 2Day,GROUND
ORD-1138596,2025-05-13,13:28:00,SKU-04041,2,A-02R-002-2-B,PKR-025,MULTI,FedEx Ground,STANDARD_OVERNIGHT
ORD-1133591,2025-05-13,18:55:06,SKU-02836,2,A-02R-009-1-B,PKR-009,MULTI,USPS Priority Mail,GROUND
ORD-1138963,2025-05-13,10:05:41,SKU-02119,2,A-02R-008-5-B,PKR-013,MULTI,FedEx Ground,GROUND
ORD-1135204,2025-05-13,20:33:24,SKU-02366,2,A-01R-020-4-A,PKR-021,MULTI,UPS Ground,GROUND
ORD-1135089,2025-05-13,07:30:24,SKU-03592,2,B-01R-008-5-A,PKR-011,MULTI,UPS Ground,GROUND
ORD-1138195,2025-05-13,20:42:43,SKU-04041,1,A-02R-002-2-B,PKR-032,MULTI,UPS Ground,GROUND
ORD-1137818,2025-05-13,07:05:42,SKU-00229,1,A-04R-007-2-A,PKR-031,MULTI,FedEx Ground,GROUND
ORD-1132080,2025-05-13,20:36:26,SKU-02045,1,B-01R-025-3-A,PKR-019,MULTI,UPS Ground,GROUND
ORD-1136624,2025-05-13,07:05:35,SKU-04328,1,A-02L-021-1-B,PKR-005,MULTI,USPS Priority Mail,GROUND
ORD-1134565,2025-05-13,20:34:22,SKU-02253,2,D-01R-017-4-A,PKR-029,MULTI,FedEx 2Day,GROUND
ORD-1133161,2025-05-13,21:02:08,SKU-02912,1,B-01L-021-4-A,PKR-005,MULTI,USPS Priority Mail,GROUND
ORD-1135012,2025-05-13,19:56:58,SKU-04934,2,D-01R-009-3-B,PKR-003,MULTI,USPS Priority Mail,GROUND
ORD-1134147,2025-05-13,19:15:07,SKU-02509,2,B-01L-020-5-A,PKR-018,MULTI,FedEx Ground,STANDARD_OVERNIGHT
ORD-1135000,2025-05-13,18:12:50,SKU-02592,2,C-02L-004-3-B,PKR-015,MULTI,UPS Ground,GROUND
ORD-1136390,2025-05-13,08:12:02,SKU-02179,1,C-01L-024-5-B,PKR-011,MULTI,USPS Priority Mail,GROUND
ORD-1138753,2025-05-13,17:44:06,SKU-00872,2,A-04L-005-1-A,PKR-030,MULTI,FedEx Ground,GROUND
ORD-1132649,2025-05-13,12:42:35,SKU-03881,2,B-02R-002-4-A,PKR-002,MULTI,UPS Ground,GROUND
ORD-1138468,2025-05-13,08:16:53,SKU-01121,2,B-04R-017-4-A,PKR-015,MULTI,FedEx Ground,STANDARD_OVERNIGHT
ORD-1133593,2025-05-13,15:22:06,SKU-00872,1,A-04L-005-1-A,PKR-011,MULTI,UPS Ground,GROUND
ORD-1134543,2025-05-13,20:03:20,SKU-04370,2,A-02R-026-5-A,PKR-001,MULTI,FedEx Ground,STANDARD_OVERNIGHT
ORD-1139758,2025-05-13,16:08:37,SKU-04328,2,A-02L-021-1-B,PKR-025,MULTI,UPS Ground,GROUND
ORD-1133412,2025-05-13,08:26:54,SKU-04041,2,A-02R-002-2-B,PKR-020,MULTI,FedEx Ground,GROUND
ORD-1135656,2025-05-13,10:54:35,SKU-03727,1,B-02R-023-4-A,PKR-028,MULTI,UPS Ground,GROUND
ORD-1139735,2025-05-13,14:36:07,SKU-01083,2,B-03L-011-2-A,PKR-020,SINGLE,USPS Priority Mail,GROUND
ORD-1137728,2025-05-13,08:23:11,SKU-04733,2,A-01R-018-1-A,PKR-019,MULTI,UPS Ground,GROUND
ORD-1138355,2025-05-13,20:26:14,SKU-00034,1,A-04L-017-3-A,PKR-016,MULTI,UPS Ground,GROUND
ORD-1139771,2025-05-13,20:27:21,SKU-04328,2,A-02L-021-1-B,PKR-022,MULTI,FedEx Ground,PRIORITY_2D
ORD-1137853,2025-05-13,21:48:44,SKU-00872,2,A-04L-005-1-A,PKR-021,MULTI,USPS Priority Mail,GROUND
ORD-1132624,2025-05-13,11:03:30,SKU-02104,2,B-01R-002-1-A,PKR-021,MULTI,UPS Ground,GROUND
ORD-1133831,2025-05-13,09:10:13,SKU-04041,1,A-02R-002-2-B,PKR-015,MULTI,USPS Priority Mail,GROUND
ORD-1132431,2025-05-13,17:59:34,SKU-04461,2,C-02L-017-5-B,PKR-003,MULTI,FedEx Ground,GROUND
ORD-1137904,2025-05-13,14:09:07,SKU-02681,2,A-01R-018-4-B,PKR-021,MULTI,FedEx Ground,GROUND
ORD-1139623,2025-05-13,10:49:20,SKU-02163,1,A-02R-006-3-A,PKR-013,MULTI,USPS Priority Mail,PRIORITY_2D
ORD-1139631,2025-05-13,12:49:16,SKU-00546,1,A-04L-008-4-B,PKR-014,MULTI,UPS Ground,GROUND
ORD-1138084,2025-05-13,18:10:11,SKU-04842,2,C-01R-002-2-B,PKR-020,MULTI,FedEx Ground,GROUND
ORD-1138675,2025-05-13,07:48:41,SKU-02908,2,B-02L-005-3-A,PKR-002,MULTI,USPS Priority Mail,GROUND
ORD-1133089,2025-05-13,13:22:27,SKU-03635,2,A-02R-019-5-A,PKR-030,MULTI,UPS Ground,GROUND
ORD-1137099,2025-05-13,21:24:31,SKU-04041,2,A-02R-002-2-B,PKR-032,MULTI,FedEx Ground,GROUND
ORD-1139762,2025-05-13,09:45:13,SKU-01207,1,B-04R-018-4-B,PKR-011,SINGLE,UPS 2nd Day Air,GROUND
ORD-1138307,2025-05-13,11:06:30,SKU-02991,2,C-01R-014-2-A,PKR-024,MULTI,FedEx 2Day,GROUND
ORD-1137364,2025-05-13,07:53:53,SKU-03727,2,B-02R-023-4-A,PKR-014,MULTI,UPS Ground,GROUND
ORD-1139754,2025-05-13,11:41:52,SKU-02125,2,A-01R-020-2-B,PKR-009,MULTI,FedEx Ground,GROUND
ORD-1139881,2025-05-13,11:03:13,SKU-04865,1,A-01R-011-4-B,PKR-029,MULTI,USPS Priority Mail,GROUND
ORD-1132522,2025-05-13,07:36:13,SKU-02366,1,A-01R-020-4-A,PKR-005,MULTI,FedEx Ground,GROUND
ORD-1134746,2025-05-13,15:00:41,SKU-04137,1,D-01R-010-3-A,PKR-028,MULTI,UPS Ground,GROUND
ORD-1135787,2025-05-13,10:54:35,SKU-00872,2,A-04L-005-1-A,PKR-022,SINGLE,FedEx Ground,GROUND
ORD-1134490,2025-05-13,18:38:42,SKU-02250,2,C-02L-016-2-B,PKR-001,MULTI,FedEx Ground,GROUND
ORD-1138234,2025-05-13,11:32:01,SKU-02564,2,C-01L-011-5-B,PKR-017,MULTI,UPS Ground,PRIORITY_2D
ORD-1137695,2025-05-13,11:11:39,SKU-03727,2,B-02R-023-4-A,PKR-022,MULTI,FedEx Ground,PRIORITY_2D
ORD-1138047,2025-05-13,11:41:16,SKU-01915,1,A-04R-017-2-B,PKR-012,MULTI,FedEx Ground,GROUND
ORD-1133664,2025-05-13,09:09:10,SKU-02908,2,B-02L-005-3-A,PKR-009,SINGLE,UPS Ground,GROUND
ORD-1138027,2025-05-13,06:28:08,SKU-04814,1,B-02R-017-4-A,PKR-032,MULTI,UPS Ground,GROUND
ORD-1138026,2025-05-13,20:22:04,SKU-04687,2,B-01R-026-4-A,PKR-028,MULTI,UPS Ground,GROUND
ORD-1134150,2025-05-13,13:27:13,SKU-02585,1,A-01R-012-4-A,PKR-007,SINGLE,USPS Priority Mail,GROUND
ORD-1134527,2025-05-13,19:18:13,SKU-03077,2,B-02L-012-4-B,PKR-029,MULTI,UPS Ground,GROUND
ORD-1137071,2025-05-13,10:51:01,SKU-02552,2,B-02R-022-5-B,PKR-013,MULTI,FedEx Ground,PRIORITY_2D
ORD-1136369,2025-05-13,19:46:00,SKU-04041,2,A-02R-002-2-B,PKR-029,MULTI,USPS Priority Mail,PRIORITY_2D
ORD-1138924,2025-05-13,06:16:18,SKU-03727,2,B-02R-023-4-A,PKR-030,SINGLE,FedEx Ground,PRIORITY_2D
ORD-1137077,2025-05-13,07:24:32,SKU-04328,1,A-02L-021-1-B,PKR-019,MULTI,FedEx 2Day,GROUND
ORD-1135722,2025-05-13,07:03:55,SKU-00772,2,E-04L-019-4-B,PKR-024,MULTI,FedEx Ground,GROUND
ORD-1139375,2025-05-13,17:29:26,SKU-03049,1,C-02L-003-4-A,PKR-025,MULTI,USPS Priority Mail,GROUND
ORD-1134823,2025-05-13,13:37:58,SKU-02509,2,B-01L-020-5-A,PKR-030,MULTI,FedEx Ground,GROUND
ORD-1134487,2025-05-13,12:23:46,SKU-00376,1,B-04L-004-2-B,PKR-029,MULTI,UPS Ground,STANDARD_OVERNIGHT
ORD-1138760,2025-05-13,07:55:40,SKU-04328,2,A-02L-021-1-B,PKR-010,MULTI,UPS Ground,GROUND
ORD-1133906,2025-05-13,17:19:20,SKU-02585,2,A-01R-012-4-A,PKR-019,MULTI,FedEx Ground,STANDARD_OVERNIGHT
ORD-1137306,2025-05-13,10:39:14,SKU-00872,2,A-04L-005-1-A,PKR-018,MULTI,USPS Priority Mail,GROUND
ORD-1134791,2025-05-13,21:02:07,SKU-04328,2,A-02L-021-1-B,PKR-005,MULTI,FedEx Ground,GROUND
ORD-1132478,2025-05-13,14:38:11,SKU-04608,1,A-02L-025-1-B,PKR-007,MULTI,FedEx Ground,GROUND
ORD-1137507,2025-05-13,12:27:08,SKU-02125,1,A-01R-020-2-B,PKR-003,MULTI,UPS Ground,GROUND
ORD-1139114,2025-05-13,19:03:59,SKU-00017,2,B-03R-001-4-B,PKR-017,SINGLE,UPS Ground,GROUND
ORD-1133229,2025-05-13,09:10:12,SKU-02908,1,B-02L-005-3-A,PKR-020,MULTI,UPS Ground,STANDARD_OVERNIGHT
ORD-1133276,2025-05-13,09:31:13,SKU-00559,2,A-04R-005-4-A,PKR-014,MULTI,UPS Ground,GROUND
ORD-1132898,2025-05-13,09:12:21,SKU-02366,2,A-01R-020-4-A,PKR-018,MULTI,USPS Priority Mail,GROUND
ORD-1136606,2025-05-13,17:36:15,SKU-04865,2,A-01R-011-4-B,PKR-021,MULTI,FedEx 2Day,STANDARD_OVERNIGHT
ORD-1133274,2025-05-13,09:20:24,SKU-03356,1,A-02L-015-2-A,PKR-013,MULTI,UPS Ground,GROUND
ORD-1137674,2025-05-13,20:19:15,SKU-02609,2,C-01R-013-1-B,PKR-014,MULTI,FedEx 2Day,GROUND
ORD-1138849,2025-05-13,16:32:43,SKU-02420,1,B-01L-005-4-B,PKR-032,MULTI,UPS Ground,GROUND
ORD-1133546,2025-05-13,14:50:33,SKU-01775,1,B-03R-006-4-B,PKR-025,MULTI,FedEx Ground,GROUND
ORD-1133147,2025-05-13,10:37:02,SKU-02908,2,B-02L-005-3-A,PKR-010,MULTI,USPS Priority Mail,GROUND
ORD-1132466,2025-05-13,14:10:41,SKU-04328,1,A-02L-021-1-B,PKR-021,MULTI,FedEx Ground,PRIORITY_2D
ORD-1133747,2025-05-13,19:00:23,SKU-04853,2,C-02R-021-4-A,PKR-008,MULTI,FedEx Ground,GROUND
ORD-1138582,2025-05-13,06:58:56,SKU-02585,2,A-01R-012-4-A,PKR-004,MULTI,UPS Ground,GROUND
ORD-1132759,2025-05-13,15:17:08,SKU-00017,1,B-03R-001-4-B,PKR-005,SINGLE,USPS Priority Mail,PRIORITY_2D
ORD-1142532,2025-05-14,06:49:26,SKU-00170,2,A-03L-012-1-A,PKR-023,MULTI,UPS Ground,GROUND
ORD-1140147,2025-05-14,09:33:55,SKU-00588,2,C-03L-004-4-B,PKR-007,MULTI,UPS Ground,GROUND
ORD-1141255,2025-05-14,11:14:12,SKU-02202,2,C-01R-025-1-B,PKR-025,MULTI,FedEx Ground,GROUND
ORD-1141281,2025-05-14,17:06:49,SKU-04309,2,C-01R-016-1-B,PKR-003,MULTI,UPS Ground,GROUND
ORD-1140461,2025-05-14,07:06:06,SKU-04328,1,A-02L-021-1-B,PKR-016,MULTI,FedEx 2Day,GROUND
ORD-1143103,2025-05-14,11:24:19,SKU-02363,2,A-01R-022-2-A,PKR-026,MULTI,UPS Ground,GROUND
ORD-1146406,2025-05-14,12:12:57,SKU-03381,1,C-02L-015-5-B,PKR-010,MULTI,USPS Priority Mail,GROUND
ORD-1147315,2025-05-14,18:10:37,SKU-00001,2,C-03L-001-4-A,PKR-011,MULTI,UPS Ground,GROUND
ORD-1143684,2025-05-14,19:39:24,SKU-02775,2,C-01R-023-3-A,PKR-030,MULTI,UPS Ground,GROUND
ORD-1143621,2025-05-14,09:03:15,SKU-01463,2,A-04L-004-3-B,PKR-023,MULTI,UPS Ground,GROUND
ORD-1146459,2025-05-14,07:32:25,SKU-02509,1,B-01L-020-5-A,PKR-019,MULTI,UPS Ground,GROUND
ORD-1141274,2025-05-14,12:05:30,SKU-02564,2,C-01L-011-5-B,PKR-003,MULTI,FedEx Ground,GROUND
ORD-1141896,2025-05-14,20:13:28,SKU-01428,2,A-03L-006-4-A,PKR-010,MULTI,FedEx 2Day,PRIORITY_2D
ORD-1140043,2025-05-14,10:47:21,SKU-04647,2,C-01R-010-1-A,PKR-007,MULTI,UPS Ground,GROUND
ORD-1141695,2025-05-14,20:38:42,SKU-02624,1,A-02R-022-1-A,PKR-031,MULTI,FedEx Ground,GROUND
ORD-1145013,2025-05-14,07:44:47,SKU-02908,2,B-02L-005-3-A,PKR-013,MULTI,UPS Ground,GROUND
ORD-1140311,2025-05-14,19:02:24,SKU-00284,2,B-03R-012-4-A,PKR-009,MULTI,FedEx Ground,PRIORITY_2D
ORD-1141605,2025-05-14,11:22:22,SKU-01040,1,B-04R-019-4-A,PKR-026,MULTI,USPS Priority Mail,STANDARD_OVERNIGHT
ORD-1145493,2025-05-14,11:21:02,SKU-03881,2,B-02R-002-4-A,PKR-025,MULTI,UPS 2nd Day Air,GROUND
ORD-1144920,2025-05-14,16:01:41,SKU-04328,2,A-02L-021-1-B,PKR-026,MULTI,USPS Priority Mail,GROUND
ORD-1146991,2025-05-14,13:21:34,SKU-02366,2,A-01R-020-4-A,PKR-001,MULTI,USPS Priority Mail,PRIORITY_2D
ORD-1145834,2025-05-14,15:51:56,SKU-02609,1,C-01R-013-1-B,PKR-012,SINGLE,UPS 2nd Day Air,PRIORITY_2D
ORD-1144532,2025-05-14,07:41:28,SKU-02929,2,E-01L-021-3-B,PKR-003,MULTI,FedEx 2Day,GROUND
ORD-1146473,2025-05-14,20:06:05,SKU-04328,1,A-02L-021-1-B,PKR-004,MULTI,UPS Ground,GROUND
ORD-1140111,2025-05-14,20:29:16,SKU-04856,1,D-02R-001-2-A,PKR-018,MULTI,FedEx Ground,GROUND
ORD-1141532,2025-05-14,16:02:20,SKU-04828,2,D-01L-015-3-A,PKR-010,MULTI,FedEx Ground,GROUND
ORD-1142003,2025-05-14,10:45:24,SKU-03479,2,B-01R-003-4-B,PKR-003,MULTI,FedEx Ground,GROUND
ORD-1141805,2025-05-14,16:39:28,SKU-04538,2,A-01R-001-1-B,PKR-009,MULTI,UPS Ground,PRIORITY_2D
ORD-1147703,2025-05-14,17:12:41,SKU-04328,2,A-02L-021-1-B,PKR-003,MULTI,FedEx Ground,STANDARD_OVERNIGHT
ORD-1147865,2025-05-14,12:50:12,SKU-01532,2,B-03R-008-1-A,PKR-009,MULTI,FedEx Ground,PRIORITY_2D
ORD-1140722,2025-05-14,12:01:32,SKU-04050,2,C-02L-018-1-A,PKR-028,MULTI,UPS Ground,GROUND
ORD-1146671,2025-05-14,08:57:31,SKU-01755,2,B-04R-018-3-A,PKR-008,MULTI,UPS 2nd Day Air,GROUND
ORD-1141791,2025-05-14,11:32:17,SKU-02908,2,B-02L-005-3-A,PKR-011,MULTI,FedEx Ground,GROUND
ORD-1142902,2025-05-14,20:59:34,SKU-02140,1,B-01R-020-2-B,PKR-005,MULTI,FedEx Ground,GROUND
ORD-1144246,2025-05-14,18:27:17,SKU-04572,1,C-01R-021-2-B,PKR-013,MULTI,USPS Priority Mail,GROUND
ORD-1140827,2025-05-14,10:50:40,SKU-04865,1,A-01R-011-4-B,PKR-022,MULTI,FedEx Ground,GROUND
ORD-1144864,2025-05-14,17:57:05,SKU-04041,1,A-02R-002-2-B,PKR-006,SINGLE,FedEx Ground,GROUND
ORD-1147020,2025-05-14,19:50:09,SKU-03727,2,B-02R-023-4-A,PKR-020,MULTI,FedEx Ground,PRIORITY_2D
ORD-1144202,2025-05-14,15:38:00,SKU-00022,2,D-04R-011-4-B,PKR-014,MULTI,UPS Ground,GROUND
ORD-1142599,2025-05-14,13:28:38,SKU-01074,2,B-04L-005-2-B,PKR-010,MULTI,FedEx Ground,GROUND
ORD-1141917,2025-05-14,10:09:10,SKU-02585,1,A-01R-012-4-A,PKR-009,MULTI,FedEx Ground,PRIORITY_2D
ORD-1147414,2025-05-14,06:34:57,SKU-03194,2,B-01L-009-2-B,PKR-027,MULTI,FedEx 2Day,STANDARD_OVERNIGHT
ORD-1147285,2025-05-14,15:41:12,SKU-03488,2,B-01R-020-1-A,PKR-022,MULTI,USPS Priority Mail,GROUND
ORD-1146757,2025-05-14,19:24:49,SKU-04608,2,A-02L-025-1-B,PKR-003,MULTI,FedEx Ground,GROUND
ORD-1145818,2025-05-14,06:48:54,SKU-00430,2,B-04R-002-3-B,PKR-006,MULTI,UPS Ground,GROUND
ORD-1146219,2025-05-14,07:54:19,SKU-04041,1,A-02R-002-2-B,PKR-005,MULTI,UPS Ground,GROUND
ORD-1142257,2025-05-14,21:47:00,SKU-00872,1,A-04L-005-1-A,PKR-025,MULTI,FedEx Ground,PRIORITY_2D
ORD-1142952,2025-05-14,20:55:25,SKU-01406,2,E-04L-017-2-B,PKR-012,MULTI,FedEx Ground,PRIORITY_2D
ORD-1142798,2025-05-14,13:51:32,SKU-03727,2,B-02R-023-4-A,PKR-020,MULTI,UPS Ground,GROUND
ORD-1144299,2025-05-14,17:58:55,SKU-01490,2,B-04R-009-1-A,PKR-017,MULTI,FedEx Ground,GROUND
ORD-1143135,2025-05-14,11:57:46,SKU-04504,2,C-02L-003-3-B,PKR-001,SINGLE,UPS Ground,STANDARD_OVERNIGHT
ORD-1143742,2025-05-14,09:07:17,SKU-00376,2,B-04L-004-2-B,PKR-026,MULTI,UPS 2nd Day Air,GROUND
ORD-1141377,2025-05-14,07:41:19,SKU-01645,1,B-04R-009-2-A,PKR-011,MULTI,FedEx Ground,GROUND
ORD-1146174,2025-05-14,12:00:48,SKU-04041,2,A-02R-002-2-B,PKR-017,MULTI,USPS Priority Mail,GROUND
ORD-1147718,2025-05-14,09:54:32,SKU-03302,2,D-02L-002-3-B,PKR-025,MULTI,FedEx 2Day,GROUND
ORD-1143292,2025-05-14,06:35:40,SKU-02726,2,C-02R-016-4-B,PKR-016,MULTI,UPS Ground,STANDARD_OVERNIGHT
ORD-1142529,2025-05-14,18:08:59,SKU-01490,2,B-04R-009-1-A,PKR-002,MULTI,USPS Priority Mail,PRIORITY_2D
ORD-1141333,2025-05-14,11:59:04,SKU-03727,2,B-02R-023-4-A,PKR-022,MULTI,USPS Priority Mail,GROUND
ORD-1146351,2025-05-14,13:21:26,SKU-03032,2,A-02L-020-4-B,PKR-011,MULTI,FedEx Ground,GROUND
ORD-1145310,2025-05-14,10:37:08,SKU-02977,1,C-02L-014-2-B,PKR-012,MULTI,UPS Ground,STANDARD_OVERNIGHT
ORD-1143745,2025-05-14,18:24:55,SKU-04733,2,A-01R-018-1-A,PKR-030,MULTI,USPS Priority Mail,GROUND
ORD-1145543,2025-05-14,18:23:13,SKU-01339,1,B-04R-005-2-A,PKR-027,MULTI,UPS Ground,GROUND
ORD-1147881,2025-05-14,11:28:20,SKU-03891,2,A-01L-018-5-A,PKR-003,MULTI,FedEx Ground,GROUND
ORD-1146326,2025-05-14,21:36:58,SKU-02214,2,D-01L-001-2-A,PKR-026,MULTI,FedEx Ground,GROUND
ORD-1144376,2025-05-14,14:35:11,SKU-00841,2,D-04R-010-1-B,PKR-014,MULTI,USPS Priority Mail,GROUND
ORD-1143658,2025-05-14,10:46:18,SKU-04523,1,A-02L-024-2-B,PKR-021,MULTI,UPS Ground,GROUND
ORD-1141318,2025-05-14,07:51:05,SKU-01970,1,C-03R-016-2-B,PKR-011,MULTI,FedEx Ground,GROUND
ORD-1144630,2025-05-14,06:48:27,SKU-03823,1,C-02R-020-1-B,PKR-011,MULTI,UPS 2nd Day Air,PRIORITY_2D
ORD-1144456,2025-05-14,21:29:06,SKU-00023,2,A-04R-013-4-B,PKR-021,MULTI,FedEx Ground,GROUND
ORD-1141827,2025-05-14,10:33:48,SKU-02585,1,A-01R-012-4-A,PKR-011,MULTI,USPS Priority Mail,PRIORITY_2D
ORD-1147012,2025-05-14,16:30:40,SKU-02272,2,A-02R-002-5-A,PKR-004,MULTI,FedEx 2Day,GROUND
ORD-1141061,2025-05-14,21:00:05,SKU-02250,2,C-02L-016-2-B,PKR-029,SINGLE,FedEx Ground,PRIORITY_2D
ORD-1142866,2025-05-14,10:37:31,SKU-03881,1,B-02R-002-4-A,PKR-032,MULTI,FedEx Ground,GROUND
ORD-1142032,2025-05-14,18:26:06,SKU-02085,2,D-02R-008-1-A,PKR-005,MULTI,UPS Ground,PRIORITY_2D
ORD-1141978,2025-05-14,13:56:07,SKU-03727,1,B-02R-023-4-A,PKR-014,MULTI,USPS Priority Mail,STANDARD_OVERNIGHT
ORD-1141203,2025-05-14,15:06:09,SKU-02624,1,A-02R-022-1-A,PKR-002,MULTI,FedEx Ground,GROUND
ORD-1144153,2025-05-14,18:41:06,SKU-02908,1,B-02L-005-3-A,PKR-026,MULTI,UPS Ground,GROUND
ORD-1140601,2025-05-14,19:40:41,SKU-00872,2,A-04L-005-1-A,PKR-021,MULTI,USPS Priority Mail,PRIORITY_2D
ORD-1145761,2025-05-14,21:37:54,SKU-04245,2,B-01R-001-1-A,PKR-028,MULTI,UPS Ground,GROUND
ORD-1144552,2025-05-14,13:57:01,SKU-02892,2,D-01R-021-3-A,PKR-007,MULTI,UPS Ground,GROUND
ORD-1144339,2025-05-14,13:00:16,SKU-03095,2,B-01L-010-3-A,PKR-022,MULTI,UPS 2nd Day Air,GROUND
ORD-1144400,2025-05-14,08:06:01,SKU-04768,1,A-01R-021-2-A,PKR-027,MULTI,UPS Ground,GROUND
ORD-1142096,2025-05-14,12:48:31,SKU-02585,1,A-01R-012-4-A,PKR-008,MULTI,FedEx Ground,GROUND
ORD-1140026,2025-05-14,17:33:21,SKU-03678,1,D-01R-018-2-B,PKR-024,MULTI,FedEx Ground,GROUND
ORD-1144247,2025-05-14,19:27:51,SKU-04328,2,A-02L-021-1-B,PKR-032,MULTI,UPS Ground,GROUND
ORD-1142807,2025-05-14,21:52:25,SKU-02681,1,A-01R-018-4-B,PKR-014,MULTI,FedEx Ground,GROUND
ORD-1146941,2025-05-14,07:48:32,SKU-02305,2,C-01R-008-2-B,PKR-009,MULTI,USPS Priority Mail,STANDARD_OVERNIGHT
ORD-1144703,2025-05-14,07:47:39,SKU-02922,2,D-02R-010-5-B,PKR-007,MULTI,USPS Priority Mail,GROUND
ORD-1145624,2025-05-14,15:05:26,SKU-00487,2,C-04L-020-2-A,PKR-009,MULTI,FedEx Ground,GROUND
ORD-1141057,2025-05-14,14:18:10,SKU-01463,2,A-04L-004-3-B,PKR-031,MULTI,FedEx Ground,GROUND
ORD-1142299,2025-05-14,12:53:16,SKU-02609,2,C-01R-013-1-B,PKR-015,MULTI,UPS 2nd Day Air,GROUND
ORD-1145985,2025-05-14,12:55:41,SKU-03727,2,B-02R-023-4-A,PKR-002,MULTI,FedEx Ground,PRIORITY_2D
ORD-1143956,2025-05-14,11:58:19,SKU-02681,1,A-01R-018-4-B,PKR-028,MULTI,USPS Priority Mail,GROUND
ORD-1143092,2025-05-14,15:43:52,SKU-04328,2,A-02L-021-1-B,PKR-021,MULTI,USPS Priority Mail,STANDARD_OVERNIGHT
ORD-1144310,2025-05-14,10:56:01,SKU-03053,1,C-01R-007-3-B,PKR-025,MULTI,UPS Ground,GROUND
ORD-1143870,2025-05-14,20:23:06,SKU-04710,2,A-02L-008-2-A,PKR-010,MULTI,FedEx Ground,GROUND
ORD-1146351,2025-05-14,13:21:26,SKU-00260,1,C-03L-011-2-B,PKR-011,MULTI,FedEx Ground,GROUND
ORD-1146046,2025-05-14,09:14:06,SKU-00872,2,A-04L-005-1-A,PKR-006,MULTI,FedEx 2Day,GROUND
ORD-1141944,2025-05-14,12:34:44,SKU-02509,2,B-01L-020-5-A,PKR-007,MULTI,UPS Ground,GROUND
ORD-1143955,2025-05-14,16:05:49,SKU-02366,2,A-01R-020-4-A,PKR-011,MULTI,UPS Ground,GROUND
ORD-1144300,2025-05-14,14:49:33,SKU-03760,2,E-02R-017-5-B,PKR-018,MULTI,FedEx Ground,GROUND
ORD-1145559,2025-05-14,16:37:35,SKU-04435,2,A-02R-016-4-A,PKR-032,MULTI,FedEx Ground,STANDARD_OVERNIGHT
ORD-1141230,2025-05-14,12:19:45,SKU-01121,2,B-04R-017-4-A,PKR-030,MULTI,USPS Priority Mail,GROUND
ORD-1147497,2025-05-14,18:20:07,SKU-02140,1,B-01R-020-2-B,PKR-032,MULTI,FedEx Ground,GROUND
ORD-1144310,2025-05-14,10:56:01,SKU-02624,2,A-02R-022-1-A,PKR-025,MULTI,UPS Ground,GROUND
ORD-1146349,2025-05-14,10:54:51,SKU-02366,1,A-01R-020-4-A,PKR-015,MULTI,FedEx Ground,PRIORITY_2D
ORD-1141520,2025-05-14,10:10:20,SKU-02557,1,B-02L-019-4-A,PKR-024,MULTI,FedEx 2Day,PRIORITY_2D
ORD-1140451,2025-05-14,17:13:17,SKU-02366,1,A-01R-020-4-A,PKR-028,MULTI,USPS Priority Mail,GROUND
ORD-1144289,2025-05-14,11:34:02,SKU-04608,2,A-02L-025-1-B,PKR-032,MULTI,FedEx Ground,GROUND
ORD-1143745,2025-05-14,18:24:55,SKU-02365,2,A-02L-010-3-A,PKR-030,MULTI,USPS Priority Mail,GROUND
ORD-1140364,2025-05-14,06:45:56,SKU-03881,1,B-02R-002-4-A,PKR-026,MULTI,FedEx 2Day,PRIORITY_2D
ORD-1147309,2025-05-14,11:38:26,SKU-00872,1,A-04L-005-1-A,PKR-019,MULTI,UPS Ground,GROUND
ORD-1144911,2025-05-14,12:14:20,SKU-04041,2,A-02R-002-2-B,PKR-017,MULTI,UPS Ground,GROUND
ORD-1140284,2025-05-14,11:12:46,SKU-00037,2,A-03L-004-3-A,PKR-024,MULTI,FedEx Ground,GROUND
ORD-1147081,2025-05-14,11:09:00,SKU-02509,2,B-01L-020-5-A,PKR-032,MULTI,USPS Priority Mail,GROUND
ORD-1140846,2025-05-14,09:12:45,SKU-00883,2,D-04R-003-1-B,PKR-026,MULTI,UPS 2nd Day Air,GROUND
ORD-1146594,2025-05-14,07:18:42,SKU-00708,2,A-03L-007-4-B,PKR-029,MULTI,FedEx Ground,PRIORITY_2D
ORD-1143169,2025-05-14,08:03:44,SKU-04457,2,A-01L-020-2-B,PKR-001,MULTI,FedEx Ground,GROUND
ORD-1145349,2025-05-14,06:55:57,SKU-01978,1,B-03L-006-2-B,PKR-007,MULTI,USPS Priority Mail,GROUND
ORD-1143830,2025-05-14,12:12:34,SKU-04457,2,A-01L-020-2-B,PKR-031,MULTI,UPS Ground,GROUND
ORD-1140199,2025-05-14,08:25:08,SKU-04041,1,A-02R-002-2-B,PKR-020,MULTI,FedEx Ground,GROUND
ORD-1140384,2025-05-14,06:03:34,SKU-02681,2,A-01R-018-4-B,PKR-014,MULTI,UPS Ground,GROUND
ORD-1143555,2025-05-14,11:20:31,SKU-00872,2,A-04L-005-1-A,PKR-006,MULTI,USPS Priority Mail,GROUND
ORD-1146216,2025-05-14,14:18:19,SKU-00161,2,E-03R-003-1-B,PKR-024,MULTI,USPS Priority Mail,GROUND
ORD-1143641,2025-05-14,08:20:17,SKU-04554,2,D-01L-016-3-B,PKR-006,MULTI,FedEx Ground,GROUND
ORD-1140426,2025-05-14,19:59:36,SKU-03369,2,D-02L-005-5-B,PKR-023,MULTI,FedEx Ground,GROUND
ORD-1142012,2025-05-14,09:21:54,SKU-04768,2,A-01R-021-2-A,PKR-002,MULTI,UPS 2nd Day Air,PRIORITY_2D
ORD-1141144,2025-05-14,14:28:09,SKU-02585,2,A-01R-012-4-A,PKR-010,MULTI,FedEx Ground,GROUND
ORD-1145192,2025-05-14,19:14:34,SKU-03176,2,C-01R-007-4-A,PKR-021,MULTI,FedEx 2Day,GROUND
ORD-1141859,2025-05-14,10:54:21,SKU-03335,1,E-01R-005-3-B,PKR-016,MULTI,FedEx Ground,GROUND
ORD-1147651,2025-05-14,09:38:06,SKU-02125,1,A-01R-020-2-B,PKR-007,MULTI,UPS 2nd Day Air,PRIORITY_2D
ORD-1147122,2025-05-14,09:40:52,SKU-01739,2,A-03L-013-1-B,PKR-011,MULTI,UPS Ground,GROUND
ORD-1142359,2025-05-14,15:15:16,SKU-00838,1,A-03L-009-1-B,PKR-019,MULTI,USPS Priority Mail,GROUND
ORD-1143919,2025-05-14,21:01:00,SKU-01601,2,A-03L-001-3-B,PKR-005,MULTI,USPS Priority Mail,GROUND
ORD-1144808,2025-05-14,18:12:02,SKU-01192,2,A-04R-012-1-B,PKR-030,MULTI,USPS Priority Mail,GROUND
ORD-1147634,2025-05-14,21:52:49,SKU-04457,1,A-01L-020-2-B,PKR-010,MULTI,FedEx Ground,GROUND
ORD-1145446,2025-05-14,06:37:02,SKU-03049,2,C-02L-003-4-A,PKR-008,MULTI,USPS Priority Mail,GROUND
ORD-1142648,2025-05-14,16:35:30,SKU-04799,1,D-02R-002-2-B,PKR-031,MULTI,USPS Priority Mail,PRIORITY_2D
ORD-1142065,2025-05-14,16:48:06,SKU-01846,2,B-03R-002-1-A,PKR-018,MULTI,USPS Priority Mail,GROUND
ORD-1141767,2025-05-14,14:12:41,SKU-04457,2,A-01L-020-2-B,PKR-024,MULTI,UPS 2nd Day Air,GROUND
ORD-1141353,2025-05-14,12:25:26,SKU-02609,1,C-01R-013-1-B,PKR-022,MULTI,FedEx Ground,GROUND
ORD-1145144,2025-05-14,09:06:58,SKU-03361,1,C-01R-018-4-B,PKR-029,MULTI,UPS Ground,GROUND
ORD-1142962,2025-05-14,12:34:18,SKU-01204,2,A-03R-016-1-B,PKR-030,MULTI,FedEx Ground,GROUND
ORD-1143031,2025-05-14,07:32:57,SKU-02511,2,E-02R-017-4-B,PKR-026,MULTI,FedEx Ground,GROUND
ORD-1144926,2025-05-14,14:42:01,SKU-02366,1,A-01R-020-4-A,PKR-026,MULTI,FedEx Ground,GROUND
ORD-1146016,2025-05-14,20:28:48,SKU-02908,1,B-02L-005-3-A,PKR-026,MULTI,UPS Ground,STANDARD_OVERNIGHT
ORD-1147200,2025-05-14,21:51:35,SKU-03283,1,B-02L-015-1-A,PKR-027,MULTI,UPS Ground,STANDARD_OVERNIGHT
ORD-1143227,2025-05-14,06:08:05,SKU-02836,2,A-02R-009-1-B,PKR-019,MULTI,UPS Ground,GROUND
ORD-1142046,2025-05-14,17:09:40,SKU-04878,2,B-01R-016-3-B,PKR-031,MULTI,UPS Ground,STANDARD_OVERNIGHT
ORD-1144781,2025-05-14,12:00:59,SKU-03203,2,D-02R-026-3-B,PKR-022,MULTI,USPS Priority Mail,GROUND
ORD-1147957,2025-05-14,13:44:47,SKU-02140,2,B-01R-020-2-B,PKR-026,MULTI,FedEx Ground,GROUND
ORD-1147696,2025-05-14,16:44:54,SKU-00872,2,A-04L-005-1-A,PKR-026,MULTI,FedEx Ground,GROUND
ORD-1145116,2025-05-14,19:48:58,SKU-03496,2,B-01R-016-5-B,PKR-014,MULTI,UPS Ground,PRIORITY_2D
ORD-1145252,2025-05-14,14:57:51,SKU-02859,1,A-01L-018-3-A,PKR-020,SINGLE,FedEx 2Day,GROUND
ORD-1144049,2025-05-14,18:35:06,SKU-00838,1,A-03L-009-1-B,PKR-010,SINGLE,USPS Priority Mail,GROUND
ORD-1147451,2025-05-14,16:23:44,SKU-04328,2,A-02L-021-1-B,PKR-032,MULTI,USPS Priority Mail,STANDARD_OVERNIGHT
ORD-1140450,2025-05-14,16:35:08,SKU-03715,1,D-02L-011-5-A,PKR-003,MULTI,UPS Ground,STANDARD_OVERNIGHT
ORD-1146126,2025-05-14,12:14:32,SKU-02281,1,A-01L-025-3-B,PKR-028,MULTI,FedEx Ground,GROUND
ORD-1146904,2025-05-14,07:59:54,SKU-02140,2,B-01R-020-2-B,PKR-011,MULTI,FedEx Ground,GROUND
ORD-1145351,2025-05-14,08:11:00,SKU-02218,2,C-02R-003-1-B,PKR-028,MULTI,UPS Ground,GROUND
ORD-1143244,2025-05-14,09:55:55,SKU-04328,2,A-02L-021-1-B,PKR-015,MULTI,FedEx Ground,STANDARD_OVERNIGHT
ORD-1147045,2025-05-14,16:18:42,SKU-00136,2,C-03R-001-4-B,PKR-032,MULTI,UPS Ground,GROUND
ORD-1141342,2025-05-14,16:45:16,SKU-04041,2,A-02R-002-2-B,PKR-032,MULTI,USPS Priority Mail,GROUND
ORD-1142874,2025-05-14,20:15:51,SKU-04328,2,A-02L-021-1-B,PKR-004,MULTI,FedEx Ground,GROUND
ORD-1144456,2025-05-14,21:29:06,SKU-01033,2,C-03R-010-1-A,PKR-021,MULTI,FedEx Ground,GROUND
ORD-1147071,2025-05-14,10:33:12,SKU-04878,1,B-01R-016-3-B,PKR-032,MULTI,FedEx Ground,PRIORITY_2D
ORD-1144152,2025-05-14,21:44:35,SKU-04001,2,A-01R-003-2-B,PKR-014,MULTI,UPS Ground,PRIORITY_2D
ORD-1142670,2025-05-14,11:24:21,SKU-02407,1,A-01L-004-2-A,PKR-019,MULTI,UPS Ground,PRIORITY_2D
ORD-1145928,2025-05-14,19:12:04,SKU-04328,1,A-02L-021-1-B,PKR-013,MULTI,UPS Ground,GROUND
ORD-1140507,2025-05-14,10:43:09,SKU-02908,1,B-02L-005-3-A,PKR-016,MULTI,UPS Ground,PRIORITY_2D
ORD-1145266,2025-05-14,17:13:08,SKU-02609,2,C-01R-013-1-B,PKR-011,MULTI,USPS Priority Mail,GROUND
ORD-1140018,2025-05-14,06:52:19,SKU-04328,2,A-02L-021-1-B,PKR-004,MULTI,UPS Ground,GROUND
ORD-1144671,2025-05-14,18:10:34,SKU-02366,2,A-01R-020-4-A,PKR-024,MULTI,FedEx Ground,GROUND
ORD-1142936,2025-05-14,08:45:03,SKU-02425,1,D-01R-016-1-A,PKR-017,MULTI,FedEx Ground,GROUND
ORD-1141269,2025-05-14,20:03:07,SKU-02893,2,B-01L-026-2-B,PKR-026,MULTI,UPS Ground,GROUND
ORD-1142104,2025-05-14,13:17:49,SKU-03727,2,B-02R-023-4-A,PKR-007,MULTI,USPS Priority Mail,PRIORITY_2D
ORD-1144999,2025-05-14,19:48:37,SKU-00840,2,B-04R-010-2-A,PKR-020,MULTI,UPS Ground,GROUND
ORD-1147774,2025-05-14,15:40:49,SKU-02120,2,D-01R-018-3-B,PKR-003,MULTI,FedEx Ground,GROUND
ORD-1140393,2025-05-14,13:08:56,SKU-00158,2,C-04L-010-3-A,PKR-014,MULTI,FedEx Ground,GROUND
ORD-1145676,2025-05-14,15:34:51,SKU-02649,2,E-01R-001-4-B,PKR-001,MULTI,FedEx Ground,STANDARD_OVERNIGHT
ORD-1144959,2025-05-14,09:18:05,SKU-02939,1,A-02R-016-5-A,PKR-002,MULTI,UPS Ground,GROUND
ORD-1141719,2025-05-14,14:36:33,SKU-02908,2,B-02L-005-3-A,PKR-005,MULTI,UPS 2nd Day Air,GROUND
ORD-1141714,2025-05-14,16:02:03,SKU-02908,1,B-02L-005-3-A,PKR-025,MULTI,FedEx Ground,GROUND
ORD-1144805,2025-05-14,19:23:47,SKU-03595,1,D-02R-008-1-B,PKR-032,MULTI,FedEx Ground,GROUND
ORD-1145005,2025-05-14,16:51:38,SKU-02585,2,A-01R-012-4-A,PKR-013,MULTI,UPS Ground,GROUND
ORD-1146451,2025-05-14,06:57:01,SKU-01654,1,B-03L-004-1-B,PKR-023,MULTI,UPS Ground,GROUND
ORD-1141509,2025-05-14,12:50:55,SKU-04528,2,B-02R-014-3-B,PKR-027,MULTI,UPS 2nd Day Air,PRIORITY_2D
ORD-1143972,2025-05-14,13:56:56,SKU-02357,1,C-02L-006-2-A,PKR-009,MULTI,USPS Priority Mail,GROUND
ORD-1142338,2025-05-14,11:50:24,SKU-04328,2,A-02L-021-1-B,PKR-001,MULTI,UPS Ground,PRIORITY_2D
ORD-1143140,2025-05-14,14:27:20,SKU-01162,1,C-03L-020-4-B,PKR-006,MULTI,UPS Ground,GROUND
ORD-1141221,2025-05-14,11:59:34,SKU-03459,2,A-01R-026-3-A,PKR-027,MULTI,FedEx Ground,PRIORITY_2D
ORD-1144949,2025-05-14,07:42:11,SKU-01204,1,A-03R-016-1-B,PKR-011,SINGLE,UPS Ground,PRIORITY_2D
ORD-1140387,2025-05-14,14:55:53,SKU-03815,2,D-02R-014-1-B,PKR-018,MULTI,UPS Ground,GROUND
ORD-1144657,2025-05-14,20:04:02,SKU-02841,2,E-01R-022-5-B,PKR-018,SINGLE,FedEx Ground,GROUND
ORD-1143052,2025-05-14,07:59:10,SKU-00191,2,D-03R-007-4-B,PKR-026,MULTI,USPS Priority Mail,GROUND
ORD-1140417,2025-05-14,12:08:10,SKU-01124,2,B-03R-007-4-A,PKR-020,MULTI,USPS Priority Mail,GROUND
ORD-1142689,2025-05-14,06:20:14,SKU-04733,2,A-01R-018-1-A,PKR-015,MULTI,UPS 2nd Day Air,GROUND
ORD-1140314,2025-05-14,11:44:45,SKU-02772,1,A-02R-012-5-A,PKR-011,MULTI,UPS Ground,GROUND
ORD-1147303,2025-05-14,13:46:11,SKU-04457,2,A-01L-020-2-B,PKR-005,MULTI,UPS Ground,PRIORITY_2D
ORD-1146945,2025-05-14,16:52:11,SKU-00419,2,C-04L-011-1-A,PKR-013,MULTI,FedEx 2Day,STANDARD_OVERNIGHT
ORD-1146954,2025-05-14,13:07:28,SKU-03630,2,A-02L-025-4-B,PKR-001,MULTI,UPS Ground,GROUND
ORD-1141584,2025-05-14,21:50:22,SKU-04328,1,A-02L-021-1-B,PKR-026,MULTI,UPS Ground,GROUND
ORD-1145170,2025-05-14,15:43:59,SKU-04528,1,B-02R-014-3-B,PKR-021,MULTI,UPS Ground,PRIORITY_2D
ORD-1141916,2025-05-14,06:41:21,SKU-04031,2,D-02R-023-4-B,PKR-014,MULTI,USPS Priority Mail,PRIORITY_2D
ORD-1140051,2025-05-14,08:09:11,SKU-04608,2,A-02L-025-1-B,PKR-002,MULTI,USPS Priority Mail,PRIORITY_2D
ORD-1147121,2025-05-14,18:01:44,SKU-04489,2,B-02L-018-4-B,PKR-025,MULTI,UPS Ground,STANDARD_OVERNIGHT
ORD-1152820,2025-05-15,11:45:37,SKU-02016,1,A-02L-016-1-A,PKR-010,MULTI,USPS Priority Mail,GROUND
ORD-1150411,2025-05-15,16:39:38,SKU-02585,1,A-01R-012-4-A,PKR-024,MULTI,FedEx 2Day,PRIORITY_2D
ORD-1148358,2025-05-15,09:37:52,SKU-04538,2,A-01R-001-1-B,PKR-031,MULTI,UPS 2nd Day Air,GROUND
ORD-1152015,2025-05-15,21:37:32,SKU-00037,2,A-03L-004-3-A,PKR-027,MULTI,USPS Priority Mail,GROUND
ORD-1151497,2025-05-15,19:26:24,SKU-02509,2,B-01L-020-5-A,PKR-022,MULTI,UPS Ground,GROUND
ORD-1151434,2025-05-15,11:02:28,SKU-04328,1,A-02L-021-1-B,PKR-008,MULTI,FedEx Ground,GROUND
ORD-1148957,2025-05-15,09:17:21,SKU-02366,1,A-01R-020-4-A,PKR-001,MULTI,FedEx 2Day,GROUND
ORD-1152724,2025-05-15,17:19:46,SKU-04540,2,D-02L-003-3-B,PKR-005,MULTI,UPS Ground,STANDARD_OVERNIGHT
ORD-1150028,2025-05-15,15:43:29,SKU-04670,2,C-02R-018-2-B,PKR-024,MULTI,FedEx 2Day,GROUND
ORD-1153761,2025-05-15,14:51:03,SKU-04915,2,C-01L-024-1-A,PKR-012,MULTI,USPS Priority Mail,PRIORITY_2D
ORD-1148789,2025-05-15,07:27:51,SKU-01490,2,B-04R-009-1-A,PKR-026,MULTI,FedEx Ground,GROUND
ORD-1149127,2025-05-15,20:02:56,SKU-02085,2,D-02R-008-1-A,PKR-015,MULTI,UPS Ground,GROUND
ORD-1149480,2025-05-15,16:59:40,SKU-04353,2,B-02L-022-4-A,PKR-019,MULTI,FedEx Ground,GROUND
ORD-1153479,2025-05-15,13:07:01,SKU-04328,1,A-02L-021-1-B,PKR-001,MULTI,UPS Ground,PRIORITY_2D
ORD-1150819,2025-05-15,18:58:37,SKU-03823,2,C-02R-020-1-B,PKR-016,MULTI,USPS Priority Mail,GROUND
ORD-1151280,2025-05-15,20:07:04,SKU-03049,2,C-02L-003-4-A,PKR-007,MULTI,UPS Ground,GROUND
ORD-1151610,2025-05-15,10:38:22,SKU-02694,2,D-02R-021-1-B,PKR-019,MULTI,FedEx 2Day,PRIORITY_2D
ORD-1153601,2025-05-15,17:10:16,SKU-02034,2,A-02L-014-4-B,PKR-015,MULTI,UPS Ground,PRIORITY_2D
ORD-1155147,2025-05-15,10:04:55,SKU-03077,1,B-02L-012-4-B,PKR-001,MULTI,UPS Ground,GROUND
ORD-1154888,2025-05-15,12:54:58,SKU-04041,1,A-02R-002-2-B,PKR-005,MULTI,FedEx 2Day,GROUND
ORD-1149993,2025-05-15,20:21:06,SKU-03873,1,B-01R-025-2-B,PKR-008,MULTI,USPS Priority Mail,GROUND
ORD-1155915,2025-05-15,20:23:01,SKU-04041,2,A-02R-002-2-B,PKR-020,MULTI,UPS Ground,GROUND
ORD-1150633,2025-05-15,21:04:52,SKU-02185,2,C-01R-009-4-B,PKR-003,MULTI,FedEx Ground,GROUND
ORD-1150845,2025-05-15,16:10:07,SKU-01490,2,B-04R-009-1-A,PKR-027,MULTI,UPS Ground,GROUND
ORD-1150231,2025-05-15,12:02:46,SKU-00872,2,A-04L-005-1-A,PKR-020,MULTI,FedEx 2Day,GROUND
ORD-1152166,2025-05-15,14:23:10,SKU-04328,2,A-02L-021-1-B,PKR-028,MULTI,FedEx Ground,GROUND
ORD-1154829,2025-05-15,12:26:50,SKU-02659,1,B-02R-007-3-A,PKR-018,MULTI,UPS 2nd Day Air,PRIORITY_2D
ORD-1150477,2025-05-15,06:11:31,SKU-04928,2,B-01L-013-2-B,PKR-017,MULTI,FedEx Ground,GROUND
ORD-1155277,2025-05-15,06:29:44,SKU-00585,2,C-04R-005-4-B,PKR-029,MULTI,UPS Ground,GROUND
ORD-1149522,2025-05-15,18:04:37,SKU-04308,2,B-02R-019-4-A,PKR-017,MULTI,UPS Ground,GROUND
ORD-1150691,2025-05-15,20:51:54,SKU-02924,2,D-02R-004-1-A,PKR-029,MULTI,FedEx Ground,GROUND
ORD-1152741,2025-05-15,21:20:25,SKU-00392,2,B-03L-019-1-B,PKR-028,MULTI,UPS Ground,GROUND
ORD-1155255,2025-05-15,07:03:07,SKU-04328,2,A-02L-021-1-B,PKR-006,MULTI,UPS Ground,GROUND
ORD-1154711,2025-05-15,20:38:44,SKU-04959,2,B-01L-008-1-B,PKR-026,MULTI,FedEx Ground,PRIORITY_2D
ORD-1149019,2025-05-15,08:01:36,SKU-00393,2,D-03R-012-1-A,PKR-011,MULTI,UPS 2nd Day Air,GROUND
ORD-1148069,2025-05-15,08:08:48,SKU-04328,2,A-02L-021-1-B,PKR-013,MULTI,FedEx Ground,PRIORITY_2D
ORD-1155008,2025-05-15,11:53:57,SKU-04328,2,A-02L-021-1-B,PKR-032,MULTI,FedEx Ground,GROUND
ORD-1151052,2025-05-15,11:43:13,SKU-03823,1,C-02R-020-1-B,PKR-019,MULTI,FedEx Ground,GROUND
ORD-1154282,2025-05-15,09:09:44,SKU-04328,2,A-02L-021-1-B,PKR-011,MULTI,UPS Ground,GROUND
ORD-1149603,2025-05-15,16:40:59,SKU-02424,2,D-01L-016-5-A,PKR-025,MULTI,UPS Ground,GROUND
ORD-1155604,2025-05-15,18:05:54,SKU-02908,2,B-02L-005-3-A,PKR-002,SINGLE,UPS Ground,GROUND
ORD-1150815,2025-05-15,07:47:51,SKU-03823,2,C-02R-020-1-B,PKR-012,MULTI,USPS Priority Mail,PRIORITY_2D
ORD-1154661,2025-05-15,18:39:02,SKU-02568,1,C-02L-015-3-A,PKR-028,MULTI,USPS Priority Mail,GROUND
ORD-1154295,2025-05-15,16:03:06,SKU-03395,2,B-01L-014-4-B,PKR-012,MULTI,FedEx Ground,GROUND
ORD-1151784,2025-05-15,12:14:11,SKU-02893,2,B-01L-026-2-B,PKR-002,MULTI,FedEx Ground,PRIORITY_2D
ORD-1150559,2025-05-15,18:08:55,SKU-02366,2,A-01R-020-4-A,PKR-018,MULTI,USPS Priority Mail,GROUND
ORD-1149928,2025-05-15,19:50:40,SKU-02537,2,A-02L-004-3-A,PKR-017,MULTI,UPS Ground,GROUND
ORD-1151101,2025-05-15,14:58:11,SKU-02125,2,A-01R-020-2-B,PKR-001,MULTI,FedEx Ground,PRIORITY_2D
ORD-1152022,2025-05-15,07:08:18,SKU-04373,2,C-02R-008-5-B,PKR-009,MULTI,UPS Ground,GROUND
ORD-1148798,2025-05-15,20:05:05,SKU-02185,2,C-01R-009-4-B,PKR-029,MULTI,UPS Ground,PRIORITY_2D
ORD-1149648,2025-05-15,09:07:10,SKU-02585,2,A-01R-012-4-A,PKR-002,MULTI,FedEx Ground,STANDARD_OVERNIGHT
ORD-1154445,2025-05-15,17:23:27,SKU-01141,2,E-04R-005-1-A,PKR-004,MULTI,FedEx Ground,GROUND
ORD-1153689,2025-05-15,10:55:41,SKU-01204,1,A-03R-016-1-B,PKR-023,MULTI,UPS Ground,GROUND
ORD-1150289,2025-05-15,18:08:59,SKU-04082,1,A-02R-002-2-A,PKR-027,MULTI,UPS Ground,GROUND
ORD-1150090,2025-05-15,11:12:24,SKU-03439,2,E-02R-004-3-A,PKR-015,MULTI,FedEx Ground,PRIORITY_2D
ORD-1155525,2025-05-15,06:12:28,SKU-02908,2,B-02L-005-3-A,PKR-012,MULTI,UPS 2nd Day Air,GROUND
ORD-1150370,2025-05-15,10:36:04,SKU-02859,2,A-01L-018-3-A,PKR-023,MULTI,USPS Priority Mail,GROUND
ORD-1149726,2025-05-15,09:19:28,SKU-02767,2,C-02R-013-1-B,PKR-005,MULTI,FedEx Ground,GROUND
ORD-1154279,2025-05-15,07:26:46,SKU-00767,2,B-03R-001-4-A,PKR-031,MULTI,FedEx Ground,GROUND
ORD-1152000,2025-05-15,06:59:37,SKU-04670,2,C-02R-018-2-B,PKR-031,MULTI,FedEx 2Day,PRIORITY_2D
ORD-1153926,2025-05-15,10:44:09,SKU-00392,2,B-03L-019-1-B,PKR-027,MULTI,FedEx Ground,GROUND
ORD-1152928,2025-05-15,07:40:39,SKU-00872,2,A-04L-005-1-A,PKR-007,MULTI,FedEx Ground,GROUND
ORD-1155434,2025-05-15,11:15:58,SKU-02609,2,C-01R-013-1-B,PKR-025,MULTI,UPS Ground,GROUND
ORD-1155043,2025-05-15,08:16:18,SKU-04807,1,B-02L-013-3-B,PKR-013,MULTI,FedEx Ground,GROUND
ORD-1154596,2025-05-15,15:23:09,SKU-04710,2,A-02L-008-2-A,PKR-022,MULTI,FedEx Ground,GROUND
ORD-1149519,2025-05-15,12:30:57,SKU-04237,2,D-02R-005-1-A,PKR-020,MULTI,UPS Ground,GROUND
ORD-1155186,2025-05-15,14:16:37,SKU-04896,2,A-02L-008-1-A,PKR-004,MULTI,UPS Ground,PRIORITY_2D
ORD-1155423,2025-05-15,20:43:22,SKU-02366,2,A-01R-020-4-A,PKR-013,MULTI,USPS Priority Mail,GROUND
ORD-1152712,2025-05-15,21:59:49,SKU-04878,1,B-01R-016-3-B,PKR-017,MULTI,FedEx Ground,PRIORITY_2D
ORD-1150925,2025-05-15,17:11:20,SKU-02366,1,A-01R-020-4-A,PKR-020,MULTI,UPS 2nd Day Air,GROUND
ORD-1148300,2025-05-15,06:47:37,SKU-02731,1,A-01R-004-5-A,PKR-011,MULTI,FedEx Ground,PRIORITY_2D
ORD-1149882,2025-05-15,07:19:08,SKU-02624,1,A-02R-022-1-A,PKR-014,MULTI,FedEx 2Day,GROUND
ORD-1152517,2025-05-15,16:16:54,SKU-04528,2,B-02R-014-3-B,PKR-018,MULTI,USPS Priority Mail,GROUND
ORD-1148435,2025-05-15,21:40:30,SKU-03444,1,D-01L-004-1-A,PKR-002,MULTI,USPS Priority Mail,GROUND
ORD-1148570,2025-05-15,16:48:27,SKU-02624,2,A-02R-022-1-A,PKR-019,MULTI,UPS Ground,GROUND
ORD-1149338,2025-05-15,06:21:21,SKU-01331,2,A-03R-003-4-B,PKR-013,MULTI,UPS Ground,STANDARD_OVERNIGHT
ORD-1152719,2025-05-15,21:34:51,SKU-00872,2,A-04L-005-1-A,PKR-007,MULTI,FedEx Ground,GROUND
ORD-1154108,2025-05-15,12:22:51,SKU-02354,1,C-01R-012-4-B,PKR-014,MULTI,FedEx Ground,GROUND
ORD-1149241,2025-05-15,13:45:21,SKU-00872,2,A-04L-005-1-A,PKR-003,MULTI,UPS Ground,GROUND
ORD-1148003,2025-05-15,06:50:29,SKU-00424,2,A-04L-002-3-A,PKR-013,MULTI,UPS Ground,GROUND
ORD-1152701,2025-05-15,08:07:26,SKU-02125,1,A-01R-020-2-B,PKR-002,MULTI,UPS Ground,GROUND
ORD-1155433,2025-05-15,16:11:16,SKU-03136,2,D-01R-005-5-A,PKR-026,MULTI,UPS Ground,GROUND
ORD-1149917,2025-05-15,09:51:58,SKU-04252,2,C-01L-024-4-B,PKR-023,MULTI,FedEx Ground,GROUND
ORD-1152886,2025-05-15,17:46:52,SKU-00872,2,A-04L-005-1-A,PKR-011,MULTI,UPS Ground,GROUND
ORD-1149826,2025-05-15,20:13:25,SKU-02850,2,A-01R-014-5-A,PKR-031,MULTI,UPS Ground,GROUND
ORD-1152264,2025-05-15,20:34:01,SKU-02373,2,B-01L-007-3-A,PKR-008,MULTI,USPS Priority Mail,PRIORITY_2D
ORD-1152675,2025-05-15,07:57:13,SKU-00950,2,B-04R-013-2-B,PKR-013,MULTI,FedEx Ground,GROUND
ORD-1155670,2025-05-15,07:41:51,SKU-01490,2,B-04R-009-1-A,PKR-016,MULTI,FedEx Ground,GROUND
ORD-1155606,2025-05-15,07:15:30,SKU-02140,2,B-01R-020-2-B,PKR-023,MULTI,USPS Priority Mail,GROUND
ORD-1148331,2025-05-15,12:28:09,SKU-00872,1,A-04L-005-1-A,PKR-025,MULTI,FedEx Ground,GROUND
ORD-1154522,2025-05-15,13:57:52,SKU-04328,1,A-02L-021-1-B,PKR-015,MULTI,FedEx Ground,GROUND
ORD-1149547,2025-05-15,09:03:40,SKU-04041,2,A-02R-002-2-B,PKR-003,MULTI,USPS Priority Mail,PRIORITY_2D
ORD-1154324,2025-05-15,21:35:33,SKU-03980,2,C-01R-004-5-B,PKR-014,MULTI,FedEx Ground,GROUND
ORD-1154373,2025-05-15,17:55:40,SKU-01386,2,E-03L-012-4-A,PKR-028,MULTI,FedEx Ground,GROUND
ORD-1154210,2025-05-15,07:09:22,SKU-02782,1,C-02R-014-3-A,PKR-003,MULTI,UPS 2nd Day Air,STANDARD_OVERNIGHT
ORD-1155130,2025-05-15,20:58:35,SKU-04041,1,A-02R-002-2-B,PKR-004,MULTI,FedEx Ground,GROUND
ORD-1150788,2025-05-15,19:02:19,SKU-00153,1,D-03L-012-4-A,PKR-007,MULTI,UPS Ground,GROUND
ORD-1148290,2025-05-15,21:54:21,SKU-03356,1,A-02L-015-2-A,PKR-029,MULTI,UPS Ground,GROUND
ORD-1151632,2025-05-15,16:15:06,SKU-02684,2,B-01L-017-4-A,PKR-006,MULTI,USPS Priority Mail,GROUND
ORD-1150444,2025-05-15,10:34:32,SKU-04608,2,A-02L-025-1-B,PKR-012,MULTI,USPS Priority Mail,GROUND
ORD-1150928,2025-05-15,07:14:31,SKU-04353,1,B-02L-022-4-A,PKR-028,MULTI,UPS Ground,GROUND
ORD-1152310,2025-05-15,16:22:20,SKU-02232,2,C-01L-002-5-A,PKR-002,MULTI,FedEx Ground,GROUND
ORD-1153155,2025-05-15,19:47:18,SKU-01019,1,B-03R-014-1-A,PKR-007,MULTI,FedEx Ground,GROUND
ORD-1148518,2025-05-15,08:34:07,SKU-04890,1,A-02R-006-5-B,PKR-023,MULTI,UPS Ground,GROUND
ORD-1149463,2025-05-15,10:16:44,SKU-03791,2,D-01L-026-4-B,PKR-010,SINGLE,UPS Ground,GROUND
ORD-1148883,2025-05-15,12:17:43,SKU-04328,2,A-02L-021-1-B,PKR-002,MULTI,USPS Priority Mail,GROUND
ORD-1149860,2025-05-15,10:25:25,SKU-00910,1,B-04R-014-3-A,PKR-019,MULTI,UPS Ground,GROUND
ORD-1152120,2025-05-15,11:46:56,SKU-04865,2,A-01R-011-4-B,PKR-019,MULTI,UPS Ground,STANDARD_OVERNIGHT
ORD-1148501,2025-05-15,07:34:59,SKU-00341,1,A-04R-007-1-A,PKR-010,MULTI,FedEx Ground,STANDARD_OVERNIGHT
ORD-1153487,2025-05-15,09:49:14,SKU-02910,2,B-02R-016-1-A,PKR-009,MULTI,UPS Ground,GROUND
ORD-1153930,2025-05-15,16:21:26,SKU-04328,2,A-02L-021-1-B,PKR-029,MULTI,UPS Ground,GROUND
ORD-1154803,2025-05-15,20:06:32,SKU-02191,1,A-01L-014-2-B,PKR-030,MULTI,USPS Priority Mail,GROUND
ORD-1153456,2025-05-15,14:52:03,SKU-00433,2,E-03R-017-4-B,PKR-017,MULTI,USPS Priority Mail,PRIORITY_2D
ORD-1151239,2025-05-15,21:06:51,SKU-03369,2,D-02L-005-5-B,PKR-022,MULTI,FedEx Ground,GROUND
ORD-1149134,2025-05-15,17:33:34,SKU-01207,2,B-04R-018-4-B,PKR-020,MULTI,FedEx Ground,GROUND
ORD-1154988,2025-05-15,14:17:57,SKU-02404,1,A-01R-019-4-B,PKR-028,MULTI,USPS Priority Mail,PRIORITY_2D
ORD-1152037,2025-05-15,16:28:39,SKU-04933,2,E-02R-001-2-A,PKR-006,MULTI,UPS Ground,PRIORITY_2D
ORD-1153600,2025-05-15,16:08:29,SKU-00046,2,B-03L-005-2-A,PKR-008,MULTI,UPS Ground,PRIORITY_2D
ORD-1152089,2025-05-15,19:17:00,SKU-03480,2,C-01L-002-1-A,PKR-028,MULTI,USPS Priority Mail,PRIORITY_2D
ORD-1152124,2025-05-15,19:49:06,SKU-01652,2,B-04R-013-1-B,PKR-004,MULTI,UPS Ground,GROUND
ORD-1155759,2025-05-15,21:15:59,SKU-00798,2,B-03L-016-4-B,PKR-022,MULTI,FedEx Ground,GROUND
ORD-1151685,2025-05-15,06:43:18,SKU-00037,1,A-03L-004-3-A,PKR-003,MULTI,UPS Ground,GROUND
ORD-1153116,2025-05-15,06:46:29,SKU-00026,2,A-03R-009-1-B,PKR-029,SINGLE,FedEx Ground,GROUND
ORD-1152321,2025-05-15,06:36:16,SKU-00461,2,D-03R-011-1-B,PKR-010,MULTI,UPS Ground,GROUND
ORD-1149704,2025-05-15,11:11:16,SKU-02232,2,C-01L-002-5-A,PKR-009,MULTI,USPS Priority Mail,GROUND
ORD-1153472,2025-05-15,19:37:52,SKU-02032,2,C-01L-015-2-A,PKR-008,MULTI,UPS Ground,GROUND
ORD-1152658,2025-05-15,18:00:05,SKU-02110,2,D-02L-026-4-B,PKR-021,MULTI,UPS Ground,STANDARD_OVERNIGHT
ORD-1148142,2025-05-15,08:00:17,SKU-04328,2,A-02L-021-1-B,PKR-007,MULTI,UPS Ground,GROUND
ORD-1154874,2025-05-15,18:07:07,SKU-04328,1,A-02L-021-1-B,PKR-006,MULTI,FedEx Ground,GROUND
ORD-1152910,2025-05-15,16:06:55,SKU-03077,1,B-02L-012-4-B,PKR-007,MULTI,FedEx Ground,STANDARD_OVERNIGHT
ORD-1152547,2025-05-15,13:22:44,SKU-01426,2,D-04L-014-2-B,PKR-018,MULTI,FedEx Ground,GROUND
ORD-1155189,2025-05-15,20:55:04,SKU-04041,1,A-02R-002-2-B,PKR-012,MULTI,FedEx Ground,GROUND
ORD-1152256,2025-05-15,19:54:04,SKU-02609,2,C-01R-013-1-B,PKR-009,MULTI,FedEx Ground,PRIORITY_2D
ORD-1150904,2025-05-15,09:02:14,SKU-02509,2,B-01L-020-5-A,PKR-009,MULTI,FedEx Ground,GROUND
ORD-1152340,2025-05-15,06:53:07,SKU-00872,2,A-04L-005-1-A,PKR-007,MULTI,UPS Ground,GROUND
ORD-1152491,2025-05-15,19:08:36,SKU-01999,2,A-04L-007-3-A,PKR-001,MULTI,FedEx Ground,GROUND
ORD-1153381,2025-05-15,15:48:10,SKU-03382,2,B-01L-020-5-B,PKR-015,MULTI,FedEx Ground,PRIORITY_2D
ORD-1151046,2025-05-15,09:27:49,SKU-04328,2,A-02L-021-1-B,PKR-029,MULTI,UPS Ground,PRIORITY_2D
ORD-1155603,2025-05-15,14:48:04,SKU-03369,1,D-02L-005-5-B,PKR-023,MULTI,FedEx 2Day,GROUND
ORD-1153520,2025-05-15,17:21:32,SKU-02699,1,C-01L-007-2-B,PKR-031,MULTI,FedEx 2Day,GROUND
ORD-1154465,2025-05-15,11:54:26,SKU-02045,2,B-01R-025-3-A,PKR-013,MULTI,UPS Ground,GROUND
ORD-1153618,2025-05-15,16:40:39,SKU-03755,2,D-01R-020-4-A,PKR-022,MULTI,UPS 2nd Day Air,GROUND
ORD-1148098,2025-05-15,09:01:10,SKU-04475,1,A-01L-026-4-A,PKR-001,MULTI,FedEx Ground,GROUND
ORD-1153176,2025-05-15,10:43:10,SKU-02158,1,B-02R-003-5-A,PKR-026,MULTI,UPS Ground,GROUND
ORD-1154049,2025-05-15,09:26:40,SKU-02104,1,B-01R-002-1-A,PKR-004,MULTI,USPS Priority Mail,GROUND
ORD-1148406,2025-05-15,06:10:23,SKU-01204,1,A-03R-016-1-B,PKR-002,MULTI,FedEx Ground,GROUND
ORD-1153019,2025-05-15,20:38:21,SKU-02050,1,C-02L-007-1-A,PKR-017,MULTI,FedEx Ground,GROUND
ORD-1154429,2025-05-15,14:42:20,SKU-02796,2,A-02L-004-2-B,PKR-013,MULTI,FedEx Ground,GROUND
ORD-1148604,2025-05-15,09:24:00,SKU-00872,1,A-04L-005-1-A,PKR-019,MULTI,USPS Priority Mail,PRIORITY_2D
ORD-1151606,2025-05-15,12:12:32,SKU-02580,2,C-02L-009-2-A,PKR-029,MULTI,FedEx Ground,GROUND
ORD-1150548,2025-05-15,10:18:04,SKU-02908,2,B-02L-005-3-A,PKR-031,MULTI,FedEx Ground,STANDARD_OVERNIGHT
ORD-1152256,2025-05-15,19:54:04,SKU-00872,1,A-04L-005-1-A,PKR-009,MULTI,FedEx Ground,PRIORITY_2D
ORD-1152393,2025-05-15,08:30:53,SKU-04328,1,A-02L-021-1-B,PKR-004,MULTI,USPS Priority Mail,GROUND
ORD-1153983,2025-05-15,15:11:51,SKU-04608,1,A-02L-025-1-B,PKR-007,MULTI,UPS Ground,GROUND
ORD-1154207,2025-05-15,09:33:16,SKU-01721,2,A-04L-015-4-B,PKR-005,MULTI,USPS Priority Mail,PRIORITY_2D
ORD-1152115,2025-05-15,19:57:44,SKU-04768,2,A-01R-021-2-A,PKR-008,MULTI,UPS Ground,GROUND
ORD-1155756,2025-05-15,18:56:14,SKU-02125,1,A-01R-020-2-B,PKR-022,MULTI,UPS Ground,GROUND
ORD-1150211,2025-05-15,10:45:42,SKU-03727,2,B-02R-023-4-A,PKR-005,MULTI,FedEx 2Day,STANDARD_OVERNIGHT
ORD-1150749,2025-05-15,06:21:29,SKU-02023,1,D-01R-019-5-A,PKR-019,MULTI,UPS 2nd Day Air,GROUND
ORD-1150582,2025-05-15,10:49:05,SKU-00314,1,B-03R-010-3-B,PKR-027,MULTI,UPS 2nd Day Air,GROUND
ORD-1153306,2025-05-15,10:47:11,SKU-01124,1,B-03R-007-4-A,PKR-009,MULTI,UPS Ground,GROUND
ORD-1150463,2025-05-15,08:42:28,SKU-01428,1,A-03L-006-4-A,PKR-012,MULTI,USPS Priority Mail,GROUND
ORD-1148948,2025-05-15,08:58:31,SKU-03727,2,B-02R-023-4-A,PKR-009,MULTI,FedEx Ground,GROUND
ORD-1155508,2025-05-15,18:24:21,SKU-03465,2,B-01R-013-4-A,PKR-023,MULTI,FedEx Ground,GROUND
ORD-1149338,2025-05-15,06:21:21,SKU-03881,2,B-02R-002-4-A,PKR-013,MULTI,UPS Ground,STANDARD_OVERNIGHT
ORD-1151379,2025-05-15,17:05:03,SKU-00010,2,B-04R-004-2-B,PKR-010,MULTI,USPS Priority Mail,GROUND
ORD-1150494,2025-05-15,08:23:03,SKU-01331,1,A-03R-003-4-B,PKR-022,MULTI,UPS Ground,PRIORITY_2D
ORD-1154007,2025-05-15,06:01:19,SKU-04328,1,A-02L-021-1-B,PKR-024,MULTI,UPS Ground,STANDARD_OVERNIGHT
ORD-1153699,2025-05-15,13:29:27,SKU-02185,2,C-01R-009-4-B,PKR-006,MULTI,FedEx Ground,PRIORITY_2D
ORD-1149817,2025-05-15,19:39:59,SKU-01124,2,B-03R-007-4-A,PKR-012,MULTI,FedEx Ground,GROUND
ORD-1150070,2025-05-15,15:36:41,SKU-02073,2,B-02L-002-5-A,PKR-004,MULTI,UPS Ground,GROUND
ORD-1154833,2025-05-15,14:55:35,SKU-04328,2,A-02L-021-1-B,PKR-003,MULTI,UPS Ground,GROUND
ORD-1148866,2025-05-15,08:03:30,SKU-03945,1,A-01R-010-4-A,PKR-031,MULTI,FedEx Ground,GROUND
ORD-1148617,2025-05-15,19:00:07,SKU-01115,2,B-04L-002-1-A,PKR-029,MULTI,UPS Ground,GROUND
ORD-1149576,2025-05-15,09:10:11,SKU-02888,2,C-01L-009-5-A,PKR-015,MULTI,FedEx Ground,GROUND
ORD-1149167,2025-05-15,07:18:31,SKU-02509,2,B-01L-020-5-A,PKR-021,MULTI,UPS Ground,GROUND
ORD-1149531,2025-05-15,13:40:03,SKU-01040,2,B-04R-019-4-A,PKR-023,MULTI,USPS Priority Mail,GROUND
ORD-1153462,2025-05-15,15:49:55,SKU-04328,2,A-02L-021-1-B,PKR-009,MULTI,USPS Priority Mail,GROUND
ORD-1155999,2025-05-15,10:33:11,SKU-02681,2,A-01R-018-4-B,PKR-011,MULTI,UPS Ground,GROUND
ORD-1153837,2025-05-15,06:38:33,SKU-00872,1,A-04L-005-1-A,PKR-029,MULTI,UPS Ground,GROUND
ORD-1148227,2025-05-15,07:36:55,SKU-00447,1,A-04L-008-2-A,PKR-031,MULTI,FedEx Ground,GROUND
ORD-1151746,2025-05-15,08:54:03,SKU-01121,2,B-04R-017-4-A,PKR-007,MULTI,FedEx 2Day,GROUND
ORD-1153795,2025-05-15,20:38:25,SKU-03790,1,A-01L-017-1-B,PKR-001,MULTI,FedEx Ground,STANDARD_OVERNIGHT
ORD-1155471,2025-05-15,21:00:03,SKU-04328,2,A-02L-021-1-B,PKR-019,MULTI,UPS Ground,STANDARD_OVERNIGHT
ORD-1153929,2025-05-15,14:51:19,SKU-01552,1,A-04R-001-1-B,PKR-026,MULTI,UPS Ground,GROUND
ORD-1149394,2025-05-15,08:52:29,SKU-01559,2,A-03L-003-4-B,PKR-015,MULTI,USPS Priority Mail,GROUND
ORD-1148302,2025-05-15,19:48:26,SKU-04041,2,A-02R-002-2-B,PKR-025,MULTI,USPS Priority Mail,PRIORITY_2D
ORD-1153018,2025-05-15,13:21:14,SKU-04328,2,A-02L-021-1-B,PKR-008,MULTI,UPS Ground,STANDARD_OVERNIGHT
ORD-1149839,2025-05-15,09:53:07,SKU-04328,2,A-02L-021-1-B,PKR-016,MULTI,FedEx Ground,GROUND
ORD-1148496,2025-05-15,21:21:05,SKU-03585,2,A-02L-022-2-B,PKR-029,MULTI,FedEx Ground,PRIORITY_2D
ORD-1148570,2025-05-15,16:48:27,SKU-04928,2,B-01L-013-2-B,PKR-019,MULTI,UPS Ground,GROUND
ORD-1154437,2025-05-15,10:31:46,SKU-04328,1,A-02L-021-1-B,PKR-002,MULTI,UPS Ground,PRIORITY_2D
ORD-1154940,2025-05-15,17:16:34,SKU-04878,2,B-01R-016-3-B,PKR-027,MULTI,FedEx Ground,PRIORITY_2D
ORD-1150747,2025-05-15,06:19:56,SKU-04328,1,A-02L-021-1-B,PKR-011,MULTI,FedEx Ground,PRIORITY_2D
ORD-1152523,2025-05-15,14:29:03,SKU-00239,2,A-04L-019-1-B,PKR-031,MULTI,FedEx Ground,GROUND
ORD-1154537,2025-05-15,20:51:25,SKU-02393,2,B-02R-005-2-B,PKR-015,MULTI,FedEx 2Day,GROUND
ORD-1151415,2025-05-15,14:54:35,SKU-03727,1,B-02R-023-4-A,PKR-015,MULTI,FedEx 2Day,GROUND
ORD-1157965,2025-05-16,15:44:00,SKU-01490,2,B-04R-009-1-A,PKR-012,MULTI,USPS Priority Mail,GROUND
ORD-1156288,2025-05-16,11:49:50,SKU-04457,2,A-01L-020-2-B,PKR-008,MULTI,USPS Priority Mail,STANDARD_OVERNIGHT
ORD-1161704,2025-05-16,18:07:52,SKU-03823,1,C-02R-020-1-B,PKR-017,MULTI,FedEx Ground,PRIORITY_2D
ORD-1157040,2025-05-16,11:10:03,SKU-01490,2,B-04R-009-1-A,PKR-015,MULTI,USPS Priority Mail,GROUND
ORD-1161702,2025-05-16,11:13:11,SKU-01204,2,A-03R-016-1-B,PKR-014,MULTI,USPS Priority Mail,GROUND
ORD-1158602,2025-05-16,09:56:44,SKU-02104,2,B-01R-002-1-A,PKR-024,MULTI,USPS Priority Mail,PRIORITY_2D
ORD-1156592,2025-05-16,08:22:27,SKU-04041,1,A-02R-002-2-B,PKR-004,MULTI,FedEx Ground,GROUND
ORD-1161341,2025-05-16,11:50:07,SKU-01204,2,A-03R-016-1-B,PKR-006,MULTI,UPS Ground,GROUND
ORD-1161715,2025-05-16,06:41:24,SKU-04828,2,D-01L-015-3-A,PKR-032,MULTI,FedEx 2Day,GROUND
ORD-1156751,2025-05-16,12:41:23,SKU-02732,2,C-01R-001-3-A,PKR-029,MULTI,UPS Ground,PRIORITY_2D
ORD-1163514,2025-05-16,07:30:06,SKU-00035,2,D-04L-019-1-B,PKR-020,MULTI,UPS Ground,GROUND
ORD-1158453,2025-05-16,09:17:24,SKU-04528,2,B-02R-014-3-B,PKR-023,MULTI,FedEx Ground,GROUND
ORD-1161484,2025-05-16,14:44:18,SKU-04388,1,D-01R-010-2-A,PKR-020,MULTI,UPS Ground,PRIORITY_2D
ORD-1160036,2025-05-16,10:43:39,SKU-02908,1,B-02L-005-3-A,PKR-018,MULTI,FedEx 2Day,GROUND
ORD-1161517,2025-05-16,17:44:50,SKU-02185,1,C-01R-009-4-B,PKR-009,MULTI,FedEx Ground,GROUND
ORD-1161357,2025-05-16,11:14:43,SKU-00046,2,B-03L-005-2-A,PKR-016,MULTI,UPS Ground,GROUND
ORD-1163474,2025-05-16,09:34:28,SKU-03727,2,B-02R-023-4-A,PKR-018,MULTI,FedEx Ground,PRIORITY_2D
ORD-1163629,2025-05-16,10:52:58,SKU-01091,2,D-03R-002-4-A,PKR-028,MULTI,USPS Priority Mail,GROUND
ORD-1162823,2025-05-16,15:04:18,SKU-03600,2,A-01L-017-2-B,PKR-025,MULTI,UPS Ground,PRIORITY_2D
ORD-1158731,2025-05-16,14:11:28,SKU-00239,1,A-04L-019-1-B,PKR-013,MULTI,UPS Ground,GROUND
ORD-1159513,2025-05-16,10:37:29,SKU-03727,1,B-02R-023-4-A,PKR-025,MULTI,USPS Priority Mail,GROUND
ORD-1161221,2025-05-16,18:02:14,SKU-02246,2,A-01L-007-4-B,PKR-029,MULTI,FedEx 2Day,GROUND
ORD-1157018,2025-05-16,08:07:56,SKU-00462,1,D-03R-019-3-A,PKR-005,MULTI,UPS Ground,PRIORITY_2D
ORD-1157397,2025-05-16,14:24:24,SKU-00587,2,C-03L-007-1-A,PKR-002,MULTI,FedEx Ground,GROUND
ORD-1163118,2025-05-16,09:05:48,SKU-04879,2,D-02L-016-3-B,PKR-032,MULTI,USPS Priority Mail,GROUND
ORD-1157940,2025-05-16,16:06:23,SKU-04435,2,A-02R-016-4-A,PKR-004,MULTI,FedEx Ground,GROUND
ORD-1160607,2025-05-16,16:35:19,SKU-03214,2,D-01L-012-4-B,PKR-014,MULTI,UPS Ground,GROUND
ORD-1162524,2025-05-16,08:42:01,SKU-02672,2,B-01R-001-5-B,PKR-007,SINGLE,UPS 2nd Day Air,GROUND
ORD-1160603,2025-05-16,09:35:59,SKU-02585,2,A-01R-012-4-A,PKR-024,MULTI,FedEx Ground,GROUND
ORD-1161118,2025-05-16,07:26:07,SKU-04528,1,B-02R-014-3-B,PKR-004,MULTI,FedEx Ground,GROUND
ORD-1163326,2025-05-16,14:36:10,SKU-00618,2,D-04L-008-1-A,PKR-023,MULTI,USPS Priority Mail,GROUND
ORD-1158063,2025-05-16,13:49:14,SKU-02937,2,C-02R-019-5-A,PKR-012,MULTI,USPS Priority Mail,GROUND
ORD-1156328,2025-05-16,19:25:55,SKU-03727,1,B-02R-023-4-A,PKR-027,SINGLE,FedEx 2Day,PRIORITY_2D
ORD-1157768,2025-05-16,21:37:48,SKU-00046,1,B-03L-005-2-A,PKR-008,MULTI,USPS Priority Mail,GROUND
ORD-1163620,2025-05-16,13:12:49,SKU-04328,1,A-02L-021-1-B,PKR-023,MULTI,FedEx Ground,PRIORITY_2D
ORD-1161153,2025-05-16,15:21:11,SKU-02366,2,A-01R-020-4-A,PKR-014,MULTI,FedEx Ground,GROUND
ORD-1157510,2025-05-16,15:21:50,SKU-02629,2,B-02L-024-2-A,PKR-003,MULTI,USPS Priority Mail,GROUND
ORD-1161967,2025-05-16,16:22:39,SKU-02407,2,A-01L-004-2-A,PKR-027,MULTI,FedEx Ground,GROUND
ORD-1159195,2025-05-16,12:46:42,SKU-00492,2,D-03R-003-1-B,PKR-011,MULTI,UPS Ground,GROUND
ORD-1161041,2025-05-16,08:28:00,SKU-03998,1,E-02L-016-1-A,PKR-013,MULTI,UPS Ground,PRIORITY_2D
ORD-1162626,2025-05-16,10:38:13,SKU-02509,1,B-01L-020-5-A,PKR-013,MULTI,FedEx Ground,GROUND
ORD-1158086,2025-05-16,16:54:49,SKU-04623,2,B-01R-007-5-A,PKR-005,MULTI,USPS Priority Mail,GROUND
ORD-1156591,2025-05-16,15:28:32,SKU-02585,2,A-01R-012-4-A,PKR-018,MULTI,USPS Priority Mail,GROUND
ORD-1157854,2025-05-16,06:04:06,SKU-02509,2,B-01L-020-5-A,PKR-027,MULTI,FedEx Ground,GROUND
ORD-1160593,2025-05-16,14:12:37,SKU-04041,2,A-02R-002-2-B,PKR-006,MULTI,UPS Ground,PRIORITY_2D
ORD-1158273,2025-05-16,19:26:09,SKU-04725,2,D-02L-017-2-B,PKR-002,MULTI,USPS Priority Mail,PRIORITY_2D
ORD-1161654,2025-05-16,06:54:16,SKU-04328,2,A-02L-021-1-B,PKR-024,SINGLE,UPS Ground,GROUND
ORD-1156723,2025-05-16,06:52:43,SKU-02366,2,A-01R-020-4-A,PKR-013,MULTI,USPS Priority Mail,GROUND
ORD-1159423,2025-05-16,12:21:35,SKU-00910,2,B-04R-014-3-A,PKR-004,MULTI,UPS Ground,GROUND
ORD-1160457,2025-05-16,11:36:47,SKU-04328,2,A-02L-021-1-B,PKR-010,MULTI,UPS 2nd Day Air,GROUND
ORD-1161666,2025-05-16,07:55:09,SKU-04041,2,A-02R-002-2-B,PKR-021,MULTI,USPS Priority Mail,GROUND
ORD-1158543,2025-05-16,16:44:13,SKU-02597,1,A-01L-006-4-B,PKR-011,MULTI,UPS Ground,STANDARD_OVERNIGHT
ORD-1158457,2025-05-16,11:57:01,SKU-04878,2,B-01R-016-3-B,PKR-014,MULTI,FedEx Ground,PRIORITY_2D
ORD-1161140,2025-05-16,17:37:52,SKU-01339,1,B-04R-005-2-A,PKR-017,SINGLE,UPS Ground,GROUND
ORD-1156382,2025-05-16,06:23:26,SKU-02102,2,A-01L-004-5-A,PKR-027,MULTI,UPS 2nd Day Air,GROUND
ORD-1159799,2025-05-16,18:35:42,SKU-04829,2,C-01R-008-3-B,PKR-026,MULTI,FedEx 2Day,GROUND
ORD-1156836,2025-05-16,15:01:44,SKU-04328,2,A-02L-021-1-B,PKR-019,MULTI,USPS Priority Mail,GROUND
ORD-1162355,2025-05-16,10:19:13,SKU-03239,2,C-01L-023-5-B,PKR-015,MULTI,UPS Ground,PRIORITY_2D
ORD-1163017,2025-05-16,08:02:58,SKU-02859,1,A-01L-018-3-A,PKR-002,MULTI,UPS Ground,GROUND
ORD-1159132,2025-05-16,10:04:42,SKU-00150,2,B-03L-004-2-A,PKR-007,MULTI,UPS Ground,GROUND
ORD-1159388,2025-05-16,12:30:19,SKU-02104,2,B-01R-002-1-A,PKR-011,MULTI,FedEx Ground,PRIORITY_2D
ORD-1157613,2025-05-16,21:37:18,SKU-04328,2,A-02L-021-1-B,PKR-008,MULTI,UPS Ground,STANDARD_OVERNIGHT
ORD-1162536,2025-05-16,17:21:32,SKU-00188,1,E-03R-013-2-B,PKR-003,MULTI,UPS 2nd Day Air,GROUND
ORD-1160887,2025-05-16,18:39:30,SKU-04041,1,A-02R-002-2-B,PKR-021,MULTI,UPS Ground,GROUND
ORD-1158871,2025-05-16,09:10:10,SKU-00145,2,D-03R-005-2-A,PKR-028,MULTI,USPS Priority Mail,PRIORITY_2D
ORD-1162608,2025-05-16,09:19:06,SKU-00076,2,C-03R-008-3-B,PKR-026,MULTI,UPS Ground,GROUND
ORD-1161560,2025-05-16,08:19:21,SKU-00350,2,E-04L-013-2-B,PKR-003,MULTI,UPS Ground,STANDARD_OVERNIGHT
ORD-1162943,2025-05-16,16:17:11,SKU-01600,1,B-03R-016-1-B,PKR-023,MULTI,UPS Ground,GROUND
ORD-1162194,2025-05-16,07:08:31,SKU-01204,2,A-03R-016-1-B,PKR-028,MULTI,UPS Ground,GROUND
ORD-1157146,2025-05-16,16:11:29,SKU-02676,2,B-02R-014-4-B,PKR-022,MULTI,FedEx Ground,GROUND
ORD-1163069,2025-05-16,10:11:45,SKU-01019,1,B-03R-014-1-A,PKR-032,SINGLE,USPS Priority Mail,GROUND
ORD-1160091,2025-05-16,13:12:00,SKU-00411,2,C-03L-008-4-A,PKR-022,MULTI,UPS Ground,GROUND
ORD-1159028,2025-05-16,09:13:33,SKU-02366,1,A-01R-020-4-A,PKR-010,MULTI,FedEx 2Day,GROUND
ORD-1158183,2025-05-16,09:23:49,SKU-02308,2,D-02R-021-4-A,PKR-012,MULTI,UPS 2nd Day Air,GROUND
ORD-1156370,2025-05-16,11:22:10,SKU-03203,2,D-02R-026-3-B,PKR-009,MULTI,USPS Priority Mail,GROUND
ORD-1156558,2025-05-16,16:27:03,SKU-04644,2,C-02L-023-3-A,PKR-024,MULTI,FedEx Ground,GROUND
ORD-1158873,2025-05-16,19:25:19,SKU-02034,1,A-02L-014-4-B,PKR-018,MULTI,FedEx Ground,PRIORITY_2D
ORD-1163364,2025-05-16,14:54:11,SKU-03727,1,B-02R-023-4-A,PKR-017,MULTI,USPS Priority Mail,GROUND
ORD-1158290,2025-05-16,18:15:39,SKU-04328,2,A-02L-021-1-B,PKR-028,MULTI,USPS Priority Mail,GROUND
ORD-1160345,2025-05-16,12:02:39,SKU-00392,2,B-03L-019-1-B,PKR-019,MULTI,FedEx Ground,PRIORITY_2D
ORD-1162844,2025-05-16,12:32:25,SKU-01721,2,A-04L-015-4-B,PKR-020,SINGLE,FedEx Ground,GROUND
ORD-1158377,2025-05-16,13:27:22,SKU-02191,2,A-01L-014-2-B,PKR-011,MULTI,FedEx Ground,GROUND
ORD-1162578,2025-05-16,08:21:22,SKU-03727,1,B-02R-023-4-A,PKR-032,MULTI,UPS Ground,GROUND
ORD-1160979,2025-05-16,09:35:49,SKU-00017,2,B-03R-001-4-B,PKR-021,MULTI,USPS Priority Mail,GROUND
ORD-1158043,2025-05-16,11:45:28,SKU-03727,1,B-02R-023-4-A,PKR-003,MULTI,UPS 2nd Day Air,GROUND
ORD-1157641,2025-05-16,13:07:48,SKU-04523,2,A-02L-024-2-B,PKR-028,MULTI,FedEx Ground,GROUND
ORD-1159853,2025-05-16,07:08:11,SKU-04041,1,A-02R-002-2-B,PKR-007,MULTI,FedEx Ground,GROUND
ORD-1163013,2025-05-16,17:16:11,SKU-02585,2,A-01R-012-4-A,PKR-028,MULTI,UPS 2nd Day Air,GROUND
ORD-1158698,2025-05-16,19:13:53,SKU-04435,2,A-02R-016-4-A,PKR-011,MULTI,FedEx Ground,GROUND
ORD-1162243,2025-05-16,06:17:36,SKU-01109,2,D-04L-004-1-A,PKR-032,MULTI,FedEx Ground,GROUND
ORD-1157014,2025-05-16,08:08:48,SKU-04328,2,A-02L-021-1-B,PKR-024,MULTI,FedEx Ground,GROUND
ORD-1158359,2025-05-16,06:22:57,SKU-00872,2,A-04L-005-1-A,PKR-026,MULTI,FedEx Ground,GROUND
ORD-1158836,2025-05-16,17:51:31,SKU-04775,1,A-02R-001-5-B,PKR-021,MULTI,FedEx Ground,GROUND
ORD-1161075,2025-05-16,16:52:39,SKU-04041,2,A-02R-002-2-B,PKR-014,MULTI,FedEx 2Day,PRIORITY_2D
ORD-1159626,2025-05-16,10:58:11,SKU-04328,2,A-02L-021-1-B,PKR-017,MULTI,USPS Priority Mail,GROUND
ORD-1161541,2025-05-16,12:01:29,SKU-04347,2,B-02R-012-5-B,PKR-013,MULTI,USPS Priority Mail,GROUND
ORD-1157226,2025-05-16,19:36:28,SKU-02000,1,B-04R-014-3-B,PKR-015,MULTI,USPS Priority Mail,GROUND
ORD-1163428,2025-05-16,19:50:52,SKU-00366,2,C-04L-008-3-A,PKR-030,MULTI,FedEx Ground,GROUND
ORD-1158075,2025-05-16,13:18:00,SKU-04037,2,A-02R-011-4-B,PKR-008,MULTI,UPS Ground,GROUND
ORD-1160922,2025-05-16,12:09:20,SKU-00872,1,A-04L-005-1-A,PKR-023,SINGLE,FedEx Ground,GROUND
ORD-1158970,2025-05-16,16:22:04,SKU-03881,1,B-02R-002-4-A,PKR-012,MULTI,UPS Ground,GROUND
ORD-1162703,2025-05-16,09:40:55,SKU-01331,2,A-03R-003-4-B,PKR-019,MULTI,FedEx Ground,GROUND
ORD-1161426,2025-05-16,14:41:00,SKU-02908,1,B-02L-005-3-A,PKR-022,MULTI,UPS Ground,GROUND
ORD-1159257,2025-05-16,12:49:36,SKU-00017,2,B-03R-001-4-B,PKR-024,MULTI,UPS Ground,GROUND
ORD-1161758,2025-05-16,08:10:04,SKU-04328,2,A-02L-021-1-B,PKR-019,MULTI,UPS Ground,GROUND
ORD-1159326,2025-05-16,09:04:25,SKU-04733,2,A-01R-018-1-A,PKR-007,SINGLE,USPS Priority Mail,GROUND
ORD-1158597,2025-05-16,12:10:30,SKU-04041,1,A-02R-002-2-B,PKR-018,MULTI,UPS Ground,PRIORITY_2D
ORD-1156829,2025-05-16,15:17:31,SKU-00495,2,C-03L-011-4-B,PKR-013,MULTI,USPS Priority Mail,GROUND
ORD-1156811,2025-05-16,09:34:49,SKU-02572,2,C-02L-025-2-A,PKR-031,MULTI,FedEx Ground,STANDARD_OVERNIGHT
ORD-1162588,2025-05-16,11:05:49,SKU-02659,2,B-02R-007-3-A,PKR-021,MULTI,UPS Ground,GROUND
ORD-1159891,2025-05-16,17:00:52,SKU-04210,2,D-02L-018-5-A,PKR-024,MULTI,FedEx Ground,PRIORITY_2D
ORD-1160066,2025-05-16,08:37:17,SKU-04108,1,E-02R-019-4-A,PKR-011,MULTI,FedEx Ground,PRIORITY_2D
ORD-1160017,2025-05-16,14:31:14,SKU-02309,1,A-01L-022-2-A,PKR-021,MULTI,FedEx Ground,PRIORITY_2D
ORD-1157313,2025-05-16,17:58:30,SKU-02420,2,B-01L-005-4-B,PKR-003,MULTI,USPS Priority Mail,PRIORITY_2D
ORD-1158396,2025-05-16,11:08:02,SKU-00111,2,E-04L-010-2-A,PKR-026,MULTI,FedEx Ground,GROUND
ORD-1162931,2025-05-16,07:30:17,SKU-01803,1,B-03R-020-1-A,PKR-009,MULTI,FedEx Ground,GROUND
ORD-1157237,2025-05-16,18:16:33,SKU-02659,1,B-02R-007-3-A,PKR-023,MULTI,UPS Ground,GROUND
ORD-1156522,2025-05-16,06:53:43,SKU-00907,1,C-03R-014-4-B,PKR-017,MULTI,USPS Priority Mail,GROUND
ORD-1156863,2025-05-16,21:21:14,SKU-00199,2,B-03R-020-4-B,PKR-012,SINGLE,FedEx Ground,GROUND
ORD-1157122,2025-05-16,19:40:47,SKU-04608,2,A-02L-025-1-B,PKR-007,MULTI,UPS Ground,STANDARD_OVERNIGHT
ORD-1162720,2025-05-16,06:49:06,SKU-03823,2,C-02R-020-1-B,PKR-001,SINGLE,UPS Ground,GROUND
ORD-1156674,2025-05-16,19:12:50,SKU-00099,1,B-04L-002-2-A,PKR-003,MULTI,UPS Ground,GROUND
ORD-1160505,2025-05-16,15:58:16,SKU-01773,2,B-04R-020-2-B,PKR-009,MULTI,UPS Ground,PRIORITY_2D
ORD-1158072,2025-05-16,08:30:59,SKU-02509,1,B-01L-020-5-A,PKR-018,MULTI,USPS Priority Mail,GROUND
ORD-1162999,2025-05-16,11:26:21,SKU-04328,1,A-02L-021-1-B,PKR-023,MULTI,UPS Ground,GROUND
ORD-1160060,2025-05-16,07:31:12,SKU-04846,1,B-01L-003-1-A,PKR-003,MULTI,FedEx Ground,GROUND
ORD-1162763,2025-05-16,08:47:25,SKU-00392,1,B-03L-019-1-B,PKR-005,MULTI,USPS Priority Mail,GROUND
ORD-1160457,2025-05-16,11:36:47,SKU-00192,2,C-04L-009-4-A,PKR-010,MULTI,UPS 2nd Day Air,GROUND
ORD-1157685,2025-05-16,15:41:27,SKU-02767,2,C-02R-013-1-B,PKR-007,MULTI,FedEx Ground,GROUND
ORD-1156895,2025-05-16,10:31:39,SKU-04041,2,A-02R-002-2-B,PKR-019,MULTI,FedEx Ground,GROUND
ORD-1158694,2025-05-16,13:28:33,SKU-00535,1,A-03R-010-2-A,PKR-001,MULTI,UPS Ground,GROUND
ORD-1157413,2025-05-16,12:37:52,SKU-00309,2,B-04R-014-2-A,PKR-022,SINGLE,USPS Priority Mail,PRIORITY_2D
ORD-1159904,2025-05-16,10:48:36,SKU-02652,2,D-02L-014-4-B,PKR-022,MULTI,UPS Ground,GROUND
ORD-1157810,2025-05-16,18:57:48,SKU-04778,1,B-01L-023-3-B,PKR-028,MULTI,USPS Priority Mail,GROUND
ORD-1158336,2025-05-16,13:41:20,SKU-04865,2,A-01R-011-4-B,PKR-025,MULTI,USPS Priority Mail,GROUND
ORD-1163154,2025-05-16,19:02:35,SKU-00580,2,D-03R-012-4-A,PKR-021,MULTI,USPS Priority Mail,STANDARD_OVERNIGHT
ORD-1156000,2025-05-16,06:25:41,SKU-02509,2,B-01L-020-5-A,PKR-025,MULTI,USPS Priority Mail,GROUND
ORD-1161004,2025-05-16,15:02:44,SKU-02681,2,A-01R-018-4-B,PKR-013,MULTI,FedEx Ground,PRIORITY_2D
ORD-1157121,2025-05-16,12:26:44,SKU-04041,2,A-02R-002-2-B,PKR-014,MULTI,USPS Priority Mail,GROUND
ORD-1160445,2025-05-16,13:51:29,SKU-02585,1,A-01R-012-4-A,PKR-023,MULTI,FedEx Ground,GROUND
ORD-1162009,2025-05-16,14:48:52,SKU-01204,2,A-03R-016-1-B,PKR-003,MULTI,FedEx Ground,STANDARD_OVERNIGHT
ORD-1159016,2025-05-16,10:02:54,SKU-01442,2,D-03L-016-1-B,PKR-014,MULTI,USPS Priority Mail,GROUND
ORD-1161790,2025-05-16,10:14:28,SKU-03727,2,B-02R-023-4-A,PKR-028,MULTI,FedEx Ground,STANDARD_OVERNIGHT
ORD-1160598,2025-05-16,16:39:50,SKU-04608,1,A-02L-025-1-B,PKR-030,MULTI,UPS Ground,GROUND
ORD-1157575,2025-05-16,07:09:22,SKU-01056,2,C-04R-013-4-A,PKR-024,MULTI,FedEx Ground,GROUND
ORD-1160127,2025-05-16,15:27:47,SKU-04041,2,A-02R-002-2-B,PKR-023,MULTI,USPS Priority Mail,GROUND
ORD-1160801,2025-05-16,12:10:21,SKU-04328,2,A-02L-021-1-B,PKR-001,SINGLE,USPS Priority Mail,STANDARD_OVERNIGHT
ORD-1158136,2025-05-16,11:22:11,SKU-04328,2,A-02L-021-1-B,PKR-003,MULTI,UPS Ground,GROUND
ORD-1161836,2025-05-16,18:56:57,SKU-03032,2,A-02L-020-4-B,PKR-016,MULTI,FedEx 2Day,GROUND
ORD-1162064,2025-05-16,06:07:53,SKU-02044,2,A-01R-023-5-B,PKR-018,MULTI,USPS Priority Mail,GROUND
ORD-1163279,2025-05-16,11:10:41,SKU-04670,2,C-02R-018-2-B,PKR-026,MULTI,USPS Priority Mail,GROUND
ORD-1156898,2025-05-16,06:01:21,SKU-02281,2,A-01L-025-3-B,PKR-001,MULTI,USPS Priority Mail,GROUND
ORD-1157269,2025-05-16,06:35:09,SKU-02968,2,C-01R-005-3-A,PKR-023,MULTI,UPS Ground,PRIORITY_2D
ORD-1162726,2025-05-16,10:13:13,SKU-02579,2,C-02L-009-4-B,PKR-011,MULTI,FedEx Ground,GROUND
ORD-1162111,2025-05-16,09:41:49,SKU-02085,2,D-02R-008-1-A,PKR-011,MULTI,FedEx Ground,GROUND
ORD-1158726,2025-05-16,14:10:50,SKU-04328,1,A-02L-021-1-B,PKR-015,MULTI,USPS Priority Mail,GROUND
ORD-1158052,2025-05-16,13:26:31,SKU-02050,2,C-02L-007-1-A,PKR-027,MULTI,UPS Ground,GROUND
ORD-1161067,2025-05-16,11:47:18,SKU-02104,2,B-01R-002-1-A,PKR-016,MULTI,FedEx Ground,GROUND
ORD-1161770,2025-05-16,11:16:38,SKU-02699,1,C-01L-007-2-B,PKR-030,MULTI,FedEx 2Day,GROUND
ORD-1157076,2025-05-16,09:27:07,SKU-02050,2,C-02L-007-1-A,PKR-017,MULTI,UPS 2nd Day Air,GROUND
ORD-1162469,2025-05-16,19:39:12,SKU-02903,2,B-01R-020-5-B,PKR-032,MULTI,UPS Ground,GROUND
ORD-1156137,2025-05-16,18:27:15,SKU-00483,2,C-03L-009-3-A,PKR-002,MULTI,FedEx Ground,GROUND
ORD-1158784,2025-05-16,12:59:44,SKU-01770,1,C-03L-012-3-B,PKR-002,MULTI,UPS Ground,GROUND
ORD-1161934,2025-05-16,21:51:21,SKU-03727,2,B-02R-023-4-A,PKR-026,MULTI,USPS Priority Mail,GROUND
ORD-1157478,2025-05-16,14:27:58,SKU-04892,1,A-02R-018-3-A,PKR-016,MULTI,UPS Ground,GROUND
ORD-1159124,2025-05-16,13:03:29,SKU-04328,2,A-02L-021-1-B,PKR-006,MULTI,USPS Priority Mail,GROUND
ORD-1162084,2025-05-16,17:39:31,SKU-04328,2,A-02L-021-1-B,PKR-006,MULTI,UPS Ground,STANDARD_OVERNIGHT
ORD-1162746,2025-05-16,19:22:05,SKU-04328,1,A-02L-021-1-B,PKR-024,MULTI,UPS Ground,GROUND
ORD-1157620,2025-05-16,06:26:16,SKU-04328,2,A-02L-021-1-B,PKR-007,MULTI,USPS Priority Mail,STANDARD_OVERNIGHT
ORD-1160737,2025-05-16,12:49:32,SKU-00602,1,B-04R-014-4-B,PKR-022,MULTI,FedEx Ground,GROUND
ORD-1157353,2025-05-16,21:11:22,SKU-02816,2,A-02R-004-2-A,PKR-026,MULTI,USPS Priority Mail,GROUND
ORD-1160842,2025-05-16,17:35:19,SKU-04328,2,A-02L-021-1-B,PKR-030,MULTI,UPS Ground,GROUND
ORD-1157836,2025-05-16,16:06:59,SKU-02117,1,B-01R-025-4-B,PKR-032,SINGLE,UPS Ground,PRIORITY_2D
ORD-1159026,2025-05-16,21:53:52,SKU-01721,1,A-04L-015-4-B,PKR-013,MULTI,UPS Ground,PRIORITY_2D
ORD-1158562,2025-05-16,07:26:44,SKU-02263,1,E-01R-007-2-A,PKR-031,MULTI,UPS Ground,STANDARD_OVERNIGHT
ORD-1161932,2025-05-16,16:32:04,SKU-04528,2,B-02R-014-3-B,PKR-021,MULTI,FedEx 2Day,GROUND
ORD-1163679,2025-05-16,20:25:34,SKU-04733,1,A-01R-018-1-A,PKR-014,MULTI,USPS Priority Mail,GROUND
ORD-1161001,2025-05-16,18:31:21,SKU-01019,1,B-03R-014-1-A,PKR-031,MULTI,FedEx Ground,GROUND
ORD-1156663,2025-05-16,07:19:19,SKU-00831,2,A-03R-004-3-B,PKR-026,MULTI,UPS Ground,GROUND
ORD-1162297,2025-05-16,06:33:44,SKU-02939,2,A-02R-016-5-A,PKR-019,MULTI,FedEx Ground,GROUND
ORD-1160453,2025-05-16,10:13:00,SKU-04370,2,A-02R-026-5-A,PKR-020,MULTI,UPS Ground,GROUND
ORD-1158637,2025-05-16,06:04:54,SKU-04571,1,C-01R-019-4-A,PKR-008,MULTI,FedEx Ground,PRIORITY_2D
ORD-1163139,2025-05-16,10:48:37,SKU-04182,2,D-02R-005-2-A,PKR-008,MULTI,FedEx Ground,GROUND
ORD-1160925,2025-05-16,09:40:08,SKU-02609,2,C-01R-013-1-B,PKR-025,MULTI,USPS Priority Mail,GROUND
ORD-1158938,2025-05-16,08:25:46,SKU-02050,2,C-02L-007-1-A,PKR-013,MULTI,UPS Ground,GROUND
ORD-1156029,2025-05-16,07:48:53,SKU-02609,2,C-01R-013-1-B,PKR-018,MULTI,FedEx Ground,GROUND
ORD-1159924,2025-05-16,14:52:46,SKU-02666,2,D-02R-017-2-A,PKR-008,SINGLE,FedEx Ground,PRIORITY_2D
ORD-1157973,2025-05-16,20:24:24,SKU-02908,2,B-02L-005-3-A,PKR-020,MULTI,USPS Priority Mail,GROUND
ORD-1162291,2025-05-16,07:08:27,SKU-02588,2,C-02L-014-3-B,PKR-006,MULTI,FedEx Ground,GROUND
ORD-1157914,2025-05-16,14:38:43,SKU-04042,2,E-02R-019-2-A,PKR-026,MULTI,FedEx Ground,STANDARD_OVERNIGHT
ORD-1159851,2025-05-16,12:53:53,SKU-04871,2,A-02L-019-4-B,PKR-020,MULTI,USPS Priority Mail,PRIORITY_2D
ORD-1157356,2025-05-16,11:33:20,SKU-03727,1,B-02R-023-4-A,PKR-028,MULTI,UPS 2nd Day Air,PRIORITY_2D
ORD-1156968,2025-05-16,14:48:17,SKU-02263,2,E-01R-007-2-A,PKR-020,MULTI,FedEx Ground,GROUND
ORD-1160185,2025-05-16,12:52:58,SKU-04278,1,A-01L-026-4-B,PKR-016,MULTI,FedEx Ground,PRIORITY_2D
ORD-1159202,2025-05-16,06:54:33,SKU-03153,2,A-01L-006-5-B,PKR-025,MULTI,FedEx Ground,GROUND
ORD-1161176,2025-05-16,11:12:49,SKU-02836,1,A-02R-009-1-B,PKR-019,MULTI,USPS Priority Mail,GROUND
ORD-1156859,2025-05-16,10:50:17,SKU-03369,1,D-02L-005-5-B,PKR-014,MULTI,FedEx Ground,GROUND
ORD-1163835,2025-05-16,13:19:39,SKU-01039,1,C-03R-020-2-B,PKR-022,MULTI,FedEx 2Day,GROUND
ORD-1157907,2025-05-16,20:38:01,SKU-00838,2,A-03L-009-1-B,PKR-009,MULTI,USPS Priority Mail,GROUND
ORD-1160940,2025-05-16,10:07:29,SKU-01490,1,B-04R-009-1-A,PKR-017,MULTI,USPS Priority Mail,STANDARD_OVERNIGHT
ORD-1156404,2025-05-16,09:39:11,SKU-02681,1,A-01R-018-4-B,PKR-010,MULTI,UPS Ground,GROUND
ORD-1160265,2025-05-16,09:25:08,SKU-04947,2,C-01L-013-5-A,PKR-012,MULTI,USPS Priority Mail,PRIORITY_2D
ORD-1159619,2025-05-16,21:44:58,SKU-00733,2,A-04R-005-1-B,PKR-009,MULTI,FedEx 2Day,GROUND
ORD-1159665,2025-05-16,08:38:42,SKU-02609,2,C-01R-013-1-B,PKR-004,MULTI,USPS Priority Mail,GROUND
ORD-1156235,2025-05-16,13:21:32,SKU-02366,2,A-01R-020-4-A,PKR-006,MULTI,UPS Ground,GROUND
ORD-1161895,2025-05-16,10:07:03,SKU-01507,1,C-04R-018-3-B,PKR-011,MULTI,FedEx Ground,PRIORITY_2D
ORD-1162105,2025-05-16,14:45:50,SKU-01490,2,B-04R-009-1-A,PKR-008,MULTI,FedEx Ground,GROUND
ORD-1163177,2025-05-16,07:24:39,SKU-02085,2,D-02R-008-1-A,PKR-027,MULTI,UPS Ground,GROUND
ORD-1157908,2025-05-16,08:41:59,SKU-04245,1,B-01R-001-1-A,PKR-011,MULTI,FedEx Ground,GROUND
ORD-1157404,2025-05-16,14:13:59,SKU-04773,1,C-02R-005-3-B,PKR-032,MULTI,FedEx Ground,GROUND
ORD-1159470,2025-05-16,09:11:07,SKU-04041,1,A-02R-002-2-B,PKR-016,SINGLE,USPS Priority Mail,PRIORITY_2D
ORD-1166477,2025-05-17,10:08:40,SKU-04271,1,B-01R-004-5-B,PKR-005,MULTI,UPS 2nd Day Air,PRIORITY_2D
ORD-1167124,2025-05-17,08:50:32,SKU-00699,1,D-04L-011-3-A,PKR-016,MULTI,FedEx Ground,GROUND
ORD-1166929,2025-05-17,12:50:55,SKU-01204,2,A-03R-016-1-B,PKR-010,MULTI,USPS Priority Mail,GROUND
ORD-1165401,2025-05-17,21:40:42,SKU-02244,1,E-02L-009-1-A,PKR-029,MULTI,USPS Priority Mail,GROUND
ORD-1164852,2025-05-17,13:25:38,SKU-04328,2,A-02L-021-1-B,PKR-012,MULTI,USPS Priority Mail,STANDARD_OVERNIGHT
ORD-1165609,2025-05-17,16:04:17,SKU-04457,2,A-01L-020-2-B,PKR-003,MULTI,USPS Priority Mail,GROUND
ORD-1164277,2025-05-17,16:05:33,SKU-02775,2,C-01R-023-3-A,PKR-007,SINGLE,UPS Ground,GROUND
ORD-1164209,2025-05-17,07:54:23,SKU-03202,1,C-01L-026-1-B,PKR-005,MULTI,FedEx Ground,GROUND
ORD-1166315,2025-05-17,14:18:37,SKU-02908,2,B-02L-005-3-A,PKR-013,MULTI,UPS Ground,GROUND
ORD-1165060,2025-05-17,11:14:41,SKU-02807,1,A-02L-026-2-A,PKR-013,SINGLE,UPS Ground,PRIORITY_2D
ORD-1165820,2025-05-17,19:00:50,SKU-04763,2,D-02R-009-2-A,PKR-029,MULTI,UPS Ground,GROUND
ORD-1166187,2025-05-17,17:40:10,SKU-03727,2,B-02R-023-4-A,PKR-022,MULTI,FedEx Ground,STANDARD_OVERNIGHT
ORD-1165944,2025-05-17,12:43:53,SKU-02893,1,B-01L-026-2-B,PKR-018,MULTI,UPS Ground,STANDARD_OVERNIGHT
ORD-1166806,2025-05-17,21:09:25,SKU-01339,2,B-04R-005-2-A,PKR-020,MULTI,USPS Priority Mail,STANDARD_OVERNIGHT
ORD-1165243,2025-05-17,16:23:41,SKU-01204,1,A-03R-016-1-B,PKR-024,MULTI,UPS Ground,GROUND
ORD-1166497,2025-05-17,11:34:28,SKU-02125,2,A-01R-020-2-B,PKR-004,MULTI,FedEx 2Day,PRIORITY_2D
ORD-1167494,2025-05-17,20:39:23,SKU-03153,1,A-01L-006-5-B,PKR-012,MULTI,UPS Ground,GROUND
ORD-1164154,2025-05-17,19:16:56,SKU-01019,2,B-03R-014-1-A,PKR-011,MULTI,USPS Priority Mail,GROUND
ORD-1165974,2025-05-17,12:29:51,SKU-00872,2,A-04L-005-1-A,PKR-017,MULTI,UPS Ground,GROUND
ORD-1166351,2025-05-17,15:48:01,SKU-03534,2,A-01L-026-5-A,PKR-003,MULTI,USPS Priority Mail,GROUND
ORD-1167607,2025-05-17,11:11:36,SKU-01873,2,B-03R-018-4-A,PKR-003,MULTI,UPS 2nd Day Air,PRIORITY_2D
ORD-1166981,2025-05-17,17:07:40,SKU-03790,1,A-01L-017-1-B,PKR-010,MULTI,FedEx Ground,GROUND
ORD-1166142,2025-05-17,07:39:52,SKU-02521,2,D-01L-007-5-A,PKR-023,MULTI,FedEx Ground,PRIORITY_2D
ORD-1166064,2025-05-17,14:24:42,SKU-04775,2,A-02R-001-5-B,PKR-007,MULTI,UPS Ground,GROUND
ORD-1165743,2025-05-17,18:13:55,SKU-04814,1,B-02R-017-4-A,PKR-026,MULTI,UPS 2nd Day Air,PRIORITY_2D
ORD-1165719,2025-05-17,10:35:36,SKU-04477,1,B-02L-001-2-A,PKR-003,MULTI,FedEx Ground,GROUND
ORD-1167856,2025-05-17,06:24:19,SKU-04528,1,B-02R-014-3-B,PKR-024,MULTI,FedEx Ground,GROUND
ORD-1167297,2025-05-17,13:35:19,SKU-01490,2,B-04R-009-1-A,PKR-017,MULTI,USPS Priority Mail,PRIORITY_2D
ORD-1165634,2025-05-17,09:21:21,SKU-02904,1,B-01L-018-1-B,PKR-004,MULTI,UPS 2nd Day Air,STANDARD_OVERNIGHT
ORD-1166426,2025-05-17,16:21:16,SKU-04328,2,A-02L-021-1-B,PKR-013,MULTI,UPS Ground,PRIORITY_2D
ORD-1165701,2025-05-17,16:19:30,SKU-01853,1,A-03R-011-3-A,PKR-017,SINGLE,UPS Ground,PRIORITY_2D
ORD-1167901,2025-05-17,15:24:03,SKU-00831,2,A-03R-004-3-B,PKR-015,MULTI,USPS Priority Mail,GROUND
ORD-1167063,2025-05-17,10:31:21,SKU-00375,2,D-04R-007-4-B,PKR-006,MULTI,USPS Priority Mail,GROUND
ORD-1164748,2025-05-17,14:31:14,SKU-02366,2,A-01R-020-4-A,PKR-001,MULTI,FedEx 2Day,GROUND
ORD-1165430,2025-05-17,20:38:53,SKU-04328,1,A-02L-021-1-B,PKR-031,MULTI,USPS Priority Mail,GROUND
ORD-1166119,2025-05-17,11:19:27,SKU-04328,2,A-02L-021-1-B,PKR-009,MULTI,UPS Ground,GROUND
ORD-1167471,2025-05-17,06:47:35,SKU-04528,2,B-02R-014-3-B,PKR-021,MULTI,FedEx Ground,GROUND
ORD-1164401,2025-05-17,08:09:04,SKU-03727,2,B-02R-023-4-A,PKR-015,MULTI,USPS Priority Mail,GROUND
ORD-1167780,2025-05-17,09:23:53,SKU-03635,2,A-02R-019-5-A,PKR-015,MULTI,FedEx Ground,PRIORITY_2D
ORD-1166151,2025-05-17,16:40:22,SKU-04041,1,A-02R-002-2-B,PKR-016,MULTI,USPS Priority Mail,PRIORITY_2D
ORD-1164603,2025-05-17,14:32:05,SKU-02609,2,C-01R-013-1-B,PKR-026,MULTI,FedEx Ground,PRIORITY_2D
ORD-1166130,2025-05-17,10:58:22,SKU-02085,1,D-02R-008-1-A,PKR-006,MULTI,UPS Ground,PRIORITY_2D
ORD-1167062,2025-05-17,13:04:38,SKU-04328,1,A-02L-021-1-B,PKR-019,MULTI,USPS Priority Mail,GROUND
ORD-1167622,2025-05-17,07:10:19,SKU-04025,1,C-01L-004-5-A,PKR-031,MULTI,FedEx Ground,STANDARD_OVERNIGHT
ORD-1166316,2025-05-17,06:08:57,SKU-04328,2,A-02L-021-1-B,PKR-020,MULTI,UPS Ground,GROUND
ORD-1167881,2025-05-17,20:24:21,SKU-00194,2,C-03R-007-2-A,PKR-004,MULTI,FedEx Ground,PRIORITY_2D
ORD-1166947,2025-05-17,11:03:06,SKU-04025,2,C-01L-004-5-A,PKR-022,MULTI,USPS Priority Mail,GROUND
ORD-1167763,2025-05-17,11:23:31,SKU-03277,2,D-02R-005-4-A,PKR-031,MULTI,UPS 2nd Day Air,GROUND
ORD-1166787,2025-05-17,14:58:03,SKU-00363,1,D-04R-009-4-B,PKR-022,MULTI,FedEx Ground,GROUND
ORD-1166722,2025-05-17,10:29:35,SKU-04041,1,A-02R-002-2-B,PKR-031,MULTI,UPS Ground,GROUND
ORD-1166255,2025-05-17,12:10:04,SKU-01395,2,D-03R-003-3-B,PKR-011,MULTI,UPS 2nd Day Air,GROUND
ORD-1167118,2025-05-17,07:22:44,SKU-04328,1,A-02L-021-1-B,PKR-017,MULTI,FedEx Ground,STANDARD_OVERNIGHT
ORD-1167658,2025-05-17,20:19:25,SKU-03323,2,E-02R-025-3-B,PKR-003,MULTI,UPS Ground,PRIORITY_2D
ORD-1165807,2025-05-17,13:32:17,SKU-03496,2,B-01R-016-5-B,PKR-027,MULTI,FedEx Ground,GROUND
ORD-1164487,2025-05-17,19:49:48,SKU-02585,2,A-01R-012-4-A,PKR-009,MULTI,FedEx Ground,PRIORITY_2D
ORD-1167331,2025-05-17,07:15:30,SKU-02039,1,E-02R-021-5-B,PKR-015,MULTI,USPS Priority Mail,GROUND
ORD-1166169,2025-05-17,20:41:34,SKU-03990,2,B-01R-015-4-A,PKR-003,MULTI,FedEx Ground,GROUND
ORD-1164726,2025-05-17,08:09:38,SKU-03160,2,C-02R-024-1-A,PKR-022,MULTI,UPS Ground,GROUND
ORD-1164797,2025-05-17,17:18:21,SKU-03049,1,C-02L-003-4-A,PKR-007,MULTI,UPS 2nd Day Air,GROUND
ORD-1165593,2025-05-17,19:24:42,SKU-04604,1,A-02R-011-2-A,PKR-021,MULTI,FedEx Ground,GROUND
ORD-1164081,2025-05-17,15:57:49,SKU-02908,2,B-02L-005-3-A,PKR-001,MULTI,USPS Priority Mail,GROUND
ORD-1164915,2025-05-17,08:47:28,SKU-00029,1,C-03L-006-4-A,PKR-020,MULTI,FedEx Ground,GROUND
ORD-1166381,2025-05-17,06:09:29,SKU-04328,1,A-02L-021-1-B,PKR-024,SINGLE,UPS Ground,GROUND
ORD-1164805,2025-05-17,08:35:36,SKU-02859,2,A-01L-018-3-A,PKR-007,MULTI,USPS Priority Mail,GROUND
ORD-1166352,2025-05-17,20:29:50,SKU-04608,2,A-02L-025-1-B,PKR-004,MULTI,UPS Ground,GROUND
ORD-1164038,2025-05-17,20:38:20,SKU-04343,2,B-01R-013-1-A,PKR-019,MULTI,FedEx Ground,PRIORITY_2D
ORD-1165992,2025-05-17,21:17:07,SKU-03823,1,C-02R-020-1-B,PKR-008,MULTI,USPS Priority Mail,GROUND
ORD-1166925,2025-05-17,09:34:41,SKU-02558,1,B-01L-010-1-B,PKR-025,MULTI,FedEx Ground,GROUND
ORD-1165668,2025-05-17,08:30:24,SKU-04623,1,B-01R-007-5-A,PKR-032,MULTI,FedEx Ground,GROUND
ORD-1164318,2025-05-17,06:36:54,SKU-02209,1,A-02L-020-1-A,PKR-026,MULTI,FedEx Ground,GROUND
ORD-1165541,2025-05-17,06:01:43,SKU-03727,2,B-02R-023-4-A,PKR-018,MULTI,FedEx Ground,PRIORITY_2D
ORD-1166284,2025-05-17,15:45:28,SKU-02585,2,A-01R-012-4-A,PKR-014,MULTI,USPS Priority Mail,GROUND
ORD-1167674,2025-05-17,09:12:54,SKU-02509,2,B-01L-020-5-A,PKR-017,MULTI,FedEx Ground,GROUND
ORD-1165569,2025-05-17,11:05:24,SKU-02681,2,A-01R-018-4-B,PKR-013,MULTI,FedEx Ground,GROUND
ORD-1166490,2025-05-17,19:36:41,SKU-03205,1,C-02L-026-1-B,PKR-009,MULTI,FedEx Ground,GROUND
ORD-1166291,2025-05-17,18:50:55,SKU-00037,1,A-03L-004-3-A,PKR-029,MULTI,FedEx Ground,GROUND
ORD-1165407,2025-05-17,12:04:20,SKU-01397,1,C-03L-015-3-A,PKR-004,MULTI,UPS Ground,GROUND
ORD-1164788,2025-05-17,18:23:01,SKU-04328,1,A-02L-021-1-B,PKR-005,MULTI,USPS Priority Mail,STANDARD_OVERNIGHT
ORD-1164159,2025-05-17,13:04:25,SKU-03727,2,B-02R-023-4-A,PKR-009,MULTI,UPS 2nd Day Air,GROUND
ORD-1164206,2025-05-17,20:42:22,SKU-00048,2,D-04L-014-4-B,PKR-005,MULTI,UPS 2nd Day Air,GROUND
ORD-1167486,2025-05-17,12:49:11,SKU-03823,2,C-02R-020-1-B,PKR-002,MULTI,USPS Priority Mail,PRIORITY_2D
ORD-1166355,2025-05-17,16:24:30,SKU-04328,2,A-02L-021-1-B,PKR-032,MULTI,FedEx Ground,GROUND
ORD-1166664,2025-05-17,15:51:59,SKU-04041,2,A-02R-002-2-B,PKR-013,MULTI,FedEx Ground,PRIORITY_2D
ORD-1164790,2025-05-17,11:19:34,SKU-02530,1,C-01R-017-4-A,PKR-015,MULTI,FedEx Ground,PRIORITY_2D
ORD-1164315,2025-05-17,11:23:33,SKU-00348,2,B-03R-013-4-B,PKR-001,MULTI,FedEx 2Day,STANDARD_OVERNIGHT
ORD-1164778,2025-05-17,15:57:12,SKU-02141,1,B-02L-018-2-A,PKR-028,MULTI,USPS Priority Mail,GROUND
ORD-1165846,2025-05-17,18:27:58,SKU-00872,2,A-04L-005-1-A,PKR-030,MULTI,UPS Ground,GROUND
ORD-1164647,2025-05-17,06:52:29,SKU-04041,2,A-02R-002-2-B,PKR-023,MULTI,FedEx Ground,GROUND
ORD-1167982,2025-05-17,17:04:27,SKU-03251,1,A-01R-024-1-B,PKR-030,MULTI,UPS Ground,GROUND
ORD-1164068,2025-05-17,15:18:10,SKU-02366,2,A-01R-020-4-A,PKR-017,MULTI,UPS 2nd Day Air,PRIORITY_2D
ORD-1166488,2025-05-17,20:36:15,SKU-02585,2,A-01R-012-4-A,PKR-020,MULTI,FedEx Ground,GROUND
ORD-1166151,2025-05-17,16:40:22,SKU-03955,1,C-01R-003-2-B,PKR-016,MULTI,USPS Priority Mail,PRIORITY_2D
ORD-1167891,2025-05-17,10:04:21,SKU-02366,2,A-01R-020-4-A,PKR-021,SINGLE,UPS Ground,GROUND
ORD-1164999,2025-05-17,07:03:24,SKU-02125,2,A-01R-020-2-B,PKR-030,MULTI,UPS Ground,GROUND
ORD-1167439,2025-05-17,07:39:47,SKU-02922,2,D-02R-010-5-B,PKR-030,MULTI,UPS Ground,PRIORITY_2D
ORD-1165605,2025-05-17,08:02:11,SKU-01709,1,A-03L-014-1-B,PKR-016,MULTI,FedEx 2Day,GROUND
ORD-1166950,2025-05-17,11:43:58,SKU-02609,2,C-01R-013-1-B,PKR-001,MULTI,FedEx Ground,GROUND
ORD-1166860,2025-05-17,20:29:25,SKU-04538,2,A-01R-001-1-B,PKR-023,MULTI,FedEx Ground,GROUND
ORD-1167320,2025-05-17,06:39:40,SKU-03823,2,C-02R-020-1-B,PKR-026,MULTI,UPS 2nd Day Air,GROUND
ORD-1164360,2025-05-17,09:38:06,SKU-04126,2,B-02R-009-4-A,PKR-009,MULTI,FedEx Ground,GROUND
ORD-1165145,2025-05-17,18:48:35,SKU-02676,2,B-02R-014-4-B,PKR-005,MULTI,UPS Ground,GROUND
ORD-1172423,2025-05-19,11:26:52,SKU-04328,2,A-02L-021-1-B,PKR-019,MULTI,FedEx Ground,GROUND
ORD-1174986,2025-05-19,11:49:43,SKU-04041,2,A-02R-002-2-B,PKR-012,MULTI,UPS Ground,GROUND
ORD-1174767,2025-05-19,08:50:14,SKU-02939,2,A-02R-016-5-A,PKR-025,MULTI,UPS Ground,GROUND
ORD-1169046,2025-05-19,15:33:10,SKU-00037,2,A-03L-004-3-A,PKR-022,MULTI,UPS Ground,GROUND
ORD-1172250,2025-05-19,08:07:41,SKU-01121,1,B-04R-017-4-A,PKR-024,MULTI,USPS Priority Mail,GROUND
ORD-1174405,2025-05-19,19:04:20,SKU-01124,2,B-03R-007-4-A,PKR-002,MULTI,USPS Priority Mail,GROUND
ORD-1175069,2025-05-19,15:52:16,SKU-02366,2,A-01R-020-4-A,PKR-026,SINGLE,UPS Ground,STANDARD_OVERNIGHT
ORD-1174968,2025-05-19,12:48:54,SKU-03645,1,B-01L-001-3-A,PKR-016,MULTI,UPS Ground,PRIORITY_2D
ORD-1173033,2025-05-19,11:23:16,SKU-00329,2,B-04L-006-3-A,PKR-025,MULTI,FedEx 2Day,GROUND
ORD-1170645,2025-05-19,13:47:15,SKU-00860,2,D-04R-016-3-B,PKR-002,MULTI,UPS Ground,PRIORITY_2D
ORD-1174485,2025-05-19,13:27:05,SKU-02154,2,B-02R-026-5-A,PKR-032,MULTI,FedEx Ground,GROUND
ORD-1174185,2025-05-19,06:01:12,SKU-00150,2,B-03L-004-2-A,PKR-021,MULTI,FedEx Ground,GROUND
ORD-1172754,2025-05-19,21:30:38,SKU-02045,2,B-01R-025-3-A,PKR-031,MULTI,USPS Priority Mail,GROUND
ORD-1171697,2025-05-19,07:52:28,SKU-04392,2,A-02R-003-5-B,PKR-030,MULTI,FedEx Ground,GROUND
ORD-1175020,2025-05-19,07:13:27,SKU-04041,1,A-02R-002-2-B,PKR-029,MULTI,UPS Ground,GROUND
ORD-1168954,2025-05-19,06:59:41,SKU-04328,1,A-02L-021-1-B,PKR-026,MULTI,FedEx Ground,GROUND
ORD-1168879,2025-05-19,21:57:01,SKU-00315,2,A-03R-020-4-A,PKR-004,MULTI,USPS Priority Mail,PRIORITY_2D
ORD-1172785,2025-05-19,19:33:27,SKU-01137,2,A-03L-008-3-B,PKR-024,MULTI,UPS 2nd Day Air,GROUND
ORD-1169343,2025-05-19,18:09:37,SKU-03823,1,C-02R-020-1-B,PKR-030,MULTI,FedEx Ground,GROUND
ORD-1169797,2025-05-19,20:00:28,SKU-04592,2,C-01R-021-5-A,PKR-032,MULTI,UPS Ground,PRIORITY_2D
ORD-1168828,2025-05-19,10:46:09,SKU-02932,2,A-01R-025-4-B,PKR-010,MULTI,UPS Ground,GROUND
ORD-1174238,2025-05-19,06:41:46,SKU-03164,2,A-02L-018-4-A,PKR-016,MULTI,UPS Ground,GROUND
ORD-1169968,2025-05-19,16:26:41,SKU-00408,2,A-03L-009-1-A,PKR-009,MULTI,UPS Ground,GROUND
ORD-1175641,2025-05-19,11:28:08,SKU-00872,2,A-04L-005-1-A,PKR-026,MULTI,FedEx 2Day,GROUND
ORD-1171987,2025-05-19,18:18:39,SKU-02379,2,C-02R-021-1-B,PKR-008,MULTI,UPS Ground,GROUND
ORD-1170694,2025-05-19,10:11:57,SKU-01721,2,A-04L-015-4-B,PKR-021,MULTI,FedEx Ground,GROUND
ORD-1172948,2025-05-19,18:24:08,SKU-00298,1,B-04L-002-2-B,PKR-019,MULTI,USPS Priority Mail,GROUND
ORD-1170922,2025-05-19,07:18:39,SKU-02920,2,C-02R-002-2-B,PKR-003,MULTI,FedEx Ground,GROUND
ORD-1173902,2025-05-19,16:35:24,SKU-00019,1,A-03R-001-1-A,PKR-007,MULTI,FedEx Ground,GROUND
ORD-1175208,2025-05-19,07:22:24,SKU-02585,2,A-01R-012-4-A,PKR-032,MULTI,USPS Priority Mail,GROUND
ORD-1174000,2025-05-19,14:57:27,SKU-02316,2,A-02L-026-1-A,PKR-012,MULTI,UPS Ground,GROUND
ORD-1173396,2025-05-19,11:54:15,SKU-01490,1,B-04R-009-1-A,PKR-014,MULTI,FedEx Ground,GROUND
ORD-1169903,2025-05-19,18:32:30,SKU-04328,2,A-02L-021-1-B,PKR-015,SINGLE,FedEx Ground,GROUND
ORD-1175971,2025-05-19,16:33:46,SKU-02660,1,D-01L-004-3-B,PKR-017,MULTI,FedEx Ground,GROUND
ORD-1172347,2025-05-19,08:46:22,SKU-02366,2,A-01R-020-4-A,PKR-017,MULTI,USPS Priority Mail,GROUND
ORD-1169328,2025-05-19,12:40:42,SKU-00900,1,B-04L-012-1-B,PKR-003,MULTI,UPS Ground,GROUND
ORD-1172694,2025-05-19,06:56:50,SKU-02908,2,B-02L-005-3-A,PKR-030,MULTI,UPS Ground,PRIORITY_2D
ORD-1172068,2025-05-19,13:35:32,SKU-02388,1,A-02L-023-1-A,PKR-019,MULTI,UPS 2nd Day Air,GROUND
ORD-1171577,2025-05-19,09:13:54,SKU-04328,2,A-02L-021-1-B,PKR-007,MULTI,UPS 2nd Day Air,GROUND
ORD-1174799,2025-05-19,17:56:45,SKU-01204,1,A-03R-016-1-B,PKR-021,MULTI,FedEx Ground,GROUND
ORD-1173286,2025-05-19,06:47:42,SKU-04041,1,A-02R-002-2-B,PKR-013,MULTI,UPS Ground,GROUND
ORD-1169612,2025-05-19,17:48:39,SKU-03830,1,A-02R-011-1-A,PKR-009,MULTI,FedEx Ground,GROUND
ORD-1175450,2025-05-19,12:14:59,SKU-02085,2,D-02R-008-1-A,PKR-032,MULTI,FedEx Ground,GROUND
ORD-1171741,2025-05-19,20:07:11,SKU-04710,2,A-02L-008-2-A,PKR-019,MULTI,UPS 2nd Day Air,GROUND
ORD-1174020,2025-05-19,13:30:07,SKU-02609,1,C-01R-013-1-B,PKR-026,MULTI,FedEx Ground,GROUND
ORD-1173246,2025-05-19,18:27:54,SKU-04670,2,C-02R-018-2-B,PKR-021,MULTI,UPS Ground,PRIORITY_2D
ORD-1172350,2025-05-19,17:23:10,SKU-03882,2,B-01R-002-3-B,PKR-006,MULTI,FedEx 2Day,GROUND
ORD-1173203,2025-05-19,18:18:03,SKU-03590,1,A-02L-001-4-A,PKR-010,MULTI,UPS 2nd Day Air,GROUND
ORD-1169203,2025-05-19,14:21:44,SKU-04084,1,C-02R-004-3-A,PKR-019,MULTI,FedEx Ground,GROUND
ORD-1170178,2025-05-19,20:41:31,SKU-04435,2,A-02R-016-4-A,PKR-023,MULTI,UPS Ground,PRIORITY_2D
ORD-1170125,2025-05-19,16:41:43,SKU-02908,1,B-02L-005-3-A,PKR-028,MULTI,USPS Priority Mail,GROUND
ORD-1171580,2025-05-19,07:58:02,SKU-00872,2,A-04L-005-1-A,PKR-005,MULTI,USPS Priority Mail,GROUND
ORD-1173301,2025-05-19,06:20:35,SKU-02651,1,E-01R-015-5-B,PKR-023,MULTI,FedEx Ground,STANDARD_OVERNIGHT
ORD-1170586,2025-05-19,10:23:12,SKU-02699,2,C-01L-007-2-B,PKR-016,MULTI,USPS Priority Mail,GROUND
ORD-1168078,2025-05-19,15:04:25,SKU-02138,1,C-02R-024-4-B,PKR-027,MULTI,UPS Ground,GROUND
ORD-1173333,2025-05-19,13:17:13,SKU-02531,2,B-01L-024-2-A,PKR-004,MULTI,UPS 2nd Day Air,GROUND
ORD-1172196,2025-05-19,19:10:40,SKU-03095,2,B-01L-010-3-A,PKR-014,MULTI,USPS Priority Mail,PRIORITY_2D
ORD-1171323,2025-05-19,06:14:10,SKU-04116,2,B-02L-002-3-A,PKR-022,MULTI,FedEx 2Day,GROUND
ORD-1171636,2025-05-19,06:52:57,SKU-02836,2,A-02R-009-1-B,PKR-028,MULTI,USPS Priority Mail,GROUND
ORD-1169182,2025-05-19,11:29:22,SKU-04647,2,C-01R-010-1-A,PKR-030,MULTI,UPS Ground,GROUND
ORD-1175142,2025-05-19,19:43:30,SKU-00192,2,C-04L-009-4-A,PKR-024,MULTI,USPS Priority Mail,GROUND
ORD-1174719,2025-05-19,12:21:23,SKU-04475,2,A-01L-026-4-A,PKR-006,MULTI,FedEx Ground,GROUND
ORD-1172924,2025-05-19,06:12:37,SKU-04915,2,C-01L-024-1-A,PKR-018,MULTI,USPS Priority Mail,GROUND
ORD-1174803,2025-05-19,14:48:02,SKU-04281,1,B-02L-021-5-A,PKR-028,MULTI,USPS Priority Mail,GROUND
ORD-1172267,2025-05-19,11:04:10,SKU-03727,1,B-02R-023-4-A,PKR-032,SINGLE,UPS Ground,GROUND
ORD-1170424,2025-05-19,10:29:19,SKU-02366,2,A-01R-020-4-A,PKR-012,MULTI,UPS Ground,GROUND
ORD-1170594,2025-05-19,18:53:22,SKU-02489,2,D-01L-006-1-A,PKR-024,MULTI,UPS Ground,GROUND
ORD-1168039,2025-05-19,07:58:02,SKU-03369,2,D-02L-005-5-B,PKR-001,MULTI,USPS Priority Mail,GROUND
ORD-1174165,2025-05-19,20:18:04,SKU-03787,2,C-02L-018-1-B,PKR-022,MULTI,FedEx Ground,GROUND
ORD-1173905,2025-05-19,14:46:10,SKU-04608,1,A-02L-025-1-B,PKR-012,MULTI,USPS Priority Mail,GROUND
ORD-1173499,2025-05-19,07:28:13,SKU-02609,2,C-01R-013-1-B,PKR-008,MULTI,FedEx Ground,GROUND
ORD-1174520,2025-05-19,06:23:21,SKU-01337,2,C-03R-003-1-A,PKR-009,MULTI,UPS Ground,GROUND
ORD-1173466,2025-05-19,15:16:01,SKU-01019,1,B-03R-014-1-A,PKR-018,MULTI,FedEx Ground,PRIORITY_2D
ORD-1173174,2025-05-19,13:23:32,SKU-04762,1,C-01R-024-3-B,PKR-030,MULTI,FedEx Ground,GROUND
ORD-1170945,2025-05-19,20:25:20,SKU-01232,1,D-03R-013-3-B,PKR-005,MULTI,FedEx Ground,GROUND
ORD-1168889,2025-05-19,16:21:42,SKU-02125,2,A-01R-020-2-B,PKR-023,MULTI,UPS Ground,GROUND
ORD-1175457,2025-05-19,12:42:06,SKU-02609,1,C-01R-013-1-B,PKR-025,MULTI,UPS Ground,GROUND
ORD-1171045,2025-05-19,10:46:26,SKU-02908,2,B-02L-005-3-A,PKR-020,MULTI,UPS Ground,PRIORITY_2D
ORD-1174137,2025-05-19,17:22:00,SKU-01109,1,D-04L-004-1-A,PKR-025,MULTI,FedEx Ground,GROUND
ORD-1169895,2025-05-19,19:38:26,SKU-02125,2,A-01R-020-2-B,PKR-006,MULTI,UPS 2nd Day Air,GROUND
ORD-1168623,2025-05-19,09:34:23,SKU-04775,1,A-02R-001-5-B,PKR-032,MULTI,USPS Priority Mail,STANDARD_OVERNIGHT
ORD-1172603,2025-05-19,19:48:57,SKU-02908,2,B-02L-005-3-A,PKR-014,MULTI,USPS Priority Mail,GROUND
ORD-1172838,2025-05-19,11:30:26,SKU-01397,1,C-03L-015-3-A,PKR-028,MULTI,UPS Ground,GROUND
ORD-1175373,2025-05-19,06:09:07,SKU-03727,2,B-02R-023-4-A,PKR-014,MULTI,USPS Priority Mail,GROUND
ORD-1168574,2025-05-19,14:03:21,SKU-00372,2,E-04R-002-4-A,PKR-019,MULTI,USPS Priority Mail,PRIORITY_2D
ORD-1169808,2025-05-19,12:32:45,SKU-04041,1,A-02R-002-2-B,PKR-001,MULTI,UPS 2nd Day Air,GROUND
ORD-1171909,2025-05-19,12:46:28,SKU-02366,2,A-01R-020-4-A,PKR-001,MULTI,USPS Priority Mail,GROUND
ORD-1171633,2025-05-19,06:58:04,SKU-02632,2,B-01R-003-1-A,PKR-031,MULTI,UPS Ground,GROUND
ORD-1174612,2025-05-19,18:57:19,SKU-02585,1,A-01R-012-4-A,PKR-012,MULTI,UPS 2nd Day Air,GROUND
ORD-1174768,2025-05-19,21:22:41,SKU-04457,2,A-01L-020-2-B,PKR-025,MULTI,UPS Ground,PRIORITY_2D
ORD-1171552,2025-05-19,19:14:21,SKU-02624,2,A-02R-022-1-A,PKR-002,MULTI,FedEx Ground,GROUND
ORD-1170875,2025-05-19,19:33:02,SKU-02420,2,B-01L-005-4-B,PKR-005,MULTI,USPS Priority Mail,GROUND
ORD-1169001,2025-05-19,10:34:42,SKU-04435,1,A-02R-016-4-A,PKR-006,MULTI,USPS Priority Mail,GROUND
ORD-1173958,2025-05-19,08:50:38,SKU-01721,2,A-04L-015-4-B,PKR-006,MULTI,USPS Priority Mail,PRIORITY_2D
ORD-1172184,2025-05-19,19:45:08,SKU-03636,1,D-01L-024-1-B,PKR-009,MULTI,USPS Priority Mail,GROUND
ORD-1173498,2025-05-19,17:41:52,SKU-02469,2,A-01R-018-3-A,PKR-026,MULTI,UPS Ground,PRIORITY_2D
ORD-1175991,2025-05-19,18:23:35,SKU-02836,2,A-02R-009-1-B,PKR-010,SINGLE,FedEx Ground,PRIORITY_2D
ORD-1168169,2025-05-19,07:08:55,SKU-04328,2,A-02L-021-1-B,PKR-008,MULTI,USPS Priority Mail,GROUND
ORD-1169195,2025-05-19,10:53:02,SKU-02976,1,C-01L-025-4-A,PKR-002,MULTI,UPS Ground,STANDARD_OVERNIGHT
ORD-1171232,2025-05-19,10:20:32,SKU-02663,1,E-01R-023-2-B,PKR-019,MULTI,FedEx Ground,GROUND
ORD-1170630,2025-05-19,09:41:43,SKU-04328,2,A-02L-021-1-B,PKR-008,MULTI,FedEx Ground,GROUND
ORD-1171828,2025-05-19,14:16:15,SKU-04879,2,D-02L-016-3-B,PKR-023,MULTI,FedEx Ground,PRIORITY_2D
ORD-1171482,2025-05-19,06:22:47,SKU-02803,2,D-02L-011-2-B,PKR-006,MULTI,FedEx Ground,PRIORITY_2D
ORD-1168935,2025-05-19,18:58:35,SKU-02585,1,A-01R-012-4-A,PKR-002,MULTI,FedEx Ground,GROUND
ORD-1169675,2025-05-19,13:45:16,SKU-00872,2,A-04L-005-1-A,PKR-021,MULTI,USPS Priority Mail,PRIORITY_2D
ORD-1169933,2025-05-19,09:51:46,SKU-03496,2,B-01R-016-5-B,PKR-019,MULTI,FedEx Ground,GROUND
ORD-1170401,2025-05-19,08:47:25,SKU-00027,2,D-03L-014-3-A,PKR-005,MULTI,FedEx Ground,GROUND
ORD-1171388,2025-05-19,11:55:53,SKU-04809,2,A-01R-016-2-B,PKR-027,MULTI,UPS Ground,GROUND
ORD-1168091,2025-05-19,06:17:29,SKU-02523,2,A-02L-017-1-A,PKR-011,MULTI,UPS Ground,GROUND
ORD-1171357,2025-05-19,12:08:18,SKU-03305,2,B-02L-018-4-A,PKR-022,MULTI,FedEx Ground,GROUND
ORD-1168314,2025-05-19,17:19:03,SKU-01494,2,C-03R-016-4-A,PKR-009,MULTI,USPS Priority Mail,STANDARD_OVERNIGHT
ORD-1173653,2025-05-19,17:12:09,SKU-02290,1,B-02L-026-5-B,PKR-022,MULTI,FedEx Ground,GROUND
ORD-1175847,2025-05-19,21:01:35,SKU-03727,2,B-02R-023-4-A,PKR-001,MULTI,FedEx 2Day,PRIORITY_2D
ORD-1172855,2025-05-19,13:39:41,SKU-03842,2,D-01R-005-2-B,PKR-007,MULTI,FedEx Ground,GROUND
ORD-1172069,2025-05-19,09:45:28,SKU-00477,1,C-04R-017-1-A,PKR-026,MULTI,UPS Ground,GROUND
ORD-1173961,2025-05-19,08:24:25,SKU-04116,1,B-02L-002-3-A,PKR-025,MULTI,USPS Priority Mail,PRIORITY_2D
ORD-1170162,2025-05-19,08:49:46,SKU-03881,2,B-02R-002-4-A,PKR-007,MULTI,UPS 2nd Day Air,GROUND
ORD-1170217,2025-05-19,21:39:25,SKU-03825,2,B-01R-003-2-A,PKR-032,MULTI,UPS Ground,GROUND
ORD-1174471,2025-05-19,14:08:57,SKU-04928,2,B-01L-013-2-B,PKR-018,MULTI,FedEx 2Day,GROUND
ORD-1169429,2025-05-19,10:09:17,SKU-02585,2,A-01R-012-4-A,PKR-006,MULTI,USPS Priority Mail,STANDARD_OVERNIGHT
ORD-1175164,2025-05-19,07:18:09,SKU-02938,2,B-02L-005-1-A,PKR-006,MULTI,FedEx 2Day,GROUND
ORD-1175423,2025-05-19,14:14:55,SKU-04116,2,B-02L-002-3-A,PKR-021,MULTI,FedEx Ground,GROUND
ORD-1170158,2025-05-19,15:25:12,SKU-04328,2,A-02L-021-1-B,PKR-014,MULTI,USPS Priority Mail,PRIORITY_2D
ORD-1173262,2025-05-19,08:18:02,SKU-04844,2,C-02L-001-5-B,PKR-018,MULTI,FedEx Ground,GROUND
ORD-1175650,2025-05-19,10:16:04,SKU-02859,2,A-01L-018-3-A,PKR-026,MULTI,UPS Ground,PRIORITY_2D
ORD-1171943,2025-05-19,17:16:01,SKU-01803,1,B-03R-020-1-A,PKR-005,SINGLE,UPS 2nd Day Air,GROUND
ORD-1172111,2025-05-19,19:20:57,SKU-00413,2,C-04R-008-3-B,PKR-027,MULTI,FedEx Ground,PRIORITY_2D
ORD-1168465,2025-05-19,16:08:30,SKU-01800,2,B-03R-009-2-B,PKR-002,MULTI,UPS Ground,PRIORITY_2D
ORD-1168093,2025-05-19,15:15:23,SKU-03028,2,B-01L-011-3-A,PKR-006,MULTI,UPS Ground,GROUND
ORD-1170825,2025-05-19,21:38:08,SKU-04328,1,A-02L-021-1-B,PKR-023,MULTI,FedEx Ground,GROUND
ORD-1169515,2025-05-19,12:42:20,SKU-00130,2,A-03R-001-2-A,PKR-008,MULTI,USPS Priority Mail,GROUND
ORD-1173400,2025-05-19,15:07:25,SKU-04328,2,A-02L-021-1-B,PKR-030,MULTI,UPS Ground,GROUND
ORD-1173115,2025-05-19,12:43:39,SKU-01652,1,B-04R-013-1-B,PKR-017,MULTI,FedEx Ground,GROUND
ORD-1175685,2025-05-19,07:52:33,SKU-03881,1,B-02R-002-4-A,PKR-013,SINGLE,FedEx Ground,GROUND
ORD-1172281,2025-05-19,07:27:26,SKU-03811,2,D-01L-025-4-A,PKR-017,MULTI,UPS Ground,GROUND
ORD-1169660,2025-05-19,19:15:42,SKU-00872,1,A-04L-005-1-A,PKR-030,MULTI,USPS Priority Mail,GROUND
ORD-1171105,2025-05-19,18:05:45,SKU-04328,1,A-02L-021-1-B,PKR-017,MULTI,FedEx Ground,GROUND
ORD-1172619,2025-05-19,13:28:54,SKU-01999,1,A-04L-007-3-A,PKR-032,MULTI,FedEx Ground,GROUND
ORD-1172365,2025-05-19,12:00:33,SKU-02632,2,B-01R-003-1-A,PKR-029,MULTI,FedEx Ground,PRIORITY_2D
ORD-1171616,2025-05-19,14:30:03,SKU-00464,2,B-04L-018-2-A,PKR-012,MULTI,UPS 2nd Day Air,GROUND
ORD-1174033,2025-05-19,08:00:32,SKU-01230,1,B-03L-002-2-B,PKR-031,MULTI,FedEx Ground,GROUND
ORD-1168785,2025-05-19,10:58:57,SKU-02585,2,A-01R-012-4-A,PKR-027,MULTI,USPS Priority Mail,PRIORITY_2D
ORD-1171203,2025-05-19,12:39:45,SKU-04870,2,D-02R-018-5-A,PKR-009,MULTI,UPS Ground,GROUND
ORD-1175472,2025-05-19,21:36:44,SKU-03823,2,C-02R-020-1-B,PKR-015,MULTI,UPS Ground,GROUND
ORD-1169774,2025-05-19,09:39:09,SKU-02684,2,B-01L-017-4-A,PKR-010,MULTI,USPS Priority Mail,GROUND
ORD-1170502,2025-05-19,16:08:46,SKU-02262,1,D-02L-022-3-A,PKR-018,MULTI,FedEx Ground,PRIORITY_2D
ORD-1173401,2025-05-19,06:28:54,SKU-03727,1,B-02R-023-4-A,PKR-031,MULTI,UPS Ground,GROUND
ORD-1171401,2025-05-19,12:20:31,SKU-01803,2,B-03R-020-1-A,PKR-015,MULTI,USPS Priority Mail,GROUND
ORD-1168857,2025-05-19,07:23:48,SKU-04608,2,A-02L-025-1-B,PKR-012,MULTI,UPS 2nd Day Air,GROUND
ORD-1172228,2025-05-19,09:18:05,SKU-00872,1,A-04L-005-1-A,PKR-028,MULTI,FedEx Ground,PRIORITY_2D
ORD-1174244,2025-05-19,12:14:19,SKU-04328,2,A-02L-021-1-B,PKR-028,MULTI,FedEx Ground,GROUND
ORD-1175628,2025-05-19,09:12:31,SKU-04727,2,D-02L-007-1-B,PKR-001,MULTI,USPS Priority Mail,GROUND
ORD-1169556,2025-05-19,11:24:43,SKU-04860,2,C-01R-022-2-B,PKR-030,MULTI,FedEx Ground,GROUND
ORD-1171283,2025-05-19,08:29:24,SKU-01490,1,B-04R-009-1-A,PKR-017,MULTI,USPS Priority Mail,GROUND
ORD-1172182,2025-05-19,20:16:53,SKU-02366,1,A-01R-020-4-A,PKR-022,MULTI,FedEx Ground,GROUND
ORD-1173957,2025-05-19,08:04:06,SKU-02937,2,C-02R-019-5-A,PKR-005,MULTI,FedEx Ground,GROUND
ORD-1169702,2025-05-19,13:08:32,SKU-02104,1,B-01R-002-1-A,PKR-031,MULTI,UPS Ground,GROUND
ORD-1171961,2025-05-19,08:27:30,SKU-04328,1,A-02L-021-1-B,PKR-021,MULTI,UPS Ground,GROUND
ORD-1169701,2025-05-19,17:59:37,SKU-02163,2,A-02R-006-3-A,PKR-013,MULTI,FedEx Ground,GROUND
ORD-1173686,2025-05-19,08:07:06,SKU-01191,2,A-04L-002-2-A,PKR-017,MULTI,UPS 2nd Day Air,GROUND
ORD-1168370,2025-05-19,07:34:30,SKU-04807,2,B-02L-013-3-B,PKR-011,SINGLE,FedEx Ground,GROUND
ORD-1168878,2025-05-19,15:21:55,SKU-00060,1,C-03R-007-3-A,PKR-025,MULTI,UPS Ground,GROUND
ORD-1168813,2025-05-19,11:35:18,SKU-00405,2,C-04R-011-1-A,PKR-001,MULTI,FedEx 2Day,PRIORITY_2D
ORD-1172495,2025-05-19,06:24:30,SKU-00379,2,A-03R-020-4-B,PKR-020,MULTI,FedEx 2Day,GROUND
ORD-1168257,2025-05-19,11:53:22,SKU-02585,2,A-01R-012-4-A,PKR-023,MULTI,FedEx Ground,PRIORITY_2D
ORD-1168004,2025-05-19,13:57:39,SKU-02140,2,B-01R-020-2-B,PKR-022,MULTI,UPS Ground,GROUND
ORD-1173359,2025-05-19,06:18:32,SKU-02018,1,D-01R-022-4-B,PKR-010,MULTI,UPS Ground,PRIORITY_2D
ORD-1173535,2025-05-19,12:57:10,SKU-02609,2,C-01R-013-1-B,PKR-012,MULTI,FedEx Ground,PRIORITY_2D
ORD-1168021,2025-05-19,07:33:41,SKU-04154,1,A-01L-006-3-A,PKR-031,MULTI,FedEx 2Day,PRIORITY_2D
ORD-1175711,2025-05-19,14:03:32,SKU-00925,2,B-04R-015-2-B,PKR-018,MULTI,USPS Priority Mail,STANDARD_OVERNIGHT
ORD-1174285,2025-05-19,10:46:37,SKU-02366,2,A-01R-020-4-A,PKR-001,MULTI,UPS Ground,PRIORITY_2D
ORD-1175487,2025-05-19,07:12:07,SKU-02536,2,E-02L-002-5-B,PKR-028,MULTI,UPS Ground,STANDARD_OVERNIGHT
ORD-1172957,2025-05-19,19:23:59,SKU-04328,2,A-02L-021-1-B,PKR-014,MULTI,UPS Ground,GROUND
ORD-1171034,2025-05-19,07:12:23,SKU-04745,2,B-01R-013-5-A,PKR-008,MULTI,FedEx Ground,GROUND
ORD-1171239,2025-05-19,10:18:34,SKU-01873,2,B-03R-018-4-A,PKR-012,MULTI,UPS 2nd Day Air,GROUND
ORD-1172750,2025-05-19,15:55:55,SKU-02585,2,A-01R-012-4-A,PKR-006,MULTI,UPS Ground,GROUND
ORD-1173039,2025-05-19,07:07:51,SKU-01300,2,A-04L-007-2-A,PKR-006,MULTI,UPS Ground,GROUND
ORD-1173706,2025-05-19,09:26:43,SKU-04328,1,A-02L-021-1-B,PKR-016,MULTI,USPS Priority Mail,GROUND
ORD-1170530,2025-05-19,10:36:19,SKU-03735,2,B-01R-002-3-A,PKR-031,SINGLE,UPS Ground,GROUND
ORD-1172566,2025-05-19,16:22:43,SKU-02357,1,C-02L-006-2-A,PKR-025,MULTI,FedEx 2Day,PRIORITY_2D
ORD-1171091,2025-05-19,08:55:29,SKU-03584,1,B-02R-023-1-B,PKR-026,MULTI,FedEx Ground,GROUND
ORD-1171142,2025-05-19,20:32:06,SKU-01046,1,B-03R-016-2-B,PKR-009,MULTI,USPS Priority Mail,GROUND
ORD-1172298,2025-05-19,08:19:26,SKU-02034,2,A-02L-014-4-B,PKR-017,MULTI,UPS Ground,GROUND
ORD-1174955,2025-05-19,13:16:50,SKU-03831,2,A-01L-021-5-B,PKR-029,MULTI,FedEx Ground,STANDARD_OVERNIGHT
ORD-1169405,2025-05-19,19:26:08,SKU-02585,2,A-01R-012-4-A,PKR-014,MULTI,FedEx Ground,GROUND
ORD-1168792,2025-05-19,11:50:30,SKU-02034,2,A-02L-014-4-B,PKR-010,MULTI,FedEx Ground,GROUND
ORD-1170074,2025-05-19,12:22:29,SKU-03854,2,B-02L-022-3-A,PKR-008,MULTI,UPS Ground,GROUND
ORD-1171551,2025-05-19,20:51:50,SKU-04328,1,A-02L-021-1-B,PKR-021,MULTI,UPS Ground,PRIORITY_2D
ORD-1173466,2025-05-19,15:16:01,SKU-02585,1,A-01R-012-4-A,PKR-018,MULTI,FedEx Ground,PRIORITY_2D
ORD-1172755,2025-05-19,14:44:46,SKU-02366,2,A-01R-020-4-A,PKR-007,MULTI,FedEx Ground,GROUND
ORD-1171963,2025-05-19,10:43:39,SKU-00872,2,A-04L-005-1-A,PKR-009,MULTI,FedEx Ground,GROUND
ORD-1168369,2025-05-19,09:18:39,SKU-04328,2,A-02L-021-1-B,PKR-001,MULTI,UPS 2nd Day Air,GROUND
ORD-1168549,2025-05-19,06:07:14,SKU-00037,2,A-03L-004-3-A,PKR-002,MULTI,USPS Priority Mail,GROUND
ORD-1172149,2025-05-19,14:52:21,SKU-02104,1,B-01R-002-1-A,PKR-006,MULTI,UPS Ground,GROUND
ORD-1172169,2025-05-19,16:20:37,SKU-00083,1,D-03R-008-4-B,PKR-003,MULTI,USPS Priority Mail,GROUND
ORD-1173058,2025-05-19,10:50:04,SKU-04538,2,A-01R-001-1-B,PKR-013,MULTI,FedEx Ground,PRIORITY_2D
ORD-1175771,2025-05-19,15:22:08,SKU-00464,2,B-04L-018-2-A,PKR-003,MULTI,FedEx Ground,STANDARD_OVERNIGHT
ORD-1173241,2025-05-19,09:01:47,SKU-04457,2,A-01L-020-2-B,PKR-014,MULTI,USPS Priority Mail,GROUND
ORD-1175119,2025-05-19,18:59:06,SKU-04528,2,B-02R-014-3-B,PKR-018,MULTI,UPS Ground,GROUND
ORD-1168933,2025-05-19,10:50:25,SKU-04457,1,A-01L-020-2-B,PKR-007,MULTI,UPS Ground,GROUND
ORD-1171416,2025-05-19,19:40:29,SKU-02633,1,C-01L-020-4-A,PKR-022,MULTI,USPS Priority Mail,GROUND
ORD-1178793,2025-05-20,14:39:28,SKU-04328,2,A-02L-021-1-B,PKR-028,MULTI,FedEx 2Day,GROUND
ORD-1177720,2025-05-20,06:58:39,SKU-02609,2,C-01R-013-1-B,PKR-028,MULTI,FedEx Ground,GROUND
ORD-1179917,2025-05-20,16:20:21,SKU-00354,2,A-03R-003-1-B,PKR-030,MULTI,UPS Ground,GROUND
ORD-1180150,2025-05-20,07:47:37,SKU-01799,2,C-03R-018-1-B,PKR-019,MULTI,FedEx Ground,GROUND
ORD-1178944,2025-05-20,07:50:05,SKU-04670,2,C-02R-018-2-B,PKR-012,MULTI,USPS Priority Mail,GROUND
ORD-1178720,2025-05-20,18:41:52,SKU-02104,1,B-01R-002-1-A,PKR-001,MULTI,UPS Ground,PRIORITY_2D
ORD-1179568,2025-05-20,09:21:26,SKU-04911,2,B-02L-008-2-B,PKR-011,MULTI,USPS Priority Mail,GROUND
ORD-1181560,2025-05-20,15:06:32,SKU-00243,2,A-04L-017-4-B,PKR-003,MULTI,USPS Priority Mail,GROUND
ORD-1178986,2025-05-20,08:33:27,SKU-02191,2,A-01L-014-2-B,PKR-031,MULTI,USPS Priority Mail,GROUND
ORD-1180773,2025-05-20,12:52:04,SKU-03727,2,B-02R-023-4-A,PKR-009,MULTI,UPS 2nd Day Air,PRIORITY_2D
ORD-1179517,2025-05-20,19:07:05,SKU-04890,2,A-02R-006-5-B,PKR-008,MULTI,FedEx 2Day,GROUND
ORD-1181218,2025-05-20,13:47:03,SKU-02011,1,C-01L-025-3-B,PKR-004,MULTI,UPS Ground,GROUND
ORD-1180095,2025-05-20,10:47:21,SKU-01267,1,B-03L-020-4-B,PKR-014,MULTI,USPS Priority Mail,PRIORITY_2D
ORD-1177699,2025-05-20,07:53:50,SKU-04041,1,A-02R-002-2-B,PKR-012,MULTI,FedEx Ground,GROUND
ORD-1177983,2025-05-20,17:24:16,SKU-04784,2,C-02R-003-5-A,PKR-013,MULTI,USPS Priority Mail,GROUND
ORD-1181251,2025-05-20,06:02:11,SKU-02585,2,A-01R-012-4-A,PKR-032,MULTI,USPS Priority Mail,GROUND
ORD-1182082,2025-05-20,11:51:32,SKU-00395,2,D-04L-020-1-B,PKR-005,MULTI,FedEx Ground,GROUND
ORD-1183351,2025-05-20,18:01:28,SKU-03032,1,A-02L-020-4-B,PKR-006,MULTI,USPS Priority Mail,PRIORITY_2D
ORD-1180693,2025-05-20,15:47:09,SKU-01838,1,B-03R-019-1-A,PKR-014,MULTI,USPS Priority Mail,GROUND
ORD-1178827,2025-05-20,12:51:34,SKU-02908,2,B-02L-005-3-A,PKR-028,MULTI,UPS Ground,GROUND
ORD-1178954,2025-05-20,17:03:20,SKU-02908,2,B-02L-005-3-A,PKR-026,MULTI,FedEx Ground,GROUND
ORD-1177319,2025-05-20,06:19:43,SKU-02908,1,B-02L-005-3-A,PKR-015,MULTI,FedEx 2Day,GROUND
ORD-1176777,2025-05-20,14:13:18,SKU-04721,1,D-01R-002-5-B,PKR-016,MULTI,FedEx 2Day,GROUND
ORD-1179096,2025-05-20,11:45:30,SKU-02908,1,B-02L-005-3-A,PKR-028,MULTI,USPS Priority Mail,PRIORITY_2D
ORD-1178518,2025-05-20,12:55:50,SKU-03968,1,A-02L-019-2-B,PKR-006,MULTI,UPS Ground,PRIORITY_2D
ORD-1179074,2025-05-20,06:48:55,SKU-04328,2,A-02L-021-1-B,PKR-004,MULTI,FedEx Ground,GROUND
ORD-1176264,2025-05-20,14:17:49,SKU-01721,2,A-04L-015-4-B,PKR-015,MULTI,UPS Ground,GROUND
ORD-1182954,2025-05-20,12:44:38,SKU-02104,2,B-01R-002-1-A,PKR-024,MULTI,FedEx Ground,GROUND
ORD-1180613,2025-05-20,07:18:51,SKU-02772,1,A-02R-012-5-A,PKR-029,MULTI,UPS 2nd Day Air,GROUND
ORD-1181951,2025-05-20,12:05:58,SKU-04328,1,A-02L-021-1-B,PKR-019,MULTI,UPS 2nd Day Air,GROUND
ORD-1180264,2025-05-20,12:01:54,SKU-03727,2,B-02R-023-4-A,PKR-011,MULTI,UPS 2nd Day Air,GROUND
ORD-1181377,2025-05-20,14:46:20,SKU-02908,2,B-02L-005-3-A,PKR-027,MULTI,USPS Priority Mail,GROUND
ORD-1176335,2025-05-20,20:41:28,SKU-03727,2,B-02R-023-4-A,PKR-029,MULTI,USPS Priority Mail,GROUND
ORD-1182181,2025-05-20,21:20:32,SKU-04328,1,A-02L-021-1-B,PKR-012,MULTI,UPS 2nd Day Air,GROUND
ORD-1182281,2025-05-20,16:18:25,SKU-00738,2,C-03L-007-2-B,PKR-030,MULTI,USPS Priority Mail,PRIORITY_2D
ORD-1176008,2025-05-20,16:42:42,SKU-04041,1,A-02R-002-2-B,PKR-014,MULTI,UPS Ground,GROUND
ORD-1178783,2025-05-20,11:03:14,SKU-03727,2,B-02R-023-4-A,PKR-019,MULTI,FedEx Ground,GROUND
ORD-1176043,2025-05-20,08:39:31,SKU-01803,2,B-03R-020-1-A,PKR-012,MULTI,FedEx Ground,PRIORITY_2D
ORD-1180642,2025-05-20,12:40:28,SKU-04604,2,A-02R-011-2-A,PKR-002,MULTI,UPS Ground,GROUND
ORD-1178805,2025-05-20,18:43:51,SKU-02050,2,C-02L-007-1-A,PKR-026,MULTI,UPS 2nd Day Air,PRIORITY_2D
ORD-1182029,2025-05-20,10:47:14,SKU-00673,1,C-03L-015-4-A,PKR-002,MULTI,USPS Priority Mail,GROUND
ORD-1181795,2025-05-20,06:07:39,SKU-01204,1,A-03R-016-1-B,PKR-019,MULTI,UPS Ground,PRIORITY_2D
ORD-1176040,2025-05-20,09:56:15,SKU-02908,1,B-02L-005-3-A,PKR-012,MULTI,UPS Ground,GROUND
ORD-1183338,2025-05-20,21:15:24,SKU-02275,2,D-02R-004-3-B,PKR-007,MULTI,FedEx 2Day,GROUND
ORD-1176330,2025-05-20,09:04:00,SKU-04370,1,A-02R-026-5-A,PKR-028,MULTI,USPS Priority Mail,GROUND
ORD-1177910,2025-05-20,16:42:16,SKU-03510,1,A-02L-003-4-A,PKR-006,MULTI,UPS Ground,GROUND
ORD-1182615,2025-05-20,12:11:51,SKU-02628,1,B-01L-009-5-A,PKR-025,MULTI,UPS Ground,GROUND
ORD-1178730,2025-05-20,06:42:29,SKU-01204,1,A-03R-016-1-B,PKR-014,MULTI,UPS Ground,STANDARD_OVERNIGHT
ORD-1178399,2025-05-20,16:18:39,SKU-04041,1,A-02R-002-2-B,PKR-009,MULTI,USPS Priority Mail,GROUND
ORD-1183705,2025-05-20,18:17:37,SKU-02981,2,A-02R-015-5-A,PKR-003,MULTI,UPS Ground,STANDARD_OVERNIGHT
ORD-1176041,2025-05-20,14:22:40,SKU-03369,2,D-02L-005-5-B,PKR-027,MULTI,FedEx Ground,GROUND
ORD-1183807,2025-05-20,13:58:48,SKU-02772,2,A-02R-012-5-A,PKR-010,MULTI,UPS Ground,GROUND
ORD-1180078,2025-05-20,11:23:26,SKU-00872,1,A-04L-005-1-A,PKR-013,MULTI,USPS Priority Mail,STANDARD_OVERNIGHT
ORD-1183865,2025-05-20,17:57:27,SKU-02245,2,D-01L-013-2-B,PKR-004,MULTI,FedEx Ground,GROUND
ORD-1183412,2025-05-20,15:46:14,SKU-03378,1,A-01L-004-4-B,PKR-027,MULTI,FedEx Ground,GROUND
ORD-1177341,2025-05-20,08:34:10,SKU-04041,2,A-02R-002-2-B,PKR-017,SINGLE,UPS Ground,GROUND
ORD-1183999,2025-05-20,09:48:46,SKU-00771,1,A-03R-005-2-A,PKR-024,MULTI,UPS Ground,GROUND
ORD-1183338,2025-05-20,21:15:24,SKU-02272,2,A-02R-002-5-A,PKR-007,MULTI,FedEx 2Day,GROUND
ORD-1176240,2025-05-20,06:25:47,SKU-04806,1,D-02R-011-4-B,PKR-001,MULTI,UPS Ground,GROUND
ORD-1176917,2025-05-20,17:51:33,SKU-02046,2,D-01R-010-1-B,PKR-029,SINGLE,FedEx Ground,GROUND
ORD-1183103,2025-05-20,14:34:35,SKU-01775,1,B-03R-006-4-B,PKR-023,MULTI,FedEx Ground,GROUND
ORD-1179217,2025-05-20,16:22:50,SKU-03209,2,A-02R-022-2-B,PKR-009,MULTI,USPS Priority Mail,GROUND
ORD-1183019,2025-05-20,11:53:31,SKU-04308,1,B-02R-019-4-A,PKR-024,MULTI,FedEx Ground,PRIORITY_2D
ORD-1177789,2025-05-20,07:46:55,SKU-02307,1,C-01R-026-3-A,PKR-022,MULTI,UPS Ground,GROUND
ORD-1177592,2025-05-20,18:40:35,SKU-02366,2,A-01R-020-4-A,PKR-012,MULTI,FedEx Ground,PRIORITY_2D
ORD-1178896,2025-05-20,11:14:22,SKU-04977,2,C-01L-010-5-A,PKR-032,MULTI,FedEx Ground,GROUND
ORD-1178175,2025-05-20,17:09:37,SKU-01204,1,A-03R-016-1-B,PKR-020,MULTI,UPS Ground,PRIORITY_2D
ORD-1180340,2025-05-20,19:19:23,SKU-01204,2,A-03R-016-1-B,PKR-028,MULTI,FedEx Ground,GROUND
ORD-1178543,2025-05-20,19:55:11,SKU-01064,2,C-04L-014-3-B,PKR-016,MULTI,FedEx 2Day,GROUND
ORD-1182873,2025-05-20,10:02:30,SKU-00037,2,A-03L-004-3-A,PKR-011,MULTI,FedEx Ground,GROUND
ORD-1177499,2025-05-20,09:24:11,SKU-04775,1,A-02R-001-5-B,PKR-010,MULTI,UPS Ground,GROUND
ORD-1182328,2025-05-20,11:14:01,SKU-04328,1,A-02L-021-1-B,PKR-019,MULTI,FedEx 2Day,GROUND
ORD-1183229,2025-05-20,12:03:27,SKU-01850,1,A-04R-006-2-A,PKR-005,MULTI,USPS Priority Mail,PRIORITY_2D
ORD-1182145,2025-05-20,10:06:19,SKU-02908,2,B-02L-005-3-A,PKR-030,MULTI,UPS Ground,PRIORITY_2D
ORD-1181172,2025-05-20,11:43:04,SKU-02223,2,C-02R-002-3-B,PKR-013,MULTI,UPS Ground,GROUND
ORD-1177851,2025-05-20,17:41:15,SKU-04517,1,E-02R-021-1-A,PKR-006,MULTI,FedEx Ground,GROUND
ORD-1179369,2025-05-20,15:50:15,SKU-00056,1,C-04R-006-2-A,PKR-010,MULTI,USPS Priority Mail,GROUND
ORD-1183858,2025-05-20,12:21:56,SKU-02132,2,D-01R-026-4-A,PKR-003,MULTI,UPS Ground,STANDARD_OVERNIGHT
ORD-1180325,2025-05-20,12:31:57,SKU-01552,2,A-04R-001-1-B,PKR-022,MULTI,FedEx Ground,PRIORITY_2D
ORD-1181701,2025-05-20,06:48:41,SKU-03635,2,A-02R-019-5-A,PKR-006,MULTI,UPS 2nd Day Air,STANDARD_OVERNIGHT
ORD-1177239,2025-05-20,16:26:59,SKU-02252,2,B-02R-025-2-A,PKR-020,MULTI,FedEx Ground,PRIORITY_2D
ORD-1177423,2025-05-20,08:26:52,SKU-02034,2,A-02L-014-4-B,PKR-029,MULTI,USPS Priority Mail,GROUND
ORD-1183463,2025-05-20,19:04:33,SKU-01452,2,D-03L-007-1-B,PKR-013,MULTI,UPS Ground,GROUND
ORD-1178632,2025-05-20,08:10:10,SKU-02085,2,D-02R-008-1-A,PKR-029,MULTI,FedEx Ground,GROUND
ORD-1183877,2025-05-20,14:09:52,SKU-04542,2,C-02L-018-4-A,PKR-032,MULTI,UPS Ground,GROUND
ORD-1180984,2025-05-20,19:33:00,SKU-04558,2,A-01L-008-1-A,PKR-018,MULTI,UPS Ground,GROUND
ORD-1179635,2025-05-20,07:49:12,SKU-01552,2,A-04R-001-1-B,PKR-030,MULTI,USPS Priority Mail,GROUND
ORD-1176679,2025-05-20,08:49:42,SKU-02840,1,D-02R-003-5-A,PKR-015,MULTI,UPS Ground,PRIORITY_2D
ORD-1177626,2025-05-20,18:54:27,SKU-02681,1,A-01R-018-4-B,PKR-012,MULTI,USPS Priority Mail,GROUND
ORD-1179190,2025-05-20,07:03:33,SKU-04538,2,A-01R-001-1-B,PKR-021,MULTI,FedEx Ground,PRIORITY_2D
ORD-1179397,2025-05-20,19:53:06,SKU-01331,2,A-03R-003-4-B,PKR-014,MULTI,FedEx Ground,PRIORITY_2D
ORD-1180438,2025-05-20,15:35:57,SKU-02366,2,A-01R-020-4-A,PKR-026,MULTI,FedEx Ground,GROUND
ORD-1177817,2025-05-20,11:35:32,SKU-04457,2,A-01L-020-2-B,PKR-031,MULTI,USPS Priority Mail,GROUND
ORD-1181209,2025-05-20,11:34:35,SKU-03823,2,C-02R-020-1-B,PKR-007,MULTI,FedEx Ground,GROUND
ORD-1178914,2025-05-20,11:19:02,SKU-02413,2,C-01R-007-1-A,PKR-030,MULTI,UPS 2nd Day Air,GROUND
ORD-1182052,2025-05-20,15:46:09,SKU-03881,1,B-02R-002-4-A,PKR-025,MULTI,FedEx Ground,GROUND
ORD-1178539,2025-05-20,16:10:15,SKU-01152,2,B-04R-017-1-A,PKR-004,MULTI,UPS Ground,GROUND
ORD-1179268,2025-05-20,14:22:55,SKU-02366,2,A-01R-020-4-A,PKR-010,MULTI,UPS Ground,GROUND
ORD-1179552,2025-05-20,12:03:54,SKU-03727,1,B-02R-023-4-A,PKR-020,MULTI,UPS Ground,PRIORITY_2D
ORD-1180791,2025-05-20,12:53:51,SKU-04370,2,A-02R-026-5-A,PKR-005,MULTI,FedEx Ground,GROUND
ORD-1180215,2025-05-20,21:15:00,SKU-04328,2,A-02L-021-1-B,PKR-015,MULTI,FedEx Ground,GROUND
ORD-1179090,2025-05-20,08:39:50,SKU-00345,1,C-03R-006-3-B,PKR-003,MULTI,USPS Priority Mail,PRIORITY_2D
ORD-1176628,2025-05-20,06:26:56,SKU-00019,1,A-03R-001-1-A,PKR-024,MULTI,USPS Priority Mail,GROUND
ORD-1178924,2025-05-20,17:01:32,SKU-04019,1,D-01R-008-5-A,PKR-012,MULTI,UPS Ground,GROUND
ORD-1176434,2025-05-20,17:03:29,SKU-04328,2,A-02L-021-1-B,PKR-002,MULTI,FedEx Ground,PRIORITY_2D
ORD-1179714,2025-05-20,16:13:17,SKU-01535,2,C-04R-019-4-A,PKR-032,MULTI,UPS Ground,PRIORITY_2D
ORD-1182020,2025-05-20,19:16:01,SKU-04328,2,A-02L-021-1-B,PKR-017,MULTI,USPS Priority Mail,GROUND
ORD-1179798,2025-05-20,14:42:27,SKU-04608,2,A-02L-025-1-B,PKR-008,MULTI,FedEx Ground,GROUND
ORD-1181711,2025-05-20,19:43:12,SKU-00132,2,A-04R-016-4-B,PKR-005,MULTI,UPS Ground,STANDARD_OVERNIGHT
ORD-1181871,2025-05-20,14:42:47,SKU-04328,2,A-02L-021-1-B,PKR-030,MULTI,FedEx Ground,GROUND
ORD-1183528,2025-05-20,09:51:15,SKU-04153,1,D-01R-012-3-B,PKR-025,MULTI,UPS Ground,PRIORITY_2D
ORD-1183016,2025-05-20,14:21:35,SKU-03095,2,B-01L-010-3-A,PKR-026,MULTI,FedEx Ground,GROUND
ORD-1178831,2025-05-20,11:24:47,SKU-00334,1,D-04R-020-4-A,PKR-026,MULTI,UPS Ground,GROUND
ORD-1177908,2025-05-20,11:04:01,SKU-03250,2,A-01R-001-3-A,PKR-017,MULTI,USPS Priority Mail,GROUND
ORD-1178120,2025-05-20,07:47:16,SKU-01179,1,B-04R-007-2-A,PKR-006,MULTI,FedEx Ground,GROUND
ORD-1178731,2025-05-20,19:50:07,SKU-02291,1,D-01R-026-1-A,PKR-014,MULTI,FedEx Ground,GROUND
ORD-1180533,2025-05-20,17:10:24,SKU-04041,2,A-02R-002-2-B,PKR-008,MULTI,FedEx Ground,GROUND
ORD-1182702,2025-05-20,11:38:59,SKU-01251,2,B-03L-016-1-A,PKR-019,MULTI,FedEx Ground,GROUND
ORD-1177456,2025-05-20,18:44:10,SKU-02859,2,A-01L-018-3-A,PKR-027,MULTI,FedEx Ground,GROUND
ORD-1179330,2025-05-20,06:05:54,SKU-02104,1,B-01R-002-1-A,PKR-015,MULTI,FedEx Ground,GROUND
ORD-1179125,2025-05-20,11:16:53,SKU-02908,2,B-02L-005-3-A,PKR-017,MULTI,FedEx Ground,GROUND
ORD-1179096,2025-05-20,11:45:30,SKU-02104,2,B-01R-002-1-A,PKR-028,MULTI,USPS Priority Mail,PRIORITY_2D
ORD-1181832,2025-05-20,06:51:27,SKU-00241,2,D-04R-016-4-B,PKR-022,MULTI,USPS Priority Mail,PRIORITY_2D
ORD-1182976,2025-05-20,17:17:56,SKU-00872,2,A-04L-005-1-A,PKR-020,MULTI,UPS 2nd Day Air,GROUND
ORD-1178670,2025-05-20,06:01:09,SKU-04328,2,A-02L-021-1-B,PKR-023,MULTI,FedEx Ground,PRIORITY_2D
ORD-1176711,2025-05-20,19:20:04,SKU-00327,2,D-04R-001-3-A,PKR-017,MULTI,FedEx Ground,PRIORITY_2D
ORD-1182760,2025-05-20,13:00:53,SKU-03727,2,B-02R-023-4-A,PKR-015,MULTI,FedEx Ground,GROUND
ORD-1183003,2025-05-20,14:44:05,SKU-04814,2,B-02R-017-4-A,PKR-007,MULTI,USPS Priority Mail,GROUND
ORD-1180389,2025-05-20,15:32:51,SKU-02737,2,D-01L-021-5-A,PKR-021,MULTI,UPS Ground,GROUND
ORD-1178521,2025-05-20,16:21:34,SKU-02366,1,A-01R-020-4-A,PKR-024,MULTI,USPS Priority Mail,GROUND
ORD-1179680,2025-05-20,10:47:31,SKU-03018,2,C-02L-015-3-B,PKR-009,MULTI,FedEx Ground,GROUND
ORD-1176266,2025-05-20,18:44:29,SKU-03727,1,B-02R-023-4-A,PKR-008,MULTI,FedEx Ground,GROUND
ORD-1181266,2025-05-20,10:50:48,SKU-04457,1,A-01L-020-2-B,PKR-007,MULTI,FedEx Ground,GROUND
ORD-1178474,2025-05-20,08:57:13,SKU-02908,1,B-02L-005-3-A,PKR-024,MULTI,FedEx Ground,GROUND
ORD-1179188,2025-05-20,17:47:34,SKU-01399,1,B-03R-005-2-A,PKR-020,MULTI,FedEx Ground,GROUND
ORD-1180970,2025-05-20,06:51:28,SKU-04878,2,B-01R-016-3-B,PKR-022,MULTI,USPS Priority Mail,STANDARD_OVERNIGHT
ORD-1182234,2025-05-20,07:54:05,SKU-03727,1,B-02R-023-4-A,PKR-027,MULTI,UPS Ground,STANDARD_OVERNIGHT
ORD-1176106,2025-05-20,13:42:27,SKU-04878,2,B-01R-016-3-B,PKR-018,SINGLE,FedEx Ground,PRIORITY_2D
ORD-1180893,2025-05-20,17:19:38,SKU-02734,2,C-02R-023-3-A,PKR-002,MULTI,UPS Ground,PRIORITY_2D
ORD-1178782,2025-05-20,12:34:25,SKU-04041,1,A-02R-002-2-B,PKR-010,MULTI,USPS Priority Mail,GROUND
ORD-1176539,2025-05-20,06:58:01,SKU-02038,2,A-01L-024-2-A,PKR-030,MULTI,FedEx Ground,PRIORITY_2D
ORD-1177472,2025-05-20,19:07:50,SKU-01446,1,B-04R-007-3-A,PKR-010,SINGLE,FedEx Ground,GROUND
ORD-1177445,2025-05-20,14:24:29,SKU-04041,2,A-02R-002-2-B,PKR-028,MULTI,UPS 2nd Day Air,GROUND
ORD-1183608,2025-05-20,09:27:44,SKU-03032,2,A-02L-020-4-B,PKR-031,MULTI,FedEx Ground,STANDARD_OVERNIGHT
ORD-1183287,2025-05-20,08:52:55,SKU-04041,1,A-02R-002-2-B,PKR-004,MULTI,UPS Ground,PRIORITY_2D
ORD-1179570,2025-05-20,17:51:56,SKU-01300,2,A-04L-007-2-A,PKR-008,MULTI,FedEx 2Day,GROUND
ORD-1177192,2025-05-20,21:03:25,SKU-03881,2,B-02R-002-4-A,PKR-006,MULTI,USPS Priority Mail,GROUND
ORD-1182546,2025-05-20,21:23:30,SKU-04328,2,A-02L-021-1-B,PKR-004,MULTI,FedEx Ground,GROUND
ORD-1182424,2025-05-20,10:57:26,SKU-03496,2,B-01R-016-5-B,PKR-016,MULTI,FedEx 2Day,STANDARD_OVERNIGHT
ORD-1178950,2025-05-20,07:54:39,SKU-03727,1,B-02R-023-4-A,PKR-015,MULTI,FedEx Ground,PRIORITY_2D
ORD-1180293,2025-05-20,20:28:13,SKU-02609,1,C-01R-013-1-B,PKR-011,MULTI,FedEx Ground,GROUND
ORD-1183286,2025-05-20,18:53:34,SKU-02585,2,A-01R-012-4-A,PKR-032,MULTI,UPS Ground,GROUND
ORD-1180052,2025-05-20,08:10:07,SKU-03727,2,B-02R-023-4-A,PKR-031,MULTI,FedEx 2Day,STANDARD_OVERNIGHT
ORD-1177989,2025-05-20,17:11:43,SKU-04328,1,A-02L-021-1-B,PKR-024,SINGLE,FedEx Ground,PRIORITY_2D
ORD-1178997,2025-05-20,11:54:52,SKU-02366,2,A-01R-020-4-A,PKR-001,MULTI,FedEx Ground,GROUND
ORD-1176264,2025-05-20,14:17:49,SKU-00446,1,B-04L-006-4-A,PKR-015,MULTI,UPS Ground,GROUND
ORD-1179651,2025-05-20,19:32:50,SKU-02737,2,D-01L-021-5-A,PKR-029,MULTI,USPS Priority Mail,GROUND
ORD-1181924,2025-05-20,07:21:33,SKU-04563,2,A-02L-022-4-B,PKR-015,MULTI,FedEx Ground,GROUND
ORD-1183078,2025-05-20,06:50:29,SKU-00925,2,B-04R-015-2-B,PKR-029,MULTI,UPS 2nd Day Air,GROUND
ORD-1176827,2025-05-20,18:36:59,SKU-01204,1,A-03R-016-1-B,PKR-025,MULTI,UPS Ground,GROUND
ORD-1177430,2025-05-20,07:23:56,SKU-00187,2,B-03L-002-1-B,PKR-010,MULTI,FedEx Ground,GROUND
ORD-1179077,2025-05-20,11:31:49,SKU-01340,2,C-03L-001-1-B,PKR-021,MULTI,USPS Priority Mail,GROUND
ORD-1179655,2025-05-20,20:11:48,SKU-04041,1,A-02R-002-2-B,PKR-021,MULTI,FedEx Ground,PRIORITY_2D
ORD-1182044,2025-05-20,06:20:11,SKU-04457,2,A-01L-020-2-B,PKR-025,MULTI,FedEx 2Day,PRIORITY_2D
ORD-1182359,2025-05-20,15:05:59,SKU-00694,2,E-03R-002-3-B,PKR-032,MULTI,UPS Ground,GROUND
ORD-1183466,2025-05-20,15:04:55,SKU-04516,2,C-02L-006-4-A,PKR-005,MULTI,FedEx Ground,GROUND
ORD-1177770,2025-05-20,12:37:07,SKU-00047,2,A-03L-014-4-B,PKR-012,MULTI,USPS Priority Mail,GROUND
ORD-1177330,2025-05-20,06:37:06,SKU-00158,1,C-04L-010-3-A,PKR-021,MULTI,USPS Priority Mail,GROUND
ORD-1182419,2025-05-20,11:33:00,SKU-02016,2,A-02L-016-1-A,PKR-022,MULTI,UPS Ground,GROUND
ORD-1178538,2025-05-20,13:14:37,SKU-04528,2,B-02R-014-3-B,PKR-014,MULTI,UPS Ground,GROUND
ORD-1176692,2025-05-20,18:36:42,SKU-02366,2,A-01R-020-4-A,PKR-001,MULTI,USPS Priority Mail,GROUND
ORD-1176871,2025-05-20,08:56:24,SKU-03734,2,A-02L-002-5-A,PKR-024,MULTI,UPS Ground,GROUND
ORD-1177282,2025-05-20,07:20:22,SKU-04328,2,A-02L-021-1-B,PKR-012,MULTI,USPS Priority Mail,PRIORITY_2D
ORD-1177182,2025-05-20,21:40:38,SKU-04041,2,A-02R-002-2-B,PKR-026,MULTI,FedEx Ground,GROUND
ORD-1182500,2025-05-20,21:06:57,SKU-02047,2,B-02R-026-3-A,PKR-001,MULTI,USPS Priority Mail,GROUND
ORD-1182257,2025-05-20,08:13:01,SKU-04328,2,A-02L-021-1-B,PKR-002,MULTI,UPS Ground,STANDARD_OVERNIGHT
ORD-1182173,2025-05-20,16:29:28,SKU-00446,2,B-04L-006-4-A,PKR-007,SINGLE,FedEx Ground,GROUND
ORD-1177885,2025-05-20,16:59:50,SKU-04183,2,A-01L-010-2-B,PKR-013,MULTI,UPS Ground,GROUND
ORD-1183250,2025-05-20,09:17:34,SKU-04041,2,A-02R-002-2-B,PKR-007,MULTI,USPS Priority Mail,STANDARD_OVERNIGHT
ORD-1182886,2025-05-20,17:51:24,SKU-02125,1,A-01R-020-2-B,PKR-003,MULTI,UPS Ground,GROUND
ORD-1181326,2025-05-20,11:46:01,SKU-00872,2,A-04L-005-1-A,PKR-021,MULTI,FedEx Ground,GROUND
ORD-1183301,2025-05-20,21:16:17,SKU-02913,2,B-01L-015-2-B,PKR-001,SINGLE,UPS Ground,GROUND
ORD-1181362,2025-05-20,09:31:59,SKU-00358,1,A-03L-008-1-B,PKR-015,MULTI,UPS 2nd Day Air,GROUND
ORD-1183011,2025-05-20,07:36:11,SKU-02366,2,A-01R-020-4-A,PKR-026,MULTI,FedEx Ground,GROUND
ORD-1181209,2025-05-20,11:34:35,SKU-04328,1,A-02L-021-1-B,PKR-007,MULTI,FedEx Ground,GROUND
ORD-1177848,2025-05-20,19:05:37,SKU-02125,1,A-01R-020-2-B,PKR-019,MULTI,FedEx Ground,GROUND
ORD-1176391,2025-05-20,11:54:41,SKU-04041,1,A-02R-002-2-B,PKR-030,MULTI,UPS Ground,GROUND
ORD-1176891,2025-05-20,12:31:34,SKU-01204,1,A-03R-016-1-B,PKR-025,MULTI,FedEx Ground,GROUND
ORD-1182104,2025-05-20,12:14:34,SKU-04328,2,A-02L-021-1-B,PKR-027,MULTI,FedEx Ground,GROUND
ORD-1176531,2025-05-20,18:38:41,SKU-02584,1,A-02L-003-1-B,PKR-016,MULTI,UPS Ground,PRIORITY_2D
ORD-1179154,2025-05-20,17:50:57,SKU-02734,1,C-02R-023-3-A,PKR-012,SINGLE,USPS Priority Mail,GROUND
ORD-1177910,2025-05-20,16:42:16,SKU-03795,2,E-01R-017-3-B,PKR-006,MULTI,UPS Ground,GROUND
ORD-1179303,2025-05-20,14:34:46,SKU-02124,2,B-01R-023-4-A,PKR-017,MULTI,USPS Priority Mail,GROUND
ORD-1182995,2025-05-20,20:28:10,SKU-02795,2,C-02R-026-1-A,PKR-029,MULTI,UPS Ground,PRIORITY_2D
ORD-1180183,2025-05-20,06:42:47,SKU-00423,2,B-03R-005-4-B,PKR-028,MULTI,USPS Priority Mail,PRIORITY_2D
ORD-1178768,2025-05-20,15:55:38,SKU-03032,2,A-02L-020-4-B,PKR-023,MULTI,USPS Priority Mail,GROUND
ORD-1177180,2025-05-20,12:32:31,SKU-02181,2,C-01R-006-2-A,PKR-021,MULTI,FedEx Ground,GROUND
ORD-1176181,2025-05-20,08:11:33,SKU-04670,2,C-02R-018-2-B,PKR-006,MULTI,FedEx Ground,GROUND
ORD-1177761,2025-05-20,10:43:20,SKU-04041,2,A-02R-002-2-B,PKR-017,MULTI,FedEx 2Day,GROUND
ORD-1177695,2025-05-20,12:12:21,SKU-01850,2,A-04R-006-2-A,PKR-016,SINGLE,FedEx Ground,PRIORITY_2D
ORD-1180437,2025-05-20,11:11:15,SKU-01015,2,A-03R-009-3-A,PKR-002,MULTI,FedEx Ground,GROUND
ORD-1179839,2025-05-20,09:53:53,SKU-02699,2,C-01L-007-2-B,PKR-006,MULTI,FedEx 2Day,GROUND
ORD-1176544,2025-05-20,14:41:48,SKU-02082,2,D-01R-023-5-B,PKR-009,MULTI,FedEx Ground,GROUND
ORD-1177108,2025-05-20,16:27:57,SKU-01054,1,B-03R-017-2-B,PKR-026,SINGLE,UPS Ground,GROUND
ORD-1180280,2025-05-20,14:42:53,SKU-02707,2,A-02L-009-3-A,PKR-026,MULTI,UPS Ground,PRIORITY_2D
ORD-1178267,2025-05-20,12:23:52,SKU-00771,2,A-03R-005-2-A,PKR-029,MULTI,FedEx Ground,GROUND
ORD-1181535,2025-05-20,09:37:13,SKU-03618,1,C-02R-025-4-B,PKR-021,MULTI,FedEx 2Day,GROUND
ORD-1189833,2025-05-21,16:26:00,SKU-02708,2,A-01R-026-1-B,PKR-011,MULTI,FedEx 2Day,PRIORITY_2D
ORD-1188550,2025-05-21,07:01:09,SKU-02866,2,E-02L-013-2-A,PKR-024,MULTI,FedEx Ground,GROUND
ORD-1190094,2025-05-21,19:16:41,SKU-04041,1,A-02R-002-2-B,PKR-022,MULTI,FedEx 2Day,GROUND
ORD-1186615,2025-05-21,14:31:24,SKU-03727,2,B-02R-023-4-A,PKR-028,MULTI,USPS Priority Mail,GROUND
ORD-1189269,2025-05-21,06:42:43,SKU-02679,1,B-02R-015-2-A,PKR-015,MULTI,FedEx Ground,PRIORITY_2D
ORD-1190805,2025-05-21,11:08:31,SKU-01552,2,A-04R-001-1-B,PKR-001,MULTI,USPS Priority Mail,PRIORITY_2D
ORD-1189015,2025-05-21,20:19:59,SKU-04528,1,B-02R-014-3-B,PKR-026,MULTI,UPS Ground,GROUND
ORD-1187706,2025-05-21,12:00:04,SKU-03577,2,E-02L-010-3-A,PKR-009,MULTI,USPS Priority Mail,GROUND
ORD-1185260,2025-05-21,12:05:16,SKU-02585,2,A-01R-012-4-A,PKR-016,MULTI,UPS Ground,PRIORITY_2D
ORD-1190453,2025-05-21,15:43:31,SKU-04328,2,A-02L-021-1-B,PKR-028,MULTI,UPS Ground,GROUND
ORD-1191121,2025-05-21,08:06:20,SKU-02060,2,A-01R-005-3-B,PKR-005,MULTI,FedEx Ground,GROUND
ORD-1187061,2025-05-21,09:57:06,SKU-02264,1,B-02R-017-3-B,PKR-001,MULTI,FedEx Ground,GROUND
ORD-1184899,2025-05-21,14:56:37,SKU-04328,2,A-02L-021-1-B,PKR-007,MULTI,USPS Priority Mail,GROUND
ORD-1186404,2025-05-21,16:55:18,SKU-02828,2,A-02L-007-2-A,PKR-023,MULTI,USPS Priority Mail,GROUND
ORD-1188379,2025-05-21,07:47:15,SKU-00037,2,A-03L-004-3-A,PKR-019,MULTI,FedEx Ground,GROUND
ORD-1189553,2025-05-21,09:21:12,SKU-00871,2,A-03R-010-4-B,PKR-016,SINGLE,USPS Priority Mail,GROUND
ORD-1184976,2025-05-21,10:32:54,SKU-03881,1,B-02R-002-4-A,PKR-013,MULTI,UPS Ground,GROUND
ORD-1188709,2025-05-21,21:13:50,SKU-04041,2,A-02R-002-2-B,PKR-032,MULTI,UPS Ground,STANDARD_OVERNIGHT
ORD-1188688,2025-05-21,21:40:40,SKU-04475,2,A-01L-026-4-A,PKR-031,SINGLE,UPS Ground,PRIORITY_2D
ORD-1186555,2025-05-21,06:58:39,SKU-04608,2,A-02L-025-1-B,PKR-028,MULTI,UPS Ground,STANDARD_OVERNIGHT
ORD-1190731,2025-05-21,19:30:44,SKU-01264,2,B-03R-006-1-B,PKR-026,MULTI,FedEx Ground,GROUND
ORD-1191520,2025-05-21,19:04:38,SKU-00376,2,B-04L-004-2-B,PKR-030,MULTI,UPS Ground,GROUND
ORD-1191709,2025-05-21,09:59:25,SKU-04041,2,A-02R-002-2-B,PKR-012,MULTI,USPS Priority Mail,GROUND
ORD-1185706,2025-05-21,13:17:07,SKU-02684,1,B-01L-017-4-A,PKR-032,MULTI,UPS Ground,GROUND
ORD-1187263,2025-05-21,14:28:05,SKU-00253,2,C-03R-003-3-B,PKR-032,MULTI,USPS Priority Mail,GROUND
ORD-1189239,2025-05-21,21:49:39,SKU-02366,2,A-01R-020-4-A,PKR-020,MULTI,UPS 2nd Day Air,GROUND
ORD-1191654,2025-05-21,09:33:52,SKU-01040,2,B-04R-019-4-A,PKR-018,MULTI,FedEx Ground,GROUND
ORD-1190179,2025-05-21,15:03:28,SKU-00483,2,C-03L-009-3-A,PKR-022,MULTI,UPS Ground,GROUND
ORD-1189808,2025-05-21,09:39:32,SKU-02908,2,B-02L-005-3-A,PKR-016,MULTI,UPS Ground,GROUND
ORD-1184996,2025-05-21,21:08:08,SKU-01882,1,D-04R-012-2-A,PKR-029,MULTI,FedEx 2Day,PRIORITY_2D
ORD-1191087,2025-05-21,18:28:37,SKU-02876,2,C-01R-009-2-A,PKR-011,MULTI,UPS Ground,GROUND
ORD-1188482,2025-05-21,06:23:57,SKU-04719,2,B-01L-006-4-B,PKR-014,MULTI,FedEx 2Day,PRIORITY_2D
ORD-1189043,2025-05-21,08:29:35,SKU-04041,1,A-02R-002-2-B,PKR-025,MULTI,UPS Ground,GROUND
ORD-1185057,2025-05-21,12:54:22,SKU-00466,2,C-04R-016-1-B,PKR-016,SINGLE,USPS Priority Mail,GROUND
ORD-1186898,2025-05-21,11:54:22,SKU-02366,1,A-01R-020-4-A,PKR-006,MULTI,FedEx 2Day,GROUND
ORD-1191698,2025-05-21,08:47:36,SKU-00017,2,B-03R-001-4-B,PKR-027,MULTI,FedEx 2Day,GROUND
ORD-1191815,2025-05-21,12:41:03,SKU-04022,2,B-02R-010-4-B,PKR-003,MULTI,UPS Ground,GROUND
ORD-1191714,2025-05-21,11:04:04,SKU-00141,2,E-04R-004-1-B,PKR-005,MULTI,UPS Ground,GROUND
ORD-1186830,2025-05-21,10:57:25,SKU-00132,1,A-04R-016-4-B,PKR-006,MULTI,UPS Ground,GROUND
ORD-1188649,2025-05-21,16:56:18,SKU-02191,2,A-01L-014-2-B,PKR-017,MULTI,UPS Ground,STANDARD_OVERNIGHT
ORD-1185730,2025-05-21,16:25:06,SKU-00031,2,B-04L-006-4-B,PKR-021,MULTI,USPS Priority Mail,GROUND
ORD-1185222,2025-05-21,13:07:58,SKU-04538,1,A-01R-001-1-B,PKR-002,MULTI,UPS Ground,PRIORITY_2D
ORD-1186988,2025-05-21,08:05:39,SKU-02291,2,D-01R-026-1-A,PKR-027,MULTI,USPS Priority Mail,GROUND
ORD-1190441,2025-05-21,17:19:45,SKU-02597,1,A-01L-006-4-B,PKR-004,MULTI,FedEx Ground,GROUND
ORD-1189395,2025-05-21,21:23:49,SKU-03464,2,A-01L-024-5-A,PKR-014,MULTI,USPS Priority Mail,GROUND
ORD-1185642,2025-05-21,17:31:59,SKU-03899,2,D-02R-017-4-A,PKR-009,MULTI,FedEx Ground,GROUND
ORD-1189922,2025-05-21,19:19:52,SKU-00535,1,A-03R-010-2-A,PKR-020,MULTI,FedEx Ground,GROUND
ORD-1189789,2025-05-21,20:35:39,SKU-02609,2,C-01R-013-1-B,PKR-024,MULTI,FedEx Ground,GROUND
ORD-1185034,2025-05-21,12:14:43,SKU-03172,1,A-01R-006-1-B,PKR-011,MULTI,FedEx Ground,STANDARD_OVERNIGHT
ORD-1185733,2025-05-21,13:34:26,SKU-04746,2,D-01L-019-3-A,PKR-016,MULTI,FedEx Ground,PRIORITY_2D
ORD-1184049,2025-05-21,15:25:16,SKU-04457,2,A-01L-020-2-B,PKR-001,MULTI,FedEx 2Day,GROUND
ORD-1188663,2025-05-21,07:28:02,SKU-02104,1,B-01R-002-1-A,PKR-010,MULTI,USPS Priority Mail,PRIORITY_2D
ORD-1186233,2025-05-21,08:27:29,SKU-04878,1,B-01R-016-3-B,PKR-024,MULTI,USPS Priority Mail,GROUND
ORD-1187277,2025-05-21,07:01:00,SKU-03640,2,B-02L-016-1-A,PKR-030,MULTI,FedEx Ground,PRIORITY_2D
ORD-1189668,2025-05-21,06:29:03,SKU-02242,1,B-02R-026-1-A,PKR-002,SINGLE,FedEx Ground,GROUND
ORD-1188160,2025-05-21,09:04:01,SKU-04041,2,A-02R-002-2-B,PKR-025,MULTI,UPS Ground,GROUND
ORD-1187020,2025-05-21,11:28:00,SKU-04328,1,A-02L-021-1-B,PKR-019,MULTI,UPS Ground,GROUND
ORD-1185651,2025-05-21,09:40:42,SKU-02585,2,A-01R-012-4-A,PKR-004,MULTI,USPS Priority Mail,PRIORITY_2D
ORD-1186049,2025-05-21,17:44:25,SKU-04328,1,A-02L-021-1-B,PKR-029,MULTI,UPS Ground,GROUND
ORD-1190168,2025-05-21,10:10:14,SKU-02125,2,A-01R-020-2-B,PKR-002,MULTI,USPS Priority Mail,PRIORITY_2D
ORD-1189594,2025-05-21,16:14:03,SKU-04878,1,B-01R-016-3-B,PKR-024,MULTI,UPS Ground,GROUND
ORD-1184613,2025-05-21,07:07:13,SKU-01204,2,A-03R-016-1-B,PKR-028,MULTI,UPS Ground,PRIORITY_2D
ORD-1185801,2025-05-21,13:27:01,SKU-04116,2,B-02L-002-3-A,PKR-015,MULTI,FedEx Ground,GROUND
ORD-1187363,2025-05-21,21:45:02,SKU-00838,2,A-03L-009-1-B,PKR-023,MULTI,USPS Priority Mail,GROUND
ORD-1187019,2025-05-21,12:50:40,SKU-00839,2,B-04R-011-4-B,PKR-015,MULTI,UPS Ground,PRIORITY_2D
ORD-1191989,2025-05-21,07:37:22,SKU-00029,1,C-03L-006-4-A,PKR-011,MULTI,USPS Priority Mail,PRIORITY_2D
ORD-1188091,2025-05-21,14:35:46,SKU-03825,2,B-01R-003-2-A,PKR-020,MULTI,FedEx Ground,GROUND
ORD-1191160,2025-05-21,16:08:19,SKU-04896,2,A-02L-008-1-A,PKR-029,SINGLE,UPS Ground,GROUND
ORD-1186785,2025-05-21,12:56:44,SKU-04477,1,B-02L-001-2-A,PKR-029,MULTI,FedEx 2Day,GROUND
ORD-1185124,2025-05-21,10:46:05,SKU-04225,2,C-01L-016-4-B,PKR-017,MULTI,FedEx 2Day,GROUND
ORD-1189654,2025-05-21,10:07:15,SKU-04778,1,B-01L-023-3-B,PKR-028,MULTI,UPS Ground,GROUND
ORD-1189909,2025-05-21,08:06:13,SKU-00240,2,B-04L-009-4-B,PKR-003,MULTI,FedEx Ground,PRIORITY_2D
ORD-1188885,2025-05-21,21:05:33,SKU-00841,2,D-04R-010-1-B,PKR-020,MULTI,USPS Priority Mail,GROUND
ORD-1188547,2025-05-21,21:42:17,SKU-02752,2,C-01R-015-3-A,PKR-032,MULTI,UPS Ground,GROUND
ORD-1190997,2025-05-21,09:58:57,SKU-02473,1,D-01L-012-3-B,PKR-016,MULTI,UPS Ground,PRIORITY_2D
ORD-1184180,2025-05-21,06:30:53,SKU-04115,1,A-02R-021-4-B,PKR-005,MULTI,FedEx Ground,GROUND
ORD-1186030,2025-05-21,20:10:24,SKU-02366,2,A-01R-020-4-A,PKR-023,SINGLE,USPS Priority Mail,PRIORITY_2D
ORD-1191227,2025-05-21,08:01:58,SKU-03821,2,A-01R-017-3-A,PKR-030,MULTI,UPS Ground,GROUND
ORD-1190843,2025-05-21,19:48:10,SKU-03635,2,A-02R-019-5-A,PKR-032,MULTI,FedEx Ground,STANDARD_OVERNIGHT
ORD-1190284,2025-05-21,20:10:58,SKU-04814,2,B-02R-017-4-A,PKR-031,MULTI,USPS Priority Mail,STANDARD_OVERNIGHT
ORD-1186228,2025-05-21,13:06:07,SKU-04328,1,A-02L-021-1-B,PKR-004,MULTI,FedEx Ground,GROUND
ORD-1191156,2025-05-21,16:58:06,SKU-01800,2,B-03R-009-2-B,PKR-032,MULTI,USPS Priority Mail,GROUND
ORD-1184187,2025-05-21,12:17:40,SKU-01383,1,B-04R-011-4-A,PKR-028,MULTI,USPS Priority Mail,PRIORITY_2D
ORD-1187876,2025-05-21,12:13:15,SKU-04041,2,A-02R-002-2-B,PKR-012,MULTI,USPS Priority Mail,PRIORITY_2D
ORD-1184821,2025-05-21,07:34:11,SKU-04280,2,C-02L-025-5-B,PKR-005,MULTI,UPS Ground,STANDARD_OVERNIGHT
ORD-1188737,2025-05-21,17:55:31,SKU-02366,2,A-01R-020-4-A,PKR-001,MULTI,USPS Priority Mail,GROUND
ORD-1188884,2025-05-21,12:13:24,SKU-04889,2,A-01L-015-2-B,PKR-013,MULTI,UPS Ground,GROUND
ORD-1189087,2025-05-21,21:29:36,SKU-02366,2,A-01R-020-4-A,PKR-005,MULTI,UPS Ground,GROUND
ORD-1186272,2025-05-21,10:57:35,SKU-02126,2,C-01R-022-4-A,PKR-025,MULTI,FedEx Ground,GROUND
ORD-1184672,2025-05-21,09:12:08,SKU-03797,1,A-01R-006-2-A,PKR-018,MULTI,UPS Ground,GROUND
ORD-1184252,2025-05-21,15:30:45,SKU-04328,2,A-02L-021-1-B,PKR-007,MULTI,USPS Priority Mail,GROUND
ORD-1187394,2025-05-21,13:57:10,SKU-02509,2,B-01L-020-5-A,PKR-029,MULTI,FedEx Ground,GROUND
ORD-1189364,2025-05-21,13:06:04,SKU-04328,2,A-02L-021-1-B,PKR-006,MULTI,UPS Ground,GROUND
ORD-1186890,2025-05-21,18:58:06,SKU-03032,1,A-02L-020-4-B,PKR-028,MULTI,USPS Priority Mail,GROUND
ORD-1184332,2025-05-21,10:32:34,SKU-04563,1,A-02L-022-4-B,PKR-002,MULTI,FedEx Ground,PRIORITY_2D
ORD-1191928,2025-05-21,16:42:32,SKU-04896,2,A-02L-008-1-A,PKR-023,MULTI,UPS Ground,GROUND
ORD-1185072,2025-05-21,10:25:38,SKU-02509,2,B-01L-020-5-A,PKR-018,MULTI,FedEx Ground,GROUND
ORD-1184672,2025-05-21,09:12:08,SKU-04782,2,C-01L-004-3-A,PKR-018,MULTI,UPS Ground,GROUND
ORD-1184870,2025-05-21,19:14:39,SKU-02232,2,C-01L-002-5-A,PKR-029,MULTI,UPS Ground,STANDARD_OVERNIGHT
ORD-1186477,2025-05-21,09:32:11,SKU-03727,1,B-02R-023-4-A,PKR-017,MULTI,USPS Priority Mail,GROUND
ORD-1184791,2025-05-21,08:03:45,SKU-03576,2,D-02L-010-3-B,PKR-013,MULTI,FedEx Ground,GROUND
ORD-1191961,2025-05-21,21:49:43,SKU-01204,1,A-03R-016-1-B,PKR-001,MULTI,UPS 2nd Day Air,GROUND
ORD-1189417,2025-05-21,12:42:43,SKU-01239,1,E-04L-015-2-B,PKR-014,SINGLE,FedEx Ground,GROUND
ORD-1184103,2025-05-21,12:09:37,SKU-04664,1,A-02R-002-3-A,PKR-020,MULTI,FedEx Ground,GROUND
ORD-1191390,2025-05-21,13:09:22,SKU-04041,2,A-02R-002-2-B,PKR-011,MULTI,UPS 2nd Day Air,STANDARD_OVERNIGHT
ORD-1190139,2025-05-21,16:44:24,SKU-00239,2,A-04L-019-1-B,PKR-019,MULTI,UPS Ground,PRIORITY_2D
ORD-1187190,2025-05-21,19:42:19,SKU-02609,2,C-01R-013-1-B,PKR-005,MULTI,UPS 2nd Day Air,GROUND
ORD-1188865,2025-05-21,16:05:13,SKU-00872,2,A-04L-005-1-A,PKR-002,MULTI,UPS 2nd Day Air,GROUND
ORD-1186406,2025-05-21,08:28:27,SKU-04328,2,A-02L-021-1-B,PKR-003,MULTI,FedEx Ground,GROUND
ORD-1184486,2025-05-21,13:38:18,SKU-02250,1,C-02L-016-2-B,PKR-027,SINGLE,UPS 2nd Day Air,PRIORITY_2D
ORD-1188372,2025-05-21,19:23:07,SKU-02366,1,A-01R-020-4-A,PKR-004,MULTI,FedEx Ground,GROUND
ORD-1187405,2025-05-21,07:34:09,SKU-02767,2,C-02R-013-1-B,PKR-001,MULTI,FedEx Ground,PRIORITY_2D
ORD-1187094,2025-05-21,20:51:04,SKU-00037,2,A-03L-004-3-A,PKR-021,MULTI,FedEx Ground,GROUND
ORD-1186552,2025-05-21,16:25:09,SKU-00858,1,B-04L-005-1-B,PKR-018,SINGLE,FedEx 2Day,GROUND
ORD-1185001,2025-05-21,19:00:06,SKU-02961,1,B-02R-006-3-A,PKR-018,MULTI,FedEx Ground,PRIORITY_2D
ORD-1186091,2025-05-21,12:42:37,SKU-00872,2,A-04L-005-1-A,PKR-004,MULTI,USPS Priority Mail,PRIORITY_2D
ORD-1188084,2025-05-21,13:14:40,SKU-04554,1,D-01L-016-3-B,PKR-016,SINGLE,UPS Ground,PRIORITY_2D
ORD-1191050,2025-05-21,20:49:26,SKU-01107,1,A-04R-008-1-A,PKR-001,MULTI,FedEx 2Day,GROUND
ORD-1185794,2025-05-21,18:24:47,SKU-02366,2,A-01R-020-4-A,PKR-029,MULTI,UPS Ground,GROUND
ORD-1186632,2025-05-21,15:25:27,SKU-02225,2,D-02R-022-5-B,PKR-022,MULTI,UPS Ground,GROUND
ORD-1189132,2025-05-21,12:57:29,SKU-01222,2,A-04L-010-1-A,PKR-032,MULTI,FedEx Ground,GROUND
ORD-1189309,2025-05-21,19:10:28,SKU-04492,2,B-02R-016-2-A,PKR-031,MULTI,UPS Ground,PRIORITY_2D
ORD-1187618,2025-05-21,07:06:55,SKU-04328,1,A-02L-021-1-B,PKR-002,MULTI,FedEx Ground,GROUND
ORD-1187609,2025-05-21,13:58:44,SKU-02366,2,A-01R-020-4-A,PKR-004,MULTI,FedEx Ground,GROUND
ORD-1187764,2025-05-21,07:47:14,SKU-01718,2,C-04L-010-1-A,PKR-011,MULTI,UPS Ground,PRIORITY_2D
ORD-1184962,2025-05-21,07:06:16,SKU-02624,1,A-02R-022-1-A,PKR-018,MULTI,USPS Priority Mail,GROUND
ORD-1189513,2025-05-21,19:20:47,SKU-01597,2,C-04R-005-4-A,PKR-016,MULTI,USPS Priority Mail,GROUND
ORD-1191907,2025-05-21,20:03:04,SKU-01397,2,C-03L-015-3-A,PKR-029,MULTI,FedEx 2Day,PRIORITY_2D
ORD-1188622,2025-05-21,10:17:55,SKU-04025,2,C-01L-004-5-A,PKR-024,MULTI,USPS Priority Mail,GROUND
ORD-1186750,2025-05-21,12:18:40,SKU-02125,2,A-01R-020-2-B,PKR-003,MULTI,USPS Priority Mail,GROUND
ORD-1185606,2025-05-21,20:03:07,SKU-03823,2,C-02R-020-1-B,PKR-032,MULTI,UPS Ground,GROUND
ORD-1188690,2025-05-21,18:08:42,SKU-01114,1,E-03L-005-2-B,PKR-031,MULTI,UPS Ground,GROUND
ORD-1190008,2025-05-21,17:36:44,SKU-04041,2,A-02R-002-2-B,PKR-008,MULTI,UPS Ground,GROUND
ORD-1190053,2025-05-21,10:19:53,SKU-00450,1,B-03L-012-4-B,PKR-024,MULTI,FedEx 2Day,GROUND
ORD-1185457,2025-05-21,13:33:50,SKU-00562,2,D-04L-015-4-A,PKR-013,MULTI,UPS Ground,PRIORITY_2D
ORD-1186826,2025-05-21,18:26:33,SKU-02272,2,A-02R-002-5-A,PKR-017,MULTI,FedEx Ground,GROUND
ORD-1184584,2025-05-21,07:56:44,SKU-04278,1,A-01L-026-4-B,PKR-011,MULTI,USPS Priority Mail,PRIORITY_2D
ORD-1191940,2025-05-21,08:29:46,SKU-04328,2,A-02L-021-1-B,PKR-021,MULTI,FedEx Ground,PRIORITY_2D
ORD-1186927,2025-05-21,07:45:32,SKU-00326,1,B-04L-006-2-B,PKR-017,MULTI,FedEx Ground,GROUND
ORD-1189996,2025-05-21,19:52:56,SKU-04750,1,D-02L-001-5-B,PKR-031,MULTI,UPS Ground,GROUND
ORD-1188293,2025-05-21,17:56:16,SKU-02291,2,D-01R-026-1-A,PKR-013,SINGLE,FedEx Ground,PRIORITY_2D
ORD-1184846,2025-05-21,09:55:21,SKU-01019,2,B-03R-014-1-A,PKR-011,MULTI,UPS 2nd Day Air,GROUND
ORD-1187672,2025-05-21,07:06:06,SKU-03238,2,E-02R-010-5-A,PKR-002,MULTI,UPS Ground,STANDARD_OVERNIGHT
ORD-1184519,2025-05-21,17:38:00,SKU-02140,2,B-01R-020-2-B,PKR-025,MULTI,FedEx Ground,GROUND
ORD-1190470,2025-05-21,06:11:15,SKU-04041,2,A-02R-002-2-B,PKR-007,MULTI,UPS 2nd Day Air,GROUND
ORD-1191239,2025-05-21,14:33:29,SKU-02884,2,D-01R-008-3-B,PKR-009,MULTI,UPS Ground,PRIORITY_2D
ORD-1190087,2025-05-21,17:15:43,SKU-00872,2,A-04L-005-1-A,PKR-018,MULTI,USPS Priority Mail,GROUND
ORD-1189377,2025-05-21,07:04:59,SKU-02897,2,B-02L-017-5-A,PKR-018,MULTI,USPS Priority Mail,GROUND
ORD-1185658,2025-05-21,19:58:30,SKU-02366,2,A-01R-020-4-A,PKR-023,MULTI,UPS Ground,GROUND
ORD-1191507,2025-05-21,12:14:20,SKU-01019,2,B-03R-014-1-A,PKR-017,MULTI,FedEx Ground,STANDARD_OVERNIGHT
ORD-1184144,2025-05-21,12:43:42,SKU-02366,2,A-01R-020-4-A,PKR-025,MULTI,UPS Ground,GROUND
ORD-1189935,2025-05-21,08:22:12,SKU-04025,2,C-01L-004-5-A,PKR-020,MULTI,FedEx Ground,STANDARD_OVERNIGHT
ORD-1186239,2025-05-21,19:52:52,SKU-00872,2,A-04L-005-1-A,PKR-030,SINGLE,UPS Ground,GROUND
ORD-1190411,2025-05-21,07:21:04,SKU-04528,2,B-02R-014-3-B,PKR-028,MULTI,UPS Ground,PRIORITY_2D
ORD-1187720,2025-05-21,15:35:47,SKU-03278,1,A-01R-003-1-B,PKR-016,MULTI,UPS Ground,PRIORITY_2D
ORD-1185470,2025-05-21,13:01:08,SKU-00354,2,A-03R-003-1-B,PKR-030,MULTI,USPS Priority Mail,GROUND
ORD-1190535,2025-05-21,16:10:08,SKU-04782,2,C-01L-004-3-A,PKR-031,MULTI,USPS Priority Mail,GROUND
ORD-1185160,2025-05-21,08:35:19,SKU-04959,2,B-01L-008-1-B,PKR-018,MULTI,USPS Priority Mail,GROUND
ORD-1186339,2025-05-21,16:59:19,SKU-04457,1,A-01L-020-2-B,PKR-020,MULTI,UPS Ground,STANDARD_OVERNIGHT
ORD-1191511,2025-05-21,20:33:36,SKU-01015,2,A-03R-009-3-A,PKR-019,SINGLE,FedEx 2Day,PRIORITY_2D
ORD-1185845,2025-05-21,14:53:26,SKU-02719,2,D-01L-003-5-B,PKR-016,MULTI,UPS Ground,GROUND
ORD-1185486,2025-05-21,10:46:41,SKU-01845,1,B-04L-016-3-B,PKR-013,MULTI,USPS Priority Mail,GROUND
ORD-1184581,2025-05-21,07:37:26,SKU-01479,2,D-03R-020-3-B,PKR-008,MULTI,UPS Ground,GROUND
ORD-1189965,2025-05-21,07:01:47,SKU-00409,1,A-04R-010-2-A,PKR-032,MULTI,UPS Ground,GROUND
ORD-1190020,2025-05-21,14:11:25,SKU-02357,2,C-02L-006-2-A,PKR-012,MULTI,FedEx Ground,GROUND
ORD-1184013,2025-05-21,06:28:26,SKU-02383,2,A-02L-013-5-A,PKR-003,MULTI,USPS Priority Mail,STANDARD_OVERNIGHT
ORD-1184288,2025-05-21,11:11:59,SKU-02211,2,C-01R-007-2-A,PKR-002,MULTI,FedEx Ground,GROUND
ORD-1185805,2025-05-21,07:23:46,SKU-00017,2,B-03R-001-4-B,PKR-010,MULTI,UPS Ground,GROUND
ORD-1188375,2025-05-21,18:50:45,SKU-02737,2,D-01L-021-5-A,PKR-007,MULTI,FedEx Ground,GROUND
ORD-1184991,2025-05-21,20:48:27,SKU-02908,2,B-02L-005-3-A,PKR-027,MULTI,UPS Ground,GROUND
ORD-1190404,2025-05-21,10:43:54,SKU-02565,1,D-02L-009-5-A,PKR-014,MULTI,USPS Priority Mail,GROUND
ORD-1188078,2025-05-21,06:36:35,SKU-02366,2,A-01R-020-4-A,PKR-002,MULTI,USPS Priority Mail,GROUND
ORD-1184830,2025-05-21,20:48:03,SKU-00872,2,A-04L-005-1-A,PKR-016,SINGLE,USPS Priority Mail,GROUND
ORD-1187498,2025-05-21,10:40:11,SKU-01463,2,A-04L-004-3-B,PKR-020,MULTI,FedEx Ground,GROUND
ORD-1185413,2025-05-21,11:43:23,SKU-02871,2,B-02L-022-1-B,PKR-022,MULTI,USPS Priority Mail,GROUND
ORD-1189723,2025-05-21,09:24:25,SKU-02859,1,A-01L-018-3-A,PKR-027,MULTI,USPS Priority Mail,GROUND
ORD-1187754,2025-05-21,07:10:31,SKU-04395,2,C-01L-026-4-B,PKR-015,MULTI,UPS Ground,PRIORITY_2D
ORD-1190927,2025-05-21,09:58:18,SKU-03962,1,E-01R-014-5-B,PKR-029,MULTI,FedEx Ground,STANDARD_OVERNIGHT
ORD-1184651,2025-05-21,19:13:56,SKU-03386,2,A-01R-019-5-A,PKR-016,MULTI,FedEx Ground,GROUND
ORD-1187413,2025-05-21,20:32:46,SKU-03470,1,C-02L-024-4-A,PKR-018,MULTI,FedEx Ground,PRIORITY_2D
ORD-1185894,2025-05-21,07:12:02,SKU-03727,2,B-02R-023-4-A,PKR-031,MULTI,FedEx Ground,PRIORITY_2D
ORD-1185666,2025-05-21,07:07:43,SKU-02573,1,D-01L-015-5-B,PKR-017,MULTI,FedEx 2Day,GROUND
ORD-1185692,2025-05-21,11:57:36,SKU-04628,1,D-01L-001-5-A,PKR-027,MULTI,USPS Priority Mail,GROUND
ORD-1187841,2025-05-21,20:19:03,SKU-01220,2,B-04L-018-2-B,PKR-008,MULTI,USPS Priority Mail,PRIORITY_2D
ORD-1191117,2025-05-21,21:12:24,SKU-03630,2,A-02L-025-4-B,PKR-011,MULTI,FedEx Ground,PRIORITY_2D
ORD-1188379,2025-05-21,07:47:15,SKU-02674,2,A-01L-006-4-A,PKR-019,MULTI,FedEx Ground,GROUND
ORD-1191141,2025-05-21,18:58:17,SKU-02045,1,B-01R-025-3-A,PKR-027,MULTI,UPS Ground,GROUND
ORD-1189859,2025-05-21,11:39:09,SKU-02807,1,A-02L-026-2-A,PKR-008,MULTI,FedEx Ground,STANDARD_OVERNIGHT
ORD-1187548,2025-05-21,14:36:55,SKU-02990,2,A-01R-022-1-B,PKR-003,MULTI,UPS Ground,GROUND
ORD-1189815,2025-05-21,06:12:19,SKU-00164,1,D-03R-009-4-B,PKR-018,MULTI,USPS Priority Mail,GROUND
ORD-1195217,2025-05-22,16:41:07,SKU-01204,1,A-03R-016-1-B,PKR-003,MULTI,UPS 2nd Day Air,GROUND
ORD-1199027,2025-05-22,11:18:18,SKU-03369,2,D-02L-005-5-B,PKR-002,MULTI,USPS Priority Mail,GROUND
ORD-1193115,2025-05-22,21:04:17,SKU-04710,2,A-02L-008-2-A,PKR-012,MULTI,UPS Ground,PRIORITY_2D
ORD-1199804,2025-05-22,11:06:08,SKU-04041,1,A-02R-002-2-B,PKR-015,MULTI,UPS Ground,GROUND
ORD-1196210,2025-05-22,10:29:07,SKU-00447,2,A-04L-008-2-A,PKR-002,MULTI,FedEx 2Day,GROUND
ORD-1195630,2025-05-22,10:38:36,SKU-01915,2,A-04R-017-2-B,PKR-002,MULTI,USPS Priority Mail,GROUND
ORD-1197013,2025-05-22,20:59:47,SKU-04637,1,B-02L-003-1-A,PKR-020,MULTI,UPS Ground,GROUND
ORD-1195021,2025-05-22,13:45:08,SKU-03823,1,C-02R-020-1-B,PKR-004,MULTI,UPS Ground,GROUND
ORD-1193095,2025-05-22,21:52:31,SKU-02652,2,D-02L-014-4-B,PKR-011,MULTI,USPS Priority Mail,GROUND
ORD-1198416,2025-05-22,19:30:37,SKU-00919,2,A-04L-012-1-A,PKR-026,MULTI,UPS Ground,GROUND
ORD-1199826,2025-05-22,18:08:44,SKU-01696,2,B-03L-009-3-B,PKR-002,MULTI,UPS Ground,GROUND
ORD-1193306,2025-05-22,15:22:48,SKU-02053,1,A-01R-017-2-A,PKR-026,MULTI,FedEx Ground,PRIORITY_2D
ORD-1197105,2025-05-22,06:06:19,SKU-00424,2,A-04L-002-3-A,PKR-029,MULTI,FedEx 2Day,PRIORITY_2D
ORD-1195290,2025-05-22,14:39:31,SKU-00210,2,C-04L-013-2-B,PKR-027,MULTI,UPS Ground,GROUND
ORD-1196226,2025-05-22,16:41:25,SKU-02407,2,A-01L-004-2-A,PKR-024,MULTI,UPS Ground,GROUND
ORD-1197575,2025-05-22,18:10:43,SKU-00872,2,A-04L-005-1-A,PKR-001,MULTI,USPS Priority Mail,PRIORITY_2D
ORD-1195399,2025-05-22,08:05:46,SKU-04328,2,A-02L-021-1-B,PKR-008,MULTI,UPS Ground,GROUND
ORD-1199549,2025-05-22,12:44:33,SKU-04328,1,A-02L-021-1-B,PKR-018,MULTI,UPS Ground,GROUND
ORD-1199885,2025-05-22,12:38:09,SKU-02564,2,C-01L-011-5-B,PKR-021,MULTI,FedEx Ground,GROUND
ORD-1195633,2025-05-22,17:37:45,SKU-02034,2,A-02L-014-4-B,PKR-003,MULTI,FedEx 2Day,GROUND
ORD-1198999,2025-05-22,07:19:16,SKU-00381,2,E-03L-001-1-A,PKR-005,MULTI,USPS Priority Mail,GROUND
ORD-1195884,2025-05-22,16:03:45,SKU-04557,1,B-02R-023-2-B,PKR-023,MULTI,FedEx Ground,GROUND
ORD-1199397,2025-05-22,19:51:46,SKU-02908,2,B-02L-005-3-A,PKR-031,MULTI,UPS Ground,GROUND
ORD-1192953,2025-05-22,19:44:01,SKU-02406,2,B-01R-024-3-B,PKR-025,MULTI,UPS Ground,GROUND
ORD-1195316,2025-05-22,10:12:18,SKU-02104,2,B-01R-002-1-A,PKR-024,MULTI,FedEx Ground,PRIORITY_2D
ORD-1193940,2025-05-22,10:48:01,SKU-03077,2,B-02L-012-4-B,PKR-001,MULTI,USPS Priority Mail,GROUND
ORD-1196710,2025-05-22,10:00:00,SKU-04633,2,D-02R-019-2-B,PKR-006,MULTI,FedEx 2Day,GROUND
ORD-1192876,2025-05-22,13:15:37,SKU-04328,2,A-02L-021-1-B,PKR-012,SINGLE,FedEx Ground,GROUND
ORD-1197859,2025-05-22,07:07:23,SKU-04457,1,A-01L-020-2-B,PKR-024,MULTI,FedEx 2Day,STANDARD_OVERNIGHT
ORD-1199766,2025-05-22,07:11:39,SKU-02366,1,A-01R-020-4-A,PKR-006,MULTI,FedEx Ground,GROUND
ORD-1195973,2025-05-22,12:41:39,SKU-02366,2,A-01R-020-4-A,PKR-002,MULTI,FedEx Ground,GROUND
ORD-1193076,2025-05-22,15:25:57,SKU-02597,1,A-01L-006-4-B,PKR-027,MULTI,USPS Priority Mail,GROUND
ORD-1197954,2025-05-22,08:28:15,SKU-02871,2,B-02L-022-1-B,PKR-015,MULTI,FedEx Ground,GROUND
ORD-1192588,2025-05-22,06:09:35,SKU-02366,2,A-01R-020-4-A,PKR-020,MULTI,FedEx 2Day,GROUND
ORD-1192172,2025-05-22,14:27:28,SKU-02201,1,C-02R-021-3-B,PKR-028,MULTI,USPS Priority Mail,GROUND
ORD-1192073,2025-05-22,11:56:43,SKU-04768,2,A-01R-021-2-A,PKR-003,MULTI,USPS Priority Mail,GROUND
ORD-1192102,2025-05-22,11:53:44,SKU-02609,1,C-01R-013-1-B,PKR-022,MULTI,FedEx Ground,GROUND
ORD-1198031,2025-05-22,18:30:27,SKU-03425,2,B-01L-008-4-B,PKR-011,MULTI,UPS Ground,GROUND
ORD-1194800,2025-05-22,15:13:24,SKU-00202,2,C-04L-012-3-A,PKR-008,SINGLE,USPS Priority Mail,GROUND
ORD-1197537,2025-05-22,08:52:16,SKU-04864,2,D-02R-009-3-A,PKR-021,MULTI,UPS 2nd Day Air,GROUND
ORD-1196228,2025-05-22,19:46:17,SKU-00373,1,C-04R-019-1-A,PKR-007,MULTI,USPS Priority Mail,GROUND
ORD-1196074,2025-05-22,17:38:01,SKU-03727,1,B-02R-023-4-A,PKR-019,MULTI,UPS Ground,GROUND
ORD-1198166,2025-05-22,15:19:46,SKU-03727,2,B-02R-023-4-A,PKR-018,SINGLE,FedEx Ground,GROUND
ORD-1196456,2025-05-22,17:54:24,SKU-04328,1,A-02L-021-1-B,PKR-022,MULTI,FedEx Ground,GROUND
ORD-1199738,2025-05-22,15:37:50,SKU-00132,1,A-04R-016-4-B,PKR-009,MULTI,FedEx Ground,GROUND
ORD-1195508,2025-05-22,06:11:49,SKU-04782,1,C-01L-004-3-A,PKR-018,MULTI,FedEx Ground,PRIORITY_2D
ORD-1197055,2025-05-22,09:28:12,SKU-00473,1,C-04R-003-2-B,PKR-018,MULTI,UPS Ground,GROUND
ORD-1194865,2025-05-22,11:44:51,SKU-03018,1,C-02L-015-3-B,PKR-009,MULTI,UPS Ground,GROUND
ORD-1195005,2025-05-22,13:26:21,SKU-01263,1,E-03L-004-3-A,PKR-024,SINGLE,UPS Ground,PRIORITY_2D
ORD-1193399,2025-05-22,06:42:47,SKU-04738,2,A-01R-022-4-B,PKR-029,MULTI,FedEx Ground,GROUND
ORD-1193864,2025-05-22,06:04:17,SKU-04328,2,A-02L-021-1-B,PKR-028,MULTI,UPS Ground,STANDARD_OVERNIGHT
ORD-1195731,2025-05-22,06:55:58,SKU-02290,1,B-02L-026-5-B,PKR-032,SINGLE,FedEx Ground,GROUND
ORD-1198116,2025-05-22,15:43:20,SKU-02170,2,A-02R-011-5-B,PKR-022,MULTI,FedEx Ground,GROUND
ORD-1194032,2025-05-22,07:28:14,SKU-03031,2,C-02R-009-2-A,PKR-007,MULTI,FedEx Ground,GROUND
ORD-1198019,2025-05-22,10:44:19,SKU-00197,1,E-03R-011-4-A,PKR-006,MULTI,FedEx Ground,PRIORITY_2D
ORD-1196425,2025-05-22,20:11:47,SKU-01032,1,A-03L-009-3-B,PKR-009,MULTI,UPS Ground,GROUND
ORD-1194494,2025-05-22,18:14:07,SKU-03825,2,B-01R-003-2-A,PKR-009,MULTI,FedEx Ground,GROUND
ORD-1195515,2025-05-22,15:28:57,SKU-04328,2,A-02L-021-1-B,PKR-017,MULTI,UPS Ground,GROUND
ORD-1192769,2025-05-22,19:36:57,SKU-04731,2,C-01L-022-5-B,PKR-032,MULTI,USPS Priority Mail,GROUND
ORD-1197601,2025-05-22,08:32:07,SKU-02908,1,B-02L-005-3-A,PKR-010,MULTI,USPS Priority Mail,GROUND
ORD-1198044,2025-05-22,15:19:04,SKU-01803,2,B-03R-020-1-A,PKR-028,MULTI,FedEx Ground,PRIORITY_2D
ORD-1195702,2025-05-22,06:24:18,SKU-04959,2,B-01L-008-1-B,PKR-024,MULTI,UPS 2nd Day Air,GROUND
ORD-1195889,2025-05-22,12:17:00,SKU-02767,1,C-02R-013-1-B,PKR-026,MULTI,UPS Ground,GROUND
ORD-1197273,2025-05-22,19:58:32,SKU-03378,1,A-01L-004-4-B,PKR-025,MULTI,UPS 2nd Day Air,STANDARD_OVERNIGHT
ORD-1197547,2025-05-22,06:13:19,SKU-02085,2,D-02R-008-1-A,PKR-021,MULTI,FedEx Ground,GROUND
ORD-1194181,2025-05-22,18:08:04,SKU-02681,2,A-01R-018-4-B,PKR-017,MULTI,FedEx Ground,PRIORITY_2D
ORD-1197667,2025-05-22,16:00:09,SKU-01121,2,B-04R-017-4-A,PKR-024,MULTI,UPS Ground,GROUND
ORD-1194458,2025-05-22,07:35:57,SKU-04693,2,B-01L-018-2-B,PKR-006,MULTI,FedEx Ground,GROUND
ORD-1196610,2025-05-22,10:40:55,SKU-00044,1,B-03R-009-3-A,PKR-010,MULTI,UPS Ground,GROUND
ORD-1194641,2025-05-22,06:52:52,SKU-02585,1,A-01R-012-4-A,PKR-019,MULTI,USPS Priority Mail,GROUND
ORD-1197460,2025-05-22,08:28:03,SKU-00370,2,A-03R-008-4-B,PKR-027,MULTI,FedEx Ground,GROUND
ORD-1196575,2025-05-22,07:02:44,SKU-04665,2,A-01R-021-5-A,PKR-023,MULTI,FedEx Ground,PRIORITY_2D
ORD-1192083,2025-05-22,09:30:30,SKU-04116,2,B-02L-002-3-A,PKR-022,MULTI,UPS Ground,STANDARD_OVERNIGHT
ORD-1197665,2025-05-22,11:22:44,SKU-02621,2,A-01R-007-2-B,PKR-002,MULTI,FedEx 2Day,GROUND
ORD-1193025,2025-05-22,13:16:44,SKU-01204,2,A-03R-016-1-B,PKR-028,MULTI,USPS Priority Mail,STANDARD_OVERNIGHT
ORD-1194575,2025-05-22,07:57:45,SKU-04328,1,A-02L-021-1-B,PKR-009,MULTI,FedEx Ground,GROUND
ORD-1197584,2025-05-22,20:52:26,SKU-03202,2,C-01L-026-1-B,PKR-016,MULTI,USPS Priority Mail,GROUND
ORD-1194344,2025-05-22,08:14:36,SKU-02558,2,B-01L-010-1-B,PKR-018,MULTI,USPS Priority Mail,GROUND
ORD-1192789,2025-05-22,12:20:37,SKU-00392,2,B-03L-019-1-B,PKR-012,MULTI,UPS Ground,GROUND
ORD-1198392,2025-05-22,11:28:02,SKU-03252,2,B-01L-021-1-B,PKR-031,MULTI,UPS Ground,GROUND
ORD-1197163,2025-05-22,12:21:41,SKU-04937,2,B-01L-008-2-A,PKR-024,MULTI,FedEx 2Day,PRIORITY_2D
ORD-1195266,2025-05-22,20:58:48,SKU-04041,2,A-02R-002-2-B,PKR-009,MULTI,USPS Priority Mail,GROUND
ORD-1192224,2025-05-22,18:24:35,SKU-02908,1,B-02L-005-3-A,PKR-012,MULTI,UPS 2nd Day Air,GROUND
ORD-1192383,2025-05-22,15:32:42,SKU-02908,1,B-02L-005-3-A,PKR-015,MULTI,FedEx Ground,GROUND
ORD-1195833,2025-05-22,10:15:38,SKU-01804,2,A-03R-012-4-B,PKR-014,MULTI,FedEx 2Day,GROUND
ORD-1193624,2025-05-22,19:01:15,SKU-04130,1,B-01R-008-1-B,PKR-014,MULTI,UPS Ground,GROUND
ORD-1193732,2025-05-22,21:46:19,SKU-04775,2,A-02R-001-5-B,PKR-022,MULTI,UPS Ground,GROUND
ORD-1192535,2025-05-22,20:38:50,SKU-02851,2,B-02R-007-4-A,PKR-017,MULTI,FedEx Ground,GROUND
ORD-1198630,2025-05-22,20:59:07,SKU-00872,2,A-04L-005-1-A,PKR-013,MULTI,UPS Ground,GROUND
ORD-1194520,2025-05-22,17:41:43,SKU-04959,2,B-01L-008-1-B,PKR-032,MULTI,UPS Ground,GROUND
ORD-1193076,2025-05-22,15:25:57,SKU-04271,1,B-01R-004-5-B,PKR-027,MULTI,USPS Priority Mail,GROUND
ORD-1197081,2025-05-22,19:43:30,SKU-02154,2,B-02R-026-5-A,PKR-011,MULTI,FedEx Ground,GROUND
ORD-1192779,2025-05-22,20:09:22,SKU-02128,2,C-02L-026-2-A,PKR-025,MULTI,UPS Ground,PRIORITY_2D
ORD-1196670,2025-05-22,06:48:07,SKU-02908,1,B-02L-005-3-A,PKR-016,SINGLE,UPS Ground,GROUND
ORD-1197190,2025-05-22,12:50:06,SKU-02298,2,A-01L-014-4-A,PKR-010,MULTI,FedEx Ground,GROUND
ORD-1194310,2025-05-22,18:58:38,SKU-01552,2,A-04R-001-1-B,PKR-030,MULTI,UPS Ground,STANDARD_OVERNIGHT
ORD-1199720,2025-05-22,08:16:19,SKU-03727,1,B-02R-023-4-A,PKR-009,MULTI,USPS Priority Mail,PRIORITY_2D
ORD-1196423,2025-05-22,16:48:54,SKU-03823,2,C-02R-020-1-B,PKR-022,MULTI,FedEx Ground,GROUND
ORD-1197595,2025-05-22,10:12:33,SKU-02908,1,B-02L-005-3-A,PKR-015,MULTI,USPS Priority Mail,GROUND
ORD-1199591,2025-05-22,15:48:33,SKU-04041,2,A-02R-002-2-B,PKR-016,MULTI,FedEx 2Day,PRIORITY_2D
ORD-1194070,2025-05-22,14:50:26,SKU-02366,2,A-01R-020-4-A,PKR-001,MULTI,USPS Priority Mail,GROUND
ORD-1197142,2025-05-22,20:14:46,SKU-01528,1,B-03R-015-4-B,PKR-009,MULTI,FedEx Ground,GROUND
ORD-1195172,2025-05-22,09:16:12,SKU-04328,1,A-02L-021-1-B,PKR-013,SINGLE,UPS Ground,GROUND
ORD-1196914,2025-05-22,06:37:55,SKU-02552,2,B-02R-022-5-B,PKR-025,MULTI,FedEx 2Day,GROUND
ORD-1199168,2025-05-22,15:17:19,SKU-04041,1,A-02R-002-2-B,PKR-024,MULTI,USPS Priority Mail,GROUND
ORD-1196662,2025-05-22,06:07:51,SKU-01962,2,A-03L-017-3-B,PKR-027,MULTI,FedEx Ground,GROUND
ORD-1198586,2025-05-22,16:17:04,SKU-00780,1,D-03R-008-3-A,PKR-006,MULTI,UPS Ground,GROUND
ORD-1196644,2025-05-22,09:53:02,SKU-04833,2,B-01R-011-4-A,PKR-014,MULTI,FedEx Ground,GROUND
ORD-1199160,2025-05-22,13:36:10,SKU-00872,2,A-04L-005-1-A,PKR-015,MULTI,USPS Priority Mail,GROUND
ORD-1196829,2025-05-22,17:22:41,SKU-02119,1,A-02R-008-5-B,PKR-024,MULTI,FedEx Ground,GROUND
ORD-1192153,2025-05-22,16:22:53,SKU-03077,2,B-02L-012-4-B,PKR-021,MULTI,FedEx Ground,GROUND
ORD-1198888,2025-05-22,09:42:56,SKU-04041,1,A-02R-002-2-B,PKR-008,MULTI,UPS Ground,GROUND
ORD-1198780,2025-05-22,15:07:43,SKU-00872,2,A-04L-005-1-A,PKR-023,MULTI,FedEx Ground,GROUND
ORD-1196866,2025-05-22,12:54:36,SKU-00433,2,E-03R-017-4-B,PKR-028,MULTI,USPS Priority Mail,GROUND
ORD-1192853,2025-05-22,09:48:50,SKU-03881,1,B-02R-002-4-A,PKR-009,MULTI,FedEx Ground,GROUND
ORD-1199250,2025-05-22,15:47:09,SKU-04328,2,A-02L-021-1-B,PKR-027,MULTI,FedEx Ground,GROUND
ORD-1192723,2025-05-22,06:11:53,SKU-00997,1,D-04L-008-3-B,PKR-002,MULTI,FedEx Ground,STANDARD_OVERNIGHT
ORD-1192466,2025-05-22,09:15:10,SKU-03727,2,B-02R-023-4-A,PKR-021,SINGLE,FedEx Ground,STANDARD_OVERNIGHT
ORD-1199241,2025-05-22,14:26:33,SKU-01204,2,A-03R-016-1-B,PKR-022,MULTI,UPS Ground,PRIORITY_2D
ORD-1193648,2025-05-22,21:08:53,SKU-00150,2,B-03L-004-2-A,PKR-003,SINGLE,UPS Ground,GROUND
ORD-1198796,2025-05-22,06:23:21,SKU-02681,2,A-01R-018-4-B,PKR-017,MULTI,FedEx 2Day,PRIORITY_2D
ORD-1198033,2025-05-22,16:22:05,SKU-01204,1,A-03R-016-1-B,PKR-018,MULTI,FedEx Ground,GROUND
ORD-1196855,2025-05-22,14:44:46,SKU-04041,1,A-02R-002-2-B,PKR-012,MULTI,USPS Priority Mail,GROUND
ORD-1194586,2025-05-22,10:06:02,SKU-04538,1,A-01R-001-1-B,PKR-018,MULTI,FedEx Ground,GROUND
ORD-1195831,2025-05-22,19:34:42,SKU-02073,1,B-02L-002-5-A,PKR-032,MULTI,FedEx Ground,GROUND
ORD-1196768,2025-05-22,15:07:52,SKU-02403,2,A-01R-001-2-A,PKR-020,MULTI,UPS Ground,PRIORITY_2D
ORD-1192725,2025-05-22,10:09:50,SKU-02366,2,A-01R-020-4-A,PKR-031,MULTI,FedEx 2Day,GROUND
ORD-1196987,2025-05-22,10:23:32,SKU-04041,2,A-02R-002-2-B,PKR-007,MULTI,USPS Priority Mail,GROUND
ORD-1196400,2025-05-22,18:35:50,SKU-02802,1,C-01R-020-2-B,PKR-017,MULTI,USPS Priority Mail,GROUND
ORD-1194595,2025-05-22,09:50:41,SKU-04328,2,A-02L-021-1-B,PKR-004,MULTI,FedEx Ground,GROUND
ORD-1193035,2025-05-22,09:54:53,SKU-04154,2,A-01L-006-3-A,PKR-014,MULTI,FedEx Ground,GROUND
ORD-1196287,2025-05-22,11:27:50,SKU-04928,2,B-01L-013-2-B,PKR-013,MULTI,FedEx 2Day,GROUND
ORD-1194724,2025-05-22,11:47:08,SKU-01000,2,D-03R-007-2-B,PKR-012,MULTI,FedEx 2Day,GROUND
ORD-1196816,2025-05-22,17:56:12,SKU-02366,2,A-01R-020-4-A,PKR-027,MULTI,USPS Priority Mail,GROUND
ORD-1199674,2025-05-22,09:47:10,SKU-01204,2,A-03R-016-1-B,PKR-032,MULTI,UPS Ground,GROUND
ORD-1193694,2025-05-22,12:00:13,SKU-04506,2,D-01L-026-3-B,PKR-017,MULTI,UPS Ground,PRIORITY_2D
ORD-1198317,2025-05-22,21:11:49,SKU-03600,2,A-01L-017-2-B,PKR-021,MULTI,USPS Priority Mail,GROUND
ORD-1194012,2025-05-22,18:40:27,SKU-02908,1,B-02L-005-3-A,PKR-013,MULTI,FedEx Ground,GROUND
ORD-1195326,2025-05-22,06:58:05,SKU-04177,2,A-01R-019-3-B,PKR-012,MULTI,FedEx Ground,PRIORITY_2D
ORD-1195182,2025-05-22,11:52:22,SKU-02676,2,B-02R-014-4-B,PKR-023,MULTI,UPS Ground,STANDARD_OVERNIGHT
ORD-1196452,2025-05-22,16:54:32,SKU-02163,2,A-02R-006-3-A,PKR-004,MULTI,FedEx Ground,GROUND
ORD-1194784,2025-05-22,07:22:31,SKU-02366,1,A-01R-020-4-A,PKR-005,MULTI,UPS Ground,GROUND
ORD-1194651,2025-05-22,15:53:09,SKU-00394,2,B-03R-010-2-A,PKR-028,MULTI,USPS Priority Mail,GROUND
ORD-1198261,2025-05-22,15:34:27,SKU-04041,2,A-02R-002-2-B,PKR-006,MULTI,FedEx Ground,GROUND
ORD-1194578,2025-05-22,13:49:08,SKU-04041,2,A-02R-002-2-B,PKR-002,MULTI,USPS Priority Mail,GROUND
ORD-1192909,2025-05-22,06:07:03,SKU-02609,2,C-01R-013-1-B,PKR-008,MULTI,FedEx Ground,GROUND
ORD-1196202,2025-05-22,09:56:50,SKU-02242,2,B-02R-026-1-A,PKR-013,MULTI,FedEx Ground,GROUND
ORD-1197116,2025-05-22,21:53:34,SKU-03963,2,D-01L-006-1-B,PKR-028,MULTI,UPS Ground,GROUND
ORD-1193052,2025-05-22,08:40:44,SKU-04874,1,C-01R-005-5-A,PKR-008,MULTI,UPS Ground,GROUND
ORD-1198051,2025-05-22,14:48:26,SKU-02908,2,B-02L-005-3-A,PKR-030,MULTI,UPS Ground,GROUND
ORD-1197450,2025-05-22,15:35:55,SKU-00392,1,B-03L-019-1-B,PKR-014,MULTI,FedEx 2Day,PRIORITY_2D
ORD-1196904,2025-05-22,08:16:14,SKU-03821,2,A-01R-017-3-A,PKR-021,SINGLE,FedEx Ground,GROUND
ORD-1199699,2025-05-22,14:57:28,SKU-02624,1,A-02R-022-1-A,PKR-001,MULTI,FedEx Ground,GROUND
ORD-1197722,2025-05-22,19:04:28,SKU-04739,1,E-02R-026-5-A,PKR-022,MULTI,USPS Priority Mail,STANDARD_OVERNIGHT
ORD-1199582,2025-05-22,13:45:13,SKU-02893,2,B-01L-026-2-B,PKR-029,MULTI,FedEx Ground,GROUND
ORD-1197328,2025-05-22,09:52:58,SKU-00150,2,B-03L-004-2-A,PKR-019,MULTI,USPS Priority Mail,PRIORITY_2D
ORD-1194609,2025-05-22,09:13:04,SKU-04865,2,A-01R-011-4-B,PKR-001,MULTI,USPS Priority Mail,GROUND
ORD-1192246,2025-05-22,12:25:51,SKU-04604,1,A-02R-011-2-A,PKR-015,MULTI,FedEx Ground,GROUND
ORD-1193032,2025-05-22,06:00:19,SKU-02585,2,A-01R-012-4-A,PKR-018,MULTI,UPS Ground,GROUND
ORD-1199946,2025-05-22,20:58:45,SKU-03204,2,C-02L-013-4-A,PKR-022,MULTI,FedEx Ground,GROUND
ORD-1197788,2025-05-22,13:22:57,SKU-04649,1,D-02R-014-2-A,PKR-022,MULTI,FedEx Ground,GROUND
ORD-1193768,2025-05-22,18:40:55,SKU-04457,2,A-01L-020-2-B,PKR-001,SINGLE,USPS Priority Mail,GROUND
ORD-1195155,2025-05-22,20:43:57,SKU-00034,1,A-04L-017-3-A,PKR-008,MULTI,USPS Priority Mail,STANDARD_OVERNIGHT
ORD-1196149,2025-05-22,11:15:07,SKU-01439,1,A-04R-004-1-B,PKR-027,MULTI,FedEx Ground,GROUND
ORD-1197359,2025-05-22,17:56:17,SKU-04639,1,B-01L-011-4-B,PKR-018,MULTI,USPS Priority Mail,GROUND
ORD-1198271,2025-05-22,10:36:23,SKU-03518,2,D-01L-025-1-B,PKR-014,MULTI,FedEx Ground,PRIORITY_2D
ORD-1198903,2025-05-22,06:46:07,SKU-01662,2,C-04L-007-3-B,PKR-015,MULTI,USPS Priority Mail,GROUND
ORD-1195652,2025-05-22,15:58:07,SKU-01243,2,C-04R-011-3-A,PKR-030,MULTI,USPS Priority Mail,GROUND
ORD-1196448,2025-05-22,16:57:27,SKU-02241,1,D-02L-004-2-A,PKR-003,MULTI,USPS Priority Mail,PRIORITY_2D
ORD-1195927,2025-05-22,16:19:20,SKU-01204,2,A-03R-016-1-B,PKR-016,MULTI,FedEx Ground,PRIORITY_2D
ORD-1197441,2025-05-22,06:19:51,SKU-03727,2,B-02R-023-4-A,PKR-012,MULTI,UPS Ground,GROUND
ORD-1196330,2025-05-22,21:17:33,SKU-00506,1,B-03R-016-3-B,PKR-019,MULTI,UPS Ground,STANDARD_OVERNIGHT
ORD-1196978,2025-05-22,08:46:17,SKU-00616,2,B-04R-006-2-A,PKR-021,MULTI,FedEx Ground,PRIORITY_2D
ORD-1196251,2025-05-22,19:39:22,SKU-02727,2,C-01L-017-5-A,PKR-013,SINGLE,FedEx Ground,GROUND
ORD-1193067,2025-05-22,12:50:33,SKU-03613,2,C-01L-020-4-B,PKR-008,SINGLE,FedEx 2Day,GROUND
ORD-1199839,2025-05-22,09:08:32,SKU-04733,1,A-01R-018-1-A,PKR-011,MULTI,UPS Ground,GROUND
ORD-1195483,2025-05-22,21:45:20,SKU-00872,2,A-04L-005-1-A,PKR-010,MULTI,UPS Ground,GROUND
ORD-1193801,2025-05-22,09:43:45,SKU-04328,1,A-02L-021-1-B,PKR-004,MULTI,UPS Ground,PRIORITY_2D
ORD-1196751,2025-05-22,10:20:45,SKU-02420,2,B-01L-005-4-B,PKR-018,MULTI,FedEx Ground,STANDARD_OVERNIGHT
ORD-1195898,2025-05-22,15:48:08,SKU-02609,2,C-01R-013-1-B,PKR-008,MULTI,UPS Ground,GROUND
ORD-1195634,2025-05-22,11:36:54,SKU-00239,2,A-04L-019-1-B,PKR-025,MULTI,FedEx Ground,GROUND
ORD-1199894,2025-05-22,08:59:46,SKU-04865,2,A-01R-011-4-B,PKR-025,MULTI,UPS 2nd Day Air,GROUND
ORD-1194445,2025-05-22,17:45:37,SKU-04037,2,A-02R-011-4-B,PKR-031,MULTI,UPS Ground,GROUND
ORD-1195748,2025-05-22,07:34:01,SKU-02232,2,C-01L-002-5-A,PKR-031,MULTI,UPS Ground,PRIORITY_2D
ORD-1199190,2025-05-22,13:56:49,SKU-03825,2,B-01R-003-2-A,PKR-007,MULTI,USPS Priority Mail,GROUND
ORD-1192193,2025-05-22,19:21:33,SKU-04782,2,C-01L-004-3-A,PKR-011,MULTI,USPS Priority Mail,GROUND
ORD-1199824,2025-05-22,16:59:10,SKU-00657,2,B-04R-003-2-B,PKR-013,MULTI,FedEx Ground,GROUND
ORD-1198946,2025-05-22,10:10:47,SKU-01170,1,A-03L-002-3-B,PKR-032,MULTI,UPS Ground,STANDARD_OVERNIGHT
ORD-1193984,2025-05-22,09:47:07,SKU-04328,1,A-02L-021-1-B,PKR-004,MULTI,UPS Ground,GROUND
ORD-1197662,2025-05-22,11:23:53,SKU-02908,1,B-02L-005-3-A,PKR-003,MULTI,UPS Ground,GROUND
ORD-1198523,2025-05-22,20:59:57,SKU-01207,2,B-04R-018-4-B,PKR-031,MULTI,USPS Priority Mail,PRIORITY_2D
ORD-1194068,2025-05-22,09:29:24,SKU-04608,1,A-02L-025-1-B,PKR-019,MULTI,UPS Ground,GROUND
ORD-1196030,2025-05-22,13:12:23,SKU-04538,2,A-01R-001-1-B,PKR-016,MULTI,USPS Priority Mail,GROUND
ORD-1198693,2025-05-22,10:36:05,SKU-02939,2,A-02R-016-5-A,PKR-007,MULTI,UPS Ground,STANDARD_OVERNIGHT
ORD-1198374,2025-05-22,14:12:43,SKU-02034,2,A-02L-014-4-B,PKR-014,MULTI,FedEx Ground,PRIORITY_2D
ORD-1195178,2025-05-22,11:01:41,SKU-01188,2,B-04L-010-1-A,PKR-027,SINGLE,FedEx 2Day,PRIORITY_2D
ORD-1193509,2025-05-22,08:31:50,SKU-04041,2,A-02R-002-2-B,PKR-008,MULTI,USPS Priority Mail,GROUND
ORD-1196659,2025-05-22,11:51:22,SKU-00872,1,A-04L-005-1-A,PKR-024,MULTI,FedEx Ground,GROUND
ORD-1199682,2025-05-22,17:33:00,SKU-01834,2,C-04L-005-2-B,PKR-003,SINGLE,FedEx 2Day,GROUND
ORD-1202998,2025-05-23,08:28:56,SKU-04370,2,A-02R-026-5-A,PKR-016,MULTI,UPS 2nd Day Air,PRIORITY_2D
ORD-1202304,2025-05-23,18:16:45,SKU-02545,2,D-01L-005-2-A,PKR-030,MULTI,UPS Ground,GROUND
ORD-1200412,2025-05-23,19:13:00,SKU-02366,1,A-01R-020-4-A,PKR-012,MULTI,FedEx Ground,GROUND
ORD-1204704,2025-05-23,17:14:15,SKU-01241,2,B-04R-010-3-A,PKR-008,MULTI,UPS Ground,GROUND
ORD-1202078,2025-05-23,11:21:22,SKU-02893,2,B-01L-026-2-B,PKR-018,MULTI,FedEx Ground,GROUND
ORD-1202350,2025-05-23,06:06:37,SKU-04328,2,A-02L-021-1-B,PKR-008,MULTI,FedEx Ground,GROUND
ORD-1205784,2025-05-23,11:40:02,SKU-03727,1,B-02R-023-4-A,PKR-030,MULTI,USPS Priority Mail,GROUND
ORD-1204928,2025-05-23,08:06:18,SKU-03850,2,A-02L-011-4-A,PKR-028,MULTI,UPS 2nd Day Air,GROUND
ORD-1204678,2025-05-23,12:59:49,SKU-04538,2,A-01R-001-1-B,PKR-030,MULTI,USPS Priority Mail,PRIORITY_2D
ORD-1207501,2025-05-23,21:15:50,SKU-01354,2,E-04R-003-2-B,PKR-009,MULTI,FedEx Ground,PRIORITY_2D
ORD-1206508,2025-05-23,10:06:36,SKU-02366,1,A-01R-020-4-A,PKR-014,MULTI,UPS Ground,GROUND
ORD-1206238,2025-05-23,07:43:35,SKU-03768,2,A-02R-006-1-A,PKR-026,MULTI,FedEx Ground,GROUND
ORD-1205613,2025-05-23,13:58:20,SKU-04457,2,A-01L-020-2-B,PKR-009,MULTI,FedEx 2Day,GROUND
ORD-1205146,2025-05-23,12:12:38,SKU-00673,2,C-03L-015-4-A,PKR-032,MULTI,FedEx Ground,GROUND
ORD-1203449,2025-05-23,11:21:28,SKU-04328,2,A-02L-021-1-B,PKR-011,MULTI,FedEx Ground,GROUND
ORD-1205484,2025-05-23,09:58:54,SKU-03635,1,A-02R-019-5-A,PKR-031,MULTI,FedEx Ground,GROUND
ORD-1204604,2025-05-23,15:47:37,SKU-04670,2,C-02R-018-2-B,PKR-022,MULTI,FedEx Ground,GROUND
ORD-1201938,2025-05-23,09:22:38,SKU-04745,1,B-01R-013-5-A,PKR-020,MULTI,FedEx Ground,GROUND
ORD-1201532,2025-05-23,11:40:51,SKU-02908,1,B-02L-005-3-A,PKR-001,MULTI,UPS Ground,GROUND
ORD-1201669,2025-05-23,08:52:05,SKU-04328,2,A-02L-021-1-B,PKR-025,MULTI,FedEx Ground,GROUND
ORD-1207488,2025-05-23,07:53:27,SKU-00506,2,B-03R-016-3-B,PKR-013,MULTI,UPS Ground,GROUND
ORD-1205241,2025-05-23,08:10:09,SKU-03357,2,A-02R-015-3-B,PKR-030,MULTI,UPS Ground,GROUND
ORD-1204922,2025-05-23,19:46:47,SKU-03018,2,C-02L-015-3-B,PKR-021,MULTI,UPS Ground,PRIORITY_2D
ORD-1203462,2025-05-23,19:43:38,SKU-02908,2,B-02L-005-3-A,PKR-019,MULTI,UPS Ground,GROUND
ORD-1205707,2025-05-23,09:43:07,SKU-04185,2,A-01L-023-1-B,PKR-017,MULTI,FedEx Ground,GROUND
ORD-1205947,2025-05-23,20:57:37,SKU-04867,2,A-02L-002-3-A,PKR-012,MULTI,UPS Ground,GROUND
ORD-1202449,2025-05-23,15:23:28,SKU-02817,2,D-01R-008-3-A,PKR-008,MULTI,UPS Ground,PRIORITY_2D
ORD-1201880,2025-05-23,11:55:51,SKU-04041,2,A-02R-002-2-B,PKR-017,MULTI,UPS 2nd Day Air,GROUND
ORD-1200578,2025-05-23,15:58:31,SKU-02908,2,B-02L-005-3-A,PKR-007,MULTI,FedEx Ground,GROUND
ORD-1202280,2025-05-23,14:01:32,SKU-02104,2,B-01R-002-1-A,PKR-026,MULTI,FedEx Ground,GROUND
ORD-1200246,2025-05-23,11:11:53,SKU-04328,2,A-02L-021-1-B,PKR-011,MULTI,UPS Ground,GROUND
ORD-1204442,2025-05-23,10:30:47,SKU-04707,2,B-01L-019-4-B,PKR-015,MULTI,UPS Ground,GROUND
ORD-1206734,2025-05-23,20:33:50,SKU-00239,1,A-04L-019-1-B,PKR-021,MULTI,USPS Priority Mail,GROUND
ORD-1207549,2025-05-23,09:54:54,SKU-03032,2,A-02L-020-4-B,PKR-021,MULTI,UPS Ground,GROUND
ORD-1203369,2025-05-23,15:11:11,SKU-04582,1,E-01L-018-3-B,PKR-006,MULTI,USPS Priority Mail,GROUND
ORD-1201303,2025-05-23,08:06:03,SKU-04123,2,C-02L-006-4-B,PKR-008,MULTI,UPS Ground,GROUND
ORD-1205517,2025-05-23,12:35:47,SKU-02140,1,B-01R-020-2-B,PKR-004,MULTI,UPS Ground,PRIORITY_2D
ORD-1202956,2025-05-23,08:37:53,SKU-00422,2,A-03R-005-2-B,PKR-004,MULTI,UPS Ground,GROUND
ORD-1202818,2025-05-23,15:16:27,SKU-00387,2,D-04R-004-4-B,PKR-011,MULTI,UPS Ground,PRIORITY_2D
ORD-1202948,2025-05-23,09:22:10,SKU-02045,2,B-01R-025-3-A,PKR-032,MULTI,FedEx Ground,GROUND
ORD-1204109,2025-05-23,13:36:53,SKU-03061,2,C-02R-022-2-A,PKR-017,SINGLE,USPS Priority Mail,GROUND
ORD-1202304,2025-05-23,18:16:45,SKU-02366,2,A-01R-020-4-A,PKR-030,MULTI,UPS Ground,GROUND
ORD-1206338,2025-05-23,15:56:54,SKU-04328,2,A-02L-021-1-B,PKR-011,MULTI,UPS Ground,GROUND
ORD-1206748,2025-05-23,11:52:57,SKU-01490,2,B-04R-009-1-A,PKR-014,MULTI,FedEx 2Day,STANDARD_OVERNIGHT
ORD-1200748,2025-05-23,15:22:36,SKU-01721,1,A-04L-015-4-B,PKR-025,MULTI,FedEx Ground,GROUND
ORD-1201481,2025-05-23,06:08:59,SKU-03431,2,E-02L-018-2-B,PKR-008,MULTI,UPS Ground,STANDARD_OVERNIGHT
ORD-1200304,2025-05-23,15:24:45,SKU-02851,2,B-02R-007-4-A,PKR-021,MULTI,USPS Priority Mail,PRIORITY_2D
ORD-1201606,2025-05-23,16:49:08,SKU-00101,2,B-04L-005-3-B,PKR-027,MULTI,FedEx Ground,GROUND
ORD-1201890,2025-05-23,10:54:50,SKU-02681,2,A-01R-018-4-B,PKR-014,MULTI,FedEx Ground,GROUND
ORD-1202997,2025-05-23,07:05:50,SKU-00317,2,A-03L-016-3-A,PKR-024,MULTI,USPS Priority Mail,STANDARD_OVERNIGHT
ORD-1207865,2025-05-23,21:11:50,SKU-00466,2,C-04R-016-1-B,PKR-018,MULTI,FedEx Ground,GROUND
ORD-1206522,2025-05-23,19:10:36,SKU-04041,2,A-02R-002-2-B,PKR-003,MULTI,FedEx 2Day,GROUND
ORD-1200316,2025-05-23,18:22:25,SKU-04865,2,A-01R-011-4-B,PKR-021,MULTI,UPS 2nd Day Air,GROUND
ORD-1202332,2025-05-23,12:49:35,SKU-00872,2,A-04L-005-1-A,PKR-021,MULTI,UPS 2nd Day Air,PRIORITY_2D
ORD-1205576,2025-05-23,14:04:44,SKU-04435,2,A-02R-016-4-A,PKR-010,MULTI,FedEx Ground,GROUND
ORD-1206166,2025-05-23,15:26:34,SKU-00137,1,B-03R-003-1-B,PKR-020,MULTI,FedEx Ground,GROUND
ORD-1200260,2025-05-23,21:45:41,SKU-02407,1,A-01L-004-2-A,PKR-030,MULTI,USPS Priority Mail,GROUND
ORD-1206555,2025-05-23,07:19:13,SKU-00872,2,A-04L-005-1-A,PKR-030,MULTI,UPS Ground,GROUND
ORD-1207445,2025-05-23,08:39:22,SKU-01220,1,B-04L-018-2-B,PKR-016,MULTI,USPS Priority Mail,GROUND
ORD-1205935,2025-05-23,12:51:46,SKU-02366,1,A-01R-020-4-A,PKR-022,MULTI,UPS Ground,GROUND
ORD-1206630,2025-05-23,08:34:37,SKU-03744,2,A-01R-022-5-B,PKR-002,MULTI,UPS 2nd Day Air,GROUND
ORD-1205075,2025-05-23,14:58:12,SKU-04865,2,A-01R-011-4-B,PKR-004,SINGLE,USPS Priority Mail,GROUND
ORD-1205274,2025-05-23,06:52:34,SKU-03378,2,A-01L-004-4-B,PKR-029,MULTI,UPS Ground,GROUND
ORD-1202650,2025-05-23,10:50:02,SKU-00447,1,A-04L-008-2-A,PKR-024,MULTI,USPS Priority Mail,GROUND
ORD-1201218,2025-05-23,10:41:19,SKU-00791,2,B-04R-007-4-B,PKR-026,MULTI,USPS Priority Mail,GROUND
ORD-1206999,2025-05-23,18:51:46,SKU-01600,1,B-03R-016-1-B,PKR-021,MULTI,UPS Ground,GROUND
ORD-1201203,2025-05-23,10:27:30,SKU-04928,2,B-01L-013-2-B,PKR-017,MULTI,UPS 2nd Day Air,GROUND
ORD-1203674,2025-05-23,06:13:27,SKU-02252,2,B-02R-025-2-A,PKR-030,MULTI,UPS Ground,GROUND
ORD-1204471,2025-05-23,17:22:55,SKU-04860,2,C-01R-022-2-B,PKR-012,MULTI,UPS Ground,GROUND
ORD-1206194,2025-05-23,14:57:42,SKU-04563,2,A-02L-022-4-B,PKR-005,MULTI,UPS Ground,GROUND
ORD-1206792,2025-05-23,08:50:38,SKU-04328,2,A-02L-021-1-B,PKR-011,MULTI,USPS Priority Mail,GROUND
ORD-1206035,2025-05-23,16:26:25,SKU-00405,2,C-04R-011-1-A,PKR-009,MULTI,USPS Priority Mail,PRIORITY_2D
ORD-1201137,2025-05-23,06:11:09,SKU-04795,1,E-01L-006-3-A,PKR-013,MULTI,USPS Priority Mail,GROUND
ORD-1206810,2025-05-23,06:23:39,SKU-01204,2,A-03R-016-1-B,PKR-014,MULTI,FedEx Ground,GROUND
ORD-1206717,2025-05-23,13:44:33,SKU-02916,2,B-01R-006-4-B,PKR-013,MULTI,FedEx Ground,GROUND
ORD-1205640,2025-05-23,18:16:37,SKU-00654,1,B-04R-010-4-B,PKR-027,MULTI,USPS Priority Mail,GROUND
ORD-1206460,2025-05-23,13:21:21,SKU-01019,2,B-03R-014-1-A,PKR-024,MULTI,UPS Ground,GROUND
ORD-1200696,2025-05-23,13:55:01,SKU-03823,2,C-02R-020-1-B,PKR-030,MULTI,UPS 2nd Day Air,GROUND
ORD-1203186,2025-05-23,11:50:29,SKU-02366,2,A-01R-020-4-A,PKR-032,MULTI,UPS Ground,GROUND
ORD-1202038,2025-05-23,21:32:32,SKU-01170,2,A-03L-002-3-B,PKR-015,MULTI,USPS Priority Mail,GROUND
ORD-1201948,2025-05-23,21:17:44,SKU-01586,2,D-03R-018-1-B,PKR-010,MULTI,FedEx Ground,PRIORITY_2D
ORD-1206953,2025-05-23,17:34:47,SKU-04435,2,A-02R-016-4-A,PKR-014,MULTI,UPS Ground,GROUND
ORD-1201233,2025-05-23,14:18:00,SKU-02357,1,C-02L-006-2-A,PKR-026,MULTI,FedEx 2Day,STANDARD_OVERNIGHT
ORD-1201385,2025-05-23,09:47:51,SKU-00670,1,C-04R-020-4-A,PKR-032,MULTI,UPS Ground,GROUND
ORD-1202755,2025-05-23,19:37:43,SKU-02923,1,A-01L-002-1-A,PKR-030,MULTI,UPS Ground,GROUND
ORD-1200055,2025-05-23,08:39:36,SKU-02908,1,B-02L-005-3-A,PKR-007,MULTI,UPS 2nd Day Air,STANDARD_OVERNIGHT
ORD-1204087,2025-05-23,06:04:56,SKU-00079,2,A-03R-013-2-B,PKR-020,MULTI,UPS Ground,STANDARD_OVERNIGHT
ORD-1203569,2025-05-23,09:03:10,SKU-02859,1,A-01L-018-3-A,PKR-015,MULTI,UPS 2nd Day Air,GROUND
ORD-1207721,2025-05-23,13:06:02,SKU-04328,2,A-02L-021-1-B,PKR-015,MULTI,FedEx Ground,STANDARD_OVERNIGHT
ORD-1204212,2025-05-23,06:58:13,SKU-02366,1,A-01R-020-4-A,PKR-027,MULTI,FedEx Ground,GROUND
ORD-1207554,2025-05-23,15:22:11,SKU-02913,2,B-01L-015-2-B,PKR-011,MULTI,USPS Priority Mail,PRIORITY_2D
ORD-1203601,2025-05-23,10:51:46,SKU-04041,2,A-02R-002-2-B,PKR-015,MULTI,FedEx Ground,GROUND
ORD-1201574,2025-05-23,10:43:27,SKU-04328,2,A-02L-021-1-B,PKR-029,MULTI,UPS Ground,GROUND
ORD-1206358,2025-05-23,21:07:10,SKU-04878,1,B-01R-016-3-B,PKR-029,SINGLE,FedEx Ground,GROUND
ORD-1202180,2025-05-23,13:03:54,SKU-01953,2,A-03L-018-4-B,PKR-012,MULTI,FedEx Ground,STANDARD_OVERNIGHT
ORD-1203709,2025-05-23,16:14:45,SKU-02662,2,A-01R-006-5-A,PKR-003,MULTI,USPS Priority Mail,GROUND
ORD-1200462,2025-05-23,08:36:27,SKU-02859,2,A-01L-018-3-A,PKR-003,MULTI,USPS Priority Mail,GROUND
ORD-1201637,2025-05-23,17:42:14,SKU-00709,1,D-03R-016-2-A,PKR-008,MULTI,FedEx 2Day,GROUND
ORD-1200588,2025-05-23,07:00:04,SKU-01721,2,A-04L-015-4-B,PKR-004,MULTI,FedEx Ground,GROUND
ORD-1201335,2025-05-23,11:52:18,SKU-00291,2,A-04L-017-2-A,PKR-012,MULTI,USPS Priority Mail,GROUND
ORD-1206536,2025-05-23,11:16:03,SKU-03934,1,B-01R-007-1-A,PKR-031,MULTI,UPS Ground,GROUND
ORD-1205962,2025-05-23,12:53:49,SKU-02671,2,B-01L-006-4-A,PKR-001,MULTI,USPS Priority Mail,GROUND
ORD-1205368,2025-05-23,09:00:30,SKU-02680,2,E-01L-018-1-A,PKR-019,MULTI,FedEx Ground,GROUND
ORD-1207609,2025-05-23,13:33:04,SKU-03825,1,B-01R-003-2-A,PKR-002,MULTI,UPS Ground,GROUND
ORD-1206860,2025-05-23,21:54:16,SKU-02775,1,C-01R-023-3-A,PKR-027,MULTI,FedEx Ground,GROUND
ORD-1205763,2025-05-23,10:16:20,SKU-03726,2,C-02L-002-1-A,PKR-023,MULTI,FedEx 2Day,GROUND
ORD-1200915,2025-05-23,21:47:55,SKU-04328,2,A-02L-021-1-B,PKR-010,MULTI,FedEx Ground,GROUND
ORD-1203393,2025-05-23,16:05:13,SKU-02366,2,A-01R-020-4-A,PKR-021,SINGLE,USPS Priority Mail,PRIORITY_2D
ORD-1202018,2025-05-23,20:34:49,SKU-01204,2,A-03R-016-1-B,PKR-025,MULTI,FedEx Ground,GROUND
ORD-1207738,2025-05-23,21:22:54,SKU-02125,2,A-01R-020-2-B,PKR-010,MULTI,FedEx Ground,GROUND
ORD-1203950,2025-05-23,13:39:19,SKU-04457,2,A-01L-020-2-B,PKR-027,MULTI,UPS Ground,GROUND
ORD-1200011,2025-05-23,13:51:55,SKU-00301,2,C-04R-007-4-B,PKR-002,MULTI,FedEx 2Day,PRIORITY_2D
ORD-1205449,2025-05-23,13:44:14,SKU-02366,2,A-01R-020-4-A,PKR-025,MULTI,USPS Priority Mail,GROUND
ORD-1201222,2025-05-23,13:00:13,SKU-04328,2,A-02L-021-1-B,PKR-010,MULTI,UPS Ground,GROUND
ORD-1200193,2025-05-23,19:56:34,SKU-01022,2,C-03L-013-3-A,PKR-030,MULTI,FedEx Ground,GROUND
ORD-1201302,2025-05-23,14:15:16,SKU-00512,2,A-04R-012-3-A,PKR-017,MULTI,FedEx Ground,GROUND
ORD-1206952,2025-05-23,19:32:00,SKU-02366,2,A-01R-020-4-A,PKR-021,MULTI,USPS Priority Mail,GROUND
ORD-1205572,2025-05-23,17:23:50,SKU-02681,2,A-01R-018-4-B,PKR-006,MULTI,FedEx Ground,GROUND
ORD-1207760,2025-05-23,11:29:07,SKU-02159,2,D-01L-026-5-B,PKR-003,MULTI,UPS Ground,GROUND
ORD-1205837,2025-05-23,10:42:22,SKU-02624,1,A-02R-022-1-A,PKR-015,MULTI,UPS Ground,GROUND
ORD-1207525,2025-05-23,18:17:52,SKU-04328,1,A-02L-021-1-B,PKR-023,MULTI,FedEx Ground,GROUND
ORD-1204642,2025-05-23,15:04:12,SKU-00419,2,C-04L-011-1-A,PKR-031,MULTI,FedEx Ground,GROUND
ORD-1202080,2025-05-23,15:53:54,SKU-02973,1,B-01R-015-1-A,PKR-004,MULTI,FedEx Ground,STANDARD_OVERNIGHT
ORD-1201357,2025-05-23,10:26:55,SKU-03727,1,B-02R-023-4-A,PKR-004,MULTI,FedEx Ground,GROUND
ORD-1206340,2025-05-23,20:35:43,SKU-00872,2,A-04L-005-1-A,PKR-010,MULTI,UPS Ground,PRIORITY_2D
ORD-1205811,2025-05-23,08:36:50,SKU-04041,2,A-02R-002-2-B,PKR-013,MULTI,USPS Priority Mail,GROUND
ORD-1206653,2025-05-23,08:31:19,SKU-01199,2,B-04L-005-2-A,PKR-015,MULTI,USPS Priority Mail,GROUND
ORD-1202488,2025-05-23,18:14:51,SKU-00408,2,A-03L-009-1-A,PKR-007,MULTI,UPS Ground,GROUND
ORD-1201826,2025-05-23,09:04:31,SKU-02908,1,B-02L-005-3-A,PKR-015,MULTI,USPS Priority Mail,PRIORITY_2D
ORD-1201707,2025-05-23,12:52:41,SKU-02908,2,B-02L-005-3-A,PKR-003,MULTI,USPS Priority Mail,GROUND
ORD-1207023,2025-05-23,15:36:45,SKU-04984,2,B-02R-026-4-B,PKR-027,MULTI,FedEx Ground,GROUND
ORD-1206275,2025-05-23,15:31:00,SKU-00585,2,C-04R-005-4-B,PKR-026,MULTI,UPS Ground,STANDARD_OVERNIGHT
ORD-1204622,2025-05-23,09:45:32,SKU-04041,2,A-02R-002-2-B,PKR-024,MULTI,FedEx Ground,STANDARD_OVERNIGHT
ORD-1202401,2025-05-23,19:50:52,SKU-04185,2,A-01L-023-1-B,PKR-020,MULTI,FedEx Ground,PRIORITY_2D
ORD-1206486,2025-05-23,13:33:40,SKU-01039,1,C-03R-020-2-B,PKR-007,MULTI,UPS Ground,GROUND
ORD-1203662,2025-05-23,17:17:09,SKU-03727,2,B-02R-023-4-A,PKR-002,MULTI,USPS Priority Mail,GROUND
ORD-1207753,2025-05-23,21:51:16,SKU-01069,1,C-04L-017-4-A,PKR-023,MULTI,UPS Ground,PRIORITY_2D
ORD-1201872,2025-05-23,17:16:59,SKU-04328,2,A-02L-021-1-B,PKR-010,MULTI,USPS Priority Mail,GROUND
ORD-1200294,2025-05-23,06:20:49,SKU-03727,2,B-02R-023-4-A,PKR-030,MULTI,USPS Priority Mail,GROUND
ORD-1201604,2025-05-23,10:55:07,SKU-00248,1,B-04R-005-4-A,PKR-032,MULTI,USPS Priority Mail,GROUND
ORD-1206660,2025-05-23,12:01:07,SKU-04041,1,A-02R-002-2-B,PKR-027,MULTI,USPS Priority Mail,GROUND
ORD-1203217,2025-05-23,17:46:10,SKU-04457,2,A-01L-020-2-B,PKR-019,MULTI,UPS Ground,GROUND
ORD-1207478,2025-05-23,15:47:09,SKU-00315,2,A-03R-020-4-A,PKR-018,MULTI,FedEx Ground,GROUND
ORD-1204067,2025-05-23,13:53:00,SKU-04723,1,B-02R-017-5-A,PKR-003,MULTI,UPS Ground,GROUND
ORD-1205996,2025-05-23,16:14:26,SKU-02859,1,A-01L-018-3-A,PKR-024,MULTI,UPS Ground,GROUND
ORD-1200207,2025-05-23,08:39:25,SKU-01204,2,A-03R-016-1-B,PKR-025,MULTI,FedEx 2Day,GROUND
ORD-1204916,2025-05-23,11:17:43,SKU-04041,2,A-02R-002-2-B,PKR-017,MULTI,UPS Ground,GROUND
ORD-1206428,2025-05-23,12:37:27,SKU-04248,1,B-02L-013-1-A,PKR-008,MULTI,UPS Ground,PRIORITY_2D
ORD-1204347,2025-05-23,13:56:27,SKU-04608,2,A-02L-025-1-B,PKR-012,MULTI,FedEx Ground,GROUND
ORD-1201808,2025-05-23,10:28:55,SKU-01124,2,B-03R-007-4-A,PKR-003,MULTI,FedEx Ground,GROUND
ORD-1207320,2025-05-23,07:23:59,SKU-00606,2,B-04L-016-1-A,PKR-032,MULTI,USPS Priority Mail,GROUND
ORD-1200572,2025-05-23,11:29:19,SKU-04308,2,B-02R-019-4-A,PKR-031,MULTI,UPS Ground,GROUND
ORD-1207930,2025-05-23,20:57:19,SKU-00344,1,A-03L-006-2-B,PKR-017,MULTI,FedEx Ground,GROUND
ORD-1201419,2025-05-23,14:35:44,SKU-03301,1,B-01R-006-2-A,PKR-012,MULTI,FedEx Ground,GROUND
ORD-1200425,2025-05-23,09:21:00,SKU-02775,2,C-01R-023-3-A,PKR-029,MULTI,USPS Priority Mail,STANDARD_OVERNIGHT
ORD-1207424,2025-05-23,15:00:04,SKU-03881,2,B-02R-002-4-A,PKR-016,MULTI,FedEx Ground,GROUND
ORD-1205839,2025-05-23,18:59:20,SKU-00989,2,B-03L-020-2-A,PKR-011,MULTI,USPS Priority Mail,GROUND
ORD-1206711,2025-05-23,12:55:41,SKU-02974,2,C-01R-023-3-B,PKR-014,MULTI,UPS Ground,GROUND
ORD-1206806,2025-05-23,13:17:30,SKU-04328,1,A-02L-021-1-B,PKR-030,MULTI,FedEx Ground,GROUND
ORD-1201538,2025-05-23,06:24:27,SKU-03107,1,C-02R-019-1-B,PKR-015,MULTI,FedEx Ground,GROUND
ORD-1206070,2025-05-23,07:32:59,SKU-02585,1,A-01R-012-4-A,PKR-003,SINGLE,USPS Priority Mail,GROUND
ORD-1200718,2025-05-23,13:44:49,SKU-02107,1,C-02L-008-4-B,PKR-032,MULTI,FedEx Ground,GROUND
ORD-1200393,2025-05-23,11:08:18,SKU-00338,1,B-03R-012-3-B,PKR-015,MULTI,USPS Priority Mail,STANDARD_OVERNIGHT
ORD-1203297,2025-05-23,19:38:08,SKU-01204,2,A-03R-016-1-B,PKR-012,MULTI,FedEx Ground,GROUND
ORD-1201808,2025-05-23,10:28:55,SKU-02836,1,A-02R-009-1-B,PKR-003,MULTI,FedEx Ground,GROUND
ORD-1201510,2025-05-23,13:14:06,SKU-04932,1,A-02R-018-5-A,PKR-004,MULTI,FedEx Ground,PRIORITY_2D
ORD-1202455,2025-05-23,08:00:56,SKU-01645,1,B-04R-009-2-A,PKR-002,MULTI,USPS Priority Mail,PRIORITY_2D
ORD-1204907,2025-05-23,18:08:31,SKU-04608,2,A-02L-025-1-B,PKR-012,SINGLE,USPS Priority Mail,GROUND
ORD-1201531,2025-05-23,07:55:27,SKU-02609,2,C-01R-013-1-B,PKR-032,MULTI,USPS Priority Mail,GROUND
ORD-1202880,2025-05-23,09:46:47,SKU-03845,2,D-01R-015-3-A,PKR-004,MULTI,UPS 2nd Day Air,GROUND
ORD-1204688,2025-05-23,06:46:14,SKU-04041,1,A-02R-002-2-B,PKR-025,MULTI,UPS 2nd Day Air,GROUND
ORD-1200488,2025-05-23,17:47:54,SKU-03250,2,A-01R-001-3-A,PKR-028,MULTI,FedEx Ground,GROUND
ORD-1207832,2025-05-23,14:00:37,SKU-02585,2,A-01R-012-4-A,PKR-009,MULTI,UPS Ground,GROUND
ORD-1200849,2025-05-23,19:04:55,SKU-04328,2,A-02L-021-1-B,PKR-015,MULTI,UPS Ground,PRIORITY_2D
ORD-1205640,2025-05-23,18:16:37,SKU-02954,1,A-02L-005-5-B,PKR-027,MULTI,USPS Priority Mail,GROUND
ORD-1203653,2025-05-23,20:30:10,SKU-02134,2,D-02L-014-3-B,PKR-004,MULTI,USPS Priority Mail,GROUND
ORD-1202211,2025-05-23,09:14:21,SKU-02481,2,B-02L-019-1-A,PKR-003,MULTI,USPS Priority Mail,GROUND
ORD-1203421,2025-05-23,18:09:12,SKU-03991,2,A-02L-011-2-A,PKR-032,MULTI,UPS Ground,GROUND
ORD-1201588,2025-05-23,12:50:13,SKU-02034,1,A-02L-014-4-B,PKR-003,MULTI,UPS 2nd Day Air,GROUND
ORD-1201238,2025-05-23,10:20:57,SKU-04942,2,B-01R-023-1-B,PKR-026,MULTI,FedEx 2Day,GROUND
ORD-1203136,2025-05-23,13:46:11,SKU-02681,1,A-01R-018-4-B,PKR-023,MULTI,FedEx 2Day,GROUND
ORD-1206766,2025-05-23,15:53:17,SKU-04041,1,A-02R-002-2-B,PKR-001,MULTI,USPS Priority Mail,GROUND
ORD-1205958,2025-05-23,15:35:25,SKU-04015,2,A-02R-020-1-B,PKR-025,MULTI,UPS Ground,GROUND
ORD-1202393,2025-05-23,16:56:42,SKU-02875,2,A-02L-009-4-A,PKR-004,MULTI,USPS Priority Mail,GROUND
ORD-1203847,2025-05-23,18:11:45,SKU-04328,2,A-02L-021-1-B,PKR-016,MULTI,FedEx Ground,GROUND
ORD-1207747,2025-05-23,15:00:25,SKU-00233,1,D-04L-018-2-B,PKR-032,MULTI,UPS Ground,PRIORITY_2D
ORD-1201231,2025-05-23,13:35:38,SKU-04328,2,A-02L-021-1-B,PKR-017,MULTI,USPS Priority Mail,GROUND
ORD-1204635,2025-05-23,17:32:23,SKU-00872,2,A-04L-005-1-A,PKR-020,MULTI,USPS Priority Mail,PRIORITY_2D
ORD-1207582,2025-05-23,15:21:35,SKU-02908,2,B-02L-005-3-A,PKR-016,MULTI,USPS Priority Mail,GROUND
ORD-1207748,2025-05-23,10:57:53,SKU-02603,2,C-01L-014-4-A,PKR-026,MULTI,UPS Ground,GROUND
ORD-1204741,2025-05-23,07:42:56,SKU-03301,1,B-01R-006-2-A,PKR-018,MULTI,FedEx Ground,GROUND
ORD-1200706,2025-05-23,06:45:48,SKU-02585,1,A-01R-012-4-A,PKR-014,SINGLE,UPS Ground,PRIORITY_2D
ORD-1200177,2025-05-23,15:36:57,SKU-00017,2,B-03R-001-4-B,PKR-023,MULTI,FedEx Ground,GROUND
ORD-1205277,2025-05-23,17:08:56,SKU-03727,1,B-02R-023-4-A,PKR-011,MULTI,USPS Priority Mail,GROUND
ORD-1202973,2025-05-23,19:22:13,SKU-01204,1,A-03R-016-1-B,PKR-020,MULTI,FedEx 2Day,GROUND
ORD-1207657,2025-05-23,11:45:43,SKU-00034,2,A-04L-017-3-A,PKR-010,MULTI,FedEx Ground,GROUND
ORD-1200640,2025-05-23,15:08:25,SKU-00447,2,A-04L-008-2-A,PKR-027,MULTI,UPS 2nd Day Air,GROUND
ORD-1202905,2025-05-23,06:55:49,SKU-02134,1,D-02L-014-3-B,PKR-019,MULTI,UPS Ground,GROUND
ORD-1200952,2025-05-23,21:00:23,SKU-04328,2,A-02L-021-1-B,PKR-015,MULTI,UPS Ground,GROUND
ORD-1205935,2025-05-23,12:51:46,SKU-02186,1,B-01L-019-1-A,PKR-022,MULTI,UPS Ground,GROUND
ORD-1204035,2025-05-23,19:14:32,SKU-04370,2,A-02R-026-5-A,PKR-023,MULTI,FedEx Ground,GROUND
ORD-1204714,2025-05-23,21:51:09,SKU-03220,2,C-02L-017-2-A,PKR-016,MULTI,FedEx Ground,GROUND
ORD-1207996,2025-05-23,17:41:06,SKU-03727,1,B-02R-023-4-A,PKR-026,MULTI,USPS Priority Mail,GROUND
ORD-1200497,2025-05-23,18:05:48,SKU-02408,2,C-02L-012-3-A,PKR-003,MULTI,UPS 2nd Day Air,GROUND
ORD-1201496,2025-05-23,10:53:13,SKU-02509,2,B-01L-020-5-A,PKR-004,MULTI,UPS Ground,GROUND
ORD-1205000,2025-05-23,11:45:09,SKU-01721,1,A-04L-015-4-B,PKR-020,MULTI,UPS Ground,GROUND
ORD-1207037,2025-05-23,06:45:36,SKU-00017,2,B-03R-001-4-B,PKR-003,MULTI,UPS 2nd Day Air,GROUND
ORD-1202021,2025-05-23,07:50:42,SKU-02366,2,A-01R-020-4-A,PKR-023,MULTI,UPS Ground,GROUND
ORD-1202238,2025-05-23,20:13:08,SKU-01043,2,A-03L-007-2-B,PKR-020,MULTI,FedEx Ground,GROUND
ORD-1201163,2025-05-23,09:58:04,SKU-03727,2,B-02R-023-4-A,PKR-008,MULTI,FedEx Ground,GROUND
ORD-1200760,2025-05-23,16:12:02,SKU-01204,2,A-03R-016-1-B,PKR-019,MULTI,USPS Priority Mail,GROUND
ORD-1205934,2025-05-23,21:17:59,SKU-04328,2,A-02L-021-1-B,PKR-020,MULTI,UPS 2nd Day Air,PRIORITY_2D
ORD-1200028,2025-05-23,21:06:54,SKU-04554,2,D-01L-016-3-B,PKR-032,MULTI,FedEx 2Day,GROUND
ORD-1204730,2025-05-23,09:03:59,SKU-02597,2,A-01L-006-4-B,PKR-029,MULTI,USPS Priority Mail,GROUND
ORD-1207200,2025-05-23,19:50:20,SKU-02908,2,B-02L-005-3-A,PKR-003,MULTI,UPS 2nd Day Air,GROUND
ORD-1200059,2025-05-23,20:59:38,SKU-02927,1,C-02R-014-5-B,PKR-019,MULTI,UPS Ground,GROUND
ORD-1202278,2025-05-23,16:54:01,SKU-02585,1,A-01R-012-4-A,PKR-012,MULTI,FedEx Ground,GROUND
ORD-1206648,2025-05-23,10:35:05,SKU-00010,1,B-04R-004-2-B,PKR-025,MULTI,UPS Ground,STANDARD_OVERNIGHT
ORD-1204587,2025-05-23,10:08:09,SKU-04292,1,B-02L-008-2-A,PKR-019,MULTI,FedEx Ground,PRIORITY_2D
ORD-1203852,2025-05-23,21:08:45,SKU-00037,1,A-03L-004-3-A,PKR-031,MULTI,FedEx 2Day,GROUND
ORD-1210062,2025-05-24,10:36:15,SKU-02908,1,B-02L-005-3-A,PKR-017,MULTI,UPS 2nd Day Air,GROUND
ORD-1208024,2025-05-24,20:47:24,SKU-02232,2,C-01L-002-5-A,PKR-028,MULTI,USPS Priority Mail,GROUND
ORD-1211434,2025-05-24,13:16:38,SKU-01204,2,A-03R-016-1-B,PKR-025,MULTI,UPS Ground,GROUND
ORD-1209438,2025-05-24,10:40:54,SKU-01121,2,B-04R-017-4-A,PKR-015,MULTI,UPS Ground,GROUND
ORD-1211846,2025-05-24,16:08:08,SKU-01490,2,B-04R-009-1-A,PKR-020,MULTI,USPS Priority Mail,GROUND
ORD-1210128,2025-05-24,14:49:55,SKU-01552,2,A-04R-001-1-B,PKR-008,MULTI,FedEx 2Day,GROUND
ORD-1210016,2025-05-24,07:10:01,SKU-04435,2,A-02R-016-4-A,PKR-022,MULTI,FedEx Ground,GROUND
ORD-1208433,2025-05-24,21:54:52,SKU-04383,1,C-01L-007-1-A,PKR-020,MULTI,USPS Priority Mail,GROUND
ORD-1209184,2025-05-24,14:55:48,SKU-04878,2,B-01R-016-3-B,PKR-010,MULTI,FedEx Ground,GROUND
ORD-1208247,2025-05-24,09:20:21,SKU-02420,1,B-01L-005-4-B,PKR-015,MULTI,FedEx Ground,GROUND
ORD-1210081,2025-05-24,21:29:18,SKU-03074,1,C-01L-010-2-B,PKR-017,MULTI,UPS Ground,GROUND
ORD-1210429,2025-05-24,10:16:37,SKU-03970,2,C-02L-022-1-A,PKR-007,MULTI,USPS Priority Mail,GROUND
ORD-1210815,2025-05-24,14:55:42,SKU-02572,2,C-02L-025-2-A,PKR-005,MULTI,FedEx Ground,GROUND
ORD-1209342,2025-05-24,18:32:45,SKU-01095,2,C-03R-005-4-A,PKR-018,MULTI,FedEx Ground,GROUND
ORD-1208991,2025-05-24,09:04:22,SKU-02884,1,D-01R-008-3-B,PKR-004,MULTI,UPS Ground,GROUND
ORD-1211369,2025-05-24,06:31:44,SKU-00646,1,D-03R-008-3-B,PKR-031,MULTI,USPS Priority Mail,PRIORITY_2D
ORD-1208466,2025-05-24,11:07:23,SKU-01584,2,D-03L-016-1-A,PKR-008,MULTI,USPS Priority Mail,GROUND
ORD-1208160,2025-05-24,16:07:55,SKU-03645,1,B-01L-001-3-A,PKR-031,MULTI,USPS Priority Mail,GROUND
ORD-1211452,2025-05-24,19:04:11,SKU-00446,2,B-04L-006-4-A,PKR-022,MULTI,UPS 2nd Day Air,GROUND
ORD-1208573,2025-05-24,20:22:14,SKU-00373,2,C-04R-019-1-A,PKR-021,MULTI,FedEx Ground,PRIORITY_2D
ORD-1211860,2025-05-24,06:00:30,SKU-02050,2,C-02L-007-1-A,PKR-008,MULTI,UPS Ground,STANDARD_OVERNIGHT
ORD-1210622,2025-05-24,18:57:54,SKU-00940,1,A-03R-006-3-B,PKR-032,MULTI,FedEx Ground,PRIORITY_2D
ORD-1208014,2025-05-24,06:14:23,SKU-02908,1,B-02L-005-3-A,PKR-023,MULTI,USPS Priority Mail,GROUND
ORD-1210637,2025-05-24,14:52:10,SKU-04441,2,B-02L-018-3-B,PKR-004,MULTI,UPS Ground,GROUND
ORD-1209786,2025-05-24,13:24:12,SKU-04545,2,C-01L-020-5-B,PKR-014,MULTI,UPS Ground,GROUND
ORD-1210925,2025-05-24,15:17:42,SKU-04892,1,A-02R-018-3-A,PKR-032,MULTI,UPS Ground,GROUND
ORD-1211105,2025-05-24,13:43:42,SKU-02767,1,C-02R-013-1-B,PKR-010,MULTI,UPS Ground,GROUND
ORD-1209356,2025-05-24,10:13:18,SKU-02316,1,A-02L-026-1-A,PKR-028,MULTI,FedEx Ground,GROUND
ORD-1210507,2025-05-24,19:22:55,SKU-02973,2,B-01R-015-1-A,PKR-008,MULTI,UPS Ground,GROUND
ORD-1210495,2025-05-24,06:59:45,SKU-04328,2,A-02L-021-1-B,PKR-008,MULTI,UPS Ground,GROUND
ORD-1208633,2025-05-24,15:02:09,SKU-02585,2,A-01R-012-4-A,PKR-014,MULTI,UPS Ground,GROUND
ORD-1211800,2025-05-24,18:22:41,SKU-00379,2,A-03R-020-4-B,PKR-007,SINGLE,FedEx 2Day,GROUND
ORD-1211784,2025-05-24,09:39:48,SKU-04328,2,A-02L-021-1-B,PKR-011,MULTI,FedEx Ground,GROUND
ORD-1211402,2025-05-24,07:15:21,SKU-04328,2,A-02L-021-1-B,PKR-010,MULTI,USPS Priority Mail,GROUND
ORD-1211756,2025-05-24,17:19:36,SKU-04875,2,B-02R-023-5-B,PKR-005,MULTI,FedEx Ground,GROUND
ORD-1210063,2025-05-24,10:20:01,SKU-03149,1,A-01R-009-5-A,PKR-002,MULTI,USPS Priority Mail,GROUND
ORD-1209471,2025-05-24,08:45:05,SKU-04279,2,A-02L-015-4-A,PKR-024,MULTI,UPS Ground,GROUND
ORD-1208083,2025-05-24,11:28:11,SKU-02348,1,C-01R-020-2-A,PKR-001,MULTI,UPS Ground,PRIORITY_2D
ORD-1210810,2025-05-24,07:39:50,SKU-02625,2,C-01L-020-2-B,PKR-005,MULTI,FedEx Ground,GROUND
ORD-1208023,2025-05-24,16:32:16,SKU-02681,1,A-01R-018-4-B,PKR-018,MULTI,USPS Priority Mail,GROUND
ORD-1210018,2025-05-24,12:57:13,SKU-04328,2,A-02L-021-1-B,PKR-018,MULTI,FedEx Ground,GROUND
ORD-1208554,2025-05-24,11:46:35,SKU-04041,1,A-02R-002-2-B,PKR-019,MULTI,USPS Priority Mail,STANDARD_OVERNIGHT
ORD-1210936,2025-05-24,16:24:48,SKU-04457,1,A-01L-020-2-B,PKR-020,MULTI,FedEx Ground,GROUND
ORD-1209734,2025-05-24,06:25:48,SKU-02908,1,B-02L-005-3-A,PKR-031,SINGLE,USPS Priority Mail,GROUND
ORD-1209877,2025-05-24,14:09:11,SKU-03278,1,A-01R-003-1-B,PKR-009,MULTI,FedEx Ground,GROUND
ORD-1210308,2025-05-24,20:33:44,SKU-03692,2,C-02L-018-2-B,PKR-009,MULTI,USPS Priority Mail,GROUND
ORD-1210387,2025-05-24,08:47:42,SKU-02252,2,B-02R-025-2-A,PKR-029,MULTI,USPS Priority Mail,PRIORITY_2D
ORD-1208067,2025-05-24,10:18:21,SKU-03049,1,C-02L-003-4-A,PKR-030,MULTI,USPS Priority Mail,PRIORITY_2D
ORD-1208361,2025-05-24,12:34:11,SKU-04528,2,B-02R-014-3-B,PKR-009,MULTI,FedEx Ground,PRIORITY_2D
ORD-1209446,2025-05-24,08:04:02,SKU-04457,1,A-01L-020-2-B,PKR-017,MULTI,UPS 2nd Day Air,GROUND
ORD-1210776,2025-05-24,15:46:27,SKU-04656,2,B-02L-002-1-B,PKR-031,MULTI,FedEx Ground,GROUND
ORD-1211524,2025-05-24,17:01:35,SKU-04793,2,A-01L-020-4-A,PKR-018,MULTI,FedEx Ground,GROUND
ORD-1209683,2025-05-24,13:01:39,SKU-04670,1,C-02R-018-2-B,PKR-008,MULTI,UPS Ground,PRIORITY_2D
ORD-1209688,2025-05-24,18:05:34,SKU-02908,2,B-02L-005-3-A,PKR-018,MULTI,FedEx Ground,PRIORITY_2D
ORD-1211090,2025-05-24,10:21:58,SKU-00430,2,B-04R-002-3-B,PKR-016,MULTI,FedEx 2Day,GROUND
ORD-1211509,2025-05-24,08:31:26,SKU-01314,2,A-03R-005-1-A,PKR-011,MULTI,USPS Priority Mail,PRIORITY_2D
ORD-1210004,2025-05-24,17:23:01,SKU-01490,2,B-04R-009-1-A,PKR-009,MULTI,FedEx Ground,GROUND
ORD-1208087,2025-05-24,09:49:48,SKU-04644,1,C-02L-023-3-A,PKR-021,MULTI,FedEx 2Day,GROUND
ORD-1210586,2025-05-24,13:57:19,SKU-00345,2,C-03R-006-3-B,PKR-021,MULTI,FedEx Ground,GROUND
ORD-1208431,2025-05-24,17:04:11,SKU-02085,2,D-02R-008-1-A,PKR-015,MULTI,USPS Priority Mail,GROUND
ORD-1208223,2025-05-24,13:02:17,SKU-03709,2,D-01L-020-3-A,PKR-005,MULTI,UPS Ground,GROUND
ORD-1210324,2025-05-24,07:46:14,SKU-02598,2,B-02R-017-1-B,PKR-032,MULTI,UPS Ground,GROUND
ORD-1209222,2025-05-24,14:40:01,SKU-03746,1,B-01R-014-1-A,PKR-028,MULTI,UPS Ground,PRIORITY_2D
ORD-1208936,2025-05-24,19:29:07,SKU-04328,1,A-02L-021-1-B,PKR-013,MULTI,UPS Ground,GROUND
ORD-1210333,2025-05-24,14:51:20,SKU-00392,1,B-03L-019-1-B,PKR-027,MULTI,UPS Ground,GROUND
ORD-1209809,2025-05-24,08:13:34,SKU-01803,2,B-03R-020-1-A,PKR-032,MULTI,USPS Priority Mail,GROUND
ORD-1210113,2025-05-24,21:44:00,SKU-03729,2,D-01R-011-4-A,PKR-003,MULTI,FedEx Ground,GROUND
ORD-1211101,2025-05-24,17:56:56,SKU-01683,1,B-03R-014-1-B,PKR-010,MULTI,FedEx Ground,GROUND
ORD-1208497,2025-05-24,11:39:14,SKU-02908,2,B-02L-005-3-A,PKR-016,MULTI,UPS 2nd Day Air,GROUND
ORD-1209719,2025-05-24,16:17:34,SKU-04878,2,B-01R-016-3-B,PKR-008,MULTI,USPS Priority Mail,GROUND
ORD-1211253,2025-05-24,21:35:14,SKU-02366,2,A-01R-020-4-A,PKR-005,MULTI,UPS 2nd Day Air,PRIORITY_2D
ORD-1210432,2025-05-24,18:09:50,SKU-03727,2,B-02R-023-4-A,PKR-018,MULTI,USPS Priority Mail,GROUND
ORD-1211467,2025-05-24,06:22:47,SKU-02185,2,C-01R-009-4-B,PKR-028,MULTI,UPS Ground,GROUND
ORD-1209388,2025-05-24,15:16:37,SKU-02331,2,D-01R-016-3-A,PKR-015,MULTI,FedEx Ground,STANDARD_OVERNIGHT
ORD-1211678,2025-05-24,21:47:01,SKU-02703,2,A-02L-020-2-A,PKR-023,MULTI,FedEx Ground,PRIORITY_2D
ORD-1211804,2025-05-24,06:54:48,SKU-02851,2,B-02R-007-4-A,PKR-018,MULTI,FedEx Ground,STANDARD_OVERNIGHT
ORD-1209732,2025-05-24,06:44:47,SKU-04608,2,A-02L-025-1-B,PKR-025,MULTI,UPS Ground,STANDARD_OVERNIGHT
ORD-1211084,2025-05-24,12:41:44,SKU-04878,2,B-01R-016-3-B,PKR-032,MULTI,FedEx 2Day,GROUND
ORD-1211781,2025-05-24,09:28:40,SKU-02908,1,B-02L-005-3-A,PKR-006,MULTI,FedEx Ground,GROUND
ORD-1209461,2025-05-24,20:54:28,SKU-02681,2,A-01R-018-4-B,PKR-007,MULTI,UPS Ground,GROUND
ORD-1211143,2025-05-24,10:24:43,SKU-04328,1,A-02L-021-1-B,PKR-025,MULTI,FedEx Ground,GROUND
ORD-1209785,2025-05-24,20:05:40,SKU-00872,2,A-04L-005-1-A,PKR-010,MULTI,USPS Priority Mail,GROUND
ORD-1208527,2025-05-24,06:50:17,SKU-04041,1,A-02R-002-2-B,PKR-008,MULTI,UPS 2nd Day Air,PRIORITY_2D
ORD-1208221,2025-05-24,07:09:12,SKU-04041,2,A-02R-002-2-B,PKR-004,MULTI,FedEx Ground,GROUND
ORD-1211169,2025-05-24,07:01:10,SKU-00293,2,C-03L-006-1-A,PKR-003,MULTI,FedEx Ground,PRIORITY_2D
ORD-1211764,2025-05-24,21:23:39,SKU-02242,1,B-02R-026-1-A,PKR-030,MULTI,FedEx Ground,PRIORITY_2D
ORD-1210120,2025-05-24,09:33:43,SKU-02185,2,C-01R-009-4-B,PKR-015,MULTI,USPS Priority Mail,STANDARD_OVERNIGHT
ORD-1208687,2025-05-24,20:43:26,SKU-04041,2,A-02R-002-2-B,PKR-021,MULTI,USPS Priority Mail,GROUND
ORD-1211011,2025-05-24,17:11:57,SKU-01428,2,A-03L-006-4-A,PKR-005,MULTI,FedEx Ground,GROUND
ORD-1210544,2025-05-24,09:27:28,SKU-04538,2,A-01R-001-1-B,PKR-022,MULTI,FedEx Ground,GROUND
ORD-1209045,2025-05-24,13:40:07,SKU-02366,2,A-01R-020-4-A,PKR-003,MULTI,FedEx Ground,PRIORITY_2D
ORD-1208119,2025-05-24,09:55:07,SKU-04328,2,A-02L-021-1-B,PKR-029,MULTI,USPS Priority Mail,GROUND
ORD-1211614,2025-05-24,10:01:45,SKU-03727,2,B-02R-023-4-A,PKR-019,SINGLE,USPS Priority Mail,PRIORITY_2D
ORD-1210931,2025-05-24,21:33:10,SKU-04538,2,A-01R-001-1-B,PKR-012,MULTI,FedEx Ground,GROUND
ORD-1209140,2025-05-24,13:30:16,SKU-02125,2,A-01R-020-2-B,PKR-009,MULTI,FedEx Ground,GROUND
ORD-1209254,2025-05-24,06:11:15,SKU-02509,2,B-01L-020-5-A,PKR-031,MULTI,UPS Ground,GROUND
ORD-1210010,2025-05-24,08:18:54,SKU-02119,2,A-02R-008-5-B,PKR-010,MULTI,FedEx Ground,GROUND
ORD-1208047,2025-05-24,15:45:13,SKU-02851,2,B-02R-007-4-A,PKR-009,MULTI,UPS 2nd Day Air,GROUND
ORD-1210984,2025-05-24,18:15:32,SKU-04733,2,A-01R-018-1-A,PKR-026,MULTI,UPS Ground,GROUND
ORD-1208927,2025-05-24,13:31:43,SKU-03727,2,B-02R-023-4-A,PKR-031,MULTI,FedEx 2Day,STANDARD_OVERNIGHT
ORD-1208888,2025-05-24,18:26:25,SKU-00036,1,B-04R-004-4-A,PKR-032,MULTI,USPS Priority Mail,STANDARD_OVERNIGHT
ORD-1208823,2025-05-24,13:22:23,SKU-01121,1,B-04R-017-4-A,PKR-019,MULTI,USPS Priority Mail,GROUND
ORD-1218631,2025-05-26,09:55:41,SKU-04245,1,B-01R-001-1-A,PKR-020,MULTI,FedEx 2Day,GROUND
ORD-1216741,2025-05-26,11:30:30,SKU-03378,2,A-01L-004-4-B,PKR-005,SINGLE,FedEx Ground,PRIORITY_2D
ORD-1216027,2025-05-26,12:23:34,SKU-02668,1,A-01R-006-1-A,PKR-027,MULTI,FedEx 2Day,GROUND
ORD-1215037,2025-05-26,06:17:00,SKU-04350,2,D-01L-016-2-B,PKR-028,MULTI,FedEx 2Day,GROUND
ORD-1216268,2025-05-26,13:04:22,SKU-02509,2,B-01L-020-5-A,PKR-025,MULTI,FedEx Ground,GROUND
ORD-1215877,2025-05-26,16:22:08,SKU-00608,2,A-03R-011-2-B,PKR-003,SINGLE,UPS 2nd Day Air,GROUND
ORD-1213587,2025-05-26,07:54:42,SKU-04463,2,A-02R-010-3-B,PKR-017,MULTI,USPS Priority Mail,GROUND
ORD-1213349,2025-05-26,06:58:49,SKU-02585,1,A-01R-012-4-A,PKR-006,MULTI,FedEx 2Day,GROUND
ORD-1212591,2025-05-26,15:21:00,SKU-00353,1,A-04L-018-4-A,PKR-029,MULTI,UPS Ground,GROUND
ORD-1219720,2025-05-26,13:19:16,SKU-04328,2,A-02L-021-1-B,PKR-008,MULTI,UPS Ground,GROUND
ORD-1219782,2025-05-26,06:37:27,SKU-04710,1,A-02L-008-2-A,PKR-005,MULTI,FedEx Ground,GROUND
ORD-1218823,2025-05-26,13:18:27,SKU-04538,1,A-01R-001-1-B,PKR-015,SINGLE,UPS Ground,GROUND
ORD-1214573,2025-05-26,17:09:17,SKU-01525,2,E-04R-007-4-A,PKR-029,MULTI,UPS 2nd Day Air,GROUND
ORD-1218219,2025-05-26,10:26:53,SKU-00019,2,A-03R-001-1-A,PKR-007,MULTI,FedEx Ground,GROUND
ORD-1218388,2025-05-26,17:09:45,SKU-03496,2,B-01R-016-5-B,PKR-006,MULTI,UPS Ground,GROUND
ORD-1219817,2025-05-26,11:56:16,SKU-02676,1,B-02R-014-4-B,PKR-016,MULTI,UPS Ground,GROUND
ORD-1214081,2025-05-26,13:19:17,SKU-03587,2,A-02L-011-3-A,PKR-001,MULTI,UPS Ground,PRIORITY_2D
ORD-1217793,2025-05-26,21:39:05,SKU-02104,1,B-01R-002-1-A,PKR-001,MULTI,USPS Priority Mail,GROUND
ORD-1213476,2025-05-26,10:53:39,SKU-02363,2,A-01R-022-2-A,PKR-031,MULTI,USPS Priority Mail,GROUND
ORD-1215963,2025-05-26,09:49:31,SKU-03733,2,B-01L-003-4-A,PKR-025,MULTI,FedEx Ground,GROUND
ORD-1215801,2025-05-26,11:01:44,SKU-04041,2,A-02R-002-2-B,PKR-016,MULTI,UPS 2nd Day Air,STANDARD_OVERNIGHT
ORD-1217841,2025-05-26,20:18:36,SKU-01339,2,B-04R-005-2-A,PKR-023,MULTI,UPS Ground,GROUND
ORD-1213520,2025-05-26,06:17:01,SKU-00872,2,A-04L-005-1-A,PKR-019,MULTI,UPS Ground,GROUND
ORD-1214858,2025-05-26,11:12:26,SKU-04527,1,D-02L-026-5-B,PKR-001,MULTI,UPS Ground,GROUND
ORD-1214398,2025-05-26,14:20:52,SKU-00910,2,B-04R-014-3-A,PKR-024,SINGLE,UPS Ground,GROUND
ORD-1212884,2025-05-26,12:28:14,SKU-00449,1,B-03R-011-1-B,PKR-010,MULTI,UPS Ground,GROUND
ORD-1215831,2025-05-26,09:52:22,SKU-01721,1,A-04L-015-4-B,PKR-031,MULTI,UPS Ground,GROUND
ORD-1215229,2025-05-26,07:21:49,SKU-01121,1,B-04R-017-4-A,PKR-006,MULTI,UPS 2nd Day Air,GROUND
ORD-1212520,2025-05-26,14:22:49,SKU-00376,1,B-04L-004-2-B,PKR-020,MULTI,USPS Priority Mail,GROUND
ORD-1218568,2025-05-26,20:14:17,SKU-03940,1,A-01R-016-3-B,PKR-011,MULTI,FedEx Ground,GROUND
ORD-1217415,2025-05-26,12:56:42,SKU-01490,1,B-04R-009-1-A,PKR-005,MULTI,UPS Ground,GROUND
ORD-1212740,2025-05-26,07:04:20,SKU-04041,2,A-02R-002-2-B,PKR-003,MULTI,FedEx Ground,PRIORITY_2D
ORD-1216313,2025-05-26,15:25:12,SKU-02584,2,A-02L-003-1-B,PKR-008,MULTI,FedEx Ground,GROUND
ORD-1214019,2025-05-26,20:09:23,SKU-00376,2,B-04L-004-2-B,PKR-002,SINGLE,FedEx Ground,GROUND
ORD-1214263,2025-05-26,20:46:06,SKU-00872,2,A-04L-005-1-A,PKR-013,MULTI,UPS Ground,GROUND
ORD-1214662,2025-05-26,18:52:41,SKU-01038,2,D-04R-002-3-B,PKR-005,MULTI,UPS Ground,STANDARD_OVERNIGHT
ORD-1219843,2025-05-26,08:03:10,SKU-04860,1,C-01R-022-2-B,PKR-027,MULTI,UPS Ground,STANDARD_OVERNIGHT
ORD-1217017,2025-05-26,19:39:24,SKU-02104,1,B-01R-002-1-A,PKR-014,MULTI,UPS Ground,PRIORITY_2D
ORD-1217980,2025-05-26,10:42:19,SKU-02366,1,A-01R-020-4-A,PKR-001,SINGLE,UPS Ground,GROUND
ORD-1216140,2025-05-26,19:28:40,SKU-04328,2,A-02L-021-1-B,PKR-005,MULTI,FedEx Ground,GROUND
ORD-1214138,2025-05-26,11:22:00,SKU-00251,2,B-03R-014-3-B,PKR-013,MULTI,USPS Priority Mail,GROUND
ORD-1217824,2025-05-26,11:39:27,SKU-02366,2,A-01R-020-4-A,PKR-017,MULTI,UPS Ground,GROUND
ORD-1218726,2025-05-26,09:52:07,SKU-04691,1,C-01R-009-3-B,PKR-001,MULTI,USPS Priority Mail,PRIORITY_2D
ORD-1216803,2025-05-26,07:43:32,SKU-01490,1,B-04R-009-1-A,PKR-015,MULTI,FedEx Ground,GROUND
ORD-1212413,2025-05-26,12:23:35,SKU-04457,2,A-01L-020-2-B,PKR-001,MULTI,USPS Priority Mail,PRIORITY_2D
ORD-1214878,2025-05-26,06:09:52,SKU-04041,2,A-02R-002-2-B,PKR-010,MULTI,FedEx 2Day,GROUND
ORD-1213769,2025-05-26,07:05:56,SKU-00993,1,A-03L-015-4-B,PKR-007,MULTI,FedEx Ground,PRIORITY_2D
ORD-1215911,2025-05-26,14:43:38,SKU-02747,1,A-01R-022-3-A,PKR-029,MULTI,USPS Priority Mail,GROUND
ORD-1218284,2025-05-26,13:09:28,SKU-02564,2,C-01L-011-5-B,PKR-001,MULTI,UPS Ground,GROUND
ORD-1212325,2025-05-26,15:53:29,SKU-01937,1,A-03L-004-3-B,PKR-030,MULTI,UPS 2nd Day Air,GROUND
ORD-1217797,2025-05-26,14:45:56,SKU-02709,2,D-01R-015-4-A,PKR-031,MULTI,UPS 2nd Day Air,PRIORITY_2D
ORD-1212768,2025-05-26,10:19:28,SKU-00099,2,B-04L-002-2-A,PKR-005,MULTI,UPS 2nd Day Air,PRIORITY_2D
ORD-1218021,2025-05-26,12:26:26,SKU-01443,2,B-04R-019-3-B,PKR-020,MULTI,FedEx 2Day,PRIORITY_2D
ORD-1216715,2025-05-26,16:42:00,SKU-02050,2,C-02L-007-1-A,PKR-025,MULTI,FedEx Ground,GROUND
ORD-1215381,2025-05-26,15:48:32,SKU-04328,2,A-02L-021-1-B,PKR-002,MULTI,USPS Priority Mail,GROUND
ORD-1219328,2025-05-26,06:40:16,SKU-04457,2,A-01L-020-2-B,PKR-014,MULTI,USPS Priority Mail,PRIORITY_2D
ORD-1212663,2025-05-26,09:05:15,SKU-04328,1,A-02L-021-1-B,PKR-004,MULTI,USPS Priority Mail,GROUND
ORD-1214646,2025-05-26,07:11:24,SKU-02170,2,A-02R-011-5-B,PKR-029,MULTI,UPS Ground,GROUND
ORD-1219351,2025-05-26,10:32:19,SKU-02034,1,A-02L-014-4-B,PKR-030,MULTI,FedEx Ground,GROUND
ORD-1217249,2025-05-26,20:15:23,SKU-00239,2,A-04L-019-1-B,PKR-030,MULTI,USPS Priority Mail,GROUND
ORD-1218026,2025-05-26,11:26:24,SKU-03727,1,B-02R-023-4-A,PKR-010,MULTI,USPS Priority Mail,GROUND
ORD-1214724,2025-05-26,07:37:34,SKU-04608,2,A-02L-025-1-B,PKR-010,MULTI,UPS Ground,GROUND
ORD-1213887,2025-05-26,11:12:04,SKU-04328,2,A-02L-021-1-B,PKR-005,MULTI,UPS Ground,GROUND
ORD-1218967,2025-05-26,19:55:54,SKU-02859,2,A-01L-018-3-A,PKR-032,MULTI,USPS Priority Mail,STANDARD_OVERNIGHT
ORD-1218597,2025-05-26,09:11:29,SKU-04328,1,A-02L-021-1-B,PKR-031,MULTI,FedEx Ground,GROUND
ORD-1212984,2025-05-26,12:50:55,SKU-01746,2,B-03L-008-2-B,PKR-012,MULTI,USPS Priority Mail,GROUND
ORD-1216974,2025-05-26,07:21:05,SKU-04116,2,B-02L-002-3-A,PKR-030,MULTI,USPS Priority Mail,STANDARD_OVERNIGHT
ORD-1214229,2025-05-26,19:41:08,SKU-00635,2,E-04R-014-4-A,PKR-028,MULTI,FedEx 2Day,PRIORITY_2D
ORD-1213166,2025-05-26,07:07:57,SKU-03554,1,C-02L-010-3-A,PKR-030,MULTI,UPS 2nd Day Air,STANDARD_OVERNIGHT
ORD-1218713,2025-05-26,13:49:00,SKU-00872,1,A-04L-005-1-A,PKR-007,MULTI,UPS Ground,GROUND
ORD-1217931,2025-05-26,12:16:30,SKU-02366,1,A-01R-020-4-A,PKR-032,MULTI,FedEx Ground,GROUND
ORD-1217266,2025-05-26,08:12:35,SKU-04528,1,B-02R-014-3-B,PKR-032,MULTI,USPS Priority Mail,STANDARD_OVERNIGHT
ORD-1213337,2025-05-26,17:08:12,SKU-03629,2,E-01L-021-1-A,PKR-003,MULTI,FedEx Ground,GROUND
ORD-1215429,2025-05-26,13:22:57,SKU-01857,2,A-04R-005-1-A,PKR-003,MULTI,UPS Ground,GROUND
ORD-1212615,2025-05-26,11:33:17,SKU-01873,2,B-03R-018-4-A,PKR-017,MULTI,USPS Priority Mail,GROUND
ORD-1217408,2025-05-26,09:06:18,SKU-02366,2,A-01R-020-4-A,PKR-018,MULTI,UPS Ground,STANDARD_OVERNIGHT
ORD-1216198,2025-05-26,21:24:00,SKU-04041,2,A-02R-002-2-B,PKR-002,MULTI,USPS Priority Mail,GROUND
ORD-1214415,2025-05-26,13:28:38,SKU-04370,2,A-02R-026-5-A,PKR-020,MULTI,UPS Ground,GROUND
ORD-1215316,2025-05-26,12:41:38,SKU-04025,1,C-01L-004-5-A,PKR-022,MULTI,FedEx 2Day,PRIORITY_2D
ORD-1217094,2025-05-26,14:34:53,SKU-02828,1,A-02L-007-2-A,PKR-007,MULTI,UPS Ground,GROUND
ORD-1212200,2025-05-26,19:04:42,SKU-00838,2,A-03L-009-1-B,PKR-028,SINGLE,UPS Ground,GROUND
ORD-1212507,2025-05-26,11:51:25,SKU-04865,2,A-01R-011-4-B,PKR-018,MULTI,USPS Priority Mail,PRIORITY_2D
ORD-1219277,2025-05-26,08:47:49,SKU-01490,1,B-04R-009-1-A,PKR-026,MULTI,FedEx Ground,GROUND
ORD-1214166,2025-05-26,09:16:16,SKU-02609,1,C-01R-013-1-B,PKR-018,MULTI,FedEx Ground,GROUND
ORD-1216705,2025-05-26,14:41:06,SKU-03005,1,C-02R-005-4-A,PKR-009,MULTI,FedEx 2Day,PRIORITY_2D
ORD-1213084,2025-05-26,14:13:42,SKU-00357,2,D-04L-020-4-B,PKR-010,MULTI,FedEx Ground,STANDARD_OVERNIGHT
ORD-1215232,2025-05-26,17:09:42,SKU-03095,1,B-01L-010-3-A,PKR-004,MULTI,FedEx 2Day,GROUND
ORD-1217519,2025-05-26,08:55:20,SKU-02973,1,B-01R-015-1-A,PKR-009,MULTI,UPS Ground,STANDARD_OVERNIGHT
ORD-1219676,2025-05-26,08:35:25,SKU-03031,1,C-02R-009-2-A,PKR-003,MULTI,USPS Priority Mail,GROUND
ORD-1218008,2025-05-26,14:02:36,SKU-01749,1,A-04L-006-1-A,PKR-022,MULTI,FedEx Ground,PRIORITY_2D
ORD-1219890,2025-05-26,21:50:45,SKU-01204,2,A-03R-016-1-B,PKR-014,MULTI,FedEx 2Day,GROUND
ORD-1212526,2025-05-26,14:53:19,SKU-02681,1,A-01R-018-4-B,PKR-006,MULTI,FedEx Ground,GROUND
ORD-1215723,2025-05-26,11:13:27,SKU-02085,2,D-02R-008-1-A,PKR-032,MULTI,UPS Ground,STANDARD_OVERNIGHT
ORD-1216154,2025-05-26,20:15:36,SKU-04328,1,A-02L-021-1-B,PKR-018,MULTI,USPS Priority Mail,GROUND
ORD-1212634,2025-05-26,11:03:26,SKU-04328,2,A-02L-021-1-B,PKR-027,MULTI,USPS Priority Mail,GROUND
ORD-1218291,2025-05-26,06:17:40,SKU-02366,1,A-01R-020-4-A,PKR-023,MULTI,FedEx Ground,GROUND
ORD-1216697,2025-05-26,06:30:33,SKU-00432,1,E-03R-002-4-A,PKR-004,MULTI,FedEx Ground,GROUND
ORD-1217081,2025-05-26,15:11:27,SKU-04041,1,A-02R-002-2-B,PKR-023,MULTI,FedEx 2Day,STANDARD_OVERNIGHT
ORD-1215280,2025-05-26,14:55:49,SKU-04328,1,A-02L-021-1-B,PKR-006,MULTI,FedEx Ground,GROUND
ORD-1214833,2025-05-26,07:23:20,SKU-01229,2,A-03R-008-1-B,PKR-025,MULTI,FedEx Ground,GROUND
ORD-1216928,2025-05-26,07:48:42,SKU-03055,1,C-01R-013-5-A,PKR-015,MULTI,FedEx Ground,GROUND
ORD-1217367,2025-05-26,07:04:52,SKU-04890,1,A-02R-006-5-B,PKR-029,MULTI,UPS 2nd Day Air,GROUND
ORD-1215400,2025-05-26,18:13:06,SKU-00871,2,A-03R-010-4-B,PKR-016,MULTI,FedEx Ground,PRIORITY_2D
ORD-1216699,2025-05-26,13:29:11,SKU-02085,1,D-02R-008-1-A,PKR-006,MULTI,FedEx Ground,GROUND
ORD-1219177,2025-05-26,16:59:11,SKU-03465,1,B-01R-013-4-A,PKR-024,MULTI,UPS Ground,GROUND
ORD-1213164,2025-05-26,19:30:21,SKU-04459,1,A-01R-024-1-A,PKR-019,MULTI,FedEx Ground,GROUND
ORD-1217180,2025-05-26,06:47:02,SKU-02157,2,C-02R-019-2-A,PKR-004,MULTI,FedEx Ground,GROUND
ORD-1216711,2025-05-26,10:10:42,SKU-02142,2,C-01R-017-2-B,PKR-023,MULTI,USPS Priority Mail,GROUND
ORD-1212935,2025-05-26,14:21:44,SKU-02908,2,B-02L-005-3-A,PKR-024,MULTI,FedEx Ground,GROUND
ORD-1218376,2025-05-26,16:51:12,SKU-02185,2,C-01R-009-4-B,PKR-011,MULTI,FedEx Ground,STANDARD_OVERNIGHT
ORD-1219266,2025-05-26,10:25:27,SKU-03496,2,B-01R-016-5-B,PKR-003,SINGLE,FedEx Ground,GROUND
ORD-1216300,2025-05-26,15:49:32,SKU-00084,2,A-03L-015-3-A,PKR-015,SINGLE,FedEx Ground,GROUND
ORD-1216810,2025-05-26,16:51:02,SKU-01960,1,D-04L-009-4-A,PKR-010,MULTI,UPS Ground,STANDARD_OVERNIGHT
ORD-1213965,2025-05-26,10:44:59,SKU-02339,2,D-02R-023-4-A,PKR-011,MULTI,FedEx Ground,GROUND
ORD-1217707,2025-05-26,18:26:54,SKU-03248,2,C-01L-023-2-B,PKR-003,MULTI,UPS Ground,GROUND
ORD-1213391,2025-05-26,21:03:13,SKU-01137,1,A-03L-008-3-B,PKR-008,MULTI,UPS Ground,GROUND
ORD-1212152,2025-05-26,14:20:29,SKU-03881,1,B-02R-002-4-A,PKR-021,MULTI,FedEx Ground,GROUND
ORD-1212517,2025-05-26,08:04:50,SKU-02238,2,B-01R-020-4-A,PKR-023,MULTI,UPS 2nd Day Air,GROUND
ORD-1217035,2025-05-26,14:52:07,SKU-04328,2,A-02L-021-1-B,PKR-013,MULTI,FedEx 2Day,GROUND
ORD-1213004,2025-05-26,11:49:43,SKU-00468,1,E-04L-013-4-B,PKR-028,MULTI,USPS Priority Mail,STANDARD_OVERNIGHT
ORD-1213094,2025-05-26,09:28:48,SKU-01140,2,C-04R-014-1-B,PKR-024,MULTI,UPS 2nd Day Air,GROUND
ORD-1218359,2025-05-26,16:20:31,SKU-01121,2,B-04R-017-4-A,PKR-003,MULTI,FedEx 2Day,GROUND
ORD-1213612,2025-05-26,12:34:14,SKU-04328,1,A-02L-021-1-B,PKR-026,MULTI,FedEx Ground,GROUND
ORD-1212259,2025-05-26,07:50:32,SKU-03701,2,C-02L-023-5-A,PKR-032,MULTI,USPS Priority Mail,GROUND
ORD-1213439,2025-05-26,20:36:46,SKU-02366,2,A-01R-020-4-A,PKR-018,MULTI,FedEx Ground,GROUND
ORD-1219230,2025-05-26,07:22:43,SKU-04959,2,B-01L-008-1-B,PKR-014,MULTI,FedEx 2Day,STANDARD_OVERNIGHT
ORD-1218386,2025-05-26,10:52:12,SKU-00793,1,B-03L-008-4-B,PKR-026,MULTI,UPS Ground,PRIORITY_2D
ORD-1218753,2025-05-26,10:40:29,SKU-04328,2,A-02L-021-1-B,PKR-025,MULTI,USPS Priority Mail,GROUND
ORD-1216173,2025-05-26,14:37:34,SKU-02194,2,C-01R-001-2-A,PKR-025,MULTI,USPS Priority Mail,GROUND
ORD-1215503,2025-05-26,13:50:22,SKU-04041,1,A-02R-002-2-B,PKR-012,MULTI,FedEx Ground,GROUND
ORD-1219833,2025-05-26,06:49:21,SKU-02366,2,A-01R-020-4-A,PKR-005,MULTI,FedEx Ground,GROUND
ORD-1212937,2025-05-26,07:12:12,SKU-00397,2,C-04L-006-4-A,PKR-008,MULTI,FedEx Ground,GROUND
ORD-1213422,2025-05-26,19:13:45,SKU-02677,1,B-01R-002-4-A,PKR-015,MULTI,FedEx Ground,GROUND
ORD-1213989,2025-05-26,06:16:20,SKU-04041,2,A-02R-002-2-B,PKR-024,MULTI,UPS 2nd Day Air,STANDARD_OVERNIGHT
ORD-1215114,2025-05-26,10:29:45,SKU-04328,2,A-02L-021-1-B,PKR-028,MULTI,UPS Ground,STANDARD_OVERNIGHT
ORD-1213637,2025-05-26,21:07:31,SKU-04133,2,A-02L-023-4-B,PKR-019,MULTI,FedEx 2Day,GROUND
ORD-1214325,2025-05-26,17:19:07,SKU-01145,2,C-04L-004-3-B,PKR-017,MULTI,UPS Ground,STANDARD_OVERNIGHT
ORD-1218470,2025-05-26,09:11:23,SKU-00164,2,D-03R-009-4-B,PKR-014,MULTI,FedEx Ground,GROUND
ORD-1219637,2025-05-26,15:49:28,SKU-03727,2,B-02R-023-4-A,PKR-032,MULTI,FedEx Ground,GROUND
ORD-1212208,2025-05-26,11:08:55,SKU-04041,2,A-02R-002-2-B,PKR-023,MULTI,UPS Ground,GROUND
ORD-1216355,2025-05-26,12:46:34,SKU-04328,2,A-02L-021-1-B,PKR-024,MULTI,FedEx Ground,PRIORITY_2D
ORD-1216412,2025-05-26,12:52:34,SKU-02366,2,A-01R-020-4-A,PKR-024,SINGLE,FedEx Ground,GROUND
ORD-1218267,2025-05-26,10:24:51,SKU-03727,2,B-02R-023-4-A,PKR-019,MULTI,FedEx 2Day,GROUND
ORD-1218630,2025-05-26,19:49:11,SKU-03088,2,E-01R-025-3-A,PKR-006,MULTI,FedEx Ground,GROUND
ORD-1217542,2025-05-26,19:01:43,SKU-00483,2,C-03L-009-3-A,PKR-014,MULTI,FedEx Ground,PRIORITY_2D
ORD-1213927,2025-05-26,10:57:28,SKU-02272,2,A-02R-002-5-A,PKR-029,MULTI,FedEx Ground,PRIORITY_2D
ORD-1213088,2025-05-26,15:18:36,SKU-02609,2,C-01R-013-1-B,PKR-019,MULTI,UPS Ground,GROUND
ORD-1212322,2025-05-26,09:34:37,SKU-01204,2,A-03R-016-1-B,PKR-009,MULTI,FedEx 2Day,GROUND
ORD-1212991,2025-05-26,11:37:33,SKU-01005,1,A-04R-013-1-B,PKR-010,MULTI,UPS Ground,GROUND
ORD-1218885,2025-05-26,17:04:05,SKU-04328,2,A-02L-021-1-B,PKR-010,MULTI,UPS Ground,STANDARD_OVERNIGHT
ORD-1212389,2025-05-26,21:22:45,SKU-04624,2,D-01R-008-5-B,PKR-026,MULTI,USPS Priority Mail,GROUND
ORD-1217049,2025-05-26,11:30:44,SKU-03345,2,C-01R-004-4-A,PKR-020,MULTI,UPS Ground,GROUND
ORD-1216821,2025-05-26,17:11:54,SKU-04328,1,A-02L-021-1-B,PKR-001,MULTI,FedEx Ground,STANDARD_OVERNIGHT
ORD-1217758,2025-05-26,08:47:25,SKU-00872,2,A-04L-005-1-A,PKR-010,MULTI,UPS Ground,GROUND
ORD-1213234,2025-05-26,11:11:57,SKU-03727,2,B-02R-023-4-A,PKR-001,MULTI,USPS Priority Mail,GROUND
ORD-1219260,2025-05-26,06:33:23,SKU-01407,2,A-04L-005-1-B,PKR-009,MULTI,UPS Ground,GROUND
ORD-1219255,2025-05-26,09:27:38,SKU-02913,2,B-01L-015-2-B,PKR-019,MULTI,UPS Ground,PRIORITY_2D
ORD-1213445,2025-05-26,12:30:48,SKU-00831,1,A-03R-004-3-B,PKR-014,MULTI,FedEx Ground,GROUND
ORD-1217610,2025-05-26,12:13:18,SKU-03276,2,A-02R-007-2-B,PKR-002,MULTI,FedEx Ground,GROUND
ORD-1219309,2025-05-26,17:16:54,SKU-00838,1,A-03L-009-1-B,PKR-032,MULTI,FedEx Ground,GROUND
ORD-1214831,2025-05-26,19:16:42,SKU-03032,1,A-02L-020-4-B,PKR-010,MULTI,FedEx Ground,GROUND
ORD-1213449,2025-05-26,14:52:12,SKU-02871,1,B-02L-022-1-B,PKR-003,MULTI,FedEx Ground,GROUND
ORD-1216032,2025-05-26,20:24:14,SKU-01803,1,B-03R-020-1-A,PKR-002,MULTI,USPS Priority Mail,GROUND
ORD-1219505,2025-05-26,16:45:14,SKU-04865,1,A-01R-011-4-B,PKR-005,MULTI,USPS Priority Mail,GROUND
ORD-1219992,2025-05-26,07:00:51,SKU-04878,2,B-01R-016-3-B,PKR-008,SINGLE,FedEx Ground,GROUND
ORD-1214241,2025-05-26,11:00:11,SKU-01170,1,A-03L-002-3-B,PKR-027,MULTI,USPS Priority Mail,PRIORITY_2D
ORD-1218636,2025-05-26,18:26:37,SKU-02050,2,C-02L-007-1-A,PKR-003,MULTI,UPS Ground,PRIORITY_2D
ORD-1217572,2025-05-26,14:13:31,SKU-00872,1,A-04L-005-1-A,PKR-015,MULTI,FedEx Ground,GROUND
ORD-1215036,2025-05-26,11:15:32,SKU-02979,2,C-02L-004-4-B,PKR-029,MULTI,FedEx Ground,PRIORITY_2D
ORD-1215376,2025-05-26,15:41:38,SKU-01721,1,A-04L-015-4-B,PKR-012,MULTI,UPS Ground,GROUND
ORD-1213806,2025-05-26,16:29:26,SKU-00355,2,D-04R-012-4-A,PKR-012,MULTI,UPS Ground,GROUND
ORD-1218499,2025-05-26,15:52:41,SKU-04608,2,A-02L-025-1-B,PKR-029,MULTI,UPS Ground,GROUND
ORD-1214612,2025-05-26,11:53:33,SKU-02937,2,C-02R-019-5-A,PKR-001,MULTI,UPS Ground,GROUND
ORD-1212387,2025-05-26,06:07:18,SKU-04328,1,A-02L-021-1-B,PKR-014,SINGLE,FedEx Ground,PRIORITY_2D
ORD-1212284,2025-05-26,11:18:30,SKU-02681,2,A-01R-018-4-B,PKR-005,MULTI,UPS Ground,GROUND
ORD-1215540,2025-05-26,10:25:11,SKU-04860,1,C-01R-022-2-B,PKR-025,MULTI,UPS Ground,GROUND
ORD-1218114,2025-05-26,16:40:29,SKU-02415,2,B-02L-004-4-A,PKR-012,MULTI,FedEx Ground,STANDARD_OVERNIGHT
ORD-1216603,2025-05-26,11:06:46,SKU-04865,1,A-01R-011-4-B,PKR-001,MULTI,UPS Ground,GROUND
ORD-1213616,2025-05-26,09:22:48,SKU-04435,2,A-02R-016-4-A,PKR-005,MULTI,FedEx Ground,GROUND
ORD-1212729,2025-05-26,06:40:34,SKU-04328,1,A-02L-021-1-B,PKR-002,MULTI,USPS Priority Mail,GROUND
ORD-1213531,2025-05-26,10:48:53,SKU-01612,2,D-03R-011-4-B,PKR-016,MULTI,USPS Priority Mail,GROUND
ORD-1218189,2025-05-26,13:37:37,SKU-04457,1,A-01L-020-2-B,PKR-031,MULTI,USPS Priority Mail,GROUND
ORD-1213462,2025-05-26,09:00:57,SKU-03727,1,B-02R-023-4-A,PKR-027,MULTI,FedEx 2Day,STANDARD_OVERNIGHT
ORD-1214803,2025-05-26,10:52:52,SKU-04779,2,C-01L-017-3-B,PKR-028,MULTI,UPS Ground,PRIORITY_2D
ORD-1214321,2025-05-26,19:22:59,SKU-00240,1,B-04L-009-4-B,PKR-021,MULTI,UPS Ground,PRIORITY_2D
ORD-1215213,2025-05-26,12:12:09,SKU-04041,2,A-02R-002-2-B,PKR-031,MULTI,USPS Priority Mail,GROUND
ORD-1219487,2025-05-26,21:01:37,SKU-01172,2,D-04R-015-1-B,PKR-024,MULTI,UPS Ground,GROUND
ORD-1216068,2025-05-26,16:49:04,SKU-02772,2,A-02R-012-5-A,PKR-025,MULTI,USPS Priority Mail,PRIORITY_2D
ORD-1216535,2025-05-26,12:10:20,SKU-01473,2,D-03L-014-3-B,PKR-001,MULTI,UPS Ground,GROUND
ORD-1217717,2025-05-26,19:10:13,SKU-01270,1,E-04R-018-1-A,PKR-004,MULTI,FedEx Ground,STANDARD_OVERNIGHT
ORD-1215406,2025-05-26,17:40:20,SKU-04608,1,A-02L-025-1-B,PKR-009,MULTI,UPS Ground,GROUND
ORD-1217174,2025-05-26,18:36:06,SKU-04347,1,B-02R-012-5-B,PKR-008,MULTI,FedEx Ground,GROUND
ORD-1214865,2025-05-26,21:42:11,SKU-04025,2,C-01L-004-5-A,PKR-023,MULTI,FedEx Ground,GROUND
ORD-1216294,2025-05-26,14:57:33,SKU-04688,2,C-01L-020-1-A,PKR-005,MULTI,FedEx Ground,GROUND
ORD-1216243,2025-05-26,11:37:59,SKU-02907,2,B-01L-012-2-A,PKR-023,MULTI,FedEx Ground,GROUND
ORD-1214565,2025-05-26,20:12:22,SKU-03018,2,C-02L-015-3-B,PKR-013,MULTI,USPS Priority Mail,GROUND
ORD-1216654,2025-05-26,09:08:39,SKU-00413,2,C-04R-008-3-B,PKR-006,MULTI,UPS Ground,GROUND
ORD-1213563,2025-05-26,09:00:23,SKU-03077,1,B-02L-012-4-B,PKR-032,MULTI,FedEx Ground,PRIORITY_2D
ORD-1216813,2025-05-26,19:28:43,SKU-00872,1,A-04L-005-1-A,PKR-025,MULTI,FedEx Ground,GROUND
ORD-1213780,2025-05-26,17:11:51,SKU-04733,1,A-01R-018-1-A,PKR-005,MULTI,UPS 2nd Day Air,GROUND
ORD-1219063,2025-05-26,06:33:53,SKU-02851,2,B-02R-007-4-A,PKR-003,MULTI,USPS Priority Mail,GROUND
ORD-1218916,2025-05-26,10:30:33,SKU-04800,1,C-01R-014-3-A,PKR-013,MULTI,FedEx Ground,STANDARD_OVERNIGHT
ORD-1218214,2025-05-26,21:53:14,SKU-00993,1,A-03L-015-4-B,PKR-011,MULTI,UPS Ground,PRIORITY_2D
ORD-1218571,2025-05-26,07:37:29,SKU-01134,1,E-03L-010-3-B,PKR-032,MULTI,FedEx Ground,PRIORITY_2D
ORD-1215101,2025-05-26,15:41:43,SKU-04370,2,A-02R-026-5-A,PKR-004,MULTI,UPS Ground,GROUND
ORD-1218990,2025-05-26,20:25:04,SKU-02309,2,A-01L-022-2-A,PKR-027,MULTI,FedEx Ground,GROUND
ORD-1216283,2025-05-26,06:10:42,SKU-04710,2,A-02L-008-2-A,PKR-032,MULTI,UPS Ground,PRIORITY_2D
ORD-1219569,2025-05-26,15:58:35,SKU-02609,1,C-01R-013-1-B,PKR-032,MULTI,FedEx Ground,GROUND
ORD-1213835,2025-05-26,20:30:51,SKU-04328,1,A-02L-021-1-B,PKR-005,MULTI,FedEx Ground,PRIORITY_2D
ORD-1218905,2025-05-26,06:28:34,SKU-04865,2,A-01R-011-4-B,PKR-008,MULTI,UPS Ground,GROUND
ORD-1216255,2025-05-26,08:54:57,SKU-00464,1,B-04L-018-2-A,PKR-007,MULTI,UPS 2nd Day Air,GROUND
ORD-1217972,2025-05-26,19:24:39,SKU-02045,2,B-01R-025-3-A,PKR-011,MULTI,UPS 2nd Day Air,GROUND
ORD-1227111,2025-05-27,07:08:18,SKU-04328,2,A-02L-021-1-B,PKR-017,MULTI,FedEx Ground,STANDARD_OVERNIGHT
ORD-1225599,2025-05-27,11:04:15,SKU-00857,1,C-03R-012-3-A,PKR-002,MULTI,UPS Ground,GROUND
ORD-1220539,2025-05-27,08:43:45,SKU-04328,2,A-02L-021-1-B,PKR-030,MULTI,FedEx 2Day,GROUND
ORD-1225675,2025-05-27,07:31:55,SKU-02185,2,C-01R-009-4-B,PKR-007,MULTI,UPS Ground,GROUND
ORD-1226533,2025-05-27,13:32:33,SKU-02903,2,B-01R-020-5-B,PKR-003,MULTI,UPS Ground,GROUND
ORD-1222789,2025-05-27,09:03:40,SKU-03868,1,B-02R-015-1-A,PKR-014,MULTI,USPS Priority Mail,PRIORITY_2D
ORD-1223742,2025-05-27,18:45:37,SKU-04984,2,B-02R-026-4-B,PKR-014,MULTI,FedEx 2Day,STANDARD_OVERNIGHT
ORD-1226094,2025-05-27,11:29:57,SKU-04308,1,B-02R-019-4-A,PKR-006,MULTI,USPS Priority Mail,STANDARD_OVERNIGHT
ORD-1225894,2025-05-27,14:25:05,SKU-00166,1,E-03L-010-1-B,PKR-017,MULTI,FedEx 2Day,GROUND
ORD-1220691,2025-05-27,15:13:07,SKU-00012,2,E-04L-012-3-B,PKR-032,MULTI,FedEx Ground,GROUND
ORD-1226253,2025-05-27,07:02:03,SKU-02104,2,B-01R-002-1-A,PKR-028,MULTI,FedEx 2Day,GROUND
ORD-1223690,2025-05-27,16:19:28,SKU-04328,1,A-02L-021-1-B,PKR-004,MULTI,FedEx 2Day,GROUND
ORD-1227198,2025-05-27,19:10:09,SKU-04025,2,C-01L-004-5-A,PKR-016,MULTI,FedEx Ground,GROUND
ORD-1223480,2025-05-27,10:32:26,SKU-04998,2,D-01L-024-2-A,PKR-003,MULTI,FedEx 2Day,PRIORITY_2D
ORD-1223208,2025-05-27,12:30:46,SKU-03496,2,B-01R-016-5-B,PKR-031,MULTI,UPS Ground,PRIORITY_2D
ORD-1224678,2025-05-27,15:55:29,SKU-00239,1,A-04L-019-1-B,PKR-006,MULTI,USPS Priority Mail,GROUND
ORD-1224728,2025-05-27,19:05:28,SKU-04959,1,B-01L-008-1-B,PKR-017,MULTI,FedEx Ground,STANDARD_OVERNIGHT
ORD-1224622,2025-05-27,20:05:56,SKU-01121,1,B-04R-017-4-A,PKR-020,MULTI,UPS Ground,GROUND
ORD-1227865,2025-05-27,20:23:12,SKU-03250,1,A-01R-001-3-A,PKR-021,MULTI,UPS Ground,GROUND
ORD-1221511,2025-05-27,18:28:40,SKU-00872,1,A-04L-005-1-A,PKR-028,MULTI,FedEx Ground,PRIORITY_2D
ORD-1225858,2025-05-27,07:13:36,SKU-00974,1,A-03L-013-3-B,PKR-030,MULTI,UPS Ground,GROUND
ORD-1220255,2025-05-27,20:37:44,SKU-00815,1,C-04L-011-3-B,PKR-026,MULTI,UPS Ground,GROUND
ORD-1227587,2025-05-27,11:22:24,SKU-03993,1,B-02L-018-2-B,PKR-017,MULTI,UPS 2nd Day Air,GROUND
ORD-1221239,2025-05-27,21:24:05,SKU-02291,2,D-01R-026-1-A,PKR-018,MULTI,UPS Ground,GROUND
ORD-1227520,2025-05-27,12:36:10,SKU-02281,2,A-01L-025-3-B,PKR-032,MULTI,FedEx Ground,GROUND
ORD-1222520,2025-05-27,15:59:15,SKU-02956,2,A-01L-011-1-A,PKR-025,MULTI,FedEx Ground,STANDARD_OVERNIGHT
ORD-1223587,2025-05-27,17:07:56,SKU-03727,2,B-02R-023-4-A,PKR-005,MULTI,USPS Priority Mail,GROUND
ORD-1221699,2025-05-27,19:07:39,SKU-02085,2,D-02R-008-1-A,PKR-026,MULTI,FedEx Ground,GROUND
ORD-1225446,2025-05-27,19:51:55,SKU-00872,2,A-04L-005-1-A,PKR-019,MULTI,UPS Ground,GROUND
ORD-1225852,2025-05-27,20:14:32,SKU-02496,2,B-02L-025-1-B,PKR-017,MULTI,UPS Ground,GROUND
ORD-1223158,2025-05-27,17:19:39,SKU-01490,2,B-04R-009-1-A,PKR-023,MULTI,UPS 2nd Day Air,GROUND
ORD-1220545,2025-05-27,09:37:29,SKU-02585,2,A-01R-012-4-A,PKR-017,MULTI,UPS Ground,GROUND
ORD-1225186,2025-05-27,17:57:54,SKU-02691,1,D-02R-015-4-A,PKR-031,MULTI,FedEx 2Day,GROUND
ORD-1224460,2025-05-27,10:40:12,SKU-02104,2,B-01R-002-1-A,PKR-019,MULTI,FedEx Ground,GROUND
ORD-1226969,2025-05-27,19:16:02,SKU-04571,2,C-01R-019-4-A,PKR-025,MULTI,UPS Ground,PRIORITY_2D
ORD-1223105,2025-05-27,14:59:56,SKU-04768,1,A-01R-021-2-A,PKR-027,MULTI,FedEx Ground,GROUND
ORD-1227360,2025-05-27,19:03:19,SKU-03511,1,C-02R-015-1-B,PKR-014,MULTI,FedEx Ground,GROUND
ORD-1223794,2025-05-27,17:17:12,SKU-03727,2,B-02R-023-4-A,PKR-004,MULTI,UPS Ground,GROUND
ORD-1225123,2025-05-27,08:43:29,SKU-02050,2,C-02L-007-1-A,PKR-007,MULTI,USPS Priority Mail,GROUND
ORD-1223010,2025-05-27,06:02:06,SKU-02366,2,A-01R-020-4-A,PKR-018,MULTI,FedEx Ground,GROUND
ORD-1222661,2025-05-27,21:00:50,SKU-02908,2,B-02L-005-3-A,PKR-016,MULTI,USPS Priority Mail,GROUND
ORD-1220787,2025-05-27,08:53:19,SKU-01331,1,A-03R-003-4-B,PKR-025,MULTI,USPS Priority Mail,GROUND
ORD-1226631,2025-05-27,20:20:39,SKU-04865,2,A-01R-011-4-B,PKR-031,MULTI,FedEx Ground,GROUND
ORD-1225939,2025-05-27,09:25:40,SKU-02202,2,C-01R-025-1-B,PKR-002,MULTI,UPS Ground,GROUND
ORD-1226380,2025-05-27,14:44:48,SKU-02828,2,A-02L-007-2-A,PKR-005,MULTI,FedEx Ground,GROUND
ORD-1227321,2025-05-27,19:15:45,SKU-00293,2,C-03L-006-1-A,PKR-015,MULTI,UPS 2nd Day Air,GROUND
ORD-1226677,2025-05-27,12:04:51,SKU-04347,1,B-02R-012-5-B,PKR-013,MULTI,UPS 2nd Day Air,GROUND
ORD-1226137,2025-05-27,11:53:01,SKU-03328,2,B-02L-023-1-A,PKR-022,MULTI,UPS Ground,GROUND
ORD-1224590,2025-05-27,15:29:49,SKU-02241,2,D-02L-004-2-A,PKR-021,MULTI,FedEx Ground,GROUND
ORD-1225533,2025-05-27,07:00:04,SKU-04608,2,A-02L-025-1-B,PKR-004,MULTI,UPS Ground,STANDARD_OVERNIGHT
ORD-1222747,2025-05-27,16:16:33,SKU-03584,1,B-02R-023-1-B,PKR-030,MULTI,FedEx Ground,GROUND
ORD-1225660,2025-05-27,12:30:28,SKU-02047,2,B-02R-026-3-A,PKR-032,MULTI,FedEx Ground,GROUND
ORD-1226718,2025-05-27,18:29:37,SKU-02683,2,D-02R-016-4-B,PKR-007,MULTI,USPS Priority Mail,PRIORITY_2D
ORD-1226759,2025-05-27,07:15:17,SKU-04524,2,C-02L-002-5-A,PKR-020,MULTI,USPS Priority Mail,GROUND
ORD-1221032,2025-05-27,17:08:33,SKU-03727,1,B-02R-023-4-A,PKR-028,MULTI,FedEx Ground,PRIORITY_2D
ORD-1225643,2025-05-27,13:36:02,SKU-02104,2,B-01R-002-1-A,PKR-005,MULTI,UPS Ground,GROUND
ORD-1225917,2025-05-27,13:38:28,SKU-04608,2,A-02L-025-1-B,PKR-017,MULTI,UPS Ground,GROUND
ORD-1224943,2025-05-27,09:19:46,SKU-03768,2,A-02R-006-1-A,PKR-032,MULTI,UPS Ground,PRIORITY_2D
ORD-1226661,2025-05-27,21:08:22,SKU-01850,2,A-04R-006-2-A,PKR-030,MULTI,USPS Priority Mail,GROUND
ORD-1225624,2025-05-27,14:51:45,SKU-04745,2,B-01R-013-5-A,PKR-008,SINGLE,UPS 2nd Day Air,GROUND
ORD-1220721,2025-05-27,16:16:01,SKU-00316,2,E-04R-019-3-A,PKR-008,MULTI,FedEx Ground,PRIORITY_2D
ORD-1225632,2025-05-27,09:54:12,SKU-02976,2,C-01L-025-4-A,PKR-004,MULTI,UPS Ground,STANDARD_OVERNIGHT
ORD-1224471,2025-05-27,13:30:32,SKU-02512,2,B-02L-023-2-B,PKR-012,MULTI,UPS Ground,GROUND
ORD-1222224,2025-05-27,08:23:04,SKU-01019,2,B-03R-014-1-A,PKR-007,MULTI,USPS Priority Mail,GROUND
ORD-1220727,2025-05-27,15:00:14,SKU-04938,2,C-01L-014-2-A,PKR-023,MULTI,USPS Priority Mail,GROUND
ORD-1226473,2025-05-27,12:45:00,SKU-00483,2,C-03L-009-3-A,PKR-031,MULTI,UPS Ground,GROUND
ORD-1223036,2025-05-27,13:13:23,SKU-02013,2,C-01R-022-1-A,PKR-021,MULTI,FedEx Ground,GROUND
ORD-1220068,2025-05-27,06:13:42,SKU-01537,2,D-03L-019-4-A,PKR-032,MULTI,USPS Priority Mail,STANDARD_OVERNIGHT
ORD-1222909,2025-05-27,15:13:41,SKU-04767,2,B-01L-007-2-B,PKR-028,MULTI,UPS Ground,GROUND
ORD-1226582,2025-05-27,09:07:27,SKU-02050,2,C-02L-007-1-A,PKR-023,MULTI,UPS Ground,PRIORITY_2D
ORD-1226200,2025-05-27,18:07:27,SKU-03077,2,B-02L-012-4-B,PKR-012,MULTI,UPS Ground,GROUND
ORD-1222692,2025-05-27,20:11:56,SKU-02584,2,A-02L-003-1-B,PKR-027,SINGLE,USPS Priority Mail,GROUND
ORD-1225679,2025-05-27,11:19:32,SKU-02609,2,C-01R-013-1-B,PKR-031,MULTI,USPS Priority Mail,PRIORITY_2D
ORD-1227238,2025-05-27,08:59:25,SKU-03465,1,B-01R-013-4-A,PKR-013,MULTI,USPS Priority Mail,PRIORITY_2D
ORD-1222559,2025-05-27,19:23:20,SKU-04595,1,D-01R-020-4-B,PKR-019,MULTI,FedEx Ground,GROUND
ORD-1227579,2025-05-27,17:13:31,SKU-00872,1,A-04L-005-1-A,PKR-001,MULTI,USPS Priority Mail,GROUND
ORD-1226976,2025-05-27,17:47:58,SKU-02104,2,B-01R-002-1-A,PKR-005,MULTI,FedEx 2Day,PRIORITY_2D
ORD-1226503,2025-05-27,07:11:35,SKU-00405,1,C-04R-011-1-A,PKR-021,MULTI,FedEx Ground,GROUND
ORD-1223178,2025-05-27,20:31:11,SKU-03496,1,B-01R-016-5-B,PKR-016,MULTI,UPS Ground,PRIORITY_2D
ORD-1224518,2025-05-27,07:37:28,SKU-00910,2,B-04R-014-3-A,PKR-027,MULTI,FedEx Ground,GROUND
ORD-1225119,2025-05-27,09:35:18,SKU-02908,2,B-02L-005-3-A,PKR-008,MULTI,FedEx 2Day,GROUND
ORD-1223941,2025-05-27,06:33:18,SKU-02585,1,A-01R-012-4-A,PKR-007,MULTI,UPS Ground,GROUND
ORD-1223562,2025-05-27,15:29:45,SKU-00701,1,A-04R-017-3-A,PKR-021,MULTI,FedEx 2Day,GROUND
ORD-1223234,2025-05-27,11:18:55,SKU-04879,2,D-02L-016-3-B,PKR-031,MULTI,UPS Ground,GROUND
ORD-1222821,2025-05-27,12:19:39,SKU-03918,1,B-01L-026-5-B,PKR-031,MULTI,USPS Priority Mail,GROUND
ORD-1226957,2025-05-27,20:55:07,SKU-02858,2,A-01R-006-4-B,PKR-003,MULTI,USPS Priority Mail,GROUND
ORD-1227287,2025-05-27,07:30:46,SKU-00288,1,C-03R-006-2-A,PKR-024,SINGLE,USPS Priority Mail,GROUND
ORD-1223232,2025-05-27,10:11:30,SKU-01121,2,B-04R-017-4-A,PKR-015,MULTI,UPS Ground,GROUND
ORD-1220257,2025-05-27,20:52:37,SKU-01552,2,A-04R-001-1-B,PKR-019,MULTI,USPS Priority Mail,PRIORITY_2D
ORD-1227717,2025-05-27,17:01:53,SKU-02016,2,A-02L-016-1-A,PKR-022,MULTI,FedEx Ground,GROUND
ORD-1221494,2025-05-27,11:17:08,SKU-04118,2,A-01L-010-3-B,PKR-020,MULTI,FedEx Ground,GROUND
ORD-1221376,2025-05-27,12:41:51,SKU-02960,2,C-02L-026-1-A,PKR-016,MULTI,FedEx Ground,PRIORITY_2D
ORD-1227093,2025-05-27,14:18:47,SKU-02272,2,A-02R-002-5-A,PKR-017,MULTI,UPS Ground,GROUND
ORD-1222570,2025-05-27,19:13:16,SKU-02824,1,B-01L-003-3-B,PKR-019,MULTI,FedEx Ground,GROUND
ORD-1220800,2025-05-27,13:37:30,SKU-03759,2,C-01L-001-5-A,PKR-013,MULTI,FedEx Ground,GROUND
ORD-1221389,2025-05-27,11:44:43,SKU-02772,2,A-02R-012-5-A,PKR-013,MULTI,UPS Ground,GROUND
ORD-1227978,2025-05-27,18:22:04,SKU-02407,2,A-01L-004-2-A,PKR-021,MULTI,UPS Ground,GROUND
ORD-1222613,2025-05-27,16:15:11,SKU-02632,2,B-01R-003-1-A,PKR-020,MULTI,FedEx Ground,GROUND
ORD-1226586,2025-05-27,14:00:05,SKU-02125,2,A-01R-020-2-B,PKR-006,MULTI,UPS Ground,GROUND
ORD-1220525,2025-05-27,17:15:20,SKU-01523,2,C-03R-020-3-A,PKR-019,MULTI,UPS 2nd Day Air,GROUND
ORD-1225877,2025-05-27,17:18:33,SKU-02990,1,A-01R-022-1-B,PKR-019,MULTI,FedEx Ground,GROUND
ORD-1227490,2025-05-27,15:54:33,SKU-04041,2,A-02R-002-2-B,PKR-018,MULTI,FedEx Ground,GROUND
ORD-1221828,2025-05-27,09:41:02,SKU-04559,2,E-02R-012-4-A,PKR-015,MULTI,UPS Ground,GROUND
ORD-1222700,2025-05-27,19:36:01,SKU-03727,1,B-02R-023-4-A,PKR-006,MULTI,FedEx Ground,GROUND
ORD-1221928,2025-05-27,19:34:41,SKU-04720,1,B-02L-015-3-A,PKR-002,MULTI,UPS Ground,GROUND
ORD-1227511,2025-05-27,15:57:09,SKU-03356,2,A-02L-015-2-A,PKR-030,MULTI,USPS Priority Mail,GROUND
ORD-1221373,2025-05-27,11:15:48,SKU-03881,1,B-02R-002-4-A,PKR-032,MULTI,FedEx Ground,PRIORITY_2D
ORD-1224005,2025-05-27,12:03:06,SKU-02913,2,B-01L-015-2-B,PKR-006,MULTI,USPS Priority Mail,GROUND
ORD-1220579,2025-05-27,18:40:02,SKU-00910,1,B-04R-014-3-A,PKR-022,MULTI,USPS Priority Mail,GROUND
ORD-1220745,2025-05-27,13:37:47,SKU-02104,1,B-01R-002-1-A,PKR-019,MULTI,USPS Priority Mail,GROUND
ORD-1220658,2025-05-27,17:19:06,SKU-02609,2,C-01R-013-1-B,PKR-018,SINGLE,FedEx Ground,GROUND
ORD-1223513,2025-05-27,09:52:35,SKU-00079,1,A-03R-013-2-B,PKR-020,MULTI,UPS Ground,GROUND
ORD-1226109,2025-05-27,08:10:44,SKU-01742,2,D-04L-006-2-B,PKR-030,MULTI,USPS Priority Mail,PRIORITY_2D
ORD-1227545,2025-05-27,07:24:24,SKU-02609,2,C-01R-013-1-B,PKR-017,MULTI,FedEx Ground,PRIORITY_2D
ORD-1226601,2025-05-27,15:38:42,SKU-04775,2,A-02R-001-5-B,PKR-025,MULTI,USPS Priority Mail,GROUND
ORD-1220291,2025-05-27,12:59:47,SKU-04328,1,A-02L-021-1-B,PKR-015,MULTI,FedEx Ground,GROUND
ORD-1224007,2025-05-27,15:51:52,SKU-04541,2,C-01L-023-4-B,PKR-004,MULTI,UPS 2nd Day Air,GROUND
ORD-1225568,2025-05-27,17:14:05,SKU-04041,2,A-02R-002-2-B,PKR-029,MULTI,UPS Ground,GROUND
ORD-1220260,2025-05-27,14:33:35,SKU-02085,1,D-02R-008-1-A,PKR-031,MULTI,UPS 2nd Day Air,GROUND
ORD-1220640,2025-05-27,12:37:10,SKU-02531,2,B-01L-024-2-A,PKR-008,MULTI,UPS Ground,GROUND
ORD-1224535,2025-05-27,17:35:35,SKU-00506,2,B-03R-016-3-B,PKR-008,MULTI,FedEx Ground,GROUND
ORD-1226092,2025-05-27,17:14:27,SKU-00025,2,B-03L-020-3-A,PKR-011,MULTI,UPS Ground,PRIORITY_2D
ORD-1224230,2025-05-27,08:20:34,SKU-01204,2,A-03R-016-1-B,PKR-026,MULTI,FedEx Ground,GROUND
ORD-1224066,2025-05-27,19:23:32,SKU-02272,2,A-02R-002-5-A,PKR-004,MULTI,FedEx Ground,GROUND
ORD-1226805,2025-05-27,07:35:52,SKU-04025,1,C-01L-004-5-A,PKR-025,MULTI,USPS Priority Mail,GROUND
ORD-1220106,2025-05-27,20:56:29,SKU-02508,2,C-02L-016-5-A,PKR-020,MULTI,UPS Ground,STANDARD_OVERNIGHT
ORD-1223918,2025-05-27,18:34:29,SKU-04328,1,A-02L-021-1-B,PKR-031,MULTI,FedEx Ground,GROUND
ORD-1227459,2025-05-27,12:04:53,SKU-02400,1,B-02L-025-2-B,PKR-025,MULTI,FedEx Ground,GROUND
ORD-1222072,2025-05-27,09:26:32,SKU-02266,2,A-01L-021-3-B,PKR-029,MULTI,FedEx Ground,GROUND
ORD-1225121,2025-05-27,09:11:28,SKU-04328,2,A-02L-021-1-B,PKR-032,MULTI,FedEx Ground,GROUND
ORD-1227867,2025-05-27,12:35:45,SKU-03049,1,C-02L-003-4-A,PKR-020,MULTI,FedEx Ground,PRIORITY_2D
ORD-1222010,2025-05-27,07:03:26,SKU-04328,1,A-02L-021-1-B,PKR-025,MULTI,FedEx Ground,GROUND
ORD-1225227,2025-05-27,21:59:55,SKU-04782,2,C-01L-004-3-A,PKR-024,MULTI,FedEx Ground,STANDARD_OVERNIGHT
ORD-1227201,2025-05-27,14:49:46,SKU-04328,2,A-02L-021-1-B,PKR-029,MULTI,USPS Priority Mail,GROUND
ORD-1222282,2025-05-27,12:41:02,SKU-02609,1,C-01R-013-1-B,PKR-031,MULTI,UPS Ground,GROUND
ORD-1221530,2025-05-27,08:00:40,SKU-04992,2,A-01R-020-3-A,PKR-014,MULTI,FedEx Ground,GROUND
ORD-1220421,2025-05-27,06:02:06,SKU-03545,1,E-01R-014-5-A,PKR-006,MULTI,UPS Ground,STANDARD_OVERNIGHT
ORD-1224908,2025-05-27,08:25:30,SKU-04041,2,A-02R-002-2-B,PKR-024,MULTI,USPS Priority Mail,GROUND
ORD-1225890,2025-05-27,09:19:07,SKU-03881,2,B-02R-002-4-A,PKR-018,MULTI,FedEx 2Day,PRIORITY_2D
ORD-1224527,2025-05-27,15:29:19,SKU-02937,2,C-02R-019-5-A,PKR-030,MULTI,USPS Priority Mail,GROUND
ORD-1222201,2025-05-27,08:11:34,SKU-00872,2,A-04L-005-1-A,PKR-030,MULTI,FedEx Ground,GROUND
ORD-1221496,2025-05-27,15:02:40,SKU-00544,2,A-04R-016-4-A,PKR-024,MULTI,UPS Ground,GROUND
ORD-1224015,2025-05-27,20:05:35,SKU-04328,1,A-02L-021-1-B,PKR-025,MULTI,FedEx Ground,GROUND
ORD-1221970,2025-05-27,19:54:57,SKU-00037,2,A-03L-004-3-A,PKR-024,MULTI,FedEx Ground,STANDARD_OVERNIGHT
ORD-1225456,2025-05-27,14:57:37,SKU-04878,2,B-01R-016-3-B,PKR-010,MULTI,UPS Ground,STANDARD_OVERNIGHT
ORD-1224424,2025-05-27,19:51:38,SKU-04328,1,A-02L-021-1-B,PKR-007,MULTI,USPS Priority Mail,GROUND
ORD-1225165,2025-05-27,19:05:43,SKU-04637,1,B-02L-003-1-A,PKR-004,MULTI,USPS Priority Mail,GROUND
ORD-1222685,2025-05-27,12:27:39,SKU-02125,2,A-01R-020-2-B,PKR-025,MULTI,UPS Ground,STANDARD_OVERNIGHT
ORD-1220139,2025-05-27,15:30:13,SKU-03823,2,C-02R-020-1-B,PKR-005,SINGLE,UPS Ground,GROUND
ORD-1222560,2025-05-27,20:35:32,SKU-04370,2,A-02R-026-5-A,PKR-015,MULTI,FedEx Ground,GROUND
ORD-1227506,2025-05-27,11:18:43,SKU-00017,2,B-03R-001-4-B,PKR-019,MULTI,UPS Ground,STANDARD_OVERNIGHT
ORD-1225842,2025-05-27,15:10:22,SKU-02191,2,A-01L-014-2-B,PKR-020,MULTI,FedEx Ground,GROUND
ORD-1224786,2025-05-27,10:09:50,SKU-03369,2,D-02L-005-5-B,PKR-011,MULTI,UPS Ground,GROUND
ORD-1223262,2025-05-27,08:22:09,SKU-02045,2,B-01R-025-3-A,PKR-026,MULTI,FedEx Ground,GROUND
ORD-1225439,2025-05-27,11:09:33,SKU-04041,1,A-02R-002-2-B,PKR-003,MULTI,UPS 2nd Day Air,GROUND
ORD-1227749,2025-05-27,06:47:57,SKU-04216,2,A-01L-017-4-A,PKR-003,MULTI,UPS Ground,GROUND
ORD-1221421,2025-05-27,20:09:59,SKU-04041,1,A-02R-002-2-B,PKR-014,MULTI,FedEx Ground,GROUND
ORD-1221860,2025-05-27,12:05:14,SKU-00397,2,C-04L-006-4-A,PKR-018,MULTI,FedEx Ground,GROUND
ORD-1225903,2025-05-27,19:30:02,SKU-00782,2,A-04L-015-2-B,PKR-005,MULTI,UPS Ground,GROUND
ORD-1226005,2025-05-27,18:32:44,SKU-04865,2,A-01R-011-4-B,PKR-029,MULTI,UPS Ground,GROUND
ORD-1220386,2025-05-27,19:25:25,SKU-04775,2,A-02R-001-5-B,PKR-015,MULTI,FedEx 2Day,GROUND
ORD-1224326,2025-05-27,18:05:27,SKU-04328,1,A-02L-021-1-B,PKR-019,MULTI,FedEx Ground,GROUND
ORD-1224455,2025-05-27,06:47:44,SKU-02104,2,B-01R-002-1-A,PKR-002,MULTI,FedEx Ground,PRIORITY_2D
ORD-1225496,2025-05-27,09:26:36,SKU-01040,2,B-04R-019-4-A,PKR-028,MULTI,UPS Ground,GROUND
ORD-1225130,2025-05-27,16:06:16,SKU-00430,2,B-04R-002-3-B,PKR-029,MULTI,USPS Priority Mail,GROUND
ORD-1225356,2025-05-27,21:26:45,SKU-04608,2,A-02L-025-1-B,PKR-009,MULTI,USPS Priority Mail,GROUND
ORD-1224471,2025-05-27,13:30:32,SKU-02963,2,C-01L-009-2-B,PKR-012,MULTI,UPS Ground,GROUND
ORD-1225040,2025-05-27,16:06:56,SKU-04328,2,A-02L-021-1-B,PKR-011,MULTI,UPS Ground,GROUND
ORD-1226913,2025-05-27,08:52:44,SKU-02908,2,B-02L-005-3-A,PKR-001,MULTI,FedEx Ground,GROUND
ORD-1224250,2025-05-27,19:37:35,SKU-02990,2,A-01R-022-1-B,PKR-021,MULTI,USPS Priority Mail,GROUND
ORD-1224964,2025-05-27,19:11:59,SKU-04370,2,A-02R-026-5-A,PKR-022,MULTI,UPS 2nd Day Air,STANDARD_OVERNIGHT
ORD-1220996,2025-05-27,11:26:46,SKU-02653,2,A-01R-014-3-B,PKR-013,MULTI,FedEx Ground,GROUND
ORD-1220198,2025-05-27,08:59:30,SKU-02125,1,A-01R-020-2-B,PKR-012,MULTI,UPS Ground,STANDARD_OVERNIGHT
ORD-1221452,2025-05-27,11:44:48,SKU-02859,2,A-01L-018-3-A,PKR-003,MULTI,USPS Priority Mail,GROUND
ORD-1223480,2025-05-27,10:32:26,SKU-01204,2,A-03R-016-1-B,PKR-003,MULTI,FedEx 2Day,PRIORITY_2D
ORD-1225011,2025-05-27,16:25:17,SKU-01410,2,C-04L-012-4-B,PKR-021,MULTI,UPS Ground,GROUND
ORD-1224965,2025-05-27,12:17:22,SKU-02166,2,E-01R-011-2-A,PKR-021,MULTI,UPS Ground,GROUND
ORD-1226871,2025-05-27,10:04:25,SKU-04353,2,B-02L-022-4-A,PKR-020,MULTI,UPS Ground,GROUND
ORD-1225486,2025-05-27,09:56:16,SKU-02609,2,C-01R-013-1-B,PKR-007,MULTI,USPS Priority Mail,GROUND
ORD-1223644,2025-05-27,10:32:23,SKU-02535,1,A-01R-022-4-A,PKR-015,MULTI,FedEx 2Day,GROUND
ORD-1224195,2025-05-27,20:48:07,SKU-00037,2,A-03L-004-3-A,PKR-023,MULTI,UPS Ground,GROUND
ORD-1224648,2025-05-27,15:20:29,SKU-02908,2,B-02L-005-3-A,PKR-010,MULTI,USPS Priority Mail,PRIORITY_2D
ORD-1222697,2025-05-27,21:52:49,SKU-00303,1,B-03L-008-1-A,PKR-032,MULTI,USPS Priority Mail,GROUND
ORD-1223404,2025-05-27,09:30:38,SKU-02509,2,B-01L-020-5-A,PKR-001,MULTI,FedEx Ground,GROUND
ORD-1220979,2025-05-27,14:29:34,SKU-00839,2,B-04R-011-4-B,PKR-011,MULTI,FedEx 2Day,STANDARD_OVERNIGHT
ORD-1226210,2025-05-27,18:03:46,SKU-03823,2,C-02R-020-1-B,PKR-012,MULTI,UPS Ground,GROUND
ORD-1223748,2025-05-27,20:48:03,SKU-02125,2,A-01R-020-2-B,PKR-027,MULTI,FedEx Ground,GROUND
ORD-1226491,2025-05-27,17:29:18,SKU-03881,2,B-02R-002-4-A,PKR-014,MULTI,UPS 2nd Day Air,PRIORITY_2D
ORD-1222968,2025-05-27,16:57:28,SKU-04041,2,A-02R-002-2-B,PKR-001,MULTI,USPS Priority Mail,PRIORITY_2D
ORD-1226330,2025-05-27,20:37:27,SKU-02266,2,A-01L-021-3-B,PKR-024,MULTI,FedEx Ground,GROUND
ORD-1227940,2025-05-27,13:16:22,SKU-02509,2,B-01L-020-5-A,PKR-030,MULTI,USPS Priority Mail,GROUND
ORD-1223381,2025-05-27,09:47:44,SKU-02618,2,B-02L-026-3-B,PKR-017,MULTI,UPS Ground,GROUND
ORD-1222384,2025-05-27,09:16:03,SKU-04328,2,A-02L-021-1-B,PKR-016,MULTI,UPS 2nd Day Air,PRIORITY_2D
ORD-1227716,2025-05-27,13:37:21,SKU-00170,2,A-03L-012-1-A,PKR-013,MULTI,FedEx Ground,GROUND
ORD-1225671,2025-05-27,06:05:58,SKU-02050,2,C-02L-007-1-A,PKR-018,MULTI,FedEx Ground,PRIORITY_2D
ORD-1223084,2025-05-27,13:43:10,SKU-03209,2,A-02R-022-2-B,PKR-017,MULTI,USPS Priority Mail,PRIORITY_2D
ORD-1225536,2025-05-27,13:40:16,SKU-02603,2,C-01L-014-4-A,PKR-012,MULTI,FedEx Ground,GROUND
ORD-1227030,2025-05-27,10:18:54,SKU-02908,2,B-02L-005-3-A,PKR-007,MULTI,FedEx Ground,GROUND
ORD-1222700,2025-05-27,19:36:01,SKU-03356,2,A-02L-015-2-A,PKR-006,MULTI,FedEx Ground,GROUND
ORD-1221412,2025-05-27,14:14:15,SKU-00483,2,C-03L-009-3-A,PKR-009,MULTI,UPS Ground,GROUND
ORD-1221001,2025-05-27,14:52:35,SKU-03159,2,A-02R-002-1-A,PKR-016,MULTI,FedEx Ground,GROUND
ORD-1226696,2025-05-27,10:48:59,SKU-00872,2,A-04L-005-1-A,PKR-031,MULTI,FedEx Ground,GROUND
ORD-1220825,2025-05-27,08:37:26,SKU-04328,2,A-02L-021-1-B,PKR-002,MULTI,USPS Priority Mail,GROUND
ORD-1227280,2025-05-27,08:09:00,SKU-04328,2,A-02L-021-1-B,PKR-009,MULTI,USPS Priority Mail,GROUND
ORD-1226224,2025-05-27,12:11:23,SKU-02509,2,B-01L-020-5-A,PKR-029,MULTI,USPS Priority Mail,GROUND
ORD-1226834,2025-05-27,15:53:16,SKU-02585,2,A-01R-012-4-A,PKR-018,MULTI,UPS 2nd Day Air,GROUND
ORD-1230199,2025-05-28,06:04:24,SKU-02389,2,D-02L-010-3-A,PKR-023,MULTI,FedEx Ground,GROUND
ORD-1229637,2025-05-28,08:56:59,SKU-04328,2,A-02L-021-1-B,PKR-014,MULTI,FedEx Ground,PRIORITY_2D
ORD-1233320,2025-05-28,18:54:57,SKU-02585,2,A-01R-012-4-A,PKR-001,MULTI,FedEx Ground,GROUND
ORD-1235219,2025-05-28,10:54:57,SKU-03207,1,C-01R-025-3-B,PKR-007,MULTI,FedEx Ground,GROUND
ORD-1230431,2025-05-28,16:12:16,SKU-02908,2,B-02L-005-3-A,PKR-016,MULTI,UPS Ground,GROUND
ORD-1231170,2025-05-28,14:34:20,SKU-01204,1,A-03R-016-1-B,PKR-024,MULTI,FedEx 2Day,PRIORITY_2D
ORD-1235124,2025-05-28,08:48:07,SKU-03554,2,C-02L-010-3-A,PKR-009,SINGLE,UPS Ground,GROUND
ORD-1235591,2025-05-28,19:14:06,SKU-04974,2,C-01R-025-3-A,PKR-023,MULTI,USPS Priority Mail,GROUND
ORD-1232506,2025-05-28,19:40:02,SKU-04041,2,A-02R-002-2-B,PKR-015,MULTI,USPS Priority Mail,PRIORITY_2D
ORD-1229218,2025-05-28,08:54:54,SKU-02859,2,A-01L-018-3-A,PKR-013,MULTI,UPS Ground,PRIORITY_2D
ORD-1230413,2025-05-28,16:56:42,SKU-02585,2,A-01R-012-4-A,PKR-028,MULTI,UPS Ground,GROUND
ORD-1234279,2025-05-28,10:26:43,SKU-00673,2,C-03L-015-4-A,PKR-009,MULTI,FedEx Ground,GROUND
ORD-1234207,2025-05-28,07:26:56,SKU-03568,2,A-02R-024-1-B,PKR-002,MULTI,FedEx 2Day,GROUND
ORD-1230669,2025-05-28,10:33:49,SKU-04932,2,A-02R-018-5-A,PKR-025,MULTI,FedEx Ground,GROUND
ORD-1235477,2025-05-28,16:09:43,SKU-02125,2,A-01R-020-2-B,PKR-001,MULTI,UPS Ground,GROUND
ORD-1233476,2025-05-28,17:19:09,SKU-02514,1,B-02R-020-1-B,PKR-009,MULTI,UPS Ground,GROUND
ORD-1231679,2025-05-28,11:49:02,SKU-00872,1,A-04L-005-1-A,PKR-018,MULTI,FedEx Ground,GROUND
ORD-1234940,2025-05-28,21:09:16,SKU-00432,2,E-03R-002-4-A,PKR-019,SINGLE,UPS 2nd Day Air,GROUND
ORD-1230892,2025-05-28,17:21:05,SKU-04041,1,A-02R-002-2-B,PKR-014,MULTI,USPS Priority Mail,GROUND
ORD-1228303,2025-05-28,11:49:14,SKU-01121,2,B-04R-017-4-A,PKR-002,MULTI,FedEx Ground,GROUND
ORD-1229577,2025-05-28,14:37:28,SKU-03496,2,B-01R-016-5-B,PKR-032,MULTI,UPS Ground,PRIORITY_2D
ORD-1229599,2025-05-28,06:20:35,SKU-02908,1,B-02L-005-3-A,PKR-027,MULTI,UPS Ground,PRIORITY_2D
ORD-1231112,2025-05-28,07:33:22,SKU-04328,2,A-02L-021-1-B,PKR-020,MULTI,FedEx 2Day,GROUND
ORD-1233738,2025-05-28,09:08:06,SKU-03049,2,C-02L-003-4-A,PKR-019,MULTI,UPS Ground,GROUND
ORD-1229839,2025-05-28,06:31:51,SKU-01331,2,A-03R-003-4-B,PKR-030,MULTI,FedEx Ground,STANDARD_OVERNIGHT
ORD-1233992,2025-05-28,18:58:44,SKU-04608,2,A-02L-025-1-B,PKR-029,MULTI,FedEx 2Day,GROUND
ORD-1230075,2025-05-28,16:50:09,SKU-03251,2,A-01R-024-1-B,PKR-009,MULTI,FedEx 2Day,GROUND
ORD-1228440,2025-05-28,13:43:31,SKU-00248,2,B-04R-005-4-A,PKR-032,MULTI,UPS Ground,GROUND
ORD-1231813,2025-05-28,12:31:17,SKU-02125,2,A-01R-020-2-B,PKR-017,MULTI,FedEx 2Day,GROUND
ORD-1231613,2025-05-28,06:40:32,SKU-02480,1,A-02R-005-1-B,PKR-010,MULTI,FedEx Ground,GROUND
ORD-1232353,2025-05-28,09:40:47,SKU-04814,2,B-02R-017-4-A,PKR-015,MULTI,UPS Ground,GROUND
ORD-1232293,2025-05-28,11:31:15,SKU-03172,2,A-01R-006-1-B,PKR-015,MULTI,UPS Ground,GROUND
ORD-1229517,2025-05-28,21:08:25,SKU-01800,2,B-03R-009-2-B,PKR-003,MULTI,FedEx Ground,GROUND
ORD-1232097,2025-05-28,18:46:21,SKU-04328,2,A-02L-021-1-B,PKR-002,MULTI,UPS Ground,GROUND
ORD-1228092,2025-05-28,21:17:21,SKU-00872,1,A-04L-005-1-A,PKR-012,MULTI,FedEx Ground,PRIORITY_2D
ORD-1235034,2025-05-28,07:40:39,SKU-02908,2,B-02L-005-3-A,PKR-012,MULTI,FedEx Ground,PRIORITY_2D
ORD-1232917,2025-05-28,18:42:04,SKU-00940,1,A-03R-006-3-B,PKR-006,MULTI,UPS Ground,PRIORITY_2D
ORD-1228821,2025-05-28,07:23:45,SKU-03367,2,C-02R-013-4-A,PKR-017,MULTI,FedEx Ground,GROUND
ORD-1235690,2025-05-28,06:01:21,SKU-04523,1,A-02L-024-2-B,PKR-016,SINGLE,FedEx Ground,GROUND
ORD-1230187,2025-05-28,14:45:18,SKU-04853,2,C-02R-021-4-A,PKR-020,MULTI,USPS Priority Mail,PRIORITY_2D
ORD-1234001,2025-05-28,07:54:43,SKU-01078,2,A-04R-008-4-A,PKR-009,MULTI,FedEx Ground,GROUND
ORD-1232462,2025-05-28,10:33:38,SKU-04676,2,C-02L-005-2-A,PKR-029,MULTI,USPS Priority Mail,STANDARD_OVERNIGHT
ORD-1233089,2025-05-28,21:20:05,SKU-02624,2,A-02R-022-1-A,PKR-029,MULTI,UPS Ground,GROUND
ORD-1229135,2025-05-28,12:13:48,SKU-00056,2,C-04R-006-2-A,PKR-018,SINGLE,USPS Priority Mail,GROUND
ORD-1232729,2025-05-28,15:21:24,SKU-04041,2,A-02R-002-2-B,PKR-024,MULTI,USPS Priority Mail,GROUND
ORD-1232999,2025-05-28,14:29:27,SKU-02104,1,B-01R-002-1-A,PKR-013,MULTI,FedEx Ground,GROUND
ORD-1230107,2025-05-28,11:52:53,SKU-04528,2,B-02R-014-3-B,PKR-002,MULTI,UPS Ground,GROUND
ORD-1235973,2025-05-28,14:58:19,SKU-01033,2,C-03R-010-1-A,PKR-032,MULTI,FedEx Ground,GROUND
ORD-1233466,2025-05-28,09:58:46,SKU-02196,1,C-01R-016-4-A,PKR-003,MULTI,USPS Priority Mail,GROUND
ORD-1228987,2025-05-28,11:17:10,SKU-01204,1,A-03R-016-1-B,PKR-008,MULTI,FedEx 2Day,GROUND
ORD-1234420,2025-05-28,15:28:53,SKU-04041,2,A-02R-002-2-B,PKR-024,MULTI,UPS Ground,GROUND
ORD-1230132,2025-05-28,20:22:17,SKU-02357,1,C-02L-006-2-A,PKR-029,MULTI,FedEx Ground,GROUND
ORD-1233589,2025-05-28,19:08:30,SKU-02044,2,A-01R-023-5-B,PKR-027,MULTI,FedEx Ground,GROUND
ORD-1231366,2025-05-28,09:48:44,SKU-04878,2,B-01R-016-3-B,PKR-003,MULTI,UPS Ground,GROUND
ORD-1232832,2025-05-28,08:36:21,SKU-02564,2,C-01L-011-5-B,PKR-014,MULTI,USPS Priority Mail,GROUND
ORD-1234983,2025-05-28,08:58:54,SKU-01428,1,A-03L-006-4-A,PKR-012,MULTI,FedEx 2Day,PRIORITY_2D
ORD-1231041,2025-05-28,13:36:57,SKU-04041,1,A-02R-002-2-B,PKR-009,MULTI,FedEx Ground,GROUND
ORD-1233290,2025-05-28,19:36:03,SKU-03496,2,B-01R-016-5-B,PKR-023,MULTI,UPS Ground,GROUND
ORD-1232111,2025-05-28,06:18:44,SKU-02243,1,D-02R-010-4-A,PKR-017,MULTI,FedEx Ground,GROUND
ORD-1229572,2025-05-28,12:39:36,SKU-00872,1,A-04L-005-1-A,PKR-013,MULTI,USPS Priority Mail,PRIORITY_2D
ORD-1230483,2025-05-28,11:40:15,SKU-00376,1,B-04L-004-2-B,PKR-020,MULTI,UPS Ground,GROUND
ORD-1228264,2025-05-28,07:34:05,SKU-00379,1,A-03R-020-4-B,PKR-017,MULTI,FedEx 2Day,PRIORITY_2D
ORD-1235321,2025-05-28,19:21:11,SKU-03350,2,A-02L-001-2-A,PKR-013,MULTI,FedEx Ground,GROUND
ORD-1233011,2025-05-28,09:53:15,SKU-01204,2,A-03R-016-1-B,PKR-018,MULTI,FedEx Ground,GROUND
ORD-1229824,2025-05-28,20:14:51,SKU-02125,1,A-01R-020-2-B,PKR-023,MULTI,FedEx Ground,GROUND
ORD-1228022,2025-05-28,16:27:05,SKU-01806,1,B-03R-008-1-B,PKR-004,MULTI,FedEx Ground,PRIORITY_2D
ORD-1235710,2025-05-28,06:03:19,SKU-03103,1,C-01R-005-1-B,PKR-020,MULTI,FedEx Ground,PRIORITY_2D
ORD-1235640,2025-05-28,18:46:47,SKU-01490,2,B-04R-009-1-A,PKR-003,MULTI,UPS Ground,PRIORITY_2D
ORD-1229612,2025-05-28,10:42:45,SKU-02609,2,C-01R-013-1-B,PKR-028,MULTI,USPS Priority Mail,PRIORITY_2D
ORD-1230061,2025-05-28,08:41:37,SKU-02366,2,A-01R-020-4-A,PKR-016,MULTI,FedEx Ground,GROUND
ORD-1233889,2025-05-28,13:18:13,SKU-01204,2,A-03R-016-1-B,PKR-023,MULTI,USPS Priority Mail,GROUND
ORD-1233268,2025-05-28,10:12:20,SKU-01873,2,B-03R-018-4-A,PKR-028,MULTI,FedEx Ground,PRIORITY_2D
ORD-1228699,2025-05-28,21:43:53,SKU-03727,1,B-02R-023-4-A,PKR-031,MULTI,FedEx Ground,PRIORITY_2D
ORD-1230727,2025-05-28,12:45:34,SKU-02913,2,B-01L-015-2-B,PKR-032,MULTI,FedEx Ground,GROUND
ORD-1232531,2025-05-28,10:00:42,SKU-02571,2,D-01L-013-3-B,PKR-004,MULTI,USPS Priority Mail,PRIORITY_2D
ORD-1228789,2025-05-28,20:42:43,SKU-02908,2,B-02L-005-3-A,PKR-017,SINGLE,UPS Ground,GROUND
ORD-1233492,2025-05-28,17:30:06,SKU-04448,2,B-02R-020-4-A,PKR-022,MULTI,UPS Ground,GROUND
ORD-1233392,2025-05-28,19:09:18,SKU-04328,2,A-02L-021-1-B,PKR-001,MULTI,UPS Ground,PRIORITY_2D
ORD-1229704,2025-05-28,15:26:38,SKU-04196,2,A-01R-014-5-B,PKR-013,MULTI,UPS Ground,GROUND
ORD-1231408,2025-05-28,06:37:13,SKU-02045,2,B-01R-025-3-A,PKR-012,MULTI,FedEx Ground,GROUND
ORD-1234651,2025-05-28,08:19:39,SKU-01428,2,A-03L-006-4-A,PKR-030,MULTI,UPS Ground,GROUND
ORD-1235019,2025-05-28,14:46:36,SKU-01184,1,E-03R-020-1-B,PKR-014,MULTI,UPS Ground,GROUND
ORD-1233414,2025-05-28,08:18:45,SKU-04928,1,B-01L-013-2-B,PKR-012,MULTI,USPS Priority Mail,PRIORITY_2D
ORD-1231397,2025-05-28,21:29:03,SKU-04435,2,A-02R-016-4-A,PKR-025,MULTI,UPS Ground,GROUND
ORD-1228735,2025-05-28,07:48:43,SKU-02407,1,A-01L-004-2-A,PKR-032,MULTI,UPS Ground,GROUND
ORD-1231386,2025-05-28,21:58:20,SKU-02416,2,B-02L-022-2-A,PKR-010,MULTI,FedEx Ground,GROUND
ORD-1231900,2025-05-28,19:15:17,SKU-04328,2,A-02L-021-1-B,PKR-027,MULTI,USPS Priority Mail,PRIORITY_2D
ORD-1231609,2025-05-28,08:12:48,SKU-03512,2,D-01L-018-2-A,PKR-001,MULTI,FedEx Ground,PRIORITY_2D
ORD-1234153,2025-05-28,19:26:58,SKU-02585,2,A-01R-012-4-A,PKR-026,SINGLE,UPS Ground,GROUND
ORD-1232081,2025-05-28,13:00:30,SKU-02509,1,B-01L-020-5-A,PKR-029,MULTI,FedEx Ground,GROUND
ORD-1234952,2025-05-28,12:57:07,SKU-04328,2,A-02L-021-1-B,PKR-014,MULTI,USPS Priority Mail,PRIORITY_2D
ORD-1231402,2025-05-28,18:55:34,SKU-04457,1,A-01L-020-2-B,PKR-031,MULTI,FedEx 2Day,GROUND
ORD-1231413,2025-05-28,09:59:32,SKU-00037,2,A-03L-004-3-A,PKR-024,MULTI,USPS Priority Mail,GROUND
ORD-1233449,2025-05-28,19:02:06,SKU-03968,2,A-02L-019-2-B,PKR-031,MULTI,FedEx Ground,PRIORITY_2D
ORD-1232849,2025-05-28,09:24:37,SKU-00872,1,A-04L-005-1-A,PKR-019,MULTI,UPS Ground,GROUND
ORD-1230600,2025-05-28,07:18:40,SKU-02509,2,B-01L-020-5-A,PKR-019,MULTI,UPS Ground,PRIORITY_2D
ORD-1232964,2025-05-28,14:52:20,SKU-04563,2,A-02L-022-4-B,PKR-031,MULTI,FedEx Ground,GROUND
ORD-1235870,2025-05-28,11:10:06,SKU-04041,1,A-02R-002-2-B,PKR-017,MULTI,UPS 2nd Day Air,GROUND
ORD-1230808,2025-05-28,21:14:40,SKU-02366,2,A-01R-020-4-A,PKR-028,MULTI,USPS Priority Mail,GROUND
ORD-1229972,2025-05-28,07:18:55,SKU-01204,2,A-03R-016-1-B,PKR-031,MULTI,USPS Priority Mail,GROUND
ORD-1233503,2025-05-28,18:08:21,SKU-04328,2,A-02L-021-1-B,PKR-019,MULTI,FedEx Ground,PRIORITY_2D
ORD-1228879,2025-05-28,06:49:29,SKU-04328,2,A-02L-021-1-B,PKR-006,MULTI,USPS Priority Mail,GROUND
ORD-1234161,2025-05-28,15:49:43,SKU-01207,2,B-04R-018-4-B,PKR-027,MULTI,UPS Ground,GROUND
ORD-1231698,2025-05-28,21:22:32,SKU-04106,1,D-01R-003-5-A,PKR-025,MULTI,FedEx Ground,GROUND
ORD-1235598,2025-05-28,06:01:00,SKU-04370,2,A-02R-026-5-A,PKR-022,MULTI,FedEx Ground,GROUND
ORD-1233808,2025-05-28,10:07:29,SKU-02737,1,D-01L-021-5-A,PKR-029,MULTI,UPS Ground,GROUND
ORD-1233379,2025-05-28,16:06:14,SKU-04185,2,A-01L-023-1-B,PKR-010,MULTI,UPS Ground,GROUND
ORD-1230180,2025-05-28,07:49:28,SKU-04041,1,A-02R-002-2-B,PKR-008,MULTI,FedEx Ground,GROUND
ORD-1233190,2025-05-28,06:09:34,SKU-02366,1,A-01R-020-4-A,PKR-017,MULTI,UPS Ground,PRIORITY_2D
ORD-1228566,2025-05-28,20:24:38,SKU-03965,2,E-02R-008-5-B,PKR-006,MULTI,USPS Priority Mail,GROUND
ORD-1235142,2025-05-28,08:10:34,SKU-04328,1,A-02L-021-1-B,PKR-026,MULTI,FedEx Ground,GROUND
ORD-1233798,2025-05-28,08:02:50,SKU-04041,2,A-02R-002-2-B,PKR-023,MULTI,FedEx Ground,GROUND
ORD-1229083,2025-05-28,08:10:47,SKU-00132,1,A-04R-016-4-B,PKR-032,MULTI,USPS Priority Mail,PRIORITY_2D
ORD-1233402,2025-05-28,13:54:43,SKU-03821,2,A-01R-017-3-A,PKR-019,MULTI,FedEx Ground,GROUND
ORD-1228215,2025-05-28,13:26:31,SKU-03727,2,B-02R-023-4-A,PKR-018,MULTI,UPS Ground,PRIORITY_2D
ORD-1230024,2025-05-28,06:32:22,SKU-00016,2,B-03R-004-3-A,PKR-018,MULTI,UPS Ground,GROUND
ORD-1232452,2025-05-28,10:20:10,SKU-00464,1,B-04L-018-2-A,PKR-023,MULTI,USPS Priority Mail,PRIORITY_2D
ORD-1231246,2025-05-28,07:42:03,SKU-04328,1,A-02L-021-1-B,PKR-010,MULTI,FedEx Ground,GROUND
ORD-1233537,2025-05-28,08:49:37,SKU-04041,2,A-02R-002-2-B,PKR-009,MULTI,FedEx 2Day,GROUND
ORD-1231926,2025-05-28,09:03:27,SKU-03881,1,B-02R-002-4-A,PKR-021,MULTI,FedEx Ground,GROUND
ORD-1230936,2025-05-28,13:06:06,SKU-04399,2,B-02L-020-5-B,PKR-001,MULTI,UPS Ground,GROUND
ORD-1235987,2025-05-28,08:21:34,SKU-03369,2,D-02L-005-5-B,PKR-030,MULTI,USPS Priority Mail,GROUND
ORD-1234051,2025-05-28,07:48:49,SKU-04116,1,B-02L-002-3-A,PKR-016,MULTI,UPS Ground,GROUND
ORD-1229517,2025-05-28,21:08:25,SKU-02585,2,A-01R-012-4-A,PKR-003,MULTI,FedEx Ground,GROUND
ORD-1232684,2025-05-28,12:44:03,SKU-01204,1,A-03R-016-1-B,PKR-032,MULTI,USPS Priority Mail,GROUND
ORD-1230389,2025-05-28,15:08:54,SKU-04637,1,B-02L-003-1-A,PKR-006,MULTI,UPS Ground,GROUND
ORD-1228847,2025-05-28,17:52:51,SKU-04328,2,A-02L-021-1-B,PKR-025,MULTI,FedEx 2Day,GROUND
ORD-1229327,2025-05-28,17:17:06,SKU-04881,2,C-01L-019-5-B,PKR-018,MULTI,USPS Priority Mail,GROUND
ORD-1235961,2025-05-28,10:58:25,SKU-02937,1,C-02R-019-5-A,PKR-004,MULTI,UPS 2nd Day Air,GROUND
ORD-1235861,2025-05-28,06:40:51,SKU-04538,2,A-01R-001-1-B,PKR-027,MULTI,FedEx Ground,PRIORITY_2D
ORD-1233884,2025-05-28,08:54:08,SKU-00872,2,A-04L-005-1-A,PKR-028,MULTI,FedEx 2Day,GROUND
ORD-1229507,2025-05-28,17:07:40,SKU-04580,2,C-01R-010-3-B,PKR-029,MULTI,FedEx Ground,GROUND
ORD-1234598,2025-05-28,13:47:19,SKU-02507,2,B-02R-014-1-B,PKR-002,MULTI,FedEx Ground,PRIORITY_2D
ORD-1233411,2025-05-28,13:43:01,SKU-03727,2,B-02R-023-4-A,PKR-001,MULTI,UPS Ground,GROUND
ORD-1228796,2025-05-28,13:24:04,SKU-04997,2,B-01L-022-1-B,PKR-017,MULTI,FedEx Ground,GROUND
ORD-1234736,2025-05-28,18:44:24,SKU-02772,1,A-02R-012-5-A,PKR-026,MULTI,UPS Ground,PRIORITY_2D
ORD-1229805,2025-05-28,21:17:54,SKU-04528,2,B-02R-014-3-B,PKR-007,MULTI,FedEx Ground,STANDARD_OVERNIGHT
ORD-1235890,2025-05-28,12:18:52,SKU-04328,2,A-02L-021-1-B,PKR-027,MULTI,UPS Ground,STANDARD_OVERNIGHT
ORD-1235890,2025-05-28,12:18:52,SKU-04041,2,A-02R-002-2-B,PKR-027,MULTI,UPS Ground,STANDARD_OVERNIGHT
ORD-1232100,2025-05-28,21:40:51,SKU-04528,2,B-02R-014-3-B,PKR-005,MULTI,FedEx 2Day,GROUND
ORD-1233867,2025-05-28,06:18:19,SKU-04328,2,A-02L-021-1-B,PKR-015,MULTI,UPS Ground,GROUND
ORD-1229337,2025-05-28,17:18:57,SKU-02640,1,D-02R-026-1-B,PKR-014,MULTI,UPS Ground,PRIORITY_2D
ORD-1234935,2025-05-28,12:46:09,SKU-02908,2,B-02L-005-3-A,PKR-006,MULTI,USPS Priority Mail,GROUND
ORD-1229753,2025-05-28,14:42:43,SKU-00445,1,B-03L-015-2-A,PKR-030,MULTI,FedEx Ground,PRIORITY_2D
ORD-1233667,2025-05-28,20:27:11,SKU-03031,2,C-02R-009-2-A,PKR-019,MULTI,USPS Priority Mail,GROUND
ORD-1230626,2025-05-28,19:14:43,SKU-01073,2,B-04R-005-1-A,PKR-012,MULTI,UPS Ground,PRIORITY_2D
ORD-1232779,2025-05-28,16:27:44,SKU-02606,1,C-01R-010-1-B,PKR-020,MULTI,FedEx Ground,GROUND
ORD-1235731,2025-05-28,09:06:23,SKU-02585,1,A-01R-012-4-A,PKR-015,MULTI,UPS Ground,GROUND
ORD-1231704,2025-05-28,06:38:59,SKU-01245,2,B-03L-017-1-B,PKR-012,MULTI,UPS Ground,GROUND
ORD-1228326,2025-05-28,10:45:52,SKU-03941,2,C-01R-021-5-B,PKR-027,MULTI,USPS Priority Mail,PRIORITY_2D
ORD-1235678,2025-05-28,10:19:34,SKU-04782,2,C-01L-004-3-A,PKR-013,MULTI,FedEx Ground,GROUND
ORD-1232258,2025-05-28,06:10:17,SKU-02547,1,D-01R-002-3-B,PKR-026,SINGLE,FedEx Ground,GROUND
ORD-1231354,2025-05-28,20:42:29,SKU-03697,2,C-01R-025-5-A,PKR-028,MULTI,FedEx Ground,GROUND
ORD-1231215,2025-05-28,09:04:13,SKU-02125,2,A-01R-020-2-B,PKR-016,MULTI,USPS Priority Mail,GROUND
ORD-1231557,2025-05-28,20:14:50,SKU-02893,1,B-01L-026-2-B,PKR-001,SINGLE,USPS Priority Mail,GROUND
ORD-1234946,2025-05-28,21:08:39,SKU-02232,2,C-01L-002-5-A,PKR-031,MULTI,USPS Priority Mail,GROUND
ORD-1232939,2025-05-28,17:02:10,SKU-02365,1,A-02L-010-3-A,PKR-008,MULTI,USPS Priority Mail,GROUND
ORD-1234332,2025-05-28,18:11:33,SKU-03071,1,A-01L-019-3-B,PKR-020,MULTI,UPS Ground,GROUND
ORD-1231698,2025-05-28,21:22:32,SKU-02758,2,D-01L-018-4-B,PKR-025,MULTI,FedEx Ground,GROUND
ORD-1234936,2025-05-28,11:13:57,SKU-04889,1,A-01L-015-2-B,PKR-011,MULTI,UPS 2nd Day Air,PRIORITY_2D
ORD-1234284,2025-05-28,20:25:54,SKU-03881,1,B-02R-002-4-A,PKR-028,MULTI,UPS Ground,GROUND
ORD-1231361,2025-05-28,07:06:21,SKU-02125,2,A-01R-020-2-B,PKR-006,MULTI,FedEx Ground,GROUND
ORD-1228105,2025-05-28,14:18:43,SKU-02585,1,A-01R-012-4-A,PKR-001,MULTI,FedEx Ground,PRIORITY_2D
ORD-1231893,2025-05-28,16:28:35,SKU-04608,1,A-02L-025-1-B,PKR-011,MULTI,FedEx Ground,GROUND
ORD-1230954,2025-05-28,14:24:39,SKU-02651,2,E-01R-015-5-B,PKR-029,MULTI,UPS Ground,PRIORITY_2D
ORD-1234748,2025-05-28,17:14:33,SKU-03584,1,B-02R-023-1-B,PKR-016,MULTI,USPS Priority Mail,GROUND
ORD-1231560,2025-05-28,21:18:20,SKU-00872,2,A-04L-005-1-A,PKR-025,MULTI,UPS Ground,GROUND
ORD-1231907,2025-05-28,06:20:11,SKU-00215,1,B-04L-015-1-B,PKR-012,MULTI,USPS Priority Mail,GROUND
ORD-1230527,2025-05-28,12:49:05,SKU-01231,2,A-04R-002-4-B,PKR-008,MULTI,UPS Ground,GROUND
ORD-1231329,2025-05-28,14:19:23,SKU-00358,2,A-03L-008-1-B,PKR-027,MULTI,FedEx Ground,GROUND
ORD-1230374,2025-05-28,10:44:43,SKU-02366,1,A-01R-020-4-A,PKR-022,MULTI,USPS Priority Mail,PRIORITY_2D
ORD-1233820,2025-05-28,06:02:49,SKU-02628,1,B-01L-009-5-A,PKR-012,MULTI,FedEx Ground,PRIORITY_2D
ORD-1228748,2025-05-28,14:49:04,SKU-04608,1,A-02L-025-1-B,PKR-009,MULTI,FedEx Ground,PRIORITY_2D
ORD-1234980,2025-05-28,10:33:37,SKU-02429,2,D-02R-003-2-B,PKR-005,SINGLE,UPS Ground,PRIORITY_2D
ORD-1228095,2025-05-28,21:15:52,SKU-03439,1,E-02R-004-3-A,PKR-011,MULTI,FedEx Ground,GROUND
ORD-1228064,2025-05-28,07:08:15,SKU-03496,2,B-01R-016-5-B,PKR-014,MULTI,UPS Ground,STANDARD_OVERNIGHT
ORD-1228092,2025-05-28,21:17:21,SKU-04041,2,A-02R-002-2-B,PKR-012,MULTI,FedEx Ground,PRIORITY_2D
ORD-1232264,2025-05-28,16:13:51,SKU-02125,1,A-01R-020-2-B,PKR-003,MULTI,UPS Ground,GROUND
ORD-1231471,2025-05-28,06:25:00,SKU-03727,1,B-02R-023-4-A,PKR-016,MULTI,FedEx Ground,GROUND
ORD-1231913,2025-05-28,16:38:24,SKU-01620,2,A-03L-010-4-A,PKR-014,MULTI,USPS Priority Mail,GROUND
ORD-1232437,2025-05-28,17:43:23,SKU-00215,2,B-04L-015-1-B,PKR-017,MULTI,UPS Ground,PRIORITY_2D
ORD-1229221,2025-05-28,17:33:54,SKU-02105,2,A-01R-009-2-A,PKR-023,MULTI,USPS Priority Mail,GROUND
ORD-1229445,2025-05-28,08:40:44,SKU-02745,2,D-02R-008-3-B,PKR-001,MULTI,FedEx Ground,GROUND
ORD-1230426,2025-05-28,14:11:01,SKU-02480,2,A-02R-005-1-B,PKR-018,MULTI,FedEx Ground,PRIORITY_2D
ORD-1231845,2025-05-28,12:41:39,SKU-00017,1,B-03R-001-4-B,PKR-029,MULTI,FedEx Ground,GROUND
ORD-1233040,2025-05-28,09:37:03,SKU-02586,1,A-02R-026-3-A,PKR-010,MULTI,USPS Priority Mail,GROUND
ORD-1234640,2025-05-28,14:18:15,SKU-03613,1,C-01L-020-4-B,PKR-030,MULTI,UPS Ground,GROUND
ORD-1232511,2025-05-28,19:05:15,SKU-01975,2,B-04L-014-4-A,PKR-008,MULTI,UPS Ground,GROUND
ORD-1235061,2025-05-28,08:12:12,SKU-04670,2,C-02R-018-2-B,PKR-032,MULTI,UPS Ground,GROUND
ORD-1231975,2025-05-28,14:23:40,SKU-04981,2,C-02L-022-2-B,PKR-029,SINGLE,UPS Ground,GROUND
ORD-1229110,2025-05-28,13:44:23,SKU-01121,2,B-04R-017-4-A,PKR-013,MULTI,UPS Ground,GROUND
ORD-1230561,2025-05-28,07:15:25,SKU-02366,2,A-01R-020-4-A,PKR-012,MULTI,FedEx Ground,GROUND
ORD-1228288,2025-05-28,15:57:29,SKU-02366,2,A-01R-020-4-A,PKR-032,MULTI,USPS Priority Mail,GROUND
ORD-1231968,2025-05-28,12:55:11,SKU-02908,1,B-02L-005-3-A,PKR-003,MULTI,FedEx Ground,GROUND
ORD-1229257,2025-05-28,21:49:23,SKU-00659,2,E-04L-020-3-B,PKR-028,MULTI,UPS Ground,PRIORITY_2D
ORD-1228356,2025-05-28,07:36:06,SKU-02665,2,B-02R-024-2-A,PKR-002,MULTI,USPS Priority Mail,STANDARD_OVERNIGHT
ORD-1235057,2025-05-28,07:59:10,SKU-00226,1,B-04R-015-1-A,PKR-029,MULTI,UPS Ground,GROUND
ORD-1229099,2025-05-28,21:27:17,SKU-02585,2,A-01R-012-4-A,PKR-007,MULTI,FedEx 2Day,GROUND
ORD-1229557,2025-05-28,08:39:45,SKU-03881,2,B-02R-002-4-A,PKR-032,MULTI,USPS Priority Mail,STANDARD_OVERNIGHT
ORD-1229768,2025-05-28,07:41:47,SKU-02908,1,B-02L-005-3-A,PKR-015,MULTI,FedEx Ground,GROUND
ORD-1235278,2025-05-28,18:07:42,SKU-02125,2,A-01R-020-2-B,PKR-013,MULTI,FedEx Ground,GROUND
ORD-1231419,2025-05-28,21:57:54,SKU-03526,1,D-01L-005-5-A,PKR-032,MULTI,USPS Priority Mail,GROUND
ORD-1235988,2025-05-28,12:36:55,SKU-01490,1,B-04R-009-1-A,PKR-030,MULTI,UPS Ground,GROUND
ORD-1232393,2025-05-28,18:03:49,SKU-04156,2,E-02R-012-3-B,PKR-025,MULTI,FedEx Ground,GROUND
ORD-1229119,2025-05-28,20:07:30,SKU-02259,1,C-02R-004-1-A,PKR-017,MULTI,FedEx Ground,PRIORITY_2D
ORD-1231057,2025-05-28,11:02:54,SKU-02366,2,A-01R-020-4-A,PKR-005,MULTI,UPS 2nd Day Air,GROUND
ORD-1234037,2025-05-28,20:32:34,SKU-04328,2,A-02L-021-1-B,PKR-013,MULTI,USPS Priority Mail,STANDARD_OVERNIGHT
ORD-1229239,2025-05-28,15:55:11,SKU-04860,1,C-01R-022-2-B,PKR-008,MULTI,FedEx Ground,PRIORITY_2D
ORD-1228588,2025-05-28,09:37:46,SKU-00037,1,A-03L-004-3-A,PKR-023,MULTI,UPS Ground,GROUND
ORD-1235936,2025-05-28,10:44:31,SKU-02216,2,C-02L-009-1-A,PKR-016,MULTI,UPS Ground,STANDARD_OVERNIGHT
ORD-1235639,2025-05-28,15:24:42,SKU-00608,2,A-03R-011-2-B,PKR-007,MULTI,FedEx Ground,GROUND
ORD-1230115,2025-05-28,16:56:20,SKU-04992,2,A-01R-020-3-A,PKR-032,MULTI,FedEx Ground,GROUND
ORD-1228433,2025-05-28,12:28:47,SKU-04710,1,A-02L-008-2-A,PKR-001,SINGLE,UPS Ground,PRIORITY_2D
ORD-1237503,2025-05-29,16:33:04,SKU-03727,2,B-02R-023-4-A,PKR-001,MULTI,FedEx Ground,GROUND
ORD-1237133,2025-05-29,14:39:18,SKU-02931,2,D-01R-026-3-A,PKR-025,MULTI,UPS Ground,GROUND
ORD-1239953,2025-05-29,09:18:18,SKU-04528,2,B-02R-014-3-B,PKR-007,MULTI,FedEx Ground,GROUND
ORD-1240923,2025-05-29,17:24:50,SKU-00698,2,D-03L-003-1-A,PKR-025,MULTI,FedEx 2Day,GROUND
ORD-1237926,2025-05-29,20:54:48,SKU-03369,2,D-02L-005-5-B,PKR-023,MULTI,UPS Ground,GROUND
ORD-1236492,2025-05-29,19:12:19,SKU-02202,2,C-01R-025-1-B,PKR-011,MULTI,USPS Priority Mail,GROUND
ORD-1242985,2025-05-29,07:40:37,SKU-00415,2,C-03R-017-4-A,PKR-029,MULTI,USPS Priority Mail,GROUND
ORD-1239179,2025-05-29,19:27:11,SKU-02104,2,B-01R-002-1-A,PKR-002,MULTI,USPS Priority Mail,PRIORITY_2D
ORD-1237031,2025-05-29,08:39:28,SKU-02737,2,D-01L-021-5-A,PKR-011,MULTI,FedEx Ground,GROUND
ORD-1241881,2025-05-29,07:04:25,SKU-01124,1,B-03R-007-4-A,PKR-002,MULTI,USPS Priority Mail,GROUND
ORD-1236635,2025-05-29,13:56:36,SKU-02336,2,D-01R-001-4-A,PKR-015,MULTI,FedEx Ground,GROUND
ORD-1243993,2025-05-29,21:05:19,SKU-02497,1,A-01L-006-1-B,PKR-018,MULTI,UPS 2nd Day Air,STANDARD_OVERNIGHT
ORD-1238603,2025-05-29,15:04:01,SKU-04328,1,A-02L-021-1-B,PKR-028,MULTI,UPS Ground,STANDARD_OVERNIGHT
ORD-1239214,2025-05-29,13:18:22,SKU-02354,2,C-01R-012-4-B,PKR-017,MULTI,UPS 2nd Day Air,STANDARD_OVERNIGHT
ORD-1243827,2025-05-29,16:48:45,SKU-04959,2,B-01L-008-1-B,PKR-005,MULTI,FedEx Ground,GROUND
ORD-1242326,2025-05-29,08:47:22,SKU-03727,2,B-02R-023-4-A,PKR-030,MULTI,FedEx 2Day,GROUND
ORD-1236074,2025-05-29,17:21:45,SKU-00872,1,A-04L-005-1-A,PKR-025,MULTI,FedEx Ground,GROUND
ORD-1240235,2025-05-29,21:13:27,SKU-02185,2,C-01R-009-4-B,PKR-031,MULTI,FedEx Ground,STANDARD_OVERNIGHT
ORD-1243530,2025-05-29,14:40:25,SKU-04528,2,B-02R-014-3-B,PKR-027,MULTI,FedEx 2Day,GROUND
ORD-1237630,2025-05-29,11:05:19,SKU-04925,2,C-01L-015-4-A,PKR-012,MULTI,USPS Priority Mail,GROUND
ORD-1239842,2025-05-29,14:02:21,SKU-02156,2,B-02L-006-1-A,PKR-008,SINGLE,USPS Priority Mail,GROUND
ORD-1242145,2025-05-29,06:08:55,SKU-02891,2,A-02L-014-3-A,PKR-010,MULTI,USPS Priority Mail,GROUND
ORD-1243346,2025-05-29,13:45:57,SKU-03727,2,B-02R-023-4-A,PKR-002,MULTI,USPS Priority Mail,GROUND
ORD-1243127,2025-05-29,08:27:19,SKU-00017,1,B-03R-001-4-B,PKR-024,MULTI,UPS Ground,GROUND
ORD-1238996,2025-05-29,20:05:20,SKU-03071,2,A-01L-019-3-B,PKR-028,MULTI,UPS Ground,GROUND
ORD-1243600,2025-05-29,18:22:46,SKU-04328,1,A-02L-021-1-B,PKR-003,MULTI,USPS Priority Mail,GROUND
ORD-1237850,2025-05-29,17:07:47,SKU-04717,1,B-02R-006-3-B,PKR-003,MULTI,USPS Priority Mail,GROUND
ORD-1237583,2025-05-29,14:44:19,SKU-03496,2,B-01R-016-5-B,PKR-011,MULTI,UPS 2nd Day Air,GROUND
ORD-1243417,2025-05-29,14:39:50,SKU-04896,2,A-02L-008-1-A,PKR-031,MULTI,FedEx Ground,GROUND
ORD-1239994,2025-05-29,06:14:17,SKU-02150,2,C-02R-006-4-B,PKR-008,MULTI,UPS Ground,STANDARD_OVERNIGHT
ORD-1238670,2025-05-29,14:24:31,SKU-01552,2,A-04R-001-1-B,PKR-032,MULTI,USPS Priority Mail,PRIORITY_2D
ORD-1241459,2025-05-29,15:33:42,SKU-00585,2,C-04R-005-4-B,PKR-004,MULTI,FedEx Ground,GROUND
ORD-1238407,2025-05-29,08:21:48,SKU-02699,1,C-01L-007-2-B,PKR-018,MULTI,USPS Priority Mail,GROUND
ORD-1236033,2025-05-29,07:10:16,SKU-00793,2,B-03L-008-4-B,PKR-027,SINGLE,FedEx Ground,GROUND
ORD-1243508,2025-05-29,07:35:27,SKU-04328,2,A-02L-021-1-B,PKR-012,MULTI,FedEx Ground,STANDARD_OVERNIGHT
ORD-1240757,2025-05-29,11:06:11,SKU-02901,2,E-02R-005-5-B,PKR-003,MULTI,FedEx Ground,GROUND
ORD-1240326,2025-05-29,17:29:27,SKU-01841,2,A-03L-018-1-B,PKR-006,MULTI,UPS Ground,STANDARD_OVERNIGHT
ORD-1238279,2025-05-29,11:02:31,SKU-02864,2,D-01L-010-1-B,PKR-032,MULTI,USPS Priority Mail,GROUND
ORD-1239017,2025-05-29,09:36:37,SKU-04782,2,C-01L-004-3-A,PKR-011,MULTI,FedEx Ground,GROUND
ORD-1238801,2025-05-29,06:16:48,SKU-04937,2,B-01L-008-2-A,PKR-019,MULTI,UPS Ground,STANDARD_OVERNIGHT
ORD-1239286,2025-05-29,20:10:56,SKU-01850,1,A-04R-006-2-A,PKR-019,MULTI,USPS Priority Mail,GROUND
ORD-1238588,2025-05-29,08:46:57,SKU-01530,1,D-03R-010-1-A,PKR-020,MULTI,USPS Priority Mail,GROUND
ORD-1237953,2025-05-29,15:51:19,SKU-04328,1,A-02L-021-1-B,PKR-015,MULTI,UPS Ground,GROUND
ORD-1236949,2025-05-29,09:31:52,SKU-00872,2,A-04L-005-1-A,PKR-028,MULTI,FedEx Ground,GROUND
ORD-1242893,2025-05-29,09:42:59,SKU-00872,2,A-04L-005-1-A,PKR-031,MULTI,FedEx 2Day,GROUND
ORD-1238135,2025-05-29,19:47:20,SKU-04328,2,A-02L-021-1-B,PKR-020,MULTI,FedEx Ground,PRIORITY_2D
ORD-1238568,2025-05-29,19:19:40,SKU-00067,1,D-04R-013-3-A,PKR-027,MULTI,UPS 2nd Day Air,GROUND
ORD-1242893,2025-05-29,09:42:59,SKU-04308,1,B-02R-019-4-A,PKR-031,MULTI,FedEx 2Day,GROUND
ORD-1243078,2025-05-29,18:33:54,SKU-04105,1,E-01L-002-5-A,PKR-001,MULTI,UPS Ground,STANDARD_OVERNIGHT
ORD-1238751,2025-05-29,08:40:13,SKU-02624,2,A-02R-022-1-A,PKR-004,MULTI,UPS Ground,GROUND
ORD-1242586,2025-05-29,15:46:36,SKU-02297,2,C-01L-025-5-B,PKR-015,MULTI,USPS Priority Mail,GROUND
ORD-1237247,2025-05-29,19:31:43,SKU-01208,2,C-03R-017-3-A,PKR-007,MULTI,FedEx Ground,GROUND
ORD-1239502,2025-05-29,11:08:39,SKU-04308,1,B-02R-019-4-A,PKR-021,MULTI,FedEx 2Day,GROUND
ORD-1239146,2025-05-29,09:12:09,SKU-02034,2,A-02L-014-4-B,PKR-006,MULTI,USPS Priority Mail,GROUND
ORD-1243658,2025-05-29,06:04:03,SKU-01512,2,C-03L-012-1-B,PKR-022,MULTI,UPS Ground,PRIORITY_2D
ORD-1242219,2025-05-29,10:50:32,SKU-04328,2,A-02L-021-1-B,PKR-004,MULTI,FedEx Ground,GROUND
ORD-1238682,2025-05-29,15:50:56,SKU-03883,2,B-02L-017-2-B,PKR-030,MULTI,UPS Ground,PRIORITY_2D
ORD-1236352,2025-05-29,08:00:10,SKU-01964,1,D-04R-016-2-B,PKR-024,MULTI,UPS Ground,GROUND
ORD-1237997,2025-05-29,14:44:25,SKU-01552,2,A-04R-001-1-B,PKR-029,MULTI,FedEx Ground,GROUND
ORD-1242140,2025-05-29,16:18:48,SKU-04109,2,A-02L-018-2-A,PKR-028,MULTI,FedEx Ground,STANDARD_OVERNIGHT
ORD-1237005,2025-05-29,07:41:07,SKU-00872,2,A-04L-005-1-A,PKR-026,MULTI,FedEx Ground,PRIORITY_2D
ORD-1241402,2025-05-29,11:37:23,SKU-03823,2,C-02R-020-1-B,PKR-020,MULTI,USPS Priority Mail,PRIORITY_2D
ORD-1236293,2025-05-29,18:07:11,SKU-01356,1,B-03R-002-2-B,PKR-018,MULTI,UPS Ground,GROUND
ORD-1238643,2025-05-29,20:18:31,SKU-00037,2,A-03L-004-3-A,PKR-011,MULTI,FedEx 2Day,PRIORITY_2D
ORD-1238869,2025-05-29,16:12:37,SKU-02875,1,A-02L-009-4-A,PKR-011,MULTI,FedEx 2Day,PRIORITY_2D
ORD-1238465,2025-05-29,17:21:01,SKU-04328,2,A-02L-021-1-B,PKR-003,MULTI,UPS 2nd Day Air,GROUND
ORD-1239649,2025-05-29,10:22:23,SKU-00034,2,A-04L-017-3-A,PKR-029,MULTI,USPS Priority Mail,GROUND
ORD-1243114,2025-05-29,10:49:33,SKU-04308,2,B-02R-019-4-A,PKR-019,MULTI,FedEx Ground,PRIORITY_2D
ORD-1239040,2025-05-29,18:58:07,SKU-03727,2,B-02R-023-4-A,PKR-015,MULTI,UPS Ground,GROUND
ORD-1238397,2025-05-29,15:08:56,SKU-02908,2,B-02L-005-3-A,PKR-027,MULTI,UPS 2nd Day Air,GROUND
ORD-1238537,2025-05-29,14:06:50,SKU-04041,1,A-02R-002-2-B,PKR-001,MULTI,FedEx Ground,GROUND
ORD-1239215,2025-05-29,18:18:15,SKU-02585,1,A-01R-012-4-A,PKR-030,MULTI,FedEx 2Day,GROUND
ORD-1237437,2025-05-29,07:02:07,SKU-02125,2,A-01R-020-2-B,PKR-007,MULTI,FedEx Ground,GROUND
ORD-1239974,2025-05-29,07:27:53,SKU-00376,2,B-04L-004-2-B,PKR-002,MULTI,UPS Ground,GROUND
ORD-1236521,2025-05-29,20:09:47,SKU-01721,1,A-04L-015-4-B,PKR-020,MULTI,UPS Ground,GROUND
ORD-1239804,2025-05-29,08:08:08,SKU-02366,1,A-01R-020-4-A,PKR-024,MULTI,FedEx 2Day,GROUND
ORD-1242448,2025-05-29,11:42:12,SKU-04186,2,D-01R-005-5-B,PKR-017,MULTI,UPS Ground,STANDARD_OVERNIGHT
ORD-1242298,2025-05-29,08:03:37,SKU-02366,1,A-01R-020-4-A,PKR-014,MULTI,FedEx Ground,GROUND
ORD-1239616,2025-05-29,08:20:38,SKU-02285,1,A-02R-024-1-A,PKR-013,MULTI,UPS Ground,PRIORITY_2D
ORD-1237745,2025-05-29,08:36:08,SKU-04328,1,A-02L-021-1-B,PKR-030,MULTI,FedEx Ground,GROUND
ORD-1241728,2025-05-29,10:21:01,SKU-02363,1,A-01R-022-2-A,PKR-028,MULTI,FedEx Ground,GROUND
ORD-1243351,2025-05-29,07:32:32,SKU-02128,2,C-02L-026-2-A,PKR-008,MULTI,FedEx Ground,GROUND
ORD-1236834,2025-05-29,15:45:02,SKU-02284,1,D-01L-008-5-B,PKR-012,MULTI,UPS Ground,GROUND
ORD-1243717,2025-05-29,14:30:55,SKU-03018,1,C-02L-015-3-B,PKR-032,MULTI,USPS Priority Mail,GROUND
ORD-1243049,2025-05-29,16:32:46,SKU-02366,1,A-01R-020-4-A,PKR-013,MULTI,UPS 2nd Day Air,PRIORITY_2D
ORD-1238591,2025-05-29,10:24:36,SKU-00489,2,C-03L-017-1-B,PKR-003,MULTI,FedEx Ground,GROUND
ORD-1238193,2025-05-29,15:40:19,SKU-00692,1,A-04R-003-1-A,PKR-016,MULTI,UPS Ground,STANDARD_OVERNIGHT
ORD-1237705,2025-05-29,12:48:37,SKU-02668,1,A-01R-006-1-A,PKR-023,MULTI,USPS Priority Mail,GROUND
ORD-1238913,2025-05-29,15:50:22,SKU-02690,2,C-01R-003-5-A,PKR-002,MULTI,FedEx Ground,PRIORITY_2D
ORD-1239029,2025-05-29,08:32:09,SKU-04328,2,A-02L-021-1-B,PKR-027,MULTI,FedEx 2Day,GROUND
ORD-1237806,2025-05-29,15:03:20,SKU-03727,1,B-02R-023-4-A,PKR-025,MULTI,UPS Ground,GROUND
ORD-1236431,2025-05-29,16:55:06,SKU-04041,1,A-02R-002-2-B,PKR-028,MULTI,UPS Ground,PRIORITY_2D
ORD-1236118,2025-05-29,13:01:22,SKU-04183,2,A-01L-010-2-B,PKR-018,MULTI,USPS Priority Mail,GROUND
ORD-1242392,2025-05-29,17:22:06,SKU-04081,2,B-01L-016-5-A,PKR-009,MULTI,UPS Ground,GROUND
ORD-1238957,2025-05-29,13:03:25,SKU-00071,1,E-03R-018-1-B,PKR-005,MULTI,UPS Ground,GROUND
ORD-1240019,2025-05-29,11:19:58,SKU-04424,2,A-01R-008-5-A,PKR-031,SINGLE,USPS Priority Mail,PRIORITY_2D
ORD-1243997,2025-05-29,17:33:37,SKU-04942,1,B-01R-023-1-B,PKR-029,MULTI,FedEx Ground,GROUND
ORD-1239610,2025-05-29,20:27:59,SKU-02610,1,E-02R-018-5-B,PKR-023,MULTI,FedEx Ground,GROUND
ORD-1241803,2025-05-29,09:10:03,SKU-02824,1,B-01L-003-3-B,PKR-017,MULTI,FedEx Ground,GROUND
ORD-1236031,2025-05-29,11:32:05,SKU-02686,1,B-02R-003-3-B,PKR-013,MULTI,FedEx Ground,GROUND
ORD-1241235,2025-05-29,06:16:12,SKU-02816,2,A-02R-004-2-A,PKR-002,MULTI,FedEx 2Day,GROUND
ORD-1240841,2025-05-29,16:47:12,SKU-04308,2,B-02R-019-4-A,PKR-029,MULTI,FedEx Ground,GROUND
ORD-1240669,2025-05-29,09:11:05,SKU-02609,2,C-01R-013-1-B,PKR-009,MULTI,UPS Ground,GROUND
ORD-1238008,2025-05-29,12:37:13,SKU-01865,1,D-03R-005-4-B,PKR-022,MULTI,UPS Ground,GROUND
ORD-1237485,2025-05-29,18:06:04,SKU-04608,2,A-02L-025-1-B,PKR-009,MULTI,USPS Priority Mail,GROUND
ORD-1239984,2025-05-29,15:51:38,SKU-04328,1,A-02L-021-1-B,PKR-029,MULTI,UPS Ground,GROUND
ORD-1237713,2025-05-29,21:55:15,SKU-02677,2,B-01R-002-4-A,PKR-027,MULTI,FedEx Ground,GROUND
ORD-1236773,2025-05-29,15:39:06,SKU-02609,1,C-01R-013-1-B,PKR-018,MULTI,USPS Priority Mail,GROUND
ORD-1240651,2025-05-29,12:36:30,SKU-01204,2,A-03R-016-1-B,PKR-016,MULTI,UPS Ground,GROUND
ORD-1236449,2025-05-29,06:28:40,SKU-04356,2,D-02L-018-2-B,PKR-032,SINGLE,USPS Priority Mail,GROUND
ORD-1240212,2025-05-29,17:43:02,SKU-01204,2,A-03R-016-1-B,PKR-017,MULTI,FedEx Ground,STANDARD_OVERNIGHT
ORD-1242983,2025-05-29,13:52:17,SKU-04328,2,A-02L-021-1-B,PKR-007,MULTI,FedEx Ground,STANDARD_OVERNIGHT
ORD-1239385,2025-05-29,10:10:30,SKU-02125,2,A-01R-020-2-B,PKR-025,MULTI,UPS 2nd Day Air,GROUND
ORD-1242555,2025-05-29,12:25:42,SKU-03429,2,E-01R-007-3-B,PKR-026,MULTI,USPS Priority Mail,GROUND
ORD-1241440,2025-05-29,19:31:15,SKU-02366,1,A-01R-020-4-A,PKR-025,MULTI,FedEx Ground,GROUND
ORD-1239237,2025-05-29,16:14:46,SKU-02585,2,A-01R-012-4-A,PKR-010,MULTI,FedEx Ground,PRIORITY_2D
ORD-1238649,2025-05-29,17:14:50,SKU-04041,1,A-02R-002-2-B,PKR-011,MULTI,FedEx Ground,GROUND
ORD-1240535,2025-05-29,12:18:41,SKU-03817,2,D-02R-026-4-B,PKR-015,MULTI,FedEx Ground,PRIORITY_2D
ORD-1243910,2025-05-29,11:35:02,SKU-01022,2,C-03L-013-3-A,PKR-012,MULTI,UPS Ground,STANDARD_OVERNIGHT
ORD-1240727,2025-05-29,13:51:26,SKU-04457,2,A-01L-020-2-B,PKR-004,MULTI,FedEx Ground,GROUND
ORD-1242479,2025-05-29,18:52:37,SKU-03018,1,C-02L-015-3-B,PKR-010,MULTI,FedEx 2Day,PRIORITY_2D
ORD-1240975,2025-05-29,15:17:27,SKU-02908,2,B-02L-005-3-A,PKR-025,MULTI,UPS Ground,GROUND
ORD-1238267,2025-05-29,06:04:21,SKU-00765,2,B-04L-009-2-A,PKR-019,MULTI,USPS Priority Mail,GROUND
ORD-1240837,2025-05-29,06:02:09,SKU-01803,1,B-03R-020-1-A,PKR-022,MULTI,USPS Priority Mail,PRIORITY_2D
ORD-1243307,2025-05-29,10:00:27,SKU-02366,2,A-01R-020-4-A,PKR-019,MULTI,UPS Ground,PRIORITY_2D
ORD-1239249,2025-05-29,07:24:01,SKU-02125,2,A-01R-020-2-B,PKR-014,MULTI,USPS Priority Mail,GROUND
ORD-1237578,2025-05-29,13:26:52,SKU-02892,1,D-01R-021-3-A,PKR-032,MULTI,FedEx Ground,GROUND
ORD-1239462,2025-05-29,21:39:52,SKU-03358,2,C-02R-018-5-B,PKR-028,MULTI,UPS Ground,GROUND
ORD-1242309,2025-05-29,06:25:54,SKU-02725,1,D-02L-015-5-A,PKR-029,MULTI,USPS Priority Mail,GROUND
ORD-1242053,2025-05-29,06:35:29,SKU-02115,2,B-02R-018-5-A,PKR-032,MULTI,UPS Ground,GROUND
ORD-1239078,2025-05-29,06:30:40,SKU-03727,2,B-02R-023-4-A,PKR-003,SINGLE,USPS Priority Mail,GROUND
ORD-1241530,2025-05-29,11:41:35,SKU-02585,1,A-01R-012-4-A,PKR-032,MULTI,UPS Ground,GROUND
ORD-1243305,2025-05-29,11:47:52,SKU-02932,2,A-01R-025-4-B,PKR-031,SINGLE,USPS Priority Mail,GROUND
ORD-1241684,2025-05-29,11:33:32,SKU-02298,2,A-01L-014-4-A,PKR-028,MULTI,FedEx Ground,GROUND
ORD-1241194,2025-05-29,07:23:43,SKU-03823,2,C-02R-020-1-B,PKR-028,MULTI,UPS Ground,GROUND
ORD-1237490,2025-05-29,11:35:22,SKU-01204,2,A-03R-016-1-B,PKR-009,MULTI,USPS Priority Mail,GROUND
ORD-1242247,2025-05-29,18:08:56,SKU-02908,2,B-02L-005-3-A,PKR-019,MULTI,FedEx 2Day,PRIORITY_2D
ORD-1240988,2025-05-29,19:41:31,SKU-02870,2,D-02L-009-3-B,PKR-014,MULTI,FedEx Ground,GROUND
ORD-1240555,2025-05-29,15:52:46,SKU-04041,2,A-02R-002-2-B,PKR-018,MULTI,FedEx Ground,GROUND
ORD-1239975,2025-05-29,18:34:15,SKU-02609,2,C-01R-013-1-B,PKR-028,MULTI,USPS Priority Mail,GROUND
ORD-1240021,2025-05-29,19:16:49,SKU-00779,2,B-04L-003-4-B,PKR-032,MULTI,FedEx Ground,GROUND
ORD-1237301,2025-05-29,20:14:10,SKU-02569,2,E-01L-018-3-A,PKR-010,MULTI,UPS Ground,GROUND
ORD-1241346,2025-05-29,19:34:18,SKU-01124,2,B-03R-007-4-A,PKR-013,MULTI,UPS Ground,PRIORITY_2D
ORD-1239828,2025-05-29,21:04:21,SKU-04328,2,A-02L-021-1-B,PKR-020,MULTI,USPS Priority Mail,PRIORITY_2D
ORD-1239423,2025-05-29,09:05:56,SKU-01652,1,B-04R-013-1-B,PKR-009,MULTI,FedEx Ground,GROUND
ORD-1241986,2025-05-29,06:39:49,SKU-02290,2,B-02L-026-5-B,PKR-001,MULTI,UPS Ground,GROUND
ORD-1237666,2025-05-29,08:55:07,SKU-00017,2,B-03R-001-4-B,PKR-012,MULTI,FedEx 2Day,GROUND
ORD-1239265,2025-05-29,14:39:33,SKU-02836,2,A-02R-009-1-B,PKR-017,MULTI,UPS Ground,GROUND
ORD-1240315,2025-05-29,12:56:00,SKU-01721,1,A-04L-015-4-B,PKR-002,MULTI,FedEx 2Day,STANDARD_OVERNIGHT
ORD-1239330,2025-05-29,12:48:19,SKU-02585,2,A-01R-012-4-A,PKR-023,MULTI,UPS 2nd Day Air,GROUND
ORD-1242796,2025-05-29,18:25:43,SKU-04623,2,B-01R-007-5-A,PKR-003,MULTI,UPS Ground,GROUND
ORD-1236217,2025-05-29,10:39:19,SKU-00341,2,A-04R-007-1-A,PKR-031,SINGLE,USPS Priority Mail,PRIORITY_2D
ORD-1236394,2025-05-29,09:57:18,SKU-04562,1,D-01L-017-2-B,PKR-026,MULTI,USPS Priority Mail,GROUND
ORD-1236030,2025-05-29,17:35:49,SKU-04895,2,B-02L-011-5-A,PKR-013,MULTI,FedEx 2Day,PRIORITY_2D
ORD-1236431,2025-05-29,16:55:06,SKU-00054,1,C-03L-020-3-A,PKR-028,MULTI,UPS Ground,PRIORITY_2D
ORD-1238952,2025-05-29,17:04:42,SKU-04328,1,A-02L-021-1-B,PKR-005,MULTI,UPS Ground,STANDARD_OVERNIGHT
ORD-1238576,2025-05-29,11:43:03,SKU-02366,2,A-01R-020-4-A,PKR-030,MULTI,FedEx Ground,GROUND
ORD-1236570,2025-05-29,13:33:58,SKU-04025,1,C-01L-004-5-A,PKR-015,MULTI,UPS Ground,STANDARD_OVERNIGHT
ORD-1236181,2025-05-29,15:42:21,SKU-04878,2,B-01R-016-3-B,PKR-025,MULTI,UPS Ground,STANDARD_OVERNIGHT
ORD-1239588,2025-05-29,09:16:22,SKU-03640,1,B-02L-016-1-A,PKR-001,SINGLE,UPS Ground,GROUND
ORD-1240284,2025-05-29,20:28:12,SKU-00367,1,A-04L-014-1-B,PKR-017,MULTI,FedEx Ground,GROUND
ORD-1241017,2025-05-29,08:28:42,SKU-03727,1,B-02R-023-4-A,PKR-019,MULTI,USPS Priority Mail,GROUND
ORD-1240408,2025-05-29,09:03:14,SKU-02104,2,B-01R-002-1-A,PKR-010,MULTI,FedEx Ground,GROUND
ORD-1239441,2025-05-29,19:33:31,SKU-02522,2,E-01R-002-5-A,PKR-031,MULTI,UPS Ground,GROUND
ORD-1243111,2025-05-29,08:08:02,SKU-04516,2,C-02L-006-4-A,PKR-003,MULTI,USPS Priority Mail,GROUND
ORD-1242570,2025-05-29,17:24:09,SKU-02366,1,A-01R-020-4-A,PKR-032,MULTI,UPS Ground,GROUND
ORD-1241749,2025-05-29,17:49:43,SKU-02564,1,C-01L-011-5-B,PKR-016,MULTI,USPS Priority Mail,GROUND
ORD-1239975,2025-05-29,18:34:15,SKU-00137,2,B-03R-003-1-B,PKR-028,MULTI,USPS Priority Mail,GROUND
ORD-1236751,2025-05-29,14:01:05,SKU-00553,2,A-04L-016-4-B,PKR-028,MULTI,FedEx Ground,GROUND
ORD-1242943,2025-05-29,10:22:27,SKU-02104,2,B-01R-002-1-A,PKR-027,MULTI,FedEx 2Day,GROUND
ORD-1240790,2025-05-29,12:00:47,SKU-04328,2,A-02L-021-1-B,PKR-008,MULTI,FedEx 2Day,GROUND
ORD-1243351,2025-05-29,07:32:32,SKU-02796,1,A-02L-004-2-B,PKR-008,MULTI,FedEx Ground,GROUND
ORD-1237451,2025-05-29,08:04:27,SKU-02517,2,A-02L-010-1-B,PKR-005,MULTI,UPS Ground,PRIORITY_2D
ORD-1237623,2025-05-29,14:57:47,SKU-03055,1,C-01R-013-5-A,PKR-030,MULTI,USPS Priority Mail,GROUND
ORD-1240715,2025-05-29,08:59:56,SKU-02908,1,B-02L-005-3-A,PKR-019,MULTI,UPS Ground,GROUND
ORD-1243180,2025-05-29,08:55:52,SKU-02366,2,A-01R-020-4-A,PKR-016,MULTI,FedEx Ground,GROUND
ORD-1238441,2025-05-29,08:26:50,SKU-01204,2,A-03R-016-1-B,PKR-023,MULTI,USPS Priority Mail,GROUND
ORD-1243807,2025-05-29,18:03:42,SKU-02366,2,A-01R-020-4-A,PKR-028,MULTI,UPS Ground,GROUND
ORD-1239922,2025-05-29,06:36:25,SKU-00724,1,E-04R-005-3-A,PKR-026,MULTI,FedEx 2Day,GROUND
ORD-1236459,2025-05-29,16:43:22,SKU-04328,1,A-02L-021-1-B,PKR-026,MULTI,USPS Priority Mail,GROUND
ORD-1242386,2025-05-29,19:03:09,SKU-02125,1,A-01R-020-2-B,PKR-005,MULTI,USPS Priority Mail,GROUND
ORD-1236371,2025-05-29,06:09:43,SKU-01490,2,B-04R-009-1-A,PKR-017,SINGLE,UPS Ground,GROUND
ORD-1243416,2025-05-29,14:01:47,SKU-03337,2,C-01R-021-4-A,PKR-006,MULTI,USPS Priority Mail,GROUND
ORD-1242913,2025-05-29,13:13:58,SKU-00985,2,B-04L-011-1-B,PKR-024,MULTI,USPS Priority Mail,STANDARD_OVERNIGHT
ORD-1238131,2025-05-29,12:29:22,SKU-02724,1,A-02L-023-3-B,PKR-029,MULTI,UPS Ground,PRIORITY_2D
ORD-1236985,2025-05-29,09:50:24,SKU-04439,1,C-02R-022-3-A,PKR-009,MULTI,FedEx Ground,GROUND
ORD-1243455,2025-05-29,10:39:48,SKU-02306,2,E-01R-017-4-A,PKR-008,MULTI,FedEx Ground,GROUND
ORD-1238759,2025-05-29,11:12:36,SKU-03727,1,B-02R-023-4-A,PKR-013,MULTI,FedEx Ground,GROUND
ORD-1237844,2025-05-29,10:55:15,SKU-02859,2,A-01L-018-3-A,PKR-012,MULTI,USPS Priority Mail,PRIORITY_2D
ORD-1241205,2025-05-29,06:02:24,SKU-02104,2,B-01R-002-1-A,PKR-012,MULTI,USPS Priority Mail,GROUND
ORD-1236906,2025-05-29,06:33:27,SKU-02585,1,A-01R-012-4-A,PKR-013,MULTI,FedEx 2Day,GROUND
ORD-1241483,2025-05-29,08:12:49,SKU-00585,1,C-04R-005-4-B,PKR-005,MULTI,FedEx Ground,GROUND
ORD-1243029,2025-05-29,13:54:22,SKU-02070,1,B-02R-020-3-B,PKR-018,MULTI,UPS 2nd Day Air,GROUND
ORD-1243403,2025-05-29,20:26:02,SKU-04041,1,A-02R-002-2-B,PKR-024,MULTI,FedEx Ground,PRIORITY_2D
ORD-1237788,2025-05-29,20:51:42,SKU-01873,1,B-03R-018-4-A,PKR-003,MULTI,FedEx 2Day,GROUND
ORD-1242321,2025-05-29,07:44:56,SKU-00872,1,A-04L-005-1-A,PKR-024,MULTI,UPS 2nd Day Air,GROUND
ORD-1240217,2025-05-29,21:48:16,SKU-03197,2,A-01R-017-4-A,PKR-013,MULTI,FedEx Ground,GROUND
ORD-1240028,2025-05-29,13:39:44,SKU-00348,2,B-03R-013-4-B,PKR-022,MULTI,USPS Priority Mail,GROUND
ORD-1238236,2025-05-29,21:41:59,SKU-02104,1,B-01R-002-1-A,PKR-020,MULTI,FedEx Ground,GROUND
ORD-1237626,2025-05-29,13:52:46,SKU-02125,2,A-01R-020-2-B,PKR-004,MULTI,FedEx 2Day,GROUND
ORD-1243248,2025-05-29,20:57:48,SKU-04548,2,D-01R-017-3-B,PKR-032,MULTI,FedEx Ground,GROUND
ORD-1247123,2025-05-30,14:38:41,SKU-02086,2,B-02L-002-2-A,PKR-024,MULTI,USPS Priority Mail,GROUND
ORD-1245986,2025-05-30,10:10:16,SKU-00341,2,A-04R-007-1-A,PKR-009,MULTI,USPS Priority Mail,GROUND
ORD-1249220,2025-05-30,07:26:12,SKU-04411,2,A-01L-011-5-B,PKR-002,MULTI,USPS Priority Mail,GROUND
ORD-1246123,2025-05-30,19:14:53,SKU-02185,2,C-01R-009-4-B,PKR-004,MULTI,UPS Ground,GROUND
ORD-1248365,2025-05-30,09:49:01,SKU-02779,2,B-02L-020-2-A,PKR-009,MULTI,UPS Ground,GROUND
ORD-1251209,2025-05-30,17:27:38,SKU-04328,1,A-02L-021-1-B,PKR-026,MULTI,UPS Ground,GROUND
ORD-1250303,2025-05-30,17:47:15,SKU-02609,1,C-01R-013-1-B,PKR-009,MULTI,UPS Ground,GROUND
ORD-1248409,2025-05-30,10:46:10,SKU-04814,2,B-02R-017-4-A,PKR-020,MULTI,FedEx Ground,GROUND
ORD-1249161,2025-05-30,14:35:47,SKU-01672,2,C-04R-007-1-A,PKR-016,MULTI,USPS Priority Mail,STANDARD_OVERNIGHT
ORD-1249419,2025-05-30,18:36:43,SKU-00345,2,C-03R-006-3-B,PKR-031,MULTI,UPS Ground,GROUND
ORD-1246657,2025-05-30,11:54:38,SKU-03496,2,B-01R-016-5-B,PKR-017,MULTI,USPS Priority Mail,GROUND
ORD-1245966,2025-05-30,07:24:04,SKU-04871,2,A-02L-019-4-B,PKR-010,MULTI,USPS Priority Mail,GROUND
ORD-1245859,2025-05-30,18:06:20,SKU-04328,2,A-02L-021-1-B,PKR-018,MULTI,USPS Priority Mail,PRIORITY_2D
ORD-1249494,2025-05-30,20:25:36,SKU-04639,2,B-01L-011-4-B,PKR-002,MULTI,UPS Ground,GROUND
ORD-1244395,2025-05-30,14:16:25,SKU-04304,2,A-02R-022-3-B,PKR-013,MULTI,USPS Priority Mail,GROUND
ORD-1248671,2025-05-30,07:08:27,SKU-04973,2,E-01R-014-1-A,PKR-019,MULTI,UPS Ground,GROUND
ORD-1246993,2025-05-30,09:53:09,SKU-04328,1,A-02L-021-1-B,PKR-005,MULTI,FedEx Ground,GROUND
ORD-1248865,2025-05-30,13:11:42,SKU-03727,2,B-02R-023-4-A,PKR-004,MULTI,UPS Ground,GROUND
ORD-1250925,2025-05-30,09:07:52,SKU-04370,2,A-02R-026-5-A,PKR-027,MULTI,USPS Priority Mail,GROUND
ORD-1251489,2025-05-30,06:46:52,SKU-04878,2,B-01R-016-3-B,PKR-031,MULTI,UPS 2nd Day Air,GROUND
ORD-1251539,2025-05-30,07:41:05,SKU-01915,2,A-04R-017-2-B,PKR-006,MULTI,USPS Priority Mail,PRIORITY_2D
ORD-1245364,2025-05-30,10:14:26,SKU-00127,1,D-04L-003-3-B,PKR-015,MULTI,FedEx Ground,GROUND
ORD-1246421,2025-05-30,19:23:34,SKU-02908,1,B-02L-005-3-A,PKR-023,MULTI,USPS Priority Mail,GROUND
ORD-1249569,2025-05-30,19:33:20,SKU-01964,2,D-04R-016-2-B,PKR-026,MULTI,FedEx Ground,PRIORITY_2D
ORD-1245030,2025-05-30,10:01:54,SKU-03761,1,D-01R-019-1-A,PKR-005,MULTI,USPS Priority Mail,GROUND
ORD-1251837,2025-05-30,14:17:24,SKU-01121,2,B-04R-017-4-A,PKR-027,SINGLE,UPS Ground,GROUND
ORD-1249176,2025-05-30,13:45:03,SKU-02366,1,A-01R-020-4-A,PKR-030,MULTI,UPS Ground,PRIORITY_2D
ORD-1251350,2025-05-30,08:30:07,SKU-02908,2,B-02L-005-3-A,PKR-027,MULTI,FedEx 2Day,GROUND
ORD-1244464,2025-05-30,19:10:17,SKU-03670,2,C-01R-024-4-A,PKR-010,MULTI,FedEx Ground,GROUND
ORD-1246576,2025-05-30,07:22:25,SKU-04889,2,A-01L-015-2-B,PKR-032,MULTI,UPS Ground,GROUND
ORD-1244644,2025-05-30,16:59:26,SKU-00872,1,A-04L-005-1-A,PKR-032,MULTI,USPS Priority Mail,PRIORITY_2D
ORD-1248827,2025-05-30,21:13:06,SKU-04528,2,B-02R-014-3-B,PKR-016,SINGLE,UPS Ground,PRIORITY_2D
ORD-1244613,2025-05-30,07:24:47,SKU-04041,1,A-02R-002-2-B,PKR-001,MULTI,USPS Priority Mail,GROUND
ORD-1246894,2025-05-30,15:03:42,SKU-04328,1,A-02L-021-1-B,PKR-016,MULTI,UPS Ground,GROUND
ORD-1249765,2025-05-30,16:02:26,SKU-00872,2,A-04L-005-1-A,PKR-002,MULTI,USPS Priority Mail,GROUND
ORD-1249748,2025-05-30,18:30:58,SKU-00838,2,A-03L-009-1-B,PKR-022,MULTI,UPS Ground,PRIORITY_2D
ORD-1250385,2025-05-30,14:21:38,SKU-02908,2,B-02L-005-3-A,PKR-013,MULTI,FedEx Ground,PRIORITY_2D
ORD-1251918,2025-05-30,08:30:32,SKU-02961,2,B-02R-006-3-A,PKR-017,MULTI,USPS Priority Mail,STANDARD_OVERNIGHT
ORD-1249017,2025-05-30,10:44:37,SKU-03188,1,C-02L-011-2-A,PKR-002,MULTI,FedEx Ground,STANDARD_OVERNIGHT
ORD-1251507,2025-05-30,11:11:52,SKU-04719,2,B-01L-006-4-B,PKR-002,MULTI,FedEx Ground,GROUND
ORD-1244684,2025-05-30,21:25:00,SKU-01899,2,E-04L-002-2-B,PKR-014,MULTI,UPS Ground,STANDARD_OVERNIGHT
ORD-1250108,2025-05-30,09:04:18,SKU-02044,1,A-01R-023-5-B,PKR-002,MULTI,USPS Priority Mail,PRIORITY_2D
ORD-1247773,2025-05-30,06:23:54,SKU-04435,1,A-02R-016-4-A,PKR-021,MULTI,FedEx Ground,GROUND
ORD-1245575,2025-05-30,20:33:10,SKU-02004,1,E-02L-022-4-B,PKR-007,MULTI,FedEx Ground,GROUND
ORD-1248179,2025-05-30,10:41:33,SKU-02383,1,A-02L-013-5-A,PKR-018,MULTI,UPS Ground,GROUND
ORD-1244297,2025-05-30,14:35:14,SKU-00459,2,B-03R-017-3-B,PKR-020,MULTI,FedEx Ground,GROUND
ORD-1245397,2025-05-30,11:58:08,SKU-02119,2,A-02R-008-5-B,PKR-001,MULTI,UPS Ground,GROUND
ORD-1245402,2025-05-30,12:35:20,SKU-03327,2,A-02R-009-2-B,PKR-002,MULTI,UPS Ground,GROUND
ORD-1246072,2025-05-30,17:35:51,SKU-00838,1,A-03L-009-1-B,PKR-031,MULTI,UPS Ground,GROUND
ORD-1247604,2025-05-30,21:12:04,SKU-00585,1,C-04R-005-4-B,PKR-019,MULTI,UPS Ground,GROUND
ORD-1245319,2025-05-30,16:42:46,SKU-02206,2,A-01R-015-5-B,PKR-024,MULTI,FedEx Ground,PRIORITY_2D
ORD-1249783,2025-05-30,06:20:29,SKU-04041,1,A-02R-002-2-B,PKR-031,MULTI,FedEx Ground,GROUND
ORD-1244463,2025-05-30,07:05:33,SKU-03620,2,E-02L-026-3-B,PKR-029,MULTI,UPS Ground,GROUND
ORD-1244325,2025-05-30,09:46:51,SKU-04328,2,A-02L-021-1-B,PKR-004,MULTI,FedEx Ground,GROUND
ORD-1244879,2025-05-30,21:19:13,SKU-04041,2,A-02R-002-2-B,PKR-028,MULTI,UPS Ground,PRIORITY_2D
ORD-1250476,2025-05-30,11:17:09,SKU-02323,2,C-01R-014-4-B,PKR-026,MULTI,FedEx Ground,GROUND
ORD-1248869,2025-05-30,06:43:08,SKU-02576,2,E-01R-010-3-A,PKR-028,MULTI,UPS 2nd Day Air,PRIORITY_2D
ORD-1244441,2025-05-30,06:18:55,SKU-02299,1,D-02R-009-1-B,PKR-022,MULTI,FedEx Ground,GROUND
ORD-1247773,2025-05-30,06:23:54,SKU-02070,2,B-02R-020-3-B,PKR-021,MULTI,FedEx Ground,GROUND
ORD-1247618,2025-05-30,14:42:08,SKU-03828,2,C-01R-013-4-B,PKR-009,MULTI,UPS Ground,GROUND
ORD-1248396,2025-05-30,13:23:33,SKU-00241,2,D-04R-016-4-B,PKR-024,MULTI,UPS Ground,PRIORITY_2D
ORD-1247483,2025-05-30,07:03:46,SKU-01428,2,A-03L-006-4-A,PKR-021,SINGLE,UPS 2nd Day Air,GROUND
ORD-1247667,2025-05-30,20:28:00,SKU-02016,2,A-02L-016-1-A,PKR-011,MULTI,USPS Priority Mail,GROUND
ORD-1249534,2025-05-30,19:48:55,SKU-01517,1,D-03R-001-4-B,PKR-026,SINGLE,UPS Ground,PRIORITY_2D
ORD-1248642,2025-05-30,16:54:06,SKU-00872,1,A-04L-005-1-A,PKR-014,MULTI,UPS Ground,GROUND
ORD-1251651,2025-05-30,17:32:22,SKU-00326,1,B-04L-006-2-B,PKR-012,MULTI,FedEx 2Day,PRIORITY_2D
ORD-1250670,2025-05-30,11:52:33,SKU-02085,2,D-02R-008-1-A,PKR-001,MULTI,FedEx Ground,GROUND
ORD-1247184,2025-05-30,16:18:33,SKU-04608,2,A-02L-025-1-B,PKR-015,SINGLE,USPS Priority Mail,GROUND
ORD-1244261,2025-05-30,16:52:44,SKU-04865,2,A-01R-011-4-B,PKR-024,MULTI,FedEx Ground,GROUND
ORD-1251620,2025-05-30,13:51:05,SKU-04457,1,A-01L-020-2-B,PKR-030,MULTI,UPS Ground,GROUND
ORD-1250097,2025-05-30,17:26:18,SKU-01019,1,B-03R-014-1-A,PKR-002,MULTI,FedEx Ground,GROUND
ORD-1245928,2025-05-30,13:57:59,SKU-02104,2,B-01R-002-1-A,PKR-019,MULTI,FedEx Ground,GROUND
ORD-1247533,2025-05-30,21:24:21,SKU-04027,1,A-02L-008-5-B,PKR-009,MULTI,USPS Priority Mail,GROUND
ORD-1246863,2025-05-30,15:53:35,SKU-03881,2,B-02R-002-4-A,PKR-009,MULTI,UPS Ground,GROUND
ORD-1248381,2025-05-30,16:11:43,SKU-00017,2,B-03R-001-4-B,PKR-010,MULTI,FedEx 2Day,PRIORITY_2D
ORD-1251266,2025-05-30,17:28:31,SKU-04911,2,B-02L-008-2-B,PKR-028,MULTI,FedEx 2Day,STANDARD_OVERNIGHT
ORD-1250757,2025-05-30,17:12:36,SKU-02789,1,A-01L-003-2-A,PKR-030,MULTI,USPS Priority Mail,PRIORITY_2D
ORD-1245146,2025-05-30,17:41:00,SKU-02908,2,B-02L-005-3-A,PKR-007,MULTI,UPS Ground,STANDARD_OVERNIGHT
ORD-1248041,2025-05-30,07:48:13,SKU-04375,2,A-02L-002-3-B,PKR-005,MULTI,FedEx Ground,GROUND
ORD-1246537,2025-05-30,19:26:07,SKU-01490,2,B-04R-009-1-A,PKR-002,MULTI,FedEx Ground,STANDARD_OVERNIGHT
ORD-1249723,2025-05-30,18:43:45,SKU-02585,2,A-01R-012-4-A,PKR-010,MULTI,UPS Ground,GROUND
ORD-1249434,2025-05-30,08:59:20,SKU-04041,2,A-02R-002-2-B,PKR-011,MULTI,FedEx Ground,GROUND
ORD-1247872,2025-05-30,08:09:56,SKU-03568,2,A-02R-024-1-B,PKR-012,MULTI,FedEx Ground,GROUND
ORD-1244929,2025-05-30,16:55:07,SKU-01073,1,B-04R-005-1-A,PKR-009,MULTI,FedEx Ground,GROUND
ORD-1250547,2025-05-30,13:19:42,SKU-02144,2,A-02R-006-3-B,PKR-001,MULTI,UPS Ground,GROUND
ORD-1246144,2025-05-30,12:27:45,SKU-04328,2,A-02L-021-1-B,PKR-021,SINGLE,USPS Priority Mail,GROUND
ORD-1248582,2025-05-30,21:59:15,SKU-02272,1,A-02R-002-5-A,PKR-028,MULTI,UPS Ground,GROUND
ORD-1250672,2025-05-30,12:22:43,SKU-00420,1,A-03R-014-1-A,PKR-015,MULTI,UPS Ground,GROUND
ORD-1248253,2025-05-30,08:42:10,SKU-01121,2,B-04R-017-4-A,PKR-032,MULTI,FedEx Ground,GROUND
ORD-1245914,2025-05-30,08:50:09,SKU-02681,2,A-01R-018-4-B,PKR-029,MULTI,UPS Ground,GROUND
ORD-1245883,2025-05-30,13:44:20,SKU-02202,2,C-01R-025-1-B,PKR-028,MULTI,FedEx Ground,STANDARD_OVERNIGHT
ORD-1247617,2025-05-30,15:42:17,SKU-03138,1,A-01L-012-4-B,PKR-018,MULTI,USPS Priority Mail,GROUND
ORD-1246669,2025-05-30,19:05:42,SKU-03727,1,B-02R-023-4-A,PKR-009,MULTI,FedEx Ground,GROUND
ORD-1245518,2025-05-30,17:21:25,SKU-01999,2,A-04L-007-3-A,PKR-006,MULTI,FedEx Ground,GROUND
ORD-1245953,2025-05-30,21:32:54,SKU-00035,2,D-04L-019-1-B,PKR-022,MULTI,UPS Ground,GROUND
ORD-1244697,2025-05-30,21:08:41,SKU-04739,2,E-02R-026-5-A,PKR-021,MULTI,UPS 2nd Day Air,GROUND
ORD-1246939,2025-05-30,07:11:41,SKU-02272,1,A-02R-002-5-A,PKR-007,MULTI,FedEx Ground,PRIORITY_2D
ORD-1247878,2025-05-30,18:29:20,SKU-03727,2,B-02R-023-4-A,PKR-024,MULTI,UPS 2nd Day Air,STANDARD_OVERNIGHT
ORD-1244378,2025-05-30,19:13:22,SKU-03077,2,B-02L-012-4-B,PKR-023,MULTI,UPS Ground,GROUND
ORD-1244071,2025-05-30,11:04:28,SKU-03991,1,A-02L-011-2-A,PKR-028,MULTI,USPS Priority Mail,GROUND
ORD-1249668,2025-05-30,09:21:06,SKU-00345,2,C-03R-006-3-B,PKR-030,MULTI,FedEx Ground,GROUND
ORD-1245268,2025-05-30,14:27:02,SKU-00872,2,A-04L-005-1-A,PKR-017,MULTI,FedEx Ground,GROUND
ORD-1248152,2025-05-30,07:09:55,SKU-04041,1,A-02R-002-2-B,PKR-030,MULTI,UPS Ground,PRIORITY_2D
ORD-1247839,2025-05-30,08:10:09,SKU-02779,2,B-02L-020-2-A,PKR-025,MULTI,USPS Priority Mail,GROUND
ORD-1251959,2025-05-30,14:33:16,SKU-00261,1,D-04R-011-1-B,PKR-018,MULTI,UPS Ground,PRIORITY_2D
ORD-1247745,2025-05-30,21:53:04,SKU-00872,1,A-04L-005-1-A,PKR-020,MULTI,UPS Ground,GROUND
ORD-1246467,2025-05-30,19:16:50,SKU-03236,1,A-02L-012-2-B,PKR-013,MULTI,FedEx Ground,GROUND
ORD-1244006,2025-05-30,09:29:47,SKU-04890,2,A-02R-006-5-B,PKR-012,MULTI,FedEx Ground,GROUND
ORD-1247043,2025-05-30,14:15:31,SKU-02104,1,B-01R-002-1-A,PKR-018,MULTI,USPS Priority Mail,PRIORITY_2D
ORD-1245128,2025-05-30,07:37:46,SKU-04775,2,A-02R-001-5-B,PKR-022,MULTI,UPS Ground,GROUND
ORD-1249865,2025-05-30,11:36:37,SKU-02564,1,C-01L-011-5-B,PKR-025,MULTI,UPS Ground,GROUND
ORD-1246281,2025-05-30,11:33:49,SKU-00403,1,B-03L-009-1-B,PKR-008,MULTI,USPS Priority Mail,GROUND
ORD-1246656,2025-05-30,14:01:00,SKU-04328,2,A-02L-021-1-B,PKR-028,MULTI,UPS Ground,STANDARD_OVERNIGHT
ORD-1249854,2025-05-30,19:16:47,SKU-02632,2,B-01R-003-1-A,PKR-005,MULTI,FedEx Ground,PRIORITY_2D
ORD-1250056,2025-05-30,07:49:01,SKU-03031,1,C-02R-009-2-A,PKR-030,MULTI,USPS Priority Mail,PRIORITY_2D
ORD-1247448,2025-05-30,11:36:45,SKU-00436,2,C-03R-008-1-A,PKR-023,SINGLE,USPS Priority Mail,GROUND
ORD-1250360,2025-05-30,08:47:46,SKU-00567,2,D-04L-003-1-B,PKR-001,MULTI,USPS Priority Mail,GROUND
ORD-1245605,2025-05-30,09:13:45,SKU-04328,2,A-02L-021-1-B,PKR-004,SINGLE,USPS Priority Mail,PRIORITY_2D
ORD-1246655,2025-05-30,16:44:27,SKU-02154,1,B-02R-026-5-A,PKR-014,MULTI,FedEx Ground,GROUND
ORD-1246490,2025-05-30,21:13:18,SKU-04116,2,B-02L-002-3-A,PKR-030,SINGLE,UPS Ground,PRIORITY_2D
ORD-1245457,2025-05-30,09:09:21,SKU-04328,2,A-02L-021-1-B,PKR-028,MULTI,FedEx Ground,GROUND
ORD-1246263,2025-05-30,18:09:20,SKU-04019,2,D-01R-008-5-A,PKR-017,MULTI,UPS Ground,GROUND
ORD-1248298,2025-05-30,14:28:51,SKU-04538,1,A-01R-001-1-B,PKR-003,MULTI,FedEx Ground,GROUND
ORD-1245594,2025-05-30,12:29:20,SKU-03164,2,A-02L-018-4-A,PKR-014,MULTI,FedEx Ground,GROUND
ORD-1248301,2025-05-30,09:23:14,SKU-04328,1,A-02L-021-1-B,PKR-016,SINGLE,FedEx Ground,GROUND
ORD-1246920,2025-05-30,08:24:05,SKU-03018,1,C-02L-015-3-B,PKR-003,MULTI,FedEx Ground,GROUND
ORD-1246813,2025-05-30,07:57:53,SKU-04277,2,B-02R-013-3-B,PKR-021,MULTI,USPS Priority Mail,GROUND
ORD-1249575,2025-05-30,14:45:34,SKU-03727,2,B-02R-023-4-A,PKR-026,SINGLE,USPS Priority Mail,GROUND
ORD-1245757,2025-05-30,06:26:55,SKU-04353,2,B-02L-022-4-A,PKR-009,MULTI,USPS Priority Mail,GROUND
ORD-1247228,2025-05-30,17:56:14,SKU-02973,2,B-01R-015-1-A,PKR-024,MULTI,FedEx Ground,GROUND
ORD-1244877,2025-05-30,20:48:07,SKU-04041,2,A-02R-002-2-B,PKR-025,MULTI,FedEx Ground,GROUND
ORD-1251422,2025-05-30,09:19:03,SKU-03130,2,B-01L-007-5-A,PKR-001,MULTI,UPS Ground,PRIORITY_2D
ORD-1246025,2025-05-30,13:41:48,SKU-02125,2,A-01R-020-2-B,PKR-015,MULTI,UPS Ground,PRIORITY_2D
ORD-1246248,2025-05-30,19:20:06,SKU-04041,2,A-02R-002-2-B,PKR-023,MULTI,UPS Ground,GROUND
ORD-1247874,2025-05-30,09:51:45,SKU-01121,2,B-04R-017-4-A,PKR-019,MULTI,USPS Priority Mail,GROUND
ORD-1244390,2025-05-30,08:30:33,SKU-02073,1,B-02L-002-5-A,PKR-030,MULTI,FedEx Ground,GROUND
ORD-1244428,2025-05-30,20:15:16,SKU-04457,2,A-01L-020-2-B,PKR-005,MULTI,USPS Priority Mail,GROUND
ORD-1246636,2025-05-30,14:34:30,SKU-00241,2,D-04R-016-4-B,PKR-007,MULTI,UPS Ground,GROUND
ORD-1244262,2025-05-30,21:46:07,SKU-01042,2,D-04R-006-1-A,PKR-022,MULTI,FedEx Ground,GROUND
ORD-1247038,2025-05-30,12:00:19,SKU-02585,2,A-01R-012-4-A,PKR-018,MULTI,USPS Priority Mail,GROUND
ORD-1244733,2025-05-30,12:57:33,SKU-04219,2,E-01L-012-4-B,PKR-008,MULTI,USPS Priority Mail,PRIORITY_2D
ORD-1245602,2025-05-30,15:58:51,SKU-04528,2,B-02R-014-3-B,PKR-018,MULTI,UPS 2nd Day Air,GROUND
ORD-1244891,2025-05-30,11:51:17,SKU-03512,2,D-01L-018-2-A,PKR-008,MULTI,FedEx Ground,GROUND
ORD-1245680,2025-05-30,18:06:50,SKU-04768,2,A-01R-021-2-A,PKR-022,MULTI,FedEx Ground,GROUND
ORD-1245172,2025-05-30,18:26:53,SKU-00010,2,B-04R-004-2-B,PKR-012,MULTI,UPS Ground,GROUND
ORD-1245479,2025-05-30,08:28:05,SKU-02592,2,C-02L-004-3-B,PKR-014,MULTI,UPS Ground,GROUND
ORD-1245469,2025-05-30,19:28:10,SKU-03635,1,A-02R-019-5-A,PKR-026,MULTI,FedEx Ground,GROUND
ORD-1248351,2025-05-30,10:25:05,SKU-04328,1,A-02L-021-1-B,PKR-023,MULTI,FedEx Ground,GROUND
ORD-1247126,2025-05-30,18:42:33,SKU-01762,1,D-04R-020-1-A,PKR-023,MULTI,UPS 2nd Day Air,PRIORITY_2D
ORD-1245153,2025-05-30,06:55:43,SKU-01873,2,B-03R-018-4-A,PKR-013,MULTI,UPS Ground,PRIORITY_2D
ORD-1244515,2025-05-30,06:14:29,SKU-00353,2,A-04L-018-4-A,PKR-025,MULTI,USPS Priority Mail,GROUND
ORD-1250690,2025-05-30,09:52:00,SKU-04841,1,B-01L-019-4-A,PKR-001,MULTI,FedEx Ground,GROUND
ORD-1244166,2025-05-30,21:51:42,SKU-03049,2,C-02L-003-4-A,PKR-030,MULTI,UPS Ground,PRIORITY_2D
ORD-1249088,2025-05-30,14:28:03,SKU-04623,2,B-01R-007-5-A,PKR-028,MULTI,FedEx Ground,PRIORITY_2D
ORD-1250760,2025-05-30,21:53:30,SKU-01726,2,C-03R-020-4-B,PKR-006,MULTI,UPS Ground,GROUND
ORD-1244566,2025-05-30,11:51:40,SKU-04207,1,C-01R-014-1-A,PKR-015,MULTI,FedEx 2Day,STANDARD_OVERNIGHT
ORD-1251286,2025-05-30,19:42:01,SKU-04448,1,B-02R-020-4-A,PKR-018,MULTI,UPS Ground,GROUND
ORD-1248611,2025-05-30,21:24:18,SKU-01331,1,A-03R-003-4-B,PKR-003,MULTI,UPS Ground,GROUND
ORD-1249003,2025-05-30,12:30:05,SKU-02197,2,D-02L-006-2-A,PKR-003,MULTI,UPS Ground,GROUND
ORD-1245698,2025-05-30,16:44:17,SKU-01170,2,A-03L-002-3-B,PKR-009,MULTI,UPS Ground,GROUND
ORD-1246870,2025-05-30,17:37:05,SKU-03727,1,B-02R-023-4-A,PKR-015,MULTI,UPS Ground,PRIORITY_2D
ORD-1246067,2025-05-30,12:40:35,SKU-04809,2,A-01R-016-2-B,PKR-002,MULTI,UPS 2nd Day Air,GROUND
ORD-1245597,2025-05-30,13:10:41,SKU-01918,2,B-04R-013-2-A,PKR-031,MULTI,UPS Ground,GROUND
ORD-1244024,2025-05-30,16:08:41,SKU-00007,2,B-04L-011-1-A,PKR-030,MULTI,USPS Priority Mail,GROUND
ORD-1251532,2025-05-30,08:57:54,SKU-04370,1,A-02R-026-5-A,PKR-024,MULTI,UPS Ground,GROUND
ORD-1251137,2025-05-30,15:32:25,SKU-00962,2,D-03L-014-4-B,PKR-031,MULTI,UPS Ground,GROUND
ORD-1249304,2025-05-30,21:58:12,SKU-04493,2,B-01R-010-5-A,PKR-003,SINGLE,FedEx 2Day,PRIORITY_2D
ORD-1250953,2025-05-30,09:14:31,SKU-01204,2,A-03R-016-1-B,PKR-009,MULTI,UPS Ground,GROUND
ORD-1248483,2025-05-30,16:54:49,SKU-04860,2,C-01R-022-2-B,PKR-011,MULTI,USPS Priority Mail,GROUND
ORD-1251206,2025-05-30,19:35:25,SKU-01121,2,B-04R-017-4-A,PKR-012,SINGLE,UPS Ground,STANDARD_OVERNIGHT
ORD-1251811,2025-05-30,13:25:59,SKU-02140,2,B-01R-020-2-B,PKR-002,MULTI,UPS Ground,GROUND
ORD-1244461,2025-05-30,10:21:25,SKU-04670,1,C-02R-018-2-B,PKR-025,MULTI,UPS Ground,GROUND
ORD-1245146,2025-05-30,17:41:00,SKU-02428,1,B-01L-024-5-A,PKR-007,MULTI,UPS Ground,STANDARD_OVERNIGHT
ORD-1244693,2025-05-30,21:49:51,SKU-02828,2,A-02L-007-2-A,PKR-014,MULTI,UPS Ground,STANDARD_OVERNIGHT
ORD-1248654,2025-05-30,07:17:27,SKU-02185,2,C-01R-009-4-B,PKR-010,MULTI,UPS Ground,GROUND
ORD-1251768,2025-05-30,06:23:07,SKU-02775,2,C-01R-023-3-A,PKR-001,MULTI,USPS Priority Mail,GROUND
ORD-1244975,2025-05-30,10:01:48,SKU-00037,1,A-03L-004-3-A,PKR-024,MULTI,UPS Ground,GROUND
ORD-1249896,2025-05-30,07:18:34,SKU-00839,1,B-04R-011-4-B,PKR-023,MULTI,USPS Priority Mail,GROUND
ORD-1246895,2025-05-30,11:25:56,SKU-01204,2,A-03R-016-1-B,PKR-003,SINGLE,FedEx Ground,GROUND
ORD-1248824,2025-05-30,08:06:56,SKU-02768,1,D-02R-017-5-B,PKR-006,MULTI,USPS Priority Mail,GROUND
ORD-1246593,2025-05-30,06:04:22,SKU-04704,2,D-02R-023-2-B,PKR-019,MULTI,FedEx Ground,PRIORITY_2D
ORD-1247817,2025-05-30,11:37:45,SKU-03881,2,B-02R-002-4-A,PKR-022,MULTI,USPS Priority Mail,PRIORITY_2D
ORD-1247231,2025-05-30,18:39:40,SKU-04824,1,A-01R-007-4-B,PKR-022,MULTI,UPS Ground,PRIORITY_2D
ORD-1251677,2025-05-30,13:58:09,SKU-03756,2,A-01L-005-3-A,PKR-006,MULTI,UPS 2nd Day Air,GROUND
ORD-1247470,2025-05-30,15:05:32,SKU-04457,1,A-01L-020-2-B,PKR-018,MULTI,UPS Ground,GROUND
ORD-1248617,2025-05-30,06:18:13,SKU-03095,2,B-01L-010-3-A,PKR-017,MULTI,USPS Priority Mail,GROUND
ORD-1244933,2025-05-30,21:49:09,SKU-04037,2,A-02R-011-4-B,PKR-009,MULTI,UPS Ground,STANDARD_OVERNIGHT
ORD-1251444,2025-05-30,08:48:38,SKU-01721,2,A-04L-015-4-B,PKR-015,SINGLE,UPS Ground,GROUND
ORD-1246834,2025-05-30,19:40:33,SKU-02104,1,B-01R-002-1-A,PKR-001,MULTI,USPS Priority Mail,GROUND
ORD-1248000,2025-05-30,06:25:02,SKU-02503,2,E-02L-022-5-B,PKR-022,MULTI,FedEx 2Day,GROUND
ORD-1246391,2025-05-30,10:04:53,SKU-04538,1,A-01R-001-1-B,PKR-004,MULTI,FedEx Ground,GROUND
ORD-1246774,2025-05-30,07:31:13,SKU-02399,2,B-01L-014-1-A,PKR-031,MULTI,UPS Ground,GROUND
ORD-1246854,2025-05-30,20:23:24,SKU-01019,2,B-03R-014-1-A,PKR-023,MULTI,FedEx Ground,PRIORITY_2D
ORD-1251642,2025-05-30,19:46:28,SKU-04608,2,A-02L-025-1-B,PKR-029,MULTI,UPS 2nd Day Air,GROUND
ORD-1251686,2025-05-30,19:02:19,SKU-00224,1,E-04L-008-2-A,PKR-016,MULTI,UPS Ground,GROUND
ORD-1245192,2025-05-30,17:04:26,SKU-04187,2,C-02L-010-1-B,PKR-030,MULTI,FedEx Ground,GROUND
ORD-1251785,2025-05-30,13:58:27,SKU-01532,2,B-03R-008-1-A,PKR-014,MULTI,FedEx 2Day,GROUND
ORD-1249679,2025-05-30,20:55:24,SKU-02659,2,B-02R-007-3-A,PKR-028,MULTI,FedEx 2Day,GROUND
ORD-1247062,2025-05-30,17:27:57,SKU-02180,2,D-01R-011-4-B,PKR-015,MULTI,USPS Priority Mail,GROUND
ORD-1250379,2025-05-30,10:03:17,SKU-04868,2,D-02R-020-4-A,PKR-024,MULTI,FedEx Ground,GROUND
ORD-1245841,2025-05-30,20:16:04,SKU-00137,2,B-03R-003-1-B,PKR-019,SINGLE,UPS Ground,GROUND
ORD-1248716,2025-05-30,15:54:21,SKU-00076,1,C-03R-008-3-B,PKR-008,MULTI,UPS Ground,STANDARD_OVERNIGHT
ORD-1247192,2025-05-30,13:24:53,SKU-03713,1,C-01L-016-1-B,PKR-030,MULTI,UPS Ground,GROUND
ORD-1248588,2025-05-30,21:07:59,SKU-00872,2,A-04L-005-1-A,PKR-016,MULTI,UPS Ground,GROUND
ORD-1252673,2025-05-31,20:48:28,SKU-04813,1,C-02L-008-2-B,PKR-012,MULTI,FedEx Ground,GROUND
ORD-1255738,2025-05-31,17:11:49,SKU-03823,1,C-02R-020-1-B,PKR-021,MULTI,USPS Priority Mail,GROUND
ORD-1255375,2025-05-31,21:42:26,SKU-02609,2,C-01R-013-1-B,PKR-002,MULTI,USPS Priority Mail,PRIORITY_2D
ORD-1254716,2025-05-31,07:16:28,SKU-02836,2,A-02R-009-1-B,PKR-018,MULTI,FedEx Ground,PRIORITY_2D
ORD-1252037,2025-05-31,14:22:01,SKU-04328,2,A-02L-021-1-B,PKR-004,MULTI,UPS Ground,GROUND
ORD-1255001,2025-05-31,20:44:43,SKU-04528,1,B-02R-014-3-B,PKR-029,MULTI,USPS Priority Mail,GROUND
ORD-1254617,2025-05-31,21:46:45,SKU-01593,1,A-03L-001-4-A,PKR-018,MULTI,FedEx Ground,GROUND
ORD-1254777,2025-05-31,10:09:29,SKU-03727,2,B-02R-023-4-A,PKR-002,MULTI,UPS Ground,GROUND
ORD-1254892,2025-05-31,12:43:44,SKU-04370,2,A-02R-026-5-A,PKR-017,MULTI,USPS Priority Mail,GROUND
ORD-1253477,2025-05-31,17:04:00,SKU-00872,2,A-04L-005-1-A,PKR-012,MULTI,FedEx Ground,GROUND
ORD-1253214,2025-05-31,13:06:07,SKU-00872,2,A-04L-005-1-A,PKR-003,MULTI,USPS Priority Mail,GROUND
ORD-1255985,2025-05-31,08:08:36,SKU-02037,1,E-01R-008-2-A,PKR-007,MULTI,USPS Priority Mail,GROUND
ORD-1252265,2025-05-31,09:30:43,SKU-04328,1,A-02L-021-1-B,PKR-029,MULTI,FedEx 2Day,GROUND
ORD-1253592,2025-05-31,10:16:59,SKU-03830,2,A-02R-011-1-A,PKR-020,MULTI,USPS Priority Mail,GROUND
ORD-1253451,2025-05-31,12:57:20,SKU-03727,2,B-02R-023-4-A,PKR-023,MULTI,UPS 2nd Day Air,GROUND
ORD-1253421,2025-05-31,09:58:09,SKU-02609,1,C-01R-013-1-B,PKR-026,MULTI,FedEx Ground,GROUND
ORD-1252760,2025-05-31,18:21:45,SKU-03032,2,A-02L-020-4-B,PKR-002,MULTI,UPS Ground,GROUND
ORD-1255011,2025-05-31,11:37:49,SKU-03823,2,C-02R-020-1-B,PKR-017,MULTI,FedEx 2Day,GROUND
ORD-1254843,2025-05-31,10:24:32,SKU-02908,2,B-02L-005-3-A,PKR-031,MULTI,UPS 2nd Day Air,PRIORITY_2D
ORD-1252914,2025-05-31,13:06:39,SKU-03490,2,C-01R-021-1-B,PKR-007,MULTI,FedEx 2Day,GROUND
ORD-1254676,2025-05-31,16:48:46,SKU-03648,2,B-02R-022-3-A,PKR-016,MULTI,USPS Priority Mail,GROUND
ORD-1252495,2025-05-31,08:35:20,SKU-00910,2,B-04R-014-3-A,PKR-016,MULTI,USPS Priority Mail,GROUND
ORD-1252744,2025-05-31,10:25:53,SKU-04059,1,D-02L-026-3-B,PKR-027,MULTI,FedEx Ground,GROUND
ORD-1254783,2025-05-31,12:48:22,SKU-00370,2,A-03R-008-4-B,PKR-001,MULTI,FedEx Ground,PRIORITY_2D
ORD-1255028,2025-05-31,10:51:40,SKU-04841,1,B-01L-019-4-A,PKR-012,MULTI,USPS Priority Mail,PRIORITY_2D
ORD-1253602,2025-05-31,13:23:19,SKU-01552,2,A-04R-001-1-B,PKR-005,MULTI,USPS Priority Mail,STANDARD_OVERNIGHT
ORD-1255334,2025-05-31,10:25:48,SKU-00414,2,B-04R-018-1-A,PKR-030,MULTI,UPS 2nd Day Air,GROUND
ORD-1255783,2025-05-31,08:44:20,SKU-04676,1,C-02L-005-2-A,PKR-009,MULTI,USPS Priority Mail,GROUND
ORD-1252469,2025-05-31,14:42:45,SKU-04328,2,A-02L-021-1-B,PKR-017,MULTI,UPS Ground,PRIORITY_2D
ORD-1254450,2025-05-31,20:38:15,SKU-02681,2,A-01R-018-4-B,PKR-028,MULTI,FedEx 2Day,GROUND
ORD-1254884,2025-05-31,09:31:59,SKU-02374,1,B-01R-001-2-A,PKR-007,MULTI,FedEx Ground,GROUND
ORD-1253784,2025-05-31,08:14:48,SKU-00009,2,D-03L-012-4-B,PKR-019,MULTI,UPS Ground,GROUND
ORD-1252714,2025-05-31,07:13:33,SKU-03018,2,C-02L-015-3-B,PKR-002,MULTI,UPS Ground,GROUND
ORD-1255232,2025-05-31,21:36:16,SKU-00473,1,C-04R-003-2-B,PKR-012,MULTI,UPS Ground,GROUND
ORD-1254978,2025-05-31,20:22:16,SKU-02908,2,B-02L-005-3-A,PKR-009,MULTI,FedEx Ground,GROUND
ORD-1255770,2025-05-31,15:33:43,SKU-04041,2,A-02R-002-2-B,PKR-031,MULTI,USPS Priority Mail,GROUND
ORD-1252284,2025-05-31,11:41:01,SKU-04608,1,A-02L-025-1-B,PKR-012,MULTI,FedEx Ground,PRIORITY_2D
ORD-1253788,2025-05-31,15:43:21,SKU-04041,1,A-02R-002-2-B,PKR-009,MULTI,USPS Priority Mail,GROUND
ORD-1254453,2025-05-31,15:25:12,SKU-00872,2,A-04L-005-1-A,PKR-024,MULTI,UPS Ground,PRIORITY_2D
ORD-1255343,2025-05-31,16:34:36,SKU-02585,2,A-01R-012-4-A,PKR-026,MULTI,UPS Ground,GROUND
ORD-1252251,2025-05-31,12:03:52,SKU-02016,2,A-02L-016-1-A,PKR-023,MULTI,UPS Ground,GROUND
ORD-1255494,2025-05-31,06:56:23,SKU-04328,2,A-02L-021-1-B,PKR-022,MULTI,FedEx Ground,GROUND
ORD-1255354,2025-05-31,06:25:43,SKU-02357,1,C-02L-006-2-A,PKR-031,MULTI,USPS Priority Mail,GROUND
ORD-1254202,2025-05-31,07:35:32,SKU-02104,1,B-01R-002-1-A,PKR-002,MULTI,FedEx Ground,PRIORITY_2D
ORD-1255044,2025-05-31,19:06:10,SKU-00084,2,A-03L-015-3-A,PKR-005,MULTI,UPS Ground,GROUND
ORD-1254367,2025-05-31,18:51:20,SKU-04995,1,B-01R-022-2-A,PKR-016,MULTI,UPS Ground,GROUND
ORD-1252077,2025-05-31,11:30:06,SKU-02908,2,B-02L-005-3-A,PKR-010,MULTI,UPS Ground,GROUND
ORD-1252147,2025-05-31,19:13:41,SKU-03512,2,D-01L-018-2-A,PKR-003,MULTI,USPS Priority Mail,PRIORITY_2D
ORD-1253372,2025-05-31,10:20:33,SKU-04041,2,A-02R-002-2-B,PKR-009,MULTI,USPS Priority Mail,GROUND
ORD-1253583,2025-05-31,14:14:09,SKU-01313,1,E-04R-012-3-B,PKR-016,MULTI,FedEx Ground,PRIORITY_2D
ORD-1252384,2025-05-31,08:56:43,SKU-04457,1,A-01L-020-2-B,PKR-003,MULTI,UPS Ground,GROUND
ORD-1252231,2025-05-31,09:26:19,SKU-02908,2,B-02L-005-3-A,PKR-015,MULTI,FedEx 2Day,PRIORITY_2D
ORD-1254387,2025-05-31,06:08:59,SKU-02740,2,C-02L-014-3-A,PKR-003,MULTI,USPS Priority Mail,GROUND
ORD-1254906,2025-05-31,13:08:18,SKU-04328,1,A-02L-021-1-B,PKR-009,MULTI,UPS Ground,GROUND
ORD-1254840,2025-05-31,16:09:56,SKU-00276,2,B-03R-014-2-B,PKR-024,MULTI,FedEx Ground,GROUND
ORD-1253639,2025-05-31,14:47:59,SKU-02104,2,B-01R-002-1-A,PKR-020,MULTI,USPS Priority Mail,GROUND
ORD-1252380,2025-05-31,19:08:31,SKU-01803,1,B-03R-020-1-A,PKR-018,MULTI,FedEx Ground,GROUND
ORD-1253890,2025-05-31,16:29:02,SKU-02451,2,A-01L-011-3-B,PKR-027,MULTI,FedEx Ground,GROUND
ORD-1253128,2025-05-31,13:01:29,SKU-00289,1,B-04R-011-2-A,PKR-007,MULTI,UPS 2nd Day Air,GROUND
ORD-1253722,2025-05-31,15:11:40,SKU-04528,1,B-02R-014-3-B,PKR-012,MULTI,UPS Ground,PRIORITY_2D
ORD-1255527,2025-05-31,17:31:56,SKU-02908,2,B-02L-005-3-A,PKR-030,MULTI,UPS Ground,GROUND
ORD-1253762,2025-05-31,13:19:00,SKU-04710,2,A-02L-008-2-A,PKR-001,MULTI,USPS Priority Mail,STANDARD_OVERNIGHT
ORD-1254730,2025-05-31,11:22:13,SKU-04938,2,C-01L-014-2-A,PKR-012,SINGLE,UPS Ground,GROUND
ORD-1253552,2025-05-31,10:34:19,SKU-04041,1,A-02R-002-2-B,PKR-003,MULTI,UPS Ground,GROUND
ORD-1252312,2025-05-31,13:47:32,SKU-01789,2,D-04R-006-1-B,PKR-032,MULTI,FedEx 2Day,STANDARD_OVERNIGHT
ORD-1255029,2025-05-31,08:58:32,SKU-00476,2,C-04R-008-4-B,PKR-031,MULTI,FedEx 2Day,GROUND
ORD-1254729,2025-05-31,13:29:11,SKU-03202,2,C-01L-026-1-B,PKR-010,MULTI,UPS 2nd Day Air,PRIORITY_2D
ORD-1254754,2025-05-31,11:17:34,SKU-02908,1,B-02L-005-3-A,PKR-030,MULTI,FedEx 2Day,GROUND
ORD-1254467,2025-05-31,12:59:07,SKU-01800,2,B-03R-009-2-B,PKR-025,MULTI,USPS Priority Mail,STANDARD_OVERNIGHT
ORD-1253805,2025-05-31,10:39:47,SKU-02125,2,A-01R-020-2-B,PKR-001,MULTI,FedEx Ground,GROUND
ORD-1252250,2025-05-31,07:14:15,SKU-02272,1,A-02R-002-5-A,PKR-004,MULTI,UPS Ground,GROUND
ORD-1254245,2025-05-31,08:49:01,SKU-02908,2,B-02L-005-3-A,PKR-020,MULTI,FedEx Ground,GROUND
ORD-1253853,2025-05-31,12:13:03,SKU-00559,2,A-04R-005-4-A,PKR-005,SINGLE,UPS Ground,GROUND
ORD-1254303,2025-05-31,19:48:58,SKU-02558,1,B-01L-010-1-B,PKR-007,MULTI,FedEx Ground,GROUND
ORD-1253315,2025-05-31,14:10:37,SKU-02366,1,A-01R-020-4-A,PKR-001,MULTI,FedEx Ground,PRIORITY_2D
ORD-1253420,2025-05-31,10:44:02,SKU-02366,2,A-01R-020-4-A,PKR-023,MULTI,FedEx Ground,GROUND
ORD-1255092,2025-05-31,11:29:57,SKU-03881,2,B-02R-002-4-A,PKR-018,MULTI,USPS Priority Mail,GROUND
ORD-1255538,2025-05-31,18:31:39,SKU-04328,1,A-02L-021-1-B,PKR-029,MULTI,UPS Ground,GROUND
ORD-1253025,2025-05-31,12:29:12,SKU-00326,2,B-04L-006-2-B,PKR-024,MULTI,UPS Ground,STANDARD_OVERNIGHT
ORD-1252861,2025-05-31,10:29:56,SKU-02366,2,A-01R-020-4-A,PKR-001,MULTI,USPS Priority Mail,STANDARD_OVERNIGHT
ORD-1252629,2025-05-31,13:56:40,SKU-00132,1,A-04R-016-4-B,PKR-015,MULTI,UPS Ground,GROUND
ORD-1255429,2025-05-31,07:17:36,SKU-00376,1,B-04L-004-2-B,PKR-026,MULTI,UPS Ground,GROUND
ORD-1255932,2025-05-31,21:38:42,SKU-02210,1,C-01R-010-2-B,PKR-023,MULTI,UPS Ground,GROUND
ORD-1253591,2025-05-31,11:59:29,SKU-04041,2,A-02R-002-2-B,PKR-007,MULTI,FedEx Ground,GROUND
ORD-1253897,2025-05-31,07:21:29,SKU-02366,1,A-01R-020-4-A,PKR-019,SINGLE,FedEx Ground,PRIORITY_2D
ORD-1254664,2025-05-31,09:13:21,SKU-02585,2,A-01R-012-4-A,PKR-021,MULTI,FedEx Ground,GROUND
ORD-1253642,2025-05-31,21:44:45,SKU-03881,2,B-02R-002-4-A,PKR-010,MULTI,USPS Priority Mail,GROUND
ORD-1254498,2025-05-31,11:31:34,SKU-02505,1,B-02R-020-5-A,PKR-012,MULTI,FedEx Ground,GROUND
ORD-1255916,2025-05-31,14:33:46,SKU-00872,1,A-04L-005-1-A,PKR-024,MULTI,FedEx 2Day,GROUND
ORD-1255967,2025-05-31,21:58:34,SKU-04041,2,A-02R-002-2-B,PKR-008,MULTI,FedEx Ground,GROUND
ORD-1255921,2025-05-31,09:25:02,SKU-02859,1,A-01L-018-3-A,PKR-018,MULTI,FedEx Ground,GROUND
ORD-1255762,2025-05-31,21:09:27,SKU-04538,1,A-01R-001-1-B,PKR-031,MULTI,FedEx Ground,STANDARD_OVERNIGHT
ORD-1254902,2025-05-31,07:46:10,SKU-01037,1,C-03R-001-3-A,PKR-025,MULTI,USPS Priority Mail,GROUND
ORD-1254537,2025-05-31,14:08:25,SKU-01476,2,C-04L-005-4-A,PKR-024,MULTI,FedEx 2Day,GROUND
ORD-1255703,2025-05-31,09:13:14,SKU-04328,1,A-02L-021-1-B,PKR-004,MULTI,USPS Priority Mail,GROUND
ORD-1253876,2025-05-31,10:15:21,SKU-02407,2,A-01L-004-2-A,PKR-018,MULTI,UPS Ground,GROUND
ORD-1253686,2025-05-31,21:59:11,SKU-04041,1,A-02R-002-2-B,PKR-018,MULTI,FedEx Ground,GROUND
ORD-1252851,2025-05-31,07:25:26,SKU-01794,2,B-03R-001-1-B,PKR-018,MULTI,FedEx Ground,PRIORITY_2D
ORD-1252130,2025-05-31,15:06:55,SKU-00772,2,E-04L-019-4-B,PKR-021,MULTI,FedEx Ground,STANDARD_OVERNIGHT
ORD-1255087,2025-05-31,16:51:36,SKU-03727,2,B-02R-023-4-A,PKR-031,MULTI,UPS Ground,STANDARD_OVERNIGHT
ORD-1252739,2025-05-31,07:35:18,SKU-02144,1,A-02R-006-3-B,PKR-009,MULTI,UPS Ground,PRIORITY_2D
ORD-1252088,2025-05-31,18:48:44,SKU-02609,2,C-01R-013-1-B,PKR-014,MULTI,FedEx Ground,GROUND
ORD-1254199,2025-05-31,11:04:16,SKU-00872,1,A-04L-005-1-A,PKR-018,MULTI,UPS 2nd Day Air,GROUND
ORD-1254501,2025-05-31,07:43:53,SKU-04073,2,C-02L-022-2-A,PKR-004,MULTI,FedEx 2Day,GROUND
ORD-1253429,2025-05-31,10:36:23,SKU-03878,2,E-01R-004-1-B,PKR-011,MULTI,FedEx Ground,PRIORITY_2D
ORD-1253920,2025-05-31,16:53:52,SKU-02859,1,A-01L-018-3-A,PKR-016,MULTI,UPS Ground,GROUND
ORD-1261558,2025-06-02,21:26:39,SKU-02913,1,B-01L-015-2-B,PKR-004,MULTI,FedEx Ground,GROUND
ORD-1259394,2025-06-02,07:25:50,SKU-02104,2,B-01R-002-1-A,PKR-001,MULTI,FedEx Ground,GROUND
ORD-1260972,2025-06-02,12:00:50,SKU-02363,2,A-01R-022-2-A,PKR-013,MULTI,FedEx Ground,GROUND
ORD-1256378,2025-06-02,13:38:26,SKU-04644,2,C-02L-023-3-A,PKR-012,MULTI,USPS Priority Mail,GROUND
ORD-1261212,2025-06-02,15:34:47,SKU-03768,2,A-02R-006-1-A,PKR-015,MULTI,UPS Ground,GROUND
ORD-1259795,2025-06-02,06:39:11,SKU-04608,2,A-02L-025-1-B,PKR-032,MULTI,FedEx Ground,GROUND
ORD-1258524,2025-06-02,19:09:55,SKU-02534,2,B-02R-001-4-B,PKR-026,SINGLE,UPS Ground,GROUND
ORD-1260077,2025-06-02,07:27:36,SKU-01040,2,B-04R-019-4-A,PKR-022,MULTI,FedEx Ground,GROUND
ORD-1263553,2025-06-02,21:52:57,SKU-04457,2,A-01L-020-2-B,PKR-028,MULTI,USPS Priority Mail,GROUND
ORD-1259961,2025-06-02,13:47:42,SKU-02050,2,C-02L-007-1-A,PKR-015,MULTI,UPS 2nd Day Air,PRIORITY_2D
ORD-1261774,2025-06-02,20:51:46,SKU-04328,1,A-02L-021-1-B,PKR-008,MULTI,FedEx Ground,PRIORITY_2D
ORD-1261340,2025-06-02,06:07:47,SKU-03881,2,B-02R-002-4-A,PKR-020,MULTI,UPS 2nd Day Air,GROUND
ORD-1262477,2025-06-02,14:46:17,SKU-01490,2,B-04R-009-1-A,PKR-010,MULTI,USPS Priority Mail,GROUND
ORD-1257966,2025-06-02,21:18:40,SKU-02585,1,A-01R-012-4-A,PKR-024,MULTI,UPS Ground,GROUND
ORD-1256518,2025-06-02,10:55:51,SKU-00168,1,E-03L-011-2-B,PKR-012,MULTI,FedEx Ground,PRIORITY_2D
ORD-1258099,2025-06-02,12:51:42,SKU-01121,2,B-04R-017-4-A,PKR-015,MULTI,UPS Ground,GROUND
ORD-1263949,2025-06-02,19:57:44,SKU-00872,1,A-04L-005-1-A,PKR-008,SINGLE,UPS Ground,GROUND
ORD-1256614,2025-06-02,16:27:27,SKU-00037,1,A-03L-004-3-A,PKR-012,MULTI,USPS Priority Mail,PRIORITY_2D
ORD-1257280,2025-06-02,11:23:38,SKU-02125,1,A-01R-020-2-B,PKR-021,MULTI,UPS 2nd Day Air,PRIORITY_2D
ORD-1257964,2025-06-02,07:29:02,SKU-01188,2,B-04L-010-1-A,PKR-025,MULTI,USPS Priority Mail,STANDARD_OVERNIGHT
ORD-1262339,2025-06-02,16:18:17,SKU-00379,2,A-03R-020-4-B,PKR-021,SINGLE,UPS Ground,GROUND
ORD-1261205,2025-06-02,07:09:37,SKU-01857,2,A-04R-005-1-A,PKR-005,MULTI,FedEx Ground,GROUND
ORD-1259462,2025-06-02,06:03:03,SKU-02104,1,B-01R-002-1-A,PKR-026,MULTI,UPS Ground,PRIORITY_2D
ORD-1263327,2025-06-02,19:30:19,SKU-03727,2,B-02R-023-4-A,PKR-026,MULTI,UPS Ground,GROUND
ORD-1260149,2025-06-02,06:29:42,SKU-04457,1,A-01L-020-2-B,PKR-014,MULTI,FedEx Ground,PRIORITY_2D
ORD-1261070,2025-06-02,21:50:50,SKU-04116,1,B-02L-002-3-A,PKR-030,MULTI,UPS Ground,GROUND
ORD-1263114,2025-06-02,21:56:21,SKU-01987,1,A-04R-020-2-A,PKR-014,MULTI,UPS Ground,PRIORITY_2D
ORD-1259428,2025-06-02,12:30:34,SKU-01764,2,C-04L-006-3-B,PKR-015,MULTI,FedEx Ground,GROUND
ORD-1259057,2025-06-02,09:22:51,SKU-02961,2,B-02R-006-3-A,PKR-007,MULTI,UPS Ground,GROUND
ORD-1258158,2025-06-02,13:16:12,SKU-04041,2,A-02R-002-2-B,PKR-008,SINGLE,USPS Priority Mail,GROUND
ORD-1259898,2025-06-02,09:58:24,SKU-04608,2,A-02L-025-1-B,PKR-025,MULTI,FedEx 2Day,GROUND
ORD-1262442,2025-06-02,14:22:07,SKU-02681,1,A-01R-018-4-B,PKR-014,MULTI,FedEx Ground,GROUND
ORD-1263319,2025-06-02,17:41:17,SKU-04538,2,A-01R-001-1-B,PKR-027,MULTI,FedEx Ground,GROUND
ORD-1262619,2025-06-02,17:51:31,SKU-04328,1,A-02L-021-1-B,PKR-009,SINGLE,UPS Ground,PRIORITY_2D
ORD-1262496,2025-06-02,15:08:41,SKU-04328,2,A-02L-021-1-B,PKR-014,MULTI,UPS Ground,GROUND
ORD-1258308,2025-06-02,13:13:25,SKU-04457,2,A-01L-020-2-B,PKR-030,MULTI,USPS Priority Mail,GROUND
ORD-1263587,2025-06-02,18:04:38,SKU-02767,2,C-02R-013-1-B,PKR-026,MULTI,FedEx Ground,GROUND
ORD-1262551,2025-06-02,20:43:31,SKU-04435,1,A-02R-016-4-A,PKR-012,MULTI,UPS Ground,GROUND
ORD-1259049,2025-06-02,15:50:06,SKU-02045,1,B-01R-025-3-A,PKR-010,MULTI,USPS Priority Mail,GROUND
ORD-1256908,2025-06-02,10:18:37,SKU-02104,1,B-01R-002-1-A,PKR-014,MULTI,UPS Ground,GROUND
ORD-1260797,2025-06-02,14:23:19,SKU-01550,2,D-03L-014-2-B,PKR-022,MULTI,USPS Priority Mail,PRIORITY_2D
ORD-1256294,2025-06-02,18:21:18,SKU-00866,1,C-03R-004-4-A,PKR-012,MULTI,USPS Priority Mail,GROUND
ORD-1263762,2025-06-02,07:01:30,SKU-00673,1,C-03L-015-4-A,PKR-025,MULTI,FedEx 2Day,PRIORITY_2D
ORD-1259750,2025-06-02,08:42:48,SKU-02185,2,C-01R-009-4-B,PKR-019,MULTI,USPS Priority Mail,GROUND
ORD-1263761,2025-06-02,13:41:29,SKU-02417,1,C-01L-019-3-A,PKR-018,MULTI,USPS Priority Mail,GROUND
ORD-1261977,2025-06-02,08:25:16,SKU-00456,2,D-04L-014-1-B,PKR-017,MULTI,FedEx Ground,GROUND
ORD-1261212,2025-06-02,15:34:47,SKU-01973,2,D-03L-007-3-B,PKR-015,MULTI,UPS Ground,GROUND
ORD-1260558,2025-06-02,18:13:04,SKU-02213,2,B-02L-011-4-B,PKR-022,MULTI,UPS Ground,GROUND
ORD-1257771,2025-06-02,09:15:42,SKU-04328,1,A-02L-021-1-B,PKR-003,MULTI,UPS Ground,GROUND
ORD-1258196,2025-06-02,19:03:41,SKU-02366,2,A-01R-020-4-A,PKR-009,MULTI,UPS Ground,GROUND
ORD-1260111,2025-06-02,07:57:18,SKU-00872,2,A-04L-005-1-A,PKR-003,MULTI,UPS Ground,PRIORITY_2D
ORD-1259571,2025-06-02,08:11:16,SKU-02585,2,A-01R-012-4-A,PKR-012,MULTI,UPS Ground,GROUND
ORD-1263537,2025-06-02,12:29:38,SKU-00180,1,B-03L-010-1-A,PKR-021,SINGLE,FedEx 2Day,PRIORITY_2D
ORD-1257737,2025-06-02,10:00:28,SKU-00392,2,B-03L-019-1-B,PKR-013,MULTI,FedEx Ground,GROUND
ORD-1262502,2025-06-02,17:01:49,SKU-00034,2,A-04L-017-3-A,PKR-005,MULTI,FedEx Ground,GROUND
ORD-1256849,2025-06-02,21:09:51,SKU-02509,2,B-01L-020-5-A,PKR-013,MULTI,FedEx Ground,GROUND
ORD-1257803,2025-06-02,10:46:04,SKU-04041,2,A-02R-002-2-B,PKR-022,MULTI,UPS Ground,GROUND
ORD-1257345,2025-06-02,18:25:56,SKU-01339,1,B-04R-005-2-A,PKR-017,MULTI,FedEx Ground,GROUND
ORD-1263160,2025-06-02,11:02:26,SKU-02366,2,A-01R-020-4-A,PKR-022,SINGLE,FedEx Ground,GROUND
ORD-1257455,2025-06-02,14:52:20,SKU-04809,1,A-01R-016-2-B,PKR-032,MULTI,UPS 2nd Day Air,GROUND
ORD-1261827,2025-06-02,10:25:36,SKU-04328,1,A-02L-021-1-B,PKR-021,MULTI,USPS Priority Mail,GROUND
ORD-1263397,2025-06-02,13:52:28,SKU-04041,2,A-02R-002-2-B,PKR-009,MULTI,FedEx 2Day,STANDARD_OVERNIGHT
ORD-1261378,2025-06-02,13:06:30,SKU-04528,1,B-02R-014-3-B,PKR-003,MULTI,UPS Ground,STANDARD_OVERNIGHT
ORD-1263120,2025-06-02,07:58:28,SKU-04328,1,A-02L-021-1-B,PKR-007,MULTI,FedEx Ground,GROUND
ORD-1262017,2025-06-02,09:07:11,SKU-03496,1,B-01R-016-5-B,PKR-006,MULTI,FedEx 2Day,GROUND
ORD-1261525,2025-06-02,07:40:34,SKU-01121,1,B-04R-017-4-A,PKR-031,MULTI,UPS Ground,GROUND
ORD-1260432,2025-06-02,06:24:41,SKU-01103,1,B-04R-009-1-B,PKR-022,MULTI,USPS Priority Mail,GROUND
ORD-1256834,2025-06-02,06:10:32,SKU-04608,1,A-02L-025-1-B,PKR-004,MULTI,UPS 2nd Day Air,PRIORITY_2D
ORD-1257388,2025-06-02,06:21:01,SKU-00192,2,C-04L-009-4-A,PKR-014,MULTI,FedEx Ground,GROUND
ORD-1261722,2025-06-02,06:43:04,SKU-00910,2,B-04R-014-3-A,PKR-023,MULTI,FedEx Ground,GROUND
ORD-1259714,2025-06-02,21:54:32,SKU-01873,1,B-03R-018-4-A,PKR-019,MULTI,UPS Ground,GROUND
ORD-1262082,2025-06-02,12:47:50,SKU-03523,2,C-02R-011-1-B,PKR-027,MULTI,FedEx Ground,GROUND
ORD-1258037,2025-06-02,18:58:14,SKU-04328,2,A-02L-021-1-B,PKR-006,MULTI,UPS Ground,GROUND
ORD-1262987,2025-06-02,19:38:54,SKU-02843,2,E-02R-015-1-B,PKR-002,MULTI,UPS Ground,GROUND
ORD-1260573,2025-06-02,07:57:32,SKU-04328,2,A-02L-021-1-B,PKR-012,MULTI,UPS Ground,GROUND
ORD-1257636,2025-06-02,18:25:51,SKU-04041,1,A-02R-002-2-B,PKR-010,SINGLE,FedEx Ground,PRIORITY_2D
ORD-1263555,2025-06-02,19:42:48,SKU-00037,2,A-03L-004-3-A,PKR-027,MULTI,UPS Ground,PRIORITY_2D
ORD-1262869,2025-06-02,17:56:48,SKU-04814,2,B-02R-017-4-A,PKR-020,MULTI,UPS Ground,GROUND
ORD-1258979,2025-06-02,11:59:17,SKU-03727,2,B-02R-023-4-A,PKR-022,MULTI,UPS Ground,PRIORITY_2D
ORD-1258973,2025-06-02,15:16:58,SKU-03881,2,B-02R-002-4-A,PKR-001,MULTI,USPS Priority Mail,GROUND
ORD-1257566,2025-06-02,10:14:28,SKU-03382,2,B-01L-020-5-B,PKR-015,MULTI,UPS Ground,GROUND
ORD-1262375,2025-06-02,14:00:20,SKU-00239,1,A-04L-019-1-B,PKR-014,MULTI,FedEx Ground,GROUND
ORD-1262506,2025-06-02,07:41:10,SKU-01850,2,A-04R-006-2-A,PKR-001,MULTI,FedEx Ground,GROUND
ORD-1258133,2025-06-02,16:44:09,SKU-04604,2,A-02R-011-2-A,PKR-011,MULTI,FedEx Ground,GROUND
ORD-1259159,2025-06-02,17:25:23,SKU-02366,2,A-01R-020-4-A,PKR-032,MULTI,FedEx Ground,GROUND
ORD-1261484,2025-06-02,18:11:13,SKU-04768,2,A-01R-021-2-A,PKR-020,MULTI,UPS 2nd Day Air,GROUND
ORD-1258838,2025-06-02,10:26:28,SKU-02624,2,A-02R-022-1-A,PKR-026,MULTI,UPS Ground,GROUND
ORD-1260314,2025-06-02,11:27:48,SKU-02668,2,A-01R-006-1-A,PKR-004,SINGLE,FedEx Ground,PRIORITY_2D
ORD-1259981,2025-06-02,14:48:09,SKU-00082,1,D-03L-010-2-B,PKR-030,MULTI,FedEx Ground,GROUND
ORD-1256456,2025-06-02,18:30:33,SKU-01283,2,D-04R-019-2-B,PKR-023,MULTI,UPS Ground,GROUND
ORD-1256991,2025-06-02,09:30:11,SKU-04297,2,B-01L-002-3-A,PKR-007,MULTI,UPS Ground,GROUND
ORD-1256078,2025-06-02,16:32:51,SKU-04457,2,A-01L-020-2-B,PKR-005,MULTI,FedEx Ground,GROUND
ORD-1259639,2025-06-02,16:35:43,SKU-04542,1,C-02L-018-4-A,PKR-023,MULTI,USPS Priority Mail,PRIORITY_2D
ORD-1261765,2025-06-02,11:46:19,SKU-01331,2,A-03R-003-4-B,PKR-019,MULTI,FedEx 2Day,GROUND
ORD-1257354,2025-06-02,21:55:49,SKU-00872,2,A-04L-005-1-A,PKR-026,MULTI,UPS Ground,GROUND
ORD-1256080,2025-06-02,14:58:21,SKU-04041,2,A-02R-002-2-B,PKR-008,SINGLE,USPS Priority Mail,GROUND
ORD-1260517,2025-06-02,11:05:25,SKU-01567,1,B-03L-009-4-B,PKR-003,MULTI,FedEx Ground,GROUND
ORD-1261466,2025-06-02,15:53:00,SKU-02185,2,C-01R-009-4-B,PKR-003,MULTI,UPS Ground,GROUND
ORD-1263143,2025-06-02,20:38:05,SKU-03018,2,C-02L-015-3-B,PKR-023,MULTI,FedEx Ground,GROUND
ORD-1263027,2025-06-02,19:05:29,SKU-02908,1,B-02L-005-3-A,PKR-004,MULTI,UPS Ground,GROUND
ORD-1257818,2025-06-02,14:22:48,SKU-01204,2,A-03R-016-1-B,PKR-019,MULTI,USPS Priority Mail,GROUND
ORD-1256044,2025-06-02,10:03:21,SKU-02634,1,B-01R-020-5-A,PKR-028,MULTI,UPS Ground,PRIORITY_2D
ORD-1262332,2025-06-02,10:15:21,SKU-02585,2,A-01R-012-4-A,PKR-028,MULTI,FedEx 2Day,GROUND
ORD-1261541,2025-06-02,16:11:43,SKU-02366,2,A-01R-020-4-A,PKR-001,SINGLE,UPS Ground,GROUND
ORD-1257690,2025-06-02,20:02:57,SKU-04328,2,A-02L-021-1-B,PKR-012,MULTI,FedEx 2Day,GROUND
ORD-1262031,2025-06-02,11:51:44,SKU-02159,2,D-01L-026-5-B,PKR-023,MULTI,USPS Priority Mail,GROUND
ORD-1258990,2025-06-02,14:08:51,SKU-00290,2,A-03L-003-2-A,PKR-022,MULTI,UPS Ground,PRIORITY_2D
ORD-1261363,2025-06-02,20:20:01,SKU-04779,2,C-01L-017-3-B,PKR-029,MULTI,UPS 2nd Day Air,GROUND
ORD-1263519,2025-06-02,14:44:45,SKU-04457,1,A-01L-020-2-B,PKR-014,MULTI,UPS Ground,PRIORITY_2D
ORD-1263040,2025-06-02,14:31:51,SKU-02677,2,B-01R-002-4-A,PKR-028,MULTI,USPS Priority Mail,GROUND
ORD-1257117,2025-06-02,07:26:02,SKU-02185,2,C-01R-009-4-B,PKR-014,MULTI,USPS Priority Mail,PRIORITY_2D
ORD-1259755,2025-06-02,19:13:42,SKU-04608,2,A-02L-025-1-B,PKR-002,MULTI,UPS Ground,GROUND
ORD-1263750,2025-06-02,16:32:40,SKU-02609,2,C-01R-013-1-B,PKR-014,MULTI,FedEx Ground,GROUND
ORD-1257347,2025-06-02,10:03:56,SKU-04586,1,C-02L-005-2-B,PKR-003,MULTI,FedEx Ground,GROUND
ORD-1257385,2025-06-02,18:11:21,SKU-02512,2,B-02L-023-2-B,PKR-028,MULTI,UPS Ground,GROUND
ORD-1257561,2025-06-02,13:22:21,SKU-00838,1,A-03L-009-1-B,PKR-014,MULTI,FedEx Ground,GROUND
ORD-1260949,2025-06-02,14:40:47,SKU-02125,2,A-01R-020-2-B,PKR-015,MULTI,UPS Ground,GROUND
ORD-1257987,2025-06-02,14:48:05,SKU-04528,2,B-02R-014-3-B,PKR-030,MULTI,FedEx Ground,GROUND
ORD-1256804,2025-06-02,21:15:43,SKU-04328,2,A-02L-021-1-B,PKR-006,MULTI,FedEx 2Day,PRIORITY_2D
ORD-1262314,2025-06-02,08:10:46,SKU-04328,2,A-02L-021-1-B,PKR-016,MULTI,FedEx Ground,GROUND
ORD-1261224,2025-06-02,09:33:42,SKU-03413,2,C-01R-011-1-B,PKR-021,MULTI,FedEx Ground,GROUND
ORD-1263103,2025-06-02,15:29:59,SKU-01672,2,C-04R-007-1-A,PKR-031,MULTI,FedEx Ground,GROUND
ORD-1263301,2025-06-02,13:22:09,SKU-04328,2,A-02L-021-1-B,PKR-004,MULTI,UPS Ground,GROUND
ORD-1257540,2025-06-02,10:21:53,SKU-03787,2,C-02L-018-1-B,PKR-011,MULTI,UPS Ground,STANDARD_OVERNIGHT
ORD-1259765,2025-06-02,06:54:13,SKU-01721,2,A-04L-015-4-B,PKR-010,MULTI,FedEx Ground,GROUND
ORD-1262910,2025-06-02,07:30:38,SKU-01490,1,B-04R-009-1-A,PKR-008,MULTI,UPS Ground,PRIORITY_2D
ORD-1261253,2025-06-02,21:48:50,SKU-04924,1,B-02R-001-2-A,PKR-008,MULTI,FedEx Ground,GROUND
ORD-1263688,2025-06-02,13:32:30,SKU-04041,1,A-02R-002-2-B,PKR-030,MULTI,FedEx Ground,PRIORITY_2D
ORD-1258016,2025-06-02,17:03:37,SKU-04151,2,C-02R-002-5-A,PKR-024,MULTI,UPS Ground,GROUND
ORD-1257093,2025-06-02,18:03:21,SKU-04938,2,C-01L-014-2-A,PKR-026,MULTI,UPS Ground,GROUND
ORD-1258721,2025-06-02,13:34:41,SKU-02425,1,D-01R-016-1-A,PKR-012,MULTI,FedEx 2Day,GROUND
ORD-1256319,2025-06-02,11:06:28,SKU-01073,2,B-04R-005-1-A,PKR-032,MULTI,USPS Priority Mail,PRIORITY_2D
ORD-1261752,2025-06-02,18:19:08,SKU-02425,2,D-01R-016-1-A,PKR-028,MULTI,USPS Priority Mail,GROUND
ORD-1259110,2025-06-02,15:49:40,SKU-04532,2,C-02R-022-1-A,PKR-027,MULTI,FedEx Ground,STANDARD_OVERNIGHT
ORD-1262220,2025-06-02,11:43:58,SKU-02651,1,E-01R-015-5-B,PKR-005,MULTI,UPS Ground,PRIORITY_2D
ORD-1256241,2025-06-02,21:05:46,SKU-04673,1,D-02R-008-3-A,PKR-027,MULTI,USPS Priority Mail,GROUND
ORD-1256717,2025-06-02,12:01:42,SKU-02366,2,A-01R-020-4-A,PKR-014,MULTI,FedEx Ground,GROUND
ORD-1261925,2025-06-02,16:34:01,SKU-04328,2,A-02L-021-1-B,PKR-003,MULTI,FedEx 2Day,STANDARD_OVERNIGHT
ORD-1259484,2025-06-02,21:55:50,SKU-02103,2,D-01L-024-3-B,PKR-017,MULTI,UPS 2nd Day Air,GROUND
ORD-1262558,2025-06-02,06:59:02,SKU-02125,2,A-01R-020-2-B,PKR-009,MULTI,UPS Ground,GROUND
ORD-1256582,2025-06-02,14:34:40,SKU-04782,1,C-01L-004-3-A,PKR-001,MULTI,USPS Priority Mail,GROUND
ORD-1258883,2025-06-02,08:49:00,SKU-02046,2,D-01R-010-1-B,PKR-003,MULTI,FedEx Ground,GROUND
ORD-1257882,2025-06-02,14:14:54,SKU-00872,2,A-04L-005-1-A,PKR-007,MULTI,FedEx Ground,GROUND
ORD-1257833,2025-06-02,11:58:40,SKU-04328,2,A-02L-021-1-B,PKR-031,MULTI,UPS Ground,PRIORITY_2D
ORD-1257276,2025-06-02,12:15:50,SKU-04308,2,B-02R-019-4-A,PKR-012,MULTI,FedEx Ground,GROUND
ORD-1260612,2025-06-02,08:23:48,SKU-02708,2,A-01R-026-1-B,PKR-003,MULTI,USPS Priority Mail,GROUND
ORD-1263093,2025-06-02,08:34:11,SKU-00095,2,C-03L-015-3-B,PKR-005,MULTI,FedEx 2Day,GROUND
ORD-1262249,2025-06-02,08:22:44,SKU-02585,2,A-01R-012-4-A,PKR-012,MULTI,UPS Ground,GROUND
ORD-1257380,2025-06-02,13:14:54,SKU-04328,2,A-02L-021-1-B,PKR-010,MULTI,UPS 2nd Day Air,GROUND
ORD-1262743,2025-06-02,13:16:14,SKU-03727,2,B-02R-023-4-A,PKR-008,MULTI,USPS Priority Mail,GROUND
ORD-1261133,2025-06-02,11:47:40,SKU-04489,1,B-02L-018-4-B,PKR-009,MULTI,USPS Priority Mail,GROUND
ORD-1263056,2025-06-02,12:38:56,SKU-03898,2,C-01R-002-3-B,PKR-028,MULTI,FedEx Ground,PRIORITY_2D
ORD-1260296,2025-06-02,13:40:25,SKU-02681,2,A-01R-018-4-B,PKR-028,MULTI,FedEx Ground,GROUND
ORD-1257359,2025-06-02,18:52:42,SKU-02140,2,B-01R-020-2-B,PKR-026,MULTI,UPS Ground,GROUND
ORD-1261452,2025-06-02,15:39:00,SKU-00979,2,D-03R-004-3-A,PKR-001,MULTI,FedEx Ground,PRIORITY_2D
ORD-1261343,2025-06-02,06:37:18,SKU-00045,1,A-04R-015-3-B,PKR-008,MULTI,USPS Priority Mail,GROUND
ORD-1263654,2025-06-02,18:32:01,SKU-04041,2,A-02R-002-2-B,PKR-023,MULTI,FedEx Ground,GROUND
ORD-1256387,2025-06-02,07:56:24,SKU-02366,2,A-01R-020-4-A,PKR-021,MULTI,FedEx Ground,PRIORITY_2D
ORD-1262467,2025-06-02,17:43:48,SKU-01606,2,D-03R-014-2-B,PKR-026,MULTI,UPS Ground,GROUND
ORD-1258627,2025-06-02,06:23:35,SKU-02916,1,B-01R-006-4-B,PKR-011,MULTI,FedEx Ground,PRIORITY_2D
ORD-1258096,2025-06-02,12:54:20,SKU-02285,1,A-02R-024-1-A,PKR-029,MULTI,UPS Ground,GROUND
ORD-1261844,2025-06-02,10:18:46,SKU-00046,2,B-03L-005-2-A,PKR-015,MULTI,USPS Priority Mail,GROUND
ORD-1261273,2025-06-02,17:04:43,SKU-03774,2,B-02L-023-2-A,PKR-010,MULTI,UPS Ground,GROUND
ORD-1259142,2025-06-02,20:56:26,SKU-04328,2,A-02L-021-1-B,PKR-014,MULTI,FedEx Ground,PRIORITY_2D
ORD-1258748,2025-06-02,15:34:16,SKU-01803,1,B-03R-020-1-A,PKR-005,MULTI,FedEx Ground,GROUND
ORD-1261910,2025-06-02,06:21:19,SKU-04328,2,A-02L-021-1-B,PKR-017,MULTI,FedEx Ground,GROUND
ORD-1261684,2025-06-02,11:43:41,SKU-02140,2,B-01R-020-2-B,PKR-019,MULTI,UPS Ground,GROUND
ORD-1256356,2025-06-02,19:21:00,SKU-02585,2,A-01R-012-4-A,PKR-016,MULTI,FedEx Ground,GROUND
ORD-1262768,2025-06-02,10:56:10,SKU-04814,1,B-02R-017-4-A,PKR-028,MULTI,USPS Priority Mail,GROUND
ORD-1261774,2025-06-02,20:51:46,SKU-04308,2,B-02R-019-4-A,PKR-008,MULTI,FedEx Ground,PRIORITY_2D
ORD-1262344,2025-06-02,10:41:30,SKU-00499,1,E-03L-005-4-B,PKR-016,MULTI,FedEx Ground,GROUND
ORD-1258940,2025-06-02,16:35:38,SKU-00425,2,E-03L-013-2-A,PKR-008,SINGLE,FedEx Ground,GROUND
ORD-1259335,2025-06-02,21:51:00,SKU-04328,2,A-02L-021-1-B,PKR-027,MULTI,UPS Ground,GROUND
ORD-1258411,2025-06-02,12:25:22,SKU-02681,2,A-01R-018-4-B,PKR-013,MULTI,UPS Ground,PRIORITY_2D
ORD-1262721,2025-06-02,06:50:22,SKU-00872,2,A-04L-005-1-A,PKR-008,MULTI,USPS Priority Mail,GROUND
ORD-1261902,2025-06-02,13:31:01,SKU-03340,2,A-02L-012-5-B,PKR-010,MULTI,FedEx 2Day,GROUND
ORD-1263086,2025-06-02,07:24:23,SKU-02851,2,B-02R-007-4-A,PKR-017,MULTI,UPS Ground,GROUND
ORD-1259315,2025-06-02,12:57:47,SKU-01965,2,C-03L-001-2-A,PKR-002,MULTI,USPS Priority Mail,GROUND
ORD-1262497,2025-06-02,13:34:27,SKU-02044,2,A-01R-023-5-B,PKR-019,SINGLE,FedEx Ground,GROUND
ORD-1258258,2025-06-02,08:53:16,SKU-00076,2,C-03R-008-3-B,PKR-001,MULTI,FedEx Ground,GROUND
ORD-1262479,2025-06-02,06:38:00,SKU-02125,2,A-01R-020-2-B,PKR-003,MULTI,USPS Priority Mail,GROUND
ORD-1261131,2025-06-02,11:37:04,SKU-02546,1,C-02R-006-2-B,PKR-014,MULTI,UPS Ground,GROUND
ORD-1257889,2025-06-02,11:38:56,SKU-04865,2,A-01R-011-4-B,PKR-032,MULTI,USPS Priority Mail,GROUND
ORD-1257948,2025-06-02,16:32:26,SKU-02085,1,D-02R-008-1-A,PKR-005,MULTI,USPS Priority Mail,GROUND
ORD-1256877,2025-06-02,06:11:42,SKU-02908,2,B-02L-005-3-A,PKR-018,MULTI,UPS Ground,STANDARD_OVERNIGHT
ORD-1256143,2025-06-02,13:40:26,SKU-01121,2,B-04R-017-4-A,PKR-016,SINGLE,USPS Priority Mail,GROUND
ORD-1257042,2025-06-02,12:13:26,SKU-01535,1,C-04R-019-4-A,PKR-017,MULTI,USPS Priority Mail,GROUND
ORD-1256695,2025-06-02,12:08:21,SKU-03469,2,C-01R-022-5-A,PKR-027,MULTI,UPS Ground,GROUND
ORD-1262322,2025-06-02,17:20:55,SKU-03592,2,B-01R-008-5-A,PKR-020,MULTI,UPS Ground,GROUND
ORD-1257618,2025-06-02,18:47:00,SKU-02609,2,C-01R-013-1-B,PKR-011,MULTI,USPS Priority Mail,GROUND
ORD-1256486,2025-06-02,12:58:03,SKU-04041,2,A-02R-002-2-B,PKR-021,MULTI,FedEx Ground,GROUND
ORD-1258423,2025-06-02,10:37:04,SKU-04878,1,B-01R-016-3-B,PKR-017,MULTI,UPS Ground,GROUND
ORD-1263105,2025-06-02,20:06:36,SKU-03727,1,B-02R-023-4-A,PKR-027,MULTI,UPS Ground,GROUND
ORD-1262827,2025-06-02,10:58:38,SKU-00132,2,A-04R-016-4-B,PKR-005,MULTI,UPS Ground,GROUND
ORD-1266271,2025-06-03,20:32:45,SKU-02875,2,A-02L-009-4-A,PKR-020,MULTI,FedEx Ground,GROUND
ORD-1265186,2025-06-03,21:24:05,SKU-04846,1,B-01L-003-1-A,PKR-017,MULTI,FedEx 2Day,GROUND
ORD-1267414,2025-06-03,08:36:48,SKU-02185,2,C-01R-009-4-B,PKR-027,MULTI,FedEx Ground,GROUND
ORD-1268718,2025-06-03,17:05:29,SKU-03424,2,A-02R-025-5-B,PKR-021,MULTI,FedEx Ground,GROUND
ORD-1269827,2025-06-03,20:57:16,SKU-04328,2,A-02L-021-1-B,PKR-015,MULTI,FedEx Ground,GROUND
ORD-1264686,2025-06-03,12:12:52,SKU-02125,2,A-01R-020-2-B,PKR-006,MULTI,UPS Ground,GROUND
ORD-1266631,2025-06-03,06:49:16,SKU-00334,2,D-04R-020-4-A,PKR-028,MULTI,UPS Ground,GROUND
ORD-1265804,2025-06-03,15:59:42,SKU-02202,2,C-01R-025-1-B,PKR-023,MULTI,USPS Priority Mail,PRIORITY_2D
ORD-1271570,2025-06-03,19:11:40,SKU-00397,2,C-04L-006-4-A,PKR-013,MULTI,FedEx Ground,PRIORITY_2D
ORD-1264534,2025-06-03,15:00:19,SKU-00392,2,B-03L-019-1-B,PKR-025,SINGLE,UPS Ground,GROUND
ORD-1271300,2025-06-03,20:25:14,SKU-04328,2,A-02L-021-1-B,PKR-009,MULTI,UPS Ground,PRIORITY_2D
ORD-1271384,2025-06-03,10:22:33,SKU-02271,2,A-01L-007-1-B,PKR-015,MULTI,UPS Ground,GROUND
ORD-1270401,2025-06-03,12:47:10,SKU-01331,1,A-03R-003-4-B,PKR-015,MULTI,UPS Ground,GROUND
ORD-1266334,2025-06-03,12:42:08,SKU-02045,1,B-01R-025-3-A,PKR-027,MULTI,UPS Ground,GROUND
ORD-1266226,2025-06-03,12:14:13,SKU-00429,1,A-03R-010-3-A,PKR-005,MULTI,FedEx 2Day,PRIORITY_2D
ORD-1271104,2025-06-03,10:49:46,SKU-02125,1,A-01R-020-2-B,PKR-015,SINGLE,FedEx Ground,GROUND
ORD-1269186,2025-06-03,08:02:40,SKU-01356,1,B-03R-002-2-B,PKR-029,MULTI,FedEx Ground,GROUND
ORD-1264604,2025-06-03,12:26:56,SKU-04041,1,A-02R-002-2-B,PKR-032,MULTI,FedEx Ground,GROUND
ORD-1271446,2025-06-03,10:18:37,SKU-02552,1,B-02R-022-5-B,PKR-009,MULTI,FedEx Ground,GROUND
ORD-1264558,2025-06-03,08:12:03,SKU-02185,2,C-01R-009-4-B,PKR-021,MULTI,FedEx Ground,GROUND
ORD-1267809,2025-06-03,11:54:41,SKU-03895,1,A-01L-002-1-B,PKR-009,MULTI,FedEx 2Day,GROUND
ORD-1266454,2025-06-03,12:53:18,SKU-04109,2,A-02L-018-2-A,PKR-018,MULTI,USPS Priority Mail,GROUND
ORD-1268823,2025-06-03,18:38:58,SKU-00036,2,B-04R-004-4-A,PKR-010,MULTI,FedEx Ground,GROUND
ORD-1269258,2025-06-03,17:43:23,SKU-03496,1,B-01R-016-5-B,PKR-022,MULTI,UPS Ground,GROUND
ORD-1268195,2025-06-03,19:13:48,SKU-04914,2,C-02L-016-3-B,PKR-016,MULTI,UPS Ground,GROUND
ORD-1268635,2025-06-03,08:54:13,SKU-03600,2,A-01L-017-2-B,PKR-011,MULTI,UPS Ground,GROUND
ORD-1267520,2025-06-03,21:34:38,SKU-02406,1,B-01R-024-3-B,PKR-011,MULTI,FedEx Ground,GROUND
ORD-1270390,2025-06-03,16:50:02,SKU-00037,2,A-03L-004-3-A,PKR-005,MULTI,FedEx Ground,GROUND
ORD-1269034,2025-06-03,16:59:34,SKU-04041,2,A-02R-002-2-B,PKR-020,MULTI,USPS Priority Mail,GROUND
ORD-1266753,2025-06-03,14:18:10,SKU-04840,2,E-01L-021-5-A,PKR-024,MULTI,USPS Priority Mail,GROUND
ORD-1269490,2025-06-03,13:59:12,SKU-04182,2,D-02R-005-2-A,PKR-031,MULTI,UPS Ground,GROUND
ORD-1266010,2025-06-03,14:42:57,SKU-03132,2,B-02L-015-4-A,PKR-015,MULTI,USPS Priority Mail,GROUND
ORD-1264988,2025-06-03,10:52:29,SKU-02224,2,E-02L-024-4-A,PKR-031,MULTI,FedEx Ground,GROUND
ORD-1271783,2025-06-03,07:34:36,SKU-02032,2,C-01L-015-2-A,PKR-010,SINGLE,UPS Ground,GROUND
ORD-1264920,2025-06-03,08:29:38,SKU-03652,2,E-02R-022-1-B,PKR-026,MULTI,FedEx Ground,PRIORITY_2D
ORD-1264295,2025-06-03,08:43:06,SKU-00394,2,B-03R-010-2-A,PKR-026,MULTI,USPS Priority Mail,GROUND
ORD-1269326,2025-06-03,09:36:51,SKU-01490,2,B-04R-009-1-A,PKR-001,MULTI,UPS Ground,GROUND
ORD-1264739,2025-06-03,18:14:03,SKU-04775,1,A-02R-001-5-B,PKR-021,MULTI,UPS 2nd Day Air,GROUND
ORD-1268184,2025-06-03,13:14:07,SKU-04354,2,C-01L-017-2-B,PKR-027,MULTI,UPS Ground,GROUND
ORD-1266843,2025-06-03,13:06:06,SKU-01142,1,A-04L-009-4-B,PKR-025,MULTI,FedEx Ground,PRIORITY_2D
ORD-1265799,2025-06-03,09:09:58,SKU-00482,2,E-04L-015-3-B,PKR-019,MULTI,UPS Ground,STANDARD_OVERNIGHT
ORD-1267924,2025-06-03,10:14:19,SKU-02609,2,C-01R-013-1-B,PKR-013,MULTI,UPS Ground,GROUND
ORD-1264571,2025-06-03,12:35:52,SKU-00546,2,A-04L-008-4-B,PKR-030,MULTI,FedEx 2Day,STANDARD_OVERNIGHT
ORD-1270254,2025-06-03,14:30:13,SKU-02592,1,C-02L-004-3-B,PKR-023,MULTI,UPS Ground,GROUND
ORD-1267125,2025-06-03,13:49:28,SKU-03149,2,A-01R-009-5-A,PKR-031,MULTI,UPS Ground,GROUND
ORD-1269729,2025-06-03,19:04:54,SKU-04328,1,A-02L-021-1-B,PKR-011,MULTI,UPS Ground,GROUND
ORD-1271033,2025-06-03,17:16:44,SKU-04833,2,B-01R-011-4-A,PKR-015,MULTI,UPS Ground,PRIORITY_2D
ORD-1268914,2025-06-03,09:53:51,SKU-04328,2,A-02L-021-1-B,PKR-017,MULTI,UPS Ground,GROUND
ORD-1267159,2025-06-03,14:38:40,SKU-02759,2,C-01L-009-5-B,PKR-027,MULTI,FedEx Ground,GROUND
ORD-1266076,2025-06-03,16:47:35,SKU-02851,2,B-02R-007-4-A,PKR-020,MULTI,FedEx 2Day,PRIORITY_2D
ORD-1267766,2025-06-03,12:22:10,SKU-04041,1,A-02R-002-2-B,PKR-026,MULTI,USPS Priority Mail,PRIORITY_2D
ORD-1269003,2025-06-03,08:53:38,SKU-00669,1,B-03R-003-1-A,PKR-031,MULTI,FedEx Ground,GROUND
ORD-1271139,2025-06-03,12:46:56,SKU-03727,2,B-02R-023-4-A,PKR-009,MULTI,USPS Priority Mail,GROUND
ORD-1270081,2025-06-03,16:38:09,SKU-04183,2,A-01L-010-2-B,PKR-001,MULTI,UPS 2nd Day Air,GROUND
ORD-1269083,2025-06-03,17:12:46,SKU-04869,2,B-01R-017-1-B,PKR-029,MULTI,FedEx Ground,STANDARD_OVERNIGHT
ORD-1268876,2025-06-03,10:03:10,SKU-00830,1,D-04R-019-4-B,PKR-013,MULTI,UPS Ground,GROUND
ORD-1269211,2025-06-03,13:17:45,SKU-00248,1,B-04R-005-4-A,PKR-018,MULTI,USPS Priority Mail,GROUND
ORD-1271076,2025-06-03,10:48:11,SKU-04328,1,A-02L-021-1-B,PKR-022,MULTI,FedEx 2Day,GROUND
ORD-1270804,2025-06-03,18:29:54,SKU-04807,2,B-02L-013-3-B,PKR-011,MULTI,FedEx 2Day,GROUND
ORD-1265989,2025-06-03,14:27:43,SKU-02125,1,A-01R-020-2-B,PKR-023,MULTI,FedEx 2Day,STANDARD_OVERNIGHT
ORD-1268972,2025-06-03,10:06:52,SKU-02609,2,C-01R-013-1-B,PKR-030,MULTI,UPS Ground,GROUND
ORD-1269537,2025-06-03,18:06:59,SKU-03727,1,B-02R-023-4-A,PKR-028,SINGLE,USPS Priority Mail,PRIORITY_2D
ORD-1264289,2025-06-03,10:05:10,SKU-01735,2,D-03R-004-2-B,PKR-017,MULTI,USPS Priority Mail,STANDARD_OVERNIGHT
ORD-1270828,2025-06-03,06:50:34,SKU-00481,2,E-03R-020-2-B,PKR-012,MULTI,FedEx 2Day,GROUND
ORD-1266606,2025-06-03,07:01:46,SKU-00872,1,A-04L-005-1-A,PKR-018,MULTI,FedEx Ground,GROUND
ORD-1266974,2025-06-03,17:45:37,SKU-03542,1,C-01R-026-2-B,PKR-021,MULTI,UPS Ground,PRIORITY_2D
ORD-1264942,2025-06-03,07:10:56,SKU-02307,2,C-01R-026-3-A,PKR-004,MULTI,UPS Ground,GROUND
ORD-1266959,2025-06-03,17:35:23,SKU-01255,2,C-03R-005-1-B,PKR-001,MULTI,UPS Ground,GROUND
ORD-1270044,2025-06-03,07:14:16,SKU-02699,1,C-01L-007-2-B,PKR-019,MULTI,USPS Priority Mail,PRIORITY_2D
ORD-1265869,2025-06-03,06:36:14,SKU-03680,1,B-01L-011-1-B,PKR-026,MULTI,FedEx Ground,GROUND
ORD-1264077,2025-06-03,12:34:18,SKU-02754,1,E-01L-001-4-B,PKR-005,MULTI,UPS Ground,GROUND
ORD-1269844,2025-06-03,17:41:13,SKU-00229,2,A-04R-007-2-A,PKR-009,MULTI,USPS Priority Mail,STANDARD_OVERNIGHT
ORD-1271256,2025-06-03,13:24:17,SKU-02214,1,D-01L-001-2-A,PKR-019,MULTI,FedEx 2Day,PRIORITY_2D
ORD-1264395,2025-06-03,12:16:44,SKU-00022,2,D-04R-011-4-B,PKR-007,MULTI,FedEx 2Day,GROUND
ORD-1264726,2025-06-03,18:11:28,SKU-00612,2,D-03R-001-2-B,PKR-009,MULTI,UPS Ground,GROUND
ORD-1267526,2025-06-03,21:29:10,SKU-04041,2,A-02R-002-2-B,PKR-021,MULTI,FedEx Ground,GROUND
ORD-1269617,2025-06-03,10:26:20,SKU-04563,2,A-02L-022-4-B,PKR-018,MULTI,UPS Ground,GROUND
ORD-1271184,2025-06-03,10:27:14,SKU-01490,2,B-04R-009-1-A,PKR-018,MULTI,USPS Priority Mail,GROUND
ORD-1267138,2025-06-03,06:13:44,SKU-03597,1,D-02L-022-5-B,PKR-010,MULTI,USPS Priority Mail,PRIORITY_2D
ORD-1271356,2025-06-03,13:26:30,SKU-04328,2,A-02L-021-1-B,PKR-005,MULTI,FedEx Ground,GROUND
ORD-1265275,2025-06-03,20:12:48,SKU-02772,2,A-02R-012-5-A,PKR-030,MULTI,FedEx Ground,GROUND
ORD-1271913,2025-06-03,12:00:00,SKU-02609,2,C-01R-013-1-B,PKR-027,MULTI,UPS Ground,PRIORITY_2D
ORD-1268824,2025-06-03,19:04:08,SKU-04347,2,B-02R-012-5-B,PKR-027,MULTI,UPS Ground,PRIORITY_2D
ORD-1271261,2025-06-03,16:42:47,SKU-00281,1,D-03L-011-1-A,PKR-015,MULTI,UPS 2nd Day Air,PRIORITY_2D
ORD-1269210,2025-06-03,13:33:07,SKU-04328,2,A-02L-021-1-B,PKR-005,MULTI,FedEx Ground,GROUND
ORD-1264154,2025-06-03,12:48:54,SKU-04608,2,A-02L-025-1-B,PKR-010,MULTI,UPS 2nd Day Air,GROUND
ORD-1269198,2025-06-03,12:44:22,SKU-00161,2,E-03R-003-1-B,PKR-011,MULTI,UPS Ground,GROUND
ORD-1264520,2025-06-03,18:28:02,SKU-04211,1,A-01L-009-5-B,PKR-012,MULTI,FedEx Ground,PRIORITY_2D
ORD-1264362,2025-06-03,09:59:54,SKU-00402,2,C-03R-001-2-A,PKR-009,MULTI,FedEx Ground,GROUND
ORD-1265452,2025-06-03,07:29:54,SKU-02125,1,A-01R-020-2-B,PKR-014,MULTI,UPS Ground,GROUND
ORD-1266890,2025-06-03,15:25:11,SKU-02366,1,A-01R-020-4-A,PKR-023,MULTI,FedEx Ground,GROUND
ORD-1269161,2025-06-03,07:55:44,SKU-02694,2,D-02R-021-1-B,PKR-013,MULTI,FedEx Ground,PRIORITY_2D
ORD-1268966,2025-06-03,13:08:20,SKU-03727,1,B-02R-023-4-A,PKR-016,MULTI,UPS Ground,PRIORITY_2D
ORD-1268410,2025-06-03,21:32:05,SKU-01696,1,B-03L-009-3-B,PKR-006,MULTI,FedEx Ground,GROUND
ORD-1267091,2025-06-03,14:53:27,SKU-02366,1,A-01R-020-4-A,PKR-006,MULTI,FedEx 2Day,PRIORITY_2D
ORD-1266089,2025-06-03,21:07:45,SKU-02180,2,D-01R-011-4-B,PKR-026,MULTI,UPS Ground,GROUND
ORD-1266115,2025-06-03,08:06:48,SKU-02125,2,A-01R-020-2-B,PKR-027,MULTI,USPS Priority Mail,GROUND
ORD-1264874,2025-06-03,09:35:57,SKU-04328,2,A-02L-021-1-B,PKR-005,MULTI,USPS Priority Mail,STANDARD_OVERNIGHT
ORD-1271885,2025-06-03,07:44:07,SKU-03382,1,B-01L-020-5-B,PKR-030,MULTI,FedEx 2Day,GROUND
ORD-1264270,2025-06-03,08:48:02,SKU-00199,1,B-03R-020-4-B,PKR-010,SINGLE,FedEx Ground,GROUND
ORD-1265622,2025-06-03,13:29:44,SKU-02125,2,A-01R-020-2-B,PKR-017,MULTI,UPS Ground,GROUND
ORD-1265563,2025-06-03,06:54:00,SKU-04928,2,B-01L-013-2-B,PKR-007,MULTI,FedEx 2Day,GROUND
ORD-1264713,2025-06-03,16:15:31,SKU-02585,2,A-01R-012-4-A,PKR-024,MULTI,USPS Priority Mail,GROUND
ORD-1265381,2025-06-03,07:02:17,SKU-02104,2,B-01R-002-1-A,PKR-003,MULTI,FedEx Ground,GROUND
ORD-1264490,2025-06-03,09:09:12,SKU-02978,2,D-02L-007-4-A,PKR-017,MULTI,UPS Ground,GROUND
ORD-1264982,2025-06-03,19:37:58,SKU-03466,2,B-02L-010-4-A,PKR-022,MULTI,FedEx Ground,STANDARD_OVERNIGHT
ORD-1269440,2025-06-03,11:14:54,SKU-04328,2,A-02L-021-1-B,PKR-018,MULTI,USPS Priority Mail,PRIORITY_2D
ORD-1270804,2025-06-03,18:29:54,SKU-01333,2,D-03R-004-1-A,PKR-011,MULTI,FedEx 2Day,GROUND
ORD-1268369,2025-06-03,11:40:45,SKU-02859,1,A-01L-018-3-A,PKR-004,MULTI,FedEx Ground,GROUND
ORD-1264476,2025-06-03,12:47:47,SKU-02132,2,D-01R-026-4-A,PKR-016,MULTI,USPS Priority Mail,GROUND
ORD-1268136,2025-06-03,15:13:40,SKU-03727,2,B-02R-023-4-A,PKR-031,MULTI,FedEx Ground,STANDARD_OVERNIGHT
ORD-1269938,2025-06-03,06:03:30,SKU-03727,1,B-02R-023-4-A,PKR-001,MULTI,USPS Priority Mail,STANDARD_OVERNIGHT
ORD-1264259,2025-06-03,06:16:31,SKU-04328,2,A-02L-021-1-B,PKR-032,MULTI,UPS Ground,PRIORITY_2D
ORD-1268778,2025-06-03,18:58:33,SKU-01836,1,D-04R-015-4-B,PKR-003,MULTI,FedEx Ground,GROUND
ORD-1268741,2025-06-03,12:34:56,SKU-00643,2,A-03R-014-2-B,PKR-028,MULTI,FedEx Ground,GROUND
ORD-1267750,2025-06-03,18:00:55,SKU-01019,1,B-03R-014-1-A,PKR-025,MULTI,UPS Ground,GROUND
ORD-1269488,2025-06-03,07:59:42,SKU-04328,1,A-02L-021-1-B,PKR-028,MULTI,USPS Priority Mail,GROUND
ORD-1266321,2025-06-03,13:18:00,SKU-01215,2,E-04L-020-3-A,PKR-010,MULTI,FedEx Ground,GROUND
ORD-1271588,2025-06-03,08:32:30,SKU-03881,2,B-02R-002-4-A,PKR-013,MULTI,UPS 2nd Day Air,GROUND
ORD-1271491,2025-06-03,09:14:09,SKU-02850,2,A-01R-014-5-A,PKR-025,MULTI,UPS Ground,GROUND
ORD-1269170,2025-06-03,06:08:47,SKU-00079,2,A-03R-013-2-B,PKR-009,MULTI,FedEx Ground,GROUND
ORD-1265924,2025-06-03,10:23:04,SKU-02900,1,C-01R-009-4-A,PKR-014,MULTI,UPS Ground,GROUND
ORD-1267273,2025-06-03,16:39:11,SKU-04328,2,A-02L-021-1-B,PKR-031,MULTI,UPS Ground,GROUND
ORD-1266504,2025-06-03,09:44:17,SKU-03727,1,B-02R-023-4-A,PKR-025,MULTI,FedEx 2Day,GROUND
ORD-1268916,2025-06-03,08:14:33,SKU-02125,2,A-01R-020-2-B,PKR-032,SINGLE,UPS 2nd Day Air,GROUND
ORD-1268166,2025-06-03,21:31:22,SKU-00838,1,A-03L-009-1-B,PKR-003,MULTI,USPS Priority Mail,GROUND
ORD-1268308,2025-06-03,18:45:13,SKU-02836,2,A-02R-009-1-B,PKR-030,SINGLE,UPS Ground,GROUND
ORD-1271481,2025-06-03,08:05:58,SKU-04878,2,B-01R-016-3-B,PKR-013,MULTI,USPS Priority Mail,GROUND
ORD-1265027,2025-06-03,08:33:27,SKU-03357,2,A-02R-015-3-B,PKR-013,MULTI,FedEx Ground,GROUND
ORD-1265948,2025-06-03,11:37:11,SKU-04328,2,A-02L-021-1-B,PKR-029,MULTI,UPS Ground,GROUND
ORD-1267319,2025-06-03,08:16:47,SKU-00602,2,B-04R-014-4-B,PKR-001,MULTI,FedEx Ground,GROUND
ORD-1266263,2025-06-03,19:21:25,SKU-04457,1,A-01L-020-2-B,PKR-018,MULTI,UPS Ground,GROUND
ORD-1270040,2025-06-03,14:01:03,SKU-04533,2,D-01L-017-2-A,PKR-018,MULTI,USPS Priority Mail,GROUND
ORD-1268011,2025-06-03,13:47:10,SKU-04308,2,B-02R-019-4-A,PKR-021,MULTI,FedEx Ground,PRIORITY_2D
ORD-1264881,2025-06-03,21:44:46,SKU-02830,2,D-01R-023-3-B,PKR-004,MULTI,FedEx Ground,GROUND
ORD-1265577,2025-06-03,21:23:57,SKU-00697,1,A-04L-005-4-B,PKR-031,MULTI,FedEx 2Day,GROUND
ORD-1270355,2025-06-03,20:55:34,SKU-04860,2,C-01R-022-2-B,PKR-013,MULTI,FedEx Ground,GROUND
ORD-1269342,2025-06-03,16:31:04,SKU-02252,2,B-02R-025-2-A,PKR-005,MULTI,USPS Priority Mail,GROUND
ORD-1265149,2025-06-03,13:21:47,SKU-02585,1,A-01R-012-4-A,PKR-016,MULTI,FedEx Ground,GROUND
ORD-1269809,2025-06-03,06:53:16,SKU-02908,1,B-02L-005-3-A,PKR-002,MULTI,FedEx Ground,GROUND
ORD-1267568,2025-06-03,20:17:30,SKU-04328,1,A-02L-021-1-B,PKR-011,MULTI,UPS 2nd Day Air,GROUND
ORD-1271597,2025-06-03,14:52:16,SKU-00872,2,A-04L-005-1-A,PKR-021,MULTI,UPS Ground,GROUND
ORD-1268072,2025-06-03,06:15:48,SKU-02893,2,B-01L-026-2-B,PKR-022,MULTI,UPS Ground,GROUND
ORD-1270493,2025-06-03,08:54:30,SKU-04328,2,A-02L-021-1-B,PKR-020,SINGLE,UPS Ground,GROUND
ORD-1269111,2025-06-03,11:30:43,SKU-02154,1,B-02R-026-5-A,PKR-028,MULTI,UPS Ground,PRIORITY_2D
ORD-1265755,2025-06-03,13:05:18,SKU-03881,2,B-02R-002-4-A,PKR-029,MULTI,USPS Priority Mail,PRIORITY_2D
ORD-1270639,2025-06-03,10:47:28,SKU-04878,2,B-01R-016-3-B,PKR-022,MULTI,USPS Priority Mail,GROUND
ORD-1269807,2025-06-03,13:21:32,SKU-02609,2,C-01R-013-1-B,PKR-020,MULTI,UPS Ground,GROUND
ORD-1265891,2025-06-03,18:04:18,SKU-04304,2,A-02R-022-3-B,PKR-024,MULTI,UPS Ground,GROUND
ORD-1269260,2025-06-03,11:47:57,SKU-03658,1,C-02R-009-3-A,PKR-016,MULTI,UPS 2nd Day Air,PRIORITY_2D
ORD-1268263,2025-06-03,09:48:59,SKU-02585,2,A-01R-012-4-A,PKR-007,MULTI,FedEx Ground,PRIORITY_2D
ORD-1268554,2025-06-03,11:38:38,SKU-04328,2,A-02L-021-1-B,PKR-007,MULTI,FedEx 2Day,GROUND
ORD-1269359,2025-06-03,11:55:21,SKU-04041,2,A-02R-002-2-B,PKR-018,MULTI,UPS Ground,GROUND
ORD-1265373,2025-06-03,11:21:17,SKU-03049,2,C-02L-003-4-A,PKR-014,SINGLE,USPS Priority Mail,GROUND
ORD-1270597,2025-06-03,19:44:19,SKU-00258,2,D-03R-010-4-A,PKR-023,MULTI,FedEx 2Day,GROUND
ORD-1264247,2025-06-03,19:03:40,SKU-04328,2,A-02L-021-1-B,PKR-019,MULTI,FedEx Ground,GROUND
ORD-1264082,2025-06-03,13:13:10,SKU-04041,2,A-02R-002-2-B,PKR-006,MULTI,UPS Ground,STANDARD_OVERNIGHT
ORD-1269867,2025-06-03,09:32:31,SKU-04041,1,A-02R-002-2-B,PKR-009,MULTI,USPS Priority Mail,GROUND
ORD-1264531,2025-06-03,19:46:13,SKU-01084,2,C-03L-006-1-B,PKR-023,MULTI,USPS Priority Mail,PRIORITY_2D
ORD-1269219,2025-06-03,10:17:03,SKU-03727,2,B-02R-023-4-A,PKR-001,MULTI,USPS Priority Mail,GROUND
ORD-1264513,2025-06-03,08:31:42,SKU-02451,2,A-01L-011-3-B,PKR-017,MULTI,USPS Priority Mail,GROUND
ORD-1268768,2025-06-03,17:30:24,SKU-04435,2,A-02R-016-4-A,PKR-005,MULTI,FedEx Ground,GROUND
ORD-1271262,2025-06-03,15:43:07,SKU-04608,1,A-02L-025-1-B,PKR-031,MULTI,USPS Priority Mail,GROUND
ORD-1269830,2025-06-03,10:00:56,SKU-00392,1,B-03L-019-1-B,PKR-004,MULTI,UPS 2nd Day Air,STANDARD_OVERNIGHT
ORD-1271159,2025-06-03,21:24:18,SKU-01121,2,B-04R-017-4-A,PKR-009,MULTI,FedEx 2Day,PRIORITY_2D
ORD-1271111,2025-06-03,19:13:44,SKU-02681,2,A-01R-018-4-B,PKR-014,MULTI,USPS Priority Mail,GROUND
ORD-1269113,2025-06-03,14:59:44,SKU-04308,2,B-02R-019-4-A,PKR-002,MULTI,UPS Ground,GROUND
ORD-1267612,2025-06-03,21:00:58,SKU-02624,2,A-02R-022-1-A,PKR-032,MULTI,FedEx Ground,GROUND
ORD-1268493,2025-06-03,19:59:43,SKU-01611,1,B-03L-017-3-A,PKR-006,MULTI,FedEx Ground,GROUND
ORD-1271584,2025-06-03,19:33:50,SKU-04898,1,C-02R-022-5-A,PKR-002,MULTI,FedEx Ground,GROUND
ORD-1264859,2025-06-03,06:44:56,SKU-04041,2,A-02R-002-2-B,PKR-028,MULTI,FedEx Ground,GROUND
ORD-1268476,2025-06-03,15:19:46,SKU-04328,1,A-02L-021-1-B,PKR-010,MULTI,UPS Ground,GROUND
ORD-1266959,2025-06-03,17:35:23,SKU-01204,2,A-03R-016-1-B,PKR-001,MULTI,UPS Ground,GROUND
ORD-1264280,2025-06-03,16:24:54,SKU-03727,1,B-02R-023-4-A,PKR-027,MULTI,UPS Ground,GROUND
ORD-1270620,2025-06-03,12:48:57,SKU-02585,2,A-01R-012-4-A,PKR-025,MULTI,FedEx Ground,PRIORITY_2D
ORD-1271138,2025-06-03,11:29:25,SKU-02667,1,E-01R-021-4-B,PKR-014,MULTI,FedEx Ground,GROUND
ORD-1264112,2025-06-03,19:05:55,SKU-02893,1,B-01L-026-2-B,PKR-011,MULTI,UPS Ground,GROUND
ORD-1266904,2025-06-03,10:22:50,SKU-04670,2,C-02R-018-2-B,PKR-018,MULTI,FedEx Ground,GROUND
ORD-1271608,2025-06-03,09:57:55,SKU-00872,2,A-04L-005-1-A,PKR-017,MULTI,USPS Priority Mail,PRIORITY_2D
ORD-1265482,2025-06-03,12:29:58,SKU-02836,1,A-02R-009-1-B,PKR-027,MULTI,UPS Ground,GROUND
ORD-1266972,2025-06-03,20:07:20,SKU-02859,2,A-01L-018-3-A,PKR-012,MULTI,FedEx Ground,PRIORITY_2D
ORD-1265207,2025-06-03,10:31:57,SKU-02888,1,C-01L-009-5-A,PKR-006,MULTI,USPS Priority Mail,GROUND
ORD-1269885,2025-06-03,07:18:10,SKU-02509,1,B-01L-020-5-A,PKR-010,MULTI,UPS Ground,GROUND
ORD-1264428,2025-06-03,15:07:38,SKU-04328,2,A-02L-021-1-B,PKR-017,MULTI,UPS Ground,GROUND
ORD-1272474,2025-06-04,12:49:17,SKU-04328,2,A-02L-021-1-B,PKR-031,MULTI,FedEx 2Day,GROUND
ORD-1279511,2025-06-04,09:10:39,SKU-03727,1,B-02R-023-4-A,PKR-030,MULTI,UPS Ground,STANDARD_OVERNIGHT
ORD-1279333,2025-06-04,19:18:16,SKU-03156,2,A-02R-007-1-A,PKR-004,MULTI,FedEx Ground,PRIORITY_2D
ORD-1272016,2025-06-04,14:33:23,SKU-01417,2,C-04L-013-4-B,PKR-017,MULTI,UPS Ground,GROUND
ORD-1274286,2025-06-04,18:37:49,SKU-00872,2,A-04L-005-1-A,PKR-017,MULTI,UPS Ground,GROUND
ORD-1273431,2025-06-04,11:26:14,SKU-02104,2,B-01R-002-1-A,PKR-025,MULTI,UPS Ground,GROUND
ORD-1273219,2025-06-04,08:33:07,SKU-04794,2,D-02L-012-5-A,PKR-005,MULTI,UPS Ground,GROUND
ORD-1273412,2025-06-04,17:57:25,SKU-01121,1,B-04R-017-4-A,PKR-030,MULTI,USPS Priority Mail,GROUND
ORD-1277795,2025-06-04,10:13:25,SKU-00446,2,B-04L-006-4-A,PKR-032,MULTI,USPS Priority Mail,GROUND
ORD-1277591,2025-06-04,12:25:13,SKU-04783,2,C-02L-013-5-B,PKR-020,MULTI,FedEx 2Day,GROUND
ORD-1276729,2025-06-04,21:00:23,SKU-02811,1,B-02R-012-3-A,PKR-029,MULTI,FedEx Ground,GROUND
ORD-1274579,2025-06-04,19:33:14,SKU-02509,2,B-01L-020-5-A,PKR-003,MULTI,UPS Ground,GROUND
ORD-1276634,2025-06-04,09:00:49,SKU-01204,1,A-03R-016-1-B,PKR-016,MULTI,FedEx 2Day,GROUND
ORD-1278656,2025-06-04,08:29:30,SKU-04710,2,A-02L-008-2-A,PKR-024,MULTI,UPS Ground,GROUND
ORD-1279169,2025-06-04,18:02:49,SKU-02451,1,A-01L-011-3-B,PKR-009,MULTI,UPS Ground,STANDARD_OVERNIGHT
ORD-1274502,2025-06-04,20:49:03,SKU-02179,2,C-01L-024-5-B,PKR-018,MULTI,FedEx Ground,GROUND
ORD-1279703,2025-06-04,16:11:10,SKU-04041,2,A-02R-002-2-B,PKR-014,MULTI,USPS Priority Mail,GROUND
ORD-1274782,2025-06-04,06:05:08,SKU-04041,2,A-02R-002-2-B,PKR-012,SINGLE,UPS Ground,PRIORITY_2D
ORD-1277555,2025-06-04,21:33:22,SKU-04970,2,B-01R-026-2-A,PKR-007,MULTI,FedEx Ground,GROUND
ORD-1278431,2025-06-04,14:06:45,SKU-03727,2,B-02R-023-4-A,PKR-006,MULTI,UPS Ground,GROUND
ORD-1277107,2025-06-04,06:41:02,SKU-02681,2,A-01R-018-4-B,PKR-022,MULTI,FedEx Ground,GROUND
ORD-1274163,2025-06-04,12:15:53,SKU-02825,1,D-02L-004-1-B,PKR-003,MULTI,FedEx Ground,GROUND
ORD-1276501,2025-06-04,21:59:30,SKU-04266,2,C-02L-002-2-B,PKR-010,MULTI,USPS Priority Mail,GROUND
ORD-1275575,2025-06-04,14:45:46,SKU-04328,1,A-02L-021-1-B,PKR-024,MULTI,USPS Priority Mail,GROUND
ORD-1273666,2025-06-04,14:08:31,SKU-03852,2,D-01L-024-2-B,PKR-009,MULTI,UPS Ground,PRIORITY_2D
ORD-1272966,2025-06-04,06:44:10,SKU-04328,1,A-02L-021-1-B,PKR-018,MULTI,UPS Ground,GROUND
ORD-1276122,2025-06-04,18:24:36,SKU-02624,1,A-02R-022-1-A,PKR-028,MULTI,FedEx Ground,GROUND
ORD-1273372,2025-06-04,13:41:46,SKU-01048,2,E-03L-015-1-A,PKR-006,MULTI,USPS Priority Mail,GROUND
ORD-1277606,2025-06-04,10:32:58,SKU-02908,1,B-02L-005-3-A,PKR-007,MULTI,USPS Priority Mail,PRIORITY_2D
ORD-1275159,2025-06-04,08:41:28,SKU-04328,1,A-02L-021-1-B,PKR-027,MULTI,FedEx Ground,PRIORITY_2D
ORD-1276971,2025-06-04,21:05:40,SKU-02272,1,A-02R-002-5-A,PKR-025,SINGLE,UPS Ground,GROUND
ORD-1275185,2025-06-04,21:07:06,SKU-04328,2,A-02L-021-1-B,PKR-032,MULTI,UPS Ground,PRIORITY_2D
ORD-1276041,2025-06-04,13:04:46,SKU-01170,2,A-03L-002-3-B,PKR-005,MULTI,FedEx 2Day,GROUND
ORD-1276674,2025-06-04,11:25:21,SKU-04489,1,B-02L-018-4-B,PKR-027,MULTI,USPS Priority Mail,PRIORITY_2D
ORD-1277788,2025-06-04,12:53:50,SKU-00104,1,D-03R-018-4-B,PKR-009,MULTI,USPS Priority Mail,GROUND
ORD-1272916,2025-06-04,07:40:05,SKU-03600,2,A-01L-017-2-B,PKR-019,MULTI,FedEx 2Day,PRIORITY_2D
ORD-1278543,2025-06-04,15:00:20,SKU-01069,1,C-04L-017-4-A,PKR-023,MULTI,USPS Priority Mail,GROUND
ORD-1277597,2025-06-04,14:30:30,SKU-02908,2,B-02L-005-3-A,PKR-032,MULTI,FedEx Ground,GROUND
ORD-1274056,2025-06-04,10:45:34,SKU-01204,2,A-03R-016-1-B,PKR-013,MULTI,FedEx Ground,STANDARD_OVERNIGHT
ORD-1277007,2025-06-04,08:19:23,SKU-02908,1,B-02L-005-3-A,PKR-021,MULTI,UPS Ground,GROUND
ORD-1279839,2025-06-04,20:52:46,SKU-04670,2,C-02R-018-2-B,PKR-031,MULTI,UPS Ground,GROUND
ORD-1278223,2025-06-04,14:43:17,SKU-03985,2,A-02R-024-3-B,PKR-026,MULTI,FedEx 2Day,GROUND
ORD-1277922,2025-06-04,21:43:29,SKU-02269,2,C-02L-019-3-B,PKR-029,MULTI,FedEx Ground,GROUND
ORD-1272866,2025-06-04,09:46:08,SKU-04183,1,A-01L-010-2-B,PKR-007,MULTI,UPS Ground,STANDARD_OVERNIGHT
ORD-1276014,2025-06-04,07:49:00,SKU-02206,1,A-01R-015-5-B,PKR-011,MULTI,UPS Ground,GROUND
ORD-1276668,2025-06-04,20:34:57,SKU-02104,1,B-01R-002-1-A,PKR-014,MULTI,UPS Ground,GROUND
ORD-1275534,2025-06-04,12:57:26,SKU-02125,2,A-01R-020-2-B,PKR-003,MULTI,FedEx Ground,STANDARD_OVERNIGHT
ORD-1273072,2025-06-04,18:37:51,SKU-03032,1,A-02L-020-4-B,PKR-008,MULTI,UPS 2nd Day Air,GROUND
ORD-1277479,2025-06-04,19:48:28,SKU-01121,2,B-04R-017-4-A,PKR-009,SINGLE,FedEx Ground,PRIORITY_2D
ORD-1273052,2025-06-04,18:36:09,SKU-00029,1,C-03L-006-4-A,PKR-004,MULTI,FedEx Ground,GROUND
ORD-1275242,2025-06-04,08:11:25,SKU-01985,2,A-04R-016-3-B,PKR-029,MULTI,USPS Priority Mail,GROUND
ORD-1272458,2025-06-04,21:35:52,SKU-00353,2,A-04L-018-4-A,PKR-018,MULTI,USPS Priority Mail,GROUND
ORD-1278105,2025-06-04,07:37:43,SKU-01918,2,B-04R-013-2-A,PKR-028,MULTI,USPS Priority Mail,GROUND
ORD-1276514,2025-06-04,08:48:55,SKU-00716,2,A-04L-001-1-A,PKR-030,MULTI,UPS Ground,GROUND
ORD-1272702,2025-06-04,10:00:48,SKU-04118,1,A-01L-010-3-B,PKR-031,MULTI,USPS Priority Mail,GROUND
ORD-1272824,2025-06-04,12:24:52,SKU-02033,2,E-01R-002-2-B,PKR-013,MULTI,USPS Priority Mail,STANDARD_OVERNIGHT
ORD-1279183,2025-06-04,12:40:17,SKU-00137,1,B-03R-003-1-B,PKR-023,MULTI,USPS Priority Mail,GROUND
ORD-1278760,2025-06-04,10:57:10,SKU-01121,2,B-04R-017-4-A,PKR-002,MULTI,UPS Ground,GROUND
ORD-1273034,2025-06-04,06:20:51,SKU-01234,1,B-03L-001-4-A,PKR-017,MULTI,UPS Ground,GROUND
ORD-1277179,2025-06-04,14:22:28,SKU-02893,2,B-01L-026-2-B,PKR-015,MULTI,UPS Ground,GROUND
ORD-1278355,2025-06-04,17:59:58,SKU-00658,2,C-04R-002-2-B,PKR-025,MULTI,USPS Priority Mail,GROUND
ORD-1278644,2025-06-04,08:55:39,SKU-03887,1,B-02R-019-4-B,PKR-011,MULTI,UPS Ground,GROUND
ORD-1277857,2025-06-04,19:19:17,SKU-00474,2,C-04L-011-2-A,PKR-013,MULTI,USPS Priority Mail,GROUND
ORD-1272215,2025-06-04,21:23:24,SKU-00859,2,C-04L-007-3-A,PKR-026,MULTI,UPS Ground,GROUND
ORD-1274207,2025-06-04,06:29:41,SKU-04041,1,A-02R-002-2-B,PKR-021,MULTI,FedEx Ground,GROUND
ORD-1274432,2025-06-04,11:19:15,SKU-01915,2,A-04R-017-2-B,PKR-013,MULTI,FedEx 2Day,GROUND
ORD-1273645,2025-06-04,09:34:27,SKU-04328,1,A-02L-021-1-B,PKR-009,MULTI,UPS Ground,GROUND
ORD-1277904,2025-06-04,12:55:45,SKU-01398,1,D-04L-010-3-B,PKR-002,MULTI,FedEx Ground,GROUND
ORD-1278680,2025-06-04,21:27:32,SKU-02366,2,A-01R-020-4-A,PKR-010,MULTI,USPS Priority Mail,GROUND
ORD-1275013,2025-06-04,08:28:47,SKU-03049,1,C-02L-003-4-A,PKR-004,MULTI,USPS Priority Mail,GROUND
ORD-1275064,2025-06-04,19:36:51,SKU-04865,2,A-01R-011-4-B,PKR-001,MULTI,FedEx Ground,PRIORITY_2D
ORD-1272736,2025-06-04,20:24:53,SKU-00872,1,A-04L-005-1-A,PKR-028,MULTI,FedEx 2Day,GROUND
ORD-1272944,2025-06-04,20:07:26,SKU-02272,1,A-02R-002-5-A,PKR-015,MULTI,UPS Ground,GROUND
ORD-1277408,2025-06-04,18:01:10,SKU-04457,2,A-01L-020-2-B,PKR-030,MULTI,FedEx Ground,GROUND
ORD-1273222,2025-06-04,11:37:06,SKU-04646,1,C-02R-011-5-B,PKR-006,MULTI,USPS Priority Mail,GROUND
ORD-1273084,2025-06-04,10:43:14,SKU-02620,2,E-01R-010-2-A,PKR-012,MULTI,USPS Priority Mail,GROUND
ORD-1279850,2025-06-04,16:35:20,SKU-02244,2,E-02L-009-1-A,PKR-008,MULTI,FedEx 2Day,PRIORITY_2D
ORD-1273923,2025-06-04,06:30:36,SKU-02509,2,B-01L-020-5-A,PKR-029,MULTI,USPS Priority Mail,GROUND
ORD-1273203,2025-06-04,20:15:04,SKU-04764,2,C-01R-024-2-A,PKR-005,MULTI,UPS Ground,GROUND
ORD-1278187,2025-06-04,06:44:11,SKU-04750,2,D-02L-001-5-B,PKR-029,MULTI,FedEx Ground,GROUND
ORD-1279012,2025-06-04,11:54:58,SKU-03882,1,B-01R-002-3-B,PKR-023,MULTI,UPS Ground,GROUND
ORD-1274470,2025-06-04,18:23:36,SKU-03727,2,B-02R-023-4-A,PKR-019,MULTI,FedEx Ground,GROUND
ORD-1277912,2025-06-04,21:59:59,SKU-01204,2,A-03R-016-1-B,PKR-001,MULTI,FedEx 2Day,GROUND
ORD-1272812,2025-06-04,12:09:21,SKU-04211,2,A-01L-009-5-B,PKR-031,MULTI,UPS 2nd Day Air,GROUND
ORD-1278951,2025-06-04,17:13:41,SKU-00872,2,A-04L-005-1-A,PKR-021,SINGLE,USPS Priority Mail,GROUND
ORD-1275076,2025-06-04,12:45:46,SKU-04664,2,A-02R-002-3-A,PKR-016,SINGLE,USPS Priority Mail,GROUND
ORD-1278590,2025-06-04,19:14:13,SKU-02104,1,B-01R-002-1-A,PKR-023,MULTI,FedEx Ground,GROUND
ORD-1273229,2025-06-04,18:28:27,SKU-04604,1,A-02R-011-2-A,PKR-017,MULTI,UPS Ground,GROUND
ORD-1278940,2025-06-04,06:53:31,SKU-04493,2,B-01R-010-5-A,PKR-002,MULTI,FedEx Ground,GROUND
ORD-1276248,2025-06-04,13:09:48,SKU-00045,2,A-04R-015-3-B,PKR-032,MULTI,UPS Ground,GROUND
ORD-1272732,2025-06-04,21:31:05,SKU-02662,2,A-01R-006-5-A,PKR-027,MULTI,USPS Priority Mail,GROUND
ORD-1274379,2025-06-04,20:24:30,SKU-00872,1,A-04L-005-1-A,PKR-011,MULTI,FedEx Ground,GROUND
ORD-1275002,2025-06-04,15:56:58,SKU-03678,2,D-01R-018-2-B,PKR-031,MULTI,UPS 2nd Day Air,GROUND
ORD-1276632,2025-06-04,07:45:43,SKU-02085,1,D-02R-008-1-A,PKR-025,MULTI,FedEx Ground,GROUND
ORD-1274334,2025-06-04,21:47:37,SKU-04041,2,A-02R-002-2-B,PKR-009,MULTI,UPS Ground,GROUND
ORD-1275099,2025-06-04,10:15:20,SKU-02592,2,C-02L-004-3-B,PKR-026,MULTI,FedEx Ground,GROUND
ORD-1276096,2025-06-04,06:49:38,SKU-01104,2,A-04R-003-1-B,PKR-030,MULTI,FedEx Ground,PRIORITY_2D
ORD-1276947,2025-06-04,13:49:25,SKU-03938,1,B-02R-007-3-B,PKR-021,MULTI,FedEx 2Day,GROUND
ORD-1277548,2025-06-04,18:08:45,SKU-00872,2,A-04L-005-1-A,PKR-014,MULTI,FedEx Ground,PRIORITY_2D
ORD-1276404,2025-06-04,20:31:34,SKU-04566,2,C-02R-011-1-A,PKR-025,MULTI,USPS Priority Mail,GROUND
ORD-1277913,2025-06-04,17:57:39,SKU-04041,2,A-02R-002-2-B,PKR-023,MULTI,FedEx Ground,GROUND
ORD-1276396,2025-06-04,17:43:42,SKU-02514,2,B-02R-020-1-B,PKR-010,MULTI,UPS Ground,GROUND
ORD-1274045,2025-06-04,18:20:13,SKU-02681,2,A-01R-018-4-B,PKR-031,MULTI,USPS Priority Mail,PRIORITY_2D
ORD-1274247,2025-06-04,11:03:40,SKU-02278,2,C-01L-025-1-B,PKR-020,MULTI,FedEx 2Day,GROUND
ORD-1272478,2025-06-04,07:05:07,SKU-02908,1,B-02L-005-3-A,PKR-009,MULTI,USPS Priority Mail,GROUND
ORD-1279836,2025-06-04,20:28:35,SKU-00767,2,B-03R-001-4-A,PKR-015,MULTI,UPS Ground,GROUND
ORD-1277271,2025-06-04,06:35:02,SKU-03756,1,A-01L-005-3-A,PKR-022,MULTI,FedEx Ground,PRIORITY_2D
ORD-1273228,2025-06-04,21:53:00,SKU-00872,1,A-04L-005-1-A,PKR-001,MULTI,FedEx Ground,GROUND
ORD-1277979,2025-06-04,11:37:11,SKU-03356,2,A-02L-015-2-A,PKR-006,MULTI,FedEx Ground,GROUND
ORD-1272758,2025-06-04,09:17:32,SKU-03823,1,C-02R-020-1-B,PKR-010,MULTI,UPS Ground,GROUND
ORD-1278692,2025-06-04,21:48:15,SKU-02104,1,B-01R-002-1-A,PKR-030,MULTI,UPS Ground,PRIORITY_2D
ORD-1272789,2025-06-04,11:34:23,SKU-01652,1,B-04R-013-1-B,PKR-012,MULTI,FedEx Ground,STANDARD_OVERNIGHT
ORD-1278609,2025-06-04,13:39:36,SKU-01204,2,A-03R-016-1-B,PKR-010,MULTI,USPS Priority Mail,GROUND
ORD-1277216,2025-06-04,07:23:00,SKU-01207,1,B-04R-018-4-B,PKR-021,MULTI,FedEx Ground,GROUND
ORD-1272920,2025-06-04,08:10:45,SKU-02579,2,C-02L-009-4-B,PKR-028,MULTI,UPS Ground,STANDARD_OVERNIGHT
ORD-1279253,2025-06-04,16:37:32,SKU-03734,1,A-02L-002-5-A,PKR-030,MULTI,UPS Ground,GROUND
ORD-1279265,2025-06-04,17:18:31,SKU-02961,1,B-02R-006-3-A,PKR-005,MULTI,FedEx Ground,STANDARD_OVERNIGHT
ORD-1277675,2025-06-04,13:51:35,SKU-02251,1,C-02L-002-5-B,PKR-019,MULTI,USPS Priority Mail,GROUND
ORD-1277745,2025-06-04,07:06:44,SKU-00585,1,C-04R-005-4-B,PKR-001,MULTI,FedEx Ground,GROUND
ORD-1272185,2025-06-04,08:49:15,SKU-04538,1,A-01R-001-1-B,PKR-026,MULTI,UPS 2nd Day Air,GROUND
ORD-1277050,2025-06-04,14:33:03,SKU-03357,2,A-02R-015-3-B,PKR-027,MULTI,USPS Priority Mail,PRIORITY_2D
ORD-1275256,2025-06-04,21:52:48,SKU-02272,2,A-02R-002-5-A,PKR-009,MULTI,FedEx Ground,GROUND
ORD-1275359,2025-06-04,10:03:24,SKU-02585,2,A-01R-012-4-A,PKR-009,MULTI,UPS Ground,GROUND
ORD-1276644,2025-06-04,08:42:41,SKU-04896,1,A-02L-008-1-A,PKR-013,MULTI,FedEx Ground,GROUND
ORD-1275412,2025-06-04,12:05:02,SKU-00180,1,B-03L-010-1-A,PKR-030,MULTI,UPS Ground,STANDARD_OVERNIGHT
ORD-1274521,2025-06-04,06:44:16,SKU-03676,2,B-01R-002-4-B,PKR-007,MULTI,UPS 2nd Day Air,GROUND
ORD-1274174,2025-06-04,08:43:41,SKU-03838,2,B-01L-024-2-B,PKR-009,MULTI,UPS 2nd Day Air,GROUND
ORD-1278856,2025-06-04,14:34:30,SKU-03237,1,E-01R-012-3-A,PKR-009,MULTI,FedEx 2Day,GROUND
ORD-1275447,2025-06-04,09:14:57,SKU-02816,2,A-02R-004-2-A,PKR-016,MULTI,UPS Ground,GROUND
ORD-1279597,2025-06-04,08:15:36,SKU-01918,2,B-04R-013-2-A,PKR-012,MULTI,UPS Ground,PRIORITY_2D
ORD-1279552,2025-06-04,06:54:31,SKU-04245,2,B-01R-001-1-A,PKR-029,MULTI,UPS Ground,GROUND
ORD-1275832,2025-06-04,07:34:17,SKU-00423,2,B-03R-005-4-B,PKR-028,MULTI,FedEx Ground,GROUND
ORD-1276404,2025-06-04,20:31:34,SKU-02908,1,B-02L-005-3-A,PKR-025,MULTI,USPS Priority Mail,GROUND
ORD-1278507,2025-06-04,13:19:52,SKU-04297,1,B-01L-002-3-A,PKR-007,MULTI,FedEx Ground,GROUND
ORD-1275255,2025-06-04,10:17:42,SKU-02366,1,A-01R-020-4-A,PKR-015,MULTI,FedEx Ground,STANDARD_OVERNIGHT
ORD-1277860,2025-06-04,07:58:16,SKU-02828,1,A-02L-007-2-A,PKR-003,MULTI,USPS Priority Mail,GROUND
ORD-1272767,2025-06-04,07:16:59,SKU-02242,1,B-02R-026-1-A,PKR-005,MULTI,UPS 2nd Day Air,GROUND
ORD-1272059,2025-06-04,12:33:52,SKU-01121,2,B-04R-017-4-A,PKR-032,MULTI,UPS 2nd Day Air,GROUND
ORD-1279095,2025-06-04,10:23:12,SKU-00023,1,A-04R-013-4-B,PKR-020,MULTI,UPS Ground,GROUND
ORD-1278344,2025-06-04,12:38:20,SKU-01121,1,B-04R-017-4-A,PKR-026,MULTI,FedEx Ground,PRIORITY_2D
ORD-1272184,2025-06-04,20:53:01,SKU-00392,2,B-03L-019-1-B,PKR-003,MULTI,FedEx Ground,GROUND
ORD-1272801,2025-06-04,10:45:45,SKU-04528,1,B-02R-014-3-B,PKR-018,MULTI,FedEx Ground,GROUND
ORD-1278782,2025-06-04,17:30:29,SKU-02420,2,B-01L-005-4-B,PKR-020,MULTI,UPS Ground,STANDARD_OVERNIGHT
ORD-1276245,2025-06-04,21:33:47,SKU-02557,1,B-02L-019-4-A,PKR-010,MULTI,FedEx 2Day,STANDARD_OVERNIGHT
ORD-1279835,2025-06-04,20:04:19,SKU-02908,1,B-02L-005-3-A,PKR-015,MULTI,FedEx Ground,PRIORITY_2D
ORD-1279952,2025-06-04,15:00:43,SKU-01850,2,A-04R-006-2-A,PKR-009,MULTI,FedEx Ground,GROUND
ORD-1276985,2025-06-04,08:35:09,SKU-04328,2,A-02L-021-1-B,PKR-005,MULTI,FedEx Ground,PRIORITY_2D
ORD-1277702,2025-06-04,12:09:30,SKU-02202,1,C-01R-025-1-B,PKR-007,MULTI,USPS Priority Mail,GROUND
ORD-1278396,2025-06-04,06:48:41,SKU-01463,2,A-04L-004-3-B,PKR-028,MULTI,FedEx Ground,GROUND
ORD-1274089,2025-06-04,06:43:34,SKU-00217,2,C-03L-019-3-B,PKR-020,MULTI,FedEx Ground,GROUND
ORD-1278641,2025-06-04,16:09:37,SKU-04041,2,A-02R-002-2-B,PKR-006,MULTI,FedEx Ground,GROUND
ORD-1274420,2025-06-04,12:56:59,SKU-04041,2,A-02R-002-2-B,PKR-008,MULTI,UPS 2nd Day Air,GROUND
ORD-1277167,2025-06-04,19:12:14,SKU-00464,1,B-04L-018-2-A,PKR-024,MULTI,UPS Ground,PRIORITY_2D
ORD-1272244,2025-06-04,13:11:25,SKU-03999,1,A-02R-017-3-A,PKR-026,MULTI,FedEx Ground,GROUND
ORD-1276489,2025-06-04,21:48:42,SKU-03881,2,B-02R-002-4-A,PKR-002,MULTI,UPS Ground,GROUND
ORD-1273317,2025-06-04,15:22:27,SKU-04328,2,A-02L-021-1-B,PKR-007,MULTI,FedEx Ground,GROUND
ORD-1278937,2025-06-04,15:11:12,SKU-00090,2,C-04R-005-2-A,PKR-001,MULTI,UPS Ground,GROUND
ORD-1274162,2025-06-04,15:30:04,SKU-03727,2,B-02R-023-4-A,PKR-019,MULTI,USPS Priority Mail,PRIORITY_2D
ORD-1275195,2025-06-04,18:00:58,SKU-02681,2,A-01R-018-4-B,PKR-002,MULTI,FedEx 2Day,GROUND
ORD-1277651,2025-06-04,07:27:06,SKU-02780,1,E-01R-012-1-B,PKR-016,MULTI,FedEx Ground,GROUND
ORD-1272643,2025-06-04,08:49:26,SKU-02104,2,B-01R-002-1-A,PKR-003,MULTI,FedEx Ground,GROUND
ORD-1274903,2025-06-04,12:10:12,SKU-01651,2,D-04L-001-1-B,PKR-030,MULTI,FedEx Ground,STANDARD_OVERNIGHT
ORD-1276030,2025-06-04,21:07:21,SKU-04041,2,A-02R-002-2-B,PKR-007,MULTI,FedEx Ground,GROUND
ORD-1279600,2025-06-04,06:14:00,SKU-00199,1,B-03R-020-4-B,PKR-032,MULTI,USPS Priority Mail,STANDARD_OVERNIGHT
ORD-1273696,2025-06-04,06:22:56,SKU-04109,2,A-02L-018-2-A,PKR-021,MULTI,FedEx Ground,GROUND
ORD-1274255,2025-06-04,21:53:20,SKU-00649,1,C-04L-002-1-B,PKR-006,MULTI,UPS Ground,STANDARD_OVERNIGHT
ORD-1275418,2025-06-04,17:30:17,SKU-01968,1,D-03L-004-4-A,PKR-032,MULTI,USPS Priority Mail,GROUND
ORD-1277242,2025-06-04,16:05:14,SKU-01204,2,A-03R-016-1-B,PKR-006,MULTI,FedEx Ground,GROUND
ORD-1273132,2025-06-04,17:36:07,SKU-02807,2,A-02L-026-2-A,PKR-032,SINGLE,USPS Priority Mail,GROUND
ORD-1277358,2025-06-04,12:41:44,SKU-02509,2,B-01L-020-5-A,PKR-025,MULTI,FedEx Ground,GROUND
ORD-1273952,2025-06-04,13:15:21,SKU-03727,2,B-02R-023-4-A,PKR-004,MULTI,USPS Priority Mail,PRIORITY_2D
ORD-1272222,2025-06-04,08:28:06,SKU-00559,2,A-04R-005-4-A,PKR-028,MULTI,UPS Ground,GROUND
ORD-1274307,2025-06-04,21:11:48,SKU-02453,1,D-01L-003-4-B,PKR-012,SINGLE,UPS Ground,STANDARD_OVERNIGHT
ORD-1275240,2025-06-04,21:21:48,SKU-00716,2,A-04L-001-1-A,PKR-021,MULTI,UPS Ground,GROUND
ORD-1275380,2025-06-04,06:53:05,SKU-02366,1,A-01R-020-4-A,PKR-003,MULTI,UPS 2nd Day Air,GROUND
ORD-1274040,2025-06-04,16:30:54,SKU-02366,2,A-01R-020-4-A,PKR-013,MULTI,FedEx Ground,GROUND
ORD-1273161,2025-06-04,18:38:30,SKU-03727,1,B-02R-023-4-A,PKR-019,MULTI,USPS Priority Mail,GROUND
ORD-1275392,2025-06-04,07:22:13,SKU-01895,1,C-03L-009-3-B,PKR-011,MULTI,UPS Ground,GROUND
ORD-1277174,2025-06-04,11:38:51,SKU-04901,2,E-01L-005-4-A,PKR-002,SINGLE,UPS Ground,GROUND
ORD-1275565,2025-06-04,17:50:37,SKU-02125,2,A-01R-020-2-B,PKR-028,MULTI,FedEx Ground,GROUND
ORD-1278466,2025-06-04,19:06:08,SKU-02202,1,C-01R-025-1-B,PKR-004,MULTI,FedEx Ground,PRIORITY_2D
ORD-1272520,2025-06-04,08:05:41,SKU-04608,2,A-02L-025-1-B,PKR-009,MULTI,USPS Priority Mail,GROUND
ORD-1273321,2025-06-04,13:13:19,SKU-04608,1,A-02L-025-1-B,PKR-010,MULTI,UPS Ground,GROUND
ORD-1278620,2025-06-04,16:33:56,SKU-04328,2,A-02L-021-1-B,PKR-005,MULTI,UPS Ground,STANDARD_OVERNIGHT
ORD-1273866,2025-06-04,14:16:19,SKU-04693,2,B-01L-018-2-B,PKR-025,MULTI,FedEx Ground,STANDARD_OVERNIGHT
ORD-1277478,2025-06-04,09:11:02,SKU-01803,2,B-03R-020-1-A,PKR-029,MULTI,USPS Priority Mail,GROUND
ORD-1276824,2025-06-04,07:58:58,SKU-03727,1,B-02R-023-4-A,PKR-019,MULTI,UPS Ground,GROUND
ORD-1272556,2025-06-04,17:45:37,SKU-04328,2,A-02L-021-1-B,PKR-015,MULTI,FedEx Ground,GROUND
ORD-1272713,2025-06-04,21:33:02,SKU-03032,2,A-02L-020-4-B,PKR-008,MULTI,UPS Ground,GROUND
ORD-1275084,2025-06-04,09:40:29,SKU-02242,1,B-02R-026-1-A,PKR-026,MULTI,FedEx Ground,STANDARD_OVERNIGHT
ORD-1273956,2025-06-04,09:40:11,SKU-00046,2,B-03L-005-2-A,PKR-026,MULTI,USPS Priority Mail,GROUND
ORD-1272119,2025-06-04,21:31:06,SKU-02509,2,B-01L-020-5-A,PKR-022,MULTI,USPS Priority Mail,GROUND
ORD-1273012,2025-06-04,13:37:03,SKU-00392,2,B-03L-019-1-B,PKR-005,MULTI,UPS Ground,GROUND
ORD-1273260,2025-06-04,07:48:03,SKU-02085,2,D-02R-008-1-A,PKR-004,MULTI,USPS Priority Mail,GROUND
ORD-1274020,2025-06-04,20:16:28,SKU-00229,1,A-04R-007-2-A,PKR-006,MULTI,USPS Priority Mail,GROUND
ORD-1277327,2025-06-04,08:28:32,SKU-04608,2,A-02L-025-1-B,PKR-032,MULTI,UPS Ground,STANDARD_OVERNIGHT
ORD-1275813,2025-06-04,17:37:20,SKU-04041,2,A-02R-002-2-B,PKR-008,MULTI,USPS Priority Mail,GROUND
ORD-1274645,2025-06-04,15:41:23,SKU-04041,1,A-02R-002-2-B,PKR-027,MULTI,UPS Ground,GROUND
ORD-1272037,2025-06-04,16:11:02,SKU-00180,2,B-03L-010-1-A,PKR-007,MULTI,USPS Priority Mail,GROUND
ORD-1277794,2025-06-04,18:36:38,SKU-00910,1,B-04R-014-3-A,PKR-007,MULTI,UPS 2nd Day Air,GROUND
ORD-1275721,2025-06-04,15:27:50,SKU-00373,2,C-04R-019-1-A,PKR-028,MULTI,UPS Ground,GROUND
ORD-1274453,2025-06-04,15:17:39,SKU-03885,2,C-01L-012-4-A,PKR-031,MULTI,UPS 2nd Day Air,GROUND
ORD-1276934,2025-06-04,20:50:24,SKU-04328,2,A-02L-021-1-B,PKR-011,MULTI,FedEx Ground,GROUND
ORD-1277415,2025-06-04,18:27:18,SKU-01115,2,B-04L-002-1-A,PKR-019,MULTI,UPS Ground,PRIORITY_2D
ORD-1283727,2025-06-05,18:55:02,SKU-04542,2,C-02L-018-4-A,PKR-016,MULTI,USPS Priority Mail,GROUND
ORD-1280065,2025-06-05,17:51:20,SKU-02509,1,B-01L-020-5-A,PKR-001,MULTI,FedEx Ground,GROUND
ORD-1285092,2025-06-05,06:13:15,SKU-04608,2,A-02L-025-1-B,PKR-005,SINGLE,FedEx Ground,STANDARD_OVERNIGHT
ORD-1284839,2025-06-05,19:05:15,SKU-02671,2,B-01L-006-4-A,PKR-013,MULTI,USPS Priority Mail,GROUND
ORD-1285388,2025-06-05,07:43:04,SKU-04328,1,A-02L-021-1-B,PKR-005,MULTI,FedEx 2Day,PRIORITY_2D
ORD-1286130,2025-06-05,20:36:00,SKU-00047,1,A-03L-014-4-B,PKR-032,MULTI,UPS Ground,PRIORITY_2D
ORD-1281864,2025-06-05,13:23:24,SKU-00673,1,C-03L-015-4-A,PKR-019,MULTI,FedEx Ground,GROUND
ORD-1285851,2025-06-05,15:38:49,SKU-04733,2,A-01R-018-1-A,PKR-027,MULTI,UPS Ground,STANDARD_OVERNIGHT
ORD-1284371,2025-06-05,19:34:39,SKU-02125,1,A-01R-020-2-B,PKR-023,MULTI,USPS Priority Mail,GROUND
ORD-1284492,2025-06-05,20:20:21,SKU-02125,1,A-01R-020-2-B,PKR-006,MULTI,FedEx Ground,GROUND
ORD-1285658,2025-06-05,16:29:39,SKU-04457,2,A-01L-020-2-B,PKR-027,MULTI,FedEx 2Day,GROUND
ORD-1280697,2025-06-05,16:58:52,SKU-04370,2,A-02R-026-5-A,PKR-025,MULTI,FedEx Ground,GROUND
ORD-1285689,2025-06-05,21:23:43,SKU-04347,1,B-02R-012-5-B,PKR-013,MULTI,FedEx 2Day,GROUND
ORD-1284173,2025-06-05,06:29:17,SKU-00772,2,E-04L-019-4-B,PKR-009,MULTI,USPS Priority Mail,GROUND
ORD-1285643,2025-06-05,17:15:58,SKU-02219,2,A-02R-008-5-A,PKR-023,MULTI,UPS Ground,GROUND
ORD-1280283,2025-06-05,12:12:11,SKU-02838,1,B-02R-019-1-B,PKR-020,MULTI,FedEx Ground,PRIORITY_2D
ORD-1284759,2025-06-05,17:18:05,SKU-04328,1,A-02L-021-1-B,PKR-011,MULTI,UPS Ground,GROUND
ORD-1283743,2025-06-05,08:33:00,SKU-02551,2,D-01R-021-4-B,PKR-011,MULTI,UPS Ground,STANDARD_OVERNIGHT
ORD-1280913,2025-06-05,17:02:50,SKU-01895,2,C-03L-009-3-B,PKR-011,MULTI,USPS Priority Mail,GROUND
ORD-1281723,2025-06-05,09:54:43,SKU-01121,1,B-04R-017-4-A,PKR-024,MULTI,USPS Priority Mail,PRIORITY_2D
ORD-1282488,2025-06-05,11:45:57,SKU-00357,1,D-04L-020-4-B,PKR-021,MULTI,FedEx Ground,GROUND
ORD-1281682,2025-06-05,10:23:05,SKU-02474,2,A-02R-022-2-A,PKR-024,MULTI,UPS Ground,GROUND
ORD-1284317,2025-06-05,14:16:30,SKU-02125,1,A-01R-020-2-B,PKR-007,MULTI,UPS Ground,GROUND
ORD-1285626,2025-06-05,16:35:26,SKU-00872,2,A-04L-005-1-A,PKR-005,MULTI,UPS Ground,GROUND
ORD-1284221,2025-06-05,13:15:22,SKU-04341,1,C-02R-014-4-B,PKR-026,MULTI,UPS Ground,PRIORITY_2D
ORD-1285592,2025-06-05,14:09:20,SKU-00872,2,A-04L-005-1-A,PKR-027,MULTI,UPS Ground,PRIORITY_2D
ORD-1281617,2025-06-05,17:04:32,SKU-04328,2,A-02L-021-1-B,PKR-003,MULTI,FedEx Ground,GROUND
ORD-1281699,2025-06-05,08:26:08,SKU-02169,1,B-02L-026-3-A,PKR-017,MULTI,FedEx Ground,GROUND
ORD-1283401,2025-06-05,11:52:41,SKU-04627,1,D-01L-006-3-A,PKR-021,MULTI,FedEx Ground,GROUND
ORD-1282456,2025-06-05,16:42:52,SKU-02903,1,B-01R-020-5-B,PKR-003,MULTI,USPS Priority Mail,GROUND
ORD-1286947,2025-06-05,08:44:30,SKU-04041,1,A-02R-002-2-B,PKR-003,SINGLE,UPS 2nd Day Air,GROUND
ORD-1282936,2025-06-05,21:55:25,SKU-04720,2,B-02L-015-3-A,PKR-017,MULTI,USPS Priority Mail,GROUND
ORD-1281265,2025-06-05,07:59:00,SKU-04328,2,A-02L-021-1-B,PKR-001,MULTI,FedEx Ground,GROUND
ORD-1284094,2025-06-05,14:00:17,SKU-01721,2,A-04L-015-4-B,PKR-008,MULTI,UPS Ground,GROUND
ORD-1280002,2025-06-05,14:14:06,SKU-04782,1,C-01L-004-3-A,PKR-004,MULTI,USPS Priority Mail,GROUND
ORD-1285427,2025-06-05,17:15:00,SKU-02795,1,C-02R-026-1-A,PKR-030,MULTI,FedEx Ground,PRIORITY_2D
ORD-1281369,2025-06-05,18:36:08,SKU-02183,1,C-02R-021-1-A,PKR-013,MULTI,UPS Ground,GROUND
ORD-1281724,2025-06-05,11:31:15,SKU-00560,2,D-03L-008-1-A,PKR-009,MULTI,UPS Ground,GROUND
ORD-1281593,2025-06-05,12:38:00,SKU-02609,1,C-01R-013-1-B,PKR-021,MULTI,UPS Ground,GROUND
ORD-1281091,2025-06-05,12:39:48,SKU-02030,2,C-02L-021-2-B,PKR-006,MULTI,FedEx Ground,GROUND
ORD-1281268,2025-06-05,14:22:48,SKU-03727,2,B-02R-023-4-A,PKR-010,MULTI,FedEx Ground,GROUND
ORD-1287879,2025-06-05,15:49:37,SKU-04041,1,A-02R-002-2-B,PKR-011,MULTI,UPS Ground,GROUND
ORD-1281895,2025-06-05,19:47:03,SKU-02499,2,A-02L-005-3-A,PKR-020,MULTI,FedEx Ground,GROUND
ORD-1284542,2025-06-05,11:56:13,SKU-00407,2,C-03R-009-2-B,PKR-031,MULTI,UPS 2nd Day Air,GROUND
ORD-1281549,2025-06-05,19:43:47,SKU-01204,1,A-03R-016-1-B,PKR-004,MULTI,FedEx Ground,GROUND
ORD-1285661,2025-06-05,14:32:16,SKU-00872,1,A-04L-005-1-A,PKR-029,MULTI,FedEx Ground,GROUND
ORD-1285547,2025-06-05,15:18:18,SKU-02767,2,C-02R-013-1-B,PKR-010,MULTI,UPS Ground,GROUND
ORD-1281311,2025-06-05,21:17:46,SKU-00506,2,B-03R-016-3-B,PKR-001,MULTI,UPS Ground,STANDARD_OVERNIGHT
ORD-1282675,2025-06-05,16:25:12,SKU-02971,1,B-02R-011-5-B,PKR-008,MULTI,USPS Priority Mail,GROUND
ORD-1280000,2025-06-05,08:00:02,SKU-04786,2,A-01R-011-4-A,PKR-022,MULTI,USPS Priority Mail,GROUND
ORD-1285351,2025-06-05,15:36:15,SKU-01204,1,A-03R-016-1-B,PKR-010,MULTI,UPS Ground,STANDARD_OVERNIGHT
ORD-1282077,2025-06-05,20:52:45,SKU-00423,1,B-03R-005-4-B,PKR-005,MULTI,FedEx 2Day,GROUND
ORD-1287988,2025-06-05,21:00:17,SKU-00020,2,B-03L-011-2-B,PKR-017,MULTI,UPS Ground,GROUND
ORD-1286624,2025-06-05,09:34:03,SKU-04457,2,A-01L-020-2-B,PKR-014,MULTI,UPS Ground,PRIORITY_2D
ORD-1280127,2025-06-05,18:42:03,SKU-02073,2,B-02L-002-5-A,PKR-001,MULTI,UPS Ground,GROUND
ORD-1284316,2025-06-05,17:15:25,SKU-00023,2,A-04R-013-4-B,PKR-010,MULTI,UPS Ground,GROUND
ORD-1282700,2025-06-05,20:11:34,SKU-04041,2,A-02R-002-2-B,PKR-017,MULTI,UPS Ground,GROUND
ORD-1281505,2025-06-05,09:52:19,SKU-02609,2,C-01R-013-1-B,PKR-028,MULTI,UPS Ground,GROUND
ORD-1284929,2025-06-05,15:42:34,SKU-04824,2,A-01R-007-4-B,PKR-019,MULTI,UPS Ground,GROUND
ORD-1285693,2025-06-05,06:53:49,SKU-03251,2,A-01R-024-1-B,PKR-029,MULTI,USPS Priority Mail,GROUND
ORD-1280199,2025-06-05,17:45:20,SKU-02468,2,C-02L-004-1-A,PKR-006,MULTI,UPS Ground,GROUND
ORD-1283952,2025-06-05,20:33:23,SKU-04928,1,B-01L-013-2-B,PKR-005,MULTI,FedEx Ground,GROUND
ORD-1287537,2025-06-05,08:08:50,SKU-02438,1,C-01L-007-5-B,PKR-026,MULTI,UPS 2nd Day Air,GROUND
ORD-1285802,2025-06-05,13:56:09,SKU-00026,1,A-03R-009-1-B,PKR-022,MULTI,USPS Priority Mail,GROUND
ORD-1282404,2025-06-05,17:54:48,SKU-01572,2,D-03L-003-2-B,PKR-021,SINGLE,USPS Priority Mail,GROUND
ORD-1284984,2025-06-05,21:08:53,SKU-02107,1,C-02L-008-4-B,PKR-001,MULTI,UPS Ground,PRIORITY_2D
ORD-1287665,2025-06-05,19:35:52,SKU-02117,2,B-01R-025-4-B,PKR-027,MULTI,UPS Ground,GROUND
ORD-1281499,2025-06-05,17:48:38,SKU-04878,1,B-01R-016-3-B,PKR-007,MULTI,FedEx Ground,GROUND
ORD-1280090,2025-06-05,12:24:55,SKU-04328,1,A-02L-021-1-B,PKR-026,MULTI,USPS Priority Mail,STANDARD_OVERNIGHT
ORD-1287122,2025-06-05,12:38:08,SKU-02681,2,A-01R-018-4-B,PKR-008,MULTI,UPS Ground,GROUND
ORD-1284441,2025-06-05,11:49:16,SKU-00034,1,A-04L-017-3-A,PKR-032,MULTI,FedEx Ground,GROUND
ORD-1284130,2025-06-05,13:31:54,SKU-02269,1,C-02L-019-3-B,PKR-024,MULTI,USPS Priority Mail,GROUND
ORD-1285261,2025-06-05,11:23:50,SKU-02291,2,D-01R-026-1-A,PKR-024,MULTI,FedEx Ground,STANDARD_OVERNIGHT
ORD-1287229,2025-06-05,12:07:56,SKU-02050,2,C-02L-007-1-A,PKR-030,SINGLE,FedEx Ground,PRIORITY_2D
ORD-1286997,2025-06-05,21:06:41,SKU-02398,1,C-01R-025-4-B,PKR-022,MULTI,FedEx Ground,GROUND
ORD-1287256,2025-06-05,08:41:50,SKU-00026,1,A-03R-009-1-B,PKR-014,MULTI,UPS 2nd Day Air,GROUND
ORD-1285715,2025-06-05,11:45:55,SKU-01170,2,A-03L-002-3-B,PKR-023,MULTI,USPS Priority Mail,PRIORITY_2D
ORD-1284093,2025-06-05,09:46:38,SKU-01170,1,A-03L-002-3-B,PKR-002,SINGLE,UPS Ground,PRIORITY_2D
ORD-1283531,2025-06-05,06:05:15,SKU-02609,2,C-01R-013-1-B,PKR-023,MULTI,FedEx Ground,PRIORITY_2D
ORD-1286633,2025-06-05,15:54:45,SKU-04710,2,A-02L-008-2-A,PKR-008,MULTI,UPS Ground,GROUND
ORD-1284958,2025-06-05,10:00:57,SKU-02050,1,C-02L-007-1-A,PKR-011,MULTI,FedEx Ground,GROUND
ORD-1281821,2025-06-05,06:44:38,SKU-02119,1,A-02R-008-5-B,PKR-016,MULTI,UPS Ground,GROUND
ORD-1285916,2025-06-05,07:06:50,SKU-01204,2,A-03R-016-1-B,PKR-028,MULTI,UPS Ground,GROUND
ORD-1285681,2025-06-05,19:25:12,SKU-04041,1,A-02R-002-2-B,PKR-007,MULTI,FedEx Ground,PRIORITY_2D
ORD-1286718,2025-06-05,16:49:59,SKU-01019,2,B-03R-014-1-A,PKR-003,MULTI,FedEx 2Day,GROUND
ORD-1281493,2025-06-05,07:28:51,SKU-02104,1,B-01R-002-1-A,PKR-017,MULTI,USPS Priority Mail,GROUND
ORD-1280081,2025-06-05,15:47:22,SKU-01490,1,B-04R-009-1-A,PKR-020,MULTI,FedEx Ground,PRIORITY_2D
ORD-1281152,2025-06-05,13:56:36,SKU-03095,2,B-01L-010-3-A,PKR-006,MULTI,FedEx Ground,GROUND
ORD-1287133,2025-06-05,13:40:53,SKU-04608,2,A-02L-025-1-B,PKR-022,MULTI,USPS Priority Mail,GROUND
ORD-1286977,2025-06-05,13:32:14,SKU-03727,2,B-02R-023-4-A,PKR-002,MULTI,UPS Ground,GROUND
ORD-1282431,2025-06-05,06:22:04,SKU-04041,1,A-02R-002-2-B,PKR-006,MULTI,USPS Priority Mail,PRIORITY_2D
ORD-1286500,2025-06-05,11:02:56,SKU-04328,2,A-02L-021-1-B,PKR-032,MULTI,FedEx Ground,GROUND
ORD-1282936,2025-06-05,21:55:25,SKU-00154,2,D-03R-007-1-A,PKR-017,MULTI,USPS Priority Mail,GROUND
ORD-1282994,2025-06-05,11:05:05,SKU-03496,1,B-01R-016-5-B,PKR-019,MULTI,UPS Ground,GROUND
ORD-1282174,2025-06-05,20:42:21,SKU-02125,2,A-01R-020-2-B,PKR-018,MULTI,USPS Priority Mail,GROUND
ORD-1282710,2025-06-05,20:13:39,SKU-00733,2,A-04R-005-1-B,PKR-013,MULTI,UPS Ground,GROUND
ORD-1285453,2025-06-05,17:33:10,SKU-02908,1,B-02L-005-3-A,PKR-009,MULTI,UPS Ground,GROUND
ORD-1281186,2025-06-05,15:29:04,SKU-01490,2,B-04R-009-1-A,PKR-004,MULTI,FedEx Ground,PRIORITY_2D
ORD-1285214,2025-06-05,08:34:38,SKU-04782,1,C-01L-004-3-A,PKR-010,MULTI,USPS Priority Mail,GROUND
ORD-1285557,2025-06-05,13:07:14,SKU-04809,1,A-01R-016-2-B,PKR-004,MULTI,UPS Ground,PRIORITY_2D
ORD-1281476,2025-06-05,17:29:21,SKU-04755,2,B-01R-018-2-B,PKR-010,MULTI,USPS Priority Mail,STANDARD_OVERNIGHT
ORD-1287877,2025-06-05,16:31:01,SKU-02242,1,B-02R-026-1-A,PKR-004,MULTI,UPS 2nd Day Air,GROUND
ORD-1281474,2025-06-05,12:08:26,SKU-02547,2,D-01R-002-3-B,PKR-027,MULTI,UPS Ground,GROUND
ORD-1287302,2025-06-05,12:33:22,SKU-02908,2,B-02L-005-3-A,PKR-024,MULTI,UPS 2nd Day Air,GROUND
ORD-1285401,2025-06-05,18:09:30,SKU-03369,1,D-02L-005-5-B,PKR-025,MULTI,USPS Priority Mail,PRIORITY_2D
ORD-1286305,2025-06-05,06:34:35,SKU-04860,2,C-01R-022-2-B,PKR-005,MULTI,UPS Ground,GROUND
ORD-1285253,2025-06-05,07:03:32,SKU-03095,2,B-01L-010-3-A,PKR-003,MULTI,USPS Priority Mail,GROUND
ORD-1285254,2025-06-05,11:21:02,SKU-00674,2,D-03R-016-1-A,PKR-013,MULTI,USPS Priority Mail,GROUND
ORD-1286448,2025-06-05,21:25:45,SKU-04183,2,A-01L-010-2-B,PKR-008,MULTI,FedEx Ground,STANDARD_OVERNIGHT
ORD-1282391,2025-06-05,17:18:18,SKU-04782,1,C-01L-004-3-A,PKR-018,MULTI,UPS Ground,STANDARD_OVERNIGHT
ORD-1281807,2025-06-05,15:10:32,SKU-02775,2,C-01R-023-3-A,PKR-015,MULTI,FedEx Ground,GROUND
ORD-1285324,2025-06-05,08:40:15,SKU-02119,1,A-02R-008-5-B,PKR-001,MULTI,UPS Ground,GROUND
ORD-1282768,2025-06-05,07:06:33,SKU-04328,2,A-02L-021-1-B,PKR-007,MULTI,USPS Priority Mail,PRIORITY_2D
ORD-1280102,2025-06-05,10:57:45,SKU-02366,2,A-01R-020-4-A,PKR-012,MULTI,UPS Ground,GROUND
ORD-1283314,2025-06-05,16:20:34,SKU-02509,2,B-01L-020-5-A,PKR-023,MULTI,UPS Ground,GROUND
ORD-1287467,2025-06-05,07:02:01,SKU-04328,1,A-02L-021-1-B,PKR-002,MULTI,FedEx Ground,PRIORITY_2D
ORD-1282871,2025-06-05,16:23:07,SKU-01331,2,A-03R-003-4-B,PKR-021,MULTI,FedEx Ground,GROUND
ORD-1283768,2025-06-05,18:33:51,SKU-02160,1,C-01L-022-4-B,PKR-001,MULTI,UPS Ground,PRIORITY_2D
ORD-1285054,2025-06-05,07:02:53,SKU-01019,2,B-03R-014-1-A,PKR-016,MULTI,USPS Priority Mail,GROUND
ORD-1281565,2025-06-05,13:15:33,SKU-04528,2,B-02R-014-3-B,PKR-022,MULTI,UPS Ground,PRIORITY_2D
ORD-1286580,2025-06-05,11:45:11,SKU-03735,2,B-01R-002-3-A,PKR-004,MULTI,FedEx Ground,PRIORITY_2D
ORD-1280046,2025-06-05,11:54:37,SKU-01019,2,B-03R-014-1-A,PKR-010,MULTI,FedEx Ground,GROUND
ORD-1284849,2025-06-05,08:28:09,SKU-02316,1,A-02L-026-1-A,PKR-026,MULTI,USPS Priority Mail,GROUND
ORD-1280170,2025-06-05,19:28:05,SKU-04670,2,C-02R-018-2-B,PKR-009,MULTI,FedEx Ground,GROUND
ORD-1287518,2025-06-05,12:14:44,SKU-02056,2,C-01L-006-3-A,PKR-004,SINGLE,FedEx Ground,GROUND
ORD-1282147,2025-06-05,15:22:52,SKU-04328,2,A-02L-021-1-B,PKR-013,MULTI,USPS Priority Mail,GROUND
ORD-1285997,2025-06-05,17:12:48,SKU-02030,2,C-02L-021-2-B,PKR-007,MULTI,FedEx 2Day,GROUND
ORD-1286931,2025-06-05,17:40:48,SKU-00446,1,B-04L-006-4-A,PKR-016,MULTI,UPS Ground,GROUND
ORD-1280740,2025-06-05,20:36:57,SKU-02908,2,B-02L-005-3-A,PKR-006,MULTI,FedEx Ground,STANDARD_OVERNIGHT
ORD-1281255,2025-06-05,17:02:46,SKU-01417,1,C-04L-013-4-B,PKR-027,MULTI,UPS Ground,GROUND
ORD-1280231,2025-06-05,12:39:11,SKU-00921,2,E-04L-008-1-A,PKR-032,MULTI,UPS Ground,GROUND
ORD-1286440,2025-06-05,12:08:18,SKU-04457,2,A-01L-020-2-B,PKR-002,MULTI,UPS 2nd Day Air,GROUND
ORD-1281764,2025-06-05,13:26:30,SKU-02609,1,C-01R-013-1-B,PKR-016,MULTI,FedEx Ground,GROUND
ORD-1281163,2025-06-05,07:42:33,SKU-02104,1,B-01R-002-1-A,PKR-022,MULTI,FedEx Ground,GROUND
ORD-1285302,2025-06-05,17:58:46,SKU-04104,2,A-02L-004-5-A,PKR-020,MULTI,FedEx Ground,STANDARD_OVERNIGHT
ORD-1282507,2025-06-05,21:20:53,SKU-00520,2,C-04R-010-4-B,PKR-020,MULTI,UPS 2nd Day Air,PRIORITY_2D
ORD-1281998,2025-06-05,10:41:11,SKU-01490,2,B-04R-009-1-A,PKR-020,MULTI,UPS Ground,GROUND
ORD-1286884,2025-06-05,12:04:38,SKU-00538,1,C-04L-018-1-A,PKR-012,MULTI,UPS 2nd Day Air,GROUND
ORD-1281482,2025-06-05,18:58:29,SKU-00902,2,D-03L-006-4-A,PKR-008,MULTI,FedEx 2Day,STANDARD_OVERNIGHT
ORD-1286614,2025-06-05,11:47:26,SKU-00388,2,B-03L-020-2-B,PKR-029,MULTI,USPS Priority Mail,GROUND
ORD-1283187,2025-06-05,13:49:12,SKU-02420,1,B-01L-005-4-B,PKR-013,MULTI,USPS Priority Mail,GROUND
ORD-1280802,2025-06-05,11:47:06,SKU-02859,1,A-01L-018-3-A,PKR-001,MULTI,USPS Priority Mail,GROUND
ORD-1281720,2025-06-05,09:34:01,SKU-04878,2,B-01R-016-3-B,PKR-001,MULTI,UPS Ground,GROUND
ORD-1284214,2025-06-05,19:20:01,SKU-00210,2,C-04L-013-2-B,PKR-024,MULTI,UPS Ground,GROUND
ORD-1284999,2025-06-05,06:19:02,SKU-02734,2,C-02R-023-3-A,PKR-011,MULTI,USPS Priority Mail,PRIORITY_2D
ORD-1286665,2025-06-05,21:37:53,SKU-02474,1,A-02R-022-2-A,PKR-024,MULTI,USPS Priority Mail,GROUND
ORD-1282964,2025-06-05,13:48:44,SKU-03865,1,D-01L-020-2-A,PKR-027,MULTI,FedEx 2Day,GROUND
ORD-1285006,2025-06-05,12:21:12,SKU-01331,2,A-03R-003-4-B,PKR-019,MULTI,USPS Priority Mail,GROUND
ORD-1282675,2025-06-05,16:25:12,SKU-01073,1,B-04R-005-1-A,PKR-008,MULTI,USPS Priority Mail,GROUND
ORD-1283605,2025-06-05,08:49:00,SKU-02366,2,A-01R-020-4-A,PKR-013,MULTI,UPS Ground,PRIORITY_2D
ORD-1282897,2025-06-05,10:18:12,SKU-00010,2,B-04R-004-2-B,PKR-009,MULTI,FedEx Ground,PRIORITY_2D
ORD-1286080,2025-06-05,10:45:16,SKU-00867,1,A-04R-001-1-A,PKR-014,MULTI,FedEx Ground,GROUND
ORD-1285003,2025-06-05,07:20:54,SKU-03496,2,B-01R-016-5-B,PKR-002,MULTI,UPS Ground,PRIORITY_2D
ORD-1283825,2025-06-05,07:40:12,SKU-02572,2,C-02L-025-2-A,PKR-012,SINGLE,USPS Priority Mail,GROUND
ORD-1281109,2025-06-05,06:50:43,SKU-04624,2,D-01R-008-5-B,PKR-003,MULTI,UPS 2nd Day Air,GROUND
ORD-1284729,2025-06-05,16:48:39,SKU-00326,2,B-04L-006-2-B,PKR-008,MULTI,USPS Priority Mail,GROUND
ORD-1285198,2025-06-05,20:41:49,SKU-02366,1,A-01R-020-4-A,PKR-014,MULTI,USPS Priority Mail,GROUND
ORD-1283024,2025-06-05,07:54:50,SKU-02104,2,B-01R-002-1-A,PKR-027,MULTI,FedEx Ground,PRIORITY_2D
ORD-1283887,2025-06-05,19:54:05,SKU-03727,2,B-02R-023-4-A,PKR-007,MULTI,USPS Priority Mail,GROUND
ORD-1284420,2025-06-05,13:38:57,SKU-02140,1,B-01R-020-2-B,PKR-023,MULTI,UPS Ground,GROUND
ORD-1281104,2025-06-05,08:06:24,SKU-03325,2,D-02L-002-5-B,PKR-010,MULTI,USPS Priority Mail,STANDARD_OVERNIGHT
ORD-1285123,2025-06-05,18:45:16,SKU-04328,2,A-02L-021-1-B,PKR-026,MULTI,FedEx Ground,GROUND
ORD-1287139,2025-06-05,11:00:48,SKU-02034,2,A-02L-014-4-B,PKR-012,MULTI,FedEx Ground,GROUND
ORD-1280222,2025-06-05,11:48:29,SKU-01207,2,B-04R-018-4-B,PKR-007,MULTI,FedEx Ground,GROUND
ORD-1282516,2025-06-05,10:46:55,SKU-02125,2,A-01R-020-2-B,PKR-017,MULTI,UPS Ground,GROUND
ORD-1286659,2025-06-05,07:15:38,SKU-03727,2,B-02R-023-4-A,PKR-018,MULTI,FedEx Ground,GROUND
ORD-1281938,2025-06-05,11:37:36,SKU-00087,2,A-04L-011-4-A,PKR-024,MULTI,UPS Ground,PRIORITY_2D
ORD-1282495,2025-06-05,09:14:11,SKU-04753,1,D-01R-014-2-B,PKR-023,MULTI,UPS Ground,GROUND
ORD-1285193,2025-06-05,09:02:57,SKU-01331,2,A-03R-003-4-B,PKR-001,MULTI,USPS Priority Mail,GROUND
ORD-1281858,2025-06-05,17:48:41,SKU-00872,2,A-04L-005-1-A,PKR-028,MULTI,USPS Priority Mail,PRIORITY_2D
ORD-1283962,2025-06-05,13:31:10,SKU-02908,1,B-02L-005-3-A,PKR-006,MULTI,FedEx Ground,GROUND
ORD-1280332,2025-06-05,08:16:47,SKU-03727,1,B-02R-023-4-A,PKR-014,SINGLE,USPS Priority Mail,GROUND
ORD-1286578,2025-06-05,13:38:14,SKU-04328,2,A-02L-021-1-B,PKR-018,MULTI,USPS Priority Mail,GROUND
ORD-1285621,2025-06-05,15:53:56,SKU-02185,1,C-01R-009-4-B,PKR-003,MULTI,FedEx 2Day,GROUND
ORD-1282152,2025-06-05,10:17:09,SKU-04878,2,B-01R-016-3-B,PKR-018,MULTI,FedEx Ground,GROUND
ORD-1286228,2025-06-05,14:16:28,SKU-03648,2,B-02R-022-3-A,PKR-002,MULTI,FedEx Ground,GROUND
ORD-1284371,2025-06-05,19:34:39,SKU-02366,2,A-01R-020-4-A,PKR-023,MULTI,USPS Priority Mail,GROUND
ORD-1287814,2025-06-05,14:42:06,SKU-04328,1,A-02L-021-1-B,PKR-029,MULTI,UPS Ground,PRIORITY_2D
ORD-1286462,2025-06-05,14:59:02,SKU-02282,1,C-01L-004-4-B,PKR-032,MULTI,UPS 2nd Day Air,PRIORITY_2D
ORD-1282779,2025-06-05,17:19:27,SKU-01204,2,A-03R-016-1-B,PKR-014,MULTI,USPS Priority Mail,GROUND
ORD-1285953,2025-06-05,21:18:15,SKU-00983,2,A-03R-013-4-B,PKR-020,MULTI,FedEx Ground,GROUND
ORD-1285982,2025-06-05,14:36:44,SKU-02908,2,B-02L-005-3-A,PKR-026,MULTI,UPS Ground,GROUND
ORD-1287438,2025-06-05,08:54:20,SKU-00872,2,A-04L-005-1-A,PKR-001,SINGLE,USPS Priority Mail,GROUND
ORD-1285621,2025-06-05,15:53:56,SKU-02125,1,A-01R-020-2-B,PKR-003,MULTI,FedEx 2Day,GROUND
ORD-1282794,2025-06-05,20:54:36,SKU-00167,2,A-03L-015-1-A,PKR-027,MULTI,USPS Priority Mail,GROUND
ORD-1280782,2025-06-05,17:30:03,SKU-00624,2,E-04L-001-2-B,PKR-009,SINGLE,FedEx Ground,GROUND
ORD-1281846,2025-06-05,12:08:23,SKU-01281,2,C-04L-020-2-B,PKR-028,MULTI,UPS Ground,GROUND
ORD-1281446,2025-06-05,20:43:44,SKU-04457,1,A-01L-020-2-B,PKR-031,MULTI,FedEx Ground,GROUND
ORD-1280621,2025-06-05,15:03:43,SKU-01331,1,A-03R-003-4-B,PKR-010,MULTI,USPS Priority Mail,GROUND
ORD-1282420,2025-06-05,06:43:26,SKU-02828,1,A-02L-007-2-A,PKR-017,MULTI,USPS Priority Mail,STANDARD_OVERNIGHT
ORD-1287191,2025-06-05,19:41:39,SKU-04865,2,A-01R-011-4-B,PKR-020,MULTI,UPS Ground,PRIORITY_2D
ORD-1282705,2025-06-05,21:06:49,SKU-02050,2,C-02L-007-1-A,PKR-026,MULTI,FedEx Ground,GROUND
ORD-1284413,2025-06-05,16:53:39,SKU-03584,2,B-02R-023-1-B,PKR-027,MULTI,USPS Priority Mail,GROUND
ORD-1286926,2025-06-05,16:12:20,SKU-04794,1,D-02L-012-5-A,PKR-019,MULTI,FedEx Ground,PRIORITY_2D
ORD-1281740,2025-06-05,15:24:27,SKU-00796,1,A-04R-013-4-A,PKR-008,MULTI,FedEx Ground,GROUND
ORD-1282949,2025-06-05,10:52:16,SKU-03985,2,A-02R-024-3-B,PKR-021,MULTI,UPS Ground,GROUND
ORD-1286842,2025-06-05,19:24:45,SKU-00376,1,B-04L-004-2-B,PKR-029,MULTI,UPS Ground,GROUND
ORD-1282548,2025-06-05,06:05:35,SKU-00411,2,C-03L-008-4-A,PKR-002,MULTI,USPS Priority Mail,PRIORITY_2D
ORD-1281585,2025-06-05,21:34:57,SKU-03755,2,D-01R-020-4-A,PKR-032,MULTI,USPS Priority Mail,PRIORITY_2D
ORD-1283513,2025-06-05,21:11:05,SKU-02908,2,B-02L-005-3-A,PKR-027,MULTI,UPS Ground,GROUND
ORD-1280349,2025-06-05,12:20:15,SKU-01858,2,B-03R-018-2-B,PKR-026,MULTI,UPS Ground,GROUND
ORD-1283379,2025-06-05,19:29:01,SKU-00990,2,B-04R-010-1-A,PKR-021,MULTI,UPS Ground,PRIORITY_2D
ORD-1284262,2025-06-05,12:38:57,SKU-04670,1,C-02R-018-2-B,PKR-010,SINGLE,FedEx Ground,GROUND
ORD-1283780,2025-06-05,09:09:01,SKU-02668,1,A-01R-006-1-A,PKR-021,MULTI,UPS Ground,GROUND
ORD-1282555,2025-06-05,19:48:03,SKU-00872,2,A-04L-005-1-A,PKR-013,SINGLE,USPS Priority Mail,GROUND
ORD-1283918,2025-06-05,08:27:56,SKU-01944,2,B-04L-016-4-A,PKR-009,MULTI,USPS Priority Mail,GROUND
ORD-1284526,2025-06-05,12:13:19,SKU-04328,2,A-02L-021-1-B,PKR-022,MULTI,FedEx 2Day,STANDARD_OVERNIGHT
ORD-1285444,2025-06-05,06:46:56,SKU-01575,2,B-03R-012-2-B,PKR-019,MULTI,UPS Ground,GROUND
ORD-1281359,2025-06-05,09:42:41,SKU-00271,2,C-03L-018-3-A,PKR-011,MULTI,FedEx Ground,GROUND
ORD-1286757,2025-06-05,13:13:51,SKU-02780,1,E-01R-012-1-B,PKR-005,MULTI,FedEx Ground,GROUND
ORD-1284115,2025-06-05,20:13:45,SKU-04495,2,E-02R-005-3-B,PKR-022,MULTI,FedEx 2Day,STANDARD_OVERNIGHT
ORD-1281521,2025-06-05,06:48:41,SKU-04942,2,B-01R-023-1-B,PKR-012,MULTI,FedEx 2Day,GROUND
ORD-1287908,2025-06-05,17:34:10,SKU-02125,2,A-01R-020-2-B,PKR-012,MULTI,UPS Ground,GROUND
ORD-1283947,2025-06-05,17:38:37,SKU-04966,2,E-01R-020-5-A,PKR-007,MULTI,UPS Ground,GROUND
ORD-1281356,2025-06-05,06:32:14,SKU-03361,1,C-01R-018-4-B,PKR-020,MULTI,FedEx 2Day,STANDARD_OVERNIGHT
ORD-1285802,2025-06-05,13:56:09,SKU-04041,1,A-02R-002-2-B,PKR-022,MULTI,USPS Priority Mail,GROUND
ORD-1285102,2025-06-05,15:21:54,SKU-02609,2,C-01R-013-1-B,PKR-004,MULTI,USPS Priority Mail,GROUND
ORD-1280228,2025-06-05,20:25:24,SKU-04974,2,C-01R-025-3-A,PKR-007,SINGLE,FedEx Ground,GROUND
ORD-1287962,2025-06-05,15:29:27,SKU-00466,2,C-04R-016-1-B,PKR-019,MULTI,UPS Ground,PRIORITY_2D
ORD-1281894,2025-06-05,06:18:45,SKU-00473,1,C-04R-003-2-B,PKR-031,MULTI,USPS Priority Mail,PRIORITY_2D
ORD-1285741,2025-06-05,21:54:42,SKU-04809,2,A-01R-016-2-B,PKR-018,MULTI,UPS Ground,GROUND
ORD-1288571,2025-06-06,06:47:47,SKU-02417,1,C-01L-019-3-A,PKR-001,MULTI,USPS Priority Mail,GROUND
ORD-1294675,2025-06-06,06:27:59,SKU-01552,2,A-04R-001-1-B,PKR-003,MULTI,UPS Ground,GROUND
ORD-1288464,2025-06-06,19:00:29,SKU-04328,2,A-02L-021-1-B,PKR-031,MULTI,FedEx Ground,GROUND
ORD-1294528,2025-06-06,12:06:42,SKU-02044,1,A-01R-023-5-B,PKR-025,MULTI,USPS Priority Mail,STANDARD_OVERNIGHT
ORD-1291722,2025-06-06,07:49:54,SKU-02366,2,A-01R-020-4-A,PKR-012,MULTI,UPS Ground,GROUND
ORD-1292460,2025-06-06,11:07:47,SKU-02585,2,A-01R-012-4-A,PKR-027,MULTI,UPS Ground,GROUND
ORD-1293573,2025-06-06,15:47:20,SKU-04937,2,B-01L-008-2-A,PKR-005,MULTI,FedEx Ground,GROUND
ORD-1291467,2025-06-06,21:36:21,SKU-04370,2,A-02R-026-5-A,PKR-029,MULTI,USPS Priority Mail,GROUND
ORD-1291793,2025-06-06,08:47:13,SKU-04425,1,A-01L-019-1-B,PKR-010,MULTI,USPS Priority Mail,PRIORITY_2D
ORD-1288152,2025-06-06,10:58:09,SKU-00047,2,A-03L-014-4-B,PKR-016,MULTI,USPS Priority Mail,GROUND
ORD-1293198,2025-06-06,10:19:41,SKU-02104,2,B-01R-002-1-A,PKR-032,MULTI,FedEx Ground,STANDARD_OVERNIGHT
ORD-1293152,2025-06-06,08:01:17,SKU-00424,1,A-04L-002-3-A,PKR-014,MULTI,FedEx Ground,PRIORITY_2D
ORD-1292297,2025-06-06,16:34:09,SKU-02889,2,B-01R-013-2-A,PKR-032,MULTI,UPS Ground,PRIORITY_2D
ORD-1294599,2025-06-06,06:24:23,SKU-00817,1,C-03L-020-2-A,PKR-003,MULTI,USPS Priority Mail,GROUND
ORD-1295033,2025-06-06,07:52:53,SKU-00685,2,C-04L-015-1-A,PKR-002,MULTI,UPS Ground,GROUND
ORD-1292217,2025-06-06,16:26:28,SKU-04457,1,A-01L-020-2-B,PKR-017,MULTI,FedEx Ground,GROUND
ORD-1294542,2025-06-06,18:21:16,SKU-00872,2,A-04L-005-1-A,PKR-004,SINGLE,USPS Priority Mail,GROUND
ORD-1293711,2025-06-06,06:47:14,SKU-04538,1,A-01R-001-1-B,PKR-030,MULTI,USPS Priority Mail,GROUND
ORD-1288858,2025-06-06,16:31:47,SKU-03378,2,A-01L-004-4-B,PKR-020,MULTI,FedEx 2Day,GROUND
ORD-1288313,2025-06-06,15:32:41,SKU-03764,1,C-02L-025-1-A,PKR-029,MULTI,FedEx Ground,GROUND
ORD-1295348,2025-06-06,12:04:46,SKU-04328,2,A-02L-021-1-B,PKR-015,MULTI,FedEx 2Day,GROUND
ORD-1293351,2025-06-06,09:11:55,SKU-00910,2,B-04R-014-3-A,PKR-024,MULTI,UPS 2nd Day Air,GROUND
ORD-1292367,2025-06-06,19:40:40,SKU-02034,1,A-02L-014-4-B,PKR-006,MULTI,UPS Ground,GROUND
ORD-1288102,2025-06-06,14:16:51,SKU-02908,2,B-02L-005-3-A,PKR-019,MULTI,FedEx Ground,GROUND
ORD-1288690,2025-06-06,15:48:10,SKU-04528,2,B-02R-014-3-B,PKR-011,SINGLE,UPS Ground,GROUND
ORD-1294356,2025-06-06,09:49:21,SKU-02050,1,C-02L-007-1-A,PKR-004,MULTI,FedEx Ground,GROUND
ORD-1295568,2025-06-06,07:53:06,SKU-02585,1,A-01R-012-4-A,PKR-019,MULTI,UPS 2nd Day Air,GROUND
ORD-1288938,2025-06-06,19:12:28,SKU-01838,2,B-03R-019-1-A,PKR-004,MULTI,UPS Ground,PRIORITY_2D
ORD-1289165,2025-06-06,15:32:56,SKU-04328,2,A-02L-021-1-B,PKR-010,MULTI,UPS Ground,GROUND
ORD-1289859,2025-06-06,15:21:18,SKU-01204,1,A-03R-016-1-B,PKR-022,MULTI,UPS 2nd Day Air,GROUND
ORD-1295165,2025-06-06,09:49:35,SKU-02517,2,A-02L-010-1-B,PKR-029,MULTI,FedEx Ground,GROUND
ORD-1289508,2025-06-06,10:16:26,SKU-02488,1,C-01L-022-4-A,PKR-026,MULTI,UPS Ground,GROUND
ORD-1294315,2025-06-06,09:15:59,SKU-01215,2,E-04L-020-3-A,PKR-007,MULTI,FedEx Ground,GROUND
ORD-1293748,2025-06-06,12:44:26,SKU-02585,2,A-01R-012-4-A,PKR-020,MULTI,USPS Priority Mail,GROUND
ORD-1289757,2025-06-06,10:00:34,SKU-04328,1,A-02L-021-1-B,PKR-019,MULTI,FedEx 2Day,PRIORITY_2D
ORD-1288884,2025-06-06,11:03:33,SKU-03077,2,B-02L-012-4-B,PKR-024,MULTI,FedEx Ground,GROUND
ORD-1292624,2025-06-06,08:51:17,SKU-02859,1,A-01L-018-3-A,PKR-031,MULTI,FedEx Ground,GROUND
ORD-1288932,2025-06-06,14:23:36,SKU-01204,2,A-03R-016-1-B,PKR-030,MULTI,FedEx Ground,PRIORITY_2D
ORD-1290094,2025-06-06,12:34:45,SKU-02185,2,C-01R-009-4-B,PKR-004,MULTI,UPS Ground,GROUND
ORD-1294681,2025-06-06,14:31:09,SKU-02871,1,B-02L-022-1-B,PKR-025,MULTI,UPS Ground,GROUND
ORD-1294797,2025-06-06,15:06:25,SKU-02681,1,A-01R-018-4-B,PKR-006,MULTI,UPS Ground,GROUND
ORD-1295263,2025-06-06,10:21:45,SKU-02851,1,B-02R-007-4-A,PKR-013,MULTI,FedEx Ground,GROUND
ORD-1288200,2025-06-06,11:13:49,SKU-02104,1,B-01R-002-1-A,PKR-019,MULTI,USPS Priority Mail,GROUND
ORD-1293652,2025-06-06,12:52:38,SKU-00495,1,C-03L-011-4-B,PKR-015,MULTI,FedEx Ground,GROUND
ORD-1291785,2025-06-06,09:16:21,SKU-02433,2,C-01R-001-5-A,PKR-009,MULTI,FedEx Ground,PRIORITY_2D
ORD-1289813,2025-06-06,11:20:30,SKU-01490,2,B-04R-009-1-A,PKR-009,MULTI,USPS Priority Mail,GROUND
ORD-1292244,2025-06-06,21:55:01,SKU-00914,2,C-04L-008-4-A,PKR-003,MULTI,USPS Priority Mail,GROUND
ORD-1290599,2025-06-06,09:19:18,SKU-03117,2,D-01L-015-1-B,PKR-010,SINGLE,UPS Ground,STANDARD_OVERNIGHT
ORD-1289149,2025-06-06,12:19:29,SKU-02737,1,D-01L-021-5-A,PKR-019,MULTI,FedEx Ground,GROUND
ORD-1288064,2025-06-06,18:09:28,SKU-00872,1,A-04L-005-1-A,PKR-005,MULTI,UPS Ground,GROUND
ORD-1293694,2025-06-06,14:08:58,SKU-01104,2,A-04R-003-1-B,PKR-018,MULTI,FedEx Ground,PRIORITY_2D
ORD-1295709,2025-06-06,13:11:30,SKU-04928,2,B-01L-013-2-B,PKR-018,MULTI,USPS Priority Mail,GROUND
ORD-1292581,2025-06-06,19:59:35,SKU-03049,2,C-02L-003-4-A,PKR-003,MULTI,UPS Ground,GROUND
ORD-1293337,2025-06-06,20:47:29,SKU-01803,2,B-03R-020-1-A,PKR-008,MULTI,FedEx Ground,STANDARD_OVERNIGHT
ORD-1290990,2025-06-06,10:01:37,SKU-04030,1,C-02L-007-5-B,PKR-013,MULTI,USPS Priority Mail,GROUND
ORD-1292942,2025-06-06,06:00:02,SKU-03507,1,D-01L-011-1-B,PKR-015,MULTI,UPS Ground,PRIORITY_2D
ORD-1292172,2025-06-06,06:21:54,SKU-04665,2,A-01R-021-5-A,PKR-025,MULTI,UPS Ground,GROUND
ORD-1293487,2025-06-06,17:36:13,SKU-04570,2,D-01R-004-4-A,PKR-007,MULTI,FedEx Ground,GROUND
ORD-1291899,2025-06-06,18:01:15,SKU-03881,2,B-02R-002-4-A,PKR-027,MULTI,FedEx Ground,GROUND
ORD-1288702,2025-06-06,08:09:02,SKU-02366,1,A-01R-020-4-A,PKR-008,MULTI,FedEx Ground,GROUND
ORD-1293387,2025-06-06,07:12:37,SKU-02609,1,C-01R-013-1-B,PKR-031,MULTI,FedEx 2Day,PRIORITY_2D
ORD-1295861,2025-06-06,20:41:12,SKU-00234,1,E-04L-018-3-B,PKR-023,MULTI,FedEx Ground,GROUND
ORD-1289025,2025-06-06,16:52:22,SKU-03416,2,B-02L-001-5-A,PKR-021,MULTI,UPS Ground,GROUND
ORD-1290777,2025-06-06,08:46:47,SKU-04041,2,A-02R-002-2-B,PKR-020,MULTI,FedEx Ground,GROUND
ORD-1294604,2025-06-06,20:22:50,SKU-03032,2,A-02L-020-4-B,PKR-009,MULTI,FedEx Ground,STANDARD_OVERNIGHT
ORD-1289612,2025-06-06,20:54:10,SKU-04328,2,A-02L-021-1-B,PKR-007,MULTI,USPS Priority Mail,GROUND
ORD-1292953,2025-06-06,08:53:49,SKU-02034,2,A-02L-014-4-B,PKR-013,MULTI,FedEx 2Day,GROUND
ORD-1290242,2025-06-06,11:44:18,SKU-02766,1,C-02R-015-2-B,PKR-024,SINGLE,UPS Ground,STANDARD_OVERNIGHT
ORD-1291608,2025-06-06,06:13:23,SKU-01705,2,D-04R-013-1-B,PKR-010,MULTI,UPS Ground,STANDARD_OVERNIGHT
ORD-1292192,2025-06-06,10:29:36,SKU-02968,2,C-01R-005-3-A,PKR-019,SINGLE,USPS Priority Mail,PRIORITY_2D
ORD-1289411,2025-06-06,12:18:39,SKU-02939,2,A-02R-016-5-A,PKR-006,MULTI,UPS Ground,STANDARD_OVERNIGHT
ORD-1291560,2025-06-06,06:23:30,SKU-04782,1,C-01L-004-3-A,PKR-022,MULTI,FedEx Ground,GROUND
ORD-1289060,2025-06-06,08:01:59,SKU-04328,1,A-02L-021-1-B,PKR-027,MULTI,USPS Priority Mail,PRIORITY_2D
ORD-1290437,2025-06-06,19:28:48,SKU-04328,2,A-02L-021-1-B,PKR-029,MULTI,UPS Ground,GROUND
ORD-1295233,2025-06-06,20:14:16,SKU-00063,1,C-04L-014-4-A,PKR-007,MULTI,USPS Priority Mail,GROUND
ORD-1293454,2025-06-06,14:57:07,SKU-00173,1,D-04R-017-3-B,PKR-009,MULTI,FedEx Ground,PRIORITY_2D
ORD-1289208,2025-06-06,10:36:14,SKU-03502,2,C-01R-019-2-B,PKR-004,SINGLE,FedEx Ground,GROUND
ORD-1295473,2025-06-06,12:03:14,SKU-03992,2,A-01R-013-3-A,PKR-011,MULTI,UPS Ground,PRIORITY_2D
ORD-1289191,2025-06-06,13:18:51,SKU-02908,1,B-02L-005-3-A,PKR-020,MULTI,USPS Priority Mail,PRIORITY_2D
ORD-1289641,2025-06-06,13:14:31,SKU-00037,2,A-03L-004-3-A,PKR-031,MULTI,UPS Ground,GROUND
ORD-1293899,2025-06-06,10:55:31,SKU-00610,2,E-03R-001-2-B,PKR-024,MULTI,UPS 2nd Day Air,GROUND
ORD-1294774,2025-06-06,18:23:24,SKU-02779,1,B-02L-020-2-A,PKR-002,MULTI,USPS Priority Mail,PRIORITY_2D
ORD-1293402,2025-06-06,14:56:21,SKU-04608,2,A-02L-025-1-B,PKR-010,MULTI,USPS Priority Mail,GROUND
ORD-1293015,2025-06-06,14:21:23,SKU-00375,1,D-04R-007-4-B,PKR-019,MULTI,FedEx Ground,GROUND
ORD-1294113,2025-06-06,21:54:06,SKU-04515,2,D-01R-003-4-B,PKR-003,MULTI,UPS 2nd Day Air,PRIORITY_2D
ORD-1291596,2025-06-06,08:47:21,SKU-02858,2,A-01R-006-4-B,PKR-012,MULTI,UPS Ground,GROUND
ORD-1295710,2025-06-06,21:20:40,SKU-01204,2,A-03R-016-1-B,PKR-016,MULTI,UPS Ground,STANDARD_OVERNIGHT
ORD-1289635,2025-06-06,17:34:46,SKU-00872,2,A-04L-005-1-A,PKR-026,MULTI,UPS Ground,STANDARD_OVERNIGHT
ORD-1289391,2025-06-06,16:22:10,SKU-02522,1,E-01R-002-5-A,PKR-006,MULTI,UPS Ground,GROUND
ORD-1295587,2025-06-06,06:32:00,SKU-04328,2,A-02L-021-1-B,PKR-026,SINGLE,USPS Priority Mail,PRIORITY_2D
ORD-1291452,2025-06-06,13:51:03,SKU-02232,2,C-01L-002-5-A,PKR-005,MULTI,USPS Priority Mail,GROUND
ORD-1291589,2025-06-06,12:00:37,SKU-03496,1,B-01R-016-5-B,PKR-025,MULTI,UPS Ground,GROUND
ORD-1290179,2025-06-06,12:14:34,SKU-00910,2,B-04R-014-3-A,PKR-016,MULTI,USPS Priority Mail,GROUND
ORD-1290196,2025-06-06,12:53:13,SKU-04328,2,A-02L-021-1-B,PKR-032,MULTI,FedEx Ground,GROUND
ORD-1291447,2025-06-06,18:32:42,SKU-04664,2,A-02R-002-3-A,PKR-012,MULTI,USPS Priority Mail,GROUND
ORD-1292824,2025-06-06,10:07:11,SKU-02461,1,D-02R-005-2-B,PKR-010,MULTI,FedEx Ground,GROUND
ORD-1289301,2025-06-06,15:20:42,SKU-01300,1,A-04L-007-2-A,PKR-004,MULTI,FedEx 2Day,GROUND
ORD-1289370,2025-06-06,06:36:30,SKU-00872,1,A-04L-005-1-A,PKR-028,MULTI,UPS Ground,GROUND
ORD-1291579,2025-06-06,10:35:11,SKU-04328,2,A-02L-021-1-B,PKR-021,MULTI,USPS Priority Mail,GROUND
ORD-1295392,2025-06-06,17:23:40,SKU-02116,2,A-02R-026-4-A,PKR-017,MULTI,UPS Ground,GROUND
ORD-1292355,2025-06-06,08:52:05,SKU-04041,2,A-02R-002-2-B,PKR-012,MULTI,FedEx 2Day,GROUND
ORD-1295504,2025-06-06,19:38:34,SKU-03049,2,C-02L-003-4-A,PKR-032,MULTI,UPS 2nd Day Air,GROUND
ORD-1290518,2025-06-06,18:04:44,SKU-01211,2,C-04R-001-1-B,PKR-009,MULTI,UPS 2nd Day Air,GROUND
ORD-1295684,2025-06-06,13:49:44,SKU-04928,2,B-01L-013-2-B,PKR-021,MULTI,USPS Priority Mail,GROUND
ORD-1292433,2025-06-06,12:23:04,SKU-01463,2,A-04L-004-3-B,PKR-006,MULTI,FedEx Ground,STANDARD_OVERNIGHT
ORD-1290909,2025-06-06,10:53:25,SKU-03709,1,D-01L-020-3-A,PKR-024,MULTI,FedEx Ground,GROUND
ORD-1290839,2025-06-06,21:49:35,SKU-00366,2,C-04L-008-3-A,PKR-010,MULTI,UPS Ground,PRIORITY_2D
ORD-1292019,2025-06-06,07:07:16,SKU-02291,2,D-01R-026-1-A,PKR-022,MULTI,UPS Ground,GROUND
ORD-1292191,2025-06-06,06:15:56,SKU-02681,2,A-01R-018-4-B,PKR-023,MULTI,UPS Ground,GROUND
ORD-1290515,2025-06-06,17:26:31,SKU-03947,2,B-01R-009-1-A,PKR-012,MULTI,FedEx 2Day,GROUND
ORD-1291106,2025-06-06,14:11:27,SKU-02609,2,C-01R-013-1-B,PKR-001,MULTI,USPS Priority Mail,GROUND
ORD-1291101,2025-06-06,13:29:28,SKU-02908,2,B-02L-005-3-A,PKR-020,MULTI,UPS Ground,GROUND
ORD-1294854,2025-06-06,06:23:56,SKU-01019,2,B-03R-014-1-A,PKR-006,MULTI,FedEx 2Day,GROUND
ORD-1293684,2025-06-06,14:18:23,SKU-01490,2,B-04R-009-1-A,PKR-023,MULTI,FedEx Ground,GROUND
ORD-1291835,2025-06-06,12:03:22,SKU-02585,1,A-01R-012-4-A,PKR-021,SINGLE,FedEx 2Day,PRIORITY_2D
ORD-1288379,2025-06-06,16:25:28,SKU-04608,1,A-02L-025-1-B,PKR-030,MULTI,FedEx 2Day,GROUND
ORD-1295389,2025-06-06,15:15:40,SKU-02117,1,B-01R-025-4-B,PKR-003,MULTI,FedEx Ground,GROUND
ORD-1288516,2025-06-06,21:16:15,SKU-04328,2,A-02L-021-1-B,PKR-011,MULTI,FedEx Ground,PRIORITY_2D
ORD-1290716,2025-06-06,21:56:15,SKU-00120,2,D-03L-019-3-A,PKR-004,MULTI,FedEx Ground,GROUND
ORD-1294499,2025-06-06,14:54:30,SKU-00602,2,B-04R-014-4-B,PKR-024,MULTI,FedEx Ground,GROUND
ORD-1294992,2025-06-06,09:17:19,SKU-02836,1,A-02R-009-1-B,PKR-009,MULTI,FedEx 2Day,GROUND
ORD-1294328,2025-06-06,10:39:05,SKU-01998,2,E-04L-020-1-B,PKR-028,MULTI,UPS Ground,GROUND
ORD-1293673,2025-06-06,16:42:57,SKU-01490,1,B-04R-009-1-A,PKR-016,MULTI,UPS Ground,GROUND
ORD-1288164,2025-06-06,07:45:17,SKU-02044,2,A-01R-023-5-B,PKR-012,MULTI,UPS 2nd Day Air,PRIORITY_2D
ORD-1289850,2025-06-06,06:07:16,SKU-02584,2,A-02L-003-1-B,PKR-027,MULTI,FedEx Ground,PRIORITY_2D
ORD-1294276,2025-06-06,07:21:45,SKU-01331,1,A-03R-003-4-B,PKR-007,MULTI,USPS Priority Mail,GROUND
ORD-1289468,2025-06-06,07:38:40,SKU-02961,2,B-02R-006-3-A,PKR-010,MULTI,UPS Ground,GROUND
ORD-1295784,2025-06-06,18:47:29,SKU-04710,2,A-02L-008-2-A,PKR-016,MULTI,USPS Priority Mail,PRIORITY_2D
ORD-1293805,2025-06-06,08:53:54,SKU-00760,2,C-03R-018-4-B,PKR-009,MULTI,UPS Ground,PRIORITY_2D
ORD-1291715,2025-06-06,21:01:43,SKU-04733,2,A-01R-018-1-A,PKR-017,MULTI,UPS Ground,GROUND
ORD-1292039,2025-06-06,10:34:45,SKU-04328,2,A-02L-021-1-B,PKR-020,MULTI,FedEx Ground,PRIORITY_2D
ORD-1288771,2025-06-06,11:10:57,SKU-02613,1,D-01R-018-5-A,PKR-019,MULTI,USPS Priority Mail,GROUND
ORD-1289939,2025-06-06,09:38:37,SKU-01121,2,B-04R-017-4-A,PKR-031,MULTI,UPS Ground,GROUND
ORD-1290342,2025-06-06,10:40:42,SKU-04814,2,B-02R-017-4-A,PKR-012,MULTI,UPS Ground,GROUND
ORD-1292570,2025-06-06,10:24:40,SKU-04608,2,A-02L-025-1-B,PKR-032,MULTI,FedEx Ground,GROUND
ORD-1289119,2025-06-06,13:18:41,SKU-04591,2,C-01L-012-2-B,PKR-018,MULTI,USPS Priority Mail,GROUND
ORD-1288566,2025-06-06,19:53:16,SKU-04328,1,A-02L-021-1-B,PKR-023,MULTI,USPS Priority Mail,GROUND
ORD-1294755,2025-06-06,07:24:32,SKU-04328,2,A-02L-021-1-B,PKR-031,MULTI,UPS Ground,GROUND
ORD-1293990,2025-06-06,14:28:57,SKU-02816,2,A-02R-004-2-A,PKR-010,MULTI,FedEx Ground,PRIORITY_2D
ORD-1288659,2025-06-06,15:11:53,SKU-00838,2,A-03L-009-1-B,PKR-001,MULTI,UPS Ground,GROUND
ORD-1295744,2025-06-06,20:22:47,SKU-04041,2,A-02R-002-2-B,PKR-025,MULTI,UPS Ground,GROUND
ORD-1293757,2025-06-06,21:57:00,SKU-02665,2,B-02R-024-2-A,PKR-011,MULTI,UPS Ground,GROUND
ORD-1291950,2025-06-06,14:24:10,SKU-04814,1,B-02R-017-4-A,PKR-008,MULTI,USPS Priority Mail,PRIORITY_2D
ORD-1294804,2025-06-06,09:19:01,SKU-01490,1,B-04R-009-1-A,PKR-019,MULTI,UPS Ground,GROUND
ORD-1289626,2025-06-06,06:15:26,SKU-02509,2,B-01L-020-5-A,PKR-013,MULTI,UPS 2nd Day Air,GROUND
ORD-1289181,2025-06-06,16:38:45,SKU-02585,2,A-01R-012-4-A,PKR-012,MULTI,FedEx Ground,GROUND
ORD-1294934,2025-06-06,14:31:10,SKU-04538,1,A-01R-001-1-B,PKR-018,MULTI,UPS Ground,STANDARD_OVERNIGHT
ORD-1292426,2025-06-06,12:24:30,SKU-04710,2,A-02L-008-2-A,PKR-024,MULTI,USPS Priority Mail,GROUND
ORD-1288809,2025-06-06,13:48:21,SKU-00769,1,A-04R-020-3-A,PKR-008,MULTI,UPS Ground,GROUND
ORD-1288460,2025-06-06,20:40:45,SKU-04813,1,C-02L-008-2-B,PKR-017,MULTI,FedEx Ground,PRIORITY_2D
ORD-1291350,2025-06-06,17:41:04,SKU-02908,1,B-02L-005-3-A,PKR-005,MULTI,FedEx Ground,GROUND
ORD-1289778,2025-06-06,11:17:18,SKU-02597,1,A-01L-006-4-B,PKR-027,MULTI,UPS Ground,GROUND
ORD-1291372,2025-06-06,20:35:55,SKU-00239,2,A-04L-019-1-B,PKR-028,SINGLE,FedEx 2Day,GROUND
ORD-1289666,2025-06-06,14:22:16,SKU-02252,2,B-02R-025-2-A,PKR-020,MULTI,FedEx Ground,GROUND
ORD-1293156,2025-06-06,09:27:08,SKU-01241,2,B-04R-010-3-A,PKR-029,MULTI,FedEx Ground,GROUND
ORD-1295390,2025-06-06,14:31:20,SKU-00466,1,C-04R-016-1-B,PKR-026,MULTI,FedEx Ground,PRIORITY_2D
ORD-1288942,2025-06-06,06:31:47,SKU-02319,1,B-02R-022-4-B,PKR-007,MULTI,FedEx Ground,GROUND
ORD-1292112,2025-06-06,21:02:57,SKU-04645,2,D-02L-024-2-A,PKR-022,MULTI,UPS Ground,GROUND
ORD-1288431,2025-06-06,07:38:00,SKU-03981,2,D-02L-008-1-B,PKR-018,MULTI,UPS Ground,GROUND
ORD-1289474,2025-06-06,11:49:04,SKU-02715,1,B-01R-011-3-A,PKR-016,MULTI,USPS Priority Mail,GROUND
ORD-1294765,2025-06-06,08:15:44,SKU-02909,1,C-01L-005-3-A,PKR-002,MULTI,USPS Priority Mail,GROUND
ORD-1289781,2025-06-06,20:14:41,SKU-02050,2,C-02L-007-1-A,PKR-020,MULTI,FedEx Ground,GROUND
ORD-1292382,2025-06-06,11:10:08,SKU-00324,2,C-03L-004-3-B,PKR-026,MULTI,UPS Ground,GROUND
ORD-1293133,2025-06-06,17:00:53,SKU-02701,2,D-01R-005-2-A,PKR-004,MULTI,FedEx Ground,GROUND
ORD-1294604,2025-06-06,20:22:50,SKU-00037,1,A-03L-004-3-A,PKR-009,MULTI,FedEx Ground,STANDARD_OVERNIGHT
ORD-1289475,2025-06-06,12:27:10,SKU-02357,2,C-02L-006-2-A,PKR-007,MULTI,FedEx Ground,GROUND
ORD-1290300,2025-06-06,16:10:29,SKU-03946,2,A-02L-004-5-B,PKR-016,MULTI,USPS Priority Mail,PRIORITY_2D
ORD-1295237,2025-06-06,12:22:19,SKU-01272,1,A-04L-010-3-A,PKR-015,MULTI,UPS Ground,GROUND
ORD-1293397,2025-06-06,17:47:39,SKU-00708,2,A-03L-007-4-B,PKR-026,MULTI,UPS Ground,GROUND
ORD-1288731,2025-06-06,09:41:51,SKU-04104,2,A-02L-004-5-A,PKR-025,MULTI,USPS Priority Mail,GROUND
ORD-1295785,2025-06-06,21:52:19,SKU-00775,1,A-03R-002-3-B,PKR-031,MULTI,USPS Priority Mail,GROUND
ORD-1295617,2025-06-06,16:00:27,SKU-00512,2,A-04R-012-3-A,PKR-022,MULTI,UPS Ground,GROUND
ORD-1294219,2025-06-06,12:45:31,SKU-03032,2,A-02L-020-4-B,PKR-002,MULTI,UPS Ground,GROUND
ORD-1288877,2025-06-06,09:35:16,SKU-04565,2,C-01R-026-4-A,PKR-029,MULTI,UPS Ground,GROUND
ORD-1289157,2025-06-06,09:36:52,SKU-00873,2,C-04L-020-4-A,PKR-030,MULTI,FedEx Ground,GROUND
ORD-1291486,2025-06-06,12:05:41,SKU-01490,2,B-04R-009-1-A,PKR-008,MULTI,FedEx Ground,GROUND
ORD-1295796,2025-06-06,11:36:54,SKU-04328,2,A-02L-021-1-B,PKR-010,MULTI,FedEx Ground,PRIORITY_2D
ORD-1295470,2025-06-06,13:06:23,SKU-03109,1,D-02L-021-2-B,PKR-015,SINGLE,UPS 2nd Day Air,PRIORITY_2D
ORD-1292328,2025-06-06,07:35:43,SKU-01121,1,B-04R-017-4-A,PKR-024,SINGLE,FedEx Ground,PRIORITY_2D
ORD-1291415,2025-06-06,10:11:58,SKU-00800,2,D-03R-015-1-A,PKR-029,MULTI,UPS Ground,GROUND
ORD-1289977,2025-06-06,09:02:50,SKU-04041,2,A-02R-002-2-B,PKR-027,MULTI,FedEx Ground,STANDARD_OVERNIGHT
ORD-1289667,2025-06-06,12:01:31,SKU-04911,1,B-02L-008-2-B,PKR-004,MULTI,USPS Priority Mail,PRIORITY_2D
ORD-1288030,2025-06-06,17:13:28,SKU-01204,1,A-03R-016-1-B,PKR-026,MULTI,USPS Priority Mail,GROUND
ORD-1288768,2025-06-06,21:31:18,SKU-03635,2,A-02R-019-5-A,PKR-024,SINGLE,FedEx Ground,PRIORITY_2D
ORD-1295837,2025-06-06,13:36:39,SKU-04538,2,A-01R-001-1-B,PKR-014,MULTI,FedEx Ground,GROUND
ORD-1292039,2025-06-06,10:34:45,SKU-02775,1,C-01R-023-3-A,PKR-020,MULTI,FedEx Ground,PRIORITY_2D
ORD-1291446,2025-06-06,17:01:26,SKU-01803,2,B-03R-020-1-A,PKR-002,MULTI,FedEx 2Day,GROUND
ORD-1289492,2025-06-06,15:00:17,SKU-03386,2,A-01R-019-5-A,PKR-032,MULTI,UPS Ground,GROUND
ORD-1292007,2025-06-06,19:49:38,SKU-02281,2,A-01L-025-3-B,PKR-009,MULTI,USPS Priority Mail,GROUND
ORD-1295120,2025-06-06,06:32:47,SKU-02816,2,A-02R-004-2-A,PKR-030,MULTI,FedEx Ground,GROUND
ORD-1288014,2025-06-06,10:08:27,SKU-01204,2,A-03R-016-1-B,PKR-008,MULTI,UPS Ground,GROUND
ORD-1292208,2025-06-06,19:50:06,SKU-03088,2,E-01R-025-3-A,PKR-024,MULTI,FedEx Ground,STANDARD_OVERNIGHT
ORD-1290439,2025-06-06,11:04:21,SKU-04860,1,C-01R-022-2-B,PKR-016,MULTI,UPS 2nd Day Air,PRIORITY_2D
ORD-1289632,2025-06-06,12:30:31,SKU-00326,2,B-04L-006-2-B,PKR-015,MULTI,UPS Ground,GROUND
ORD-1292877,2025-06-06,11:45:20,SKU-02552,2,B-02R-022-5-B,PKR-015,MULTI,FedEx Ground,GROUND
ORD-1289039,2025-06-06,17:46:14,SKU-03938,1,B-02R-007-3-B,PKR-031,MULTI,FedEx Ground,GROUND
ORD-1289771,2025-06-06,07:46:08,SKU-02366,2,A-01R-020-4-A,PKR-005,MULTI,USPS Priority Mail,GROUND
ORD-1288185,2025-06-06,08:24:42,SKU-02366,2,A-01R-020-4-A,PKR-009,MULTI,USPS Priority Mail,GROUND
ORD-1289639,2025-06-06,06:00:28,SKU-04041,2,A-02R-002-2-B,PKR-003,MULTI,UPS 2nd Day Air,GROUND
ORD-1294868,2025-06-06,07:51:07,SKU-04216,1,A-01L-017-4-A,PKR-031,MULTI,FedEx Ground,GROUND
ORD-1289520,2025-06-06,21:25:40,SKU-04041,1,A-02R-002-2-B,PKR-006,SINGLE,UPS Ground,PRIORITY_2D
ORD-1291617,2025-06-06,19:07:43,SKU-03883,2,B-02L-017-2-B,PKR-003,MULTI,UPS Ground,GROUND
ORD-1289159,2025-06-06,16:04:16,SKU-02681,2,A-01R-018-4-B,PKR-029,MULTI,UPS Ground,PRIORITY_2D
ORD-1291603,2025-06-06,17:11:41,SKU-04041,2,A-02R-002-2-B,PKR-021,MULTI,FedEx Ground,PRIORITY_2D
ORD-1295836,2025-06-06,09:18:36,SKU-00056,2,C-04R-006-2-A,PKR-015,MULTI,FedEx Ground,PRIORITY_2D
ORD-1290313,2025-06-06,18:09:53,SKU-02978,2,D-02L-007-4-A,PKR-025,MULTI,USPS Priority Mail,PRIORITY_2D
ORD-1292432,2025-06-06,13:21:02,SKU-00838,2,A-03L-009-1-B,PKR-003,MULTI,USPS Priority Mail,STANDARD_OVERNIGHT
ORD-1294340,2025-06-06,14:59:26,SKU-04311,2,B-02L-012-2-B,PKR-003,MULTI,USPS Priority Mail,PRIORITY_2D
ORD-1293195,2025-06-06,07:25:29,SKU-04599,2,E-02R-016-5-A,PKR-024,MULTI,UPS Ground,GROUND
ORD-1293897,2025-06-06,15:28:35,SKU-01207,1,B-04R-018-4-B,PKR-020,MULTI,USPS Priority Mail,GROUND
ORD-1292449,2025-06-06,13:10:29,SKU-04328,2,A-02L-021-1-B,PKR-026,MULTI,FedEx Ground,GROUND
ORD-1292423,2025-06-06,13:23:15,SKU-00756,2,D-04R-007-2-A,PKR-031,MULTI,UPS Ground,GROUND
ORD-1290099,2025-06-06,10:58:34,SKU-00028,2,B-04L-012-1-A,PKR-028,MULTI,FedEx Ground,GROUND
ORD-1292111,2025-06-06,11:17:40,SKU-04782,1,C-01L-004-3-A,PKR-002,MULTI,FedEx 2Day,GROUND
ORD-1292584,2025-06-06,19:09:26,SKU-04457,1,A-01L-020-2-B,PKR-027,MULTI,UPS Ground,GROUND
ORD-1293491,2025-06-06,16:59:00,SKU-04328,2,A-02L-021-1-B,PKR-016,MULTI,USPS Priority Mail,GROUND
ORD-1293581,2025-06-06,06:20:10,SKU-02708,2,A-01R-026-1-B,PKR-022,MULTI,USPS Priority Mail,GROUND
ORD-1291645,2025-06-06,11:00:19,SKU-01050,1,E-03R-014-3-B,PKR-013,MULTI,UPS Ground,GROUND
ORD-1293083,2025-06-06,11:40:20,SKU-04379,2,E-02R-006-2-A,PKR-017,MULTI,USPS Priority Mail,GROUND
ORD-1290383,2025-06-06,06:11:28,SKU-02613,2,D-01R-018-5-A,PKR-016,MULTI,UPS Ground,GROUND
ORD-1295730,2025-06-06,07:33:11,SKU-01204,2,A-03R-016-1-B,PKR-026,MULTI,USPS Priority Mail,PRIORITY_2D
ORD-1292495,2025-06-06,09:47:24,SKU-02125,2,A-01R-020-2-B,PKR-002,MULTI,FedEx Ground,STANDARD_OVERNIGHT
ORD-1294379,2025-06-06,21:25:52,SKU-04041,1,A-02R-002-2-B,PKR-018,SINGLE,UPS Ground,GROUND
ORD-1290492,2025-06-06,17:54:21,SKU-02802,1,C-01R-020-2-B,PKR-028,MULTI,UPS 2nd Day Air,GROUND
ORD-1288520,2025-06-06,09:50:29,SKU-00442,2,B-04L-003-4-A,PKR-003,MULTI,UPS Ground,GROUND
ORD-1292984,2025-06-06,20:49:51,SKU-02729,2,B-01R-010-4-A,PKR-020,SINGLE,FedEx Ground,GROUND
ORD-1288526,2025-06-06,07:29:03,SKU-00779,2,B-04L-003-4-B,PKR-005,MULTI,UPS Ground,GROUND
ORD-1288299,2025-06-06,15:36:50,SKU-04328,1,A-02L-021-1-B,PKR-012,MULTI,UPS Ground,GROUND
ORD-1293880,2025-06-06,06:35:59,SKU-00239,2,A-04L-019-1-B,PKR-028,MULTI,UPS Ground,GROUND
ORD-1290824,2025-06-06,10:48:55,SKU-04328,2,A-02L-021-1-B,PKR-008,MULTI,FedEx 2Day,GROUND
ORD-1295245,2025-06-06,07:51:21,SKU-01848,2,A-04L-001-2-A,PKR-019,MULTI,FedEx Ground,GROUND
ORD-1291112,2025-06-06,13:10:35,SKU-00940,2,A-03R-006-3-B,PKR-027,MULTI,UPS Ground,GROUND
ORD-1294284,2025-06-06,06:53:33,SKU-00872,2,A-04L-005-1-A,PKR-002,MULTI,USPS Priority Mail,GROUND
ORD-1289174,2025-06-06,16:10:34,SKU-04710,1,A-02L-008-2-A,PKR-032,MULTI,UPS Ground,GROUND
ORD-1288413,2025-06-06,16:29:42,SKU-03510,2,A-02L-003-4-A,PKR-017,MULTI,UPS Ground,GROUND
ORD-1288200,2025-06-06,11:13:49,SKU-02057,1,D-01L-004-2-B,PKR-019,MULTI,USPS Priority Mail,GROUND
ORD-1293798,2025-06-06,18:01:41,SKU-04959,2,B-01L-008-1-B,PKR-001,MULTI,USPS Priority Mail,GROUND
ORD-1288719,2025-06-06,18:45:11,SKU-01552,1,A-04R-001-1-B,PKR-002,MULTI,FedEx Ground,GROUND
ORD-1288611,2025-06-06,09:03:36,SKU-03756,2,A-01L-005-3-A,PKR-006,MULTI,UPS Ground,PRIORITY_2D
ORD-1293497,2025-06-06,13:47:08,SKU-04457,2,A-01L-020-2-B,PKR-004,MULTI,FedEx Ground,STANDARD_OVERNIGHT
ORD-1289596,2025-06-06,09:21:19,SKU-02403,2,A-01R-001-2-A,PKR-027,MULTI,UPS Ground,GROUND
ORD-1292907,2025-06-06,18:35:04,SKU-04328,2,A-02L-021-1-B,PKR-030,MULTI,UPS Ground,GROUND
ORD-1291465,2025-06-06,09:31:56,SKU-01019,2,B-03R-014-1-A,PKR-005,MULTI,USPS Priority Mail,STANDARD_OVERNIGHT
ORD-1293716,2025-06-06,06:44:46,SKU-03829,2,A-02L-009-5-B,PKR-009,MULTI,FedEx Ground,GROUND
ORD-1290558,2025-06-06,14:40:50,SKU-00895,2,A-03R-012-2-A,PKR-008,MULTI,UPS Ground,GROUND
ORD-1295490,2025-06-06,19:07:54,SKU-04630,2,B-01L-017-5-A,PKR-028,MULTI,UPS Ground,GROUND
ORD-1295385,2025-06-06,09:19:17,SKU-03073,1,D-02L-022-2-B,PKR-023,MULTI,FedEx Ground,GROUND
ORD-1291299,2025-06-06,10:00:45,SKU-04733,1,A-01R-018-1-A,PKR-007,MULTI,USPS Priority Mail,GROUND
ORD-1294025,2025-06-06,12:54:02,SKU-02173,2,A-02R-018-5-B,PKR-030,MULTI,FedEx 2Day,PRIORITY_2D
ORD-1291412,2025-06-06,08:05:02,SKU-02104,2,B-01R-002-1-A,PKR-025,MULTI,FedEx Ground,GROUND
ORD-1295823,2025-06-06,18:59:19,SKU-03485,2,E-02L-017-3-B,PKR-003,MULTI,UPS Ground,PRIORITY_2D
ORD-1298228,2025-06-07,13:37:59,SKU-03727,2,B-02R-023-4-A,PKR-030,SINGLE,UPS Ground,GROUND
ORD-1299372,2025-06-07,13:22:27,SKU-00673,1,C-03L-015-4-A,PKR-026,MULTI,UPS Ground,GROUND
ORD-1297833,2025-06-07,17:06:42,SKU-00872,1,A-04L-005-1-A,PKR-028,MULTI,USPS Priority Mail,GROUND
ORD-1298425,2025-06-07,06:32:14,SKU-00974,1,A-03L-013-3-B,PKR-013,MULTI,FedEx Ground,GROUND
ORD-1298959,2025-06-07,14:17:34,SKU-03705,2,A-02L-025-2-A,PKR-032,MULTI,USPS Priority Mail,GROUND
ORD-1296095,2025-06-07,12:20:59,SKU-04457,1,A-01L-020-2-B,PKR-020,MULTI,UPS Ground,STANDARD_OVERNIGHT
ORD-1298355,2025-06-07,14:27:02,SKU-04541,2,C-01L-023-4-B,PKR-019,MULTI,FedEx 2Day,GROUND
ORD-1296241,2025-06-07,09:12:28,SKU-02913,1,B-01L-015-2-B,PKR-013,MULTI,UPS Ground,GROUND
ORD-1297596,2025-06-07,20:19:35,SKU-02336,2,D-01R-001-4-A,PKR-004,MULTI,UPS Ground,PRIORITY_2D
ORD-1298780,2025-06-07,11:24:20,SKU-04328,2,A-02L-021-1-B,PKR-019,MULTI,USPS Priority Mail,GROUND
ORD-1297102,2025-06-07,11:26:54,SKU-01450,2,E-04L-012-1-B,PKR-019,MULTI,UPS Ground,GROUND
ORD-1296831,2025-06-07,10:24:09,SKU-03878,2,E-01R-004-1-B,PKR-028,MULTI,FedEx Ground,GROUND
ORD-1298689,2025-06-07,08:59:42,SKU-04608,2,A-02L-025-1-B,PKR-024,MULTI,FedEx Ground,GROUND
ORD-1296930,2025-06-07,17:45:53,SKU-04328,1,A-02L-021-1-B,PKR-030,MULTI,USPS Priority Mail,GROUND
ORD-1299999,2025-06-07,20:07:30,SKU-02085,2,D-02R-008-1-A,PKR-022,MULTI,UPS Ground,GROUND
ORD-1299749,2025-06-07,07:49:32,SKU-01428,2,A-03L-006-4-A,PKR-024,MULTI,FedEx Ground,GROUND
ORD-1299191,2025-06-07,07:15:28,SKU-02509,1,B-01L-020-5-A,PKR-023,MULTI,FedEx Ground,PRIORITY_2D
ORD-1296906,2025-06-07,19:03:47,SKU-01335,2,B-03L-016-2-A,PKR-018,MULTI,FedEx Ground,GROUND
ORD-1298279,2025-06-07,13:13:05,SKU-04426,1,C-02L-002-3-A,PKR-008,MULTI,UPS 2nd Day Air,GROUND
ORD-1296296,2025-06-07,07:20:18,SKU-02366,2,A-01R-020-4-A,PKR-030,MULTI,UPS 2nd Day Air,PRIORITY_2D
ORD-1298605,2025-06-07,18:14:04,SKU-02908,1,B-02L-005-3-A,PKR-002,MULTI,UPS Ground,GROUND
ORD-1297602,2025-06-07,21:20:22,SKU-04328,2,A-02L-021-1-B,PKR-008,MULTI,FedEx 2Day,GROUND
ORD-1299177,2025-06-07,13:45:59,SKU-03757,2,D-02L-005-5-A,PKR-030,MULTI,UPS 2nd Day Air,PRIORITY_2D
ORD-1298565,2025-06-07,16:13:57,SKU-00848,2,C-03R-007-2-B,PKR-015,MULTI,FedEx Ground,STANDARD_OVERNIGHT
ORD-1298561,2025-06-07,14:38:27,SKU-01721,2,A-04L-015-4-B,PKR-026,MULTI,UPS 2nd Day Air,GROUND
ORD-1299910,2025-06-07,14:56:33,SKU-04328,2,A-02L-021-1-B,PKR-017,MULTI,UPS 2nd Day Air,GROUND
ORD-1298940,2025-06-07,15:50:04,SKU-04328,2,A-02L-021-1-B,PKR-030,MULTI,FedEx Ground,GROUND
ORD-1299678,2025-06-07,12:25:14,SKU-04328,2,A-02L-021-1-B,PKR-014,MULTI,FedEx Ground,GROUND
ORD-1299910,2025-06-07,14:56:33,SKU-04688,2,C-01L-020-1-A,PKR-017,MULTI,UPS 2nd Day Air,GROUND
ORD-1297182,2025-06-07,11:49:27,SKU-02665,1,B-02R-024-2-A,PKR-020,MULTI,FedEx Ground,GROUND
ORD-1298538,2025-06-07,11:04:15,SKU-00084,2,A-03L-015-3-A,PKR-020,MULTI,USPS Priority Mail,PRIORITY_2D
ORD-1297764,2025-06-07,21:46:57,SKU-04041,2,A-02R-002-2-B,PKR-010,MULTI,FedEx Ground,GROUND
ORD-1297164,2025-06-07,15:23:36,SKU-04397,2,C-01L-008-4-A,PKR-029,MULTI,FedEx Ground,GROUND
ORD-1299611,2025-06-07,12:23:36,SKU-01338,2,D-04L-020-3-B,PKR-027,MULTI,USPS Priority Mail,GROUND
ORD-1298484,2025-06-07,21:44:47,SKU-02893,1,B-01L-026-2-B,PKR-019,MULTI,UPS Ground,GROUND
ORD-1297534,2025-06-07,15:54:35,SKU-02585,2,A-01R-012-4-A,PKR-027,SINGLE,FedEx Ground,GROUND
ORD-1298857,2025-06-07,12:03:07,SKU-04754,2,A-01L-001-1-B,PKR-022,SINGLE,USPS Priority Mail,GROUND
ORD-1297533,2025-06-07,15:59:54,SKU-04041,2,A-02R-002-2-B,PKR-032,MULTI,UPS Ground,PRIORITY_2D
ORD-1299980,2025-06-07,11:57:48,SKU-03369,2,D-02L-005-5-B,PKR-023,MULTI,FedEx Ground,PRIORITY_2D
ORD-1296814,2025-06-07,11:43:40,SKU-02117,2,B-01R-025-4-B,PKR-007,MULTI,UPS Ground,GROUND
ORD-1296870,2025-06-07,13:06:25,SKU-01019,2,B-03R-014-1-A,PKR-019,MULTI,UPS Ground,GROUND
ORD-1296029,2025-06-07,21:10:41,SKU-04457,2,A-01L-020-2-B,PKR-010,MULTI,FedEx Ground,STANDARD_OVERNIGHT
ORD-1299286,2025-06-07,11:05:43,SKU-03727,2,B-02R-023-4-A,PKR-015,MULTI,UPS Ground,GROUND
ORD-1296708,2025-06-07,07:00:54,SKU-03792,1,B-02L-003-1-B,PKR-006,MULTI,UPS Ground,GROUND
ORD-1297688,2025-06-07,12:01:24,SKU-01687,2,A-04L-005-3-B,PKR-032,MULTI,FedEx 2Day,GROUND
ORD-1296539,2025-06-07,13:47:49,SKU-00716,1,A-04L-001-1-A,PKR-026,MULTI,FedEx Ground,GROUND
ORD-1297976,2025-06-07,20:08:50,SKU-02708,2,A-01R-026-1-B,PKR-017,MULTI,UPS Ground,GROUND
ORD-1298178,2025-06-07,18:34:18,SKU-02125,2,A-01R-020-2-B,PKR-030,MULTI,USPS Priority Mail,GROUND
ORD-1297899,2025-06-07,09:13:42,SKU-02609,2,C-01R-013-1-B,PKR-025,MULTI,UPS Ground,PRIORITY_2D
ORD-1299187,2025-06-07,17:02:29,SKU-00301,2,C-04R-007-4-B,PKR-018,MULTI,UPS Ground,GROUND
ORD-1299226,2025-06-07,13:55:23,SKU-02357,1,C-02L-006-2-A,PKR-018,MULTI,UPS Ground,PRIORITY_2D
ORD-1299505,2025-06-07,19:33:15,SKU-04942,2,B-01R-023-1-B,PKR-015,MULTI,UPS Ground,GROUND
ORD-1296309,2025-06-07,11:51:23,SKU-02772,2,A-02R-012-5-A,PKR-017,MULTI,FedEx 2Day,GROUND
ORD-1297087,2025-06-07,18:48:52,SKU-04328,1,A-02L-021-1-B,PKR-023,MULTI,USPS Priority Mail,PRIORITY_2D
ORD-1297764,2025-06-07,21:46:57,SKU-02907,2,B-01L-012-2-A,PKR-010,MULTI,FedEx Ground,GROUND
ORD-1297740,2025-06-07,06:52:19,SKU-00669,1,B-03R-003-1-A,PKR-027,MULTI,FedEx Ground,GROUND
ORD-1296331,2025-06-07,07:33:24,SKU-04565,1,C-01R-026-4-A,PKR-031,MULTI,FedEx Ground,STANDARD_OVERNIGHT
ORD-1299333,2025-06-07,08:30:13,SKU-03907,1,D-01R-026-5-B,PKR-027,MULTI,UPS 2nd Day Air,GROUND
ORD-1299900,2025-06-07,09:56:25,SKU-02775,2,C-01R-023-3-A,PKR-008,SINGLE,UPS Ground,GROUND
ORD-1297011,2025-06-07,16:36:36,SKU-02908,2,B-02L-005-3-A,PKR-004,MULTI,UPS Ground,PRIORITY_2D
ORD-1296453,2025-06-07,10:04:24,SKU-00872,2,A-04L-005-1-A,PKR-010,MULTI,USPS Priority Mail,GROUND
ORD-1296152,2025-06-07,19:43:06,SKU-02044,1,A-01R-023-5-B,PKR-021,MULTI,USPS Priority Mail,GROUND
ORD-1299927,2025-06-07,07:11:50,SKU-00037,2,A-03L-004-3-A,PKR-018,MULTI,UPS Ground,PRIORITY_2D
ORD-1299485,2025-06-07,08:11:43,SKU-03568,2,A-02R-024-1-B,PKR-016,MULTI,USPS Priority Mail,PRIORITY_2D
ORD-1299879,2025-06-07,20:20:03,SKU-02801,2,D-01R-001-2-A,PKR-025,MULTI,FedEx Ground,PRIORITY_2D
ORD-1296204,2025-06-07,21:04:50,SKU-04328,2,A-02L-021-1-B,PKR-006,MULTI,USPS Priority Mail,PRIORITY_2D
ORD-1297516,2025-06-07,13:32:44,SKU-04670,2,C-02R-018-2-B,PKR-028,MULTI,UPS Ground,PRIORITY_2D
ORD-1299003,2025-06-07,06:19:43,SKU-04041,1,A-02R-002-2-B,PKR-001,MULTI,USPS Priority Mail,PRIORITY_2D
ORD-1297328,2025-06-07,06:18:56,SKU-00409,2,A-04R-010-2-A,PKR-008,MULTI,UPS Ground,STANDARD_OVERNIGHT
ORD-1299112,2025-06-07,12:15:42,SKU-03727,2,B-02R-023-4-A,PKR-021,MULTI,FedEx Ground,STANDARD_OVERNIGHT
ORD-1298775,2025-06-07,17:03:16,SKU-04793,1,A-01L-020-4-A,PKR-025,MULTI,FedEx Ground,PRIORITY_2D
ORD-1298531,2025-06-07,21:45:52,SKU-02580,2,C-02L-009-2-A,PKR-017,SINGLE,FedEx Ground,GROUND
ORD-1299088,2025-06-07,11:03:54,SKU-00340,2,A-04L-017-1-A,PKR-008,MULTI,UPS Ground,GROUND
ORD-1297423,2025-06-07,13:37:54,SKU-01652,1,B-04R-013-1-B,PKR-022,MULTI,UPS 2nd Day Air,GROUND
ORD-1297642,2025-06-07,12:58:31,SKU-00513,2,B-04R-019-2-A,PKR-012,MULTI,USPS Priority Mail,GROUND
ORD-1296652,2025-06-07,12:05:07,SKU-04775,2,A-02R-001-5-B,PKR-001,MULTI,USPS Priority Mail,GROUND
ORD-1299526,2025-06-07,21:13:33,SKU-04328,2,A-02L-021-1-B,PKR-022,MULTI,UPS Ground,GROUND
ORD-1297029,2025-06-07,10:34:31,SKU-02585,2,A-01R-012-4-A,PKR-015,MULTI,USPS Priority Mail,GROUND
ORD-1297695,2025-06-07,09:13:20,SKU-02893,2,B-01L-026-2-B,PKR-007,MULTI,UPS Ground,PRIORITY_2D
ORD-1297622,2025-06-07,08:15:28,SKU-02469,1,A-01R-018-3-A,PKR-005,MULTI,USPS Priority Mail,PRIORITY_2D
ORD-1296799,2025-06-07,21:37:55,SKU-03727,2,B-02R-023-4-A,PKR-010,MULTI,FedEx Ground,GROUND
ORD-1297614,2025-06-07,19:21:35,SKU-02125,2,A-01R-020-2-B,PKR-013,MULTI,UPS Ground,GROUND
ORD-1296643,2025-06-07,08:47:38,SKU-02104,2,B-01R-002-1-A,PKR-013,MULTI,FedEx Ground,GROUND
ORD-1297811,2025-06-07,08:35:34,SKU-04041,1,A-02R-002-2-B,PKR-013,MULTI,FedEx Ground,GROUND
ORD-1296679,2025-06-07,14:16:26,SKU-02125,2,A-01R-020-2-B,PKR-018,MULTI,UPS 2nd Day Air,GROUND
ORD-1296910,2025-06-07,15:47:58,SKU-04873,1,B-02L-018-5-B,PKR-011,MULTI,USPS Priority Mail,PRIORITY_2D
ORD-1296293,2025-06-07,19:43:23,SKU-03018,2,C-02L-015-3-B,PKR-004,MULTI,USPS Priority Mail,GROUND
ORD-1297291,2025-06-07,07:58:45,SKU-02388,1,A-02L-023-1-A,PKR-030,MULTI,FedEx Ground,GROUND
ORD-1298840,2025-06-07,07:55:02,SKU-04347,2,B-02R-012-5-B,PKR-011,MULTI,UPS Ground,PRIORITY_2D
ORD-1298346,2025-06-07,06:07:41,SKU-04225,1,C-01L-016-4-B,PKR-025,MULTI,FedEx 2Day,PRIORITY_2D
ORD-1297447,2025-06-07,07:29:04,SKU-04670,2,C-02R-018-2-B,PKR-026,MULTI,USPS Priority Mail,GROUND
ORD-1296148,2025-06-07,20:43:26,SKU-02427,1,D-02R-007-3-A,PKR-001,MULTI,UPS Ground,PRIORITY_2D
ORD-1298017,2025-06-07,17:03:02,SKU-04041,2,A-02R-002-2-B,PKR-004,MULTI,UPS Ground,GROUND
ORD-1296979,2025-06-07,15:54:50,SKU-02892,1,D-01R-021-3-A,PKR-015,MULTI,FedEx Ground,GROUND
ORD-1298129,2025-06-07,11:02:10,SKU-03727,2,B-02R-023-4-A,PKR-032,MULTI,FedEx 2Day,GROUND
ORD-1297598,2025-06-07,20:33:42,SKU-04878,1,B-01R-016-3-B,PKR-023,MULTI,UPS Ground,GROUND
ORD-1299562,2025-06-07,08:47:41,SKU-04928,1,B-01L-013-2-B,PKR-021,MULTI,FedEx Ground,STANDARD_OVERNIGHT
ORD-1296835,2025-06-07,20:57:21,SKU-02357,1,C-02L-006-2-A,PKR-027,MULTI,USPS Priority Mail,GROUND
ORD-1299754,2025-06-07,13:11:41,SKU-00392,2,B-03L-019-1-B,PKR-013,MULTI,FedEx Ground,GROUND
ORD-1297327,2025-06-07,11:08:09,SKU-02509,2,B-01L-020-5-A,PKR-027,MULTI,USPS Priority Mail,GROUND
ORD-1297286,2025-06-07,09:06:55,SKU-04328,1,A-02L-021-1-B,PKR-014,MULTI,UPS 2nd Day Air,GROUND
ORD-1297802,2025-06-07,09:07:20,SKU-01446,1,B-04R-007-3-A,PKR-015,MULTI,UPS Ground,GROUND
ORD-1297582,2025-06-07,08:08:16,SKU-02185,2,C-01R-009-4-B,PKR-008,MULTI,UPS Ground,PRIORITY_2D
ORD-1298829,2025-06-07,06:41:19,SKU-01204,1,A-03R-016-1-B,PKR-017,MULTI,UPS 2nd Day Air,GROUND
ORD-1297552,2025-06-07,15:58:30,SKU-03369,1,D-02L-005-5-B,PKR-011,MULTI,FedEx Ground,GROUND
ORD-1299979,2025-06-07,14:50:33,SKU-04002,2,E-02L-007-1-A,PKR-008,MULTI,UPS Ground,GROUND
ORD-1299726,2025-06-07,10:07:51,SKU-04328,2,A-02L-021-1-B,PKR-031,MULTI,USPS Priority Mail,PRIORITY_2D
ORD-1299957,2025-06-07,16:45:24,SKU-02125,1,A-01R-020-2-B,PKR-012,MULTI,FedEx 2Day,GROUND
ORD-1298575,2025-06-07,17:18:28,SKU-04328,1,A-02L-021-1-B,PKR-031,MULTI,FedEx 2Day,GROUND
ORD-1296183,2025-06-07,07:08:56,SKU-01204,2,A-03R-016-1-B,PKR-009,MULTI,UPS Ground,GROUND
ORD-1297301,2025-06-07,07:29:29,SKU-00345,2,C-03R-006-3-B,PKR-016,MULTI,FedEx Ground,GROUND
ORD-1297699,2025-06-07,20:14:12,SKU-04846,1,B-01L-003-1-A,PKR-023,MULTI,USPS Priority Mail,GROUND
ORD-1298624,2025-06-07,17:10:19,SKU-03095,2,B-01L-010-3-A,PKR-020,MULTI,UPS Ground,GROUND
ORD-1298808,2025-06-07,18:28:17,SKU-01636,2,B-04L-008-3-B,PKR-010,MULTI,FedEx 2Day,PRIORITY_2D
ORD-1303836,2025-06-09,20:36:39,SKU-02674,2,A-01L-006-4-A,PKR-010,SINGLE,UPS 2nd Day Air,GROUND
ORD-1305589,2025-06-09,14:38:40,SKU-03032,2,A-02L-020-4-B,PKR-008,MULTI,FedEx 2Day,GROUND
ORD-1300063,2025-06-09,17:43:47,SKU-02270,2,C-02R-013-3-A,PKR-032,MULTI,USPS Priority Mail,GROUND
ORD-1300280,2025-06-09,11:05:00,SKU-02908,2,B-02L-005-3-A,PKR-016,MULTI,USPS Priority Mail,GROUND
ORD-1303451,2025-06-09,11:44:41,SKU-04608,2,A-02L-025-1-B,PKR-028,MULTI,UPS Ground,GROUND
ORD-1301362,2025-06-09,08:45:06,SKU-03328,2,B-02L-023-1-A,PKR-011,MULTI,UPS Ground,GROUND
ORD-1300279,2025-06-09,21:44:35,SKU-01721,1,A-04L-015-4-B,PKR-016,MULTI,USPS Priority Mail,GROUND
ORD-1301560,2025-06-09,21:36:15,SKU-00872,2,A-04L-005-1-A,PKR-024,MULTI,UPS 2nd Day Air,PRIORITY_2D
ORD-1302636,2025-06-09,12:48:17,SKU-02420,2,B-01L-005-4-B,PKR-026,SINGLE,FedEx Ground,PRIORITY_2D
ORD-1305858,2025-06-09,18:56:37,SKU-04328,2,A-02L-021-1-B,PKR-012,SINGLE,USPS Priority Mail,GROUND
ORD-1306069,2025-06-09,18:58:33,SKU-01721,2,A-04L-015-4-B,PKR-021,MULTI,UPS Ground,STANDARD_OVERNIGHT
ORD-1300770,2025-06-09,19:20:42,SKU-02588,1,C-02L-014-3-B,PKR-006,MULTI,UPS Ground,PRIORITY_2D
ORD-1305844,2025-06-09,11:26:15,SKU-04222,2,C-02R-004-5-B,PKR-019,MULTI,FedEx Ground,GROUND
ORD-1304270,2025-06-09,18:43:31,SKU-00079,1,A-03R-013-2-B,PKR-012,MULTI,FedEx Ground,GROUND
ORD-1300678,2025-06-09,09:00:07,SKU-03474,1,D-01L-025-5-B,PKR-017,MULTI,FedEx Ground,GROUND
ORD-1307110,2025-06-09,13:25:24,SKU-02447,2,B-01L-018-5-A,PKR-014,MULTI,UPS Ground,GROUND
ORD-1305800,2025-06-09,12:02:44,SKU-00446,1,B-04L-006-4-A,PKR-010,MULTI,USPS Priority Mail,GROUND
ORD-1305758,2025-06-09,20:04:13,SKU-00872,2,A-04L-005-1-A,PKR-005,MULTI,USPS Priority Mail,GROUND
ORD-1301162,2025-06-09,08:30:09,SKU-02913,1,B-01L-015-2-B,PKR-028,MULTI,FedEx Ground,GROUND
ORD-1305486,2025-06-09,11:55:18,SKU-02048,1,D-01L-023-3-A,PKR-029,MULTI,FedEx Ground,GROUND
ORD-1303594,2025-06-09,18:49:22,SKU-02908,2,B-02L-005-3-A,PKR-005,MULTI,USPS Priority Mail,GROUND
ORD-1301602,2025-06-09,21:45:04,SKU-02609,1,C-01R-013-1-B,PKR-006,MULTI,UPS Ground,GROUND
ORD-1306679,2025-06-09,15:15:24,SKU-01428,2,A-03L-006-4-A,PKR-008,MULTI,USPS Priority Mail,GROUND
ORD-1300656,2025-06-09,06:08:39,SKU-04328,2,A-02L-021-1-B,PKR-015,MULTI,FedEx Ground,GROUND
ORD-1301689,2025-06-09,19:20:56,SKU-04328,1,A-02L-021-1-B,PKR-012,MULTI,USPS Priority Mail,GROUND
ORD-1301085,2025-06-09,19:38:12,SKU-02163,1,A-02R-006-3-A,PKR-012,MULTI,UPS 2nd Day Air,GROUND
ORD-1303888,2025-06-09,13:30:42,SKU-01179,1,B-04R-007-2-A,PKR-007,MULTI,USPS Priority Mail,GROUND
ORD-1304207,2025-06-09,14:11:56,SKU-04457,1,A-01L-020-2-B,PKR-016,MULTI,UPS Ground,PRIORITY_2D
ORD-1307521,2025-06-09,09:32:34,SKU-00132,1,A-04R-016-4-B,PKR-017,MULTI,FedEx Ground,PRIORITY_2D
ORD-1300600,2025-06-09,17:14:19,SKU-02907,1,B-01L-012-2-A,PKR-017,MULTI,UPS Ground,GROUND
ORD-1307406,2025-06-09,19:32:06,SKU-00003,1,C-03R-010-4-B,PKR-023,MULTI,USPS Priority Mail,GROUND
ORD-1306039,2025-06-09,19:05:40,SKU-00005,1,C-03L-019-2-B,PKR-023,MULTI,USPS Priority Mail,GROUND
ORD-1300195,2025-06-09,10:22:27,SKU-02908,2,B-02L-005-3-A,PKR-021,MULTI,UPS Ground,GROUND
ORD-1302342,2025-06-09,19:34:40,SKU-04041,1,A-02R-002-2-B,PKR-031,MULTI,UPS Ground,GROUND
ORD-1300778,2025-06-09,15:24:30,SKU-03496,2,B-01R-016-5-B,PKR-008,MULTI,FedEx 2Day,GROUND
ORD-1302695,2025-06-09,17:55:01,SKU-04041,1,A-02R-002-2-B,PKR-025,MULTI,UPS Ground,GROUND
ORD-1300452,2025-06-09,09:59:15,SKU-02366,1,A-01R-020-4-A,PKR-022,MULTI,UPS Ground,GROUND
ORD-1305590,2025-06-09,19:42:02,SKU-03325,1,D-02L-002-5-B,PKR-025,MULTI,UPS Ground,GROUND
ORD-1302953,2025-06-09,19:31:59,SKU-02585,1,A-01R-012-4-A,PKR-010,MULTI,UPS Ground,GROUND
ORD-1302705,2025-06-09,07:17:55,SKU-02908,1,B-02L-005-3-A,PKR-031,MULTI,FedEx Ground,GROUND
ORD-1307576,2025-06-09,19:20:07,SKU-00392,2,B-03L-019-1-B,PKR-015,MULTI,UPS Ground,STANDARD_OVERNIGHT
ORD-1300089,2025-06-09,10:27:18,SKU-04878,1,B-01R-016-3-B,PKR-019,MULTI,FedEx 2Day,GROUND
ORD-1307962,2025-06-09,20:47:28,SKU-04775,1,A-02R-001-5-B,PKR-022,SINGLE,FedEx Ground,PRIORITY_2D
ORD-1301935,2025-06-09,15:43:31,SKU-00718,1,A-04R-001-4-B,PKR-023,MULTI,UPS Ground,GROUND
ORD-1302891,2025-06-09,12:24:35,SKU-02866,2,E-02L-013-2-A,PKR-023,MULTI,FedEx Ground,GROUND
ORD-1302071,2025-06-09,13:39:01,SKU-01170,2,A-03L-002-3-B,PKR-026,MULTI,FedEx Ground,PRIORITY_2D
ORD-1307069,2025-06-09,08:54:46,SKU-02497,1,A-01L-006-1-B,PKR-011,MULTI,FedEx Ground,PRIORITY_2D
ORD-1301535,2025-06-09,11:55:19,SKU-01652,1,B-04R-013-1-B,PKR-015,SINGLE,FedEx Ground,GROUND
ORD-1305093,2025-06-09,07:13:13,SKU-03938,1,B-02R-007-3-B,PKR-028,MULTI,USPS Priority Mail,GROUND
ORD-1307241,2025-06-09,07:50:03,SKU-00392,2,B-03L-019-1-B,PKR-014,MULTI,USPS Priority Mail,GROUND
ORD-1303039,2025-06-09,13:18:00,SKU-04328,1,A-02L-021-1-B,PKR-016,MULTI,UPS 2nd Day Air,PRIORITY_2D
ORD-1302085,2025-06-09,14:54:15,SKU-02747,2,A-01R-022-3-A,PKR-028,MULTI,USPS Priority Mail,GROUND
ORD-1307035,2025-06-09,19:50:01,SKU-01204,2,A-03R-016-1-B,PKR-026,SINGLE,FedEx Ground,GROUND
ORD-1300230,2025-06-09,10:07:54,SKU-04328,2,A-02L-021-1-B,PKR-014,MULTI,FedEx Ground,PRIORITY_2D
ORD-1300283,2025-06-09,13:58:39,SKU-02632,2,B-01R-003-1-A,PKR-016,MULTI,UPS 2nd Day Air,GROUND
ORD-1305839,2025-06-09,06:46:55,SKU-00872,1,A-04L-005-1-A,PKR-018,MULTI,USPS Priority Mail,GROUND
ORD-1303682,2025-06-09,18:40:32,SKU-03205,1,C-02L-026-1-B,PKR-021,MULTI,USPS Priority Mail,GROUND
ORD-1305490,2025-06-09,10:55:38,SKU-02779,1,B-02L-020-2-A,PKR-026,MULTI,FedEx Ground,GROUND
ORD-1303434,2025-06-09,06:25:00,SKU-02163,2,A-02R-006-3-A,PKR-028,MULTI,FedEx 2Day,GROUND
ORD-1306568,2025-06-09,06:03:06,SKU-00193,2,C-04R-016-2-A,PKR-027,MULTI,UPS Ground,GROUND
ORD-1302941,2025-06-09,13:19:11,SKU-02564,1,C-01L-011-5-B,PKR-019,MULTI,FedEx Ground,GROUND
ORD-1301380,2025-06-09,09:22:08,SKU-00368,2,B-03L-004-4-A,PKR-009,MULTI,USPS Priority Mail,PRIORITY_2D
ORD-1306385,2025-06-09,15:17:00,SKU-02859,2,A-01L-018-3-A,PKR-031,MULTI,USPS Priority Mail,GROUND
ORD-1304209,2025-06-09,11:05:03,SKU-02034,1,A-02L-014-4-B,PKR-007,MULTI,UPS Ground,GROUND
ORD-1300947,2025-06-09,20:00:11,SKU-04041,2,A-02R-002-2-B,PKR-009,MULTI,UPS Ground,GROUND
ORD-1307247,2025-06-09,17:41:29,SKU-01440,2,A-03L-011-3-B,PKR-026,MULTI,USPS Priority Mail,PRIORITY_2D
ORD-1300396,2025-06-09,20:35:21,SKU-02509,2,B-01L-020-5-A,PKR-025,MULTI,FedEx Ground,GROUND
ORD-1302471,2025-06-09,07:22:01,SKU-00232,2,B-04R-020-3-A,PKR-014,MULTI,FedEx Ground,GROUND
ORD-1306520,2025-06-09,08:22:58,SKU-04608,2,A-02L-025-1-B,PKR-013,MULTI,FedEx 2Day,GROUND
ORD-1304594,2025-06-09,21:59:32,SKU-02585,2,A-01R-012-4-A,PKR-015,MULTI,UPS 2nd Day Air,GROUND
ORD-1304888,2025-06-09,08:08:19,SKU-02045,2,B-01R-025-3-A,PKR-031,MULTI,FedEx Ground,GROUND
ORD-1301100,2025-06-09,19:41:28,SKU-04513,2,D-02L-019-4-A,PKR-030,MULTI,UPS Ground,GROUND
ORD-1306652,2025-06-09,15:11:41,SKU-02736,2,E-01R-007-5-B,PKR-030,MULTI,FedEx Ground,GROUND
ORD-1301157,2025-06-09,15:41:28,SKU-04608,2,A-02L-025-1-B,PKR-031,MULTI,UPS Ground,GROUND
ORD-1302258,2025-06-09,15:32:53,SKU-04328,2,A-02L-021-1-B,PKR-004,MULTI,FedEx Ground,PRIORITY_2D
ORD-1305928,2025-06-09,13:23:03,SKU-04370,2,A-02R-026-5-A,PKR-030,MULTI,UPS Ground,GROUND
ORD-1302550,2025-06-09,19:33:40,SKU-04457,2,A-01L-020-2-B,PKR-006,MULTI,FedEx Ground,GROUND
ORD-1305721,2025-06-09,21:55:23,SKU-02609,1,C-01R-013-1-B,PKR-031,MULTI,FedEx Ground,GROUND
ORD-1300653,2025-06-09,19:43:05,SKU-04328,2,A-02L-021-1-B,PKR-026,MULTI,FedEx 2Day,GROUND
ORD-1305842,2025-06-09,14:16:23,SKU-04328,1,A-02L-021-1-B,PKR-016,MULTI,FedEx 2Day,PRIORITY_2D
ORD-1301231,2025-06-09,07:05:08,SKU-01895,1,C-03L-009-3-B,PKR-023,MULTI,UPS Ground,STANDARD_OVERNIGHT
ORD-1304638,2025-06-09,21:52:32,SKU-01803,2,B-03R-020-1-A,PKR-022,MULTI,UPS Ground,GROUND
ORD-1301017,2025-06-09,10:38:17,SKU-02104,1,B-01R-002-1-A,PKR-022,MULTI,UPS Ground,STANDARD_OVERNIGHT
ORD-1301508,2025-06-09,08:41:42,SKU-00033,2,E-04R-019-3-B,PKR-004,MULTI,FedEx Ground,GROUND
ORD-1300679,2025-06-09,11:31:02,SKU-00290,1,A-03L-003-2-A,PKR-006,MULTI,UPS Ground,GROUND
ORD-1307791,2025-06-09,14:14:41,SKU-04717,1,B-02R-006-3-B,PKR-006,MULTI,FedEx Ground,GROUND
ORD-1305683,2025-06-09,20:36:40,SKU-04328,1,A-02L-021-1-B,PKR-032,MULTI,FedEx 2Day,PRIORITY_2D
ORD-1301148,2025-06-09,14:41:59,SKU-02141,2,B-02L-018-2-A,PKR-011,MULTI,FedEx Ground,GROUND
ORD-1302565,2025-06-09,08:22:47,SKU-04523,1,A-02L-024-2-B,PKR-009,MULTI,FedEx Ground,PRIORITY_2D
ORD-1304568,2025-06-09,11:21:13,SKU-01858,1,B-03R-018-2-B,PKR-002,MULTI,UPS Ground,GROUND
ORD-1300249,2025-06-09,08:40:38,SKU-02125,1,A-01R-020-2-B,PKR-027,MULTI,FedEx Ground,GROUND
ORD-1300277,2025-06-09,06:00:50,SKU-02266,2,A-01L-021-3-B,PKR-012,MULTI,FedEx Ground,GROUND
ORD-1304651,2025-06-09,09:07:56,SKU-04361,2,C-01L-025-5-A,PKR-021,MULTI,FedEx Ground,PRIORITY_2D
ORD-1300839,2025-06-09,12:40:12,SKU-02256,2,C-02L-001-1-B,PKR-021,MULTI,USPS Priority Mail,PRIORITY_2D
ORD-1307485,2025-06-09,14:15:46,SKU-04328,1,A-02L-021-1-B,PKR-005,SINGLE,USPS Priority Mail,GROUND
ORD-1304192,2025-06-09,17:30:20,SKU-03727,1,B-02R-023-4-A,PKR-022,MULTI,USPS Priority Mail,PRIORITY_2D
ORD-1301236,2025-06-09,06:21:04,SKU-01692,2,D-03R-001-3-A,PKR-015,MULTI,FedEx Ground,GROUND
ORD-1301576,2025-06-09,19:16:52,SKU-02480,2,A-02R-005-1-B,PKR-029,MULTI,USPS Priority Mail,GROUND
ORD-1304100,2025-06-09,20:36:46,SKU-02467,2,A-01R-006-2-B,PKR-020,MULTI,FedEx Ground,GROUND
ORD-1303732,2025-06-09,12:05:51,SKU-04457,2,A-01L-020-2-B,PKR-018,MULTI,FedEx 2Day,GROUND
ORD-1306410,2025-06-09,09:22:00,SKU-04041,2,A-02R-002-2-B,PKR-019,MULTI,FedEx Ground,GROUND
ORD-1303261,2025-06-09,08:25:12,SKU-02597,1,A-01L-006-4-B,PKR-026,MULTI,FedEx Ground,GROUND
ORD-1307192,2025-06-09,13:49:15,SKU-00872,2,A-04L-005-1-A,PKR-026,MULTI,FedEx Ground,GROUND
ORD-1302332,2025-06-09,10:22:22,SKU-01552,2,A-04R-001-1-B,PKR-032,MULTI,USPS Priority Mail,GROUND
ORD-1307145,2025-06-09,18:02:08,SKU-04034,1,D-01L-002-2-B,PKR-017,SINGLE,UPS Ground,GROUND
ORD-1307650,2025-06-09,12:57:15,SKU-01204,1,A-03R-016-1-B,PKR-001,MULTI,UPS 2nd Day Air,GROUND
ORD-1305938,2025-06-09,18:07:34,SKU-01656,1,B-04R-005-4-B,PKR-028,MULTI,FedEx 2Day,PRIORITY_2D
ORD-1304317,2025-06-09,21:12:47,SKU-02113,2,D-02R-003-1-A,PKR-026,MULTI,FedEx Ground,GROUND
ORD-1303077,2025-06-09,21:35:49,SKU-02232,2,C-01L-002-5-A,PKR-006,MULTI,USPS Priority Mail,GROUND
ORD-1307800,2025-06-09,09:58:25,SKU-01704,2,B-03R-006-2-A,PKR-021,MULTI,FedEx Ground,GROUND
ORD-1307621,2025-06-09,20:09:56,SKU-04784,2,C-02R-003-5-A,PKR-011,SINGLE,UPS Ground,GROUND
ORD-1302412,2025-06-09,19:23:22,SKU-02920,1,C-02R-002-2-B,PKR-015,MULTI,UPS Ground,GROUND
ORD-1300013,2025-06-09,07:36:00,SKU-00392,2,B-03L-019-1-B,PKR-028,MULTI,FedEx Ground,PRIORITY_2D
ORD-1306862,2025-06-09,06:38:28,SKU-04273,2,C-02R-020-5-A,PKR-001,MULTI,UPS Ground,GROUND
ORD-1304814,2025-06-09,06:32:21,SKU-04328,2,A-02L-021-1-B,PKR-001,MULTI,UPS Ground,GROUND
ORD-1303299,2025-06-09,20:15:35,SKU-04116,2,B-02L-002-3-A,PKR-014,MULTI,FedEx Ground,PRIORITY_2D
ORD-1301109,2025-06-09,14:04:25,SKU-00232,2,B-04R-020-3-A,PKR-018,MULTI,FedEx Ground,GROUND
ORD-1302842,2025-06-09,06:11:59,SKU-02163,2,A-02R-006-3-A,PKR-006,MULTI,UPS Ground,PRIORITY_2D
ORD-1307850,2025-06-09,14:34:29,SKU-03727,1,B-02R-023-4-A,PKR-013,MULTI,UPS Ground,GROUND
ORD-1307393,2025-06-09,17:59:20,SKU-04041,2,A-02R-002-2-B,PKR-017,MULTI,UPS Ground,GROUND
ORD-1304697,2025-06-09,16:33:50,SKU-01046,2,B-03R-016-2-B,PKR-029,MULTI,UPS Ground,GROUND
ORD-1305510,2025-06-09,10:55:23,SKU-03545,2,E-01R-014-5-A,PKR-031,MULTI,USPS Priority Mail,GROUND
ORD-1306493,2025-06-09,11:02:11,SKU-04435,2,A-02R-016-4-A,PKR-018,MULTI,UPS Ground,GROUND
ORD-1301965,2025-06-09,15:29:39,SKU-04489,1,B-02L-018-4-B,PKR-002,MULTI,USPS Priority Mail,PRIORITY_2D
ORD-1305413,2025-06-09,07:16:22,SKU-02480,1,A-02R-005-1-B,PKR-026,MULTI,USPS Priority Mail,GROUND
ORD-1305536,2025-06-09,10:45:28,SKU-02366,2,A-01R-020-4-A,PKR-021,MULTI,FedEx Ground,GROUND
ORD-1304739,2025-06-09,10:29:41,SKU-02125,1,A-01R-020-2-B,PKR-003,MULTI,USPS Priority Mail,GROUND
ORD-1305975,2025-06-09,06:49:11,SKU-02219,2,A-02R-008-5-A,PKR-020,MULTI,FedEx Ground,PRIORITY_2D
ORD-1301907,2025-06-09,06:15:09,SKU-01121,2,B-04R-017-4-A,PKR-020,MULTI,FedEx Ground,GROUND
ORD-1302569,2025-06-09,09:55:21,SKU-02585,2,A-01R-012-4-A,PKR-002,MULTI,USPS Priority Mail,GROUND
ORD-1306770,2025-06-09,12:38:27,SKU-00910,1,B-04R-014-3-A,PKR-026,MULTI,UPS 2nd Day Air,GROUND
ORD-1302436,2025-06-09,20:38:41,SKU-04328,1,A-02L-021-1-B,PKR-027,MULTI,FedEx 2Day,GROUND
ORD-1305099,2025-06-09,18:28:39,SKU-00130,2,A-03R-001-2-A,PKR-022,MULTI,UPS Ground,GROUND
ORD-1306729,2025-06-09,08:30:33,SKU-04041,1,A-02R-002-2-B,PKR-031,MULTI,FedEx 2Day,PRIORITY_2D
ORD-1304326,2025-06-09,12:41:07,SKU-00303,2,B-03L-008-1-A,PKR-028,MULTI,UPS Ground,GROUND
ORD-1302809,2025-06-09,20:07:21,SKU-04646,2,C-02R-011-5-B,PKR-002,MULTI,UPS Ground,GROUND
ORD-1303754,2025-06-09,16:11:20,SKU-03038,2,B-02L-014-4-A,PKR-018,MULTI,FedEx Ground,PRIORITY_2D
ORD-1305851,2025-06-09,12:40:59,SKU-04608,2,A-02L-025-1-B,PKR-028,MULTI,FedEx 2Day,GROUND
ORD-1303806,2025-06-09,09:03:12,SKU-04457,1,A-01L-020-2-B,PKR-029,MULTI,FedEx Ground,GROUND
ORD-1304397,2025-06-09,13:31:02,SKU-02185,1,C-01R-009-4-B,PKR-015,MULTI,UPS Ground,GROUND
ORD-1306628,2025-06-09,12:28:56,SKU-02306,1,E-01R-017-4-A,PKR-012,MULTI,FedEx Ground,GROUND
ORD-1300705,2025-06-09,09:54:50,SKU-02537,1,A-02L-004-3-A,PKR-031,MULTI,UPS Ground,GROUND
ORD-1301765,2025-06-09,14:44:04,SKU-01304,2,B-03L-005-4-A,PKR-026,MULTI,FedEx 2Day,PRIORITY_2D
ORD-1301793,2025-06-09,17:47:57,SKU-02775,2,C-01R-023-3-A,PKR-024,MULTI,UPS Ground,GROUND
ORD-1302627,2025-06-09,19:45:17,SKU-02907,2,B-01L-012-2-A,PKR-009,MULTI,UPS Ground,GROUND
ORD-1306057,2025-06-09,07:03:59,SKU-01170,2,A-03L-002-3-B,PKR-015,MULTI,UPS Ground,PRIORITY_2D
ORD-1307498,2025-06-09,06:29:54,SKU-03645,1,B-01L-001-3-A,PKR-010,MULTI,UPS Ground,GROUND
ORD-1303716,2025-06-09,15:48:43,SKU-02737,1,D-01L-021-5-A,PKR-003,MULTI,UPS Ground,GROUND
ORD-1307489,2025-06-09,07:20:35,SKU-02160,2,C-01L-022-4-B,PKR-001,MULTI,USPS Priority Mail,GROUND
ORD-1301456,2025-06-09,10:35:55,SKU-02497,1,A-01L-006-1-B,PKR-020,MULTI,UPS Ground,GROUND
ORD-1307091,2025-06-09,13:43:45,SKU-02737,2,D-01L-021-5-A,PKR-007,MULTI,UPS Ground,GROUND
ORD-1306336,2025-06-09,11:15:04,SKU-02125,1,A-01R-020-2-B,PKR-010,MULTI,UPS Ground,GROUND
ORD-1304270,2025-06-09,18:43:31,SKU-02125,1,A-01R-020-2-B,PKR-012,MULTI,FedEx Ground,GROUND
ORD-1303436,2025-06-09,16:46:28,SKU-03091,1,B-01R-015-2-A,PKR-021,MULTI,USPS Priority Mail,GROUND
ORD-1304737,2025-06-09,19:29:31,SKU-02420,2,B-01L-005-4-B,PKR-018,MULTI,FedEx Ground,PRIORITY_2D
ORD-1302963,2025-06-09,21:45:09,SKU-02346,2,C-01L-011-3-A,PKR-019,MULTI,FedEx Ground,GROUND
ORD-1307155,2025-06-09,14:25:48,SKU-03968,2,A-02L-019-2-B,PKR-003,MULTI,UPS Ground,GROUND
ORD-1307390,2025-06-09,13:43:35,SKU-04328,1,A-02L-021-1-B,PKR-023,MULTI,UPS Ground,GROUND
ORD-1306565,2025-06-09,12:53:53,SKU-04328,2,A-02L-021-1-B,PKR-013,MULTI,UPS Ground,PRIORITY_2D
ORD-1307097,2025-06-09,19:22:43,SKU-01019,1,B-03R-014-1-A,PKR-012,MULTI,USPS Priority Mail,GROUND
ORD-1302018,2025-06-09,20:51:13,SKU-02392,1,D-01R-016-2-B,PKR-016,MULTI,FedEx Ground,GROUND
ORD-1305014,2025-06-09,06:17:54,SKU-03410,1,E-02L-022-3-A,PKR-005,MULTI,USPS Priority Mail,GROUND
ORD-1302237,2025-06-09,20:21:06,SKU-02585,2,A-01R-012-4-A,PKR-003,MULTI,UPS 2nd Day Air,GROUND
ORD-1303976,2025-06-09,11:34:59,SKU-02681,1,A-01R-018-4-B,PKR-022,MULTI,FedEx 2Day,GROUND
ORD-1303369,2025-06-09,16:01:15,SKU-02125,2,A-01R-020-2-B,PKR-027,MULTI,FedEx Ground,GROUND
ORD-1302159,2025-06-09,07:03:07,SKU-00037,2,A-03L-004-3-A,PKR-011,MULTI,FedEx Ground,GROUND
ORD-1304220,2025-06-09,09:33:10,SKU-03369,1,D-02L-005-5-B,PKR-008,MULTI,USPS Priority Mail,GROUND
ORD-1303238,2025-06-09,11:43:12,SKU-02438,1,C-01L-007-5-B,PKR-020,MULTI,UPS Ground,GROUND
ORD-1305852,2025-06-09,20:00:49,SKU-02125,1,A-01R-020-2-B,PKR-012,MULTI,FedEx Ground,GROUND
ORD-1302048,2025-06-09,19:28:17,SKU-03020,2,C-02R-017-2-A,PKR-023,MULTI,FedEx 2Day,GROUND
ORD-1307678,2025-06-09,06:49:52,SKU-03727,2,B-02R-023-4-A,PKR-022,MULTI,USPS Priority Mail,STANDARD_OVERNIGHT
ORD-1307107,2025-06-09,09:18:42,SKU-03727,2,B-02R-023-4-A,PKR-014,MULTI,UPS Ground,GROUND
ORD-1304033,2025-06-09,11:28:53,SKU-03727,1,B-02R-023-4-A,PKR-001,MULTI,USPS Priority Mail,GROUND
ORD-1305214,2025-06-09,16:11:54,SKU-03727,2,B-02R-023-4-A,PKR-022,SINGLE,UPS Ground,GROUND
ORD-1303707,2025-06-09,08:45:35,SKU-01937,1,A-03L-004-3-B,PKR-005,MULTI,USPS Priority Mail,GROUND
ORD-1305062,2025-06-09,18:08:48,SKU-02973,2,B-01R-015-1-A,PKR-013,MULTI,USPS Priority Mail,GROUND
ORD-1307381,2025-06-09,07:23:44,SKU-02973,2,B-01R-015-1-A,PKR-018,MULTI,FedEx 2Day,PRIORITY_2D
ORD-1301193,2025-06-09,18:02:14,SKU-01204,2,A-03R-016-1-B,PKR-001,MULTI,UPS Ground,PRIORITY_2D
ORD-1304255,2025-06-09,19:32:08,SKU-02363,1,A-01R-022-2-A,PKR-009,MULTI,USPS Priority Mail,GROUND
ORD-1304567,2025-06-09,15:55:51,SKU-01204,1,A-03R-016-1-B,PKR-014,MULTI,UPS Ground,GROUND
ORD-1301116,2025-06-09,13:43:52,SKU-02609,2,C-01R-013-1-B,PKR-002,MULTI,USPS Priority Mail,GROUND
ORD-1305843,2025-06-09,20:37:30,SKU-02609,2,C-01R-013-1-B,PKR-024,MULTI,USPS Priority Mail,STANDARD_OVERNIGHT
ORD-1303890,2025-06-09,19:05:20,SKU-02828,1,A-02L-007-2-A,PKR-009,MULTI,UPS Ground,GROUND
ORD-1306548,2025-06-09,08:11:49,SKU-00224,2,E-04L-008-2-A,PKR-006,MULTI,UPS Ground,GROUND
ORD-1300784,2025-06-09,10:10:38,SKU-03999,1,A-02R-017-3-A,PKR-013,MULTI,FedEx 2Day,GROUND
ORD-1307599,2025-06-09,17:38:15,SKU-01490,1,B-04R-009-1-A,PKR-026,MULTI,FedEx Ground,GROUND
ORD-1300852,2025-06-09,10:04:35,SKU-04928,2,B-01L-013-2-B,PKR-031,MULTI,UPS Ground,GROUND
ORD-1307386,2025-06-09,20:17:48,SKU-00974,2,A-03L-013-3-B,PKR-029,MULTI,UPS Ground,GROUND
ORD-1306101,2025-06-09,10:53:50,SKU-01204,1,A-03R-016-1-B,PKR-002,MULTI,FedEx Ground,GROUND
ORD-1302519,2025-06-09,20:44:52,SKU-00035,1,D-04L-019-1-B,PKR-002,MULTI,USPS Priority Mail,GROUND
ORD-1306616,2025-06-09,15:47:47,SKU-00450,1,B-03L-012-4-B,PKR-020,MULTI,FedEx Ground,PRIORITY_2D
ORD-1307047,2025-06-09,07:40:20,SKU-00019,2,A-03R-001-1-A,PKR-003,MULTI,FedEx 2Day,STANDARD_OVERNIGHT
ORD-1300744,2025-06-09,14:39:27,SKU-04328,2,A-02L-021-1-B,PKR-009,MULTI,FedEx 2Day,GROUND
ORD-1304785,2025-06-09,10:11:50,SKU-00872,1,A-04L-005-1-A,PKR-008,MULTI,UPS Ground,PRIORITY_2D
ORD-1304412,2025-06-09,12:27:44,SKU-02366,2,A-01R-020-4-A,PKR-010,MULTI,FedEx Ground,GROUND
ORD-1306640,2025-06-09,09:35:18,SKU-01975,2,B-04L-014-4-A,PKR-017,MULTI,FedEx Ground,GROUND
ORD-1300636,2025-06-09,09:07:55,SKU-03932,2,B-02L-019-5-B,PKR-024,MULTI,USPS Priority Mail,GROUND
ORD-1303596,2025-06-09,12:10:09,SKU-04328,2,A-02L-021-1-B,PKR-030,MULTI,FedEx 2Day,GROUND
ORD-1303774,2025-06-09,21:59:53,SKU-04116,2,B-02L-002-3-A,PKR-002,MULTI,FedEx Ground,GROUND
ORD-1304491,2025-06-09,13:58:58,SKU-02509,1,B-01L-020-5-A,PKR-030,MULTI,UPS Ground,GROUND
ORD-1306381,2025-06-09,10:11:29,SKU-00489,2,C-03L-017-1-B,PKR-022,MULTI,FedEx 2Day,GROUND
ORD-1305039,2025-06-09,08:07:34,SKU-04328,2,A-02L-021-1-B,PKR-001,MULTI,UPS Ground,GROUND
ORD-1306219,2025-06-09,07:13:21,SKU-02542,2,B-02L-020-1-B,PKR-027,SINGLE,FedEx Ground,PRIORITY_2D
ORD-1305309,2025-06-09,10:10:28,SKU-04608,2,A-02L-025-1-B,PKR-018,MULTI,UPS Ground,PRIORITY_2D
ORD-1306591,2025-06-09,21:11:59,SKU-00034,2,A-04L-017-3-A,PKR-005,MULTI,UPS Ground,GROUND
ORD-1307371,2025-06-09,20:33:19,SKU-02609,2,C-01R-013-1-B,PKR-017,MULTI,FedEx Ground,GROUND
ORD-1303290,2025-06-09,06:51:52,SKU-02468,1,C-02L-004-1-A,PKR-019,MULTI,USPS Priority Mail,GROUND
ORD-1303447,2025-06-09,13:35:22,SKU-02859,2,A-01L-018-3-A,PKR-006,MULTI,USPS Priority Mail,GROUND
ORD-1303849,2025-06-09,11:37:57,SKU-04917,2,B-01L-025-4-A,PKR-017,MULTI,UPS Ground,GROUND
ORD-1306546,2025-06-09,09:13:11,SKU-02085,2,D-02R-008-1-A,PKR-017,MULTI,FedEx Ground,GROUND
ORD-1303000,2025-06-09,11:48:36,SKU-02585,2,A-01R-012-4-A,PKR-003,MULTI,UPS Ground,GROUND
ORD-1303589,2025-06-09,15:29:40,SKU-02585,2,A-01R-012-4-A,PKR-032,MULTI,FedEx Ground,GROUND
ORD-1304292,2025-06-09,18:11:32,SKU-04928,2,B-01L-013-2-B,PKR-016,MULTI,USPS Priority Mail,GROUND
ORD-1304035,2025-06-09,19:42:28,SKU-01775,2,B-03R-006-4-B,PKR-015,MULTI,FedEx Ground,GROUND
ORD-1302458,2025-06-09,07:27:55,SKU-00473,2,C-04R-003-2-B,PKR-029,MULTI,UPS Ground,PRIORITY_2D
ORD-1302231,2025-06-09,06:16:54,SKU-03022,2,B-02L-006-2-B,PKR-003,MULTI,FedEx Ground,GROUND
ORD-1302343,2025-06-09,11:51:45,SKU-04041,2,A-02R-002-2-B,PKR-016,MULTI,UPS Ground,GROUND
ORD-1306538,2025-06-09,20:07:17,SKU-02509,1,B-01L-020-5-A,PKR-029,MULTI,USPS Priority Mail,GROUND
ORD-1301500,2025-06-09,06:15:34,SKU-02908,2,B-02L-005-3-A,PKR-011,MULTI,USPS Priority Mail,GROUND
ORD-1303036,2025-06-09,11:43:54,SKU-03727,1,B-02R-023-4-A,PKR-001,MULTI,UPS Ground,GROUND
ORD-1304975,2025-06-09,10:02:16,SKU-04041,1,A-02R-002-2-B,PKR-007,MULTI,FedEx Ground,GROUND
ORD-1303678,2025-06-09,11:46:20,SKU-00831,2,A-03R-004-3-B,PKR-003,MULTI,UPS 2nd Day Air,GROUND
ORD-1304600,2025-06-09,10:51:56,SKU-00379,2,A-03R-020-4-B,PKR-005,MULTI,FedEx Ground,GROUND
ORD-1302463,2025-06-09,12:50:15,SKU-04041,2,A-02R-002-2-B,PKR-022,MULTI,FedEx Ground,GROUND
ORD-1307751,2025-06-09,20:59:22,SKU-00673,1,C-03L-015-4-A,PKR-015,MULTI,FedEx Ground,GROUND
ORD-1302644,2025-06-09,13:32:01,SKU-04932,2,A-02R-018-5-A,PKR-004,MULTI,FedEx Ground,GROUND
ORD-1306282,2025-06-09,17:26:29,SKU-03418,1,A-01L-002-4-A,PKR-030,MULTI,FedEx Ground,PRIORITY_2D
ORD-1308846,2025-06-10,19:23:22,SKU-03297,1,B-01L-013-1-A,PKR-016,MULTI,UPS Ground,STANDARD_OVERNIGHT
ORD-1309555,2025-06-10,08:31:56,SKU-04328,2,A-02L-021-1-B,PKR-013,MULTI,USPS Priority Mail,GROUND
ORD-1312500,2025-06-10,13:15:42,SKU-02775,2,C-01R-023-3-A,PKR-028,MULTI,UPS Ground,GROUND
ORD-1311781,2025-06-10,19:04:31,SKU-00673,1,C-03L-015-4-A,PKR-022,MULTI,USPS Priority Mail,GROUND
ORD-1310799,2025-06-10,07:17:43,SKU-04041,1,A-02R-002-2-B,PKR-008,MULTI,FedEx Ground,GROUND
ORD-1310673,2025-06-10,14:23:50,SKU-03077,1,B-02L-012-4-B,PKR-028,MULTI,USPS Priority Mail,GROUND
ORD-1308685,2025-06-10,12:39:56,SKU-02209,2,A-02L-020-1-A,PKR-010,MULTI,UPS 2nd Day Air,GROUND
ORD-1308750,2025-06-10,11:59:33,SKU-02125,2,A-01R-020-2-B,PKR-012,MULTI,FedEx Ground,GROUND
ORD-1315838,2025-06-10,18:25:36,SKU-04041,2,A-02R-002-2-B,PKR-014,MULTI,UPS 2nd Day Air,PRIORITY_2D
ORD-1313075,2025-06-10,15:58:34,SKU-03590,1,A-02L-001-4-A,PKR-011,MULTI,FedEx 2Day,GROUND
ORD-1315330,2025-06-10,16:52:22,SKU-04041,1,A-02R-002-2-B,PKR-021,MULTI,UPS Ground,GROUND
ORD-1308693,2025-06-10,10:36:56,SKU-00872,1,A-04L-005-1-A,PKR-008,MULTI,FedEx Ground,GROUND
ORD-1313660,2025-06-10,17:13:53,SKU-02366,1,A-01R-020-4-A,PKR-032,MULTI,USPS Priority Mail,STANDARD_OVERNIGHT
ORD-1311208,2025-06-10,09:21:18,SKU-02630,1,D-01R-008-1-A,PKR-014,MULTI,FedEx Ground,GROUND
ORD-1313101,2025-06-10,16:39:36,SKU-04563,1,A-02L-022-4-B,PKR-011,MULTI,FedEx Ground,STANDARD_OVERNIGHT
ORD-1312134,2025-06-10,21:22:25,SKU-02767,1,C-02R-013-1-B,PKR-026,MULTI,FedEx 2Day,GROUND
ORD-1308336,2025-06-10,18:37:37,SKU-00408,2,A-03L-009-1-A,PKR-030,MULTI,FedEx Ground,PRIORITY_2D
ORD-1315518,2025-06-10,17:16:00,SKU-02456,2,D-01L-019-2-B,PKR-026,MULTI,UPS Ground,GROUND
ORD-1308081,2025-06-10,15:37:13,SKU-04328,1,A-02L-021-1-B,PKR-019,MULTI,FedEx 2Day,GROUND
ORD-1314921,2025-06-10,21:10:01,SKU-01857,2,A-04R-005-1-A,PKR-019,MULTI,UPS Ground,GROUND
ORD-1313218,2025-06-10,06:37:49,SKU-03727,2,B-02R-023-4-A,PKR-007,MULTI,FedEx Ground,PRIORITY_2D
ORD-1315719,2025-06-10,12:38:55,SKU-04507,2,C-01L-005-5-A,PKR-014,MULTI,FedEx Ground,STANDARD_OVERNIGHT
ORD-1311737,2025-06-10,09:54:53,SKU-01721,2,A-04L-015-4-B,PKR-010,MULTI,FedEx Ground,GROUND
ORD-1312284,2025-06-10,07:23:42,SKU-02085,2,D-02R-008-1-A,PKR-008,MULTI,USPS Priority Mail,GROUND
ORD-1313353,2025-06-10,06:33:20,SKU-04308,2,B-02R-019-4-A,PKR-006,MULTI,FedEx Ground,PRIORITY_2D
ORD-1311573,2025-06-10,13:35:34,SKU-00872,2,A-04L-005-1-A,PKR-016,MULTI,USPS Priority Mail,GROUND
ORD-1310293,2025-06-10,14:25:12,SKU-03600,2,A-01L-017-2-B,PKR-025,MULTI,FedEx Ground,PRIORITY_2D
ORD-1308368,2025-06-10,12:52:21,SKU-04328,2,A-02L-021-1-B,PKR-013,MULTI,FedEx 2Day,GROUND
ORD-1312170,2025-06-10,10:59:41,SKU-03618,2,C-02R-025-4-B,PKR-001,MULTI,FedEx Ground,GROUND
ORD-1314617,2025-06-10,16:46:22,SKU-01490,2,B-04R-009-1-A,PKR-015,MULTI,USPS Priority Mail,GROUND
ORD-1310999,2025-06-10,14:50:08,SKU-02509,2,B-01L-020-5-A,PKR-027,MULTI,USPS Priority Mail,PRIORITY_2D
ORD-1312940,2025-06-10,09:19:41,SKU-04298,2,B-01L-012-4-A,PKR-011,MULTI,FedEx Ground,PRIORITY_2D
ORD-1313152,2025-06-10,14:42:50,SKU-01432,2,A-04R-017-4-A,PKR-018,MULTI,FedEx 2Day,PRIORITY_2D
ORD-1315536,2025-06-10,09:30:10,SKU-02366,2,A-01R-020-4-A,PKR-025,MULTI,UPS Ground,GROUND
ORD-1311676,2025-06-10,06:04:19,SKU-02140,2,B-01R-020-2-B,PKR-010,MULTI,UPS 2nd Day Air,GROUND
ORD-1313056,2025-06-10,17:14:31,SKU-02480,2,A-02R-005-1-B,PKR-004,MULTI,USPS Priority Mail,GROUND
ORD-1314009,2025-06-10,08:56:42,SKU-04041,2,A-02R-002-2-B,PKR-012,MULTI,FedEx 2Day,GROUND
ORD-1314830,2025-06-10,10:36:09,SKU-03744,2,A-01R-022-5-B,PKR-027,MULTI,USPS Priority Mail,GROUND
ORD-1313590,2025-06-10,14:37:21,SKU-02908,2,B-02L-005-3-A,PKR-022,MULTI,FedEx Ground,PRIORITY_2D
ORD-1313863,2025-06-10,07:25:20,SKU-02202,1,C-01R-025-1-B,PKR-020,MULTI,USPS Priority Mail,GROUND
ORD-1312141,2025-06-10,11:24:12,SKU-01078,2,A-04R-008-4-A,PKR-027,MULTI,FedEx Ground,GROUND
ORD-1310085,2025-06-10,20:46:48,SKU-04328,1,A-02L-021-1-B,PKR-017,MULTI,USPS Priority Mail,GROUND
ORD-1315534,2025-06-10,13:30:07,SKU-00167,1,A-03L-015-1-A,PKR-011,MULTI,USPS Priority Mail,STANDARD_OVERNIGHT
ORD-1313412,2025-06-10,15:38:44,SKU-04317,2,D-02L-009-3-A,PKR-011,MULTI,USPS Priority Mail,GROUND
ORD-1310436,2025-06-10,18:16:12,SKU-00392,2,B-03L-019-1-B,PKR-009,MULTI,UPS Ground,GROUND
ORD-1310397,2025-06-10,07:43:18,SKU-00132,1,A-04R-016-4-B,PKR-006,MULTI,FedEx Ground,GROUND
ORD-1313066,2025-06-10,17:42:18,SKU-04457,1,A-01L-020-2-B,PKR-027,MULTI,FedEx Ground,PRIORITY_2D
ORD-1308442,2025-06-10,07:23:11,SKU-01627,2,D-04L-014-2-A,PKR-031,MULTI,USPS Priority Mail,GROUND
ORD-1308203,2025-06-10,16:21:18,SKU-02908,2,B-02L-005-3-A,PKR-008,MULTI,FedEx Ground,PRIORITY_2D
ORD-1314119,2025-06-10,14:00:39,SKU-02725,2,D-02L-015-5-A,PKR-005,MULTI,UPS Ground,GROUND
ORD-1311591,2025-06-10,09:59:12,SKU-02681,1,A-01R-018-4-B,PKR-007,MULTI,USPS Priority Mail,GROUND
ORD-1310084,2025-06-10,08:58:43,SKU-02824,1,B-01L-003-3-B,PKR-005,MULTI,FedEx Ground,GROUND
ORD-1314777,2025-06-10,19:13:33,SKU-02676,2,B-02R-014-4-B,PKR-015,MULTI,FedEx Ground,GROUND
ORD-1308789,2025-06-10,08:42:25,SKU-00446,2,B-04L-006-4-A,PKR-019,MULTI,UPS Ground,PRIORITY_2D
ORD-1308999,2025-06-10,13:12:32,SKU-02836,1,A-02R-009-1-B,PKR-029,MULTI,UPS Ground,GROUND
ORD-1313645,2025-06-10,13:51:16,SKU-02663,1,E-01R-023-2-B,PKR-027,MULTI,USPS Priority Mail,GROUND
ORD-1309419,2025-06-10,07:29:23,SKU-00348,2,B-03R-013-4-B,PKR-026,MULTI,FedEx Ground,PRIORITY_2D
ORD-1314286,2025-06-10,19:24:31,SKU-02572,1,C-02L-025-2-A,PKR-005,MULTI,UPS Ground,GROUND
ORD-1308734,2025-06-10,10:58:35,SKU-02285,1,A-02R-024-1-A,PKR-004,SINGLE,FedEx Ground,GROUND
ORD-1312320,2025-06-10,15:23:43,SKU-02913,1,B-01L-015-2-B,PKR-022,MULTI,USPS Priority Mail,PRIORITY_2D
ORD-1313322,2025-06-10,10:52:51,SKU-02400,2,B-02L-025-2-B,PKR-023,MULTI,FedEx Ground,GROUND
ORD-1313263,2025-06-10,13:33:55,SKU-00214,1,D-03L-001-1-B,PKR-032,MULTI,USPS Priority Mail,GROUND
ORD-1308280,2025-06-10,17:05:05,SKU-02104,2,B-01R-002-1-A,PKR-013,MULTI,FedEx Ground,GROUND
ORD-1314446,2025-06-10,14:59:56,SKU-02252,2,B-02R-025-2-A,PKR-011,MULTI,UPS Ground,GROUND
ORD-1312014,2025-06-10,12:12:20,SKU-02816,2,A-02R-004-2-A,PKR-017,MULTI,FedEx Ground,GROUND
ORD-1314759,2025-06-10,17:12:02,SKU-02420,1,B-01L-005-4-B,PKR-001,MULTI,USPS Priority Mail,GROUND
ORD-1311074,2025-06-10,06:36:59,SKU-02452,1,B-01R-016-4-B,PKR-017,MULTI,FedEx 2Day,GROUND
ORD-1308812,2025-06-10,16:48:36,SKU-00872,1,A-04L-005-1-A,PKR-021,SINGLE,USPS Priority Mail,PRIORITY_2D
ORD-1311092,2025-06-10,14:44:11,SKU-01204,2,A-03R-016-1-B,PKR-005,MULTI,UPS Ground,GROUND
ORD-1313185,2025-06-10,14:22:53,SKU-01721,2,A-04L-015-4-B,PKR-009,MULTI,FedEx 2Day,GROUND
ORD-1308338,2025-06-10,11:02:50,SKU-02677,1,B-01R-002-4-A,PKR-023,MULTI,UPS Ground,GROUND
ORD-1315572,2025-06-10,16:03:04,SKU-02609,2,C-01R-013-1-B,PKR-001,MULTI,UPS Ground,GROUND
ORD-1311776,2025-06-10,19:39:47,SKU-03727,2,B-02R-023-4-A,PKR-024,MULTI,UPS Ground,GROUND
ORD-1309407,2025-06-10,19:27:42,SKU-00775,1,A-03R-002-3-B,PKR-016,MULTI,UPS Ground,GROUND
ORD-1313507,2025-06-10,11:09:14,SKU-01204,2,A-03R-016-1-B,PKR-028,MULTI,FedEx 2Day,PRIORITY_2D
ORD-1308294,2025-06-10,14:15:18,SKU-03369,2,D-02L-005-5-B,PKR-009,MULTI,UPS Ground,GROUND
ORD-1311686,2025-06-10,12:47:15,SKU-03481,2,D-02L-008-3-B,PKR-028,MULTI,FedEx 2Day,GROUND
ORD-1310321,2025-06-10,18:59:23,SKU-01538,1,C-03L-019-4-A,PKR-031,MULTI,UPS Ground,GROUND
ORD-1313803,2025-06-10,16:45:25,SKU-04328,2,A-02L-021-1-B,PKR-030,MULTI,UPS Ground,GROUND
ORD-1310342,2025-06-10,20:54:56,SKU-02242,2,B-02R-026-1-A,PKR-021,SINGLE,FedEx Ground,GROUND
ORD-1315606,2025-06-10,20:33:25,SKU-02624,1,A-02R-022-1-A,PKR-015,MULTI,USPS Priority Mail,GROUND
ORD-1315646,2025-06-10,12:55:39,SKU-00588,2,C-03L-004-4-B,PKR-019,MULTI,FedEx Ground,GROUND
ORD-1308300,2025-06-10,09:00:48,SKU-04457,1,A-01L-020-2-B,PKR-023,MULTI,FedEx Ground,GROUND
ORD-1309276,2025-06-10,15:42:40,SKU-02113,1,D-02R-003-1-A,PKR-002,MULTI,USPS Priority Mail,GROUND
ORD-1310593,2025-06-10,10:16:07,SKU-02731,2,A-01R-004-5-A,PKR-005,MULTI,FedEx Ground,GROUND
ORD-1314126,2025-06-10,09:35:42,SKU-00692,2,A-04R-003-1-A,PKR-031,MULTI,UPS Ground,GROUND
ORD-1310017,2025-06-10,06:32:24,SKU-02281,2,A-01L-025-3-B,PKR-024,MULTI,UPS Ground,GROUND
ORD-1312133,2025-06-10,08:54:49,SKU-04037,1,A-02R-011-4-B,PKR-015,MULTI,FedEx Ground,GROUND
ORD-1315734,2025-06-10,18:26:44,SKU-04328,2,A-02L-021-1-B,PKR-017,MULTI,UPS Ground,GROUND
ORD-1313350,2025-06-10,10:09:25,SKU-03344,1,A-02L-018-3-A,PKR-029,MULTI,FedEx 2Day,GROUND
ORD-1313464,2025-06-10,19:40:21,SKU-04370,1,A-02R-026-5-A,PKR-014,MULTI,FedEx Ground,GROUND
ORD-1311716,2025-06-10,09:51:27,SKU-04733,2,A-01R-018-1-A,PKR-029,SINGLE,USPS Priority Mail,GROUND
ORD-1308914,2025-06-10,11:24:28,SKU-02908,2,B-02L-005-3-A,PKR-021,SINGLE,UPS Ground,GROUND
ORD-1309504,2025-06-10,21:29:11,SKU-02104,2,B-01R-002-1-A,PKR-015,MULTI,FedEx Ground,GROUND
ORD-1312237,2025-06-10,11:11:53,SKU-03727,2,B-02R-023-4-A,PKR-008,MULTI,FedEx Ground,GROUND
ORD-1308137,2025-06-10,15:22:03,SKU-02060,1,A-01R-005-3-B,PKR-004,MULTI,USPS Priority Mail,PRIORITY_2D
ORD-1311301,2025-06-10,13:46:10,SKU-03727,2,B-02R-023-4-A,PKR-009,MULTI,USPS Priority Mail,GROUND
ORD-1315803,2025-06-10,14:32:43,SKU-01596,2,B-04L-001-4-B,PKR-006,MULTI,UPS Ground,PRIORITY_2D
ORD-1312491,2025-06-10,17:24:11,SKU-03823,1,C-02R-020-1-B,PKR-023,MULTI,USPS Priority Mail,GROUND
ORD-1312932,2025-06-10,17:04:55,SKU-03881,2,B-02R-002-4-A,PKR-015,MULTI,UPS Ground,PRIORITY_2D
ORD-1311976,2025-06-10,07:15:47,SKU-02125,1,A-01R-020-2-B,PKR-004,MULTI,FedEx Ground,GROUND
ORD-1308168,2025-06-10,15:15:55,SKU-02913,2,B-01L-015-2-B,PKR-006,MULTI,USPS Priority Mail,GROUND
ORD-1315535,2025-06-10,10:39:24,SKU-03952,1,E-01L-009-3-B,PKR-021,MULTI,USPS Priority Mail,GROUND
ORD-1315211,2025-06-10,14:41:26,SKU-03727,2,B-02R-023-4-A,PKR-018,MULTI,UPS 2nd Day Air,GROUND
ORD-1308588,2025-06-10,15:15:36,SKU-03565,1,C-01R-004-1-B,PKR-019,MULTI,UPS Ground,GROUND
ORD-1313604,2025-06-10,14:56:17,SKU-02087,2,A-02R-017-4-B,PKR-027,MULTI,UPS Ground,GROUND
ORD-1308100,2025-06-10,16:10:41,SKU-01339,1,B-04R-005-2-A,PKR-021,MULTI,UPS Ground,GROUND
ORD-1309885,2025-06-10,17:43:00,SKU-04328,2,A-02L-021-1-B,PKR-020,MULTI,USPS Priority Mail,GROUND
ORD-1315209,2025-06-10,07:29:04,SKU-01204,2,A-03R-016-1-B,PKR-006,MULTI,UPS 2nd Day Air,PRIORITY_2D
ORD-1314834,2025-06-10,17:55:31,SKU-00392,1,B-03L-019-1-B,PKR-013,MULTI,FedEx 2Day,GROUND
ORD-1314819,2025-06-10,18:50:34,SKU-04789,1,C-01L-019-4-A,PKR-010,MULTI,FedEx Ground,PRIORITY_2D
ORD-1310334,2025-06-10,21:33:55,SKU-02609,2,C-01R-013-1-B,PKR-002,MULTI,UPS Ground,GROUND
ORD-1315918,2025-06-10,12:09:31,SKU-04328,2,A-02L-021-1-B,PKR-009,MULTI,FedEx Ground,GROUND
ORD-1314750,2025-06-10,12:26:45,SKU-04053,2,C-02R-003-2-B,PKR-011,MULTI,USPS Priority Mail,GROUND
ORD-1311913,2025-06-10,20:40:47,SKU-00442,2,B-04L-003-4-A,PKR-016,MULTI,UPS Ground,GROUND
ORD-1313791,2025-06-10,13:03:54,SKU-00264,2,C-03L-008-1-B,PKR-020,MULTI,USPS Priority Mail,PRIORITY_2D
ORD-1310731,2025-06-10,19:28:24,SKU-02085,2,D-02R-008-1-A,PKR-016,MULTI,UPS Ground,GROUND
ORD-1311283,2025-06-10,08:39:21,SKU-00556,2,B-04L-003-1-B,PKR-001,SINGLE,UPS Ground,PRIORITY_2D
ORD-1312288,2025-06-10,14:50:43,SKU-02580,2,C-02L-009-2-A,PKR-021,MULTI,FedEx Ground,PRIORITY_2D
ORD-1308917,2025-06-10,07:51:15,SKU-00872,2,A-04L-005-1-A,PKR-024,MULTI,FedEx 2Day,GROUND
ORD-1315261,2025-06-10,14:12:36,SKU-00496,2,E-04L-010-2-B,PKR-014,MULTI,USPS Priority Mail,GROUND
ORD-1309035,2025-06-10,14:49:08,SKU-02858,1,A-01R-006-4-B,PKR-003,MULTI,FedEx Ground,PRIORITY_2D
ORD-1313293,2025-06-10,06:20:46,SKU-02125,1,A-01R-020-2-B,PKR-011,MULTI,USPS Priority Mail,GROUND
ORD-1309304,2025-06-10,07:24:20,SKU-03032,2,A-02L-020-4-B,PKR-011,MULTI,UPS 2nd Day Air,GROUND
ORD-1314794,2025-06-10,07:31:57,SKU-00917,1,D-04L-007-2-B,PKR-020,MULTI,FedEx Ground,PRIORITY_2D
ORD-1315942,2025-06-10,15:59:30,SKU-01721,2,A-04L-015-4-B,PKR-023,MULTI,UPS 2nd Day Air,GROUND
ORD-1310188,2025-06-10,07:46:41,SKU-02266,1,A-01L-021-3-B,PKR-031,MULTI,FedEx Ground,GROUND
ORD-1308974,2025-06-10,12:51:48,SKU-04041,2,A-02R-002-2-B,PKR-002,MULTI,USPS Priority Mail,GROUND
ORD-1312654,2025-06-10,19:10:53,SKU-04297,1,B-01L-002-3-A,PKR-009,MULTI,FedEx 2Day,GROUND
ORD-1310265,2025-06-10,11:25:43,SKU-02813,2,B-01R-010-1-A,PKR-032,MULTI,UPS Ground,GROUND
ORD-1310320,2025-06-10,10:05:38,SKU-00716,1,A-04L-001-1-A,PKR-013,MULTI,UPS Ground,PRIORITY_2D
ORD-1309338,2025-06-10,19:48:51,SKU-02316,1,A-02L-026-1-A,PKR-003,MULTI,USPS Priority Mail,STANDARD_OVERNIGHT
ORD-1311439,2025-06-10,11:57:46,SKU-02908,2,B-02L-005-3-A,PKR-004,MULTI,UPS Ground,GROUND
ORD-1310440,2025-06-10,21:17:05,SKU-04328,2,A-02L-021-1-B,PKR-010,MULTI,UPS Ground,GROUND
ORD-1314018,2025-06-10,19:34:41,SKU-04533,2,D-01L-017-2-A,PKR-003,MULTI,UPS 2nd Day Air,PRIORITY_2D
ORD-1313431,2025-06-10,10:42:13,SKU-02104,2,B-01R-002-1-A,PKR-020,MULTI,FedEx Ground,GROUND
ORD-1310755,2025-06-10,11:48:35,SKU-04646,2,C-02R-011-5-B,PKR-009,MULTI,UPS Ground,GROUND
ORD-1308053,2025-06-10,13:30:20,SKU-02949,2,C-02R-018-1-B,PKR-016,MULTI,FedEx Ground,GROUND
ORD-1315464,2025-06-10,12:40:36,SKU-02908,2,B-02L-005-3-A,PKR-022,MULTI,FedEx 2Day,GROUND
ORD-1315198,2025-06-10,13:19:53,SKU-02640,2,D-02R-026-1-B,PKR-016,MULTI,FedEx Ground,GROUND
ORD-1308187,2025-06-10,16:52:05,SKU-02585,2,A-01R-012-4-A,PKR-013,MULTI,UPS 2nd Day Air,GROUND
ORD-1313816,2025-06-10,10:51:05,SKU-04041,1,A-02R-002-2-B,PKR-021,MULTI,UPS Ground,GROUND
ORD-1313702,2025-06-10,17:59:37,SKU-01204,2,A-03R-016-1-B,PKR-020,MULTI,FedEx Ground,GROUND
ORD-1313045,2025-06-10,09:07:34,SKU-02937,1,C-02R-019-5-A,PKR-031,MULTI,USPS Priority Mail,GROUND
ORD-1314433,2025-06-10,20:39:05,SKU-00035,2,D-04L-019-1-B,PKR-012,MULTI,FedEx 2Day,GROUND
ORD-1311097,2025-06-10,11:01:45,SKU-01204,1,A-03R-016-1-B,PKR-025,MULTI,FedEx Ground,GROUND
ORD-1315580,2025-06-10,18:48:05,SKU-00167,1,A-03L-015-1-A,PKR-025,MULTI,UPS Ground,GROUND
ORD-1315978,2025-06-10,10:38:20,SKU-01003,2,C-03L-002-3-A,PKR-017,MULTI,FedEx Ground,STANDARD_OVERNIGHT
ORD-1313448,2025-06-10,21:33:24,SKU-02140,2,B-01R-020-2-B,PKR-025,MULTI,UPS Ground,GROUND
ORD-1315505,2025-06-10,15:13:50,SKU-03677,2,C-02L-017-1-A,PKR-013,MULTI,UPS Ground,GROUND
ORD-1308738,2025-06-10,19:49:46,SKU-00264,2,C-03L-008-1-B,PKR-028,MULTI,USPS Priority Mail,GROUND
ORD-1315425,2025-06-10,15:37:07,SKU-03540,2,D-02R-019-5-A,PKR-008,SINGLE,FedEx 2Day,PRIORITY_2D
ORD-1311899,2025-06-10,18:35:12,SKU-02659,2,B-02R-007-3-A,PKR-006,MULTI,FedEx Ground,GROUND
ORD-1314402,2025-06-10,09:11:58,SKU-04163,2,D-02R-021-3-A,PKR-008,MULTI,USPS Priority Mail,GROUND
ORD-1310740,2025-06-10,08:37:28,SKU-02125,2,A-01R-020-2-B,PKR-005,MULTI,FedEx Ground,GROUND
ORD-1308794,2025-06-10,08:30:15,SKU-04608,2,A-02L-025-1-B,PKR-005,MULTI,FedEx Ground,GROUND
ORD-1315960,2025-06-10,11:30:36,SKU-00872,2,A-04L-005-1-A,PKR-004,MULTI,UPS 2nd Day Air,GROUND
ORD-1309751,2025-06-10,15:59:46,SKU-00037,1,A-03L-004-3-A,PKR-008,MULTI,USPS Priority Mail,GROUND
ORD-1313159,2025-06-10,18:37:05,SKU-04328,1,A-02L-021-1-B,PKR-004,MULTI,FedEx Ground,STANDARD_OVERNIGHT
ORD-1312429,2025-06-10,09:40:09,SKU-02185,1,C-01R-009-4-B,PKR-005,MULTI,UPS Ground,GROUND
ORD-1314114,2025-06-10,07:32:16,SKU-04538,2,A-01R-001-1-B,PKR-023,MULTI,UPS Ground,PRIORITY_2D
ORD-1314908,2025-06-10,17:47:48,SKU-04328,2,A-02L-021-1-B,PKR-020,MULTI,UPS Ground,PRIORITY_2D
ORD-1308378,2025-06-10,18:43:03,SKU-00191,2,D-03R-007-4-B,PKR-030,MULTI,UPS Ground,STANDARD_OVERNIGHT
ORD-1312277,2025-06-10,15:05:17,SKU-02913,1,B-01L-015-2-B,PKR-024,MULTI,USPS Priority Mail,GROUND
ORD-1309269,2025-06-10,06:56:06,SKU-00579,2,E-04L-018-2-B,PKR-030,MULTI,UPS Ground,GROUND
ORD-1312790,2025-06-10,13:03:22,SKU-04928,1,B-01L-013-2-B,PKR-020,MULTI,USPS Priority Mail,GROUND
ORD-1314298,2025-06-10,09:10:59,SKU-02125,2,A-01R-020-2-B,PKR-024,MULTI,UPS Ground,GROUND
ORD-1313296,2025-06-10,09:47:20,SKU-02686,1,B-02R-003-3-B,PKR-022,MULTI,UPS 2nd Day Air,PRIORITY_2D
ORD-1311646,2025-06-10,12:20:50,SKU-02266,2,A-01L-021-3-B,PKR-019,MULTI,UPS Ground,GROUND
ORD-1310710,2025-06-10,16:08:52,SKU-03875,2,C-02R-012-3-B,PKR-027,MULTI,USPS Priority Mail,GROUND
ORD-1308504,2025-06-10,14:12:41,SKU-04538,2,A-01R-001-1-B,PKR-023,MULTI,USPS Priority Mail,GROUND
ORD-1313998,2025-06-10,16:30:55,SKU-04623,2,B-01R-007-5-A,PKR-014,SINGLE,USPS Priority Mail,GROUND
ORD-1315407,2025-06-10,19:36:31,SKU-02828,2,A-02L-007-2-A,PKR-015,MULTI,FedEx Ground,GROUND
ORD-1309593,2025-06-10,10:43:22,SKU-01514,2,C-04R-002-3-A,PKR-012,MULTI,FedEx Ground,GROUND
ORD-1309191,2025-06-10,19:36:42,SKU-04608,2,A-02L-025-1-B,PKR-002,MULTI,FedEx 2Day,GROUND
ORD-1314377,2025-06-10,19:58:44,SKU-02939,2,A-02R-016-5-A,PKR-002,MULTI,FedEx Ground,GROUND
ORD-1312403,2025-06-10,19:37:53,SKU-00448,2,C-03L-009-1-B,PKR-005,MULTI,UPS Ground,PRIORITY_2D
ORD-1309922,2025-06-10,13:15:49,SKU-04986,2,B-01R-022-1-A,PKR-001,MULTI,FedEx Ground,GROUND
ORD-1311689,2025-06-10,15:20:34,SKU-04528,2,B-02R-014-3-B,PKR-008,MULTI,USPS Priority Mail,PRIORITY_2D
ORD-1309674,2025-06-10,08:54:20,SKU-02609,2,C-01R-013-1-B,PKR-028,MULTI,UPS Ground,GROUND
ORD-1315882,2025-06-10,17:29:17,SKU-00017,2,B-03R-001-4-B,PKR-009,MULTI,USPS Priority Mail,GROUND
ORD-1311917,2025-06-10,18:17:49,SKU-04328,2,A-02L-021-1-B,PKR-008,MULTI,UPS 2nd Day Air,GROUND
ORD-1312168,2025-06-10,18:29:45,SKU-02585,2,A-01R-012-4-A,PKR-026,MULTI,USPS Priority Mail,GROUND
ORD-1309792,2025-06-10,10:30:27,SKU-04608,2,A-02L-025-1-B,PKR-030,MULTI,USPS Priority Mail,GROUND
ORD-1309063,2025-06-10,19:48:15,SKU-02290,2,B-02L-026-5-B,PKR-015,MULTI,UPS Ground,GROUND
ORD-1312250,2025-06-10,09:54:22,SKU-04041,2,A-02R-002-2-B,PKR-019,MULTI,USPS Priority Mail,PRIORITY_2D
ORD-1309695,2025-06-10,06:25:18,SKU-00345,2,C-03R-006-3-B,PKR-022,MULTI,UPS Ground,GROUND
ORD-1309901,2025-06-10,14:28:45,SKU-01979,2,B-03L-007-4-B,PKR-019,MULTI,FedEx 2Day,PRIORITY_2D
ORD-1310104,2025-06-10,20:41:11,SKU-04328,1,A-02L-021-1-B,PKR-027,MULTI,UPS Ground,GROUND
ORD-1309717,2025-06-10,14:18:45,SKU-04328,2,A-02L-021-1-B,PKR-012,MULTI,FedEx Ground,GROUND
ORD-1309409,2025-06-10,12:56:37,SKU-01204,2,A-03R-016-1-B,PKR-011,MULTI,USPS Priority Mail,GROUND
ORD-1311156,2025-06-10,20:07:00,SKU-03188,1,C-02L-011-2-A,PKR-003,MULTI,USPS Priority Mail,GROUND
ORD-1308787,2025-06-10,07:09:49,SKU-04504,1,C-02L-003-3-B,PKR-004,MULTI,FedEx Ground,PRIORITY_2D
ORD-1310422,2025-06-10,19:18:08,SKU-04952,2,B-02R-004-2-B,PKR-013,MULTI,FedEx Ground,PRIORITY_2D
ORD-1314914,2025-06-10,07:30:00,SKU-04297,1,B-01L-002-3-A,PKR-020,MULTI,UPS Ground,GROUND
ORD-1314159,2025-06-10,09:58:04,SKU-03705,1,A-02L-025-2-A,PKR-009,MULTI,UPS 2nd Day Air,PRIORITY_2D
ORD-1314874,2025-06-10,10:19:15,SKU-04328,2,A-02L-021-1-B,PKR-017,MULTI,UPS Ground,PRIORITY_2D
ORD-1310768,2025-06-10,10:20:18,SKU-01204,2,A-03R-016-1-B,PKR-030,MULTI,UPS Ground,GROUND
ORD-1311740,2025-06-10,15:18:21,SKU-02073,2,B-02L-002-5-A,PKR-010,MULTI,UPS Ground,GROUND
ORD-1317633,2025-06-11,20:21:56,SKU-04328,2,A-02L-021-1-B,PKR-022,MULTI,UPS Ground,PRIORITY_2D
ORD-1316541,2025-06-11,17:31:05,SKU-04328,1,A-02L-021-1-B,PKR-017,MULTI,FedEx 2Day,GROUND
ORD-1319231,2025-06-11,12:37:19,SKU-04328,2,A-02L-021-1-B,PKR-012,MULTI,FedEx Ground,STANDARD_OVERNIGHT
ORD-1318308,2025-06-11,11:34:51,SKU-04328,2,A-02L-021-1-B,PKR-005,MULTI,FedEx Ground,PRIORITY_2D
ORD-1321723,2025-06-11,13:00:16,SKU-02043,2,A-02L-003-4-B,PKR-029,MULTI,FedEx Ground,GROUND
ORD-1320279,2025-06-11,14:35:07,SKU-04308,2,B-02R-019-4-A,PKR-020,MULTI,FedEx Ground,GROUND
ORD-1318738,2025-06-11,14:36:28,SKU-00463,2,E-03R-015-2-B,PKR-026,MULTI,UPS Ground,GROUND
ORD-1317137,2025-06-11,21:15:45,SKU-00310,1,C-04L-017-3-B,PKR-001,MULTI,UPS Ground,GROUND
ORD-1321963,2025-06-11,12:02:00,SKU-02016,2,A-02L-016-1-A,PKR-030,MULTI,USPS Priority Mail,GROUND
ORD-1319710,2025-06-11,06:38:04,SKU-04328,1,A-02L-021-1-B,PKR-028,MULTI,UPS Ground,GROUND
ORD-1321314,2025-06-11,16:34:29,SKU-04041,1,A-02R-002-2-B,PKR-008,MULTI,USPS Priority Mail,STANDARD_OVERNIGHT
ORD-1321035,2025-06-11,14:44:31,SKU-04041,2,A-02R-002-2-B,PKR-003,MULTI,FedEx Ground,GROUND
ORD-1321749,2025-06-11,13:15:41,SKU-00467,1,E-04L-005-3-A,PKR-002,MULTI,FedEx Ground,GROUND
ORD-1322112,2025-06-11,13:42:01,SKU-02609,1,C-01R-013-1-B,PKR-006,MULTI,FedEx Ground,GROUND
ORD-1317945,2025-06-11,10:38:18,SKU-02877,2,C-01L-026-2-A,PKR-008,MULTI,FedEx 2Day,GROUND
ORD-1322633,2025-06-11,11:38:08,SKU-04752,2,E-01R-004-4-A,PKR-008,MULTI,UPS Ground,GROUND
ORD-1318176,2025-06-11,09:34:04,SKU-02806,2,C-02L-008-5-A,PKR-002,MULTI,UPS Ground,GROUND
ORD-1317264,2025-06-11,20:22:17,SKU-02458,1,D-01L-005-4-B,PKR-031,MULTI,UPS Ground,GROUND
ORD-1316029,2025-06-11,10:33:08,SKU-02185,1,C-01R-009-4-B,PKR-017,MULTI,UPS Ground,GROUND
ORD-1316867,2025-06-11,13:41:55,SKU-02451,1,A-01L-011-3-B,PKR-025,MULTI,USPS Priority Mail,GROUND
ORD-1316414,2025-06-11,07:21:49,SKU-02585,2,A-01R-012-4-A,PKR-019,MULTI,UPS 2nd Day Air,GROUND
ORD-1320768,2025-06-11,15:14:18,SKU-02585,1,A-01R-012-4-A,PKR-027,MULTI,FedEx Ground,GROUND
ORD-1319321,2025-06-11,20:32:03,SKU-04595,2,D-01R-020-4-B,PKR-031,MULTI,UPS Ground,GROUND
ORD-1323214,2025-06-11,06:59:39,SKU-02923,2,A-01L-002-1-A,PKR-007,MULTI,UPS 2nd Day Air,GROUND
ORD-1319575,2025-06-11,10:21:11,SKU-02858,2,A-01R-006-4-B,PKR-023,MULTI,UPS Ground,GROUND
ORD-1321082,2025-06-11,18:29:34,SKU-04328,2,A-02L-021-1-B,PKR-006,MULTI,UPS Ground,PRIORITY_2D
ORD-1322077,2025-06-11,06:31:42,SKU-03369,2,D-02L-005-5-B,PKR-021,MULTI,UPS 2nd Day Air,GROUND
ORD-1316544,2025-06-11,08:46:22,SKU-04041,1,A-02R-002-2-B,PKR-003,MULTI,FedEx Ground,GROUND
ORD-1320831,2025-06-11,10:36:57,SKU-01204,1,A-03R-016-1-B,PKR-010,MULTI,FedEx Ground,GROUND
ORD-1316266,2025-06-11,10:55:34,SKU-01204,2,A-03R-016-1-B,PKR-011,MULTI,FedEx 2Day,GROUND
ORD-1318935,2025-06-11,19:10:01,SKU-01013,1,B-04L-018-4-A,PKR-003,MULTI,UPS Ground,PRIORITY_2D
ORD-1323441,2025-06-11,19:55:02,SKU-02828,1,A-02L-007-2-A,PKR-005,MULTI,USPS Priority Mail,GROUND
ORD-1323645,2025-06-11,12:20:42,SKU-02125,2,A-01R-020-2-B,PKR-004,MULTI,USPS Priority Mail,GROUND
ORD-1319331,2025-06-11,12:39:04,SKU-01204,2,A-03R-016-1-B,PKR-009,MULTI,FedEx 2Day,GROUND
ORD-1317534,2025-06-11,11:08:04,SKU-01803,1,B-03R-020-1-A,PKR-026,MULTI,UPS Ground,GROUND
ORD-1318565,2025-06-11,06:01:02,SKU-00114,2,A-03L-010-3-B,PKR-009,MULTI,USPS Priority Mail,GROUND
ORD-1318682,2025-06-11,11:01:17,SKU-01918,2,B-04R-013-2-A,PKR-003,MULTI,USPS Priority Mail,GROUND
ORD-1319405,2025-06-11,06:57:34,SKU-04041,1,A-02R-002-2-B,PKR-005,MULTI,FedEx 2Day,GROUND
ORD-1323261,2025-06-11,14:03:50,SKU-02407,1,A-01L-004-2-A,PKR-006,MULTI,FedEx Ground,GROUND
ORD-1316623,2025-06-11,09:35:30,SKU-02104,2,B-01R-002-1-A,PKR-018,MULTI,FedEx Ground,GROUND
ORD-1317006,2025-06-11,10:37:08,SKU-03727,1,B-02R-023-4-A,PKR-008,MULTI,USPS Priority Mail,PRIORITY_2D
ORD-1322860,2025-06-11,08:49:48,SKU-04328,1,A-02L-021-1-B,PKR-012,MULTI,UPS 2nd Day Air,PRIORITY_2D
ORD-1319174,2025-06-11,18:51:27,SKU-02590,1,D-02L-021-5-A,PKR-018,MULTI,USPS Priority Mail,GROUND
ORD-1318991,2025-06-11,19:54:51,SKU-01532,1,B-03R-008-1-A,PKR-026,MULTI,FedEx Ground,GROUND
ORD-1319746,2025-06-11,18:54:30,SKU-02735,2,C-02R-024-3-B,PKR-020,MULTI,UPS 2nd Day Air,GROUND
ORD-1318171,2025-06-11,18:50:02,SKU-03467,2,C-01L-022-2-A,PKR-016,MULTI,FedEx Ground,STANDARD_OVERNIGHT
ORD-1322378,2025-06-11,16:53:55,SKU-00723,2,C-04R-006-3-A,PKR-002,MULTI,USPS Priority Mail,PRIORITY_2D
ORD-1323370,2025-06-11,10:33:10,SKU-01204,1,A-03R-016-1-B,PKR-012,SINGLE,FedEx Ground,GROUND
ORD-1317216,2025-06-11,19:16:13,SKU-01231,1,A-04R-002-4-B,PKR-026,MULTI,FedEx Ground,PRIORITY_2D
ORD-1323424,2025-06-11,13:04:04,SKU-02681,1,A-01R-018-4-B,PKR-020,MULTI,UPS Ground,GROUND
ORD-1316790,2025-06-11,07:14:56,SKU-02628,2,B-01L-009-5-A,PKR-014,MULTI,USPS Priority Mail,GROUND
ORD-1322278,2025-06-11,11:48:42,SKU-02125,2,A-01R-020-2-B,PKR-032,MULTI,UPS Ground,GROUND
ORD-1318145,2025-06-11,13:34:24,SKU-01962,2,A-03L-017-3-B,PKR-030,MULTI,UPS 2nd Day Air,PRIORITY_2D
ORD-1318686,2025-06-11,11:25:41,SKU-04041,2,A-02R-002-2-B,PKR-003,MULTI,USPS Priority Mail,GROUND
ORD-1323923,2025-06-11,12:26:34,SKU-04328,1,A-02L-021-1-B,PKR-019,MULTI,FedEx Ground,GROUND
ORD-1317812,2025-06-11,17:36:57,SKU-02366,2,A-01R-020-4-A,PKR-023,MULTI,USPS Priority Mail,GROUND
ORD-1317045,2025-06-11,06:32:05,SKU-02908,1,B-02L-005-3-A,PKR-027,MULTI,UPS Ground,PRIORITY_2D
ORD-1318447,2025-06-11,15:48:37,SKU-03018,2,C-02L-015-3-B,PKR-013,MULTI,USPS Priority Mail,PRIORITY_2D
ORD-1323170,2025-06-11,18:21:32,SKU-04912,1,B-01R-017-2-B,PKR-009,MULTI,UPS Ground,PRIORITY_2D
ORD-1318562,2025-06-11,15:41:12,SKU-04782,2,C-01L-004-3-A,PKR-002,MULTI,UPS Ground,STANDARD_OVERNIGHT
ORD-1320734,2025-06-11,17:08:42,SKU-04791,1,E-01L-001-1-B,PKR-010,MULTI,FedEx Ground,GROUND
ORD-1323089,2025-06-11,13:54:56,SKU-01951,1,B-04R-015-3-A,PKR-004,MULTI,FedEx 2Day,GROUND
ORD-1323531,2025-06-11,17:07:07,SKU-04308,1,B-02R-019-4-A,PKR-015,MULTI,UPS Ground,GROUND
ORD-1323812,2025-06-11,07:19:40,SKU-02013,2,C-01R-022-1-A,PKR-024,MULTI,USPS Priority Mail,GROUND
ORD-1321092,2025-06-11,07:50:06,SKU-04328,2,A-02L-021-1-B,PKR-001,MULTI,FedEx 2Day,GROUND
ORD-1319734,2025-06-11,11:12:45,SKU-03999,1,A-02R-017-3-A,PKR-007,MULTI,UPS Ground,PRIORITY_2D
ORD-1323785,2025-06-11,09:49:33,SKU-02913,2,B-01L-015-2-B,PKR-021,MULTI,FedEx Ground,PRIORITY_2D
ORD-1321250,2025-06-11,12:37:56,SKU-04221,1,D-01R-009-1-A,PKR-012,MULTI,FedEx Ground,GROUND
ORD-1316466,2025-06-11,18:08:38,SKU-03317,1,C-01R-005-5-B,PKR-024,SINGLE,USPS Priority Mail,PRIORITY_2D
ORD-1320822,2025-06-11,19:19:19,SKU-04328,2,A-02L-021-1-B,PKR-032,MULTI,FedEx Ground,PRIORITY_2D
ORD-1317961,2025-06-11,08:52:39,SKU-02908,1,B-02L-005-3-A,PKR-012,MULTI,UPS Ground,STANDARD_OVERNIGHT
ORD-1317565,2025-06-11,07:38:26,SKU-02908,2,B-02L-005-3-A,PKR-008,MULTI,UPS Ground,GROUND
ORD-1321548,2025-06-11,07:21:29,SKU-04775,2,A-02R-001-5-B,PKR-006,MULTI,USPS Priority Mail,GROUND
ORD-1319137,2025-06-11,09:33:00,SKU-02304,1,C-02R-010-5-B,PKR-010,MULTI,FedEx Ground,GROUND
ORD-1319854,2025-06-11,11:40:50,SKU-00270,2,A-03R-009-2-A,PKR-031,MULTI,UPS 2nd Day Air,GROUND
ORD-1319344,2025-06-11,07:34:34,SKU-00825,2,B-03R-013-1-A,PKR-019,MULTI,FedEx Ground,GROUND
ORD-1322765,2025-06-11,18:07:26,SKU-04878,2,B-01R-016-3-B,PKR-019,MULTI,UPS Ground,GROUND
ORD-1318399,2025-06-11,20:07:36,SKU-01478,2,B-04R-012-4-A,PKR-012,MULTI,UPS Ground,GROUND
ORD-1320609,2025-06-11,16:54:23,SKU-04328,2,A-02L-021-1-B,PKR-014,MULTI,UPS Ground,GROUND
ORD-1321148,2025-06-11,18:40:40,SKU-04187,2,C-02L-010-1-B,PKR-007,MULTI,UPS Ground,STANDARD_OVERNIGHT
ORD-1323346,2025-06-11,08:09:55,SKU-04986,2,B-01R-022-1-A,PKR-002,MULTI,UPS Ground,GROUND
ORD-1320731,2025-06-11,16:56:39,SKU-02509,1,B-01L-020-5-A,PKR-030,MULTI,FedEx Ground,GROUND
ORD-1317436,2025-06-11,08:39:54,SKU-00046,1,B-03L-005-2-A,PKR-002,SINGLE,UPS Ground,GROUND
ORD-1317925,2025-06-11,15:31:59,SKU-00303,2,B-03L-008-1-A,PKR-031,MULTI,FedEx Ground,GROUND
ORD-1316773,2025-06-11,11:31:18,SKU-04563,2,A-02L-022-4-B,PKR-006,MULTI,UPS Ground,PRIORITY_2D
ORD-1316009,2025-06-11,07:29:52,SKU-01463,2,A-04L-004-3-B,PKR-024,MULTI,USPS Priority Mail,GROUND
ORD-1319146,2025-06-11,11:01:55,SKU-02939,1,A-02R-016-5-A,PKR-021,MULTI,FedEx Ground,GROUND
ORD-1320656,2025-06-11,20:46:53,SKU-04563,2,A-02L-022-4-B,PKR-020,MULTI,FedEx Ground,GROUND
ORD-1316964,2025-06-11,12:42:19,SKU-02834,2,D-01R-009-5-A,PKR-002,SINGLE,FedEx Ground,GROUND
ORD-1321758,2025-06-11,13:47:25,SKU-04665,2,A-01R-021-5-A,PKR-029,MULTI,USPS Priority Mail,GROUND
ORD-1322795,2025-06-11,07:38:45,SKU-02737,1,D-01L-021-5-A,PKR-032,MULTI,UPS Ground,GROUND
ORD-1319752,2025-06-11,19:14:06,SKU-02420,2,B-01L-005-4-B,PKR-020,MULTI,USPS Priority Mail,GROUND
ORD-1323568,2025-06-11,06:43:51,SKU-02044,1,A-01R-023-5-B,PKR-017,MULTI,UPS Ground,GROUND
ORD-1316400,2025-06-11,12:56:56,SKU-02609,2,C-01R-013-1-B,PKR-013,MULTI,UPS Ground,GROUND
ORD-1323520,2025-06-11,12:45:40,SKU-00815,1,C-04L-011-3-B,PKR-015,MULTI,UPS Ground,GROUND
ORD-1318898,2025-06-11,08:10:55,SKU-04775,2,A-02R-001-5-B,PKR-032,MULTI,FedEx Ground,PRIORITY_2D
ORD-1316912,2025-06-11,06:47:43,SKU-04041,1,A-02R-002-2-B,PKR-032,MULTI,FedEx Ground,GROUND
ORD-1319376,2025-06-11,13:14:02,SKU-02624,2,A-02R-022-1-A,PKR-010,MULTI,UPS Ground,GROUND
ORD-1319556,2025-06-11,20:32:17,SKU-03028,2,B-01L-011-3-A,PKR-028,MULTI,UPS 2nd Day Air,GROUND
ORD-1317504,2025-06-11,13:18:57,SKU-02194,2,C-01R-001-2-A,PKR-015,MULTI,FedEx Ground,GROUND
ORD-1319222,2025-06-11,14:08:19,SKU-01494,2,C-03R-016-4-A,PKR-026,MULTI,UPS Ground,GROUND
ORD-1321322,2025-06-11,10:09:29,SKU-01850,2,A-04R-006-2-A,PKR-005,MULTI,FedEx Ground,GROUND
ORD-1319682,2025-06-11,16:01:00,SKU-03727,2,B-02R-023-4-A,PKR-021,MULTI,USPS Priority Mail,GROUND
ORD-1317459,2025-06-11,20:26:26,SKU-02125,2,A-01R-020-2-B,PKR-008,MULTI,UPS 2nd Day Air,GROUND
ORD-1321834,2025-06-11,14:16:12,SKU-04700,2,D-01L-016-5-B,PKR-023,SINGLE,FedEx Ground,GROUND
ORD-1320224,2025-06-11,16:55:47,SKU-02609,2,C-01R-013-1-B,PKR-011,MULTI,USPS Priority Mail,STANDARD_OVERNIGHT
ORD-1317188,2025-06-11,20:03:04,SKU-00435,2,B-03R-020-2-A,PKR-002,MULTI,FedEx Ground,GROUND
ORD-1319018,2025-06-11,11:58:02,SKU-03727,2,B-02R-023-4-A,PKR-022,MULTI,UPS Ground,GROUND
ORD-1322690,2025-06-11,13:04:12,SKU-02509,1,B-01L-020-5-A,PKR-010,MULTI,UPS Ground,PRIORITY_2D
ORD-1322578,2025-06-11,13:52:57,SKU-03997,2,D-01L-020-1-A,PKR-027,MULTI,UPS Ground,GROUND
ORD-1321477,2025-06-11,06:03:50,SKU-04457,1,A-01L-020-2-B,PKR-015,SINGLE,UPS Ground,GROUND
ORD-1317763,2025-06-11,06:43:40,SKU-04457,2,A-01L-020-2-B,PKR-009,MULTI,UPS Ground,GROUND
ORD-1321300,2025-06-11,06:41:05,SKU-00872,2,A-04L-005-1-A,PKR-006,MULTI,UPS Ground,GROUND
ORD-1319349,2025-06-11,16:38:58,SKU-00036,1,B-04R-004-4-A,PKR-007,MULTI,UPS Ground,GROUND
ORD-1319060,2025-06-11,07:04:10,SKU-00015,2,D-03L-002-2-B,PKR-007,MULTI,FedEx Ground,GROUND
ORD-1321980,2025-06-11,10:55:59,SKU-02085,1,D-02R-008-1-A,PKR-019,MULTI,FedEx Ground,GROUND
ORD-1320366,2025-06-11,16:57:54,SKU-04308,2,B-02R-019-4-A,PKR-006,MULTI,USPS Priority Mail,GROUND
ORD-1320567,2025-06-11,11:14:10,SKU-04386,2,D-01R-009-4-B,PKR-032,MULTI,FedEx Ground,GROUND
ORD-1316983,2025-06-11,21:54:06,SKU-02187,2,B-01R-006-5-B,PKR-029,MULTI,UPS Ground,GROUND
ORD-1317300,2025-06-11,16:41:07,SKU-02050,2,C-02L-007-1-A,PKR-022,MULTI,UPS Ground,GROUND
ORD-1319686,2025-06-11,18:06:52,SKU-04810,2,D-02R-009-4-B,PKR-015,MULTI,UPS Ground,GROUND
ORD-1319093,2025-06-11,10:51:33,SKU-04328,2,A-02L-021-1-B,PKR-006,MULTI,FedEx Ground,GROUND
ORD-1323752,2025-06-11,15:56:32,SKU-03467,2,C-01L-022-2-A,PKR-001,MULTI,FedEx Ground,PRIORITY_2D
ORD-1318246,2025-06-11,08:13:14,SKU-04928,2,B-01L-013-2-B,PKR-030,MULTI,USPS Priority Mail,GROUND
ORD-1316783,2025-06-11,07:56:15,SKU-02597,1,A-01L-006-4-B,PKR-025,MULTI,FedEx Ground,GROUND
ORD-1318251,2025-06-11,17:48:35,SKU-01235,2,C-04L-004-1-A,PKR-004,MULTI,USPS Priority Mail,STANDARD_OVERNIGHT
ORD-1318333,2025-06-11,09:44:30,SKU-04710,2,A-02L-008-2-A,PKR-020,SINGLE,UPS 2nd Day Air,STANDARD_OVERNIGHT
ORD-1316701,2025-06-11,15:06:44,SKU-03823,1,C-02R-020-1-B,PKR-008,MULTI,FedEx Ground,PRIORITY_2D
ORD-1321990,2025-06-11,21:08:42,SKU-01739,1,A-03L-013-1-B,PKR-028,MULTI,UPS Ground,GROUND
ORD-1322529,2025-06-11,13:54:13,SKU-03369,1,D-02L-005-5-B,PKR-006,SINGLE,UPS Ground,PRIORITY_2D
ORD-1319284,2025-06-11,08:31:35,SKU-04328,2,A-02L-021-1-B,PKR-026,MULTI,UPS Ground,PRIORITY_2D
ORD-1323259,2025-06-11,11:51:46,SKU-02292,1,C-02L-013-5-A,PKR-029,MULTI,USPS Priority Mail,GROUND
ORD-1321101,2025-06-11,09:45:06,SKU-00118,2,E-04R-005-1-B,PKR-004,MULTI,FedEx Ground,GROUND
ORD-1321766,2025-06-11,09:20:32,SKU-04684,2,A-02R-022-1-B,PKR-016,MULTI,USPS Priority Mail,GROUND
ORD-1319784,2025-06-11,10:03:11,SKU-01428,2,A-03L-006-4-A,PKR-004,MULTI,FedEx Ground,STANDARD_OVERNIGHT
ORD-1321113,2025-06-11,18:47:30,SKU-04328,2,A-02L-021-1-B,PKR-020,MULTI,FedEx Ground,GROUND
ORD-1320856,2025-06-11,14:04:51,SKU-02242,2,B-02R-026-1-A,PKR-010,SINGLE,FedEx Ground,GROUND
ORD-1321345,2025-06-11,17:49:41,SKU-03727,1,B-02R-023-4-A,PKR-003,MULTI,FedEx Ground,GROUND
ORD-1321756,2025-06-11,20:25:07,SKU-00831,2,A-03R-004-3-B,PKR-003,MULTI,UPS 2nd Day Air,GROUND
ORD-1321438,2025-06-11,21:08:23,SKU-02740,1,C-02L-014-3-A,PKR-018,MULTI,USPS Priority Mail,PRIORITY_2D
ORD-1320308,2025-06-11,15:31:13,SKU-02366,2,A-01R-020-4-A,PKR-026,MULTI,UPS Ground,GROUND
ORD-1316898,2025-06-11,09:42:09,SKU-04041,1,A-02R-002-2-B,PKR-018,MULTI,FedEx Ground,GROUND
ORD-1319142,2025-06-11,15:20:49,SKU-02908,2,B-02L-005-3-A,PKR-008,MULTI,USPS Priority Mail,GROUND
ORD-1318431,2025-06-11,08:02:04,SKU-01554,2,E-03R-008-3-A,PKR-013,MULTI,USPS Priority Mail,STANDARD_OVERNIGHT
ORD-1318515,2025-06-11,16:42:04,SKU-04041,2,A-02R-002-2-B,PKR-019,MULTI,FedEx Ground,GROUND
ORD-1321792,2025-06-11,08:16:09,SKU-02016,2,A-02L-016-1-A,PKR-006,MULTI,FedEx Ground,PRIORITY_2D
ORD-1319017,2025-06-11,14:56:00,SKU-04092,1,A-02L-015-2-B,PKR-020,MULTI,UPS Ground,STANDARD_OVERNIGHT
ORD-1320868,2025-06-11,06:55:14,SKU-04878,2,B-01R-016-3-B,PKR-006,MULTI,FedEx Ground,GROUND
ORD-1317320,2025-06-11,08:56:36,SKU-02509,2,B-01L-020-5-A,PKR-030,MULTI,USPS Priority Mail,GROUND
ORD-1323297,2025-06-11,06:41:12,SKU-00391,1,C-04L-006-1-A,PKR-020,MULTI,USPS Priority Mail,PRIORITY_2D
ORD-1316052,2025-06-11,17:25:45,SKU-04308,2,B-02R-019-4-A,PKR-003,MULTI,FedEx Ground,GROUND
ORD-1321984,2025-06-11,10:23:49,SKU-02366,2,A-01R-020-4-A,PKR-024,MULTI,UPS Ground,GROUND
ORD-1321882,2025-06-11,17:20:28,SKU-04174,2,D-02L-026-5-A,PKR-007,MULTI,USPS Priority Mail,GROUND
ORD-1320238,2025-06-11,12:51:45,SKU-00483,1,C-03L-009-3-A,PKR-007,MULTI,UPS Ground,PRIORITY_2D
ORD-1318872,2025-06-11,06:06:40,SKU-04328,1,A-02L-021-1-B,PKR-025,MULTI,UPS 2nd Day Air,GROUND
ORD-1318196,2025-06-11,15:28:37,SKU-04308,2,B-02R-019-4-A,PKR-010,MULTI,USPS Priority Mail,GROUND
ORD-1320596,2025-06-11,09:13:12,SKU-03018,2,C-02L-015-3-B,PKR-003,MULTI,FedEx 2Day,GROUND
ORD-1316608,2025-06-11,18:21:33,SKU-00093,1,B-04L-018-1-A,PKR-010,MULTI,UPS Ground,STANDARD_OVERNIGHT
ORD-1321983,2025-06-11,10:33:00,SKU-02366,2,A-01R-020-4-A,PKR-027,MULTI,UPS Ground,GROUND
ORD-1319252,2025-06-11,21:36:27,SKU-02884,2,D-01R-008-3-B,PKR-002,MULTI,UPS Ground,GROUND
ORD-1319442,2025-06-11,12:16:37,SKU-04217,2,B-01L-009-4-B,PKR-021,SINGLE,UPS Ground,GROUND
ORD-1317926,2025-06-11,07:50:27,SKU-00397,2,C-04L-006-4-A,PKR-004,MULTI,FedEx Ground,GROUND
ORD-1318468,2025-06-11,12:29:32,SKU-04608,1,A-02L-025-1-B,PKR-021,MULTI,FedEx Ground,GROUND
ORD-1320325,2025-06-11,12:39:30,SKU-03496,2,B-01R-016-5-B,PKR-025,MULTI,UPS 2nd Day Air,PRIORITY_2D
ORD-1317112,2025-06-11,20:02:03,SKU-04041,1,A-02R-002-2-B,PKR-029,MULTI,USPS Priority Mail,GROUND
ORD-1319563,2025-06-11,08:14:23,SKU-00874,1,D-04R-017-1-A,PKR-011,MULTI,FedEx Ground,GROUND
ORD-1319115,2025-06-11,08:43:31,SKU-02802,2,C-01R-020-2-B,PKR-006,MULTI,FedEx 2Day,GROUND
ORD-1320141,2025-06-11,06:20:48,SKU-02185,2,C-01R-009-4-B,PKR-006,MULTI,USPS Priority Mail,GROUND
ORD-1323967,2025-06-11,12:09:12,SKU-02886,1,B-01L-013-2-A,PKR-029,MULTI,FedEx Ground,GROUND
ORD-1323494,2025-06-11,07:27:25,SKU-04608,2,A-02L-025-1-B,PKR-030,MULTI,FedEx Ground,GROUND
ORD-1321880,2025-06-11,12:04:14,SKU-02920,2,C-02R-002-2-B,PKR-030,MULTI,USPS Priority Mail,STANDARD_OVERNIGHT
ORD-1316530,2025-06-11,14:45:41,SKU-04154,2,A-01L-006-3-A,PKR-012,MULTI,FedEx 2Day,GROUND
ORD-1316843,2025-06-11,18:16:03,SKU-02585,2,A-01R-012-4-A,PKR-021,MULTI,UPS Ground,GROUND
ORD-1321657,2025-06-11,14:10:05,SKU-00872,2,A-04L-005-1-A,PKR-031,MULTI,USPS Priority Mail,PRIORITY_2D
ORD-1320886,2025-06-11,12:42:58,SKU-01102,2,C-04R-003-4-A,PKR-016,MULTI,UPS Ground,GROUND
ORD-1321385,2025-06-11,11:41:25,SKU-04608,2,A-02L-025-1-B,PKR-010,MULTI,UPS Ground,GROUND
ORD-1321152,2025-06-11,19:32:55,SKU-00324,2,C-03L-004-3-B,PKR-015,MULTI,FedEx Ground,GROUND
ORD-1319687,2025-06-11,07:49:44,SKU-04328,2,A-02L-021-1-B,PKR-031,MULTI,UPS Ground,GROUND
ORD-1323037,2025-06-11,10:02:21,SKU-04594,2,C-01L-024-2-A,PKR-021,MULTI,FedEx Ground,GROUND
ORD-1322980,2025-06-11,17:08:32,SKU-04457,2,A-01L-020-2-B,PKR-013,MULTI,USPS Priority Mail,GROUND
ORD-1318017,2025-06-11,10:37:17,SKU-02113,2,D-02R-003-1-A,PKR-012,MULTI,FedEx Ground,GROUND
ORD-1318611,2025-06-11,06:34:43,SKU-04328,2,A-02L-021-1-B,PKR-012,MULTI,UPS Ground,GROUND
ORD-1316532,2025-06-11,20:11:38,SKU-00111,1,E-04L-010-2-A,PKR-019,MULTI,USPS Priority Mail,GROUND
ORD-1321122,2025-06-11,13:43:35,SKU-03488,1,B-01R-020-1-A,PKR-008,MULTI,USPS Priority Mail,STANDARD_OVERNIGHT
ORD-1318696,2025-06-11,19:31:42,SKU-04041,2,A-02R-002-2-B,PKR-014,MULTI,UPS Ground,GROUND
ORD-1322327,2025-06-11,07:03:04,SKU-01204,2,A-03R-016-1-B,PKR-029,SINGLE,FedEx 2Day,GROUND
ORD-1323556,2025-06-11,13:13:47,SKU-00170,2,A-03L-012-1-A,PKR-013,MULTI,UPS Ground,GROUND
ORD-1319238,2025-06-11,09:15:19,SKU-02585,1,A-01R-012-4-A,PKR-024,MULTI,FedEx Ground,GROUND
ORD-1316397,2025-06-11,14:23:04,SKU-02400,1,B-02L-025-2-B,PKR-004,MULTI,UPS 2nd Day Air,GROUND
ORD-1322946,2025-06-11,14:25:47,SKU-02585,2,A-01R-012-4-A,PKR-030,SINGLE,USPS Priority Mail,GROUND
ORD-1323155,2025-06-11,10:31:00,SKU-01019,2,B-03R-014-1-A,PKR-018,MULTI,FedEx Ground,GROUND
ORD-1318378,2025-06-11,18:04:16,SKU-02734,1,C-02R-023-3-A,PKR-012,MULTI,FedEx Ground,STANDARD_OVERNIGHT
ORD-1323100,2025-06-11,14:17:20,SKU-04328,2,A-02L-021-1-B,PKR-030,MULTI,UPS Ground,PRIORITY_2D
ORD-1320459,2025-06-11,18:45:03,SKU-04328,2,A-02L-021-1-B,PKR-006,MULTI,USPS Priority Mail,GROUND
ORD-1318412,2025-06-11,06:56:56,SKU-04878,1,B-01R-016-3-B,PKR-013,MULTI,UPS Ground,GROUND
ORD-1318450,2025-06-11,16:00:40,SKU-03077,1,B-02L-012-4-B,PKR-030,MULTI,UPS Ground,GROUND
ORD-1323960,2025-06-11,20:18:52,SKU-04166,2,A-02L-020-5-B,PKR-027,MULTI,FedEx Ground,GROUND
ORD-1323298,2025-06-11,06:32:33,SKU-03858,2,C-02R-016-2-A,PKR-027,MULTI,FedEx 2Day,GROUND
ORD-1317683,2025-06-11,20:01:00,SKU-04851,2,C-02L-002-2-A,PKR-009,MULTI,FedEx Ground,GROUND
ORD-1317123,2025-06-11,19:08:37,SKU-00657,2,B-04R-003-2-B,PKR-021,SINGLE,FedEx Ground,GROUND
ORD-1316010,2025-06-11,09:34:02,SKU-02366,2,A-01R-020-4-A,PKR-024,MULTI,FedEx 2Day,GROUND
ORD-1322304,2025-06-11,10:54:41,SKU-03727,2,B-02R-023-4-A,PKR-031,MULTI,UPS Ground,GROUND
ORD-1317058,2025-06-11,08:30:59,SKU-00479,2,B-04L-019-2-A,PKR-005,MULTI,USPS Priority Mail,GROUND
ORD-1317504,2025-06-11,13:18:57,SKU-04041,2,A-02R-002-2-B,PKR-015,MULTI,FedEx Ground,GROUND
ORD-1320330,2025-06-11,09:43:11,SKU-04328,1,A-02L-021-1-B,PKR-027,MULTI,FedEx Ground,PRIORITY_2D
ORD-1323184,2025-06-11,11:50:11,SKU-04064,1,D-01L-025-5-A,PKR-021,MULTI,USPS Priority Mail,GROUND
ORD-1324596,2025-06-12,09:10:03,SKU-03017,1,A-02R-003-4-A,PKR-029,SINGLE,USPS Priority Mail,PRIORITY_2D
ORD-1324631,2025-06-12,21:34:14,SKU-02552,2,B-02R-022-5-B,PKR-009,MULTI,FedEx Ground,GROUND
ORD-1324960,2025-06-12,10:54:54,SKU-02878,2,D-01L-017-1-B,PKR-012,SINGLE,FedEx Ground,GROUND
ORD-1330856,2025-06-12,06:24:28,SKU-00413,2,C-04R-008-3-B,PKR-005,MULTI,UPS Ground,PRIORITY_2D
ORD-1328293,2025-06-12,11:23:09,SKU-02584,2,A-02L-003-1-B,PKR-004,SINGLE,UPS 2nd Day Air,GROUND
ORD-1328408,2025-06-12,17:55:04,SKU-01721,2,A-04L-015-4-B,PKR-031,MULTI,FedEx 2Day,GROUND
ORD-1330284,2025-06-12,19:38:28,SKU-04608,1,A-02L-025-1-B,PKR-007,MULTI,FedEx Ground,GROUND
ORD-1328543,2025-06-12,16:12:26,SKU-02185,2,C-01R-009-4-B,PKR-021,MULTI,USPS Priority Mail,GROUND
ORD-1329573,2025-06-12,12:23:35,SKU-02366,2,A-01R-020-4-A,PKR-004,MULTI,UPS Ground,GROUND
ORD-1329787,2025-06-12,13:38:34,SKU-04328,2,A-02L-021-1-B,PKR-004,MULTI,UPS Ground,GROUND
ORD-1325667,2025-06-12,07:54:24,SKU-04328,2,A-02L-021-1-B,PKR-012,MULTI,FedEx 2Day,PRIORITY_2D
ORD-1324987,2025-06-12,14:19:31,SKU-02908,2,B-02L-005-3-A,PKR-008,MULTI,FedEx Ground,GROUND
ORD-1330671,2025-06-12,13:03:00,SKU-00910,2,B-04R-014-3-A,PKR-020,MULTI,USPS Priority Mail,GROUND
ORD-1328782,2025-06-12,08:07:07,SKU-04328,2,A-02L-021-1-B,PKR-016,MULTI,UPS 2nd Day Air,PRIORITY_2D
ORD-1324109,2025-06-12,21:10:02,SKU-00553,2,A-04L-016-4-B,PKR-026,MULTI,USPS Priority Mail,STANDARD_OVERNIGHT
ORD-1327566,2025-06-12,12:47:10,SKU-01428,2,A-03L-006-4-A,PKR-011,MULTI,FedEx Ground,STANDARD_OVERNIGHT
ORD-1329929,2025-06-12,10:45:14,SKU-04787,2,D-01L-006-2-A,PKR-026,MULTI,UPS Ground,GROUND
ORD-1327683,2025-06-12,19:52:12,SKU-04328,2,A-02L-021-1-B,PKR-022,SINGLE,FedEx Ground,PRIORITY_2D
ORD-1331883,2025-06-12,07:15:13,SKU-00872,2,A-04L-005-1-A,PKR-011,MULTI,FedEx Ground,PRIORITY_2D
ORD-1326042,2025-06-12,15:54:22,SKU-04037,2,A-02R-011-4-B,PKR-014,MULTI,UPS Ground,GROUND
ORD-1325887,2025-06-12,14:19:28,SKU-02807,2,A-02L-026-2-A,PKR-005,MULTI,USPS Priority Mail,GROUND
ORD-1329482,2025-06-12,13:28:46,SKU-02900,2,C-01R-009-4-A,PKR-009,MULTI,FedEx Ground,PRIORITY_2D
ORD-1328087,2025-06-12,07:42:37,SKU-01753,1,A-03L-010-3-A,PKR-027,MULTI,UPS Ground,GROUND
ORD-1327820,2025-06-12,19:42:26,SKU-03357,1,A-02R-015-3-B,PKR-029,MULTI,FedEx Ground,GROUND
ORD-1327411,2025-06-12,15:53:50,SKU-00044,2,B-03R-009-3-A,PKR-022,MULTI,USPS Priority Mail,GROUND
ORD-1330930,2025-06-12,17:07:41,SKU-02366,2,A-01R-020-4-A,PKR-016,MULTI,USPS Priority Mail,STANDARD_OVERNIGHT
ORD-1325622,2025-06-12,09:34:07,SKU-04710,1,A-02L-008-2-A,PKR-023,MULTI,USPS Priority Mail,PRIORITY_2D
ORD-1326063,2025-06-12,19:15:40,SKU-02859,1,A-01L-018-3-A,PKR-011,MULTI,USPS Priority Mail,STANDARD_OVERNIGHT
ORD-1327393,2025-06-12,20:53:30,SKU-04328,1,A-02L-021-1-B,PKR-001,MULTI,FedEx Ground,GROUND
ORD-1327909,2025-06-12,08:55:50,SKU-03772,2,C-02R-016-2-B,PKR-026,MULTI,USPS Priority Mail,GROUND
ORD-1324367,2025-06-12,17:42:24,SKU-02192,2,E-01L-022-3-B,PKR-032,MULTI,USPS Priority Mail,GROUND
ORD-1330271,2025-06-12,13:08:46,SKU-03635,1,A-02R-019-5-A,PKR-008,MULTI,UPS 2nd Day Air,STANDARD_OVERNIGHT
ORD-1324894,2025-06-12,11:46:44,SKU-00872,2,A-04L-005-1-A,PKR-008,SINGLE,USPS Priority Mail,PRIORITY_2D
ORD-1328144,2025-06-12,12:01:13,SKU-02140,2,B-01R-020-2-B,PKR-022,MULTI,UPS 2nd Day Air,GROUND
ORD-1327868,2025-06-12,11:09:52,SKU-02651,2,E-01R-015-5-B,PKR-013,MULTI,USPS Priority Mail,GROUND
ORD-1327061,2025-06-12,11:08:45,SKU-04528,2,B-02R-014-3-B,PKR-030,MULTI,UPS Ground,GROUND
ORD-1326588,2025-06-12,13:23:32,SKU-04041,2,A-02R-002-2-B,PKR-001,MULTI,UPS Ground,GROUND
ORD-1331759,2025-06-12,18:21:42,SKU-04328,2,A-02L-021-1-B,PKR-020,SINGLE,FedEx Ground,GROUND
ORD-1324266,2025-06-12,08:26:56,SKU-03631,1,C-01L-018-3-A,PKR-006,MULTI,UPS Ground,PRIORITY_2D
ORD-1325625,2025-06-12,08:21:33,SKU-03727,2,B-02R-023-4-A,PKR-003,MULTI,FedEx Ground,GROUND
ORD-1325716,2025-06-12,11:49:09,SKU-04041,2,A-02R-002-2-B,PKR-013,MULTI,UPS 2nd Day Air,PRIORITY_2D
ORD-1324201,2025-06-12,11:39:44,SKU-02045,2,B-01R-025-3-A,PKR-020,MULTI,UPS 2nd Day Air,GROUND
ORD-1331312,2025-06-12,09:53:49,SKU-02558,2,B-01L-010-1-B,PKR-025,MULTI,FedEx Ground,GROUND
ORD-1330022,2025-06-12,11:23:20,SKU-00872,2,A-04L-005-1-A,PKR-006,MULTI,FedEx Ground,GROUND
ORD-1324882,2025-06-12,11:21:08,SKU-04041,2,A-02R-002-2-B,PKR-023,MULTI,UPS 2nd Day Air,GROUND
ORD-1330235,2025-06-12,10:40:41,SKU-01852,1,E-04R-018-2-A,PKR-013,MULTI,UPS Ground,GROUND
ORD-1329698,2025-06-12,11:43:06,SKU-00499,2,E-03L-005-4-B,PKR-029,MULTI,FedEx Ground,GROUND
ORD-1328067,2025-06-12,07:29:41,SKU-03170,2,B-01L-013-1-B,PKR-026,MULTI,FedEx 2Day,GROUND
ORD-1328758,2025-06-12,17:35:31,SKU-00876,2,D-03L-007-3-A,PKR-001,MULTI,UPS Ground,GROUND
ORD-1329892,2025-06-12,20:09:12,SKU-04328,2,A-02L-021-1-B,PKR-020,MULTI,UPS Ground,GROUND
ORD-1331888,2025-06-12,19:24:48,SKU-04782,2,C-01L-004-3-A,PKR-005,MULTI,USPS Priority Mail,GROUND
ORD-1325173,2025-06-12,08:04:36,SKU-02045,1,B-01R-025-3-A,PKR-029,MULTI,FedEx Ground,GROUND
ORD-1328736,2025-06-12,16:40:00,SKU-01626,1,C-03L-006-3-B,PKR-005,MULTI,UPS Ground,PRIORITY_2D
ORD-1324859,2025-06-12,08:55:33,SKU-00424,2,A-04L-002-3-A,PKR-028,SINGLE,UPS 2nd Day Air,GROUND
ORD-1329444,2025-06-12,12:22:37,SKU-01170,2,A-03L-002-3-B,PKR-017,MULTI,FedEx Ground,GROUND
ORD-1325147,2025-06-12,10:48:34,SKU-00608,1,A-03R-011-2-B,PKR-007,MULTI,FedEx Ground,PRIORITY_2D
ORD-1331732,2025-06-12,13:40:41,SKU-04328,1,A-02L-021-1-B,PKR-019,MULTI,FedEx Ground,GROUND
ORD-1324847,2025-06-12,16:27:35,SKU-02908,2,B-02L-005-3-A,PKR-023,MULTI,UPS Ground,GROUND
ORD-1331740,2025-06-12,13:13:46,SKU-00467,2,E-04L-005-3-A,PKR-031,MULTI,UPS Ground,PRIORITY_2D
ORD-1325266,2025-06-12,07:28:47,SKU-04277,2,B-02R-013-3-B,PKR-024,MULTI,UPS Ground,GROUND
ORD-1324493,2025-06-12,07:40:35,SKU-00838,2,A-03L-009-1-B,PKR-008,MULTI,FedEx Ground,PRIORITY_2D
ORD-1331036,2025-06-12,08:39:17,SKU-01569,1,D-04L-014-3-B,PKR-027,MULTI,USPS Priority Mail,GROUND
ORD-1325473,2025-06-12,08:42:54,SKU-01529,1,C-03L-020-4-A,PKR-024,MULTI,USPS Priority Mail,PRIORITY_2D
ORD-1329499,2025-06-12,09:15:05,SKU-02859,2,A-01L-018-3-A,PKR-025,MULTI,FedEx Ground,GROUND
ORD-1328998,2025-06-12,09:55:27,SKU-03823,2,C-02R-020-1-B,PKR-031,MULTI,UPS Ground,GROUND
ORD-1326829,2025-06-12,13:58:22,SKU-03204,2,C-02L-013-4-A,PKR-022,MULTI,USPS Priority Mail,STANDARD_OVERNIGHT
ORD-1326863,2025-06-12,19:08:25,SKU-04544,2,D-01L-013-1-B,PKR-029,MULTI,UPS 2nd Day Air,GROUND
ORD-1324682,2025-06-12,08:36:29,SKU-02908,2,B-02L-005-3-A,PKR-010,MULTI,UPS Ground,GROUND
ORD-1330583,2025-06-12,12:02:34,SKU-02716,2,C-01R-008-3-A,PKR-030,MULTI,USPS Priority Mail,GROUND
ORD-1328343,2025-06-12,14:59:40,SKU-01331,1,A-03R-003-4-B,PKR-006,MULTI,FedEx 2Day,STANDARD_OVERNIGHT
ORD-1329148,2025-06-12,13:18:24,SKU-02834,2,D-01R-009-5-A,PKR-017,MULTI,FedEx Ground,GROUND
ORD-1331394,2025-06-12,18:48:29,SKU-03972,1,E-02L-013-5-A,PKR-031,MULTI,UPS Ground,GROUND
ORD-1329599,2025-06-12,16:32:06,SKU-01073,2,B-04R-005-1-A,PKR-023,SINGLE,USPS Priority Mail,GROUND
ORD-1324719,2025-06-12,06:45:57,SKU-02253,2,D-01R-017-4-A,PKR-021,MULTI,FedEx 2Day,GROUND
ORD-1328218,2025-06-12,14:02:59,SKU-00872,1,A-04L-005-1-A,PKR-004,MULTI,UPS Ground,GROUND
ORD-1324140,2025-06-12,11:23:51,SKU-02280,2,C-01L-026-1-A,PKR-023,MULTI,UPS Ground,GROUND
ORD-1331596,2025-06-12,07:58:59,SKU-02242,2,B-02R-026-1-A,PKR-028,MULTI,UPS Ground,PRIORITY_2D
ORD-1325182,2025-06-12,18:06:37,SKU-04878,1,B-01R-016-3-B,PKR-030,MULTI,FedEx Ground,GROUND
ORD-1330458,2025-06-12,06:57:33,SKU-02908,1,B-02L-005-3-A,PKR-012,MULTI,UPS Ground,GROUND
ORD-1330672,2025-06-12,19:54:10,SKU-03787,2,C-02L-018-1-B,PKR-021,SINGLE,FedEx 2Day,GROUND
ORD-1327992,2025-06-12,21:48:38,SKU-00385,2,B-04L-010-2-A,PKR-025,MULTI,UPS 2nd Day Air,GROUND
ORD-1329543,2025-06-12,07:38:38,SKU-02961,2,B-02R-006-3-A,PKR-032,MULTI,FedEx Ground,GROUND
ORD-1329928,2025-06-12,10:47:12,SKU-04037,2,A-02R-011-4-B,PKR-025,MULTI,FedEx Ground,GROUND
ORD-1330203,2025-06-12,09:20:57,SKU-02163,2,A-02R-006-3-A,PKR-024,SINGLE,USPS Priority Mail,GROUND
ORD-1329369,2025-06-12,07:25:48,SKU-01945,1,C-03R-002-4-B,PKR-009,MULTI,FedEx Ground,GROUND
ORD-1327620,2025-06-12,11:17:25,SKU-00872,2,A-04L-005-1-A,PKR-013,MULTI,USPS Priority Mail,GROUND
ORD-1326904,2025-06-12,09:27:51,SKU-03269,2,C-02L-017-1-B,PKR-029,MULTI,USPS Priority Mail,GROUND
ORD-1327732,2025-06-12,06:03:41,SKU-04865,2,A-01R-011-4-B,PKR-001,SINGLE,UPS Ground,GROUND
ORD-1326330,2025-06-12,12:27:59,SKU-04328,1,A-02L-021-1-B,PKR-019,MULTI,FedEx Ground,PRIORITY_2D
ORD-1331108,2025-06-12,20:29:03,SKU-02366,2,A-01R-020-4-A,PKR-027,MULTI,UPS Ground,GROUND
ORD-1331806,2025-06-12,19:08:55,SKU-04457,2,A-01L-020-2-B,PKR-006,MULTI,FedEx Ground,GROUND
ORD-1324637,2025-06-12,08:10:02,SKU-02643,2,D-02R-024-3-A,PKR-022,MULTI,UPS Ground,GROUND
ORD-1327436,2025-06-12,17:06:43,SKU-00155,1,B-04L-020-3-A,PKR-024,MULTI,FedEx Ground,GROUND
ORD-1328524,2025-06-12,20:59:41,SKU-02859,2,A-01L-018-3-A,PKR-003,MULTI,USPS Priority Mail,GROUND
ORD-1330156,2025-06-12,16:52:43,SKU-04041,2,A-02R-002-2-B,PKR-028,MULTI,USPS Priority Mail,GROUND
ORD-1330789,2025-06-12,15:45:29,SKU-03337,2,C-01R-021-4-A,PKR-017,MULTI,USPS Priority Mail,GROUND
ORD-1331915,2025-06-12,15:58:08,SKU-02624,2,A-02R-022-1-A,PKR-008,MULTI,FedEx Ground,GROUND
ORD-1327438,2025-06-12,18:48:40,SKU-01073,2,B-04R-005-1-A,PKR-012,MULTI,FedEx Ground,GROUND
ORD-1325741,2025-06-12,11:31:02,SKU-01494,2,C-03R-016-4-A,PKR-019,MULTI,FedEx Ground,GROUND
ORD-1326148,2025-06-12,11:40:08,SKU-04865,2,A-01R-011-4-B,PKR-003,MULTI,UPS Ground,GROUND
ORD-1329534,2025-06-12,06:36:08,SKU-00235,2,E-04L-018-4-B,PKR-029,MULTI,FedEx 2Day,GROUND
ORD-1327805,2025-06-12,11:41:31,SKU-04938,2,C-01L-014-2-A,PKR-031,SINGLE,FedEx Ground,PRIORITY_2D
ORD-1325562,2025-06-12,07:23:02,SKU-00643,2,A-03R-014-2-B,PKR-015,MULTI,USPS Priority Mail,GROUND
ORD-1325960,2025-06-12,13:01:00,SKU-03968,2,A-02L-019-2-B,PKR-029,MULTI,FedEx Ground,GROUND
ORD-1327145,2025-06-12,06:07:09,SKU-02671,2,B-01L-006-4-A,PKR-004,MULTI,FedEx Ground,GROUND
ORD-1330402,2025-06-12,06:46:00,SKU-03049,1,C-02L-003-4-A,PKR-008,SINGLE,UPS Ground,GROUND
ORD-1331937,2025-06-12,13:58:50,SKU-02252,2,B-02R-025-2-A,PKR-023,MULTI,USPS Priority Mail,PRIORITY_2D
ORD-1331239,2025-06-12,11:22:41,SKU-03088,2,E-01R-025-3-A,PKR-012,MULTI,FedEx Ground,GROUND
ORD-1330277,2025-06-12,15:16:40,SKU-00390,2,C-03L-009-2-A,PKR-024,MULTI,UPS Ground,GROUND
ORD-1324964,2025-06-12,19:12:35,SKU-00872,1,A-04L-005-1-A,PKR-024,MULTI,USPS Priority Mail,PRIORITY_2D
ORD-1325622,2025-06-12,09:34:07,SKU-01191,1,A-04L-002-2-A,PKR-023,MULTI,USPS Priority Mail,PRIORITY_2D
ORD-1324417,2025-06-12,11:47:46,SKU-04928,2,B-01L-013-2-B,PKR-009,MULTI,FedEx Ground,GROUND
ORD-1331173,2025-06-12,11:05:54,SKU-02420,1,B-01L-005-4-B,PKR-005,MULTI,UPS Ground,GROUND
ORD-1329279,2025-06-12,14:43:31,SKU-03057,2,C-01R-026-4-B,PKR-024,MULTI,UPS Ground,GROUND
ORD-1330886,2025-06-12,09:43:27,SKU-04328,2,A-02L-021-1-B,PKR-028,MULTI,FedEx Ground,GROUND
ORD-1328370,2025-06-12,07:15:23,SKU-01204,2,A-03R-016-1-B,PKR-009,MULTI,FedEx 2Day,PRIORITY_2D
ORD-1329313,2025-06-12,13:50:38,SKU-01962,1,A-03L-017-3-B,PKR-004,MULTI,UPS Ground,GROUND
ORD-1324107,2025-06-12,18:00:58,SKU-02175,2,C-01R-006-1-B,PKR-005,MULTI,UPS Ground,PRIORITY_2D
ORD-1331817,2025-06-12,10:34:14,SKU-03823,2,C-02R-020-1-B,PKR-007,MULTI,FedEx Ground,STANDARD_OVERNIGHT
ORD-1325458,2025-06-12,18:21:36,SKU-02580,2,C-02L-009-2-A,PKR-026,MULTI,UPS Ground,PRIORITY_2D
ORD-1328420,2025-06-12,08:40:20,SKU-01204,2,A-03R-016-1-B,PKR-024,MULTI,UPS Ground,GROUND
ORD-1325527,2025-06-12,14:27:50,SKU-04457,2,A-01L-020-2-B,PKR-022,MULTI,UPS Ground,GROUND
ORD-1328697,2025-06-12,12:52:40,SKU-04328,1,A-02L-021-1-B,PKR-014,MULTI,UPS Ground,GROUND
ORD-1324730,2025-06-12,13:41:29,SKU-04767,2,B-01L-007-2-B,PKR-001,MULTI,USPS Priority Mail,GROUND
ORD-1331482,2025-06-12,18:58:48,SKU-01084,1,C-03L-006-1-B,PKR-020,MULTI,USPS Priority Mail,PRIORITY_2D
ORD-1324449,2025-06-12,16:15:04,SKU-03288,2,C-02R-006-3-B,PKR-012,MULTI,UPS 2nd Day Air,PRIORITY_2D
ORD-1331838,2025-06-12,13:57:14,SKU-04928,1,B-01L-013-2-B,PKR-020,MULTI,FedEx Ground,GROUND
ORD-1330320,2025-06-12,13:42:52,SKU-02908,2,B-02L-005-3-A,PKR-001,MULTI,UPS Ground,GROUND
ORD-1326099,2025-06-12,17:28:51,SKU-04598,2,B-02L-025-3-B,PKR-007,MULTI,UPS Ground,GROUND
ORD-1326776,2025-06-12,18:36:52,SKU-03077,1,B-02L-012-4-B,PKR-031,MULTI,FedEx Ground,GROUND
ORD-1331959,2025-06-12,13:35:06,SKU-04041,2,A-02R-002-2-B,PKR-010,MULTI,UPS Ground,GROUND
ORD-1328695,2025-06-12,21:17:56,SKU-04878,2,B-01R-016-3-B,PKR-022,MULTI,USPS Priority Mail,GROUND
ORD-1325540,2025-06-12,21:19:41,SKU-00228,1,E-04L-013-2-A,PKR-032,MULTI,USPS Priority Mail,PRIORITY_2D
ORD-1324978,2025-06-12,21:51:55,SKU-00692,2,A-04R-003-1-A,PKR-032,MULTI,UPS 2nd Day Air,GROUND
ORD-1324832,2025-06-12,12:35:11,SKU-04041,2,A-02R-002-2-B,PKR-019,MULTI,UPS Ground,GROUND
ORD-1330711,2025-06-12,18:13:36,SKU-04928,2,B-01L-013-2-B,PKR-011,MULTI,UPS Ground,PRIORITY_2D
ORD-1324527,2025-06-12,10:46:30,SKU-01331,1,A-03R-003-4-B,PKR-025,MULTI,UPS Ground,GROUND
ORD-1325956,2025-06-12,06:52:54,SKU-04608,2,A-02L-025-1-B,PKR-011,MULTI,UPS Ground,PRIORITY_2D
ORD-1326679,2025-06-12,10:16:28,SKU-04328,1,A-02L-021-1-B,PKR-017,MULTI,USPS Priority Mail,GROUND
ORD-1327014,2025-06-12,10:04:52,SKU-04328,1,A-02L-021-1-B,PKR-002,MULTI,UPS Ground,PRIORITY_2D
ORD-1324163,2025-06-12,13:11:08,SKU-02908,1,B-02L-005-3-A,PKR-028,MULTI,UPS Ground,GROUND
ORD-1329894,2025-06-12,09:18:33,SKU-04328,2,A-02L-021-1-B,PKR-031,MULTI,USPS Priority Mail,STANDARD_OVERNIGHT
ORD-1325712,2025-06-12,12:13:33,SKU-02699,2,C-01L-007-2-B,PKR-002,MULTI,UPS Ground,GROUND
ORD-1330949,2025-06-12,12:13:45,SKU-02366,1,A-01R-020-4-A,PKR-029,MULTI,UPS Ground,GROUND
ORD-1325207,2025-06-12,09:49:18,SKU-02164,2,C-02L-013-3-A,PKR-013,MULTI,UPS Ground,PRIORITY_2D
ORD-1331370,2025-06-12,11:40:10,SKU-03018,2,C-02L-015-3-B,PKR-017,MULTI,UPS Ground,GROUND
ORD-1324634,2025-06-12,19:05:45,SKU-03727,2,B-02R-023-4-A,PKR-031,MULTI,UPS 2nd Day Air,GROUND
ORD-1326042,2025-06-12,15:54:22,SKU-00045,1,A-04R-015-3-B,PKR-014,MULTI,UPS Ground,GROUND
ORD-1325661,2025-06-12,08:28:11,SKU-00340,2,A-04L-017-1-A,PKR-009,MULTI,UPS Ground,GROUND
ORD-1326855,2025-06-12,13:34:43,SKU-01463,1,A-04L-004-3-B,PKR-002,MULTI,UPS Ground,GROUND
ORD-1329351,2025-06-12,06:51:45,SKU-00239,2,A-04L-019-1-B,PKR-014,MULTI,UPS Ground,GROUND
ORD-1325609,2025-06-12,19:55:05,SKU-02867,2,D-01R-025-5-A,PKR-009,MULTI,USPS Priority Mail,GROUND
ORD-1329716,2025-06-12,17:43:48,SKU-01762,2,D-04R-020-1-A,PKR-025,MULTI,USPS Priority Mail,STANDARD_OVERNIGHT
ORD-1326702,2025-06-12,07:54:00,SKU-04768,2,A-01R-021-2-A,PKR-006,MULTI,UPS Ground,GROUND
ORD-1330639,2025-06-12,14:20:00,SKU-04470,2,B-01L-008-3-B,PKR-031,MULTI,UPS Ground,PRIORITY_2D
ORD-1326633,2025-06-12,17:49:36,SKU-02420,2,B-01L-005-4-B,PKR-032,MULTI,USPS Priority Mail,GROUND
ORD-1329853,2025-06-12,10:29:45,SKU-04328,1,A-02L-021-1-B,PKR-016,MULTI,FedEx 2Day,GROUND
ORD-1327038,2025-06-12,14:24:24,SKU-03727,2,B-02R-023-4-A,PKR-015,MULTI,UPS Ground,GROUND
ORD-1327373,2025-06-12,07:42:01,SKU-02990,2,A-01R-022-1-B,PKR-019,MULTI,FedEx Ground,GROUND
ORD-1326228,2025-06-12,19:10:11,SKU-02871,2,B-02L-022-1-B,PKR-009,MULTI,FedEx Ground,GROUND
ORD-1329076,2025-06-12,12:47:05,SKU-02913,1,B-01L-015-2-B,PKR-018,MULTI,USPS Priority Mail,GROUND
ORD-1331980,2025-06-12,11:45:41,SKU-04538,1,A-01R-001-1-B,PKR-017,MULTI,FedEx Ground,PRIORITY_2D
ORD-1328611,2025-06-12,21:15:09,SKU-00942,1,A-04R-009-4-B,PKR-028,MULTI,UPS Ground,GROUND
ORD-1331896,2025-06-12,08:45:36,SKU-00100,2,D-04L-002-4-A,PKR-018,MULTI,FedEx Ground,GROUND
ORD-1327763,2025-06-12,20:37:20,SKU-04328,2,A-02L-021-1-B,PKR-020,MULTI,FedEx Ground,GROUND
ORD-1331769,2025-06-12,08:28:05,SKU-04328,2,A-02L-021-1-B,PKR-010,MULTI,FedEx Ground,GROUND
ORD-1325122,2025-06-12,09:52:29,SKU-03793,2,C-02R-004-1-B,PKR-001,MULTI,FedEx Ground,GROUND
ORD-1329455,2025-06-12,07:28:52,SKU-00967,2,C-04R-015-3-A,PKR-005,MULTI,FedEx Ground,GROUND
ORD-1331754,2025-06-12,16:14:01,SKU-02366,1,A-01R-020-4-A,PKR-001,MULTI,FedEx Ground,GROUND
ORD-1328988,2025-06-12,12:19:48,SKU-03077,1,B-02L-012-4-B,PKR-023,MULTI,UPS Ground,GROUND
ORD-1329699,2025-06-12,13:45:55,SKU-02624,1,A-02R-022-1-A,PKR-004,MULTI,UPS Ground,PRIORITY_2D
ORD-1328155,2025-06-12,20:27:40,SKU-03727,2,B-02R-023-4-A,PKR-005,MULTI,FedEx Ground,GROUND
ORD-1325005,2025-06-12,10:22:13,SKU-02767,2,C-02R-013-1-B,PKR-022,MULTI,FedEx Ground,GROUND
ORD-1327224,2025-06-12,18:01:12,SKU-02699,2,C-01L-007-2-B,PKR-016,MULTI,FedEx Ground,GROUND
ORD-1329788,2025-06-12,12:46:46,SKU-00379,2,A-03R-020-4-B,PKR-031,MULTI,FedEx Ground,PRIORITY_2D
ORD-1327465,2025-06-12,13:44:29,SKU-01739,2,A-03L-013-1-B,PKR-025,MULTI,UPS Ground,GROUND
ORD-1327105,2025-06-12,15:28:24,SKU-04196,1,A-01R-014-5-B,PKR-007,MULTI,UPS Ground,GROUND
ORD-1326931,2025-06-12,10:48:52,SKU-01019,2,B-03R-014-1-A,PKR-015,MULTI,UPS Ground,GROUND
ORD-1328585,2025-06-12,10:19:30,SKU-04328,2,A-02L-021-1-B,PKR-022,MULTI,FedEx Ground,GROUND
ORD-1324849,2025-06-12,15:19:02,SKU-01245,2,B-03L-017-1-B,PKR-002,MULTI,USPS Priority Mail,GROUND
ORD-1326462,2025-06-12,17:49:18,SKU-02085,2,D-02R-008-1-A,PKR-020,MULTI,UPS Ground,GROUND
ORD-1326730,2025-06-12,10:29:06,SKU-04328,2,A-02L-021-1-B,PKR-011,MULTI,UPS Ground,GROUND
ORD-1329160,2025-06-12,09:35:05,SKU-01204,1,A-03R-016-1-B,PKR-016,MULTI,FedEx Ground,STANDARD_OVERNIGHT
ORD-1327875,2025-06-12,11:03:54,SKU-02748,2,C-02R-025-3-B,PKR-010,MULTI,UPS Ground,GROUND
ORD-1324045,2025-06-12,17:46:59,SKU-00466,1,C-04R-016-1-B,PKR-005,MULTI,USPS Priority Mail,GROUND
ORD-1324503,2025-06-12,08:36:37,SKU-02334,2,C-02L-007-1-B,PKR-015,MULTI,UPS Ground,PRIORITY_2D
ORD-1331960,2025-06-12,20:42:47,SKU-04608,2,A-02L-025-1-B,PKR-004,SINGLE,USPS Priority Mail,PRIORITY_2D
ORD-1328502,2025-06-12,11:41:20,SKU-03153,2,A-01L-006-5-B,PKR-005,MULTI,USPS Priority Mail,GROUND
ORD-1327399,2025-06-12,06:17:51,SKU-03054,1,E-01L-006-5-A,PKR-006,MULTI,FedEx 2Day,GROUND
ORD-1325893,2025-06-12,17:58:58,SKU-04328,2,A-02L-021-1-B,PKR-012,SINGLE,UPS 2nd Day Air,PRIORITY_2D
ORD-1324733,2025-06-12,20:56:53,SKU-02070,2,B-02R-020-3-B,PKR-004,MULTI,UPS Ground,PRIORITY_2D
ORD-1328873,2025-06-12,19:37:16,SKU-02908,1,B-02L-005-3-A,PKR-031,MULTI,UPS Ground,GROUND
ORD-1324607,2025-06-12,11:38:28,SKU-04328,1,A-02L-021-1-B,PKR-003,MULTI,UPS Ground,GROUND
ORD-1328939,2025-06-12,10:13:57,SKU-04994,2,C-02L-011-5-A,PKR-031,MULTI,UPS Ground,PRIORITY_2D
ORD-1329650,2025-06-12,08:59:22,SKU-02357,2,C-02L-006-2-A,PKR-015,MULTI,USPS Priority Mail,GROUND
ORD-1331688,2025-06-12,17:53:00,SKU-04328,2,A-02L-021-1-B,PKR-006,MULTI,UPS Ground,GROUND
ORD-1328534,2025-06-12,20:28:09,SKU-02366,2,A-01R-020-4-A,PKR-027,MULTI,UPS Ground,GROUND
ORD-1326196,2025-06-12,08:32:37,SKU-01850,2,A-04R-006-2-A,PKR-019,MULTI,FedEx Ground,GROUND
ORD-1329270,2025-06-12,17:26:23,SKU-02107,2,C-02L-008-4-B,PKR-007,MULTI,USPS Priority Mail,STANDARD_OVERNIGHT
ORD-1331775,2025-06-12,16:53:03,SKU-02509,1,B-01L-020-5-A,PKR-014,MULTI,UPS Ground,PRIORITY_2D
ORD-1330819,2025-06-12,12:56:08,SKU-00065,2,B-03R-002-4-B,PKR-026,MULTI,USPS Priority Mail,GROUND
ORD-1331964,2025-06-12,21:54:49,SKU-04328,2,A-02L-021-1-B,PKR-001,SINGLE,USPS Priority Mail,PRIORITY_2D
ORD-1329263,2025-06-12,06:08:09,SKU-00344,1,A-03L-006-2-B,PKR-020,MULTI,FedEx Ground,GROUND
ORD-1331222,2025-06-12,18:37:15,SKU-00479,2,B-04L-019-2-A,PKR-022,MULTI,UPS Ground,GROUND
ORD-1329487,2025-06-12,10:10:01,SKU-04878,2,B-01R-016-3-B,PKR-027,MULTI,FedEx Ground,PRIORITY_2D
ORD-1329201,2025-06-12,06:28:07,SKU-02366,1,A-01R-020-4-A,PKR-015,MULTI,UPS Ground,GROUND
ORD-1327681,2025-06-12,08:04:14,SKU-02202,2,C-01R-025-1-B,PKR-024,MULTI,UPS Ground,GROUND
ORD-1324787,2025-06-12,13:24:43,SKU-03823,2,C-02R-020-1-B,PKR-019,MULTI,FedEx Ground,GROUND
ORD-1329395,2025-06-12,20:47:40,SKU-02242,1,B-02R-026-1-A,PKR-012,MULTI,UPS 2nd Day Air,PRIORITY_2D
ORD-1330505,2025-06-12,16:31:27,SKU-02395,1,A-01R-012-2-B,PKR-015,MULTI,UPS Ground,GROUND
ORD-1331499,2025-06-12,10:13:03,SKU-01485,2,D-04L-007-3-B,PKR-014,SINGLE,UPS Ground,GROUND
ORD-1324521,2025-06-12,09:47:27,SKU-04328,2,A-02L-021-1-B,PKR-017,MULTI,UPS Ground,GROUND
ORD-1328604,2025-06-12,11:18:15,SKU-04918,1,B-01R-019-5-B,PKR-009,MULTI,FedEx Ground,GROUND
ORD-1330485,2025-06-12,19:08:30,SKU-03838,1,B-01L-024-2-B,PKR-025,MULTI,UPS Ground,GROUND
ORD-1329627,2025-06-12,18:03:47,SKU-04853,2,C-02R-021-4-A,PKR-001,MULTI,FedEx 2Day,GROUND
ORD-1329386,2025-06-12,18:50:24,SKU-00132,2,A-04R-016-4-B,PKR-031,MULTI,UPS 2nd Day Air,STANDARD_OVERNIGHT
ORD-1328992,2025-06-12,06:13:18,SKU-04576,2,B-01L-013-3-B,PKR-030,MULTI,UPS Ground,PRIORITY_2D
ORD-1324754,2025-06-12,13:22:55,SKU-04702,2,C-01R-003-4-A,PKR-007,MULTI,FedEx Ground,PRIORITY_2D
ORD-1324778,2025-06-12,12:05:17,SKU-03496,2,B-01R-016-5-B,PKR-031,MULTI,UPS Ground,GROUND
ORD-1331710,2025-06-12,10:37:36,SKU-04025,2,C-01L-004-5-A,PKR-021,MULTI,FedEx Ground,GROUND
ORD-1329672,2025-06-12,15:00:02,SKU-03096,2,D-02L-011-1-B,PKR-017,SINGLE,UPS Ground,GROUND
ORD-1329426,2025-06-12,12:42:38,SKU-03554,2,C-02L-010-3-A,PKR-030,MULTI,FedEx Ground,GROUND
ORD-1324746,2025-06-12,11:37:53,SKU-02908,2,B-02L-005-3-A,PKR-020,MULTI,UPS Ground,STANDARD_OVERNIGHT
ORD-1331700,2025-06-12,12:18:02,SKU-04328,2,A-02L-021-1-B,PKR-027,MULTI,FedEx 2Day,PRIORITY_2D
ORD-1331862,2025-06-12,12:45:17,SKU-04778,2,B-01L-023-3-B,PKR-001,MULTI,FedEx Ground,GROUND
ORD-1326625,2025-06-12,20:37:01,SKU-00470,1,C-03R-012-1-A,PKR-031,MULTI,FedEx Ground,GROUND
ORD-1329987,2025-06-12,14:20:22,SKU-01652,2,B-04R-013-1-B,PKR-015,MULTI,FedEx Ground,STANDARD_OVERNIGHT
ORD-1331360,2025-06-12,08:14:29,SKU-03727,1,B-02R-023-4-A,PKR-029,MULTI,UPS Ground,GROUND
ORD-1330206,2025-06-12,20:00:31,SKU-02034,1,A-02L-014-4-B,PKR-019,MULTI,UPS Ground,GROUND
ORD-1325428,2025-06-12,11:02:05,SKU-00132,1,A-04R-016-4-B,PKR-018,MULTI,FedEx 2Day,GROUND
ORD-1329010,2025-06-12,18:12:07,SKU-02871,2,B-02L-022-1-B,PKR-031,SINGLE,FedEx Ground,GROUND
ORD-1329266,2025-06-12,12:09:24,SKU-04878,2,B-01R-016-3-B,PKR-027,MULTI,USPS Priority Mail,GROUND
ORD-1325825,2025-06-12,09:55:30,SKU-01803,2,B-03R-020-1-A,PKR-005,MULTI,FedEx 2Day,GROUND
ORD-1326351,2025-06-12,10:32:56,SKU-02104,2,B-01R-002-1-A,PKR-015,MULTI,USPS Priority Mail,GROUND
ORD-1331188,2025-06-12,18:55:04,SKU-02508,2,C-02L-016-5-A,PKR-009,MULTI,UPS Ground,GROUND
ORD-1325328,2025-06-12,19:22:43,SKU-01148,2,D-04R-015-2-A,PKR-010,MULTI,FedEx Ground,GROUND
ORD-1324160,2025-06-12,19:40:26,SKU-04613,2,E-01R-009-3-A,PKR-024,MULTI,UPS Ground,GROUND
ORD-1329808,2025-06-12,17:12:34,SKU-03064,2,B-02L-019-3-A,PKR-022,MULTI,UPS Ground,GROUND
ORD-1328621,2025-06-12,19:00:29,SKU-04183,1,A-01L-010-2-B,PKR-025,MULTI,UPS Ground,PRIORITY_2D
ORD-1330551,2025-06-12,06:35:01,SKU-02908,2,B-02L-005-3-A,PKR-028,MULTI,FedEx Ground,GROUND
ORD-1328661,2025-06-12,18:34:22,SKU-04782,2,C-01L-004-3-A,PKR-002,MULTI,UPS Ground,GROUND
ORD-1324639,2025-06-12,19:26:17,SKU-02706,2,D-02R-019-4-A,PKR-011,MULTI,UPS 2nd Day Air,GROUND
ORD-1331861,2025-06-12,17:14:16,SKU-04656,2,B-02L-002-1-B,PKR-009,MULTI,FedEx 2Day,GROUND
ORD-1324961,2025-06-12,10:23:58,SKU-02772,2,A-02R-012-5-A,PKR-027,MULTI,FedEx 2Day,GROUND
ORD-1327236,2025-06-12,15:59:20,SKU-04775,2,A-02R-001-5-B,PKR-006,MULTI,UPS Ground,STANDARD_OVERNIGHT
ORD-1324685,2025-06-12,14:18:50,SKU-00500,2,C-03R-002-2-A,PKR-011,MULTI,UPS Ground,STANDARD_OVERNIGHT
ORD-1329015,2025-06-12,13:12:05,SKU-02272,2,A-02R-002-5-A,PKR-027,MULTI,FedEx Ground,GROUND
ORD-1324645,2025-06-12,10:32:31,SKU-02202,1,C-01R-025-1-B,PKR-004,MULTI,FedEx 2Day,GROUND
ORD-1331878,2025-06-12,13:18:17,SKU-02272,2,A-02R-002-5-A,PKR-020,MULTI,UPS Ground,PRIORITY_2D
ORD-1329677,2025-06-12,16:21:26,SKU-04608,2,A-02L-025-1-B,PKR-003,MULTI,UPS 2nd Day Air,GROUND
ORD-1334677,2025-06-13,17:41:55,SKU-04034,2,D-01L-002-2-B,PKR-010,MULTI,UPS Ground,GROUND
ORD-1332209,2025-06-13,15:50:59,SKU-04798,2,C-02L-013-4-B,PKR-014,MULTI,UPS Ground,GROUND
ORD-1334503,2025-06-13,16:14:29,SKU-04328,2,A-02L-021-1-B,PKR-025,MULTI,USPS Priority Mail,GROUND
ORD-1334409,2025-06-13,12:36:12,SKU-02875,2,A-02L-009-4-A,PKR-007,MULTI,UPS Ground,GROUND
ORD-1334535,2025-06-13,07:37:51,SKU-01652,2,B-04R-013-1-B,PKR-023,MULTI,UPS 2nd Day Air,PRIORITY_2D
ORD-1339077,2025-06-13,13:01:48,SKU-00535,1,A-03R-010-2-A,PKR-009,MULTI,UPS Ground,GROUND
ORD-1333711,2025-06-13,19:37:32,SKU-03947,2,B-01R-009-1-A,PKR-029,MULTI,UPS Ground,GROUND
ORD-1339023,2025-06-13,17:12:32,SKU-02681,2,A-01R-018-4-B,PKR-011,MULTI,UPS Ground,GROUND
ORD-1334359,2025-06-13,06:59:41,SKU-01654,2,B-03L-004-1-B,PKR-006,MULTI,UPS 2nd Day Air,GROUND
ORD-1339665,2025-06-13,12:30:30,SKU-04835,2,D-01R-006-3-A,PKR-030,MULTI,UPS Ground,GROUND
ORD-1336332,2025-06-13,19:00:15,SKU-02893,2,B-01L-026-2-B,PKR-018,MULTI,USPS Priority Mail,GROUND
ORD-1339544,2025-06-13,14:45:46,SKU-00628,2,C-03L-011-1-B,PKR-010,MULTI,USPS Priority Mail,GROUND
ORD-1339915,2025-06-13,16:15:20,SKU-02859,1,A-01L-018-3-A,PKR-029,MULTI,FedEx 2Day,GROUND
ORD-1339668,2025-06-13,18:59:20,SKU-03364,2,C-01R-010-3-A,PKR-022,MULTI,FedEx 2Day,GROUND
ORD-1334248,2025-06-13,16:47:25,SKU-04564,2,D-02L-006-3-B,PKR-006,MULTI,FedEx Ground,GROUND
ORD-1338318,2025-06-13,20:53:03,SKU-00132,2,A-04R-016-4-B,PKR-007,MULTI,FedEx Ground,GROUND
ORD-1338771,2025-06-13,19:42:28,SKU-01850,2,A-04R-006-2-A,PKR-031,MULTI,UPS Ground,GROUND
ORD-1335761,2025-06-13,16:54:16,SKU-00180,2,B-03L-010-1-A,PKR-024,MULTI,USPS Priority Mail,GROUND
ORD-1339021,2025-06-13,19:46:51,SKU-02624,1,A-02R-022-1-A,PKR-026,MULTI,FedEx 2Day,GROUND
ORD-1332507,2025-06-13,13:47:32,SKU-04041,2,A-02R-002-2-B,PKR-030,MULTI,FedEx 2Day,PRIORITY_2D
ORD-1332034,2025-06-13,17:29:37,SKU-03465,2,B-01R-013-4-A,PKR-015,MULTI,FedEx Ground,GROUND
ORD-1333669,2025-06-13,15:36:37,SKU-00256,2,A-03R-007-2-A,PKR-029,MULTI,FedEx Ground,GROUND
ORD-1339468,2025-06-13,13:55:32,SKU-04328,1,A-02L-021-1-B,PKR-022,MULTI,USPS Priority Mail,GROUND
ORD-1334011,2025-06-13,08:30:54,SKU-04778,2,B-01L-023-3-B,PKR-014,MULTI,UPS Ground,GROUND
ORD-1338978,2025-06-13,19:31:44,SKU-04041,2,A-02R-002-2-B,PKR-027,MULTI,FedEx Ground,GROUND
ORD-1333859,2025-06-13,09:50:11,SKU-04041,2,A-02R-002-2-B,PKR-024,MULTI,USPS Priority Mail,PRIORITY_2D
ORD-1337763,2025-06-13,19:20:54,SKU-02371,1,B-01R-024-3-A,PKR-010,MULTI,UPS Ground,GROUND
ORD-1338190,2025-06-13,09:31:58,SKU-00470,2,C-03R-012-1-A,PKR-009,MULTI,FedEx 2Day,GROUND
ORD-1333206,2025-06-13,11:05:26,SKU-00046,2,B-03L-005-2-A,PKR-031,MULTI,USPS Priority Mail,GROUND
ORD-1338540,2025-06-13,21:21:41,SKU-02681,2,A-01R-018-4-B,PKR-027,MULTI,UPS Ground,GROUND
ORD-1333934,2025-06-13,08:41:19,SKU-04425,2,A-01L-019-1-B,PKR-019,MULTI,UPS Ground,GROUND
ORD-1339220,2025-06-13,06:20:58,SKU-04717,2,B-02R-006-3-B,PKR-012,MULTI,FedEx 2Day,GROUND
ORD-1339256,2025-06-13,17:21:52,SKU-02420,2,B-01L-005-4-B,PKR-023,SINGLE,UPS Ground,PRIORITY_2D
ORD-1336859,2025-06-13,10:16:59,SKU-02757,1,E-01L-023-3-B,PKR-005,MULTI,UPS Ground,GROUND
ORD-1333506,2025-06-13,09:43:57,SKU-04435,2,A-02R-016-4-A,PKR-030,MULTI,FedEx Ground,GROUND
ORD-1339374,2025-06-13,13:19:35,SKU-02772,2,A-02R-012-5-A,PKR-015,MULTI,FedEx Ground,GROUND
ORD-1332861,2025-06-13,15:59:32,SKU-04041,1,A-02R-002-2-B,PKR-023,MULTI,USPS Priority Mail,GROUND
ORD-1333720,2025-06-13,09:59:21,SKU-02222,2,C-01R-012-5-B,PKR-010,MULTI,FedEx 2Day,GROUND
ORD-1336554,2025-06-13,20:02:38,SKU-04328,1,A-02L-021-1-B,PKR-028,MULTI,USPS Priority Mail,GROUND
ORD-1337131,2025-06-13,18:21:28,SKU-02681,1,A-01R-018-4-B,PKR-024,MULTI,FedEx Ground,GROUND
ORD-1332970,2025-06-13,15:50:01,SKU-03727,2,B-02R-023-4-A,PKR-020,MULTI,FedEx 2Day,PRIORITY_2D
ORD-1335245,2025-06-13,21:53:46,SKU-02875,2,A-02L-009-4-A,PKR-003,MULTI,USPS Priority Mail,GROUND
ORD-1336459,2025-06-13,17:35:39,SKU-00392,1,B-03L-019-1-B,PKR-011,MULTI,UPS Ground,GROUND
ORD-1332955,2025-06-13,10:02:12,SKU-02585,2,A-01R-012-4-A,PKR-012,MULTI,UPS Ground,STANDARD_OVERNIGHT
ORD-1333572,2025-06-13,10:27:37,SKU-02358,2,C-01L-012-4-B,PKR-013,MULTI,USPS Priority Mail,GROUND
ORD-1332249,2025-06-13,12:48:50,SKU-02085,2,D-02R-008-1-A,PKR-024,MULTI,UPS Ground,GROUND
ORD-1332618,2025-06-13,10:28:30,SKU-01755,2,B-04R-018-3-A,PKR-031,MULTI,UPS Ground,PRIORITY_2D
ORD-1337508,2025-06-13,08:20:41,SKU-00466,2,C-04R-016-1-B,PKR-002,MULTI,FedEx 2Day,PRIORITY_2D
ORD-1338704,2025-06-13,17:24:31,SKU-04865,2,A-01R-011-4-B,PKR-014,MULTI,UPS Ground,GROUND
ORD-1339196,2025-06-13,06:43:01,SKU-04667,2,D-02R-016-3-A,PKR-014,MULTI,FedEx Ground,GROUND
ORD-1333043,2025-06-13,21:43:00,SKU-00158,2,C-04L-010-3-A,PKR-027,MULTI,FedEx 2Day,GROUND
ORD-1332382,2025-06-13,20:51:59,SKU-04328,2,A-02L-021-1-B,PKR-023,MULTI,UPS Ground,GROUND
ORD-1336340,2025-06-13,21:12:34,SKU-03727,2,B-02R-023-4-A,PKR-024,MULTI,UPS Ground,PRIORITY_2D
ORD-1335292,2025-06-13,18:32:09,SKU-01432,2,A-04R-017-4-A,PKR-019,MULTI,USPS Priority Mail,PRIORITY_2D
ORD-1336355,2025-06-13,12:46:09,SKU-04328,2,A-02L-021-1-B,PKR-028,MULTI,FedEx Ground,STANDARD_OVERNIGHT
ORD-1336084,2025-06-13,17:10:40,SKU-00958,2,B-03L-012-2-A,PKR-006,MULTI,USPS Priority Mail,GROUND
ORD-1334322,2025-06-13,17:45:24,SKU-03496,2,B-01R-016-5-B,PKR-025,SINGLE,UPS Ground,PRIORITY_2D
ORD-1333290,2025-06-13,17:51:25,SKU-02232,2,C-01L-002-5-A,PKR-007,MULTI,USPS Priority Mail,GROUND
ORD-1333984,2025-06-13,12:42:52,SKU-02034,2,A-02L-014-4-B,PKR-015,MULTI,UPS Ground,GROUND
ORD-1334541,2025-06-13,16:15:29,SKU-00275,1,C-04L-013-2-A,PKR-011,MULTI,FedEx Ground,GROUND
ORD-1337174,2025-06-13,06:59:10,SKU-00418,2,E-04R-015-3-A,PKR-022,MULTI,FedEx Ground,PRIORITY_2D
ORD-1335741,2025-06-13,10:38:40,SKU-04328,2,A-02L-021-1-B,PKR-013,MULTI,FedEx Ground,GROUND
ORD-1336674,2025-06-13,09:02:44,SKU-01709,2,A-03L-014-1-B,PKR-029,MULTI,USPS Priority Mail,GROUND
ORD-1338014,2025-06-13,09:59:04,SKU-04457,2,A-01L-020-2-B,PKR-004,MULTI,FedEx Ground,PRIORITY_2D
ORD-1339200,2025-06-13,21:26:11,SKU-02125,1,A-01R-020-2-B,PKR-025,MULTI,FedEx 2Day,STANDARD_OVERNIGHT
ORD-1337397,2025-06-13,07:23:04,SKU-04608,2,A-02L-025-1-B,PKR-019,MULTI,UPS Ground,GROUND
ORD-1336886,2025-06-13,11:58:57,SKU-01791,1,C-03L-005-1-B,PKR-004,MULTI,UPS Ground,GROUND
ORD-1338314,2025-06-13,15:45:43,SKU-04457,2,A-01L-020-2-B,PKR-009,SINGLE,FedEx Ground,PRIORITY_2D
ORD-1336878,2025-06-13,09:09:31,SKU-00063,1,C-04L-014-4-A,PKR-020,MULTI,FedEx Ground,GROUND
ORD-1337669,2025-06-13,13:59:28,SKU-00872,2,A-04L-005-1-A,PKR-029,MULTI,FedEx Ground,GROUND
ORD-1338214,2025-06-13,19:53:49,SKU-04328,2,A-02L-021-1-B,PKR-030,MULTI,USPS Priority Mail,GROUND
ORD-1337528,2025-06-13,11:27:30,SKU-02624,1,A-02R-022-1-A,PKR-028,MULTI,FedEx Ground,GROUND
ORD-1332100,2025-06-13,11:26:57,SKU-00047,2,A-03L-014-4-B,PKR-025,MULTI,FedEx Ground,GROUND
ORD-1336214,2025-06-13,17:48:44,SKU-04041,2,A-02R-002-2-B,PKR-032,MULTI,FedEx Ground,GROUND
ORD-1333534,2025-06-13,17:29:12,SKU-01789,2,D-04R-006-1-B,PKR-022,MULTI,FedEx Ground,PRIORITY_2D
ORD-1333772,2025-06-13,12:46:10,SKU-00613,2,C-03R-011-1-B,PKR-027,MULTI,FedEx Ground,GROUND
ORD-1337433,2025-06-13,14:49:18,SKU-04041,1,A-02R-002-2-B,PKR-007,MULTI,USPS Priority Mail,GROUND
ORD-1336171,2025-06-13,13:08:59,SKU-01785,1,B-04R-012-1-B,PKR-012,MULTI,UPS Ground,GROUND
ORD-1339707,2025-06-13,06:30:11,SKU-03361,1,C-01R-018-4-B,PKR-028,MULTI,FedEx Ground,GROUND
ORD-1339876,2025-06-13,15:10:58,SKU-03049,1,C-02L-003-4-A,PKR-009,MULTI,UPS Ground,GROUND
ORD-1333855,2025-06-13,21:03:36,SKU-02512,2,B-02L-023-2-B,PKR-002,MULTI,UPS Ground,PRIORITY_2D
ORD-1333964,2025-06-13,09:12:44,SKU-02085,2,D-02R-008-1-A,PKR-015,MULTI,USPS Priority Mail,GROUND
ORD-1332549,2025-06-13,16:59:53,SKU-00056,2,C-04R-006-2-A,PKR-022,MULTI,USPS Priority Mail,GROUND
ORD-1332030,2025-06-13,16:49:15,SKU-04304,2,A-02R-022-3-B,PKR-025,MULTI,UPS 2nd Day Air,GROUND
ORD-1336445,2025-06-13,14:02:48,SKU-00318,2,A-04R-009-4-A,PKR-015,MULTI,USPS Priority Mail,GROUND
ORD-1333776,2025-06-13,14:10:56,SKU-04328,2,A-02L-021-1-B,PKR-023,MULTI,FedEx Ground,GROUND
ORD-1335930,2025-06-13,09:48:39,SKU-02557,2,B-02L-019-4-A,PKR-005,MULTI,USPS Priority Mail,PRIORITY_2D
ORD-1339378,2025-06-13,19:51:44,SKU-03730,1,D-01R-021-1-B,PKR-023,MULTI,FedEx 2Day,GROUND
ORD-1337228,2025-06-13,12:50:54,SKU-01975,1,B-04L-014-4-A,PKR-016,MULTI,UPS Ground,GROUND
ORD-1338642,2025-06-13,16:40:24,SKU-00895,2,A-03R-012-2-A,PKR-031,MULTI,FedEx 2Day,GROUND
ORD-1336823,2025-06-13,11:42:16,SKU-01351,2,C-04L-005-3-B,PKR-005,MULTI,USPS Priority Mail,GROUND
ORD-1339066,2025-06-13,16:06:35,SKU-04215,2,C-01R-002-5-A,PKR-006,MULTI,UPS Ground,GROUND
ORD-1338965,2025-06-13,15:17:50,SKU-03585,2,A-02L-022-2-B,PKR-009,MULTI,UPS Ground,PRIORITY_2D
ORD-1338711,2025-06-13,11:40:36,SKU-01249,2,B-04L-012-4-B,PKR-010,MULTI,UPS Ground,GROUND
ORD-1339161,2025-06-13,12:01:11,SKU-04328,1,A-02L-021-1-B,PKR-027,MULTI,USPS Priority Mail,GROUND
ORD-1337478,2025-06-13,10:20:40,SKU-02509,2,B-01L-020-5-A,PKR-003,MULTI,UPS Ground,GROUND
ORD-1339960,2025-06-13,18:24:53,SKU-00132,2,A-04R-016-4-B,PKR-032,MULTI,FedEx Ground,GROUND
ORD-1335568,2025-06-13,06:15:03,SKU-03729,2,D-01R-011-4-A,PKR-017,MULTI,UPS Ground,GROUND
ORD-1336595,2025-06-13,15:23:37,SKU-04328,2,A-02L-021-1-B,PKR-004,MULTI,FedEx Ground,GROUND
ORD-1334286,2025-06-13,11:57:42,SKU-03070,2,B-01R-017-4-A,PKR-016,MULTI,UPS Ground,GROUND
ORD-1338482,2025-06-13,20:22:34,SKU-03369,2,D-02L-005-5-B,PKR-027,MULTI,UPS Ground,GROUND
ORD-1337703,2025-06-13,19:50:18,SKU-03451,1,C-02L-021-5-A,PKR-016,MULTI,FedEx Ground,PRIORITY_2D
ORD-1334930,2025-06-13,17:19:56,SKU-02767,1,C-02R-013-1-B,PKR-011,MULTI,FedEx 2Day,STANDARD_OVERNIGHT
ORD-1337796,2025-06-13,07:10:15,SKU-03756,2,A-01L-005-3-A,PKR-017,MULTI,UPS Ground,GROUND
ORD-1334125,2025-06-13,09:11:13,SKU-02792,2,B-01L-022-5-A,PKR-005,MULTI,USPS Priority Mail,PRIORITY_2D
ORD-1335064,2025-06-13,15:16:03,SKU-04041,2,A-02R-002-2-B,PKR-022,MULTI,FedEx Ground,GROUND
ORD-1338504,2025-06-13,18:23:11,SKU-04078,1,C-01R-002-2-A,PKR-020,MULTI,USPS Priority Mail,PRIORITY_2D
ORD-1339067,2025-06-13,19:32:51,SKU-03993,2,B-02L-018-2-B,PKR-002,MULTI,FedEx 2Day,STANDARD_OVERNIGHT
ORD-1332107,2025-06-13,11:53:10,SKU-04041,2,A-02R-002-2-B,PKR-012,MULTI,FedEx Ground,GROUND
ORD-1335235,2025-06-13,20:32:50,SKU-04328,1,A-02L-021-1-B,PKR-005,MULTI,FedEx Ground,GROUND
ORD-1334850,2025-06-13,17:20:55,SKU-03424,2,A-02R-025-5-B,PKR-019,MULTI,UPS Ground,GROUND
ORD-1337443,2025-06-13,15:24:02,SKU-03630,2,A-02L-025-4-B,PKR-021,MULTI,FedEx Ground,GROUND
ORD-1332854,2025-06-13,11:36:14,SKU-01552,2,A-04R-001-1-B,PKR-022,MULTI,FedEx Ground,GROUND
ORD-1333194,2025-06-13,07:07:10,SKU-03854,2,B-02L-022-3-A,PKR-014,MULTI,UPS Ground,GROUND
ORD-1334374,2025-06-13,07:32:01,SKU-02919,2,D-02L-008-2-B,PKR-031,MULTI,FedEx Ground,PRIORITY_2D
ORD-1333271,2025-06-13,07:12:47,SKU-02125,2,A-01R-020-2-B,PKR-009,MULTI,FedEx Ground,GROUND
ORD-1339989,2025-06-13,17:05:54,SKU-04041,2,A-02R-002-2-B,PKR-004,MULTI,USPS Priority Mail,GROUND
ORD-1332168,2025-06-13,20:58:39,SKU-02272,1,A-02R-002-5-A,PKR-031,SINGLE,USPS Priority Mail,GROUND
ORD-1339348,2025-06-13,15:47:24,SKU-02797,1,C-01L-021-5-B,PKR-009,MULTI,UPS Ground,GROUND
ORD-1339779,2025-06-13,10:44:51,SKU-04328,1,A-02L-021-1-B,PKR-027,MULTI,UPS Ground,GROUND
ORD-1337433,2025-06-13,14:49:18,SKU-04538,2,A-01R-001-1-B,PKR-007,MULTI,USPS Priority Mail,GROUND
ORD-1333296,2025-06-13,11:40:29,SKU-04710,2,A-02L-008-2-A,PKR-027,MULTI,FedEx Ground,GROUND
ORD-1334735,2025-06-13,19:02:42,SKU-04457,1,A-01L-020-2-B,PKR-008,MULTI,USPS Priority Mail,PRIORITY_2D
ORD-1336058,2025-06-13,06:36:37,SKU-04878,1,B-01R-016-3-B,PKR-007,SINGLE,FedEx Ground,GROUND
ORD-1338702,2025-06-13,09:12:13,SKU-00345,1,C-03R-006-3-B,PKR-026,SINGLE,UPS 2nd Day Air,PRIORITY_2D
ORD-1333123,2025-06-13,21:31:02,SKU-04295,2,C-02R-021-5-B,PKR-023,MULTI,USPS Priority Mail,GROUND
ORD-1332477,2025-06-13,13:52:50,SKU-03881,2,B-02R-002-4-A,PKR-023,MULTI,UPS Ground,STANDARD_OVERNIGHT
ORD-1338967,2025-06-13,18:25:24,SKU-04547,2,C-02L-001-2-B,PKR-013,MULTI,FedEx Ground,PRIORITY_2D
ORD-1335203,2025-06-13,21:28:10,SKU-04057,2,B-01L-008-4-A,PKR-032,MULTI,FedEx Ground,GROUND
ORD-1335363,2025-06-13,13:12:45,SKU-04041,2,A-02R-002-2-B,PKR-008,MULTI,UPS Ground,GROUND
ORD-1339991,2025-06-13,18:16:22,SKU-02932,2,A-01R-025-4-B,PKR-025,MULTI,UPS Ground,GROUND
ORD-1333796,2025-06-13,18:51:57,SKU-02419,2,B-02R-011-3-B,PKR-026,MULTI,USPS Priority Mail,GROUND
ORD-1333075,2025-06-13,11:22:13,SKU-04308,1,B-02R-019-4-A,PKR-027,MULTI,UPS Ground,GROUND
ORD-1335497,2025-06-13,15:38:54,SKU-02908,2,B-02L-005-3-A,PKR-030,MULTI,FedEx 2Day,PRIORITY_2D
ORD-1334662,2025-06-13,11:58:56,SKU-01054,1,B-03R-017-2-B,PKR-023,MULTI,FedEx 2Day,GROUND
ORD-1339316,2025-06-13,11:10:42,SKU-00563,2,D-04R-017-1-B,PKR-011,MULTI,UPS 2nd Day Air,PRIORITY_2D
ORD-1337481,2025-06-13,11:51:24,SKU-04328,1,A-02L-021-1-B,PKR-005,MULTI,USPS Priority Mail,PRIORITY_2D
ORD-1334101,2025-06-13,07:23:19,SKU-00872,1,A-04L-005-1-A,PKR-003,MULTI,UPS Ground,GROUND
ORD-1335709,2025-06-13,10:25:11,SKU-02908,2,B-02L-005-3-A,PKR-022,MULTI,FedEx Ground,PRIORITY_2D
ORD-1332534,2025-06-13,18:39:30,SKU-04328,1,A-02L-021-1-B,PKR-004,MULTI,UPS Ground,PRIORITY_2D
ORD-1335869,2025-06-13,10:18:16,SKU-01204,2,A-03R-016-1-B,PKR-011,MULTI,FedEx 2Day,STANDARD_OVERNIGHT
ORD-1335635,2025-06-13,09:08:42,SKU-01179,2,B-04R-007-2-A,PKR-010,MULTI,FedEx Ground,GROUND
ORD-1337499,2025-06-13,07:56:29,SKU-03369,2,D-02L-005-5-B,PKR-020,MULTI,FedEx Ground,GROUND
ORD-1335428,2025-06-13,11:08:07,SKU-04492,2,B-02R-016-2-A,PKR-030,MULTI,USPS Priority Mail,GROUND
ORD-1337252,2025-06-13,16:38:00,SKU-03999,2,A-02R-017-3-A,PKR-012,MULTI,FedEx 2Day,GROUND
ORD-1336161,2025-06-13,15:43:39,SKU-01121,1,B-04R-017-4-A,PKR-012,MULTI,UPS Ground,GROUND
ORD-1338695,2025-06-13,16:41:09,SKU-02125,2,A-01R-020-2-B,PKR-028,MULTI,FedEx Ground,PRIORITY_2D
ORD-1334447,2025-06-13,19:56:43,SKU-03854,1,B-02L-022-3-A,PKR-023,MULTI,UPS Ground,GROUND
ORD-1332910,2025-06-13,10:15:46,SKU-02585,2,A-01R-012-4-A,PKR-010,MULTI,USPS Priority Mail,GROUND
ORD-1333671,2025-06-13,09:26:51,SKU-01204,1,A-03R-016-1-B,PKR-030,MULTI,FedEx Ground,GROUND
ORD-1333500,2025-06-13,08:28:08,SKU-00872,2,A-04L-005-1-A,PKR-013,MULTI,FedEx Ground,GROUND
ORD-1335372,2025-06-13,12:07:14,SKU-01490,2,B-04R-009-1-A,PKR-012,MULTI,FedEx Ground,GROUND
ORD-1335680,2025-06-13,16:19:43,SKU-00838,2,A-03L-009-1-B,PKR-029,MULTI,FedEx Ground,STANDARD_OVERNIGHT
ORD-1337291,2025-06-13,11:51:40,SKU-04328,2,A-02L-021-1-B,PKR-020,MULTI,UPS Ground,GROUND
ORD-1335093,2025-06-13,16:35:01,SKU-03823,2,C-02R-020-1-B,PKR-032,MULTI,FedEx Ground,GROUND
ORD-1337708,2025-06-13,06:40:49,SKU-02609,2,C-01R-013-1-B,PKR-022,MULTI,UPS Ground,GROUND
ORD-1338361,2025-06-13,07:13:47,SKU-04041,2,A-02R-002-2-B,PKR-026,MULTI,USPS Priority Mail,GROUND
ORD-1339319,2025-06-13,14:28:55,SKU-04928,2,B-01L-013-2-B,PKR-023,MULTI,USPS Priority Mail,GROUND
ORD-1332832,2025-06-13,12:02:13,SKU-00751,2,C-03L-007-1-B,PKR-012,MULTI,USPS Priority Mail,GROUND
ORD-1333875,2025-06-13,17:31:32,SKU-02085,1,D-02R-008-1-A,PKR-023,MULTI,FedEx Ground,GROUND
ORD-1333404,2025-06-13,12:34:24,SKU-02585,2,A-01R-012-4-A,PKR-007,MULTI,FedEx Ground,GROUND
ORD-1335999,2025-06-13,13:12:20,SKU-04328,1,A-02L-021-1-B,PKR-004,MULTI,FedEx Ground,GROUND
ORD-1337634,2025-06-13,06:32:06,SKU-02420,1,B-01L-005-4-B,PKR-011,MULTI,FedEx Ground,GROUND
ORD-1333652,2025-06-13,10:17:56,SKU-02420,1,B-01L-005-4-B,PKR-019,SINGLE,FedEx Ground,GROUND
ORD-1339136,2025-06-13,14:49:53,SKU-02932,2,A-01R-025-4-B,PKR-026,MULTI,USPS Priority Mail,GROUND
ORD-1339652,2025-06-13,18:49:48,SKU-04041,2,A-02R-002-2-B,PKR-025,MULTI,USPS Priority Mail,GROUND
ORD-1332306,2025-06-13,10:55:33,SKU-01453,2,C-03L-010-4-B,PKR-022,MULTI,FedEx 2Day,STANDARD_OVERNIGHT
ORD-1339656,2025-06-13,19:02:29,SKU-02676,1,B-02R-014-4-B,PKR-023,MULTI,USPS Priority Mail,GROUND
ORD-1332826,2025-06-13,08:01:42,SKU-01490,2,B-04R-009-1-A,PKR-028,MULTI,FedEx Ground,GROUND
ORD-1337828,2025-06-13,17:04:01,SKU-03539,2,D-02L-004-2-B,PKR-019,MULTI,USPS Priority Mail,GROUND
ORD-1338250,2025-06-13,19:57:54,SKU-02597,2,A-01L-006-4-B,PKR-001,MULTI,FedEx 2Day,STANDARD_OVERNIGHT
ORD-1339561,2025-06-13,11:08:26,SKU-01873,2,B-03R-018-4-A,PKR-023,MULTI,FedEx 2Day,GROUND
ORD-1337693,2025-06-13,20:59:04,SKU-02552,2,B-02R-022-5-B,PKR-032,MULTI,USPS Priority Mail,GROUND
ORD-1334444,2025-06-13,20:50:21,SKU-01652,1,B-04R-013-1-B,PKR-003,MULTI,UPS Ground,PRIORITY_2D
ORD-1338167,2025-06-13,11:16:09,SKU-03881,2,B-02R-002-4-A,PKR-006,MULTI,FedEx 2Day,PRIORITY_2D
ORD-1334959,2025-06-13,17:09:30,SKU-04615,2,D-02R-006-3-B,PKR-011,MULTI,UPS Ground,GROUND
ORD-1334924,2025-06-13,06:04:40,SKU-02366,1,A-01R-020-4-A,PKR-004,MULTI,UPS Ground,STANDARD_OVERNIGHT
ORD-1338499,2025-06-13,19:18:25,SKU-04670,2,C-02R-018-2-B,PKR-032,MULTI,FedEx Ground,PRIORITY_2D
ORD-1338283,2025-06-13,08:35:46,SKU-03727,2,B-02R-023-4-A,PKR-025,MULTI,UPS Ground,PRIORITY_2D
ORD-1333426,2025-06-13,12:33:54,SKU-02624,1,A-02R-022-1-A,PKR-004,MULTI,UPS Ground,STANDARD_OVERNIGHT
ORD-1332544,2025-06-13,07:06:01,SKU-02505,2,B-02R-020-5-A,PKR-010,MULTI,UPS Ground,GROUND
ORD-1337125,2025-06-13,10:07:53,SKU-02041,2,E-01R-022-2-A,PKR-018,MULTI,USPS Priority Mail,GROUND
ORD-1337625,2025-06-13,07:52:00,SKU-04878,2,B-01R-016-3-B,PKR-029,SINGLE,UPS Ground,GROUND
ORD-1336690,2025-06-13,17:33:30,SKU-02104,1,B-01R-002-1-A,PKR-016,MULTI,UPS Ground,GROUND
ORD-1333394,2025-06-13,19:45:10,SKU-01556,1,B-03L-010-2-B,PKR-031,MULTI,FedEx Ground,PRIORITY_2D
ORD-1335274,2025-06-13,08:51:49,SKU-00103,2,C-04L-019-1-B,PKR-010,MULTI,USPS Priority Mail,GROUND
ORD-1332771,2025-06-13,13:22:05,SKU-02403,2,A-01R-001-2-A,PKR-023,MULTI,FedEx Ground,GROUND
ORD-1337927,2025-06-13,08:08:11,SKU-04809,2,A-01R-016-2-B,PKR-012,MULTI,USPS Priority Mail,GROUND
ORD-1334183,2025-06-13,12:35:41,SKU-00303,1,B-03L-008-1-A,PKR-011,MULTI,USPS Priority Mail,PRIORITY_2D
ORD-1338104,2025-06-13,18:46:40,SKU-03159,2,A-02R-002-1-A,PKR-027,MULTI,FedEx Ground,GROUND
ORD-1337496,2025-06-13,10:05:34,SKU-04041,1,A-02R-002-2-B,PKR-018,MULTI,UPS Ground,GROUND
ORD-1335891,2025-06-13,15:57:51,SKU-00044,2,B-03R-009-3-A,PKR-026,MULTI,FedEx Ground,GROUND
ORD-1337494,2025-06-13,11:21:11,SKU-02319,1,B-02R-022-4-B,PKR-019,MULTI,UPS Ground,PRIORITY_2D
ORD-1339609,2025-06-13,08:50:56,SKU-03642,1,B-02R-003-2-B,PKR-023,SINGLE,UPS Ground,PRIORITY_2D
ORD-1338085,2025-06-13,07:00:37,SKU-03727,2,B-02R-023-4-A,PKR-018,MULTI,FedEx Ground,GROUND
ORD-1338588,2025-06-13,07:55:33,SKU-04875,2,B-02R-023-5-B,PKR-013,MULTI,FedEx Ground,GROUND
ORD-1335382,2025-06-13,09:17:58,SKU-01848,1,A-04L-001-2-A,PKR-021,MULTI,UPS Ground,GROUND
ORD-1337455,2025-06-13,11:08:21,SKU-04041,2,A-02R-002-2-B,PKR-019,MULTI,FedEx Ground,GROUND
ORD-1336113,2025-06-13,18:48:08,SKU-00392,2,B-03L-019-1-B,PKR-030,MULTI,UPS 2nd Day Air,GROUND
ORD-1332099,2025-06-13,11:50:13,SKU-00983,2,A-03R-013-4-B,PKR-018,MULTI,USPS Priority Mail,GROUND
ORD-1339676,2025-06-13,15:02:44,SKU-04041,2,A-02R-002-2-B,PKR-025,MULTI,FedEx Ground,PRIORITY_2D
ORD-1336085,2025-06-13,13:09:09,SKU-04116,2,B-02L-002-3-A,PKR-020,MULTI,UPS Ground,GROUND
ORD-1337318,2025-06-13,11:58:34,SKU-02876,2,C-01R-009-2-A,PKR-028,MULTI,FedEx Ground,GROUND
ORD-1336985,2025-06-13,14:09:23,SKU-04041,1,A-02R-002-2-B,PKR-021,MULTI,UPS Ground,PRIORITY_2D
ORD-1335557,2025-06-13,10:00:00,SKU-04328,2,A-02L-021-1-B,PKR-031,MULTI,FedEx Ground,GROUND
ORD-1337877,2025-06-13,11:51:11,SKU-02908,2,B-02L-005-3-A,PKR-003,MULTI,UPS Ground,PRIORITY_2D
ORD-1332562,2025-06-13,20:42:52,SKU-00512,2,A-04R-012-3-A,PKR-006,MULTI,UPS Ground,STANDARD_OVERNIGHT
ORD-1334747,2025-06-13,12:20:37,SKU-03665,2,C-01R-011-3-A,PKR-030,MULTI,FedEx Ground,GROUND
ORD-1334152,2025-06-13,08:14:00,SKU-02154,2,B-02R-026-5-A,PKR-025,MULTI,UPS Ground,GROUND
ORD-1335614,2025-06-13,16:57:57,SKU-02585,1,A-01R-012-4-A,PKR-021,MULTI,UPS Ground,GROUND
ORD-1332890,2025-06-13,18:58:19,SKU-01204,1,A-03R-016-1-B,PKR-003,MULTI,UPS Ground,GROUND
ORD-1333883,2025-06-13,09:21:14,SKU-03719,1,C-02R-016-5-A,PKR-010,MULTI,USPS Priority Mail,GROUND
ORD-1337657,2025-06-13,16:27:49,SKU-04557,2,B-02R-023-2-B,PKR-024,MULTI,UPS Ground,GROUND
ORD-1332180,2025-06-13,06:03:35,SKU-04424,2,A-01R-008-5-A,PKR-014,MULTI,USPS Priority Mail,GROUND
ORD-1338937,2025-06-13,17:53:01,SKU-04328,1,A-02L-021-1-B,PKR-008,MULTI,USPS Priority Mail,GROUND
ORD-1334182,2025-06-13,12:10:35,SKU-02572,2,C-02L-025-2-A,PKR-018,MULTI,FedEx Ground,GROUND
ORD-1333572,2025-06-13,10:27:37,SKU-00291,1,A-04L-017-2-A,PKR-013,MULTI,USPS Priority Mail,GROUND
ORD-1340757,2025-06-14,21:02:55,SKU-02859,2,A-01L-018-3-A,PKR-019,MULTI,USPS Priority Mail,GROUND
ORD-1342513,2025-06-14,14:37:42,SKU-04733,2,A-01R-018-1-A,PKR-026,MULTI,FedEx Ground,PRIORITY_2D
ORD-1340630,2025-06-14,09:31:55,SKU-00872,1,A-04L-005-1-A,PKR-015,MULTI,UPS Ground,PRIORITY_2D
ORD-1340966,2025-06-14,08:02:57,SKU-02852,1,D-01R-011-1-A,PKR-008,MULTI,FedEx Ground,GROUND
ORD-1343951,2025-06-14,19:14:43,SKU-02624,1,A-02R-022-1-A,PKR-024,MULTI,FedEx Ground,GROUND
ORD-1340044,2025-06-14,12:26:00,SKU-02552,2,B-02R-022-5-B,PKR-007,MULTI,USPS Priority Mail,GROUND
ORD-1341259,2025-06-14,21:45:19,SKU-03540,1,D-02R-019-5-A,PKR-013,MULTI,FedEx Ground,GROUND
ORD-1340081,2025-06-14,07:25:11,SKU-02449,1,B-02R-009-5-A,PKR-025,MULTI,FedEx 2Day,GROUND
ORD-1342487,2025-06-14,18:25:48,SKU-04328,1,A-02L-021-1-B,PKR-031,MULTI,FedEx Ground,GROUND
ORD-1343583,2025-06-14,13:39:30,SKU-02226,1,B-01R-001-3-B,PKR-006,MULTI,USPS Priority Mail,GROUND
ORD-1340380,2025-06-14,18:34:43,SKU-02264,2,B-02R-017-3-B,PKR-003,MULTI,FedEx 2Day,PRIORITY_2D
ORD-1340247,2025-06-14,06:46:02,SKU-02681,2,A-01R-018-4-B,PKR-014,MULTI,FedEx Ground,GROUND
ORD-1343320,2025-06-14,08:36:49,SKU-04328,2,A-02L-021-1-B,PKR-009,SINGLE,FedEx Ground,GROUND
ORD-1341745,2025-06-14,15:03:30,SKU-04710,1,A-02L-008-2-A,PKR-021,MULTI,UPS 2nd Day Air,GROUND
ORD-1343117,2025-06-14,06:29:25,SKU-02859,2,A-01L-018-3-A,PKR-009,MULTI,USPS Priority Mail,GROUND
ORD-1343007,2025-06-14,16:30:09,SKU-04370,2,A-02R-026-5-A,PKR-024,MULTI,FedEx Ground,GROUND
ORD-1341619,2025-06-14,21:51:00,SKU-01803,2,B-03R-020-1-A,PKR-016,MULTI,UPS Ground,STANDARD_OVERNIGHT
ORD-1343618,2025-06-14,06:44:47,SKU-01204,1,A-03R-016-1-B,PKR-006,MULTI,FedEx Ground,GROUND
ORD-1341841,2025-06-14,09:45:32,SKU-02585,2,A-01R-012-4-A,PKR-002,MULTI,USPS Priority Mail,GROUND
ORD-1341865,2025-06-14,07:27:51,SKU-04041,1,A-02R-002-2-B,PKR-009,MULTI,FedEx Ground,GROUND
ORD-1342571,2025-06-14,15:11:29,SKU-04608,2,A-02L-025-1-B,PKR-022,SINGLE,FedEx Ground,GROUND
ORD-1342199,2025-06-14,17:37:27,SKU-02908,1,B-02L-005-3-A,PKR-016,MULTI,FedEx Ground,GROUND
ORD-1343615,2025-06-14,10:37:14,SKU-01121,1,B-04R-017-4-A,PKR-023,MULTI,USPS Priority Mail,PRIORITY_2D
ORD-1341613,2025-06-14,13:48:29,SKU-00303,2,B-03L-008-1-A,PKR-022,MULTI,USPS Priority Mail,GROUND
ORD-1341613,2025-06-14,13:48:29,SKU-03252,2,B-01L-021-1-B,PKR-022,MULTI,USPS Priority Mail,GROUND
ORD-1342964,2025-06-14,12:33:25,SKU-04328,2,A-02L-021-1-B,PKR-006,MULTI,FedEx Ground,GROUND
ORD-1342402,2025-06-14,11:45:01,SKU-02060,1,A-01R-005-3-B,PKR-028,MULTI,USPS Priority Mail,GROUND
ORD-1342184,2025-06-14,21:25:17,SKU-00841,1,D-04R-010-1-B,PKR-018,MULTI,USPS Priority Mail,GROUND
ORD-1342083,2025-06-14,18:49:30,SKU-04865,1,A-01R-011-4-B,PKR-028,MULTI,UPS Ground,GROUND
ORD-1342812,2025-06-14,09:17:42,SKU-03727,2,B-02R-023-4-A,PKR-026,MULTI,UPS Ground,GROUND
ORD-1341415,2025-06-14,20:32:48,SKU-03716,2,B-02L-011-2-A,PKR-005,MULTI,FedEx Ground,GROUND
ORD-1342344,2025-06-14,19:47:16,SKU-04803,2,B-02L-004-5-A,PKR-002,MULTI,UPS Ground,PRIORITY_2D
ORD-1340049,2025-06-14,09:20:12,SKU-01463,1,A-04L-004-3-B,PKR-020,MULTI,FedEx Ground,GROUND
ORD-1343598,2025-06-14,21:37:55,SKU-04328,1,A-02L-021-1-B,PKR-004,MULTI,UPS Ground,PRIORITY_2D
ORD-1342234,2025-06-14,16:06:08,SKU-03727,2,B-02R-023-4-A,PKR-005,MULTI,USPS Priority Mail,GROUND
ORD-1342645,2025-06-14,18:24:47,SKU-02509,1,B-01L-020-5-A,PKR-018,MULTI,FedEx Ground,PRIORITY_2D
ORD-1343144,2025-06-14,19:48:17,SKU-04608,2,A-02L-025-1-B,PKR-011,MULTI,FedEx Ground,GROUND
ORD-1343353,2025-06-14,21:05:24,SKU-01204,2,A-03R-016-1-B,PKR-020,MULTI,USPS Priority Mail,GROUND
ORD-1340758,2025-06-14,07:09:41,SKU-00466,2,C-04R-016-1-B,PKR-013,MULTI,USPS Priority Mail,STANDARD_OVERNIGHT
ORD-1340521,2025-06-14,20:33:01,SKU-04328,2,A-02L-021-1-B,PKR-029,MULTI,FedEx Ground,GROUND
ORD-1342865,2025-06-14,12:59:04,SKU-02004,2,E-02L-022-4-B,PKR-008,MULTI,UPS Ground,GROUND
ORD-1342081,2025-06-14,17:23:54,SKU-04768,2,A-01R-021-2-A,PKR-031,MULTI,UPS Ground,PRIORITY_2D
ORD-1341157,2025-06-14,09:21:32,SKU-02943,1,D-01L-023-4-B,PKR-009,MULTI,USPS Priority Mail,GROUND
ORD-1341669,2025-06-14,15:02:06,SKU-02044,2,A-01R-023-5-B,PKR-021,MULTI,FedEx 2Day,PRIORITY_2D
ORD-1341743,2025-06-14,16:43:21,SKU-04061,2,C-01L-005-2-B,PKR-024,MULTI,UPS Ground,PRIORITY_2D
ORD-1343433,2025-06-14,18:49:17,SKU-00535,2,A-03R-010-2-A,PKR-028,MULTI,USPS Priority Mail,GROUND
ORD-1342950,2025-06-14,12:35:45,SKU-04285,2,A-01L-018-3-B,PKR-029,MULTI,UPS Ground,GROUND
ORD-1341671,2025-06-14,11:12:32,SKU-00354,2,A-03R-003-1-B,PKR-014,SINGLE,USPS Priority Mail,GROUND
ORD-1342566,2025-06-14,19:59:18,SKU-04116,2,B-02L-002-3-A,PKR-017,MULTI,USPS Priority Mail,GROUND
ORD-1340560,2025-06-14,12:46:51,SKU-02202,2,C-01R-025-1-B,PKR-018,MULTI,FedEx Ground,GROUND
ORD-1343727,2025-06-14,13:29:46,SKU-00034,2,A-04L-017-3-A,PKR-001,MULTI,FedEx Ground,GROUND
ORD-1340562,2025-06-14,15:39:07,SKU-03766,2,E-01L-013-3-B,PKR-014,MULTI,UPS 2nd Day Air,GROUND
ORD-1343506,2025-06-14,11:48:36,SKU-04526,1,C-01R-011-2-A,PKR-004,MULTI,USPS Priority Mail,GROUND
ORD-1342613,2025-06-14,18:56:47,SKU-03297,2,B-01L-013-1-A,PKR-027,MULTI,UPS Ground,GROUND
ORD-1341839,2025-06-14,13:12:42,SKU-02125,2,A-01R-020-2-B,PKR-016,MULTI,USPS Priority Mail,GROUND
ORD-1342756,2025-06-14,18:24:30,SKU-02125,2,A-01R-020-2-B,PKR-008,MULTI,FedEx Ground,GROUND
ORD-1342707,2025-06-14,07:23:00,SKU-03663,2,E-01R-002-4-A,PKR-023,MULTI,UPS Ground,GROUND
ORD-1340589,2025-06-14,06:50:32,SKU-02520,2,D-02R-003-5-B,PKR-008,MULTI,UPS 2nd Day Air,GROUND
ORD-1341875,2025-06-14,18:15:21,SKU-03635,2,A-02R-019-5-A,PKR-020,SINGLE,FedEx Ground,PRIORITY_2D
ORD-1343187,2025-06-14,10:47:10,SKU-04130,2,B-01R-008-1-B,PKR-007,MULTI,FedEx Ground,GROUND
ORD-1342139,2025-06-14,15:20:24,SKU-02509,1,B-01L-020-5-A,PKR-025,MULTI,UPS 2nd Day Air,GROUND
ORD-1343419,2025-06-14,08:58:01,SKU-04328,2,A-02L-021-1-B,PKR-018,MULTI,USPS Priority Mail,GROUND
ORD-1343234,2025-06-14,13:01:03,SKU-01884,2,D-03R-018-3-B,PKR-007,MULTI,USPS Priority Mail,GROUND
ORD-1341179,2025-06-14,16:01:40,SKU-00804,2,D-03L-012-3-A,PKR-003,MULTI,FedEx Ground,GROUND
ORD-1340108,2025-06-14,20:41:51,SKU-04328,2,A-02L-021-1-B,PKR-014,MULTI,UPS 2nd Day Air,GROUND
ORD-1341990,2025-06-14,20:59:04,SKU-00669,1,B-03R-003-1-A,PKR-013,MULTI,USPS Priority Mail,PRIORITY_2D
ORD-1341967,2025-06-14,10:06:06,SKU-01121,2,B-04R-017-4-A,PKR-021,SINGLE,USPS Priority Mail,GROUND
ORD-1340817,2025-06-14,18:10:19,SKU-02927,1,C-02R-014-5-B,PKR-029,MULTI,UPS Ground,GROUND
ORD-1343572,2025-06-14,21:56:42,SKU-01645,2,B-04R-009-2-A,PKR-008,MULTI,FedEx Ground,GROUND
ORD-1342874,2025-06-14,06:29:03,SKU-01204,1,A-03R-016-1-B,PKR-018,SINGLE,UPS Ground,GROUND
ORD-1342368,2025-06-14,09:36:53,SKU-02372,2,D-01R-020-2-A,PKR-016,MULTI,FedEx Ground,GROUND
ORD-1343044,2025-06-14,09:19:39,SKU-02034,2,A-02L-014-4-B,PKR-015,MULTI,UPS Ground,STANDARD_OVERNIGHT
ORD-1340171,2025-06-14,13:20:24,SKU-03881,2,B-02R-002-4-A,PKR-013,MULTI,FedEx Ground,STANDARD_OVERNIGHT
ORD-1340770,2025-06-14,09:18:56,SKU-04041,2,A-02R-002-2-B,PKR-007,MULTI,USPS Priority Mail,GROUND
ORD-1342205,2025-06-14,12:36:26,SKU-02125,1,A-01R-020-2-B,PKR-013,MULTI,FedEx Ground,GROUND
ORD-1341118,2025-06-14,08:37:56,SKU-02609,2,C-01R-013-1-B,PKR-016,MULTI,FedEx Ground,GROUND
ORD-1342419,2025-06-14,10:03:57,SKU-04745,2,B-01R-013-5-A,PKR-006,MULTI,FedEx Ground,GROUND
ORD-1340967,2025-06-14,12:31:25,SKU-01964,2,D-04R-016-2-B,PKR-009,MULTI,UPS Ground,GROUND
ORD-1343117,2025-06-14,06:29:25,SKU-04041,2,A-02R-002-2-B,PKR-009,MULTI,USPS Priority Mail,GROUND
ORD-1343325,2025-06-14,08:58:55,SKU-01170,2,A-03L-002-3-B,PKR-008,MULTI,USPS Priority Mail,PRIORITY_2D
ORD-1343505,2025-06-14,18:05:00,SKU-04041,2,A-02R-002-2-B,PKR-011,SINGLE,UPS Ground,GROUND
ORD-1340084,2025-06-14,07:10:21,SKU-02836,2,A-02R-009-1-B,PKR-025,MULTI,FedEx Ground,PRIORITY_2D
ORD-1341852,2025-06-14,20:52:48,SKU-04041,2,A-02R-002-2-B,PKR-026,MULTI,USPS Priority Mail,GROUND
ORD-1342695,2025-06-14,06:16:14,SKU-04328,2,A-02L-021-1-B,PKR-003,MULTI,USPS Priority Mail,PRIORITY_2D
ORD-1342757,2025-06-14,17:25:33,SKU-01204,2,A-03R-016-1-B,PKR-002,MULTI,FedEx Ground,GROUND
ORD-1340099,2025-06-14,07:09:20,SKU-02713,1,B-01L-012-1-B,PKR-028,MULTI,USPS Priority Mail,GROUND
ORD-1343930,2025-06-14,09:02:06,SKU-02164,1,C-02L-013-3-A,PKR-011,MULTI,UPS Ground,GROUND
ORD-1343977,2025-06-14,16:47:44,SKU-00635,1,E-04R-014-4-A,PKR-032,MULTI,FedEx 2Day,PRIORITY_2D
ORD-1341309,2025-06-14,17:31:59,SKU-00872,1,A-04L-005-1-A,PKR-007,MULTI,UPS Ground,PRIORITY_2D
ORD-1340369,2025-06-14,06:44:03,SKU-03823,1,C-02R-020-1-B,PKR-013,MULTI,FedEx Ground,GROUND
ORD-1341998,2025-06-14,20:46:18,SKU-02085,2,D-02R-008-1-A,PKR-011,MULTI,UPS Ground,GROUND
ORD-1343217,2025-06-14,19:50:01,SKU-04457,2,A-01L-020-2-B,PKR-032,MULTI,USPS Priority Mail,GROUND
ORD-1342924,2025-06-14,09:14:27,SKU-02492,1,D-02R-001-3-A,PKR-017,MULTI,USPS Priority Mail,GROUND
ORD-1343490,2025-06-14,09:13:58,SKU-00881,1,D-04R-006-4-B,PKR-022,MULTI,UPS Ground,PRIORITY_2D
ORD-1341173,2025-06-14,20:25:00,SKU-02913,2,B-01L-015-2-B,PKR-013,MULTI,USPS Priority Mail,GROUND
ORD-1342152,2025-06-14,06:34:11,SKU-04041,1,A-02R-002-2-B,PKR-030,MULTI,FedEx Ground,GROUND
ORD-1349462,2025-06-16,19:46:50,SKU-03600,2,A-01L-017-2-B,PKR-005,MULTI,USPS Priority Mail,GROUND
ORD-1347894,2025-06-16,06:31:07,SKU-02443,2,D-02R-017-4-B,PKR-009,MULTI,USPS Priority Mail,GROUND
ORD-1349532,2025-06-16,11:31:59,SKU-02585,1,A-01R-012-4-A,PKR-024,SINGLE,FedEx Ground,PRIORITY_2D
ORD-1346979,2025-06-16,17:59:38,SKU-02085,2,D-02R-008-1-A,PKR-026,MULTI,FedEx 2Day,GROUND
ORD-1345799,2025-06-16,09:28:17,SKU-02913,2,B-01L-015-2-B,PKR-021,MULTI,UPS Ground,GROUND
ORD-1344019,2025-06-16,07:31:05,SKU-04328,1,A-02L-021-1-B,PKR-012,MULTI,FedEx Ground,GROUND
ORD-1345558,2025-06-16,14:13:06,SKU-04183,1,A-01L-010-2-B,PKR-001,SINGLE,UPS Ground,PRIORITY_2D
ORD-1346207,2025-06-16,09:04:28,SKU-04328,2,A-02L-021-1-B,PKR-002,SINGLE,UPS Ground,GROUND
ORD-1344886,2025-06-16,11:56:10,SKU-04328,2,A-02L-021-1-B,PKR-011,MULTI,FedEx Ground,GROUND
ORD-1345340,2025-06-16,19:25:10,SKU-03369,2,D-02L-005-5-B,PKR-024,MULTI,UPS Ground,GROUND
ORD-1344099,2025-06-16,12:40:39,SKU-04041,1,A-02R-002-2-B,PKR-006,MULTI,USPS Priority Mail,GROUND
ORD-1348588,2025-06-16,10:33:38,SKU-04328,2,A-02L-021-1-B,PKR-029,MULTI,USPS Priority Mail,STANDARD_OVERNIGHT
ORD-1349060,2025-06-16,13:14:36,SKU-02859,1,A-01L-018-3-A,PKR-008,MULTI,UPS Ground,GROUND
ORD-1348825,2025-06-16,11:36:47,SKU-01121,2,B-04R-017-4-A,PKR-029,MULTI,USPS Priority Mail,GROUND
ORD-1348891,2025-06-16,11:33:45,SKU-02710,2,C-02R-015-4-A,PKR-025,MULTI,UPS Ground,GROUND
ORD-1345602,2025-06-16,11:28:57,SKU-00673,2,C-03L-015-4-A,PKR-026,MULTI,UPS Ground,GROUND
ORD-1350347,2025-06-16,07:52:17,SKU-04370,2,A-02R-026-5-A,PKR-018,MULTI,USPS Priority Mail,GROUND
ORD-1345943,2025-06-16,13:42:40,SKU-02366,2,A-01R-020-4-A,PKR-022,MULTI,FedEx Ground,GROUND
ORD-1349073,2025-06-16,11:01:02,SKU-02104,2,B-01R-002-1-A,PKR-001,MULTI,FedEx Ground,PRIORITY_2D
ORD-1351918,2025-06-16,06:24:00,SKU-04041,2,A-02R-002-2-B,PKR-005,MULTI,UPS Ground,GROUND
ORD-1344589,2025-06-16,08:31:32,SKU-04328,2,A-02L-021-1-B,PKR-005,MULTI,USPS Priority Mail,GROUND
ORD-1351690,2025-06-16,11:14:08,SKU-02681,2,A-01R-018-4-B,PKR-025,MULTI,UPS Ground,GROUND
ORD-1350505,2025-06-16,17:22:13,SKU-02934,2,D-01L-015-1-A,PKR-027,MULTI,FedEx Ground,PRIORITY_2D
ORD-1345204,2025-06-16,09:49:31,SKU-03444,2,D-01L-004-1-A,PKR-011,MULTI,FedEx Ground,GROUND
ORD-1351375,2025-06-16,08:23:21,SKU-03640,2,B-02L-016-1-A,PKR-003,MULTI,FedEx Ground,PRIORITY_2D
ORD-1347323,2025-06-16,11:11:04,SKU-03592,1,B-01R-008-5-A,PKR-011,SINGLE,UPS Ground,GROUND
ORD-1346680,2025-06-16,10:54:13,SKU-02939,2,A-02R-016-5-A,PKR-016,MULTI,FedEx 2Day,GROUND
ORD-1350040,2025-06-16,06:02:05,SKU-02609,2,C-01R-013-1-B,PKR-028,MULTI,UPS Ground,GROUND
ORD-1351771,2025-06-16,09:49:34,SKU-00471,1,E-04L-017-1-B,PKR-006,MULTI,USPS Priority Mail,GROUND
ORD-1349545,2025-06-16,15:58:55,SKU-03823,1,C-02R-020-1-B,PKR-012,MULTI,FedEx Ground,STANDARD_OVERNIGHT
ORD-1344598,2025-06-16,16:21:51,SKU-04733,2,A-01R-018-1-A,PKR-019,MULTI,FedEx Ground,STANDARD_OVERNIGHT
ORD-1350680,2025-06-16,15:28:42,SKU-00137,1,B-03R-003-1-B,PKR-011,MULTI,FedEx Ground,PRIORITY_2D
ORD-1347017,2025-06-16,21:03:01,SKU-02397,1,D-02L-024-3-A,PKR-024,MULTI,USPS Priority Mail,STANDARD_OVERNIGHT
ORD-1350149,2025-06-16,16:51:32,SKU-03854,1,B-02L-022-3-A,PKR-013,MULTI,FedEx Ground,GROUND
ORD-1347697,2025-06-16,09:54:40,SKU-02366,1,A-01R-020-4-A,PKR-015,MULTI,FedEx 2Day,PRIORITY_2D
ORD-1351364,2025-06-16,07:11:21,SKU-01079,2,C-03R-002-2-B,PKR-022,MULTI,UPS Ground,STANDARD_OVERNIGHT
ORD-1347884,2025-06-16,10:45:40,SKU-00072,2,C-04L-012-1-B,PKR-030,SINGLE,USPS Priority Mail,STANDARD_OVERNIGHT
ORD-1347991,2025-06-16,14:44:12,SKU-00491,2,C-03R-016-1-A,PKR-029,MULTI,FedEx Ground,GROUND
ORD-1350248,2025-06-16,14:23:27,SKU-02585,2,A-01R-012-4-A,PKR-001,MULTI,UPS Ground,PRIORITY_2D
ORD-1348122,2025-06-16,21:51:17,SKU-02585,1,A-01R-012-4-A,PKR-018,SINGLE,USPS Priority Mail,GROUND
ORD-1347095,2025-06-16,07:58:33,SKU-02104,2,B-01R-002-1-A,PKR-018,MULTI,FedEx Ground,GROUND
ORD-1346497,2025-06-16,11:06:29,SKU-03727,2,B-02R-023-4-A,PKR-029,MULTI,FedEx 2Day,GROUND
ORD-1351838,2025-06-16,08:30:22,SKU-04328,2,A-02L-021-1-B,PKR-007,MULTI,UPS Ground,PRIORITY_2D
ORD-1350352,2025-06-16,18:42:46,SKU-01539,1,B-03L-005-3-A,PKR-010,MULTI,USPS Priority Mail,GROUND
ORD-1347886,2025-06-16,09:53:33,SKU-01803,1,B-03R-020-1-A,PKR-024,MULTI,FedEx Ground,PRIORITY_2D
ORD-1350898,2025-06-16,15:11:06,SKU-02908,2,B-02L-005-3-A,PKR-027,MULTI,FedEx Ground,PRIORITY_2D
ORD-1345739,2025-06-16,07:31:52,SKU-01696,2,B-03L-009-3-B,PKR-001,MULTI,FedEx Ground,GROUND
ORD-1344068,2025-06-16,15:47:30,SKU-04807,2,B-02L-013-3-B,PKR-001,MULTI,UPS Ground,PRIORITY_2D
ORD-1348061,2025-06-16,19:08:07,SKU-01204,1,A-03R-016-1-B,PKR-016,SINGLE,USPS Priority Mail,GROUND
ORD-1346400,2025-06-16,18:38:25,SKU-00910,1,B-04R-014-3-A,PKR-029,MULTI,UPS Ground,PRIORITY_2D
ORD-1351788,2025-06-16,10:14:07,SKU-00424,1,A-04L-002-3-A,PKR-011,SINGLE,USPS Priority Mail,PRIORITY_2D
ORD-1348631,2025-06-16,21:58:18,SKU-00260,1,C-03L-011-2-B,PKR-019,MULTI,FedEx Ground,GROUND
ORD-1347861,2025-06-16,11:21:36,SKU-02624,2,A-02R-022-1-A,PKR-017,MULTI,UPS Ground,GROUND
ORD-1344896,2025-06-16,08:21:36,SKU-00841,2,D-04R-010-1-B,PKR-014,MULTI,FedEx Ground,GROUND
ORD-1351007,2025-06-16,08:44:09,SKU-00686,2,B-03L-001-2-A,PKR-016,MULTI,UPS 2nd Day Air,GROUND
ORD-1344329,2025-06-16,16:21:52,SKU-01121,2,B-04R-017-4-A,PKR-021,MULTI,USPS Priority Mail,GROUND
ORD-1350848,2025-06-16,19:13:35,SKU-02497,1,A-01L-006-1-B,PKR-010,MULTI,USPS Priority Mail,GROUND
ORD-1345903,2025-06-16,13:15:36,SKU-02609,1,C-01R-013-1-B,PKR-001,MULTI,USPS Priority Mail,PRIORITY_2D
ORD-1348037,2025-06-16,19:44:44,SKU-00376,2,B-04L-004-2-B,PKR-026,MULTI,USPS Priority Mail,PRIORITY_2D
ORD-1345524,2025-06-16,13:04:45,SKU-03999,1,A-02R-017-3-A,PKR-017,MULTI,UPS Ground,GROUND
ORD-1351357,2025-06-16,17:15:56,SKU-00913,2,E-04R-002-4-B,PKR-017,MULTI,UPS Ground,GROUND
ORD-1346602,2025-06-16,13:20:15,SKU-00608,2,A-03R-011-2-B,PKR-007,MULTI,UPS 2nd Day Air,GROUND
ORD-1344690,2025-06-16,13:02:05,SKU-04328,2,A-02L-021-1-B,PKR-024,MULTI,FedEx Ground,GROUND
ORD-1348085,2025-06-16,08:25:17,SKU-03727,2,B-02R-023-4-A,PKR-024,MULTI,FedEx 2Day,PRIORITY_2D
ORD-1346070,2025-06-16,09:59:42,SKU-00408,2,A-03L-009-1-A,PKR-030,MULTI,UPS Ground,GROUND
ORD-1346943,2025-06-16,16:45:03,SKU-02509,1,B-01L-020-5-A,PKR-015,MULTI,USPS Priority Mail,GROUND
ORD-1346145,2025-06-16,12:22:17,SKU-02908,1,B-02L-005-3-A,PKR-008,MULTI,USPS Priority Mail,GROUND
ORD-1344421,2025-06-16,07:27:32,SKU-04328,2,A-02L-021-1-B,PKR-002,MULTI,FedEx Ground,GROUND
ORD-1344919,2025-06-16,11:11:10,SKU-04324,2,B-02R-005-5-B,PKR-010,MULTI,FedEx Ground,GROUND
ORD-1351394,2025-06-16,09:19:34,SKU-04370,2,A-02R-026-5-A,PKR-004,MULTI,UPS Ground,GROUND
ORD-1351419,2025-06-16,09:28:53,SKU-02908,2,B-02L-005-3-A,PKR-028,MULTI,USPS Priority Mail,GROUND
ORD-1345681,2025-06-16,12:27:22,SKU-04041,2,A-02R-002-2-B,PKR-020,SINGLE,UPS Ground,GROUND
ORD-1346715,2025-06-16,07:30:07,SKU-00253,2,C-03R-003-3-B,PKR-029,MULTI,USPS Priority Mail,GROUND
ORD-1347476,2025-06-16,09:22:52,SKU-04519,2,C-02R-023-1-A,PKR-016,MULTI,FedEx Ground,PRIORITY_2D
ORD-1350062,2025-06-16,06:19:59,SKU-02428,2,B-01L-024-5-A,PKR-014,MULTI,USPS Priority Mail,GROUND
ORD-1346049,2025-06-16,19:33:27,SKU-02627,2,B-01L-001-2-A,PKR-013,MULTI,FedEx Ground,PRIORITY_2D
ORD-1351803,2025-06-16,19:31:23,SKU-04865,1,A-01R-011-4-B,PKR-013,MULTI,USPS Priority Mail,GROUND
ORD-1348841,2025-06-16,07:27:56,SKU-00916,1,D-04L-020-2-B,PKR-024,MULTI,UPS Ground,GROUND
ORD-1350410,2025-06-16,07:44:38,SKU-00484,2,C-04R-011-2-B,PKR-031,MULTI,UPS Ground,GROUND
ORD-1348152,2025-06-16,19:31:23,SKU-04328,2,A-02L-021-1-B,PKR-008,MULTI,UPS 2nd Day Air,GROUND
ORD-1350780,2025-06-16,19:46:26,SKU-00037,2,A-03L-004-3-A,PKR-030,MULTI,UPS Ground,PRIORITY_2D
ORD-1351871,2025-06-16,19:34:17,SKU-04608,2,A-02L-025-1-B,PKR-018,MULTI,FedEx Ground,GROUND
ORD-1348097,2025-06-16,12:47:52,SKU-04826,2,C-01R-013-2-B,PKR-018,MULTI,UPS Ground,PRIORITY_2D
ORD-1345180,2025-06-16,08:49:08,SKU-04347,2,B-02R-012-5-B,PKR-020,MULTI,USPS Priority Mail,GROUND
ORD-1347283,2025-06-16,13:10:46,SKU-02609,2,C-01R-013-1-B,PKR-002,MULTI,FedEx 2Day,GROUND
ORD-1344652,2025-06-16,18:18:13,SKU-04328,2,A-02L-021-1-B,PKR-013,MULTI,FedEx Ground,GROUND
ORD-1348355,2025-06-16,19:23:00,SKU-04041,2,A-02R-002-2-B,PKR-032,MULTI,USPS Priority Mail,PRIORITY_2D
ORD-1344229,2025-06-16,12:36:58,SKU-00872,2,A-04L-005-1-A,PKR-005,MULTI,FedEx Ground,PRIORITY_2D
ORD-1344406,2025-06-16,07:41:17,SKU-04353,1,B-02L-022-4-A,PKR-004,MULTI,FedEx Ground,GROUND
ORD-1345651,2025-06-16,16:00:04,SKU-02783,1,E-01L-026-2-B,PKR-017,MULTI,UPS Ground,PRIORITY_2D
ORD-1350970,2025-06-16,18:23:22,SKU-04782,1,C-01L-004-3-A,PKR-022,MULTI,FedEx Ground,GROUND
ORD-1351493,2025-06-16,19:30:57,SKU-04881,2,C-01L-019-5-B,PKR-018,MULTI,FedEx Ground,GROUND
ORD-1346178,2025-06-16,18:22:02,SKU-01706,2,B-03R-011-3-B,PKR-017,MULTI,UPS Ground,GROUND
ORD-1349797,2025-06-16,07:54:49,SKU-02125,2,A-01R-020-2-B,PKR-023,MULTI,FedEx Ground,GROUND
ORD-1350453,2025-06-16,17:36:58,SKU-02005,2,B-01L-012-4-B,PKR-018,MULTI,FedEx Ground,PRIORITY_2D
ORD-1345769,2025-06-16,21:58:38,SKU-00379,2,A-03R-020-4-B,PKR-010,MULTI,FedEx Ground,GROUND
ORD-1344488,2025-06-16,19:18:27,SKU-04975,2,A-02L-004-4-B,PKR-020,MULTI,FedEx Ground,GROUND
ORD-1345334,2025-06-16,09:29:17,SKU-04670,2,C-02R-018-2-B,PKR-014,MULTI,UPS Ground,GROUND
ORD-1348778,2025-06-16,13:30:20,SKU-04328,1,A-02L-021-1-B,PKR-019,MULTI,USPS Priority Mail,GROUND
ORD-1348789,2025-06-16,09:04:13,SKU-02956,2,A-01L-011-1-A,PKR-020,MULTI,UPS 2nd Day Air,STANDARD_OVERNIGHT
ORD-1348562,2025-06-16,07:49:26,SKU-01204,2,A-03R-016-1-B,PKR-010,MULTI,USPS Priority Mail,GROUND
ORD-1349318,2025-06-16,17:21:59,SKU-04154,2,A-01L-006-3-A,PKR-006,MULTI,USPS Priority Mail,GROUND
ORD-1348123,2025-06-16,15:20:49,SKU-03990,2,B-01R-015-4-A,PKR-008,MULTI,FedEx Ground,STANDARD_OVERNIGHT
ORD-1348685,2025-06-16,20:15:03,SKU-03727,2,B-02R-023-4-A,PKR-013,MULTI,FedEx Ground,GROUND
ORD-1345157,2025-06-16,11:12:14,SKU-02908,2,B-02L-005-3-A,PKR-015,MULTI,UPS 2nd Day Air,GROUND
ORD-1344708,2025-06-16,18:50:13,SKU-04775,1,A-02R-001-5-B,PKR-031,MULTI,FedEx 2Day,GROUND
ORD-1348282,2025-06-16,11:18:04,SKU-02366,2,A-01R-020-4-A,PKR-017,MULTI,UPS Ground,GROUND
ORD-1351198,2025-06-16,18:12:30,SKU-02168,2,C-02L-006-1-B,PKR-024,SINGLE,UPS 2nd Day Air,GROUND
ORD-1348222,2025-06-16,08:27:43,SKU-02585,1,A-01R-012-4-A,PKR-005,MULTI,UPS Ground,GROUND
ORD-1347468,2025-06-16,08:56:21,SKU-02866,2,E-02L-013-2-A,PKR-011,MULTI,UPS Ground,GROUND
ORD-1344519,2025-06-16,18:43:34,SKU-03328,2,B-02L-023-1-A,PKR-027,MULTI,UPS Ground,STANDARD_OVERNIGHT
ORD-1346103,2025-06-16,07:49:18,SKU-03526,2,D-01L-005-5-A,PKR-017,MULTI,FedEx Ground,GROUND
ORD-1347170,2025-06-16,13:32:17,SKU-01640,2,D-03R-013-4-A,PKR-007,MULTI,FedEx Ground,PRIORITY_2D
ORD-1349632,2025-06-16,13:12:48,SKU-00872,2,A-04L-005-1-A,PKR-005,MULTI,FedEx 2Day,GROUND
ORD-1346855,2025-06-16,11:42:55,SKU-01721,2,A-04L-015-4-B,PKR-005,MULTI,USPS Priority Mail,GROUND
ORD-1349433,2025-06-16,06:51:25,SKU-02828,1,A-02L-007-2-A,PKR-005,MULTI,USPS Priority Mail,GROUND
ORD-1345012,2025-06-16,19:35:06,SKU-01204,2,A-03R-016-1-B,PKR-003,MULTI,UPS Ground,STANDARD_OVERNIGHT
ORD-1345006,2025-06-16,15:28:26,SKU-02381,1,C-02R-017-4-B,PKR-024,MULTI,USPS Priority Mail,STANDARD_OVERNIGHT
ORD-1349341,2025-06-16,19:59:56,SKU-02228,2,E-02L-011-1-A,PKR-022,MULTI,UPS Ground,GROUND
ORD-1347733,2025-06-16,07:54:55,SKU-02104,2,B-01R-002-1-A,PKR-009,MULTI,FedEx 2Day,GROUND
ORD-1346669,2025-06-16,19:23:12,SKU-02850,1,A-01R-014-5-A,PKR-010,MULTI,UPS Ground,STANDARD_OVERNIGHT
ORD-1348521,2025-06-16,19:26:32,SKU-04041,2,A-02R-002-2-B,PKR-023,MULTI,UPS Ground,GROUND
ORD-1351020,2025-06-16,10:36:40,SKU-01135,2,D-03R-018-3-A,PKR-015,MULTI,UPS Ground,STANDARD_OVERNIGHT
ORD-1348276,2025-06-16,10:34:24,SKU-00872,2,A-04L-005-1-A,PKR-010,MULTI,UPS Ground,GROUND
ORD-1350715,2025-06-16,17:03:00,SKU-04328,2,A-02L-021-1-B,PKR-013,MULTI,USPS Priority Mail,GROUND
ORD-1348250,2025-06-16,19:02:16,SKU-00017,2,B-03R-001-4-B,PKR-015,MULTI,USPS Priority Mail,PRIORITY_2D
ORD-1349361,2025-06-16,09:18:24,SKU-01792,2,C-04L-006-2-A,PKR-019,MULTI,USPS Priority Mail,STANDARD_OVERNIGHT
ORD-1350574,2025-06-16,11:13:47,SKU-02366,1,A-01R-020-4-A,PKR-017,MULTI,FedEx Ground,GROUND
ORD-1349184,2025-06-16,11:19:02,SKU-01890,2,D-03L-018-4-B,PKR-027,MULTI,USPS Priority Mail,GROUND
ORD-1345572,2025-06-16,10:18:18,SKU-02908,1,B-02L-005-3-A,PKR-022,MULTI,FedEx Ground,GROUND
ORD-1349877,2025-06-16,16:34:30,SKU-00635,1,E-04R-014-4-A,PKR-025,MULTI,USPS Priority Mail,PRIORITY_2D
ORD-1349261,2025-06-16,12:25:20,SKU-04774,2,B-01L-022-5-B,PKR-009,MULTI,USPS Priority Mail,GROUND
ORD-1346720,2025-06-16,14:04:04,SKU-00226,2,B-04R-015-1-A,PKR-015,MULTI,FedEx Ground,GROUND
ORD-1349450,2025-06-16,14:04:59,SKU-04328,1,A-02L-021-1-B,PKR-022,MULTI,USPS Priority Mail,GROUND
ORD-1348017,2025-06-16,09:07:01,SKU-03727,1,B-02R-023-4-A,PKR-015,MULTI,UPS Ground,GROUND
ORD-1347336,2025-06-16,11:39:02,SKU-01652,2,B-04R-013-1-B,PKR-018,SINGLE,FedEx Ground,GROUND
ORD-1347326,2025-06-16,17:09:07,SKU-04328,2,A-02L-021-1-B,PKR-019,MULTI,USPS Priority Mail,GROUND
ORD-1347069,2025-06-16,18:32:28,SKU-02552,2,B-02R-022-5-B,PKR-023,MULTI,FedEx 2Day,GROUND
ORD-1349476,2025-06-16,18:20:13,SKU-03727,2,B-02R-023-4-A,PKR-032,MULTI,FedEx Ground,GROUND
ORD-1351967,2025-06-16,20:20:44,SKU-00137,2,B-03R-003-1-B,PKR-027,MULTI,UPS Ground,GROUND
ORD-1351538,2025-06-16,17:18:25,SKU-00239,2,A-04L-019-1-B,PKR-017,MULTI,FedEx 2Day,PRIORITY_2D
ORD-1349007,2025-06-16,17:51:04,SKU-00872,1,A-04L-005-1-A,PKR-009,MULTI,UPS Ground,GROUND
ORD-1351311,2025-06-16,12:38:08,SKU-01019,2,B-03R-014-1-A,PKR-012,MULTI,UPS Ground,GROUND
ORD-1351102,2025-06-16,13:51:05,SKU-04170,1,D-01R-013-3-A,PKR-026,MULTI,UPS Ground,PRIORITY_2D
ORD-1348655,2025-06-16,20:46:40,SKU-00348,1,B-03R-013-4-B,PKR-002,MULTI,USPS Priority Mail,GROUND
ORD-1350274,2025-06-16,09:29:14,SKU-04041,1,A-02R-002-2-B,PKR-031,MULTI,UPS 2nd Day Air,GROUND
ORD-1349800,2025-06-16,11:49:29,SKU-02298,1,A-01L-014-4-A,PKR-013,MULTI,UPS 2nd Day Air,GROUND
ORD-1350730,2025-06-16,12:48:52,SKU-00464,1,B-04L-018-2-A,PKR-005,MULTI,USPS Priority Mail,GROUND
ORD-1351245,2025-06-16,15:24:31,SKU-01850,2,A-04R-006-2-A,PKR-015,MULTI,FedEx 2Day,GROUND
ORD-1349398,2025-06-16,06:10:12,SKU-02513,2,D-01R-014-1-B,PKR-031,MULTI,FedEx Ground,PRIORITY_2D
ORD-1344109,2025-06-16,11:57:59,SKU-01687,2,A-04L-005-3-B,PKR-023,MULTI,USPS Priority Mail,GROUND
ORD-1346691,2025-06-16,09:52:36,SKU-04370,1,A-02R-026-5-A,PKR-025,MULTI,UPS Ground,GROUND
ORD-1349013,2025-06-16,06:01:22,SKU-04328,2,A-02L-021-1-B,PKR-023,MULTI,UPS Ground,PRIORITY_2D
ORD-1345955,2025-06-16,10:03:24,SKU-03369,2,D-02L-005-5-B,PKR-021,MULTI,USPS Priority Mail,GROUND
ORD-1346861,2025-06-16,15:56:39,SKU-04774,1,B-01L-022-5-B,PKR-015,MULTI,USPS Priority Mail,GROUND
ORD-1349443,2025-06-16,12:15:35,SKU-04041,2,A-02R-002-2-B,PKR-018,MULTI,FedEx Ground,GROUND
ORD-1350414,2025-06-16,15:41:54,SKU-04211,2,A-01L-009-5-B,PKR-017,MULTI,UPS Ground,GROUND
ORD-1351569,2025-06-16,16:54:08,SKU-03993,2,B-02L-018-2-B,PKR-029,MULTI,UPS 2nd Day Air,GROUND
ORD-1347555,2025-06-16,06:48:20,SKU-00772,1,E-04L-019-4-B,PKR-017,MULTI,FedEx Ground,GROUND
ORD-1346385,2025-06-16,14:07:37,SKU-04750,2,D-02L-001-5-B,PKR-001,MULTI,FedEx Ground,GROUND
ORD-1346377,2025-06-16,09:35:17,SKU-02085,2,D-02R-008-1-A,PKR-015,MULTI,FedEx 2Day,PRIORITY_2D
ORD-1344928,2025-06-16,11:21:06,SKU-04788,1,C-01L-002-3-A,PKR-032,MULTI,FedEx Ground,GROUND
ORD-1344916,2025-06-16,11:24:12,SKU-00243,2,A-04L-017-4-B,PKR-013,MULTI,FedEx 2Day,GROUND
ORD-1351463,2025-06-16,19:14:30,SKU-00483,2,C-03L-009-3-A,PKR-019,MULTI,FedEx 2Day,GROUND
ORD-1344713,2025-06-16,09:54:16,SKU-02407,1,A-01L-004-2-A,PKR-012,MULTI,FedEx Ground,GROUND
ORD-1345501,2025-06-16,19:47:42,SKU-04878,2,B-01R-016-3-B,PKR-008,MULTI,UPS Ground,PRIORITY_2D
ORD-1347329,2025-06-16,14:27:04,SKU-01170,1,A-03L-002-3-B,PKR-016,MULTI,UPS Ground,GROUND
ORD-1351922,2025-06-16,07:19:47,SKU-02140,2,B-01R-020-2-B,PKR-024,MULTI,UPS Ground,GROUND
ORD-1346435,2025-06-16,15:37:00,SKU-00353,1,A-04L-018-4-A,PKR-021,MULTI,FedEx Ground,GROUND
ORD-1349444,2025-06-16,12:54:23,SKU-03032,2,A-02L-020-4-B,PKR-006,MULTI,FedEx Ground,GROUND
ORD-1345275,2025-06-16,17:37:40,SKU-04528,2,B-02R-014-3-B,PKR-001,MULTI,UPS Ground,GROUND
ORD-1346294,2025-06-16,18:47:33,SKU-01040,2,B-04R-019-4-A,PKR-031,MULTI,USPS Priority Mail,GROUND
ORD-1351364,2025-06-16,07:11:21,SKU-00318,2,A-04R-009-4-A,PKR-022,MULTI,UPS Ground,STANDARD_OVERNIGHT
ORD-1348924,2025-06-16,11:09:37,SKU-04883,1,C-01L-024-1-B,PKR-028,MULTI,FedEx Ground,PRIORITY_2D
ORD-1347019,2025-06-16,20:44:10,SKU-02619,2,A-02R-021-1-A,PKR-031,MULTI,UPS 2nd Day Air,GROUND
ORD-1346767,2025-06-16,14:21:42,SKU-01803,1,B-03R-020-1-A,PKR-031,MULTI,UPS Ground,GROUND
ORD-1346587,2025-06-16,17:04:51,SKU-04592,1,C-01R-021-5-A,PKR-022,MULTI,FedEx Ground,GROUND
ORD-1348994,2025-06-16,15:04:52,SKU-00084,2,A-03L-015-3-A,PKR-018,MULTI,UPS 2nd Day Air,PRIORITY_2D
ORD-1344222,2025-06-16,06:44:33,SKU-03188,2,C-02L-011-2-A,PKR-005,MULTI,FedEx Ground,GROUND
ORD-1345008,2025-06-16,18:25:52,SKU-04690,1,C-02L-022-4-B,PKR-023,MULTI,UPS Ground,GROUND
ORD-1347782,2025-06-16,09:15:50,SKU-02366,1,A-01R-020-4-A,PKR-030,MULTI,UPS Ground,GROUND
ORD-1347355,2025-06-16,10:19:02,SKU-02908,2,B-02L-005-3-A,PKR-028,MULTI,FedEx Ground,GROUND
ORD-1346521,2025-06-16,13:09:05,SKU-02185,2,C-01R-009-4-B,PKR-025,MULTI,UPS Ground,GROUND
ORD-1345388,2025-06-16,07:19:08,SKU-04328,2,A-02L-021-1-B,PKR-003,MULTI,UPS Ground,GROUND
ORD-1351890,2025-06-16,11:04:51,SKU-03077,2,B-02L-012-4-B,PKR-004,MULTI,UPS 2nd Day Air,GROUND
ORD-1348882,2025-06-16,10:26:54,SKU-02767,2,C-02R-013-1-B,PKR-028,MULTI,FedEx Ground,GROUND
ORD-1351257,2025-06-16,10:05:13,SKU-00838,2,A-03L-009-1-B,PKR-026,MULTI,UPS Ground,PRIORITY_2D
ORD-1349765,2025-06-16,06:29:12,SKU-02125,1,A-01R-020-2-B,PKR-001,MULTI,USPS Priority Mail,GROUND
ORD-1351923,2025-06-16,18:45:49,SKU-02377,2,C-02L-009-2-B,PKR-019,MULTI,UPS Ground,GROUND
ORD-1344219,2025-06-16,20:32:58,SKU-03071,2,A-01L-019-3-B,PKR-009,MULTI,USPS Priority Mail,GROUND
ORD-1350621,2025-06-16,14:31:37,SKU-02509,1,B-01L-020-5-A,PKR-010,MULTI,UPS Ground,GROUND
ORD-1344125,2025-06-16,20:27:01,SKU-04528,2,B-02R-014-3-B,PKR-018,MULTI,USPS Priority Mail,GROUND
ORD-1348735,2025-06-16,07:02:46,SKU-02297,2,C-01L-025-5-B,PKR-002,MULTI,USPS Priority Mail,GROUND
ORD-1347332,2025-06-16,13:11:25,SKU-00872,1,A-04L-005-1-A,PKR-019,MULTI,UPS Ground,GROUND
ORD-1348808,2025-06-16,10:30:19,SKU-02509,1,B-01L-020-5-A,PKR-008,MULTI,UPS Ground,GROUND
ORD-1349156,2025-06-16,14:45:55,SKU-02908,2,B-02L-005-3-A,PKR-019,MULTI,FedEx Ground,GROUND
ORD-1344919,2025-06-16,11:11:10,SKU-00556,1,B-04L-003-1-B,PKR-010,MULTI,FedEx Ground,GROUND
ORD-1345352,2025-06-16,19:23:08,SKU-04328,2,A-02L-021-1-B,PKR-009,MULTI,FedEx Ground,PRIORITY_2D
ORD-1347546,2025-06-16,07:07:14,SKU-03881,2,B-02R-002-4-A,PKR-029,MULTI,UPS Ground,GROUND
ORD-1348954,2025-06-16,07:57:05,SKU-02125,2,A-01R-020-2-B,PKR-026,MULTI,USPS Priority Mail,GROUND
ORD-1344247,2025-06-16,14:19:21,SKU-03727,2,B-02R-023-4-A,PKR-012,MULTI,UPS Ground,GROUND
ORD-1349573,2025-06-16,13:13:50,SKU-00641,2,D-03R-015-4-B,PKR-018,MULTI,USPS Priority Mail,GROUND
ORD-1345183,2025-06-16,14:45:28,SKU-04475,2,A-01L-026-4-A,PKR-019,SINGLE,FedEx Ground,GROUND
ORD-1344800,2025-06-16,06:45:04,SKU-02029,1,C-02L-023-4-A,PKR-018,MULTI,USPS Priority Mail,STANDARD_OVERNIGHT
ORD-1344437,2025-06-16,13:18:13,SKU-02125,1,A-01R-020-2-B,PKR-011,MULTI,USPS Priority Mail,GROUND
ORD-1348261,2025-06-16,14:06:17,SKU-00656,1,D-03R-014-1-A,PKR-030,MULTI,UPS Ground,GROUND
ORD-1344394,2025-06-16,20:13:11,SKU-04733,1,A-01R-018-1-A,PKR-015,MULTI,FedEx Ground,GROUND
ORD-1345700,2025-06-16,11:34:26,SKU-01902,1,A-03R-005-1-B,PKR-029,MULTI,UPS Ground,PRIORITY_2D
ORD-1346296,2025-06-16,07:46:34,SKU-02772,2,A-02R-012-5-A,PKR-026,MULTI,USPS Priority Mail,GROUND
ORD-1349551,2025-06-16,21:14:48,SKU-04041,2,A-02R-002-2-B,PKR-022,MULTI,FedEx Ground,GROUND
ORD-1350943,2025-06-16,06:12:03,SKU-03824,2,A-02R-020-3-A,PKR-007,MULTI,UPS Ground,GROUND
ORD-1345685,2025-06-16,09:40:45,SKU-04041,2,A-02R-002-2-B,PKR-023,MULTI,FedEx Ground,PRIORITY_2D
ORD-1345379,2025-06-16,19:27:00,SKU-04461,2,C-02L-017-5-B,PKR-003,MULTI,FedEx Ground,STANDARD_OVERNIGHT
ORD-1350269,2025-06-16,10:23:17,SKU-02163,2,A-02R-006-3-A,PKR-013,MULTI,UPS Ground,GROUND
ORD-1351453,2025-06-16,13:24:42,SKU-01019,1,B-03R-014-1-A,PKR-019,MULTI,UPS Ground,GROUND
ORD-1353484,2025-06-17,14:51:19,SKU-04328,2,A-02L-021-1-B,PKR-031,MULTI,UPS Ground,STANDARD_OVERNIGHT
ORD-1359570,2025-06-17,08:26:47,SKU-03727,1,B-02R-023-4-A,PKR-028,MULTI,USPS Priority Mail,GROUND
ORD-1355374,2025-06-17,12:40:22,SKU-00668,1,B-03L-019-2-A,PKR-027,MULTI,USPS Priority Mail,GROUND
ORD-1357495,2025-06-17,21:45:38,SKU-01204,1,A-03R-016-1-B,PKR-017,MULTI,USPS Priority Mail,GROUND
ORD-1358549,2025-06-17,11:27:49,SKU-02366,1,A-01R-020-4-A,PKR-026,MULTI,USPS Priority Mail,PRIORITY_2D
ORD-1354469,2025-06-17,15:59:29,SKU-00985,2,B-04L-011-1-B,PKR-027,MULTI,USPS Priority Mail,GROUND
ORD-1357531,2025-06-17,13:33:54,SKU-04328,1,A-02L-021-1-B,PKR-015,MULTI,USPS Priority Mail,GROUND
ORD-1352521,2025-06-17,18:37:03,SKU-03077,1,B-02L-012-4-B,PKR-019,MULTI,USPS Priority Mail,STANDARD_OVERNIGHT
ORD-1355011,2025-06-17,14:55:40,SKU-02908,2,B-02L-005-3-A,PKR-009,MULTI,USPS Priority Mail,GROUND
ORD-1354841,2025-06-17,13:34:25,SKU-00446,1,B-04L-006-4-A,PKR-012,MULTI,USPS Priority Mail,PRIORITY_2D
ORD-1359774,2025-06-17,19:14:55,SKU-01204,1,A-03R-016-1-B,PKR-013,SINGLE,USPS Priority Mail,GROUND
ORD-1357193,2025-06-17,08:20:49,SKU-00585,2,C-04R-005-4-B,PKR-020,MULTI,UPS Ground,GROUND
ORD-1358214,2025-06-17,08:32:45,SKU-02104,1,B-01R-002-1-A,PKR-008,MULTI,FedEx 2Day,GROUND
ORD-1353796,2025-06-17,11:05:14,SKU-02163,2,A-02R-006-3-A,PKR-018,MULTI,UPS Ground,GROUND
ORD-1358498,2025-06-17,17:36:25,SKU-02776,2,C-02R-007-3-B,PKR-017,MULTI,USPS Priority Mail,PRIORITY_2D
ORD-1354488,2025-06-17,21:10:06,SKU-04608,2,A-02L-025-1-B,PKR-025,MULTI,FedEx Ground,GROUND
ORD-1354394,2025-06-17,10:33:16,SKU-00872,2,A-04L-005-1-A,PKR-017,MULTI,UPS Ground,PRIORITY_2D
ORD-1352515,2025-06-17,16:07:22,SKU-04328,2,A-02L-021-1-B,PKR-002,MULTI,FedEx 2Day,GROUND
ORD-1358388,2025-06-17,13:29:46,SKU-04328,1,A-02L-021-1-B,PKR-011,MULTI,UPS Ground,GROUND
ORD-1354157,2025-06-17,07:21:11,SKU-01331,2,A-03R-003-4-B,PKR-021,MULTI,USPS Priority Mail,GROUND
ORD-1353283,2025-06-17,15:13:53,SKU-01121,1,B-04R-017-4-A,PKR-020,MULTI,USPS Priority Mail,GROUND
ORD-1357740,2025-06-17,19:22:22,SKU-02154,2,B-02R-026-5-A,PKR-010,MULTI,FedEx Ground,GROUND
ORD-1352482,2025-06-17,21:35:53,SKU-04457,1,A-01L-020-2-B,PKR-023,MULTI,USPS Priority Mail,PRIORITY_2D
ORD-1352554,2025-06-17,06:16:45,SKU-04809,2,A-01R-016-2-B,PKR-003,MULTI,UPS Ground,PRIORITY_2D
ORD-1356995,2025-06-17,19:45:48,SKU-00267,2,B-03R-013-4-A,PKR-025,MULTI,UPS Ground,GROUND
ORD-1359692,2025-06-17,10:01:21,SKU-04399,1,B-02L-020-5-B,PKR-008,MULTI,UPS Ground,GROUND
ORD-1358525,2025-06-17,07:31:57,SKU-00090,2,C-04R-005-2-A,PKR-007,SINGLE,UPS 2nd Day Air,GROUND
ORD-1357906,2025-06-17,09:48:40,SKU-01850,2,A-04R-006-2-A,PKR-019,MULTI,USPS Priority Mail,GROUND
ORD-1357501,2025-06-17,19:52:30,SKU-01169,2,C-03L-010-3-A,PKR-023,MULTI,UPS Ground,GROUND
ORD-1352652,2025-06-17,19:25:23,SKU-02937,2,C-02R-019-5-A,PKR-006,MULTI,USPS Priority Mail,PRIORITY_2D
ORD-1355197,2025-06-17,08:07:24,SKU-01463,2,A-04L-004-3-B,PKR-025,SINGLE,FedEx Ground,GROUND
ORD-1356639,2025-06-17,10:43:47,SKU-02681,2,A-01R-018-4-B,PKR-018,MULTI,UPS Ground,GROUND
ORD-1357009,2025-06-17,18:31:39,SKU-03823,2,C-02R-020-1-B,PKR-017,MULTI,USPS Priority Mail,GROUND
ORD-1359911,2025-06-17,10:38:39,SKU-02050,1,C-02L-007-1-A,PKR-017,MULTI,FedEx Ground,GROUND
ORD-1357684,2025-06-17,15:07:20,SKU-01611,2,B-03L-017-3-A,PKR-016,MULTI,FedEx 2Day,GROUND
ORD-1359965,2025-06-17,21:01:11,SKU-02659,1,B-02R-007-3-A,PKR-020,MULTI,FedEx Ground,GROUND
ORD-1359041,2025-06-17,06:08:08,SKU-03727,1,B-02R-023-4-A,PKR-013,MULTI,UPS Ground,GROUND
ORD-1359347,2025-06-17,09:19:15,SKU-00447,1,A-04L-008-2-A,PKR-002,MULTI,FedEx Ground,GROUND
ORD-1359776,2025-06-17,16:22:08,SKU-04457,1,A-01L-020-2-B,PKR-007,MULTI,UPS 2nd Day Air,GROUND
ORD-1353590,2025-06-17,09:18:07,SKU-04860,2,C-01R-022-2-B,PKR-029,MULTI,FedEx Ground,GROUND
ORD-1358837,2025-06-17,19:53:22,SKU-04041,1,A-02R-002-2-B,PKR-004,MULTI,USPS Priority Mail,GROUND
ORD-1359485,2025-06-17,11:57:58,SKU-03727,2,B-02R-023-4-A,PKR-030,MULTI,UPS Ground,GROUND
ORD-1358850,2025-06-17,09:21:58,SKU-04041,2,A-02R-002-2-B,PKR-009,MULTI,FedEx Ground,GROUND
ORD-1352929,2025-06-17,10:08:39,SKU-02085,2,D-02R-008-1-A,PKR-014,MULTI,UPS Ground,PRIORITY_2D
ORD-1358752,2025-06-17,11:31:42,SKU-02585,2,A-01R-012-4-A,PKR-020,SINGLE,UPS Ground,GROUND
ORD-1358305,2025-06-17,06:28:05,SKU-02597,1,A-01L-006-4-B,PKR-022,MULTI,USPS Priority Mail,GROUND
ORD-1352837,2025-06-17,07:42:13,SKU-04865,2,A-01R-011-4-B,PKR-001,MULTI,FedEx Ground,GROUND
ORD-1359063,2025-06-17,17:40:46,SKU-04751,1,E-02L-023-5-A,PKR-029,MULTI,UPS Ground,GROUND
ORD-1355725,2025-06-17,08:51:01,SKU-01456,1,E-03L-009-2-A,PKR-030,MULTI,FedEx Ground,PRIORITY_2D
ORD-1354932,2025-06-17,06:22:05,SKU-04528,2,B-02R-014-3-B,PKR-027,MULTI,USPS Priority Mail,GROUND
ORD-1356795,2025-06-17,10:40:29,SKU-01204,2,A-03R-016-1-B,PKR-027,MULTI,FedEx 2Day,GROUND
ORD-1352871,2025-06-17,14:41:20,SKU-04814,2,B-02R-017-4-A,PKR-022,MULTI,UPS 2nd Day Air,GROUND
ORD-1359123,2025-06-17,08:23:13,SKU-01521,2,B-03L-006-1-B,PKR-017,MULTI,FedEx Ground,GROUND
ORD-1354694,2025-06-17,06:12:51,SKU-04081,1,B-01L-016-5-A,PKR-011,MULTI,FedEx Ground,GROUND
ORD-1356055,2025-06-17,21:29:12,SKU-02291,1,D-01R-026-1-A,PKR-025,MULTI,FedEx Ground,GROUND
ORD-1356086,2025-06-17,09:16:00,SKU-04328,2,A-02L-021-1-B,PKR-014,MULTI,FedEx Ground,PRIORITY_2D
ORD-1359427,2025-06-17,06:57:41,SKU-01204,2,A-03R-016-1-B,PKR-016,MULTI,FedEx Ground,GROUND
ORD-1352889,2025-06-17,18:29:25,SKU-00376,2,B-04L-004-2-B,PKR-020,MULTI,FedEx Ground,GROUND
ORD-1355187,2025-06-17,06:30:59,SKU-04631,1,D-01L-009-4-B,PKR-016,MULTI,UPS Ground,GROUND
ORD-1359360,2025-06-17,08:23:05,SKU-01246,1,E-03L-001-3-B,PKR-027,MULTI,FedEx 2Day,PRIORITY_2D
ORD-1353818,2025-06-17,19:55:09,SKU-02816,1,A-02R-004-2-A,PKR-009,MULTI,UPS Ground,GROUND
ORD-1354480,2025-06-17,07:52:11,SKU-04328,2,A-02L-021-1-B,PKR-017,MULTI,USPS Priority Mail,GROUND
ORD-1352384,2025-06-17,10:03:45,SKU-00228,2,E-04L-013-2-A,PKR-007,MULTI,FedEx Ground,GROUND
ORD-1357486,2025-06-17,07:48:48,SKU-00308,1,C-04L-006-4-B,PKR-029,MULTI,FedEx Ground,GROUND
ORD-1353833,2025-06-17,14:33:41,SKU-01204,2,A-03R-016-1-B,PKR-026,MULTI,FedEx Ground,PRIORITY_2D
ORD-1354304,2025-06-17,15:12:52,SKU-02908,2,B-02L-005-3-A,PKR-012,MULTI,USPS Priority Mail,STANDARD_OVERNIGHT
ORD-1358761,2025-06-17,09:31:12,SKU-01928,1,D-03R-002-2-B,PKR-001,MULTI,USPS Priority Mail,GROUND
ORD-1356511,2025-06-17,21:31:53,SKU-00658,1,C-04R-002-2-B,PKR-015,MULTI,UPS Ground,GROUND
ORD-1359504,2025-06-17,18:12:19,SKU-01233,2,C-03R-011-4-A,PKR-029,MULTI,FedEx Ground,GROUND
ORD-1355569,2025-06-17,21:06:55,SKU-02366,2,A-01R-020-4-A,PKR-032,MULTI,FedEx Ground,GROUND
ORD-1357858,2025-06-17,07:29:40,SKU-04965,2,C-02L-007-3-A,PKR-004,MULTI,FedEx 2Day,GROUND
ORD-1352076,2025-06-17,12:36:25,SKU-03719,1,C-02R-016-5-A,PKR-002,MULTI,FedEx 2Day,GROUND
ORD-1356211,2025-06-17,15:53:55,SKU-02366,2,A-01R-020-4-A,PKR-015,MULTI,FedEx Ground,GROUND
ORD-1358113,2025-06-17,21:23:53,SKU-03077,2,B-02L-012-4-B,PKR-031,MULTI,UPS Ground,GROUND
ORD-1358437,2025-06-17,09:43:34,SKU-02366,2,A-01R-020-4-A,PKR-013,MULTI,USPS Priority Mail,GROUND
ORD-1358616,2025-06-17,18:39:08,SKU-02104,1,B-01R-002-1-A,PKR-010,MULTI,USPS Priority Mail,STANDARD_OVERNIGHT
ORD-1353724,2025-06-17,13:23:06,SKU-01721,2,A-04L-015-4-B,PKR-028,MULTI,FedEx Ground,GROUND
ORD-1357857,2025-06-17,08:47:45,SKU-04041,2,A-02R-002-2-B,PKR-011,MULTI,FedEx Ground,GROUND
ORD-1357999,2025-06-17,19:27:55,SKU-01178,2,B-04L-001-3-A,PKR-015,MULTI,UPS Ground,GROUND
ORD-1356908,2025-06-17,10:15:48,SKU-03250,2,A-01R-001-3-A,PKR-008,MULTI,USPS Priority Mail,GROUND
ORD-1356657,2025-06-17,08:38:48,SKU-03094,2,C-02R-007-4-A,PKR-031,MULTI,USPS Priority Mail,GROUND
ORD-1357306,2025-06-17,09:44:01,SKU-04538,2,A-01R-001-1-B,PKR-014,MULTI,FedEx Ground,PRIORITY_2D
ORD-1357787,2025-06-17,08:46:32,SKU-04158,2,C-01L-006-5-A,PKR-025,MULTI,USPS Priority Mail,PRIORITY_2D
ORD-1357408,2025-06-17,16:22:08,SKU-03209,2,A-02R-022-2-B,PKR-024,MULTI,USPS Priority Mail,PRIORITY_2D
ORD-1356013,2025-06-17,11:41:01,SKU-02713,2,B-01L-012-1-B,PKR-021,SINGLE,UPS Ground,GROUND
ORD-1355035,2025-06-17,10:06:12,SKU-04608,2,A-02L-025-1-B,PKR-015,MULTI,FedEx 2Day,PRIORITY_2D
ORD-1356334,2025-06-17,09:11:49,SKU-02509,2,B-01L-020-5-A,PKR-032,MULTI,USPS Priority Mail,GROUND
ORD-1353384,2025-06-17,18:21:54,SKU-00838,2,A-03L-009-1-B,PKR-008,MULTI,FedEx Ground,PRIORITY_2D
ORD-1353277,2025-06-17,08:36:14,SKU-04523,2,A-02L-024-2-B,PKR-008,MULTI,FedEx Ground,GROUND
ORD-1353093,2025-06-17,21:24:13,SKU-02585,2,A-01R-012-4-A,PKR-023,MULTI,USPS Priority Mail,GROUND
ORD-1358429,2025-06-17,12:34:33,SKU-04670,2,C-02R-018-2-B,PKR-003,MULTI,FedEx Ground,PRIORITY_2D
ORD-1358943,2025-06-17,13:56:18,SKU-02816,2,A-02R-004-2-A,PKR-005,MULTI,USPS Priority Mail,GROUND
ORD-1353837,2025-06-17,19:41:17,SKU-02908,2,B-02L-005-3-A,PKR-022,MULTI,FedEx Ground,GROUND
ORD-1353629,2025-06-17,15:50:58,SKU-02366,2,A-01R-020-4-A,PKR-008,MULTI,FedEx Ground,GROUND
ORD-1353912,2025-06-17,08:42:37,SKU-04328,2,A-02L-021-1-B,PKR-017,MULTI,FedEx Ground,GROUND
ORD-1359573,2025-06-17,06:11:48,SKU-04878,2,B-01R-016-3-B,PKR-010,MULTI,FedEx Ground,GROUND
ORD-1355813,2025-06-17,08:08:04,SKU-01804,2,A-03R-012-4-B,PKR-002,MULTI,UPS Ground,PRIORITY_2D
ORD-1356945,2025-06-17,14:29:35,SKU-02043,2,A-02L-003-4-B,PKR-016,MULTI,UPS Ground,PRIORITY_2D
ORD-1357351,2025-06-17,07:07:16,SKU-02913,2,B-01L-015-2-B,PKR-023,MULTI,FedEx Ground,PRIORITY_2D
ORD-1356029,2025-06-17,21:51:36,SKU-02104,1,B-01R-002-1-A,PKR-007,MULTI,USPS Priority Mail,GROUND
ORD-1353115,2025-06-17,15:55:50,SKU-02953,2,C-01L-008-5-A,PKR-026,MULTI,UPS Ground,GROUND
ORD-1352854,2025-06-17,09:12:00,SKU-04328,2,A-02L-021-1-B,PKR-026,MULTI,UPS 2nd Day Air,GROUND
ORD-1354327,2025-06-17,10:46:31,SKU-02125,2,A-01R-020-2-B,PKR-027,MULTI,UPS Ground,GROUND
ORD-1353545,2025-06-17,21:04:58,SKU-04542,2,C-02L-018-4-A,PKR-028,MULTI,USPS Priority Mail,PRIORITY_2D
ORD-1352641,2025-06-17,08:24:44,SKU-01095,1,C-03R-005-4-A,PKR-025,MULTI,UPS Ground,STANDARD_OVERNIGHT
ORD-1354083,2025-06-17,08:04:52,SKU-04528,1,B-02R-014-3-B,PKR-016,MULTI,USPS Priority Mail,GROUND
ORD-1358951,2025-06-17,18:19:08,SKU-02585,1,A-01R-012-4-A,PKR-031,MULTI,USPS Priority Mail,GROUND
ORD-1357470,2025-06-17,20:26:36,SKU-04528,2,B-02R-014-3-B,PKR-030,MULTI,FedEx 2Day,GROUND
ORD-1354079,2025-06-17,06:02:00,SKU-02908,2,B-02L-005-3-A,PKR-017,MULTI,UPS Ground,GROUND
ORD-1352890,2025-06-17,20:46:48,SKU-01552,1,A-04R-001-1-B,PKR-022,MULTI,FedEx Ground,GROUND
ORD-1358217,2025-06-17,16:21:16,SKU-00267,2,B-03R-013-4-A,PKR-032,SINGLE,USPS Priority Mail,GROUND
ORD-1353423,2025-06-17,21:14:22,SKU-04719,2,B-01L-006-4-B,PKR-031,MULTI,USPS Priority Mail,GROUND
ORD-1352920,2025-06-17,08:15:54,SKU-02796,2,A-02L-004-2-B,PKR-030,MULTI,FedEx Ground,GROUND
ORD-1356015,2025-06-17,18:50:36,SKU-01255,2,C-03R-005-1-B,PKR-024,MULTI,FedEx Ground,GROUND
ORD-1354411,2025-06-17,10:37:13,SKU-04328,2,A-02L-021-1-B,PKR-009,MULTI,UPS Ground,GROUND
ORD-1354631,2025-06-17,06:21:54,SKU-03881,1,B-02R-002-4-A,PKR-010,MULTI,FedEx Ground,GROUND
ORD-1356293,2025-06-17,07:35:15,SKU-04775,2,A-02R-001-5-B,PKR-012,MULTI,UPS Ground,STANDARD_OVERNIGHT
ORD-1355070,2025-06-17,08:56:59,SKU-04328,1,A-02L-021-1-B,PKR-020,MULTI,FedEx Ground,STANDARD_OVERNIGHT
ORD-1359309,2025-06-17,13:57:08,SKU-01449,2,C-03R-006-2-B,PKR-004,MULTI,UPS 2nd Day Air,GROUND
ORD-1356541,2025-06-17,19:24:42,SKU-00804,2,D-03L-012-3-A,PKR-010,MULTI,FedEx Ground,GROUND
ORD-1359894,2025-06-17,10:59:11,SKU-00872,2,A-04L-005-1-A,PKR-002,MULTI,USPS Priority Mail,PRIORITY_2D
ORD-1359262,2025-06-17,20:30:49,SKU-04887,2,B-01L-015-5-B,PKR-004,MULTI,UPS Ground,GROUND
ORD-1354252,2025-06-17,20:06:04,SKU-02908,2,B-02L-005-3-A,PKR-011,MULTI,UPS Ground,PRIORITY_2D
ORD-1352530,2025-06-17,16:24:38,SKU-02163,1,A-02R-006-3-A,PKR-003,SINGLE,USPS Priority Mail,GROUND
ORD-1352135,2025-06-17,17:48:08,SKU-00048,2,D-04L-014-4-B,PKR-003,MULTI,USPS Priority Mail,GROUND
ORD-1358716,2025-06-17,09:38:53,SKU-00844,2,D-04R-013-3-B,PKR-018,MULTI,UPS Ground,GROUND
ORD-1355096,2025-06-17,09:57:18,SKU-00079,2,A-03R-013-2-B,PKR-002,MULTI,FedEx 2Day,GROUND
ORD-1353822,2025-06-17,21:26:59,SKU-04528,1,B-02R-014-3-B,PKR-028,MULTI,FedEx Ground,STANDARD_OVERNIGHT
ORD-1352191,2025-06-17,17:24:57,SKU-02908,2,B-02L-005-3-A,PKR-029,MULTI,USPS Priority Mail,GROUND
ORD-1356989,2025-06-17,18:18:47,SKU-04733,2,A-01R-018-1-A,PKR-013,MULTI,FedEx Ground,GROUND
ORD-1356569,2025-06-17,20:23:28,SKU-04328,2,A-02L-021-1-B,PKR-017,MULTI,UPS Ground,GROUND
ORD-1352893,2025-06-17,12:52:41,SKU-00877,2,B-04R-001-3-B,PKR-018,MULTI,UPS Ground,PRIORITY_2D
ORD-1353124,2025-06-17,10:37:29,SKU-04328,1,A-02L-021-1-B,PKR-031,MULTI,FedEx Ground,GROUND
ORD-1359387,2025-06-17,07:48:02,SKU-02062,1,D-01R-003-1-A,PKR-002,MULTI,UPS Ground,GROUND
ORD-1355925,2025-06-17,08:51:56,SKU-01490,1,B-04R-009-1-A,PKR-013,MULTI,UPS 2nd Day Air,GROUND
ORD-1358584,2025-06-17,14:05:50,SKU-01490,2,B-04R-009-1-A,PKR-028,MULTI,FedEx Ground,GROUND
ORD-1357025,2025-06-17,20:41:14,SKU-04041,1,A-02R-002-2-B,PKR-026,SINGLE,FedEx Ground,PRIORITY_2D
ORD-1355557,2025-06-17,15:08:39,SKU-04608,2,A-02L-025-1-B,PKR-011,MULTI,USPS Priority Mail,GROUND
ORD-1354324,2025-06-17,10:17:34,SKU-02366,2,A-01R-020-4-A,PKR-021,MULTI,FedEx Ground,STANDARD_OVERNIGHT
ORD-1353863,2025-06-17,18:33:46,SKU-02681,2,A-01R-018-4-B,PKR-026,MULTI,FedEx Ground,GROUND
ORD-1355365,2025-06-17,07:13:52,SKU-01204,2,A-03R-016-1-B,PKR-011,MULTI,UPS Ground,GROUND
ORD-1353043,2025-06-17,12:16:21,SKU-03369,1,D-02L-005-5-B,PKR-006,MULTI,FedEx 2Day,PRIORITY_2D
ORD-1355897,2025-06-17,11:48:30,SKU-02357,2,C-02L-006-2-A,PKR-017,MULTI,FedEx Ground,GROUND
ORD-1357442,2025-06-17,16:48:29,SKU-00425,2,E-03L-013-2-A,PKR-018,MULTI,FedEx Ground,GROUND
ORD-1353104,2025-06-17,09:35:35,SKU-02366,2,A-01R-020-4-A,PKR-005,MULTI,FedEx Ground,GROUND
ORD-1355160,2025-06-17,15:26:00,SKU-02609,1,C-01R-013-1-B,PKR-020,MULTI,UPS Ground,GROUND
ORD-1357531,2025-06-17,13:33:54,SKU-03727,2,B-02R-023-4-A,PKR-015,MULTI,USPS Priority Mail,GROUND
ORD-1353746,2025-06-17,16:58:23,SKU-02939,1,A-02R-016-5-A,PKR-004,MULTI,UPS Ground,GROUND
ORD-1352306,2025-06-17,08:41:28,SKU-03525,1,C-02L-003-4-B,PKR-013,MULTI,USPS Priority Mail,GROUND
ORD-1352252,2025-06-17,08:44:18,SKU-04328,1,A-02L-021-1-B,PKR-008,MULTI,UPS Ground,PRIORITY_2D
ORD-1357593,2025-06-17,10:33:51,SKU-04945,2,E-01R-017-2-A,PKR-021,MULTI,FedEx Ground,GROUND
ORD-1353653,2025-06-17,09:02:31,SKU-02366,1,A-01R-020-4-A,PKR-025,MULTI,FedEx 2Day,GROUND
ORD-1355467,2025-06-17,11:16:53,SKU-02668,2,A-01R-006-1-A,PKR-020,MULTI,FedEx Ground,GROUND
ORD-1353381,2025-06-17,15:28:27,SKU-02272,2,A-02R-002-5-A,PKR-021,MULTI,UPS 2nd Day Air,GROUND
ORD-1352027,2025-06-17,21:12:26,SKU-04353,2,B-02L-022-4-A,PKR-005,MULTI,FedEx Ground,GROUND
ORD-1353727,2025-06-17,08:50:24,SKU-02407,1,A-01L-004-2-A,PKR-008,MULTI,USPS Priority Mail,GROUND
ORD-1353103,2025-06-17,11:23:57,SKU-00872,2,A-04L-005-1-A,PKR-004,MULTI,USPS Priority Mail,GROUND
ORD-1355117,2025-06-17,16:26:54,SKU-04235,2,A-01L-012-1-B,PKR-016,MULTI,FedEx Ground,GROUND
ORD-1355006,2025-06-17,17:20:45,SKU-01204,2,A-03R-016-1-B,PKR-026,MULTI,UPS 2nd Day Air,GROUND
ORD-1358805,2025-06-17,12:36:28,SKU-01121,1,B-04R-017-4-A,PKR-006,MULTI,USPS Priority Mail,STANDARD_OVERNIGHT
ORD-1353118,2025-06-17,11:50:44,SKU-02307,2,C-01R-026-3-A,PKR-005,MULTI,USPS Priority Mail,GROUND
ORD-1357742,2025-06-17,15:46:39,SKU-03823,2,C-02R-020-1-B,PKR-013,MULTI,UPS 2nd Day Air,GROUND
ORD-1357104,2025-06-17,20:47:01,SKU-02701,2,D-01R-005-2-A,PKR-003,MULTI,FedEx Ground,GROUND
ORD-1357606,2025-06-17,08:10:25,SKU-00872,1,A-04L-005-1-A,PKR-029,MULTI,UPS Ground,GROUND
ORD-1354845,2025-06-17,07:22:22,SKU-04950,2,D-02L-024-1-B,PKR-013,MULTI,UPS Ground,STANDARD_OVERNIGHT
ORD-1354094,2025-06-17,19:23:05,SKU-02185,1,C-01R-009-4-B,PKR-029,SINGLE,UPS Ground,PRIORITY_2D
ORD-1353623,2025-06-17,12:29:03,SKU-00427,2,A-03R-006-1-B,PKR-001,MULTI,USPS Priority Mail,GROUND
ORD-1353416,2025-06-17,20:46:53,SKU-00056,1,C-04R-006-2-A,PKR-011,MULTI,FedEx Ground,PRIORITY_2D
ORD-1354782,2025-06-17,09:11:52,SKU-02609,2,C-01R-013-1-B,PKR-022,MULTI,UPS Ground,GROUND
ORD-1357474,2025-06-17,10:49:33,SKU-02795,1,C-02R-026-1-A,PKR-005,MULTI,USPS Priority Mail,GROUND
ORD-1359977,2025-06-17,21:18:32,SKU-00796,1,A-04R-013-4-A,PKR-032,MULTI,UPS Ground,GROUND
ORD-1356891,2025-06-17,09:36:30,SKU-04357,1,B-01R-009-3-A,PKR-018,MULTI,UPS Ground,GROUND
ORD-1357537,2025-06-17,18:10:21,SKU-02552,2,B-02R-022-5-B,PKR-019,MULTI,UPS Ground,GROUND
ORD-1359766,2025-06-17,20:38:32,SKU-01818,1,B-04R-017-3-B,PKR-021,MULTI,USPS Priority Mail,GROUND
ORD-1355474,2025-06-17,12:42:53,SKU-03209,2,A-02R-022-2-B,PKR-022,MULTI,UPS 2nd Day Air,GROUND
ORD-1358517,2025-06-17,08:13:32,SKU-02509,1,B-01L-020-5-A,PKR-018,MULTI,FedEx Ground,GROUND
ORD-1358054,2025-06-17,12:37:15,SKU-00392,2,B-03L-019-1-B,PKR-029,MULTI,USPS Priority Mail,GROUND
ORD-1355552,2025-06-17,12:37:52,SKU-04041,2,A-02R-002-2-B,PKR-012,MULTI,FedEx Ground,GROUND
ORD-1356887,2025-06-17,08:49:57,SKU-01800,2,B-03R-009-2-B,PKR-011,SINGLE,UPS Ground,GROUND
ORD-1352567,2025-06-17,21:33:32,SKU-02859,2,A-01L-018-3-A,PKR-001,MULTI,FedEx Ground,GROUND
ORD-1359078,2025-06-17,21:58:04,SKU-02922,1,D-02R-010-5-B,PKR-029,MULTI,FedEx Ground,GROUND
ORD-1353006,2025-06-17,07:28:40,SKU-04538,2,A-01R-001-1-B,PKR-025,MULTI,USPS Priority Mail,GROUND
ORD-1355422,2025-06-17,06:18:43,SKU-02908,2,B-02L-005-3-A,PKR-026,MULTI,FedEx Ground,GROUND
ORD-1352971,2025-06-17,06:30:42,SKU-02908,2,B-02L-005-3-A,PKR-002,MULTI,FedEx Ground,GROUND
ORD-1352123,2025-06-17,08:36:58,SKU-02509,2,B-01L-020-5-A,PKR-013,MULTI,FedEx Ground,PRIORITY_2D
ORD-1352518,2025-06-17,06:12:59,SKU-04753,2,D-01R-014-2-B,PKR-008,MULTI,UPS Ground,GROUND
ORD-1357513,2025-06-17,10:42:03,SKU-04563,2,A-02L-022-4-B,PKR-029,MULTI,UPS Ground,GROUND
ORD-1359305,2025-06-17,17:08:01,SKU-00872,1,A-04L-005-1-A,PKR-030,MULTI,USPS Priority Mail,GROUND
ORD-1359011,2025-06-17,14:19:09,SKU-02585,1,A-01R-012-4-A,PKR-028,MULTI,UPS Ground,GROUND
ORD-1356501,2025-06-17,11:01:29,SKU-02404,2,A-01R-019-4-B,PKR-023,SINGLE,USPS Priority Mail,GROUND
ORD-1352261,2025-06-17,07:19:44,SKU-03592,1,B-01R-008-5-A,PKR-007,MULTI,USPS Priority Mail,STANDARD_OVERNIGHT
ORD-1358156,2025-06-17,10:27:34,SKU-04370,2,A-02R-026-5-A,PKR-022,MULTI,UPS Ground,GROUND
ORD-1358654,2025-06-17,14:52:41,SKU-04328,1,A-02L-021-1-B,PKR-009,MULTI,UPS Ground,STANDARD_OVERNIGHT
ORD-1353888,2025-06-17,09:56:39,SKU-00563,1,D-04R-017-1-B,PKR-031,MULTI,UPS Ground,GROUND
ORD-1354594,2025-06-17,10:20:27,SKU-04328,1,A-02L-021-1-B,PKR-021,MULTI,UPS Ground,STANDARD_OVERNIGHT
ORD-1359677,2025-06-17,13:52:06,SKU-04328,1,A-02L-021-1-B,PKR-026,MULTI,FedEx 2Day,GROUND
ORD-1356471,2025-06-17,12:09:26,SKU-02085,2,D-02R-008-1-A,PKR-024,MULTI,USPS Priority Mail,GROUND
ORD-1355888,2025-06-17,08:19:28,SKU-02125,2,A-01R-020-2-B,PKR-013,MULTI,UPS Ground,GROUND
ORD-1357551,2025-06-17,10:55:23,SKU-01490,1,B-04R-009-1-A,PKR-032,MULTI,UPS Ground,PRIORITY_2D
ORD-1359688,2025-06-17,08:47:35,SKU-00645,2,C-04L-018-3-B,PKR-010,MULTI,USPS Priority Mail,GROUND
ORD-1352320,2025-06-17,08:23:30,SKU-04608,2,A-02L-025-1-B,PKR-021,MULTI,FedEx Ground,GROUND
ORD-1359061,2025-06-17,13:54:11,SKU-00872,2,A-04L-005-1-A,PKR-016,MULTI,UPS Ground,GROUND
ORD-1358832,2025-06-17,09:30:23,SKU-02699,1,C-01L-007-2-B,PKR-031,MULTI,FedEx Ground,GROUND
ORD-1354692,2025-06-17,06:46:06,SKU-02125,1,A-01R-020-2-B,PKR-019,MULTI,FedEx Ground,PRIORITY_2D
ORD-1354781,2025-06-17,15:55:47,SKU-00838,1,A-03L-009-1-B,PKR-025,MULTI,FedEx Ground,GROUND
ORD-1352410,2025-06-17,18:51:19,SKU-03369,1,D-02L-005-5-B,PKR-011,MULTI,USPS Priority Mail,STANDARD_OVERNIGHT
ORD-1356250,2025-06-17,20:54:05,SKU-04710,2,A-02L-008-2-A,PKR-029,MULTI,FedEx 2Day,GROUND
ORD-1352827,2025-06-17,15:53:38,SKU-04328,2,A-02L-021-1-B,PKR-031,MULTI,FedEx Ground,GROUND
ORD-1354382,2025-06-17,20:48:19,SKU-04041,1,A-02R-002-2-B,PKR-005,MULTI,USPS Priority Mail,GROUND
ORD-1359209,2025-06-17,18:31:25,SKU-03465,1,B-01R-013-4-A,PKR-020,MULTI,FedEx Ground,GROUND
ORD-1360066,2025-06-18,15:32:20,SKU-02301,2,C-01L-019-5-A,PKR-009,MULTI,FedEx Ground,GROUND
ORD-1366409,2025-06-18,11:28:56,SKU-00585,2,C-04R-005-4-B,PKR-029,MULTI,UPS Ground,PRIORITY_2D
ORD-1367560,2025-06-18,08:43:07,SKU-01204,1,A-03R-016-1-B,PKR-025,MULTI,UPS Ground,GROUND
ORD-1366860,2025-06-18,07:14:53,SKU-02713,2,B-01L-012-1-B,PKR-022,MULTI,FedEx Ground,GROUND
ORD-1367463,2025-06-18,19:28:29,SKU-00330,2,B-03L-002-1-A,PKR-005,MULTI,UPS Ground,GROUND
ORD-1363618,2025-06-18,21:35:27,SKU-04041,1,A-02R-002-2-B,PKR-025,MULTI,UPS Ground,GROUND
ORD-1366924,2025-06-18,15:06:20,SKU-02690,2,C-01R-003-5-A,PKR-018,MULTI,FedEx Ground,GROUND
ORD-1363139,2025-06-18,11:55:38,SKU-04515,2,D-01R-003-4-B,PKR-010,MULTI,UPS 2nd Day Air,GROUND
ORD-1362598,2025-06-18,15:27:30,SKU-02366,2,A-01R-020-4-A,PKR-030,MULTI,FedEx Ground,GROUND
ORD-1363897,2025-06-18,08:44:16,SKU-02357,2,C-02L-006-2-A,PKR-021,MULTI,FedEx Ground,GROUND
ORD-1361233,2025-06-18,13:12:47,SKU-00872,2,A-04L-005-1-A,PKR-012,MULTI,UPS 2nd Day Air,GROUND
ORD-1367440,2025-06-18,19:22:34,SKU-03592,2,B-01R-008-5-A,PKR-008,MULTI,FedEx 2Day,PRIORITY_2D
ORD-1363515,2025-06-18,16:43:03,SKU-02828,2,A-02L-007-2-A,PKR-030,MULTI,FedEx Ground,PRIORITY_2D
ORD-1367576,2025-06-18,09:30:19,SKU-04421,1,D-02L-008-5-A,PKR-023,MULTI,FedEx 2Day,PRIORITY_2D
ORD-1364468,2025-06-18,19:31:03,SKU-03017,2,A-02R-003-4-A,PKR-025,MULTI,USPS Priority Mail,GROUND
ORD-1367573,2025-06-18,15:19:51,SKU-00160,2,A-04R-008-2-B,PKR-014,MULTI,UPS Ground,GROUND
ORD-1362889,2025-06-18,20:53:14,SKU-00679,1,D-04L-011-4-B,PKR-011,MULTI,USPS Priority Mail,GROUND
ORD-1360573,2025-06-18,13:10:37,SKU-04328,2,A-02L-021-1-B,PKR-023,MULTI,USPS Priority Mail,PRIORITY_2D
ORD-1364651,2025-06-18,21:15:34,SKU-03985,1,A-02R-024-3-B,PKR-012,MULTI,USPS Priority Mail,GROUND
ORD-1366757,2025-06-18,09:40:13,SKU-02961,2,B-02R-006-3-A,PKR-006,MULTI,USPS Priority Mail,PRIORITY_2D
ORD-1363276,2025-06-18,16:49:59,SKU-02621,2,A-01R-007-2-B,PKR-008,MULTI,USPS Priority Mail,GROUND
ORD-1363221,2025-06-18,10:51:09,SKU-04471,2,C-02L-014-1-A,PKR-011,MULTI,FedEx 2Day,GROUND
ORD-1365819,2025-06-18,09:35:09,SKU-02481,2,B-02L-019-1-A,PKR-018,MULTI,USPS Priority Mail,GROUND
ORD-1366019,2025-06-18,08:07:14,SKU-02340,1,D-01R-013-4-B,PKR-014,MULTI,UPS Ground,GROUND
ORD-1367252,2025-06-18,07:45:23,SKU-02032,2,C-01L-015-2-A,PKR-025,MULTI,FedEx Ground,GROUND
ORD-1364927,2025-06-18,21:29:54,SKU-00017,2,B-03R-001-4-B,PKR-014,MULTI,UPS Ground,GROUND
ORD-1365039,2025-06-18,09:13:36,SKU-00350,2,E-04L-013-2-B,PKR-023,MULTI,FedEx Ground,GROUND
ORD-1367184,2025-06-18,07:50:44,SKU-00132,2,A-04R-016-4-B,PKR-009,MULTI,UPS Ground,PRIORITY_2D
ORD-1360548,2025-06-18,12:30:51,SKU-00872,2,A-04L-005-1-A,PKR-014,MULTI,USPS Priority Mail,GROUND
ORD-1367563,2025-06-18,12:11:15,SKU-01204,2,A-03R-016-1-B,PKR-026,MULTI,UPS Ground,GROUND
ORD-1366987,2025-06-18,13:05:25,SKU-04328,2,A-02L-021-1-B,PKR-006,MULTI,FedEx Ground,GROUND
ORD-1364187,2025-06-18,21:26:35,SKU-04089,2,D-02L-001-1-B,PKR-023,MULTI,USPS Priority Mail,PRIORITY_2D
ORD-1365860,2025-06-18,11:14:13,SKU-03753,1,D-01L-002-2-A,PKR-013,MULTI,FedEx 2Day,GROUND
ORD-1363799,2025-06-18,12:20:07,SKU-03974,2,C-02R-009-2-B,PKR-007,MULTI,USPS Priority Mail,GROUND
ORD-1360723,2025-06-18,17:53:49,SKU-02614,2,D-01R-015-1-B,PKR-018,MULTI,USPS Priority Mail,GROUND
ORD-1364312,2025-06-18,13:54:48,SKU-03276,2,A-02R-007-2-B,PKR-021,MULTI,USPS Priority Mail,GROUND
ORD-1365326,2025-06-18,13:05:12,SKU-02526,2,B-02L-005-3-B,PKR-023,MULTI,FedEx Ground,GROUND
ORD-1362268,2025-06-18,14:10:58,SKU-01478,1,B-04R-012-4-A,PKR-032,MULTI,USPS Priority Mail,GROUND
ORD-1362403,2025-06-18,11:05:44,SKU-02808,2,D-02L-005-2-A,PKR-001,MULTI,UPS Ground,GROUND
ORD-1367166,2025-06-18,16:15:20,SKU-02294,2,C-02L-023-2-B,PKR-017,SINGLE,USPS Priority Mail,GROUND
ORD-1360600,2025-06-18,15:04:22,SKU-01204,2,A-03R-016-1-B,PKR-010,MULTI,UPS Ground,STANDARD_OVERNIGHT
ORD-1367403,2025-06-18,12:00:50,SKU-02716,1,C-01R-008-3-A,PKR-012,MULTI,FedEx Ground,GROUND
ORD-1363883,2025-06-18,17:34:53,SKU-02585,1,A-01R-012-4-A,PKR-002,MULTI,UPS Ground,GROUND
ORD-1362772,2025-06-18,11:07:27,SKU-02859,2,A-01L-018-3-A,PKR-013,MULTI,UPS 2nd Day Air,GROUND
ORD-1364047,2025-06-18,16:49:01,SKU-03727,2,B-02R-023-4-A,PKR-031,MULTI,FedEx Ground,GROUND
ORD-1361392,2025-06-18,14:53:59,SKU-00422,1,A-03R-005-2-B,PKR-022,MULTI,USPS Priority Mail,GROUND
ORD-1364567,2025-06-18,08:04:14,SKU-03727,1,B-02R-023-4-A,PKR-027,MULTI,UPS Ground,GROUND
ORD-1365775,2025-06-18,18:09:04,SKU-02259,2,C-02R-004-1-A,PKR-032,MULTI,USPS Priority Mail,GROUND
ORD-1361896,2025-06-18,11:15:34,SKU-03944,2,C-02L-017-3-B,PKR-028,MULTI,FedEx Ground,GROUND
ORD-1366050,2025-06-18,08:18:01,SKU-04881,1,C-01L-019-5-B,PKR-024,MULTI,USPS Priority Mail,GROUND
ORD-1362019,2025-06-18,15:18:13,SKU-03690,2,C-01R-026-3-B,PKR-023,MULTI,USPS Priority Mail,PRIORITY_2D
ORD-1367572,2025-06-18,15:15:56,SKU-04515,2,D-01R-003-4-B,PKR-024,MULTI,UPS Ground,GROUND
ORD-1366713,2025-06-18,17:49:55,SKU-00271,1,C-03L-018-3-A,PKR-009,MULTI,USPS Priority Mail,STANDARD_OVERNIGHT
ORD-1364905,2025-06-18,08:04:58,SKU-02034,1,A-02L-014-4-B,PKR-028,MULTI,USPS Priority Mail,GROUND
ORD-1367825,2025-06-18,10:44:27,SKU-04328,2,A-02L-021-1-B,PKR-019,MULTI,USPS Priority Mail,GROUND
ORD-1367229,2025-06-18,15:40:08,SKU-02681,2,A-01R-018-4-B,PKR-006,MULTI,FedEx Ground,GROUND
ORD-1364535,2025-06-18,21:22:37,SKU-01490,2,B-04R-009-1-A,PKR-004,MULTI,USPS Priority Mail,GROUND
ORD-1361922,2025-06-18,17:23:58,SKU-04889,2,A-01L-015-2-B,PKR-026,MULTI,USPS Priority Mail,GROUND
ORD-1362589,2025-06-18,21:50:52,SKU-04486,1,A-01L-016-3-A,PKR-032,MULTI,UPS Ground,PRIORITY_2D
ORD-1367694,2025-06-18,20:31:31,SKU-02937,2,C-02R-019-5-A,PKR-030,MULTI,USPS Priority Mail,GROUND
ORD-1363569,2025-06-18,07:41:01,SKU-04775,2,A-02R-001-5-B,PKR-005,MULTI,UPS Ground,GROUND
ORD-1363840,2025-06-18,16:07:42,SKU-01873,1,B-03R-018-4-A,PKR-005,MULTI,USPS Priority Mail,GROUND
ORD-1364274,2025-06-18,12:46:01,SKU-04236,2,C-02L-004-3-A,PKR-015,MULTI,FedEx Ground,PRIORITY_2D
ORD-1365590,2025-06-18,11:17:53,SKU-04041,2,A-02R-002-2-B,PKR-015,MULTI,USPS Priority Mail,PRIORITY_2D
ORD-1362925,2025-06-18,17:06:51,SKU-02366,2,A-01R-020-4-A,PKR-004,MULTI,UPS 2nd Day Air,GROUND
ORD-1367043,2025-06-18,16:52:51,SKU-03378,1,A-01L-004-4-B,PKR-011,MULTI,USPS Priority Mail,GROUND
ORD-1364187,2025-06-18,21:26:35,SKU-04328,2,A-02L-021-1-B,PKR-023,MULTI,USPS Priority Mail,PRIORITY_2D
ORD-1367824,2025-06-18,08:27:16,SKU-01652,2,B-04R-013-1-B,PKR-001,MULTI,FedEx Ground,GROUND
ORD-1360905,2025-06-18,17:27:59,SKU-04875,1,B-02R-023-5-B,PKR-006,MULTI,UPS Ground,STANDARD_OVERNIGHT
ORD-1367916,2025-06-18,10:56:43,SKU-04938,2,C-01L-014-2-A,PKR-029,MULTI,FedEx Ground,GROUND
ORD-1365407,2025-06-18,13:44:46,SKU-04328,2,A-02L-021-1-B,PKR-027,MULTI,UPS Ground,STANDARD_OVERNIGHT
ORD-1363129,2025-06-18,07:33:09,SKU-02775,2,C-01R-023-3-A,PKR-015,MULTI,USPS Priority Mail,GROUND
ORD-1364012,2025-06-18,19:51:41,SKU-00711,1,B-04L-008-3-A,PKR-027,MULTI,FedEx Ground,GROUND
ORD-1360847,2025-06-18,19:41:40,SKU-02681,1,A-01R-018-4-B,PKR-003,MULTI,FedEx 2Day,GROUND
ORD-1360848,2025-06-18,08:49:15,SKU-02366,1,A-01R-020-4-A,PKR-008,MULTI,FedEx Ground,GROUND
ORD-1367865,2025-06-18,14:48:57,SKU-01204,1,A-03R-016-1-B,PKR-021,MULTI,UPS Ground,PRIORITY_2D
ORD-1364475,2025-06-18,14:45:47,SKU-01023,1,E-04R-010-4-B,PKR-002,MULTI,UPS Ground,GROUND
ORD-1363272,2025-06-18,13:33:24,SKU-04328,2,A-02L-021-1-B,PKR-027,MULTI,USPS Priority Mail,GROUND
ORD-1364318,2025-06-18,08:49:49,SKU-02512,2,B-02L-023-2-B,PKR-028,MULTI,FedEx Ground,GROUND
ORD-1360384,2025-06-18,13:53:25,SKU-02150,2,C-02R-006-4-B,PKR-018,SINGLE,FedEx 2Day,PRIORITY_2D
ORD-1362076,2025-06-18,21:36:21,SKU-01304,2,B-03L-005-4-A,PKR-011,MULTI,USPS Priority Mail,PRIORITY_2D
ORD-1367602,2025-06-18,15:42:56,SKU-04328,2,A-02L-021-1-B,PKR-029,MULTI,USPS Priority Mail,GROUND
ORD-1361730,2025-06-18,11:06:16,SKU-02908,2,B-02L-005-3-A,PKR-028,MULTI,FedEx Ground,GROUND
ORD-1361386,2025-06-18,13:10:13,SKU-03727,1,B-02R-023-4-A,PKR-013,MULTI,USPS Priority Mail,GROUND
ORD-1363122,2025-06-18,15:04:40,SKU-04964,2,B-02R-019-1-A,PKR-028,MULTI,USPS Priority Mail,PRIORITY_2D
ORD-1367732,2025-06-18,20:50:38,SKU-04727,2,D-02L-007-1-B,PKR-007,MULTI,UPS Ground,GROUND
ORD-1367420,2025-06-18,07:54:39,SKU-02050,2,C-02L-007-1-A,PKR-020,MULTI,FedEx Ground,PRIORITY_2D
ORD-1363764,2025-06-18,19:05:44,SKU-04328,1,A-02L-021-1-B,PKR-009,MULTI,FedEx 2Day,PRIORITY_2D
ORD-1364326,2025-06-18,16:42:33,SKU-02366,2,A-01R-020-4-A,PKR-011,MULTI,FedEx Ground,GROUND
ORD-1360348,2025-06-18,20:04:48,SKU-03394,2,C-01L-023-1-A,PKR-031,MULTI,FedEx Ground,GROUND
ORD-1364279,2025-06-18,21:22:46,SKU-01284,2,A-04R-009-1-B,PKR-007,MULTI,FedEx Ground,PRIORITY_2D
ORD-1365861,2025-06-18,16:47:05,SKU-04710,2,A-02L-008-2-A,PKR-004,MULTI,FedEx Ground,GROUND
ORD-1366364,2025-06-18,20:26:27,SKU-04591,2,C-01L-012-2-B,PKR-009,MULTI,FedEx 2Day,GROUND
ORD-1365512,2025-06-18,13:19:45,SKU-03727,2,B-02R-023-4-A,PKR-012,MULTI,USPS Priority Mail,GROUND
ORD-1364039,2025-06-18,06:48:51,SKU-04842,2,C-01R-002-2-B,PKR-006,MULTI,UPS Ground,PRIORITY_2D
ORD-1364277,2025-06-18,08:00:02,SKU-02851,1,B-02R-007-4-A,PKR-001,MULTI,USPS Priority Mail,PRIORITY_2D
ORD-1366133,2025-06-18,17:32:31,SKU-02327,2,D-02L-026-2-B,PKR-006,SINGLE,FedEx Ground,GROUND
ORD-1362012,2025-06-18,18:46:11,SKU-04865,1,A-01R-011-4-B,PKR-028,MULTI,UPS Ground,GROUND
ORD-1360945,2025-06-18,10:52:34,SKU-01490,2,B-04R-009-1-A,PKR-030,MULTI,FedEx Ground,PRIORITY_2D
ORD-1366802,2025-06-18,09:03:24,SKU-01268,2,C-04L-002-2-B,PKR-032,MULTI,FedEx Ground,GROUND
ORD-1364929,2025-06-18,18:45:02,SKU-00202,1,C-04L-012-3-A,PKR-024,MULTI,USPS Priority Mail,PRIORITY_2D
ORD-1361264,2025-06-18,13:31:30,SKU-02400,2,B-02L-025-2-B,PKR-020,SINGLE,UPS 2nd Day Air,GROUND
ORD-1362785,2025-06-18,14:50:00,SKU-01207,2,B-04R-018-4-B,PKR-005,MULTI,FedEx Ground,PRIORITY_2D
ORD-1361016,2025-06-18,09:15:38,SKU-04328,2,A-02L-021-1-B,PKR-020,MULTI,USPS Priority Mail,GROUND
ORD-1366940,2025-06-18,08:35:50,SKU-01397,2,C-03L-015-3-A,PKR-010,MULTI,UPS Ground,PRIORITY_2D
ORD-1366672,2025-06-18,08:22:40,SKU-03727,1,B-02R-023-4-A,PKR-014,MULTI,FedEx 2Day,PRIORITY_2D
ORD-1367059,2025-06-18,09:57:46,SKU-01387,1,A-04L-002-1-A,PKR-004,MULTI,UPS Ground,GROUND
ORD-1367717,2025-06-18,19:38:17,SKU-02609,1,C-01R-013-1-B,PKR-019,MULTI,UPS Ground,GROUND
ORD-1365133,2025-06-18,11:04:01,SKU-01862,2,C-04R-019-3-B,PKR-007,MULTI,FedEx Ground,STANDARD_OVERNIGHT
ORD-1362171,2025-06-18,17:42:01,SKU-03496,2,B-01R-016-5-B,PKR-004,MULTI,FedEx Ground,STANDARD_OVERNIGHT
ORD-1363461,2025-06-18,18:32:23,SKU-02585,2,A-01R-012-4-A,PKR-009,MULTI,UPS Ground,PRIORITY_2D
ORD-1365844,2025-06-18,17:51:40,SKU-02681,2,A-01R-018-4-B,PKR-002,MULTI,UPS Ground,GROUND
ORD-1367901,2025-06-18,07:52:20,SKU-02050,1,C-02L-007-1-A,PKR-006,MULTI,FedEx Ground,PRIORITY_2D
ORD-1361981,2025-06-18,07:34:10,SKU-04538,1,A-01R-001-1-B,PKR-028,MULTI,UPS Ground,GROUND
ORD-1366606,2025-06-18,15:02:27,SKU-04328,2,A-02L-021-1-B,PKR-014,MULTI,USPS Priority Mail,GROUND
ORD-1363326,2025-06-18,16:29:47,SKU-01490,2,B-04R-009-1-A,PKR-003,MULTI,UPS Ground,PRIORITY_2D
ORD-1364908,2025-06-18,12:57:53,SKU-02631,1,D-01L-014-1-A,PKR-017,MULTI,FedEx Ground,GROUND
ORD-1364138,2025-06-18,06:14:33,SKU-04942,1,B-01R-023-1-B,PKR-018,MULTI,FedEx 2Day,GROUND
ORD-1360785,2025-06-18,20:41:00,SKU-04670,1,C-02R-018-2-B,PKR-008,MULTI,USPS Priority Mail,GROUND
ORD-1364855,2025-06-18,19:35:08,SKU-03077,1,B-02L-012-4-B,PKR-026,MULTI,FedEx Ground,GROUND
ORD-1360089,2025-06-18,10:55:34,SKU-01490,1,B-04R-009-1-A,PKR-029,MULTI,UPS Ground,GROUND
ORD-1364955,2025-06-18,20:07:06,SKU-04037,2,A-02R-011-4-B,PKR-002,MULTI,USPS Priority Mail,GROUND
ORD-1362182,2025-06-18,06:11:09,SKU-00037,2,A-03L-004-3-A,PKR-022,MULTI,UPS Ground,GROUND
ORD-1360808,2025-06-18,13:59:34,SKU-01207,2,B-04R-018-4-B,PKR-007,MULTI,FedEx Ground,PRIORITY_2D
ORD-1366248,2025-06-18,20:50:07,SKU-00072,2,C-04L-012-1-B,PKR-011,MULTI,UPS Ground,GROUND
ORD-1360729,2025-06-18,09:18:21,SKU-04664,2,A-02R-002-3-A,PKR-014,MULTI,UPS Ground,STANDARD_OVERNIGHT
ORD-1365406,2025-06-18,06:11:37,SKU-02125,1,A-01R-020-2-B,PKR-010,MULTI,UPS Ground,GROUND
ORD-1361439,2025-06-18,16:57:55,SKU-03077,1,B-02L-012-4-B,PKR-002,MULTI,UPS Ground,PRIORITY_2D
ORD-1366899,2025-06-18,12:15:31,SKU-02366,1,A-01R-020-4-A,PKR-011,MULTI,FedEx Ground,GROUND
ORD-1365543,2025-06-18,10:16:37,SKU-02125,1,A-01R-020-2-B,PKR-015,MULTI,UPS Ground,GROUND
ORD-1365277,2025-06-18,18:45:28,SKU-03077,2,B-02L-012-4-B,PKR-007,MULTI,USPS Priority Mail,GROUND
ORD-1360175,2025-06-18,07:40:26,SKU-04041,2,A-02R-002-2-B,PKR-022,MULTI,FedEx Ground,GROUND
ORD-1360636,2025-06-18,14:01:59,SKU-02366,2,A-01R-020-4-A,PKR-004,MULTI,FedEx Ground,GROUND
ORD-1366595,2025-06-18,21:14:45,SKU-02731,2,A-01R-004-5-A,PKR-012,MULTI,USPS Priority Mail,GROUND
ORD-1362979,2025-06-18,06:00:22,SKU-04328,2,A-02L-021-1-B,PKR-015,MULTI,UPS Ground,GROUND
ORD-1360375,2025-06-18,06:25:36,SKU-04041,2,A-02R-002-2-B,PKR-019,MULTI,UPS Ground,PRIORITY_2D
ORD-1362367,2025-06-18,16:06:36,SKU-03356,2,A-02L-015-2-A,PKR-010,MULTI,FedEx Ground,GROUND
ORD-1361555,2025-06-18,16:47:49,SKU-02791,1,D-02L-019-2-B,PKR-008,MULTI,FedEx Ground,PRIORITY_2D
ORD-1360599,2025-06-18,13:06:23,SKU-00376,1,B-04L-004-2-B,PKR-020,MULTI,FedEx Ground,STANDARD_OVERNIGHT
ORD-1364938,2025-06-18,19:14:01,SKU-01966,2,A-04R-005-2-B,PKR-002,SINGLE,FedEx Ground,GROUND
ORD-1365077,2025-06-18,07:30:03,SKU-02772,2,A-02R-012-5-A,PKR-024,MULTI,USPS Priority Mail,GROUND
ORD-1360325,2025-06-18,07:17:19,SKU-04435,2,A-02R-016-4-A,PKR-016,MULTI,UPS Ground,GROUND
ORD-1362418,2025-06-18,16:43:58,SKU-00445,2,B-03L-015-2-A,PKR-016,MULTI,USPS Priority Mail,GROUND
ORD-1365057,2025-06-18,18:45:12,SKU-00831,2,A-03R-004-3-B,PKR-013,MULTI,UPS Ground,STANDARD_OVERNIGHT
ORD-1366947,2025-06-18,10:21:43,SKU-02937,1,C-02R-019-5-A,PKR-031,MULTI,FedEx Ground,PRIORITY_2D
ORD-1367520,2025-06-18,06:17:28,SKU-04308,2,B-02R-019-4-A,PKR-020,MULTI,USPS Priority Mail,GROUND
ORD-1365688,2025-06-18,11:39:37,SKU-02366,1,A-01R-020-4-A,PKR-012,MULTI,USPS Priority Mail,GROUND
ORD-1362276,2025-06-18,18:30:03,SKU-04041,2,A-02R-002-2-B,PKR-014,MULTI,UPS Ground,PRIORITY_2D
ORD-1366357,2025-06-18,06:01:53,SKU-02908,2,B-02L-005-3-A,PKR-006,MULTI,FedEx Ground,GROUND
ORD-1364384,2025-06-18,06:21:08,SKU-02034,2,A-02L-014-4-B,PKR-007,MULTI,UPS Ground,GROUND
ORD-1365038,2025-06-18,06:39:28,SKU-03324,1,A-02R-015-1-B,PKR-031,MULTI,FedEx Ground,GROUND
ORD-1362352,2025-06-18,09:35:22,SKU-04041,1,A-02R-002-2-B,PKR-023,MULTI,UPS Ground,GROUND
ORD-1365798,2025-06-18,17:56:20,SKU-01721,2,A-04L-015-4-B,PKR-012,MULTI,USPS Priority Mail,GROUND
ORD-1362182,2025-06-18,06:11:09,SKU-03994,2,A-01L-010-3-A,PKR-022,MULTI,UPS Ground,GROUND
ORD-1361757,2025-06-18,11:21:34,SKU-04608,2,A-02L-025-1-B,PKR-008,MULTI,FedEx Ground,PRIORITY_2D
ORD-1364849,2025-06-18,07:36:08,SKU-02034,2,A-02L-014-4-B,PKR-020,MULTI,USPS Priority Mail,GROUND
ORD-1363005,2025-06-18,21:26:03,SKU-02609,2,C-01R-013-1-B,PKR-012,MULTI,FedEx Ground,STANDARD_OVERNIGHT
ORD-1362285,2025-06-18,11:23:01,SKU-02681,2,A-01R-018-4-B,PKR-002,MULTI,UPS Ground,GROUND
ORD-1367254,2025-06-18,08:46:05,SKU-04328,2,A-02L-021-1-B,PKR-032,MULTI,UPS Ground,GROUND
ORD-1365995,2025-06-18,21:48:35,SKU-04457,2,A-01L-020-2-B,PKR-029,MULTI,UPS Ground,GROUND
ORD-1367219,2025-06-18,18:45:36,SKU-02034,2,A-02L-014-4-B,PKR-004,MULTI,USPS Priority Mail,GROUND
ORD-1367009,2025-06-18,18:37:01,SKU-00495,2,C-03L-011-4-B,PKR-016,MULTI,FedEx Ground,GROUND
ORD-1365779,2025-06-18,12:14:47,SKU-02366,1,A-01R-020-4-A,PKR-020,MULTI,FedEx Ground,PRIORITY_2D
ORD-1364253,2025-06-18,14:28:56,SKU-04486,2,A-01L-016-3-A,PKR-005,MULTI,UPS Ground,STANDARD_OVERNIGHT
ORD-1366628,2025-06-18,10:19:02,SKU-00272,1,C-04L-017-4-B,PKR-028,MULTI,FedEx Ground,GROUND
ORD-1360389,2025-06-18,21:15:02,SKU-00464,1,B-04L-018-2-A,PKR-009,MULTI,FedEx Ground,GROUND
ORD-1362744,2025-06-18,20:01:34,SKU-02585,2,A-01R-012-4-A,PKR-013,SINGLE,USPS Priority Mail,PRIORITY_2D
ORD-1367759,2025-06-18,07:35:33,SKU-03818,1,B-02R-010-1-A,PKR-024,MULTI,FedEx Ground,GROUND
ORD-1367956,2025-06-18,11:43:40,SKU-01399,2,B-03R-005-2-A,PKR-017,MULTI,UPS Ground,GROUND
ORD-1362773,2025-06-18,19:14:57,SKU-02990,2,A-01R-022-1-B,PKR-026,MULTI,UPS Ground,PRIORITY_2D
ORD-1362437,2025-06-18,14:47:02,SKU-01204,2,A-03R-016-1-B,PKR-018,MULTI,UPS Ground,PRIORITY_2D
ORD-1360594,2025-06-18,21:18:45,SKU-04328,2,A-02L-021-1-B,PKR-024,MULTI,FedEx 2Day,GROUND
ORD-1367583,2025-06-18,12:26:36,SKU-02104,2,B-01R-002-1-A,PKR-021,MULTI,USPS Priority Mail,PRIORITY_2D
ORD-1362910,2025-06-18,08:53:51,SKU-02908,2,B-02L-005-3-A,PKR-009,MULTI,USPS Priority Mail,PRIORITY_2D
ORD-1362197,2025-06-18,17:25:21,SKU-00950,1,B-04R-013-2-B,PKR-006,MULTI,FedEx Ground,GROUND
ORD-1360821,2025-06-18,18:05:47,SKU-02366,1,A-01R-020-4-A,PKR-015,MULTI,FedEx Ground,GROUND
ORD-1366130,2025-06-18,17:09:14,SKU-02323,2,C-01R-014-4-B,PKR-020,MULTI,FedEx Ground,GROUND
ORD-1366362,2025-06-18,10:19:03,SKU-00872,2,A-04L-005-1-A,PKR-006,MULTI,UPS Ground,PRIORITY_2D
ORD-1365603,2025-06-18,15:58:45,SKU-02558,2,B-01L-010-1-B,PKR-009,MULTI,FedEx 2Day,PRIORITY_2D
ORD-1365132,2025-06-18,21:46:17,SKU-03727,2,B-02R-023-4-A,PKR-016,MULTI,UPS Ground,GROUND
ORD-1363632,2025-06-18,09:45:28,SKU-01204,1,A-03R-016-1-B,PKR-007,MULTI,UPS 2nd Day Air,GROUND
ORD-1365667,2025-06-18,10:10:21,SKU-02554,1,C-01L-003-1-B,PKR-004,MULTI,USPS Priority Mail,GROUND
ORD-1362523,2025-06-18,06:14:48,SKU-00447,1,A-04L-008-2-A,PKR-029,MULTI,UPS Ground,GROUND
ORD-1363058,2025-06-18,20:59:41,SKU-04328,1,A-02L-021-1-B,PKR-028,MULTI,UPS 2nd Day Air,GROUND
ORD-1364022,2025-06-18,06:50:01,SKU-04328,1,A-02L-021-1-B,PKR-003,MULTI,UPS Ground,GROUND
ORD-1366424,2025-06-18,19:17:31,SKU-02677,2,B-01R-002-4-A,PKR-018,MULTI,FedEx Ground,GROUND
ORD-1365159,2025-06-18,08:01:03,SKU-03676,1,B-01R-002-4-B,PKR-025,SINGLE,UPS Ground,GROUND
ORD-1367678,2025-06-18,14:55:36,SKU-00303,2,B-03L-008-1-A,PKR-031,MULTI,USPS Priority Mail,STANDARD_OVERNIGHT
ORD-1366590,2025-06-18,11:24:36,SKU-01988,1,B-04L-004-4-A,PKR-010,MULTI,UPS Ground,GROUND
ORD-1367432,2025-06-18,19:21:21,SKU-03840,2,B-01R-009-5-B,PKR-017,MULTI,USPS Priority Mail,STANDARD_OVERNIGHT
ORD-1367858,2025-06-18,12:38:33,SKU-04041,1,A-02R-002-2-B,PKR-003,MULTI,UPS Ground,GROUND
ORD-1365488,2025-06-18,11:44:27,SKU-04994,2,C-02L-011-5-A,PKR-008,MULTI,USPS Priority Mail,GROUND
ORD-1363605,2025-06-18,08:36:34,SKU-04328,2,A-02L-021-1-B,PKR-027,MULTI,UPS Ground,PRIORITY_2D
ORD-1364828,2025-06-18,19:10:37,SKU-02104,1,B-01R-002-1-A,PKR-010,MULTI,UPS Ground,GROUND
ORD-1367932,2025-06-18,09:39:05,SKU-00535,2,A-03R-010-2-A,PKR-022,MULTI,FedEx Ground,GROUND
ORD-1362808,2025-06-18,16:36:49,SKU-00388,2,B-03L-020-2-B,PKR-022,MULTI,USPS Priority Mail,GROUND
ORD-1363637,2025-06-18,20:35:16,SKU-04932,1,A-02R-018-5-A,PKR-003,MULTI,USPS Priority Mail,GROUND
ORD-1364641,2025-06-18,17:20:19,SKU-04782,2,C-01L-004-3-A,PKR-009,MULTI,FedEx Ground,STANDARD_OVERNIGHT
ORD-1365910,2025-06-18,19:38:41,SKU-00215,2,B-04L-015-1-B,PKR-031,SINGLE,FedEx 2Day,GROUND
ORD-1363639,2025-06-18,14:54:59,SKU-03286,1,B-02R-018-4-B,PKR-002,MULTI,FedEx Ground,GROUND
ORD-1362161,2025-06-18,07:07:53,SKU-02232,2,C-01L-002-5-A,PKR-007,MULTI,UPS Ground,PRIORITY_2D
ORD-1363952,2025-06-18,17:21:35,SKU-00353,2,A-04L-018-4-A,PKR-011,MULTI,FedEx Ground,GROUND
ORD-1363966,2025-06-18,07:04:39,SKU-00031,2,B-04L-006-4-B,PKR-019,MULTI,UPS Ground,STANDARD_OVERNIGHT
ORD-1365058,2025-06-18,18:15:41,SKU-04878,1,B-01R-016-3-B,PKR-001,MULTI,UPS Ground,STANDARD_OVERNIGHT
ORD-1364811,2025-06-18,17:47:15,SKU-02357,2,C-02L-006-2-A,PKR-008,MULTI,FedEx Ground,GROUND
ORD-1366672,2025-06-18,08:22:40,SKU-00315,2,A-03R-020-4-A,PKR-014,MULTI,FedEx 2Day,PRIORITY_2D
ORD-1363252,2025-06-18,13:34:33,SKU-04041,1,A-02R-002-2-B,PKR-004,MULTI,UPS Ground,GROUND
ORD-1367130,2025-06-18,09:56:26,SKU-03338,1,B-01L-006-3-A,PKR-003,MULTI,FedEx 2Day,GROUND
ORD-1362420,2025-06-18,21:20:00,SKU-02842,2,D-02L-002-1-B,PKR-032,MULTI,UPS 2nd Day Air,STANDARD_OVERNIGHT
ORD-1361930,2025-06-18,09:03:30,SKU-02552,1,B-02R-022-5-B,PKR-017,MULTI,UPS Ground,GROUND
ORD-1364640,2025-06-18,18:10:24,SKU-04390,2,C-02L-011-4-B,PKR-019,MULTI,UPS Ground,GROUND
ORD-1361150,2025-06-18,11:17:32,SKU-03995,2,B-02R-012-4-B,PKR-029,MULTI,FedEx Ground,GROUND
ORD-1360289,2025-06-18,11:31:48,SKU-02125,2,A-01R-020-2-B,PKR-010,MULTI,FedEx Ground,GROUND
ORD-1364665,2025-06-18,08:15:37,SKU-00872,2,A-04L-005-1-A,PKR-011,MULTI,UPS Ground,GROUND
ORD-1373210,2025-06-19,21:12:56,SKU-00779,2,B-04L-003-4-B,PKR-025,MULTI,UPS Ground,GROUND
ORD-1368996,2025-06-19,20:34:29,SKU-02913,2,B-01L-015-2-B,PKR-031,MULTI,FedEx 2Day,GROUND
ORD-1375225,2025-06-19,08:32:52,SKU-01732,1,D-04R-001-4-B,PKR-015,MULTI,UPS Ground,GROUND
ORD-1373922,2025-06-19,12:20:12,SKU-01565,1,B-04R-003-1-A,PKR-002,MULTI,FedEx Ground,GROUND
ORD-1375871,2025-06-19,06:34:53,SKU-03496,2,B-01R-016-5-B,PKR-026,MULTI,FedEx Ground,GROUND
ORD-1373554,2025-06-19,18:55:30,SKU-02079,2,C-02R-013-3-B,PKR-026,MULTI,UPS Ground,GROUND
ORD-1369557,2025-06-19,20:20:36,SKU-04328,2,A-02L-021-1-B,PKR-001,MULTI,FedEx Ground,GROUND
ORD-1371164,2025-06-19,07:00:52,SKU-03854,2,B-02L-022-3-A,PKR-029,MULTI,FedEx 2Day,GROUND
ORD-1375483,2025-06-19,07:29:28,SKU-02045,1,B-01R-025-3-A,PKR-015,MULTI,USPS Priority Mail,PRIORITY_2D
ORD-1368203,2025-06-19,07:41:59,SKU-01915,1,A-04R-017-2-B,PKR-027,MULTI,FedEx Ground,GROUND
ORD-1374034,2025-06-19,10:24:59,SKU-02366,2,A-01R-020-4-A,PKR-008,MULTI,UPS Ground,GROUND
ORD-1370283,2025-06-19,16:07:45,SKU-03727,1,B-02R-023-4-A,PKR-008,MULTI,FedEx Ground,GROUND
ORD-1368084,2025-06-19,06:31:46,SKU-04878,2,B-01R-016-3-B,PKR-013,MULTI,FedEx Ground,PRIORITY_2D
ORD-1374293,2025-06-19,17:29:35,SKU-03727,2,B-02R-023-4-A,PKR-002,MULTI,FedEx Ground,GROUND
ORD-1371222,2025-06-19,11:12:52,SKU-04041,1,A-02R-002-2-B,PKR-016,MULTI,UPS Ground,PRIORITY_2D
ORD-1371684,2025-06-19,16:39:42,SKU-04875,2,B-02R-023-5-B,PKR-004,MULTI,FedEx Ground,GROUND
ORD-1371253,2025-06-19,17:32:58,SKU-02663,2,E-01R-023-2-B,PKR-031,MULTI,FedEx 2Day,GROUND
ORD-1371717,2025-06-19,11:13:30,SKU-04608,2,A-02L-025-1-B,PKR-013,MULTI,UPS 2nd Day Air,GROUND
ORD-1371891,2025-06-19,09:52:57,SKU-03727,2,B-02R-023-4-A,PKR-024,MULTI,FedEx 2Day,GROUND
ORD-1374811,2025-06-19,07:08:55,SKU-02212,2,D-02L-018-1-A,PKR-015,MULTI,FedEx Ground,PRIORITY_2D
ORD-1373497,2025-06-19,18:34:03,SKU-02252,2,B-02R-025-2-A,PKR-002,MULTI,USPS Priority Mail,PRIORITY_2D
ORD-1368213,2025-06-19,12:38:32,SKU-04328,2,A-02L-021-1-B,PKR-017,SINGLE,FedEx Ground,GROUND
ORD-1373325,2025-06-19,10:07:19,SKU-00872,2,A-04L-005-1-A,PKR-020,MULTI,UPS Ground,PRIORITY_2D
ORD-1375883,2025-06-19,14:00:25,SKU-00239,2,A-04L-019-1-B,PKR-020,MULTI,UPS Ground,PRIORITY_2D
ORD-1372016,2025-06-19,11:47:42,SKU-00872,2,A-04L-005-1-A,PKR-013,MULTI,USPS Priority Mail,PRIORITY_2D
ORD-1373532,2025-06-19,10:20:29,SKU-02828,2,A-02L-007-2-A,PKR-001,MULTI,FedEx Ground,GROUND
ORD-1371246,2025-06-19,07:39:06,SKU-00198,2,D-03L-017-1-A,PKR-002,MULTI,USPS Priority Mail,GROUND
ORD-1370344,2025-06-19,10:16:29,SKU-04328,1,A-02L-021-1-B,PKR-026,MULTI,FedEx 2Day,PRIORITY_2D
ORD-1373222,2025-06-19,21:13:53,SKU-01000,1,D-03R-007-2-B,PKR-016,MULTI,USPS Priority Mail,STANDARD_OVERNIGHT
ORD-1369617,2025-06-19,21:57:22,SKU-04328,2,A-02L-021-1-B,PKR-004,MULTI,USPS Priority Mail,PRIORITY_2D
ORD-1370534,2025-06-19,14:57:43,SKU-04940,2,C-02L-001-4-B,PKR-015,MULTI,FedEx Ground,GROUND
ORD-1368177,2025-06-19,08:39:56,SKU-02967,2,C-01L-001-1-B,PKR-022,MULTI,UPS Ground,PRIORITY_2D
ORD-1369196,2025-06-19,08:59:19,SKU-00872,2,A-04L-005-1-A,PKR-011,MULTI,UPS Ground,PRIORITY_2D
ORD-1374627,2025-06-19,10:12:26,SKU-04041,2,A-02R-002-2-B,PKR-001,MULTI,FedEx Ground,PRIORITY_2D
ORD-1372185,2025-06-19,14:17:00,SKU-02908,2,B-02L-005-3-A,PKR-002,MULTI,UPS Ground,PRIORITY_2D
ORD-1370298,2025-06-19,10:58:29,SKU-03910,1,A-02L-021-3-A,PKR-027,MULTI,UPS Ground,PRIORITY_2D
ORD-1375587,2025-06-19,10:29:15,SKU-02609,2,C-01R-013-1-B,PKR-022,MULTI,UPS Ground,GROUND
ORD-1373405,2025-06-19,19:39:58,SKU-04297,1,B-01L-002-3-A,PKR-005,SINGLE,UPS Ground,PRIORITY_2D
ORD-1371525,2025-06-19,07:15:41,SKU-04782,2,C-01L-004-3-A,PKR-014,MULTI,UPS Ground,GROUND
ORD-1372574,2025-06-19,21:58:48,SKU-00038,2,C-03R-012-4-A,PKR-017,MULTI,USPS Priority Mail,GROUND
ORD-1374569,2025-06-19,11:48:58,SKU-01440,1,A-03L-011-3-B,PKR-006,MULTI,UPS Ground,GROUND
ORD-1373235,2025-06-19,06:12:39,SKU-00872,1,A-04L-005-1-A,PKR-022,MULTI,UPS Ground,GROUND
ORD-1369052,2025-06-19,16:26:07,SKU-04041,1,A-02R-002-2-B,PKR-029,MULTI,UPS 2nd Day Air,GROUND
ORD-1374982,2025-06-19,10:09:23,SKU-04328,2,A-02L-021-1-B,PKR-031,MULTI,UPS 2nd Day Air,PRIORITY_2D
ORD-1370220,2025-06-19,21:14:58,SKU-02125,2,A-01R-020-2-B,PKR-018,MULTI,FedEx Ground,GROUND
ORD-1372044,2025-06-19,10:17:16,SKU-02624,2,A-02R-022-1-A,PKR-025,MULTI,USPS Priority Mail,GROUND
ORD-1370685,2025-06-19,13:11:17,SKU-02366,2,A-01R-020-4-A,PKR-025,MULTI,UPS Ground,GROUND
ORD-1374816,2025-06-19,09:19:02,SKU-03727,2,B-02R-023-4-A,PKR-030,MULTI,USPS Priority Mail,PRIORITY_2D
ORD-1374149,2025-06-19,18:07:48,SKU-02291,1,D-01R-026-1-A,PKR-003,MULTI,FedEx Ground,GROUND
ORD-1372505,2025-06-19,16:32:28,SKU-02785,1,D-02L-026-1-A,PKR-028,MULTI,USPS Priority Mail,GROUND
ORD-1373389,2025-06-19,16:36:49,SKU-00353,2,A-04L-018-4-A,PKR-017,MULTI,FedEx 2Day,GROUND
ORD-1373828,2025-06-19,13:54:01,SKU-03326,2,C-01R-024-2-B,PKR-003,MULTI,USPS Priority Mail,GROUND
ORD-1375232,2025-06-19,06:48:09,SKU-04328,2,A-02L-021-1-B,PKR-010,MULTI,FedEx Ground,GROUND
ORD-1368609,2025-06-19,06:42:19,SKU-04041,1,A-02R-002-2-B,PKR-015,MULTI,FedEx 2Day,GROUND
ORD-1369067,2025-06-19,19:30:27,SKU-04435,1,A-02R-016-4-A,PKR-019,MULTI,USPS Priority Mail,GROUND
ORD-1374723,2025-06-19,21:48:45,SKU-01068,1,B-03L-012-3-B,PKR-030,MULTI,UPS 2nd Day Air,GROUND
ORD-1375146,2025-06-19,16:12:03,SKU-03500,2,B-02L-005-4-B,PKR-010,MULTI,FedEx 2Day,PRIORITY_2D
ORD-1373433,2025-06-19,09:27:39,SKU-02348,1,C-01R-020-2-A,PKR-003,MULTI,USPS Priority Mail,GROUND
ORD-1371263,2025-06-19,15:04:08,SKU-02908,2,B-02L-005-3-A,PKR-028,MULTI,UPS Ground,GROUND
ORD-1375389,2025-06-19,19:26:30,SKU-03688,1,D-01L-024-4-A,PKR-022,MULTI,FedEx 2Day,GROUND
ORD-1375989,2025-06-19,06:42:27,SKU-02699,2,C-01L-007-2-B,PKR-028,MULTI,FedEx Ground,PRIORITY_2D
ORD-1374670,2025-06-19,08:50:14,SKU-03727,2,B-02R-023-4-A,PKR-024,MULTI,FedEx 2Day,GROUND
ORD-1372234,2025-06-19,08:43:52,SKU-04328,1,A-02L-021-1-B,PKR-010,MULTI,UPS Ground,GROUND
ORD-1370457,2025-06-19,13:08:07,SKU-03608,1,A-01R-015-2-A,PKR-019,MULTI,UPS Ground,STANDARD_OVERNIGHT
ORD-1374029,2025-06-19,12:47:16,SKU-02140,2,B-01R-020-2-B,PKR-005,MULTI,UPS 2nd Day Air,PRIORITY_2D
ORD-1373954,2025-06-19,06:14:28,SKU-02908,2,B-02L-005-3-A,PKR-028,MULTI,UPS Ground,GROUND
ORD-1375081,2025-06-19,08:56:46,SKU-00554,2,C-04R-011-4-B,PKR-021,MULTI,UPS 2nd Day Air,STANDARD_OVERNIGHT
ORD-1369114,2025-06-19,07:50:20,SKU-04328,1,A-02L-021-1-B,PKR-005,MULTI,USPS Priority Mail,PRIORITY_2D
ORD-1373326,2025-06-19,18:16:47,SKU-02104,2,B-01R-002-1-A,PKR-011,MULTI,USPS Priority Mail,GROUND
ORD-1375845,2025-06-19,14:36:53,SKU-04041,2,A-02R-002-2-B,PKR-024,MULTI,UPS Ground,GROUND
ORD-1373984,2025-06-19,06:43:07,SKU-00046,1,B-03L-005-2-A,PKR-008,SINGLE,UPS Ground,GROUND
ORD-1368461,2025-06-19,08:08:25,SKU-02140,2,B-01R-020-2-B,PKR-005,MULTI,UPS Ground,GROUND
ORD-1370508,2025-06-19,10:34:52,SKU-02836,2,A-02R-009-1-B,PKR-026,MULTI,USPS Priority Mail,STANDARD_OVERNIGHT
ORD-1373314,2025-06-19,08:34:14,SKU-04328,2,A-02L-021-1-B,PKR-011,MULTI,USPS Priority Mail,PRIORITY_2D
ORD-1374421,2025-06-19,06:31:04,SKU-02727,2,C-01L-017-5-A,PKR-031,MULTI,FedEx 2Day,GROUND
ORD-1375074,2025-06-19,18:02:44,SKU-01035,2,C-04L-019-4-A,PKR-017,MULTI,FedEx Ground,GROUND
ORD-1373775,2025-06-19,16:53:42,SKU-04041,1,A-02R-002-2-B,PKR-012,MULTI,UPS Ground,GROUND
ORD-1373922,2025-06-19,12:20:12,SKU-02366,2,A-01R-020-4-A,PKR-002,MULTI,FedEx Ground,GROUND
ORD-1372055,2025-06-19,16:53:56,SKU-04183,2,A-01L-010-2-B,PKR-001,MULTI,UPS Ground,GROUND
ORD-1370392,2025-06-19,18:34:42,SKU-02609,2,C-01R-013-1-B,PKR-029,MULTI,UPS Ground,GROUND
ORD-1371249,2025-06-19,07:49:56,SKU-01121,2,B-04R-017-4-A,PKR-020,MULTI,UPS Ground,PRIORITY_2D
ORD-1369767,2025-06-19,09:55:13,SKU-03881,2,B-02R-002-4-A,PKR-007,MULTI,FedEx Ground,GROUND
ORD-1374076,2025-06-19,17:27:00,SKU-04938,1,C-01L-014-2-A,PKR-003,MULTI,FedEx Ground,GROUND
ORD-1371488,2025-06-19,07:12:41,SKU-02164,1,C-02L-013-3-A,PKR-026,MULTI,UPS Ground,PRIORITY_2D
ORD-1370463,2025-06-19,10:48:01,SKU-00037,1,A-03L-004-3-A,PKR-007,SINGLE,UPS Ground,GROUND
ORD-1369341,2025-06-19,11:02:55,SKU-02085,2,D-02R-008-1-A,PKR-030,MULTI,USPS Priority Mail,PRIORITY_2D
ORD-1371391,2025-06-19,20:18:24,SKU-02585,2,A-01R-012-4-A,PKR-021,MULTI,USPS Priority Mail,PRIORITY_2D
ORD-1373349,2025-06-19,14:41:52,SKU-04328,2,A-02L-021-1-B,PKR-002,MULTI,UPS Ground,GROUND
ORD-1373008,2025-06-19,11:44:40,SKU-04782,2,C-01L-004-3-A,PKR-030,SINGLE,UPS 2nd Day Air,GROUND
ORD-1375314,2025-06-19,06:54:46,SKU-00874,2,D-04R-017-1-A,PKR-021,MULTI,FedEx Ground,GROUND
ORD-1374810,2025-06-19,12:10:50,SKU-02899,1,C-01R-004-2-B,PKR-005,MULTI,UPS Ground,GROUND
ORD-1369253,2025-06-19,20:00:53,SKU-04328,2,A-02L-021-1-B,PKR-016,MULTI,FedEx Ground,GROUND
ORD-1372819,2025-06-19,21:00:56,SKU-03356,2,A-02L-015-2-A,PKR-008,MULTI,UPS Ground,GROUND
ORD-1375398,2025-06-19,08:17:20,SKU-04328,1,A-02L-021-1-B,PKR-013,MULTI,UPS Ground,PRIORITY_2D
ORD-1374241,2025-06-19,15:55:07,SKU-01170,2,A-03L-002-3-B,PKR-031,MULTI,UPS Ground,STANDARD_OVERNIGHT
ORD-1369742,2025-06-19,18:12:39,SKU-02267,2,E-02L-004-5-A,PKR-029,SINGLE,USPS Priority Mail,GROUND
ORD-1373410,2025-06-19,17:06:32,SKU-04747,2,B-02L-017-1-B,PKR-020,SINGLE,USPS Priority Mail,PRIORITY_2D
ORD-1369032,2025-06-19,12:21:13,SKU-04353,2,B-02L-022-4-A,PKR-004,MULTI,UPS Ground,GROUND
ORD-1375377,2025-06-19,18:34:49,SKU-01397,2,C-03L-015-3-A,PKR-031,MULTI,USPS Priority Mail,GROUND
ORD-1371311,2025-06-19,08:16:19,SKU-04328,1,A-02L-021-1-B,PKR-009,MULTI,FedEx Ground,PRIORITY_2D
ORD-1371313,2025-06-19,12:07:05,SKU-01204,1,A-03R-016-1-B,PKR-007,MULTI,FedEx 2Day,GROUND
ORD-1369167,2025-06-19,09:26:17,SKU-02681,1,A-01R-018-4-B,PKR-010,MULTI,FedEx Ground,GROUND
ORD-1370076,2025-06-19,15:41:22,SKU-04457,2,A-01L-020-2-B,PKR-002,MULTI,FedEx Ground,GROUND
ORD-1369492,2025-06-19,06:32:55,SKU-03357,2,A-02R-015-3-B,PKR-032,MULTI,USPS Priority Mail,GROUND
ORD-1369937,2025-06-19,16:24:36,SKU-03727,2,B-02R-023-4-A,PKR-032,MULTI,USPS Priority Mail,GROUND
ORD-1373605,2025-06-19,10:07:42,SKU-04469,1,B-02R-018-2-B,PKR-021,MULTI,FedEx Ground,GROUND
ORD-1375323,2025-06-19,14:34:22,SKU-04890,2,A-02R-006-5-B,PKR-031,MULTI,FedEx Ground,GROUND
ORD-1371711,2025-06-19,17:12:11,SKU-04559,2,E-02R-012-4-A,PKR-023,MULTI,FedEx 2Day,GROUND
ORD-1373511,2025-06-19,19:31:23,SKU-02420,2,B-01L-005-4-B,PKR-007,MULTI,UPS 2nd Day Air,GROUND
ORD-1369654,2025-06-19,08:30:16,SKU-03727,2,B-02R-023-4-A,PKR-005,MULTI,UPS 2nd Day Air,GROUND
ORD-1372235,2025-06-19,21:38:22,SKU-03812,1,B-01L-010-4-B,PKR-004,MULTI,FedEx Ground,PRIORITY_2D
ORD-1371922,2025-06-19,17:19:50,SKU-02125,1,A-01R-020-2-B,PKR-008,MULTI,FedEx Ground,STANDARD_OVERNIGHT
ORD-1374723,2025-06-19,21:48:45,SKU-02597,2,A-01L-006-4-B,PKR-030,MULTI,UPS 2nd Day Air,GROUND
ORD-1375222,2025-06-19,12:13:21,SKU-01391,2,D-03R-010-1-B,PKR-011,MULTI,FedEx Ground,PRIORITY_2D
ORD-1368404,2025-06-19,13:45:01,SKU-00390,2,C-03L-009-2-A,PKR-017,MULTI,FedEx Ground,GROUND
ORD-1373323,2025-06-19,13:01:56,SKU-04328,1,A-02L-021-1-B,PKR-012,MULTI,UPS Ground,STANDARD_OVERNIGHT
ORD-1374408,2025-06-19,21:44:37,SKU-04328,1,A-02L-021-1-B,PKR-004,MULTI,FedEx 2Day,PRIORITY_2D
ORD-1368603,2025-06-19,16:32:06,SKU-04584,2,C-01R-005-2-A,PKR-029,MULTI,UPS Ground,GROUND
ORD-1370242,2025-06-19,12:05:06,SKU-04457,2,A-01L-020-2-B,PKR-031,MULTI,UPS 2nd Day Air,PRIORITY_2D
ORD-1370117,2025-06-19,12:11:24,SKU-02435,1,C-01R-001-4-A,PKR-022,MULTI,USPS Priority Mail,GROUND
ORD-1373170,2025-06-19,18:10:53,SKU-00345,1,C-03R-006-3-B,PKR-025,MULTI,USPS Priority Mail,GROUND
ORD-1374616,2025-06-19,06:15:59,SKU-03356,2,A-02L-015-2-A,PKR-022,MULTI,USPS Priority Mail,STANDARD_OVERNIGHT
ORD-1374012,2025-06-19,13:57:31,SKU-00564,2,B-04R-017-2-B,PKR-004,MULTI,FedEx Ground,GROUND
ORD-1373948,2025-06-19,17:56:13,SKU-03727,2,B-02R-023-4-A,PKR-032,MULTI,FedEx Ground,GROUND
ORD-1372553,2025-06-19,09:40:20,SKU-02125,2,A-01R-020-2-B,PKR-018,MULTI,UPS Ground,GROUND
ORD-1371812,2025-06-19,21:03:56,SKU-02104,2,B-01R-002-1-A,PKR-024,MULTI,USPS Priority Mail,GROUND
ORD-1372477,2025-06-19,07:10:55,SKU-00026,2,A-03R-009-1-B,PKR-007,MULTI,FedEx Ground,GROUND
ORD-1368486,2025-06-19,19:42:20,SKU-04392,2,A-02R-003-5-B,PKR-015,MULTI,USPS Priority Mail,GROUND
ORD-1372452,2025-06-19,16:44:24,SKU-01463,1,A-04L-004-3-B,PKR-021,MULTI,FedEx Ground,PRIORITY_2D
ORD-1368523,2025-06-19,19:55:20,SKU-00090,1,C-04R-005-2-A,PKR-018,MULTI,USPS Priority Mail,GROUND
ORD-1369145,2025-06-19,17:01:25,SKU-03881,1,B-02R-002-4-A,PKR-013,MULTI,USPS Priority Mail,PRIORITY_2D
ORD-1368890,2025-06-19,16:44:01,SKU-01552,1,A-04R-001-1-B,PKR-011,MULTI,USPS Priority Mail,GROUND
ORD-1370000,2025-06-19,13:49:01,SKU-03310,2,B-01R-002-5-A,PKR-029,MULTI,USPS Priority Mail,PRIORITY_2D
ORD-1368642,2025-06-19,18:16:09,SKU-02767,1,C-02R-013-1-B,PKR-005,MULTI,UPS Ground,PRIORITY_2D
ORD-1371336,2025-06-19,21:02:53,SKU-01557,2,A-03R-013-1-B,PKR-017,MULTI,UPS Ground,GROUND
ORD-1372907,2025-06-19,15:37:08,SKU-02609,1,C-01R-013-1-B,PKR-004,MULTI,UPS Ground,GROUND
ORD-1374999,2025-06-19,16:54:27,SKU-01559,2,A-03L-003-4-B,PKR-009,MULTI,UPS Ground,PRIORITY_2D
ORD-1373030,2025-06-19,10:19:18,SKU-04737,1,C-02R-001-2-B,PKR-027,MULTI,FedEx Ground,GROUND
ORD-1374317,2025-06-19,07:19:09,SKU-01338,2,D-04L-020-3-B,PKR-006,MULTI,UPS Ground,GROUND
ORD-1370453,2025-06-19,06:45:28,SKU-00370,2,A-03R-008-4-B,PKR-002,MULTI,FedEx Ground,GROUND
ORD-1369109,2025-06-19,21:12:29,SKU-00132,2,A-04R-016-4-B,PKR-021,MULTI,UPS Ground,GROUND
ORD-1368772,2025-06-19,14:12:16,SKU-02125,2,A-01R-020-2-B,PKR-028,MULTI,UPS Ground,GROUND
ORD-1375674,2025-06-19,19:07:36,SKU-04328,1,A-02L-021-1-B,PKR-006,MULTI,FedEx Ground,GROUND
ORD-1373163,2025-06-19,06:06:56,SKU-01204,2,A-03R-016-1-B,PKR-008,MULTI,FedEx Ground,GROUND
ORD-1372538,2025-06-19,21:43:16,SKU-01552,2,A-04R-001-1-B,PKR-023,MULTI,UPS Ground,GROUND
ORD-1370814,2025-06-19,20:07:47,SKU-00127,2,D-04L-003-3-B,PKR-009,MULTI,FedEx Ground,STANDARD_OVERNIGHT
ORD-1374628,2025-06-19,20:15:30,SKU-04328,1,A-02L-021-1-B,PKR-003,MULTI,UPS Ground,GROUND
ORD-1370458,2025-06-19,11:35:41,SKU-04328,2,A-02L-021-1-B,PKR-009,MULTI,FedEx Ground,STANDARD_OVERNIGHT
ORD-1373192,2025-06-19,07:43:07,SKU-04670,1,C-02R-018-2-B,PKR-018,MULTI,FedEx 2Day,PRIORITY_2D
ORD-1369120,2025-06-19,11:35:09,SKU-02908,2,B-02L-005-3-A,PKR-014,MULTI,UPS Ground,GROUND
ORD-1373597,2025-06-19,17:57:22,SKU-04308,2,B-02R-019-4-A,PKR-008,MULTI,FedEx Ground,GROUND
ORD-1372954,2025-06-19,17:39:06,SKU-04328,2,A-02L-021-1-B,PKR-032,MULTI,FedEx 2Day,PRIORITY_2D
ORD-1371513,2025-06-19,10:35:20,SKU-02792,2,B-01L-022-5-A,PKR-006,MULTI,USPS Priority Mail,GROUND
ORD-1374063,2025-06-19,16:28:26,SKU-04370,1,A-02R-026-5-A,PKR-030,MULTI,USPS Priority Mail,GROUND
ORD-1372244,2025-06-19,17:44:28,SKU-01204,2,A-03R-016-1-B,PKR-022,MULTI,FedEx Ground,GROUND
ORD-1373535,2025-06-19,12:28:48,SKU-01428,2,A-03L-006-4-A,PKR-030,MULTI,UPS 2nd Day Air,GROUND
ORD-1371534,2025-06-19,09:16:39,SKU-00295,2,C-03L-014-1-A,PKR-020,MULTI,UPS Ground,GROUND
ORD-1375543,2025-06-19,11:05:01,SKU-00872,1,A-04L-005-1-A,PKR-012,SINGLE,FedEx Ground,GROUND
ORD-1372481,2025-06-19,09:23:41,SKU-00367,2,A-04L-014-1-B,PKR-025,MULTI,UPS Ground,GROUND
ORD-1373461,2025-06-19,06:54:18,SKU-00798,2,B-03L-016-4-B,PKR-019,MULTI,UPS Ground,GROUND
ORD-1372573,2025-06-19,14:30:20,SKU-00560,2,D-03L-008-1-A,PKR-027,MULTI,UPS Ground,GROUND
ORD-1373187,2025-06-19,16:23:55,SKU-01094,2,C-03R-013-1-B,PKR-004,MULTI,UPS Ground,PRIORITY_2D
ORD-1371319,2025-06-19,08:20:52,SKU-04328,1,A-02L-021-1-B,PKR-005,MULTI,UPS Ground,GROUND
ORD-1368968,2025-06-19,19:12:09,SKU-04041,2,A-02R-002-2-B,PKR-031,MULTI,USPS Priority Mail,GROUND
ORD-1371886,2025-06-19,19:58:50,SKU-00843,2,B-04R-012-3-B,PKR-002,MULTI,UPS Ground,GROUND
ORD-1375054,2025-06-19,21:22:09,SKU-02585,1,A-01R-012-4-A,PKR-011,MULTI,UPS Ground,GROUND
ORD-1375106,2025-06-19,07:25:20,SKU-04457,2,A-01L-020-2-B,PKR-007,MULTI,UPS Ground,GROUND
ORD-1371001,2025-06-19,13:59:02,SKU-00179,1,E-03R-004-2-A,PKR-001,MULTI,UPS Ground,GROUND
ORD-1373905,2025-06-19,06:46:38,SKU-02681,1,A-01R-018-4-B,PKR-012,MULTI,UPS Ground,GROUND
ORD-1374990,2025-06-19,13:10:07,SKU-03938,2,B-02R-007-3-B,PKR-002,MULTI,USPS Priority Mail,GROUND
ORD-1368451,2025-06-19,08:06:40,SKU-02366,1,A-01R-020-4-A,PKR-027,MULTI,FedEx Ground,GROUND
ORD-1375778,2025-06-19,17:02:19,SKU-04025,2,C-01L-004-5-A,PKR-021,SINGLE,USPS Priority Mail,STANDARD_OVERNIGHT
ORD-1369490,2025-06-19,11:02:52,SKU-04563,2,A-02L-022-4-B,PKR-004,MULTI,UPS Ground,GROUND
ORD-1368306,2025-06-19,19:49:56,SKU-04974,1,C-01R-025-3-A,PKR-010,MULTI,FedEx Ground,GROUND
ORD-1369042,2025-06-19,14:16:02,SKU-00165,2,E-04L-009-1-B,PKR-008,MULTI,UPS Ground,GROUND
ORD-1370414,2025-06-19,10:02:28,SKU-03057,2,C-01R-026-4-B,PKR-020,MULTI,FedEx Ground,GROUND
ORD-1370147,2025-06-19,21:03:44,SKU-02699,1,C-01L-007-2-B,PKR-023,MULTI,USPS Priority Mail,GROUND
ORD-1369852,2025-06-19,08:43:38,SKU-02908,2,B-02L-005-3-A,PKR-003,MULTI,FedEx Ground,PRIORITY_2D
ORD-1368302,2025-06-19,13:43:50,SKU-02772,1,A-02R-012-5-A,PKR-022,MULTI,FedEx 2Day,GROUND
ORD-1373663,2025-06-19,12:49:13,SKU-00872,2,A-04L-005-1-A,PKR-022,MULTI,UPS Ground,GROUND
ORD-1373027,2025-06-19,08:08:13,SKU-04183,2,A-01L-010-2-B,PKR-008,MULTI,FedEx Ground,GROUND
ORD-1368152,2025-06-19,09:25:27,SKU-01600,2,B-03R-016-1-B,PKR-017,MULTI,UPS Ground,GROUND
ORD-1375211,2025-06-19,21:06:00,SKU-00408,2,A-03L-009-1-A,PKR-003,MULTI,UPS Ground,GROUND
ORD-1371988,2025-06-19,11:15:30,SKU-04041,1,A-02R-002-2-B,PKR-029,MULTI,FedEx Ground,STANDARD_OVERNIGHT
ORD-1370504,2025-06-19,15:39:58,SKU-04328,2,A-02L-021-1-B,PKR-021,MULTI,USPS Priority Mail,GROUND
ORD-1369457,2025-06-19,09:30:29,SKU-01204,1,A-03R-016-1-B,PKR-014,MULTI,FedEx Ground,GROUND
ORD-1369050,2025-06-19,15:42:21,SKU-02366,1,A-01R-020-4-A,PKR-005,MULTI,UPS Ground,GROUND
ORD-1371538,2025-06-19,19:27:12,SKU-00929,2,B-04R-019-4-B,PKR-017,MULTI,UPS Ground,GROUND
ORD-1369962,2025-06-19,18:56:03,SKU-02872,2,C-02R-011-2-A,PKR-016,MULTI,USPS Priority Mail,GROUND
ORD-1368975,2025-06-19,15:08:07,SKU-02366,2,A-01R-020-4-A,PKR-010,MULTI,UPS Ground,STANDARD_OVERNIGHT
ORD-1374711,2025-06-19,18:04:58,SKU-04041,2,A-02R-002-2-B,PKR-024,SINGLE,FedEx Ground,STANDARD_OVERNIGHT
ORD-1370654,2025-06-19,18:09:07,SKU-03077,2,B-02L-012-4-B,PKR-008,MULTI,UPS 2nd Day Air,PRIORITY_2D
ORD-1369867,2025-06-19,12:22:42,SKU-04041,2,A-02R-002-2-B,PKR-031,MULTI,UPS Ground,GROUND
ORD-1373751,2025-06-19,17:11:52,SKU-04328,2,A-02L-021-1-B,PKR-019,MULTI,FedEx 2Day,GROUND
ORD-1369098,2025-06-19,21:35:51,SKU-00046,2,B-03L-005-2-A,PKR-017,MULTI,FedEx 2Day,GROUND
ORD-1373359,2025-06-19,21:15:17,SKU-03375,2,A-02L-015-3-B,PKR-018,MULTI,FedEx 2Day,STANDARD_OVERNIGHT
ORD-1375280,2025-06-19,14:51:27,SKU-04196,2,A-01R-014-5-B,PKR-001,SINGLE,USPS Priority Mail,GROUND
ORD-1368541,2025-06-19,11:06:36,SKU-04328,1,A-02L-021-1-B,PKR-030,MULTI,FedEx Ground,GROUND
ORD-1375023,2025-06-19,09:21:50,SKU-01204,2,A-03R-016-1-B,PKR-029,MULTI,UPS Ground,PRIORITY_2D
ORD-1374168,2025-06-19,19:34:06,SKU-01103,2,B-04R-009-1-B,PKR-017,MULTI,USPS Priority Mail,GROUND
ORD-1375170,2025-06-19,14:18:34,SKU-04041,2,A-02R-002-2-B,PKR-032,MULTI,UPS Ground,GROUND
ORD-1370080,2025-06-19,09:22:04,SKU-02104,2,B-01R-002-1-A,PKR-029,MULTI,FedEx Ground,GROUND
ORD-1370307,2025-06-19,15:01:09,SKU-02443,2,D-02R-017-4-B,PKR-031,MULTI,USPS Priority Mail,PRIORITY_2D
ORD-1375638,2025-06-19,07:09:36,SKU-03443,1,B-02R-020-1-A,PKR-025,MULTI,FedEx Ground,GROUND
ORD-1369347,2025-06-19,08:32:36,SKU-03727,2,B-02R-023-4-A,PKR-016,MULTI,UPS Ground,PRIORITY_2D
ORD-1369613,2025-06-19,09:34:20,SKU-03727,1,B-02R-023-4-A,PKR-009,MULTI,UPS 2nd Day Air,GROUND
ORD-1375872,2025-06-19,20:52:22,SKU-02584,1,A-02L-003-1-B,PKR-002,MULTI,UPS Ground,GROUND
ORD-1372009,2025-06-19,17:13:44,SKU-00424,1,A-04L-002-3-A,PKR-002,MULTI,FedEx Ground,GROUND
ORD-1374946,2025-06-19,20:43:36,SKU-04633,1,D-02R-019-2-B,PKR-009,MULTI,FedEx Ground,GROUND
ORD-1368737,2025-06-19,12:25:05,SKU-02561,2,C-02L-020-4-A,PKR-005,MULTI,USPS Priority Mail,GROUND
ORD-1370845,2025-06-19,12:08:20,SKU-02104,1,B-01R-002-1-A,PKR-014,MULTI,FedEx Ground,GROUND
ORD-1373083,2025-06-19,17:31:20,SKU-04328,2,A-02L-021-1-B,PKR-022,MULTI,FedEx Ground,GROUND
ORD-1373468,2025-06-19,08:24:11,SKU-04353,2,B-02L-022-4-A,PKR-006,MULTI,FedEx Ground,GROUND
ORD-1368144,2025-06-19,07:47:09,SKU-03727,1,B-02R-023-4-A,PKR-019,MULTI,FedEx Ground,GROUND
ORD-1371522,2025-06-19,15:44:46,SKU-04328,2,A-02L-021-1-B,PKR-024,MULTI,UPS Ground,GROUND
ORD-1370210,2025-06-19,07:04:39,SKU-00344,2,A-03L-006-2-B,PKR-025,MULTI,FedEx Ground,PRIORITY_2D
ORD-1374409,2025-06-19,11:19:15,SKU-03356,2,A-02L-015-2-A,PKR-004,MULTI,FedEx Ground,GROUND
ORD-1368938,2025-06-19,12:26:09,SKU-02121,1,D-01L-004-4-B,PKR-009,MULTI,FedEx 2Day,GROUND
ORD-1375354,2025-06-19,20:14:24,SKU-04542,2,C-02L-018-4-A,PKR-005,MULTI,FedEx 2Day,GROUND
ORD-1368351,2025-06-19,06:40:38,SKU-00116,2,D-04L-005-1-B,PKR-004,MULTI,USPS Priority Mail,GROUND
ORD-1372708,2025-06-19,09:46:04,SKU-02613,1,D-01R-018-5-A,PKR-004,MULTI,UPS Ground,GROUND
ORD-1369694,2025-06-19,10:25:50,SKU-03544,1,E-02R-013-3-B,PKR-004,MULTI,UPS 2nd Day Air,GROUND
ORD-1370446,2025-06-19,10:54:18,SKU-00037,2,A-03L-004-3-A,PKR-016,MULTI,UPS Ground,GROUND
ORD-1369740,2025-06-19,06:47:15,SKU-03896,2,E-02R-018-1-A,PKR-005,MULTI,UPS Ground,GROUND
ORD-1373969,2025-06-19,13:20:09,SKU-02641,2,D-02R-014-2-B,PKR-007,MULTI,FedEx 2Day,PRIORITY_2D
ORD-1374424,2025-06-19,11:11:42,SKU-02453,2,D-01L-003-4-B,PKR-017,MULTI,UPS Ground,GROUND
ORD-1370896,2025-06-19,17:46:09,SKU-03496,2,B-01R-016-5-B,PKR-021,MULTI,FedEx Ground,GROUND
ORD-1368771,2025-06-19,07:53:26,SKU-04932,2,A-02R-018-5-A,PKR-021,MULTI,UPS Ground,PRIORITY_2D
ORD-1370662,2025-06-19,19:39:05,SKU-03112,1,C-02L-009-4-A,PKR-002,SINGLE,FedEx Ground,PRIORITY_2D
ORD-1368822,2025-06-19,08:22:21,SKU-04328,2,A-02L-021-1-B,PKR-025,MULTI,UPS Ground,GROUND
ORD-1370105,2025-06-19,14:17:34,SKU-02609,2,C-01R-013-1-B,PKR-012,MULTI,USPS Priority Mail,GROUND
ORD-1374149,2025-06-19,18:07:48,SKU-01247,2,A-04R-019-1-A,PKR-003,MULTI,FedEx Ground,GROUND
ORD-1370329,2025-06-19,10:28:14,SKU-01490,2,B-04R-009-1-A,PKR-018,MULTI,USPS Priority Mail,GROUND
ORD-1372054,2025-06-19,06:13:00,SKU-04328,2,A-02L-021-1-B,PKR-008,MULTI,UPS 2nd Day Air,GROUND
ORD-1375616,2025-06-19,11:16:14,SKU-04225,2,C-01L-016-4-B,PKR-011,MULTI,UPS 2nd Day Air,PRIORITY_2D
ORD-1369608,2025-06-19,13:52:47,SKU-02104,2,B-01R-002-1-A,PKR-029,MULTI,USPS Priority Mail,GROUND
ORD-1369749,2025-06-19,09:10:24,SKU-01103,1,B-04R-009-1-B,PKR-025,SINGLE,UPS Ground,PRIORITY_2D
ORD-1379366,2025-06-20,07:49:02,SKU-02908,1,B-02L-005-3-A,PKR-011,MULTI,UPS Ground,GROUND
ORD-1380758,2025-06-20,17:28:41,SKU-01972,1,A-04R-008-3-B,PKR-015,MULTI,UPS Ground,GROUND
ORD-1377648,2025-06-20,09:22:51,SKU-04644,2,C-02L-023-3-A,PKR-020,MULTI,USPS Priority Mail,GROUND
ORD-1377802,2025-06-20,14:00:23,SKU-01126,2,D-03L-005-3-B,PKR-009,MULTI,USPS Priority Mail,GROUND
ORD-1381136,2025-06-20,10:20:47,SKU-03476,1,C-02R-010-3-B,PKR-008,MULTI,UPS Ground,STANDARD_OVERNIGHT
ORD-1376006,2025-06-20,08:03:26,SKU-02163,1,A-02R-006-3-A,PKR-003,MULTI,UPS Ground,GROUND
ORD-1378866,2025-06-20,20:00:39,SKU-02585,2,A-01R-012-4-A,PKR-023,MULTI,FedEx Ground,GROUND
ORD-1377603,2025-06-20,09:36:24,SKU-01119,2,B-04L-012-2-A,PKR-016,MULTI,UPS Ground,GROUND
ORD-1379506,2025-06-20,08:52:35,SKU-02585,2,A-01R-012-4-A,PKR-025,MULTI,UPS Ground,PRIORITY_2D
ORD-1378059,2025-06-20,17:00:12,SKU-04328,2,A-02L-021-1-B,PKR-006,MULTI,FedEx Ground,GROUND
ORD-1378309,2025-06-20,19:39:49,SKU-01339,2,B-04R-005-2-A,PKR-006,MULTI,FedEx Ground,PRIORITY_2D
ORD-1378508,2025-06-20,14:11:37,SKU-02908,1,B-02L-005-3-A,PKR-006,MULTI,FedEx 2Day,GROUND
ORD-1377299,2025-06-20,20:56:59,SKU-03356,1,A-02L-015-2-A,PKR-027,MULTI,USPS Priority Mail,PRIORITY_2D
ORD-1381303,2025-06-20,15:57:37,SKU-04328,2,A-02L-021-1-B,PKR-032,MULTI,USPS Priority Mail,GROUND
ORD-1379013,2025-06-20,12:19:08,SKU-01331,2,A-03R-003-4-B,PKR-028,MULTI,USPS Priority Mail,GROUND
ORD-1378420,2025-06-20,11:10:32,SKU-04733,2,A-01R-018-1-A,PKR-027,MULTI,USPS Priority Mail,PRIORITY_2D
ORD-1376739,2025-06-20,06:17:43,SKU-02240,1,B-02L-008-4-B,PKR-009,MULTI,FedEx 2Day,GROUND
ORD-1381060,2025-06-20,20:12:24,SKU-04865,1,A-01R-011-4-B,PKR-028,MULTI,UPS Ground,GROUND
ORD-1381992,2025-06-20,09:44:00,SKU-03768,2,A-02R-006-1-A,PKR-025,SINGLE,UPS Ground,STANDARD_OVERNIGHT
ORD-1377920,2025-06-20,21:17:55,SKU-00158,2,C-04L-010-3-A,PKR-008,MULTI,UPS Ground,PRIORITY_2D
ORD-1380713,2025-06-20,08:37:45,SKU-03780,2,B-02L-019-4-B,PKR-005,MULTI,UPS 2nd Day Air,GROUND
ORD-1376175,2025-06-20,17:28:47,SKU-04536,1,D-02R-019-2-A,PKR-029,MULTI,USPS Priority Mail,GROUND
ORD-1383857,2025-06-20,12:18:10,SKU-04347,2,B-02R-012-5-B,PKR-008,MULTI,USPS Priority Mail,GROUND
ORD-1382598,2025-06-20,14:16:45,SKU-03818,2,B-02R-010-1-A,PKR-027,MULTI,FedEx Ground,GROUND
ORD-1378542,2025-06-20,12:55:57,SKU-02115,2,B-02R-018-5-A,PKR-004,MULTI,FedEx 2Day,GROUND
ORD-1383925,2025-06-20,17:41:17,SKU-04647,2,C-01R-010-1-A,PKR-023,MULTI,UPS Ground,GROUND
ORD-1377608,2025-06-20,20:59:08,SKU-04328,2,A-02L-021-1-B,PKR-023,MULTI,USPS Priority Mail,GROUND
ORD-1382277,2025-06-20,15:22:16,SKU-00164,2,D-03R-009-4-B,PKR-032,MULTI,USPS Priority Mail,GROUND
ORD-1378565,2025-06-20,13:19:09,SKU-04984,1,B-02R-026-4-B,PKR-002,MULTI,UPS 2nd Day Air,GROUND
ORD-1383351,2025-06-20,10:07:21,SKU-04877,2,C-02R-015-3-A,PKR-014,MULTI,USPS Priority Mail,GROUND
ORD-1379924,2025-06-20,21:01:59,SKU-01122,1,A-03R-004-3-A,PKR-009,MULTI,FedEx Ground,GROUND
ORD-1377636,2025-06-20,19:13:58,SKU-04435,2,A-02R-016-4-A,PKR-002,MULTI,USPS Priority Mail,GROUND
ORD-1378930,2025-06-20,13:09:56,SKU-02788,2,D-02L-023-3-A,PKR-021,MULTI,UPS Ground,PRIORITY_2D
ORD-1379664,2025-06-20,12:31:09,SKU-00466,1,C-04R-016-1-B,PKR-008,MULTI,USPS Priority Mail,GROUND
ORD-1381167,2025-06-20,18:52:41,SKU-02463,2,E-02R-015-4-B,PKR-029,MULTI,FedEx Ground,STANDARD_OVERNIGHT
ORD-1380979,2025-06-20,10:05:25,SKU-01721,2,A-04L-015-4-B,PKR-017,MULTI,FedEx Ground,GROUND
ORD-1382909,2025-06-20,06:40:09,SKU-04041,2,A-02R-002-2-B,PKR-016,MULTI,USPS Priority Mail,GROUND
ORD-1376487,2025-06-20,07:40:40,SKU-00241,1,D-04R-016-4-B,PKR-011,MULTI,FedEx Ground,GROUND
ORD-1378202,2025-06-20,09:08:17,SKU-03703,2,C-01R-023-5-A,PKR-016,MULTI,UPS Ground,GROUND
ORD-1379083,2025-06-20,06:16:01,SKU-04660,2,E-02R-018-5-A,PKR-025,MULTI,FedEx Ground,GROUND
ORD-1381087,2025-06-20,16:57:24,SKU-02681,2,A-01R-018-4-B,PKR-007,SINGLE,FedEx Ground,GROUND
ORD-1376845,2025-06-20,09:03:24,SKU-02913,2,B-01L-015-2-B,PKR-024,MULTI,FedEx Ground,GROUND
ORD-1377211,2025-06-20,19:37:46,SKU-01859,2,A-03L-020-4-B,PKR-003,MULTI,UPS 2nd Day Air,GROUND
ORD-1383768,2025-06-20,17:50:15,SKU-01204,1,A-03R-016-1-B,PKR-027,MULTI,FedEx Ground,PRIORITY_2D
ORD-1381684,2025-06-20,10:51:48,SKU-02908,2,B-02L-005-3-A,PKR-028,MULTI,UPS Ground,STANDARD_OVERNIGHT
ORD-1378910,2025-06-20,17:13:42,SKU-02585,2,A-01R-012-4-A,PKR-018,MULTI,FedEx Ground,GROUND
ORD-1381590,2025-06-20,07:31:43,SKU-01490,1,B-04R-009-1-A,PKR-021,MULTI,USPS Priority Mail,GROUND
ORD-1378172,2025-06-20,18:13:32,SKU-01204,1,A-03R-016-1-B,PKR-006,SINGLE,FedEx Ground,PRIORITY_2D
ORD-1377267,2025-06-20,14:21:40,SKU-03727,2,B-02R-023-4-A,PKR-012,SINGLE,UPS Ground,GROUND
ORD-1379586,2025-06-20,16:57:52,SKU-01490,1,B-04R-009-1-A,PKR-012,MULTI,UPS Ground,GROUND
ORD-1380137,2025-06-20,15:35:45,SKU-04562,1,D-01L-017-2-B,PKR-027,MULTI,FedEx 2Day,GROUND
ORD-1380490,2025-06-20,19:17:01,SKU-03725,2,D-02R-018-2-B,PKR-002,MULTI,USPS Priority Mail,GROUND
ORD-1381098,2025-06-20,12:30:25,SKU-02585,2,A-01R-012-4-A,PKR-027,MULTI,FedEx Ground,GROUND
ORD-1377258,2025-06-20,20:27:26,SKU-02104,1,B-01R-002-1-A,PKR-030,MULTI,UPS Ground,GROUND
ORD-1378428,2025-06-20,08:04:58,SKU-02199,1,A-02R-016-5-B,PKR-017,MULTI,UPS 2nd Day Air,GROUND
ORD-1377405,2025-06-20,13:57:56,SKU-03727,2,B-02R-023-4-A,PKR-014,MULTI,FedEx Ground,GROUND
ORD-1378093,2025-06-20,14:38:17,SKU-04815,2,E-02R-019-5-B,PKR-015,MULTI,USPS Priority Mail,GROUND
ORD-1382795,2025-06-20,06:04:41,SKU-04041,2,A-02R-002-2-B,PKR-013,MULTI,UPS Ground,GROUND
ORD-1378627,2025-06-20,13:48:22,SKU-00183,2,B-04R-001-1-B,PKR-011,MULTI,FedEx Ground,GROUND
ORD-1383533,2025-06-20,09:49:49,SKU-04041,2,A-02R-002-2-B,PKR-014,MULTI,FedEx Ground,GROUND
ORD-1381079,2025-06-20,20:44:03,SKU-04328,1,A-02L-021-1-B,PKR-028,MULTI,UPS Ground,GROUND
ORD-1383564,2025-06-20,09:35:35,SKU-03727,2,B-02R-023-4-A,PKR-004,MULTI,UPS Ground,STANDARD_OVERNIGHT
ORD-1380321,2025-06-20,20:03:13,SKU-04876,2,C-02R-003-4-A,PKR-001,MULTI,FedEx Ground,PRIORITY_2D
ORD-1381124,2025-06-20,09:18:25,SKU-00298,2,B-04L-002-2-B,PKR-023,MULTI,UPS Ground,GROUND
ORD-1377544,2025-06-20,07:38:26,SKU-03018,2,C-02L-015-3-B,PKR-003,MULTI,USPS Priority Mail,GROUND
ORD-1376035,2025-06-20,09:24:02,SKU-01229,1,A-03R-008-1-B,PKR-019,MULTI,UPS Ground,GROUND
ORD-1379108,2025-06-20,19:35:12,SKU-00010,2,B-04R-004-2-B,PKR-013,MULTI,USPS Priority Mail,GROUND
ORD-1377008,2025-06-20,12:54:12,SKU-01490,2,B-04R-009-1-A,PKR-019,MULTI,UPS Ground,GROUND
ORD-1377711,2025-06-20,18:04:35,SKU-03077,1,B-02L-012-4-B,PKR-017,SINGLE,UPS 2nd Day Air,GROUND
ORD-1380991,2025-06-20,11:57:30,SKU-02554,2,C-01L-003-1-B,PKR-003,MULTI,UPS Ground,GROUND
ORD-1381280,2025-06-20,06:06:06,SKU-00779,1,B-04L-003-4-B,PKR-022,MULTI,FedEx Ground,PRIORITY_2D
ORD-1382124,2025-06-20,19:49:39,SKU-00489,2,C-03L-017-1-B,PKR-031,MULTI,FedEx 2Day,PRIORITY_2D
ORD-1376718,2025-06-20,13:16:51,SKU-02908,2,B-02L-005-3-A,PKR-015,MULTI,UPS Ground,PRIORITY_2D
ORD-1383178,2025-06-20,21:58:22,SKU-00090,1,C-04R-005-2-A,PKR-017,SINGLE,UPS Ground,STANDARD_OVERNIGHT
ORD-1383254,2025-06-20,08:08:53,SKU-00999,1,D-04L-012-2-A,PKR-029,MULTI,FedEx Ground,GROUND
ORD-1377733,2025-06-20,18:29:19,SKU-00034,2,A-04L-017-3-A,PKR-003,MULTI,FedEx Ground,GROUND
ORD-1380911,2025-06-20,16:47:23,SKU-02609,2,C-01R-013-1-B,PKR-006,SINGLE,UPS Ground,GROUND
ORD-1379672,2025-06-20,14:03:25,SKU-04328,2,A-02L-021-1-B,PKR-026,MULTI,UPS Ground,GROUND
ORD-1378832,2025-06-20,08:57:34,SKU-02160,2,C-01L-022-4-B,PKR-013,MULTI,USPS Priority Mail,GROUND
ORD-1376789,2025-06-20,18:10:22,SKU-04896,2,A-02L-008-1-A,PKR-020,MULTI,FedEx Ground,GROUND
ORD-1383318,2025-06-20,08:32:37,SKU-04277,1,B-02R-013-3-B,PKR-018,MULTI,USPS Priority Mail,GROUND
ORD-1379449,2025-06-20,15:56:39,SKU-04328,2,A-02L-021-1-B,PKR-017,MULTI,USPS Priority Mail,PRIORITY_2D
ORD-1381847,2025-06-20,16:16:09,SKU-00653,2,A-04R-006-2-B,PKR-023,MULTI,FedEx Ground,STANDARD_OVERNIGHT
ORD-1377146,2025-06-20,15:03:22,SKU-00193,1,C-04R-016-2-A,PKR-016,MULTI,UPS Ground,GROUND
ORD-1381231,2025-06-20,13:23:00,SKU-03727,1,B-02R-023-4-A,PKR-026,MULTI,UPS Ground,GROUND
ORD-1379522,2025-06-20,10:06:10,SKU-01490,1,B-04R-009-1-A,PKR-015,MULTI,UPS Ground,GROUND
ORD-1379181,2025-06-20,12:27:15,SKU-04328,2,A-02L-021-1-B,PKR-003,MULTI,FedEx Ground,GROUND
ORD-1378713,2025-06-20,14:52:04,SKU-03694,1,A-01R-017-1-A,PKR-023,MULTI,UPS Ground,GROUND
ORD-1379190,2025-06-20,11:07:03,SKU-00037,2,A-03L-004-3-A,PKR-023,SINGLE,UPS Ground,GROUND
ORD-1376264,2025-06-20,19:33:31,SKU-04563,2,A-02L-022-4-B,PKR-005,MULTI,USPS Priority Mail,GROUND
ORD-1377189,2025-06-20,15:55:56,SKU-02731,2,A-01R-004-5-A,PKR-010,MULTI,FedEx 2Day,GROUND
ORD-1378034,2025-06-20,17:10:53,SKU-03908,1,A-02R-004-5-B,PKR-014,MULTI,USPS Priority Mail,GROUND
ORD-1377945,2025-06-20,14:42:01,SKU-03600,2,A-01L-017-2-B,PKR-024,MULTI,USPS Priority Mail,GROUND
ORD-1382027,2025-06-20,13:25:39,SKU-00020,2,B-03L-011-2-B,PKR-012,MULTI,UPS Ground,GROUND
ORD-1376856,2025-06-20,11:12:20,SKU-04929,2,D-01R-008-2-B,PKR-022,MULTI,UPS Ground,GROUND
ORD-1382582,2025-06-20,08:47:43,SKU-00450,2,B-03L-012-4-B,PKR-009,MULTI,FedEx Ground,GROUND
ORD-1378913,2025-06-20,10:58:42,SKU-04041,2,A-02R-002-2-B,PKR-031,MULTI,FedEx Ground,GROUND
ORD-1383149,2025-06-20,15:54:23,SKU-02908,2,B-02L-005-3-A,PKR-028,MULTI,FedEx 2Day,PRIORITY_2D
ORD-1379711,2025-06-20,21:08:05,SKU-00827,1,C-03L-019-1-A,PKR-009,MULTI,UPS Ground,STANDARD_OVERNIGHT
ORD-1380815,2025-06-20,17:11:37,SKU-00446,2,B-04L-006-4-A,PKR-001,MULTI,UPS Ground,PRIORITY_2D
ORD-1381448,2025-06-20,07:58:44,SKU-04328,1,A-02L-021-1-B,PKR-006,MULTI,UPS Ground,STANDARD_OVERNIGHT
ORD-1380266,2025-06-20,10:50:03,SKU-04453,2,E-02L-001-4-B,PKR-018,MULTI,FedEx Ground,GROUND
ORD-1377169,2025-06-20,12:22:29,SKU-01665,1,C-04L-008-3-B,PKR-016,MULTI,UPS Ground,GROUND
ORD-1376024,2025-06-20,10:16:14,SKU-01019,2,B-03R-014-1-A,PKR-022,MULTI,FedEx Ground,GROUND
ORD-1378373,2025-06-20,18:59:57,SKU-00028,2,B-04L-012-1-A,PKR-005,MULTI,UPS Ground,GROUND
ORD-1380182,2025-06-20,11:28:40,SKU-04328,2,A-02L-021-1-B,PKR-026,MULTI,UPS Ground,GROUND
ORD-1376114,2025-06-20,12:03:28,SKU-00152,2,D-03L-002-2-A,PKR-006,MULTI,UPS Ground,PRIORITY_2D
ORD-1376712,2025-06-20,07:50:39,SKU-04328,2,A-02L-021-1-B,PKR-018,MULTI,FedEx Ground,GROUND
ORD-1379882,2025-06-20,19:24:11,SKU-03018,2,C-02L-015-3-B,PKR-023,MULTI,USPS Priority Mail,GROUND
ORD-1380839,2025-06-20,08:33:07,SKU-00084,1,A-03L-015-3-A,PKR-012,MULTI,FedEx 2Day,GROUND
ORD-1383824,2025-06-20,18:02:10,SKU-03823,2,C-02R-020-1-B,PKR-001,MULTI,USPS Priority Mail,GROUND
ORD-1379020,2025-06-20,06:55:43,SKU-04328,1,A-02L-021-1-B,PKR-027,MULTI,FedEx Ground,PRIORITY_2D
ORD-1379149,2025-06-20,06:26:40,SKU-02174,2,E-02R-024-5-A,PKR-010,MULTI,FedEx Ground,GROUND
ORD-1382303,2025-06-20,13:56:45,SKU-02681,1,A-01R-018-4-B,PKR-018,MULTI,USPS Priority Mail,PRIORITY_2D
ORD-1381193,2025-06-20,10:00:08,SKU-04041,2,A-02R-002-2-B,PKR-005,MULTI,FedEx Ground,GROUND
ORD-1378625,2025-06-20,11:44:51,SKU-03348,2,B-02L-006-4-B,PKR-022,MULTI,UPS Ground,GROUND
ORD-1380858,2025-06-20,11:09:12,SKU-04391,2,C-02R-022-4-A,PKR-001,MULTI,UPS Ground,GROUND
ORD-1376941,2025-06-20,09:40:05,SKU-04035,2,C-02L-023-2-A,PKR-020,MULTI,FedEx Ground,GROUND
ORD-1382342,2025-06-20,11:08:56,SKU-04878,2,B-01R-016-3-B,PKR-021,MULTI,FedEx Ground,GROUND
ORD-1380872,2025-06-20,08:16:31,SKU-00340,2,A-04L-017-1-A,PKR-015,MULTI,UPS Ground,PRIORITY_2D
ORD-1376190,2025-06-20,19:27:29,SKU-02382,1,B-01L-003-1-B,PKR-009,MULTI,USPS Priority Mail,PRIORITY_2D
ORD-1381304,2025-06-20,19:39:44,SKU-02053,2,A-01R-017-2-A,PKR-007,MULTI,USPS Priority Mail,GROUND
ORD-1380822,2025-06-20,12:06:54,SKU-00677,2,C-04L-015-1-B,PKR-003,MULTI,FedEx Ground,PRIORITY_2D
ORD-1383868,2025-06-20,14:59:10,SKU-03554,2,C-02L-010-3-A,PKR-015,MULTI,UPS Ground,GROUND
ORD-1380855,2025-06-20,07:25:50,SKU-00164,2,D-03R-009-4-B,PKR-001,MULTI,FedEx Ground,GROUND
ORD-1378268,2025-06-20,11:03:34,SKU-02291,1,D-01R-026-1-A,PKR-025,MULTI,FedEx Ground,GROUND
ORD-1376951,2025-06-20,06:09:17,SKU-00686,1,B-03L-001-2-A,PKR-020,MULTI,FedEx Ground,GROUND
ORD-1381588,2025-06-20,21:08:25,SKU-02633,2,C-01L-020-4-A,PKR-032,MULTI,USPS Priority Mail,GROUND
ORD-1380533,2025-06-20,13:45:23,SKU-00422,2,A-03R-005-2-B,PKR-029,MULTI,USPS Priority Mail,GROUND
ORD-1382848,2025-06-20,07:43:20,SKU-04328,2,A-02L-021-1-B,PKR-021,MULTI,UPS Ground,GROUND
ORD-1379636,2025-06-20,15:39:42,SKU-02366,1,A-01R-020-4-A,PKR-018,MULTI,USPS Priority Mail,GROUND
ORD-1380222,2025-06-20,06:36:10,SKU-02903,2,B-01R-020-5-B,PKR-005,SINGLE,USPS Priority Mail,GROUND
ORD-1376456,2025-06-20,08:54:21,SKU-00084,2,A-03L-015-3-A,PKR-016,MULTI,FedEx Ground,GROUND
ORD-1377693,2025-06-20,20:50:05,SKU-03629,2,E-01L-021-1-A,PKR-032,MULTI,USPS Priority Mail,GROUND
ORD-1383775,2025-06-20,11:20:45,SKU-01075,1,C-04R-018-1-A,PKR-021,MULTI,FedEx Ground,GROUND
ORD-1381374,2025-06-20,21:54:01,SKU-02032,2,C-01L-015-2-A,PKR-022,MULTI,FedEx Ground,GROUND
ORD-1383578,2025-06-20,06:54:28,SKU-04278,2,A-01L-026-4-B,PKR-026,MULTI,FedEx 2Day,GROUND
ORD-1376213,2025-06-20,12:36:41,SKU-00432,2,E-03R-002-4-A,PKR-010,MULTI,FedEx Ground,GROUND
ORD-1379630,2025-06-20,18:39:43,SKU-02125,2,A-01R-020-2-B,PKR-015,MULTI,FedEx 2Day,PRIORITY_2D
ORD-1376542,2025-06-20,15:32:32,SKU-02851,2,B-02R-007-4-A,PKR-010,MULTI,FedEx Ground,GROUND
ORD-1381080,2025-06-20,08:53:05,SKU-04328,2,A-02L-021-1-B,PKR-015,MULTI,UPS Ground,GROUND
ORD-1377061,2025-06-20,10:33:10,SKU-02677,1,B-01R-002-4-A,PKR-010,MULTI,USPS Priority Mail,GROUND
ORD-1379385,2025-06-20,17:22:03,SKU-04608,2,A-02L-025-1-B,PKR-023,MULTI,USPS Priority Mail,PRIORITY_2D
ORD-1383743,2025-06-20,17:37:40,SKU-01972,2,A-04R-008-3-B,PKR-005,MULTI,UPS Ground,GROUND
ORD-1380484,2025-06-20,11:58:30,SKU-04010,1,D-02L-013-4-A,PKR-021,MULTI,FedEx Ground,PRIORITY_2D
ORD-1383445,2025-06-20,20:33:24,SKU-02699,2,C-01L-007-2-B,PKR-002,MULTI,USPS Priority Mail,GROUND
ORD-1380040,2025-06-20,16:44:08,SKU-02585,2,A-01R-012-4-A,PKR-018,MULTI,FedEx Ground,GROUND
ORD-1383962,2025-06-20,06:17:40,SKU-02585,1,A-01R-012-4-A,PKR-024,MULTI,USPS Priority Mail,GROUND
ORD-1383015,2025-06-20,17:39:52,SKU-00162,1,C-03R-006-1-B,PKR-005,MULTI,UPS Ground,GROUND
ORD-1383635,2025-06-20,17:56:56,SKU-03412,2,B-01R-003-3-A,PKR-017,MULTI,USPS Priority Mail,GROUND
ORD-1383965,2025-06-20,09:16:35,SKU-02609,2,C-01R-013-1-B,PKR-018,SINGLE,UPS Ground,GROUND
ORD-1380808,2025-06-20,20:40:25,SKU-00561,2,D-03L-016-4-A,PKR-032,MULTI,FedEx 2Day,GROUND
ORD-1383467,2025-06-20,11:37:56,SKU-02667,2,E-01R-021-4-B,PKR-007,MULTI,UPS Ground,GROUND
ORD-1382973,2025-06-20,07:38:41,SKU-02908,1,B-02L-005-3-A,PKR-028,MULTI,USPS Priority Mail,GROUND
ORD-1383697,2025-06-20,12:14:40,SKU-03685,2,D-02L-005-2-B,PKR-029,MULTI,USPS Priority Mail,PRIORITY_2D
ORD-1376088,2025-06-20,11:04:30,SKU-04041,2,A-02R-002-2-B,PKR-005,MULTI,USPS Priority Mail,GROUND
ORD-1383273,2025-06-20,07:57:13,SKU-03238,1,E-02R-010-5-A,PKR-003,MULTI,UPS Ground,GROUND
ORD-1376738,2025-06-20,20:46:46,SKU-02259,1,C-02R-004-1-A,PKR-017,MULTI,USPS Priority Mail,GROUND
ORD-1381203,2025-06-20,21:23:16,SKU-02908,2,B-02L-005-3-A,PKR-019,MULTI,USPS Priority Mail,GROUND
ORD-1380038,2025-06-20,10:49:37,SKU-02908,1,B-02L-005-3-A,PKR-004,MULTI,UPS Ground,GROUND
ORD-1377320,2025-06-20,18:38:27,SKU-01545,1,A-04L-014-4-B,PKR-009,MULTI,FedEx Ground,GROUND
ORD-1377271,2025-06-20,18:39:00,SKU-03727,2,B-02R-023-4-A,PKR-006,MULTI,UPS Ground,GROUND
ORD-1376587,2025-06-20,19:50:13,SKU-02846,2,D-02L-001-4-A,PKR-013,MULTI,FedEx Ground,GROUND
ORD-1378264,2025-06-20,13:33:56,SKU-03369,2,D-02L-005-5-B,PKR-024,MULTI,FedEx Ground,GROUND
ORD-1381384,2025-06-20,08:19:10,SKU-02860,2,E-01R-020-2-B,PKR-011,MULTI,USPS Priority Mail,GROUND
ORD-1378990,2025-06-20,13:32:05,SKU-00248,2,B-04R-005-4-A,PKR-028,MULTI,FedEx 2Day,GROUND
ORD-1377929,2025-06-20,09:05:14,SKU-02044,1,A-01R-023-5-B,PKR-023,MULTI,USPS Priority Mail,GROUND
ORD-1381877,2025-06-20,13:46:48,SKU-02044,2,A-01R-023-5-B,PKR-014,MULTI,FedEx Ground,PRIORITY_2D
ORD-1383896,2025-06-20,12:31:06,SKU-03727,1,B-02R-023-4-A,PKR-015,MULTI,USPS Priority Mail,GROUND
ORD-1383847,2025-06-20,14:03:46,SKU-01121,1,B-04R-017-4-A,PKR-016,MULTI,UPS Ground,STANDARD_OVERNIGHT
ORD-1378836,2025-06-20,14:21:28,SKU-00872,2,A-04L-005-1-A,PKR-025,SINGLE,UPS Ground,GROUND
ORD-1382584,2025-06-20,11:18:20,SKU-01552,1,A-04R-001-1-B,PKR-010,MULTI,FedEx Ground,GROUND
ORD-1379445,2025-06-20,18:21:22,SKU-00320,2,C-03R-015-3-A,PKR-019,MULTI,FedEx Ground,STANDARD_OVERNIGHT
ORD-1380421,2025-06-20,08:07:57,SKU-02908,1,B-02L-005-3-A,PKR-005,MULTI,FedEx Ground,GROUND
ORD-1376669,2025-06-20,18:28:33,SKU-00796,2,A-04R-013-4-A,PKR-021,MULTI,FedEx 2Day,GROUND
ORD-1380247,2025-06-20,10:05:54,SKU-04459,1,A-01R-024-1-A,PKR-007,MULTI,UPS 2nd Day Air,STANDARD_OVERNIGHT
ORD-1383209,2025-06-20,12:01:26,SKU-04328,2,A-02L-021-1-B,PKR-006,MULTI,USPS Priority Mail,GROUND
ORD-1376548,2025-06-20,17:41:56,SKU-02163,1,A-02R-006-3-A,PKR-019,MULTI,FedEx Ground,GROUND
ORD-1376809,2025-06-20,14:22:21,SKU-04608,1,A-02L-025-1-B,PKR-020,MULTI,UPS 2nd Day Air,GROUND
ORD-1380582,2025-06-20,09:24:38,SKU-04892,1,A-02R-018-3-A,PKR-020,MULTI,UPS Ground,GROUND
ORD-1376504,2025-06-20,13:55:04,SKU-02403,2,A-01R-001-2-A,PKR-018,MULTI,UPS Ground,GROUND
ORD-1381088,2025-06-20,12:11:57,SKU-02034,2,A-02L-014-4-B,PKR-008,MULTI,FedEx Ground,PRIORITY_2D
ORD-1377979,2025-06-20,07:27:04,SKU-02749,1,C-02R-003-5-B,PKR-014,MULTI,UPS Ground,GROUND
ORD-1379981,2025-06-20,12:29:49,SKU-04328,1,A-02L-021-1-B,PKR-022,MULTI,FedEx Ground,PRIORITY_2D
ORD-1383295,2025-06-20,15:51:43,SKU-00341,1,A-04R-007-1-A,PKR-019,MULTI,USPS Priority Mail,PRIORITY_2D
ORD-1382055,2025-06-20,17:39:28,SKU-03970,2,C-02L-022-1-A,PKR-006,MULTI,FedEx Ground,GROUND
ORD-1380771,2025-06-20,16:36:30,SKU-02910,1,B-02R-016-1-A,PKR-008,SINGLE,FedEx Ground,GROUND
ORD-1377837,2025-06-20,11:44:24,SKU-02085,2,D-02R-008-1-A,PKR-001,MULTI,FedEx 2Day,GROUND
ORD-1380516,2025-06-20,18:14:14,SKU-04562,1,D-01L-017-2-B,PKR-002,MULTI,UPS 2nd Day Air,GROUND
ORD-1381342,2025-06-20,21:00:27,SKU-02609,1,C-01R-013-1-B,PKR-010,MULTI,USPS Priority Mail,GROUND
ORD-1376645,2025-06-20,07:25:03,SKU-02908,1,B-02L-005-3-A,PKR-011,MULTI,UPS Ground,GROUND
ORD-1376991,2025-06-20,16:12:53,SKU-04860,1,C-01R-022-2-B,PKR-016,MULTI,FedEx 2Day,GROUND
ORD-1380397,2025-06-20,09:54:41,SKU-02366,2,A-01R-020-4-A,PKR-007,MULTI,FedEx Ground,GROUND
ORD-1380162,2025-06-20,08:53:19,SKU-03727,2,B-02R-023-4-A,PKR-024,MULTI,UPS 2nd Day Air,GROUND
ORD-1378192,2025-06-20,18:23:45,SKU-02681,2,A-01R-018-4-B,PKR-022,MULTI,UPS Ground,GROUND
ORD-1383090,2025-06-20,18:58:52,SKU-00479,1,B-04L-019-2-A,PKR-015,MULTI,UPS Ground,STANDARD_OVERNIGHT
ORD-1381717,2025-06-20,11:08:15,SKU-02580,2,C-02L-009-2-A,PKR-027,MULTI,UPS Ground,GROUND
ORD-1383956,2025-06-20,06:03:06,SKU-00838,1,A-03L-009-1-B,PKR-011,MULTI,USPS Priority Mail,GROUND
ORD-1378314,2025-06-20,20:06:45,SKU-00376,2,B-04L-004-2-B,PKR-028,MULTI,UPS Ground,GROUND
ORD-1383179,2025-06-20,07:48:13,SKU-02481,2,B-02L-019-1-A,PKR-014,SINGLE,FedEx Ground,GROUND
ORD-1383364,2025-06-20,12:50:18,SKU-02223,1,C-02R-002-3-B,PKR-004,MULTI,USPS Priority Mail,STANDARD_OVERNIGHT
ORD-1379256,2025-06-20,13:13:06,SKU-02125,2,A-01R-020-2-B,PKR-023,MULTI,UPS Ground,GROUND
ORD-1378618,2025-06-20,06:03:37,SKU-02609,1,C-01R-013-1-B,PKR-012,MULTI,UPS Ground,GROUND
ORD-1382838,2025-06-20,17:51:01,SKU-04852,1,B-02R-007-5-B,PKR-030,MULTI,UPS Ground,GROUND
ORD-1383337,2025-06-20,11:42:01,SKU-02019,2,E-02R-004-1-A,PKR-014,MULTI,UPS Ground,GROUND
