sku_id,description,category,sub_category,upc,unit_of_measure,case_qty,unit_weight_lbs,unit_length_in,unit_width_in,unit_height_in,unit_cube_cuft,shelf_type,surge_group,first_received_date,is_active,current_vel_picks_per_day,old_vel_picks_per_day,abc_tier_current,abc_tier_at_slotting,slotting_drift
SKU-00001,Flex Tee - XXL / Olive,Apparel & Footwear,Athletic & Activewear,205977775184,EA,24,1.0,12.4,12.7,3.1,0.2825,APP,surge,2024-03-14,True,7.4325,4.0521,A,A,False
SKU-00002,ProFit Legging - S / White,Apparel & Footwear,Athletic & Activewear,420580882617,EA,24,1.13,14.4,12.4,2.3,0.2377,APP,surge,2024-04-02,True,1.0653,0.5808,B,C,True
SKU-00003,Flex Sports Bra - XS / Black,Apparel & Footwear,Athletic & Activewear,344051769739,EA,12,1.17,16.9,12.0,1.6,0.1878,APP,surge,2024-05-05,True,3.29,1.7937,A,B,True
SKU-00004,Flex Legging - S / Tan,Apparel & Footwear,Athletic & Activewear,643256941867,EA,6,0.63,12.7,6.7,1.4,0.0689,APP,surge,2024-05-21,True,0.8171,0.4455,B,C,True
SKU-00005,Performance Legging - XXL / Tan,Apparel & Footwear,Athletic & Activewear,266181807776,EA,12,1.05,16.0,8.5,1.9,0.1495,APP,surge,2023-02-16,True,1.0774,0.5874,B,C,True
SKU-00006,Swift Legging - L / Olive,Apparel & Footwear,Athletic & Activewear,214664850756,EA,24,1.0,12.6,10.1,1.4,0.1031,APP,surge,2023-08-13,True,1.0674,0.5819,B,C,True
SKU-00007,Performance Running Short - XXL / Slate Blue,Apparel & Footwear,Athletic & Activewear,922498028082,EA,48,0.8,11.0,5.3,2.3,0.0776,APP,surge,2024-06-12,True,4.0211,2.1923,A,B,True
SKU-00008,Dynamic Tank Top - S / Navy,Apparel & Footwear,Athletic & Activewear,444831301077,EA,24,0.9,13.6,12.1,3.0,0.2857,APP,surge,2023-11-28,True,2.1265,1.1593,B,B,False
SKU-00009,Dynamic Hoodie - XS / Slate Blue,Apparel & Footwear,Athletic & Activewear,441323666390,EA,12,0.45,13.0,6.4,3.1,0.1493,APP,surge,2025-01-03,True,2.7561,1.5026,A,B,True
SKU-00010,Flex Jogger - M / Olive,Apparel & Footwear,Athletic & Activewear,792727747200,EA,12,1.17,17.1,11.3,1.8,0.2013,APP,surge,2022-06-30,True,12.1772,6.6389,A,A,False
SKU-00011,Performance Windbreaker - XL / White,Apparel & Footwear,Athletic & Activewear,514807476436,EA,6,0.71,10.0,7.8,2.7,0.1219,APP,surge,2023-07-08,True,0.8807,0.4801,B,C,True
SKU-00012,Swift Hoodie - XL / Olive,Apparel & Footwear,Athletic & Activewear,141361611571,EA,12,0.88,8.8,8.7,1.1,0.0487,APP,surge,2022-06-04,True,0.9698,0.5287,B,C,True
SKU-00013,Dynamic Legging - XXL / White,Apparel & Footwear,Athletic & Activewear,194447002464,EA,12,0.82,11.5,10.3,1.1,0.0754,APP,surge,2022-05-20,True,0.8597,0.4687,B,C,True
SKU-00014,Performance Legging - M / White,Apparel & Footwear,Athletic & Activewear,558420380851,EA,12,0.81,12.7,7.4,2.0,0.1088,APP,surge,2023-08-12,True,6.0886,3.3194,A,A,False
SKU-00015,ProFit Hoodie - L / Olive,Apparel & Footwear,Athletic & Activewear,779731699220,EA,6,0.4,14.7,7.5,3.0,0.1914,APP,surge,2023-08-11,True,1.2049,0.6569,B,C,True
SKU-00016,Elite Jogger - S / Burgundy,Apparel & Footwear,Athletic & Activewear,296265929911,EA,24,0.63,16.3,12.3,2.0,0.232,APP,surge,2025-03-30,True,4.5773,2.4955,A,B,True
SKU-00017,Dynamic Legging - XXL / Olive,Apparel & Footwear,Athletic & Activewear,882815430736,EA,12,0.69,17.9,13.0,3.2,0.4309,APP,surge,2024-03-10,True,37.9643,20.6977,A,A,False
SKU-00018,Flex Running Short - XL / Navy,Apparel & Footwear,Athletic & Activewear,920108817135,EA,24,0.39,15.5,7.4,3.8,0.2522,APP,surge,2022-08-02,True,3.9154,2.1346,A,B,True
SKU-00019,Active Windbreaker - L / Olive,Apparel & Footwear,Athletic & Activewear,454190122106,EA,48,0.48,11.1,12.0,3.9,0.3006,APP,surge,2024-12-30,True,15.3665,8.3776,A,A,False
SKU-00020,ProFit Jogger - XS / Navy,Apparel & Footwear,Athletic & Activewear,880707814159,EA,6,0.76,14.9,10.2,1.6,0.1407,APP,surge,2024-02-11,True,3.9798,2.1697,A,B,True
SKU-00021,Performance Jogger - L / Olive,Apparel & Footwear,Athletic & Activewear,529940551681,EA,24,0.57,12.9,11.0,3.9,0.3203,APP,surge,2024-12-08,True,0.8674,0.4729,B,C,True
SKU-00022,Flex Legging - XL / Burgundy,Apparel & Footwear,Athletic & Activewear,784467806128,EA,12,0.68,17.7,10.4,3.8,0.4048,APP,surge,2022-11-01,True,1.5614,0.8513,B,B,False
SKU-00023,ProFit Windbreaker - L / Dusty Rose,Apparel & Footwear,Athletic & Activewear,762413941698,EA,12,0.51,13.3,10.5,3.6,0.2909,APP,surge,2023-12-07,True,4.7985,2.6161,A,A,False
SKU-00024,Active Tank Top - S / Navy,Apparel & Footwear,Athletic & Activewear,918045311833,EA,48,0.52,10.4,11.7,3.4,0.2394,APP,surge,2024-12-04,True,1.7634,0.9614,B,B,False
SKU-00025,Core Sports Bra - XL / Slate Blue,Apparel & Footwear,Athletic & Activewear,415070118045,EA,24,1.13,9.7,7.6,1.5,0.064,APP,surge,2023-03-17,True,2.3202,1.2649,B,B,False
SKU-00026,Dynamic Legging - S / Tan,Apparel & Footwear,Athletic & Activewear,785041822265,EA,48,0.65,11.2,9.5,3.6,0.2217,APP,surge,2024-01-20,True,19.5574,10.6624,A,A,False
SKU-00027,Elite Hoodie - XS / White,Apparel & Footwear,Athletic & Activewear,081049608889,EA,12,0.34,11.7,9.7,1.3,0.0854,APP,surge,2022-04-01,True,1.4411,0.7857,B,B,False
SKU-00028,Active Running Short - XXL / Slate Blue,Apparel & Footwear,Athletic & Activewear,718535988473,EA,24,1.02,15.8,10.8,3.3,0.3259,APP,surge,2023-05-04,True,8.492,4.6297,A,A,False
SKU-00029,Flex Sports Bra - L / Dusty Rose,Apparel & Footwear,Athletic & Activewear,623353734316,EA,12,0.54,9.4,9.3,2.3,0.1164,APP,surge,2024-06-08,True,3.3182,1.8091,A,B,True
SKU-00030,Core Tee - XXL / White,Apparel & Footwear,Athletic & Activewear,459846285576,EA,6,1.15,17.2,9.3,2.0,0.1851,APP,surge,2024-06-18,True,2.2967,1.2522,B,B,False
SKU-00031,Core Jogger - XS / Olive,Apparel & Footwear,Athletic & Activewear,919660675059,EA,24,0.96,10.0,11.3,3.6,0.2354,APP,surge,2024-12-12,True,4.9017,2.6724,A,A,False
SKU-00032,Swift Running Short - L / Black,Apparel & Footwear,Athletic & Activewear,979902750056,EA,12,1.16,16.0,10.3,3.3,0.3147,APP,surge,2024-11-02,True,1.0486,0.5717,B,C,True
SKU-00033,Core Running Short - XL / White,Apparel & Footwear,Athletic & Activewear,779754251981,EA,24,0.81,13.7,9.2,2.6,0.1896,APP,surge,2025-01-04,True,1.1169,0.6089,B,C,True
SKU-00034,Core Legging - S / Burgundy,Apparel & Footwear,Athletic & Activewear,267378876273,EA,24,0.38,14.6,8.8,3.3,0.2454,APP,surge,2024-05-19,True,27.8587,15.1882,A,A,False
SKU-00035,Active Tee - XL / Burgundy,Apparel & Footwear,Athletic & Activewear,731715993764,EA,6,0.44,9.5,13.4,2.3,0.1694,APP,surge,2024-03-07,True,2.1561,1.1755,B,B,False
SKU-00036,Elite Tee - XS / Burgundy,Apparel & Footwear,Athletic & Activewear,288611450650,EA,6,1.19,15.2,13.6,1.4,0.1675,APP,surge,2023-12-07,True,13.7806,7.513,A,A,False
SKU-00037,Core Legging - XS / Navy,Apparel & Footwear,Athletic & Activewear,035977513908,EA,24,1.04,11.0,9.1,2.3,0.1332,APP,surge,2024-06-23,True,86.0525,46.9148,A,A,False
SKU-00038,Flex Hoodie - XXL / Dusty Rose,Apparel & Footwear,Athletic & Activewear,166068802241,EA,48,1.05,9.1,14.0,3.0,0.2212,APP,surge,2022-11-25,True,1.8617,1.015,B,B,False
SKU-00039,Flex Running Short - S / Dusty Rose,Apparel & Footwear,Athletic & Activewear,001086989228,EA,12,0.48,17.1,10.9,1.1,0.1187,APP,surge,2025-03-16,True,3.3498,1.8263,A,B,True
SKU-00040,Active Tank Top - XL / Slate Blue,Apparel & Footwear,Athletic & Activewear,884042116557,EA,24,1.02,17.3,11.9,3.1,0.3693,APP,surge,2023-05-15,True,0.8775,0.4784,B,C,True
SKU-00041,ProFit Legging - XXL / Olive,Apparel & Footwear,Athletic & Activewear,020759765006,EA,6,1.07,9.6,11.6,1.6,0.1031,APP,surge,2025-04-02,True,1.6209,0.8837,B,B,False
SKU-00042,Swift Jogger - L / Tan,Apparel & Footwear,Athletic & Activewear,713954572685,EA,12,1.1,15.1,6.6,1.3,0.075,APP,surge,2024-12-03,True,1.0079,0.5495,B,C,True
SKU-00043,Elite Hoodie - S / Navy,Apparel & Footwear,Athletic & Activewear,264911456494,EA,6,1.15,11.0,10.2,3.1,0.2013,APP,surge,2025-01-02,True,1.2015,0.655,B,C,True
SKU-00044,Flex Jogger - XS / Tan,Apparel & Footwear,Athletic & Activewear,764694148295,EA,24,0.42,10.8,7.7,2.3,0.1107,APP,surge,2024-05-16,True,4.8709,2.6556,A,A,False
SKU-00045,ProFit Legging - XS / White,Apparel & Footwear,Athletic & Activewear,053557565663,EA,12,0.33,12.2,9.3,1.7,0.1116,APP,surge,2022-11-12,True,1.5929,0.8684,B,B,False
SKU-00046,Performance Legging - XS / Black,Apparel & Footwear,Athletic & Activewear,958758198575,EA,12,0.79,12.3,10.6,2.1,0.1584,APP,surge,2022-10-29,True,45.5572,24.8372,A,A,False
SKU-00047,Dynamic Hoodie - XL / Navy,Apparel & Footwear,Athletic & Activewear,008880025341,EA,24,0.58,16.4,9.4,1.3,0.116,APP,surge,2024-05-19,True,6.5081,3.5482,A,A,False
SKU-00048,Core Windbreaker - S / Tan,Apparel & Footwear,Athletic & Activewear,437126615359,EA,6,0.97,8.1,12.4,3.6,0.2092,APP,surge,2022-03-14,True,1.4273,0.7782,B,B,False
SKU-00049,Active Windbreaker - S / Dusty Rose,Apparel & Footwear,Athletic & Activewear,739630627541,EA,24,0.99,11.1,11.2,3.1,0.223,APP,surge,2024-11-08,True,0.7885,0.4299,B,C,True
SKU-00050,Swift Legging - XS / White,Apparel & Footwear,Athletic & Activewear,896154833087,EA,6,1.05,17.9,10.0,3.5,0.3626,APP,surge,2023-12-31,True,0.7993,0.4357,B,C,True
SKU-00051,Swift Jogger - L / Slate Blue,Apparel & Footwear,Athletic & Activewear,906212149574,EA,6,0.72,9.5,6.6,3.7,0.1343,APP,surge,2025-02-12,True,1.2614,0.6877,B,B,False
SKU-00052,Elite Tee - XXL / White,Apparel & Footwear,Athletic & Activewear,467760737583,EA,48,0.52,16.4,10.7,2.9,0.2945,APP,surge,2022-09-06,True,1.2597,0.6868,B,B,False
SKU-00053,Performance Sports Bra - XXL / Burgundy,Apparel & Footwear,Athletic & Activewear,493518335485,EA,24,0.73,15.7,12.7,2.5,0.2885,APP,surge,2025-01-19,True,2.6289,1.4332,B,B,False
SKU-00054,Flex Legging - S / Navy,Apparel & Footwear,Athletic & Activewear,033120696443,EA,6,0.66,17.2,10.7,1.5,0.1598,APP,surge,2023-06-21,True,1.2063,0.6577,B,C,True
SKU-00055,Elite Running Short - L / Grey,Apparel & Footwear,Athletic & Activewear,798684976957,EA,12,0.31,10.8,11.3,2.9,0.2048,APP,surge,2022-04-21,True,3.0588,1.6676,A,B,True
SKU-00056,Core Windbreaker - S / White,Apparel & Footwear,Athletic & Activewear,846596491912,EA,24,1.0,16.7,6.0,3.2,0.1856,APP,surge,2023-01-14,True,4.3026,2.3457,A,B,True
SKU-00057,Elite Hoodie - XS / Tan,Apparel & Footwear,Athletic & Activewear,579489843924,EA,6,0.97,11.5,6.1,1.1,0.0447,APP,surge,2022-11-05,True,1.4746,0.8039,B,B,False
SKU-00058,Performance Hoodie - S / Grey,Apparel & Footwear,Athletic & Activewear,482003903196,EA,24,0.38,13.6,12.2,3.8,0.3649,APP,surge,2023-02-07,True,1.3226,0.721,B,B,False
SKU-00059,Swift Windbreaker - L / Navy,Apparel & Footwear,Athletic & Activewear,309216284095,EA,12,1.0,16.7,11.7,3.4,0.3844,APP,surge,2023-03-21,True,0.8548,0.466,B,C,True
SKU-00060,Swift Tee - S / Slate Blue,Apparel & Footwear,Athletic & Activewear,224853789275,EA,12,0.33,12.0,13.1,3.0,0.2729,APP,surge,2024-02-12,True,3.4636,1.8883,A,B,True
SKU-00061,Performance Sports Bra - M / Dusty Rose,Apparel & Footwear,Athletic & Activewear,634748596274,EA,24,0.55,16.9,6.7,1.3,0.0852,APP,surge,2024-12-12,True,0.898,0.4896,B,C,True
SKU-00062,Core Sports Bra - XXL / Tan,Apparel & Footwear,Athletic & Activewear,034924311300,EA,12,0.82,18.0,11.3,2.8,0.3296,APP,surge,2024-09-27,True,1.4831,0.8086,B,B,False
SKU-00063,Elite Running Short - S / Olive,Apparel & Footwear,Athletic & Activewear,448997559238,EA,12,0.32,12.5,10.7,2.0,0.1548,APP,surge,2024-08-19,True,4.8526,2.6456,A,A,False
SKU-00064,ProFit Tee - XL / Tan,Apparel & Footwear,Athletic & Activewear,256602822311,EA,12,0.59,17.1,9.8,3.2,0.3103,APP,surge,2022-08-03,True,1.0586,0.5771,B,C,True
SKU-00065,Performance Jogger - XS / Black,Apparel & Footwear,Athletic & Activewear,648499562869,EA,12,0.55,13.6,12.1,3.4,0.3238,APP,surge,2022-11-12,True,1.4503,0.7907,B,B,False
SKU-00066,Elite Running Short - XS / Tan,Apparel & Footwear,Athletic & Activewear,397594109971,EA,12,0.47,13.6,5.9,3.0,0.1393,APP,surge,2025-04-03,True,0.794,0.4329,B,C,True
SKU-00067,Flex Running Short - XS / White,Apparel & Footwear,Athletic & Activewear,730081637086,EA,12,0.52,8.7,9.1,2.5,0.1145,APP,surge,2024-09-21,True,1.2986,0.708,B,B,False
SKU-00068,ProFit Sports Bra - XS / Navy,Apparel & Footwear,Athletic & Activewear,214810152403,EA,12,0.57,11.9,8.7,1.0,0.0599,APP,surge,2024-01-03,True,0.9932,0.5415,B,C,True
SKU-00069,Performance Hoodie - L / Tan,Apparel & Footwear,Athletic & Activewear,529486327329,EA,12,1.0,16.4,7.3,2.0,0.1386,APP,surge,2025-03-26,True,0.7939,0.4328,B,C,True
SKU-00070,Dynamic Tank Top - S / Burgundy,Apparel & Footwear,Athletic & Activewear,310900918011,EA,24,0.71,15.1,6.4,1.1,0.0615,APP,surge,2023-05-27,True,1.0829,0.5904,B,C,True
SKU-00071,ProFit Tank Top - L / Grey,Apparel & Footwear,Athletic & Activewear,402856418798,EA,12,0.52,13.7,10.3,3.5,0.2858,APP,surge,2024-07-28,True,1.0838,0.5909,B,C,True
SKU-00072,Core Windbreaker - M / White,Apparel & Footwear,Athletic & Activewear,037813571622,EA,24,1.13,12.5,10.4,4.0,0.3009,APP,surge,2024-01-23,True,1.5832,0.8631,B,B,False
SKU-00073,Performance Windbreaker - XL / White,Apparel & Footwear,Athletic & Activewear,307167873783,EA,6,0.59,8.8,5.3,2.0,0.054,APP,surge,2022-07-15,True,1.1821,0.6444,B,C,True
SKU-00074,Flex Legging - XL / Olive,Apparel & Footwear,Athletic & Activewear,017519209059,EA,24,0.83,9.3,6.3,3.1,0.1051,APP,surge,2023-07-07,True,0.9068,0.4944,B,C,True
SKU-00075,Active Jogger - XS / Navy,Apparel & Footwear,Athletic & Activewear,161270451236,EA,48,0.41,17.0,12.9,2.6,0.33,APP,surge,2022-09-16,True,1.159,0.6319,B,C,True
SKU-00076,Dynamic Tank Top - S / Dusty Rose,Apparel & Footwear,Athletic & Activewear,826615537657,EA,24,0.32,14.0,7.1,3.6,0.2071,APP,surge,2023-07-28,True,7.4468,4.0599,A,A,False
SKU-00077,Core Tee - XXL / Tan,Apparel & Footwear,Athletic & Activewear,900735449078,EA,24,0.98,17.8,8.8,2.5,0.2266,APP,surge,2024-02-14,True,1.1713,0.6386,B,C,True
SKU-00078,Core Hoodie - S / Olive,Apparel & Footwear,Athletic & Activewear,619899223487,EA,24,0.91,9.5,13.7,1.5,0.113,APP,surge,2022-07-29,True,1.227,0.6689,B,B,False
SKU-00079,Flex Hoodie - XXL / Tan,Apparel & Footwear,Athletic & Activewear,579541796887,EA,24,0.64,13.2,11.7,3.2,0.286,APP,surge,2025-01-25,True,17.3649,9.4671,A,A,False
SKU-00080,Active Tank Top - M / Navy,Apparel & Footwear,Athletic & Activewear,938798636336,EA,24,0.48,15.4,5.2,3.9,0.1807,APP,surge,2023-07-12,True,1.0796,0.5886,B,C,True
SKU-00081,Dynamic Legging - XXL / Olive,Apparel & Footwear,Athletic & Activewear,013333713136,EA,6,0.67,14.0,13.4,2.4,0.2606,APP,surge,2024-04-19,True,1.0053,0.5481,B,C,True
SKU-00082,Elite Tank Top - XS / White,Apparel & Footwear,Athletic & Activewear,583242914504,EA,12,1.16,10.4,5.9,3.3,0.1172,APP,surge,2024-07-22,True,1.0009,0.5457,B,C,True
SKU-00083,Swift Tank Top - XS / Black,Apparel & Footwear,Athletic & Activewear,648122123738,EA,24,0.34,12.8,13.6,3.0,0.3022,APP,surge,2022-07-02,True,1.4237,0.7762,B,B,False
SKU-00084,Dynamic Running Short - XXL / Olive,Apparel & Footwear,Athletic & Activewear,419325408876,EA,12,1.19,17.8,13.6,1.2,0.1681,APP,surge,2023-08-26,True,20.8192,11.3503,A,A,False
SKU-00085,Active Windbreaker - XL / Slate Blue,Apparel & Footwear,Athletic & Activewear,355772838417,EA,6,0.45,10.5,6.4,3.6,0.14,APP,surge,2022-11-30,True,0.8787,0.479,B,C,True
SKU-00086,Performance Hoodie - XS / Grey,Apparel & Footwear,Athletic & Activewear,713218616404,EA,12,0.49,17.4,6.1,3.7,0.2273,APP,surge,2024-08-08,True,1.1667,0.6361,B,C,True
SKU-00087,Performance Jogger - XL / Tan,Apparel & Footwear,Athletic & Activewear,557232210908,EA,6,0.94,16.5,12.9,2.0,0.2464,APP,surge,2022-11-24,True,9.6327,5.2517,A,A,False
SKU-00088,Active Sports Bra - S / Black,Apparel & Footwear,Athletic & Activewear,843131190489,EA,6,0.77,12.9,9.8,2.6,0.1902,APP,surge,2024-11-11,True,0.9152,0.499,B,C,True
SKU-00089,Core Jogger - XS / Burgundy,Apparel & Footwear,Athletic & Activewear,311903960494,EA,24,0.8,10.1,7.3,1.1,0.0469,APP,surge,2023-09-07,True,0.7845,0.4277,B,C,True
SKU-00090,ProFit Legging - XXL / White,Apparel & Footwear,Athletic & Activewear,348189635093,EA,6,0.47,17.9,12.4,3.2,0.411,APP,surge,2022-11-04,True,15.1264,8.2467,A,A,False
SKU-00091,Dynamic Sports Bra - XL / Grey,Apparel & Footwear,Athletic & Activewear,295426705922,EA,48,0.86,15.5,12.1,1.6,0.1737,APP,surge,2025-03-10,True,1.7089,0.9317,B,B,False
SKU-00092,ProFit Running Short - S / Slate Blue,Apparel & Footwear,Athletic & Activewear,431963477436,EA,24,0.71,9.3,6.4,2.9,0.0999,APP,surge,2023-06-20,True,0.8029,0.4377,B,C,True
SKU-00093,Performance Running Short - XXL / Burgundy,Apparel & Footwear,Athletic & Activewear,069850942877,EA,12,0.73,17.5,8.1,1.5,0.123,APP,surge,2022-03-18,True,1.6815,0.9167,B,B,False
SKU-00094,Swift Legging - M / Grey,Apparel & Footwear,Athletic & Activewear,737734851755,EA,24,0.78,14.6,7.7,3.8,0.2472,APP,surge,2022-06-25,True,4.0804,2.2246,A,B,True
SKU-00095,Flex Sports Bra - XS / Dusty Rose,Apparel & Footwear,Athletic & Activewear,442180361676,EA,12,0.68,14.5,8.1,2.2,0.1495,APP,surge,2025-04-28,True,2.2553,1.2296,B,B,False
SKU-00096,ProFit Legging - L / Burgundy,Apparel & Footwear,Athletic & Activewear,729611827122,EA,12,0.59,10.0,12.0,3.6,0.25,APP,surge,2023-03-24,True,2.44,1.3303,B,B,False
SKU-00097,Core Legging - S / Black,Apparel & Footwear,Athletic & Activewear,795672360379,EA,24,1.12,10.0,9.9,3.1,0.1776,APP,surge,2024-02-09,True,1.2305,0.6708,B,B,False
SKU-00098,ProFit Sports Bra - M / Olive,Apparel & Footwear,Athletic & Activewear,963419883385,EA,24,0.92,8.2,8.6,3.6,0.1469,APP,surge,2023-10-26,True,0.9056,0.4937,B,C,True
SKU-00099,Flex Tank Top - M / Tan,Apparel & Footwear,Athletic & Activewear,993899079727,EA,6,0.87,11.3,7.2,3.7,0.1742,APP,surge,2023-11-06,True,2.143,1.1683,B,B,False
SKU-00100,Swift Jogger - XS / White,Apparel & Footwear,Athletic & Activewear,324534226828,EA,24,0.71,10.4,10.8,1.9,0.1235,APP,surge,2024-11-06,True,2.6271,1.4323,B,B,False
SKU-00101,Core Running Short - XL / Olive,Apparel & Footwear,Athletic & Activewear,216761134921,EA,48,0.31,11.4,12.2,3.5,0.2817,APP,surge,2024-11-22,True,1.4025,0.7646,B,B,False
SKU-00102,Performance Hoodie - XL / Slate Blue,Apparel & Footwear,Athletic & Activewear,609157224826,EA,12,0.68,14.2,13.4,3.9,0.4295,APP,surge,2025-01-11,True,1.1247,0.6132,B,C,True
SKU-00103,Dynamic Jogger - L / Tan,Apparel & Footwear,Athletic & Activewear,252676090905,EA,6,1.05,9.8,8.8,2.7,0.1348,APP,surge,2025-01-30,True,1.3394,0.7303,B,B,False
SKU-00104,Flex Sports Bra - XL / Navy,Apparel & Footwear,Athletic & Activewear,142036733768,EA,48,0.96,17.8,7.9,2.4,0.1953,APP,surge,2022-10-04,True,0.9358,0.5102,B,C,True
SKU-00105,Core Tee - XXL / Slate Blue,Apparel & Footwear,Athletic & Activewear,142821589031,EA,12,0.67,11.2,11.7,3.4,0.2578,APP,surge,2023-09-05,True,2.0752,1.1314,B,B,False
SKU-00106,Performance Legging - M / Slate Blue,Apparel & Footwear,Athletic & Activewear,870036783101,EA,6,0.36,8.5,5.0,2.3,0.0566,APP,surge,2022-08-18,True,0.9986,0.5444,B,C,True
SKU-00107,Flex Jogger - XL / Burgundy,Apparel & Footwear,Athletic & Activewear,435752372557,EA,24,1.04,13.4,12.4,1.3,0.125,APP,surge,2023-11-25,True,1.1685,0.637,B,C,True
SKU-00108,Flex Tank Top - XL / Olive,Apparel & Footwear,Athletic & Activewear,917031110803,EA,24,0.63,10.2,6.9,3.3,0.1344,APP,surge,2022-03-20,True,2.4791,1.3516,B,B,False
SKU-00109,Swift Jogger - L / Olive,Apparel & Footwear,Athletic & Activewear,189998416246,EA,48,0.42,14.5,9.0,2.2,0.1661,APP,surge,2024-06-17,True,0.8192,0.4466,B,C,True
SKU-00110,Active Legging - L / Slate Blue,Apparel & Footwear,Athletic & Activewear,374050963462,EA,12,0.96,13.7,10.0,3.5,0.2775,APP,surge,2024-01-18,True,1.4591,0.7955,B,B,False
SKU-00111,Active Tank Top - L / Tan,Apparel & Footwear,Athletic & Activewear,721513456680,EA,12,0.98,16.3,10.1,2.2,0.2096,APP,surge,2025-05-20,True,3.5236,1.921,A,B,True
SKU-00112,Performance Tank Top - M / Navy,Apparel & Footwear,Athletic & Activewear,880484894032,EA,12,0.49,16.9,10.8,1.5,0.1584,APP,surge,2023-07-06,True,2.02,1.1013,B,B,False
SKU-00113,Swift Jogger - L / Dusty Rose,Apparel & Footwear,Athletic & Activewear,421451016813,EA,12,0.48,14.8,6.9,1.3,0.0768,APP,surge,2024-03-25,True,0.8056,0.4392,B,C,True
SKU-00114,Elite Legging - XL / Dusty Rose,Apparel & Footwear,Athletic & Activewear,428809607101,EA,12,0.35,11.6,7.4,2.8,0.1391,APP,surge,2023-05-28,True,5.2542,2.8645,A,A,False
SKU-00115,Active Hoodie - M / Tan,Apparel & Footwear,Athletic & Activewear,651940240349,EA,6,0.41,16.5,11.8,3.5,0.3944,APP,surge,2023-07-17,True,1.1926,0.6502,B,C,True
SKU-00116,Dynamic Hoodie - S / Olive,Apparel & Footwear,Athletic & Activewear,542993837541,EA,24,1.03,9.7,13.8,2.5,0.1937,APP,surge,2024-05-11,True,0.9884,0.5388,B,C,True
SKU-00117,ProFit Legging - S / Black,Apparel & Footwear,Athletic & Activewear,536444863989,EA,24,0.47,9.0,12.8,2.8,0.1867,APP,surge,2024-02-18,True,2.3742,1.2944,B,B,False
SKU-00118,Performance Legging - L / White,Apparel & Footwear,Athletic & Activewear,263533930350,EA,12,0.6,12.5,10.1,2.4,0.1753,APP,surge,2024-11-08,True,2.6669,1.454,A,B,True
SKU-00119,Elite Sports Bra - XXL / Navy,Apparel & Footwear,Athletic & Activewear,775258991516,EA,48,0.95,11.9,6.9,2.7,0.1283,APP,surge,2025-03-21,True,1.4663,0.7994,B,B,False
SKU-00120,Swift Windbreaker - L / Navy,Apparel & Footwear,Athletic & Activewear,906096950037,EA,6,1.15,11.9,13.3,2.7,0.2473,APP,surge,2022-08-28,True,1.6843,0.9183,B,B,False
SKU-00121,Active Tee - XS / Slate Blue,Apparel & Footwear,Athletic & Activewear,938893850261,EA,12,0.75,12.7,5.0,3.4,0.1249,APP,surge,2022-11-27,True,2.5145,1.3709,B,B,False
SKU-00122,ProFit Running Short - XXL / Tan,Apparel & Footwear,Athletic & Activewear,788195985311,EA,12,0.75,13.4,13.7,3.9,0.4143,APP,surge,2022-10-16,True,0.9369,0.5108,B,C,True
SKU-00123,Elite Tee - XL / Navy,Apparel & Footwear,Athletic & Activewear,949314118728,EA,6,0.73,13.6,13.8,2.8,0.3041,APP,surge,2024-06-23,True,0.8373,0.4565,B,C,True
SKU-00124,Flex Windbreaker - S / Dusty Rose,Apparel & Footwear,Athletic & Activewear,544651661376,EA,6,0.57,16.7,5.2,2.6,0.1307,APP,surge,2025-04-05,True,1.2235,0.667,B,B,False
SKU-00125,Dynamic Windbreaker - XL / Tan,Apparel & Footwear,Athletic & Activewear,514310591428,EA,12,0.72,13.2,6.9,1.4,0.0738,APP,surge,2022-04-07,True,4.4205,2.41,A,B,True
SKU-00126,Swift Windbreaker - S / Dusty Rose,Apparel & Footwear,Athletic & Activewear,341430253949,EA,24,0.37,14.5,12.8,2.9,0.3115,APP,surge,2025-04-04,True,1.657,0.9034,B,B,False
SKU-00127,Elite Tank Top - S / Olive,Apparel & Footwear,Athletic & Activewear,397891200891,EA,24,0.94,11.0,13.1,1.1,0.0917,APP,surge,2023-09-04,True,1.0777,0.5876,B,C,True
SKU-00128,Elite Legging - M / Dusty Rose,Apparel & Footwear,Athletic & Activewear,901923715219,EA,12,1.12,13.7,8.6,2.3,0.1568,APP,surge,2025-01-31,True,0.8302,0.4527,B,C,True
SKU-00129,Flex Tank Top - S / Olive,Apparel & Footwear,Athletic & Activewear,683961973535,EA,48,1.08,15.1,12.5,3.9,0.426,APP,surge,2022-07-05,True,1.0116,0.5515,B,C,True
SKU-00130,Dynamic Jogger - XL / White,Apparel & Footwear,Athletic & Activewear,832313107057,EA,24,1.17,15.0,9.3,2.4,0.1938,APP,surge,2023-12-17,True,4.8647,2.6522,A,A,False
SKU-00131,Active Running Short - S / Slate Blue,Apparel & Footwear,Athletic & Activewear,822982356989,EA,6,1.14,14.1,5.3,1.5,0.0649,APP,surge,2024-08-18,True,3.066,1.6715,A,B,True
SKU-00132,Active Legging - XS / Slate Blue,Apparel & Footwear,Athletic & Activewear,153925667258,EA,48,0.34,9.5,5.6,1.6,0.0493,APP,surge,2023-05-30,True,36.1903,19.7305,A,A,False
SKU-00133,Swift Jogger - XL / Dusty Rose,Apparel & Footwear,Athletic & Activewear,424469833715,EA,12,1.08,17.5,8.1,1.3,0.1066,APP,surge,2024-10-20,True,0.8985,0.4898,B,C,True
SKU-00134,Swift Tee - S / Slate Blue,Apparel & Footwear,Athletic & Activewear,827791797181,EA,24,0.59,14.5,11.1,2.3,0.2142,APP,surge,2023-10-17,True,1.1383,0.6206,B,C,True
SKU-00135,Swift Tee - XL / Slate Blue,Apparel & Footwear,Athletic & Activewear,045494907522,EA,24,0.77,13.1,8.9,4.0,0.2699,APP,surge,2023-05-06,True,1.6408,0.8946,B,B,False
SKU-00136,Elite Tee - M / Olive,Apparel & Footwear,Athletic & Activewear,247088767794,EA,12,0.35,17.8,9.2,3.7,0.3506,APP,surge,2023-05-06,True,1.4629,0.7976,B,B,False
SKU-00137,Swift Sports Bra - XL / Tan,Apparel & Footwear,Athletic & Activewear,769973546835,EA,6,1.07,14.3,8.1,3.0,0.2011,APP,surge,2023-01-11,True,13.9796,7.6215,A,A,False
SKU-00138,ProFit Windbreaker - S / Olive,Apparel & Footwear,Athletic & Activewear,313617287251,EA,6,0.71,10.2,11.7,1.4,0.0967,APP,surge,2022-04-29,True,4.4664,2.435,A,B,True
SKU-00139,Swift Windbreaker - XS / Slate Blue,Apparel & Footwear,Athletic & Activewear,187717817374,EA,24,0.44,10.0,7.6,2.6,0.1144,APP,surge,2024-11-30,True,1.7014,0.9276,B,B,False
SKU-00140,Dynamic Sports Bra - XXL / Grey,Apparel & Footwear,Athletic & Activewear,871044275718,EA,12,0.55,11.1,6.1,2.7,0.1058,APP,surge,2023-12-14,True,0.8297,0.4524,B,C,True
SKU-00141,Elite Running Short - XL / Tan,Apparel & Footwear,Athletic & Activewear,243372971312,EA,12,1.04,10.4,8.2,1.5,0.074,APP,surge,2024-12-19,True,0.9678,0.5277,B,C,True
SKU-00142,Performance Sports Bra - XL / Black,Apparel & Footwear,Athletic & Activewear,570934660869,EA,12,0.69,11.0,8.3,1.7,0.0898,APP,surge,2023-06-04,True,2.3342,1.2726,B,B,False
SKU-00143,Flex Sports Bra - S / Dusty Rose,Apparel & Footwear,Athletic & Activewear,707054444445,EA,24,1.1,17.1,12.1,2.4,0.2874,APP,surge,2023-08-14,True,0.8518,0.4644,B,C,True
SKU-00144,Active Tee - M / Slate Blue,Apparel & Footwear,Athletic & Activewear,087968181314,EA,24,1.05,9.1,7.0,3.4,0.1253,APP,surge,2024-07-12,True,1.365,0.7442,B,B,False
SKU-00145,Dynamic Legging - L / Burgundy,Apparel & Footwear,Athletic & Activewear,622121706974,EA,6,0.85,17.4,8.1,2.7,0.2202,APP,surge,2022-09-19,True,6.4432,3.5128,A,A,False
SKU-00146,Dynamic Sports Bra - M / Slate Blue,Apparel & Footwear,Athletic & Activewear,929971269842,EA,48,0.91,9.9,6.6,3.4,0.1286,APP,surge,2024-07-02,True,0.8185,0.4462,B,C,True
SKU-00147,Core Hoodie - L / Black,Apparel & Footwear,Athletic & Activewear,627767537882,EA,24,1.17,10.6,8.9,2.3,0.1256,APP,surge,2025-05-16,True,0.8943,0.4876,B,C,True
SKU-00148,Performance Jogger - S / White,Apparel & Footwear,Athletic & Activewear,857870133713,EA,12,0.81,17.9,5.3,1.6,0.0878,APP,surge,2024-10-13,True,4.4716,2.4378,A,B,True
SKU-00149,Performance Tee - S / Navy,Apparel & Footwear,Athletic & Activewear,567619146429,EA,6,0.48,12.1,9.3,3.6,0.2344,APP,surge,2024-08-07,True,2.0864,1.1375,B,B,False
SKU-00150,Performance Running Short - S / Grey,Apparel & Footwear,Athletic & Activewear,121144221729,EA,24,0.96,15.5,5.9,2.4,0.127,APP,surge,2022-10-25,True,7.6378,4.164,A,A,False
SKU-00151,Elite Hoodie - XL / Navy,Apparel & Footwear,Athletic & Activewear,095492486320,EA,6,0.54,10.7,7.3,1.4,0.0633,APP,surge,2024-11-13,True,1.7333,0.945,B,B,False
SKU-00152,Elite Tank Top - M / Grey,Apparel & Footwear,Athletic & Activewear,682802508853,EA,6,0.88,15.8,6.9,3.8,0.2397,APP,surge,2023-05-28,True,0.9342,0.5093,B,C,True
SKU-00153,Flex Running Short - M / White,Apparel & Footwear,Athletic & Activewear,179408159708,EA,6,0.98,9.3,12.0,3.8,0.2454,APP,surge,2022-12-27,True,3.2243,1.7578,A,B,True
SKU-00154,Performance Tank Top - XL / Slate Blue,Apparel & Footwear,Athletic & Activewear,655583879972,EA,24,0.56,9.2,7.1,2.5,0.0945,APP,surge,2023-01-11,True,2.0598,1.123,B,B,False
SKU-00155,Swift Legging - XS / Navy,Apparel & Footwear,Athletic & Activewear,490789193336,EA,24,0.91,13.2,6.7,3.4,0.174,APP,surge,2023-11-14,True,2.1207,1.1562,B,B,False
SKU-00156,Flex Tank Top - XXL / White,Apparel & Footwear,Athletic & Activewear,025763694873,EA,12,1.19,8.9,8.7,3.6,0.1613,APP,surge,2022-12-02,True,1.2642,0.6892,B,B,False
SKU-00157,Performance Jogger - XL / Slate Blue,Apparel & Footwear,Athletic & Activewear,904297356440,EA,12,0.6,14.1,10.9,3.5,0.3113,APP,surge,2024-04-09,True,1.0324,0.5628,B,C,True
SKU-00158,Dynamic Hoodie - XL / Burgundy,Apparel & Footwear,Athletic & Activewear,803752582778,EA,12,1.08,8.3,8.6,3.8,0.157,APP,surge,2024-09-11,True,3.9393,2.1477,A,B,True
SKU-00159,Performance Sports Bra - L / White,Apparel & Footwear,Athletic & Activewear,403947163795,EA,6,0.78,15.8,7.2,1.7,0.1119,APP,surge,2023-11-11,True,1.8581,1.013,B,B,False
SKU-00160,Swift Jogger - XXL / Dusty Rose,Apparel & Footwear,Athletic & Activewear,880395112919,EA,24,0.7,14.4,6.8,3.7,0.2097,APP,surge,2022-06-08,True,4.6376,2.5283,A,B,True
SKU-00161,Active Sports Bra - S / Tan,Apparel & Footwear,Athletic & Activewear,113009000158,EA,24,0.6,9.7,6.9,1.3,0.0504,APP,surge,2023-07-13,True,1.0603,0.5781,B,C,True
SKU-00162,Core Windbreaker - L / Slate Blue,Apparel & Footwear,Athletic & Activewear,459744731401,EA,12,1.0,14.3,12.9,2.9,0.3096,APP,surge,2022-11-02,True,4.1371,2.2555,A,B,True
SKU-00163,Core Jogger - S / White,Apparel & Footwear,Athletic & Activewear,639668808723,EA,24,0.53,9.5,7.2,3.5,0.1385,APP,surge,2024-09-10,True,1.2969,0.707,B,B,False
SKU-00164,Core Windbreaker - S / Dusty Rose,Apparel & Footwear,Athletic & Activewear,223526461691,EA,12,0.92,17.1,7.7,2.7,0.2057,APP,surge,2023-03-02,True,1.8422,1.0044,B,B,False
SKU-00165,Swift Jogger - XS / Dusty Rose,Apparel & Footwear,Athletic & Activewear,044092348772,EA,48,0.91,14.8,5.7,2.3,0.1123,APP,surge,2022-09-24,True,1.1306,0.6164,B,C,True
SKU-00166,Dynamic Running Short - L / Navy,Apparel & Footwear,Athletic & Activewear,067994956697,EA,6,0.79,15.6,9.3,2.5,0.2099,APP,surge,2025-02-26,True,1.1423,0.6228,B,C,True
SKU-00167,Dynamic Tank Top - M / Olive,Apparel & Footwear,Athletic & Activewear,549954514210,EA,24,0.76,12.8,13.3,2.5,0.2463,APP,surge,2025-05-21,True,12.3323,6.7235,A,A,False
SKU-00168,Core Tee - XL / Navy,Apparel & Footwear,Athletic & Activewear,259119914613,EA,12,0.69,15.7,11.6,1.1,0.1159,APP,surge,2023-05-02,True,1.0426,0.5684,B,C,True
SKU-00169,Flex Legging - XXL / Slate Blue,Apparel & Footwear,Athletic & Activewear,951748398272,EA,12,0.67,15.6,7.1,3.7,0.2372,APP,surge,2024-08-01,True,1.6684,0.9096,B,B,False
SKU-00170,Elite Legging - XXL / Dusty Rose,Apparel & Footwear,Athletic & Activewear,153678493235,EA,24,0.54,13.8,13.9,4.0,0.444,APP,surge,2022-09-20,True,2.796,1.5243,A,B,True
SKU-00171,Elite Windbreaker - XS / White,Apparel & Footwear,Athletic & Activewear,995792036505,EA,12,0.57,12.4,13.9,4.0,0.399,APP,surge,2023-10-08,True,3.1029,1.6916,A,B,True
SKU-00172,Core Legging - L / Navy,Apparel & Footwear,Athletic & Activewear,435141589402,EA,6,0.87,12.1,11.7,2.0,0.1639,APP,surge,2022-12-15,True,1.2899,0.7033,B,B,False
SKU-00173,Core Jogger - L / Tan,Apparel & Footwear,Athletic & Activewear,268260009580,EA,6,0.8,8.2,7.8,1.5,0.0555,APP,surge,2022-09-01,True,1.0285,0.5607,B,C,True
SKU-00174,Dynamic Sports Bra - XXL / Tan,Apparel & Footwear,Athletic & Activewear,304868105159,EA,12,0.44,14.1,9.0,2.3,0.1689,APP,surge,2023-08-18,True,1.2266,0.6687,B,B,False
SKU-00175,Dynamic Jogger - XXL / Dusty Rose,Apparel & Footwear,Athletic & Activewear,159984539473,EA,24,0.44,10.0,10.9,3.2,0.2019,APP,surge,2024-09-01,True,1.4498,0.7904,B,B,False
SKU-00176,Core Tank Top - M / Navy,Apparel & Footwear,Athletic & Activewear,345626675827,EA,6,0.34,11.5,11.4,1.1,0.0835,APP,surge,2025-01-21,True,1.0454,0.57,B,C,True
SKU-00177,Flex Legging - M / White,Apparel & Footwear,Athletic & Activewear,825414011859,EA,12,0.73,14.0,7.2,1.1,0.0642,APP,surge,2024-09-28,True,0.9831,0.536,B,C,True
SKU-00178,Active Legging - S / Dusty Rose,Apparel & Footwear,Athletic & Activewear,508779192915,EA,24,1.14,8.2,13.3,3.9,0.2461,APP,surge,2025-02-19,True,1.2524,0.6828,B,B,False
SKU-00179,Core Tank Top - XS / Navy,Apparel & Footwear,Athletic & Activewear,655167707718,EA,24,1.06,14.1,10.5,2.3,0.1971,APP,surge,2023-11-16,True,1.0859,0.592,B,C,True
SKU-00180,Core Legging - M / Grey,Apparel & Footwear,Athletic & Activewear,039132745957,EA,6,0.76,11.1,13.7,3.2,0.2816,APP,surge,2024-09-12,True,11.7345,6.3975,A,A,False
SKU-00181,Core Tee - XXL / Tan,Apparel & Footwear,Athletic & Activewear,564912066951,EA,12,1.07,11.8,12.7,1.7,0.1474,APP,surge,2025-02-07,True,1.0022,0.5464,B,C,True
SKU-00182,Active Tank Top - XS / Black,Apparel & Footwear,Athletic & Activewear,771253087538,EA,6,0.91,11.4,5.6,2.4,0.0887,APP,surge,2023-12-16,True,1.94,1.0577,B,B,False
SKU-00183,Core Running Short - XXL / Dusty Rose,Apparel & Footwear,Athletic & Activewear,642121161052,EA,12,1.16,14.5,6.0,3.7,0.1863,APP,surge,2024-12-09,True,8.0507,4.3891,A,A,False
SKU-00184,Flex Tee - XL / Olive,Apparel & Footwear,Athletic & Activewear,406633367140,EA,12,0.7,12.1,9.7,1.8,0.1223,APP,surge,2024-08-04,True,0.7829,0.4268,B,C,True
SKU-00185,Elite Windbreaker - L / Burgundy,Apparel & Footwear,Athletic & Activewear,852510657384,EA,24,0.71,11.9,12.3,2.1,0.1779,APP,surge,2025-01-24,True,1.145,0.6242,B,C,True
SKU-00186,Active Tee - M / Dusty Rose,Apparel & Footwear,Athletic & Activewear,279277562999,EA,24,1.0,17.4,5.2,2.8,0.1466,APP,surge,2025-04-02,True,1.8266,0.9958,B,B,False
SKU-00187,Flex Hoodie - L / Dusty Rose,Apparel & Footwear,Athletic & Activewear,091004185304,EA,6,0.7,13.5,6.3,2.0,0.0984,APP,surge,2022-04-03,True,1.9707,1.0744,B,B,False
SKU-00188,Flex Tee - S / Grey,Apparel & Footwear,Athletic & Activewear,927500540975,EA,48,0.73,9.3,5.5,3.8,0.1125,APP,surge,2022-04-11,True,0.8281,0.4515,B,C,True
SKU-00189,Core Hoodie - S / White,Apparel & Footwear,Athletic & Activewear,124883359921,EA,24,0.53,13.0,12.7,2.3,0.2198,APP,surge,2024-06-03,True,1.238,0.6749,B,B,False
SKU-00190,Swift Legging - XL / Slate Blue,Apparel & Footwear,Athletic & Activewear,415632534337,EA,12,0.33,11.9,6.8,3.0,0.1405,APP,surge,2023-11-23,True,2.1466,1.1703,B,B,False
SKU-00191,Elite Windbreaker - M / Slate Blue,Apparel & Footwear,Athletic & Activewear,094370545192,EA,24,0.63,16.5,10.1,1.6,0.1543,APP,surge,2022-12-29,True,1.9333,1.054,B,B,False
SKU-00192,Core Tee - XL / White,Apparel & Footwear,Athletic & Activewear,174769435115,EA,24,0.42,16.1,13.4,2.8,0.3496,APP,surge,2023-09-06,True,2.1804,1.1887,B,B,False
SKU-00193,ProFit Legging - M / White,Apparel & Footwear,Athletic & Activewear,622091723280,EA,12,0.46,14.1,5.1,3.8,0.1581,APP,surge,2024-06-29,True,2.0064,1.0939,B,B,False
SKU-00194,Active Legging - S / Tan,Apparel & Footwear,Athletic & Activewear,333060222759,EA,12,0.47,11.8,8.5,2.0,0.1161,APP,surge,2022-05-31,True,1.9208,1.0472,B,B,False
SKU-00195,Flex Running Short - XS / Slate Blue,Apparel & Footwear,Athletic & Activewear,077848141778,EA,24,0.75,13.3,7.8,3.3,0.1981,APP,surge,2024-05-26,True,0.9894,0.5394,B,C,True
SKU-00196,Elite Windbreaker - M / Black,Apparel & Footwear,Athletic & Activewear,002610677786,EA,24,1.14,8.9,13.9,3.3,0.2363,APP,surge,2022-08-23,True,2.4052,1.3113,B,B,False
SKU-00197,ProFit Tank Top - XXL / Olive,Apparel & Footwear,Athletic & Activewear,644293840812,EA,48,0.39,10.8,8.7,1.1,0.0598,APP,surge,2022-07-11,True,1.338,0.7295,B,B,False
SKU-00198,Elite Hoodie - XXL / Navy,Apparel & Footwear,Athletic & Activewear,423501736554,EA,12,0.68,11.3,9.5,2.3,0.1429,APP,surge,2022-10-01,True,1.403,0.7649,B,B,False
SKU-00199,Core Legging - L / White,Apparel & Footwear,Athletic & Activewear,581195512835,EA,12,0.53,17.7,12.1,3.9,0.4834,APP,surge,2024-07-17,True,3.1611,1.7234,A,B,True
SKU-00200,ProFit Running Short - M / Grey,Apparel & Footwear,Athletic & Activewear,203518005522,EA,6,1.14,9.2,10.1,3.2,0.1721,APP,surge,2023-04-07,True,1.0548,0.5751,B,C,True
SKU-00201,Flex Tee - S / Olive,Apparel & Footwear,Athletic & Activewear,231537444171,EA,24,0.41,17.4,13.1,1.6,0.2111,APP,surge,2022-03-09,True,1.4358,0.7828,B,B,False
SKU-00202,Core Windbreaker - XS / Dusty Rose,Apparel & Footwear,Athletic & Activewear,908159693333,EA,24,0.71,16.7,9.3,3.8,0.3415,APP,surge,2023-12-09,True,3.344,1.8231,A,B,True
SKU-00203,Core Sports Bra - M / Tan,Apparel & Footwear,Athletic & Activewear,476050161356,EA,12,0.67,9.9,13.1,1.8,0.1351,APP,surge,2025-01-31,True,4.6487,2.5344,A,B,True
SKU-00204,Elite Windbreaker - XS / Black,Apparel & Footwear,Athletic & Activewear,839385428043,EA,24,1.15,15.5,12.9,1.4,0.162,APP,surge,2024-07-28,True,1.0633,0.5797,B,C,True
SKU-00205,Swift Jogger - XL / Olive,Apparel & Footwear,Athletic & Activewear,332365970325,EA,12,0.65,10.0,7.4,2.9,0.1242,APP,surge,2022-04-17,True,2.2501,1.2267,B,B,False
SKU-00206,Performance Hoodie - S / Black,Apparel & Footwear,Athletic & Activewear,749659840045,EA,6,0.77,17.1,12.1,1.2,0.1437,APP,surge,2024-12-24,True,1.0644,0.5803,B,C,True
SKU-00207,Core Tee - S / Dusty Rose,Apparel & Footwear,Athletic & Activewear,569647585800,EA,6,0.98,13.1,11.5,3.6,0.3139,APP,surge,2023-08-10,True,0.8026,0.4375,B,C,True
SKU-00208,Elite Tank Top - S / Slate Blue,Apparel & Footwear,Athletic & Activewear,018377326048,EA,24,0.49,16.6,10.8,2.3,0.2386,APP,surge,2022-12-09,True,0.96,0.5233,B,C,True
SKU-00209,Elite Hoodie - L / Burgundy,Apparel & Footwear,Athletic & Activewear,562362600760,EA,48,0.48,10.9,13.7,3.1,0.2679,APP,surge,2025-05-16,True,1.2316,0.6715,B,B,False
SKU-00210,Swift Jogger - M / White,Apparel & Footwear,Athletic & Activewear,248403755425,EA,24,0.96,17.5,11.8,2.4,0.2868,APP,surge,2022-07-06,True,3.4981,1.9071,A,B,True
SKU-00211,Active Jogger - L / Dusty Rose,Apparel & Footwear,Athletic & Activewear,731221178469,EA,48,1.2,8.8,8.5,1.5,0.0649,APP,surge,2025-04-13,True,0.8382,0.457,B,C,True
SKU-00212,Core Sports Bra - XL / Black,Apparel & Footwear,Athletic & Activewear,393211154485,EA,6,0.36,12.0,5.7,1.8,0.0713,APP,surge,2024-03-07,True,1.4668,0.7997,B,B,False
SKU-00213,Elite Hoodie - M / Olive,Apparel & Footwear,Athletic & Activewear,288355603160,EA,24,1.04,9.4,8.9,3.1,0.1501,APP,surge,2023-01-21,True,1.034,0.5637,B,C,True
SKU-00214,Dynamic Hoodie - L / Tan,Apparel & Footwear,Athletic & Activewear,780030805872,EA,12,0.56,15.2,5.6,3.6,0.1773,APP,surge,2023-08-19,True,3.674,2.003,A,B,True
SKU-00215,Performance Windbreaker - L / Black,Apparel & Footwear,Athletic & Activewear,894158902408,EA,6,0.68,16.0,9.4,2.5,0.2176,APP,surge,2023-04-04,True,8.4734,4.6196,A,A,False
SKU-00216,ProFit Jogger - XL / Dusty Rose,Apparel & Footwear,Athletic & Activewear,352443637283,EA,6,0.92,10.6,8.8,2.1,0.1134,APP,surge,2024-11-27,True,0.917,0.4999,B,C,True
SKU-00217,Elite Tee - S / Olive,Apparel & Footwear,Athletic & Activewear,980241501027,EA,12,1.08,14.0,6.2,3.1,0.1557,APP,surge,2022-03-23,True,7.376,4.0213,A,A,False
SKU-00218,Active Tank Top - L / Dusty Rose,Apparel & Footwear,Athletic & Activewear,378350351992,EA,12,0.34,15.5,5.6,2.8,0.1406,APP,surge,2024-10-12,True,0.9443,0.5148,B,C,True
SKU-00219,Flex Tee - XXL / Navy,Apparel & Footwear,Athletic & Activewear,674838225572,EA,48,0.41,13.6,10.4,3.4,0.2783,APP,surge,2024-05-01,True,1.0151,0.5534,B,C,True
SKU-00220,Active Tank Top - XL / Black,Apparel & Footwear,Athletic & Activewear,159431329510,EA,48,1.14,14.8,13.8,2.3,0.2718,APP,surge,2022-05-28,True,0.872,0.4754,B,C,True
SKU-00221,Swift Hoodie - S / White,Apparel & Footwear,Athletic & Activewear,199710068627,EA,6,0.41,10.0,11.9,1.3,0.0895,APP,surge,2022-09-26,True,1.1048,0.6023,B,C,True
SKU-00222,Elite Hoodie - XXL / Grey,Apparel & Footwear,Athletic & Activewear,190516446739,EA,12,0.95,13.9,7.9,3.1,0.197,APP,surge,2024-11-15,True,0.9524,0.5192,B,C,True
SKU-00223,Elite Tank Top - XL / Olive,Apparel & Footwear,Athletic & Activewear,004485753667,EA,12,0.48,13.4,9.3,2.7,0.1947,APP,surge,2023-05-02,True,1.3554,0.7389,B,B,False
SKU-00224,Swift Windbreaker - L / Navy,Apparel & Footwear,Athletic & Activewear,711285985630,EA,12,1.01,14.2,9.8,2.8,0.2255,APP,surge,2023-06-29,True,1.1001,0.5998,B,C,True
SKU-00225,Elite Running Short - L / Navy,Apparel & Footwear,Athletic & Activewear,952374880735,EA,12,0.5,15.3,12.4,2.8,0.3074,APP,surge,2024-03-17,True,1.2097,0.6595,B,C,True
SKU-00226,Active Hoodie - M / Slate Blue,Apparel & Footwear,Athletic & Activewear,993592912308,EA,48,0.35,9.4,6.7,2.1,0.0765,APP,surge,2024-02-28,True,3.8996,2.126,A,B,True
SKU-00227,Dynamic Tank Top - XS / Olive,Apparel & Footwear,Athletic & Activewear,991410999865,EA,48,1.0,16.0,6.0,2.8,0.1556,APP,surge,2023-08-14,True,1.1981,0.6532,B,C,True
SKU-00228,Core Windbreaker - S / Dusty Rose,Apparel & Footwear,Athletic & Activewear,667948728059,EA,24,0.49,16.2,9.5,1.1,0.098,APP,surge,2022-05-21,True,2.3772,1.296,B,B,False
SKU-00229,Elite Jogger - M / Tan,Apparel & Footwear,Athletic & Activewear,812072383102,EA,48,0.78,14.4,9.2,2.3,0.1763,APP,surge,2023-08-19,True,9.2863,5.0627,A,A,False
SKU-00230,Swift Windbreaker - M / Navy,Apparel & Footwear,Athletic & Activewear,762941990998,EA,12,0.49,9.6,10.1,2.1,0.1178,APP,surge,2023-05-14,True,1.4963,0.8158,B,B,False
SKU-00231,ProFit Sports Bra - S / Slate Blue,Apparel & Footwear,Athletic & Activewear,099517133085,EA,12,0.86,14.4,11.2,1.0,0.0933,APP,surge,2023-10-06,True,1.688,0.9203,B,B,False
SKU-00232,Performance Jogger - XXL / Dusty Rose,Apparel & Footwear,Athletic & Activewear,830941639255,EA,12,0.69,11.4,7.2,2.6,0.1235,APP,surge,2023-10-15,True,6.5745,3.5843,A,A,False
SKU-00233,Swift Sports Bra - XXL / Grey,Apparel & Footwear,Athletic & Activewear,902224808666,EA,6,0.88,17.5,7.6,3.1,0.2386,APP,surge,2022-12-30,True,0.7996,0.4359,B,C,True
SKU-00234,Elite Tee - S / Tan,Apparel & Footwear,Athletic & Activewear,704609306567,EA,12,0.76,14.0,8.6,1.1,0.0766,APP,surge,2022-09-27,True,1.0264,0.5595,B,C,True
SKU-00235,Dynamic Hoodie - L / White,Apparel & Footwear,Athletic & Activewear,911930283071,EA,12,0.79,14.2,11.3,3.6,0.3343,APP,surge,2025-05-17,True,1.1303,0.6162,B,C,True
SKU-00236,Elite Tee - XXL / Grey,Apparel & Footwear,Athletic & Activewear,048768768182,EA,24,0.7,11.3,6.5,2.4,0.102,APP,surge,2022-06-18,True,1.0563,0.5759,B,C,True
SKU-00237,Swift Running Short - XS / Dusty Rose,Apparel & Footwear,Athletic & Activewear,448654774011,EA,12,0.38,12.1,13.5,3.9,0.3687,APP,surge,2023-06-03,True,1.4056,0.7663,B,B,False
SKU-00238,Core Jogger - XL / Slate Blue,Apparel & Footwear,Athletic & Activewear,985437021421,EA,12,0.51,14.7,8.2,3.7,0.2581,APP,surge,2022-08-18,True,2.0966,1.143,B,B,False
SKU-00239,Flex Jogger - XXL / Tan,Apparel & Footwear,Athletic & Activewear,325995147533,EA,6,1.04,17.0,12.9,3.9,0.4949,APP,surge,2024-06-18,True,28.2654,15.41,A,A,False
SKU-00240,Swift Jogger - XXL / Dusty Rose,Apparel & Footwear,Athletic & Activewear,566514246228,EA,12,0.52,8.8,9.5,3.7,0.179,APP,surge,2024-10-01,True,2.7251,1.4857,A,B,True
SKU-00241,Performance Hoodie - S / Olive,Apparel & Footwear,Athletic & Activewear,228837970618,EA,6,0.94,15.6,10.2,3.6,0.3315,APP,surge,2022-03-17,True,1.9637,1.0706,B,B,False
SKU-00242,ProFit Hoodie - L / White,Apparel & Footwear,Athletic & Activewear,992345517238,EA,24,0.68,16.1,11.7,2.4,0.2616,APP,surge,2024-02-13,True,1.1556,0.63,B,C,True
SKU-00243,Flex Windbreaker - S / Olive,Apparel & Footwear,Athletic & Activewear,386075343654,EA,12,0.65,10.5,9.4,3.4,0.1942,APP,surge,2024-02-10,True,2.3036,1.2559,B,B,False
SKU-00244,Performance Tee - M / Black,Apparel & Footwear,Athletic & Activewear,786703685821,EA,6,0.72,13.8,9.5,2.4,0.1821,APP,surge,2023-07-10,True,1.4,0.7633,B,B,False
SKU-00245,Core Jogger - M / Slate Blue,Apparel & Footwear,Athletic & Activewear,124519330829,EA,12,0.56,15.4,7.1,3.0,0.1898,APP,surge,2022-08-02,True,0.8213,0.4478,B,C,True
SKU-00246,Active Legging - XL / Slate Blue,Apparel & Footwear,Athletic & Activewear,988665037857,EA,6,0.45,16.2,5.3,2.2,0.1093,APP,surge,2023-11-20,True,1.8798,1.0248,B,B,False
SKU-00247,Active Running Short - S / White,Apparel & Footwear,Athletic & Activewear,890232810892,EA,12,1.1,10.3,6.5,2.9,0.1124,APP,surge,2023-10-11,True,1.9142,1.0436,B,B,False
SKU-00248,Swift Legging - L / Grey,Apparel & Footwear,Athletic & Activewear,982364412787,EA,12,1.19,8.1,10.0,2.5,0.1172,APP,surge,2024-12-13,True,12.4513,6.7883,A,A,False
SKU-00249,ProFit Windbreaker - XXL / Olive,Apparel & Footwear,Athletic & Activewear,150352547105,EA,12,0.65,16.9,5.0,1.9,0.0929,APP,surge,2023-02-15,True,0.9861,0.5376,B,C,True
SKU-00250,Elite Tank Top - XXL / Black,Apparel & Footwear,Athletic & Activewear,278347127174,EA,48,0.82,8.9,12.6,1.5,0.0973,APP,surge,2025-04-13,True,1.3771,0.7508,B,B,False
SKU-00251,Elite Tank Top - XXL / Tan,Apparel & Footwear,Athletic & Activewear,584798565655,EA,12,0.5,15.2,12.5,1.2,0.1319,APP,surge,2023-04-19,True,5.2471,2.8607,A,A,False
SKU-00252,Active Hoodie - L / Burgundy,Apparel & Footwear,Athletic & Activewear,595406088921,EA,12,1.13,9.0,7.8,1.2,0.0487,APP,surge,2022-10-29,True,1.0006,0.5455,B,C,True
SKU-00253,Core Sports Bra - XXL / Olive,Apparel & Footwear,Athletic & Activewear,665512514171,EA,6,1.1,8.5,11.8,2.1,0.1219,APP,surge,2023-05-06,True,3.7816,2.0617,A,B,True
SKU-00254,Elite Tank Top - S / Slate Blue,Apparel & Footwear,Athletic & Activewear,755943587047,EA,12,0.62,10.2,11.2,3.1,0.2049,APP,surge,2022-03-22,True,10.0061,5.4552,A,A,False
SKU-00255,Elite Hoodie - S / Slate Blue,Apparel & Footwear,Athletic & Activewear,567739046045,EA,24,1.06,13.8,10.6,2.1,0.1778,APP,surge,2025-01-02,True,1.3879,0.7567,B,B,False
SKU-00256,Dynamic Tank Top - XXL / Olive,Apparel & Footwear,Athletic & Activewear,910028264040,EA,12,0.52,11.3,11.6,1.6,0.1214,APP,surge,2023-08-07,True,1.0001,0.5452,B,C,True
SKU-00257,Performance Sports Bra - M / Black,Apparel & Footwear,Athletic & Activewear,726660899997,EA,6,0.55,14.0,8.9,3.8,0.274,APP,surge,2023-11-24,True,1.0735,0.5853,B,C,True
SKU-00258,Performance Windbreaker - M / Navy,Apparel & Footwear,Athletic & Activewear,845428763696,EA,12,0.5,16.1,11.6,1.7,0.1837,APP,surge,2024-07-09,True,2.3904,1.3032,B,B,False
SKU-00259,Dynamic Legging - XXL / Navy,Apparel & Footwear,Athletic & Activewear,547272358250,EA,6,0.63,8.5,12.1,2.3,0.1369,APP,surge,2022-12-06,True,1.1664,0.6359,B,C,True
SKU-00260,Core Running Short - XXL / White,Apparel & Footwear,Athletic & Activewear,435729469417,EA,6,0.64,11.8,8.9,3.4,0.2066,APP,surge,2023-12-03,True,2.5392,1.3844,B,B,False
SKU-00261,Performance Tank Top - L / Black,Apparel & Footwear,Athletic & Activewear,448184652920,EA,24,0.67,13.3,7.9,1.3,0.079,APP,surge,2023-05-25,True,1.0435,0.5689,B,C,True
SKU-00262,Dynamic Running Short - XS / Olive,Apparel & Footwear,Athletic & Activewear,821214355011,EA,12,0.71,8.2,7.2,1.4,0.0478,APP,surge,2025-02-01,True,1.7594,0.9592,B,B,False
SKU-00263,Dynamic Sports Bra - S / Navy,Apparel & Footwear,Athletic & Activewear,404931711189,EA,24,0.79,11.3,9.9,1.7,0.1101,APP,surge,2023-05-30,True,1.6984,0.9259,B,B,False
SKU-00264,Active Jogger - XL / Tan,Apparel & Footwear,Athletic & Activewear,428654134931,EA,12,0.85,17.9,5.8,3.9,0.2343,APP,surge,2022-03-12,True,8.3999,4.5795,A,A,False
SKU-00265,Core Running Short - M / Dusty Rose,Apparel & Footwear,Athletic & Activewear,493567815516,EA,6,0.64,14.5,13.7,1.2,0.138,APP,surge,2023-12-05,True,0.8129,0.4431,B,C,True
SKU-00266,Core Jogger - XS / Dusty Rose,Apparel & Footwear,Athletic & Activewear,277950811660,EA,12,0.44,10.4,12.7,1.1,0.0841,APP,surge,2023-07-01,True,1.0514,0.5732,B,C,True
SKU-00267,Flex Running Short - S / Slate Blue,Apparel & Footwear,Athletic & Activewear,555295789674,EA,24,0.92,13.9,8.3,3.1,0.207,APP,surge,2024-05-10,True,3.2324,1.7622,A,B,True
SKU-00268,Dynamic Hoodie - L / Black,Apparel & Footwear,Athletic & Activewear,821891627413,EA,24,0.38,10.4,5.1,4.0,0.1228,APP,surge,2022-10-30,True,2.1011,1.1455,B,B,False
SKU-00269,Core Hoodie - L / Burgundy,Apparel & Footwear,Athletic & Activewear,114975136150,EA,12,1.16,16.8,6.4,3.3,0.2053,APP,surge,2024-08-04,True,1.2634,0.6888,B,B,False
SKU-00270,Core Sports Bra - XXL / Burgundy,Apparel & Footwear,Athletic & Activewear,751295338215,EA,48,1.12,16.0,13.7,1.3,0.1649,APP,surge,2024-10-19,True,0.785,0.428,B,C,True
SKU-00271,Flex Legging - L / Black,Apparel & Footwear,Athletic & Activewear,954816672768,EA,12,0.72,14.5,6.2,3.8,0.1977,APP,surge,2023-06-04,True,1.0396,0.5668,B,C,True
SKU-00272,Dynamic Legging - XXL / White,Apparel & Footwear,Athletic & Activewear,724095912667,EA,48,0.55,9.0,10.5,1.2,0.0656,APP,surge,2022-10-03,True,0.9242,0.5039,B,C,True
SKU-00273,Elite Tank Top - XXL / Slate Blue,Apparel & Footwear,Athletic & Activewear,861289706865,EA,12,0.58,13.5,10.1,2.4,0.1894,APP,surge,2024-08-08,True,0.782,0.4263,B,C,True
SKU-00274,Flex Running Short - XS / Black,Apparel & Footwear,Athletic & Activewear,513077223847,EA,12,0.97,8.8,12.0,2.8,0.1711,APP,surge,2023-02-25,True,1.3635,0.7434,B,B,False
SKU-00275,Core Windbreaker - XS / White,Apparel & Footwear,Athletic & Activewear,534233375415,EA,12,0.55,15.1,13.5,1.3,0.1534,APP,surge,2024-05-19,True,1.5936,0.8688,B,B,False
SKU-00276,ProFit Running Short - L / Dusty Rose,Apparel & Footwear,Athletic & Activewear,634730323219,EA,6,0.43,10.7,12.7,2.8,0.2202,APP,surge,2023-02-15,True,3.6394,1.9842,A,B,True
SKU-00277,Dynamic Sports Bra - XL / Grey,Apparel & Footwear,Athletic & Activewear,832967443729,EA,12,0.86,8.0,6.7,2.9,0.09,APP,surge,2023-11-29,True,0.7964,0.4342,B,C,True
SKU-00278,Swift Hoodie - L / Slate Blue,Apparel & Footwear,Athletic & Activewear,408607668446,EA,12,0.88,17.2,7.2,3.7,0.2652,APP,surge,2024-11-25,True,1.3404,0.7308,B,B,False
SKU-00279,Core Tee - XXL / Burgundy,Apparel & Footwear,Athletic & Activewear,121833049461,EA,6,0.49,10.7,10.4,2.3,0.1481,APP,surge,2023-01-16,True,0.8501,0.4635,B,C,True
SKU-00280,ProFit Windbreaker - L / Navy,Apparel & Footwear,Athletic & Activewear,570809630606,EA,24,0.7,8.2,13.7,3.4,0.221,APP,surge,2024-07-13,True,0.9851,0.5371,B,C,True
SKU-00281,Dynamic Hoodie - XXL / Burgundy,Apparel & Footwear,Athletic & Activewear,875392447579,EA,12,0.5,9.1,10.9,3.3,0.1894,APP,surge,2022-08-02,True,0.7826,0.4267,B,C,True
SKU-00282,Dynamic Tee - L / Olive,Apparel & Footwear,Athletic & Activewear,902033621199,EA,12,1.12,16.5,13.7,2.4,0.314,APP,surge,2024-10-05,True,1.7586,0.9587,B,B,False
SKU-00283,ProFit Hoodie - L / White,Apparel & Footwear,Athletic & Activewear,537641092362,EA,12,1.16,15.6,10.8,3.0,0.2925,APP,surge,2023-02-09,True,1.0421,0.5681,B,C,True
SKU-00284,ProFit Tee - XS / Burgundy,Apparel & Footwear,Athletic & Activewear,768292619383,EA,24,0.89,12.5,10.7,1.5,0.1161,APP,surge,2023-12-07,True,0.8269,0.4508,B,C,True
SKU-00285,ProFit Running Short - XL / Navy,Apparel & Footwear,Athletic & Activewear,667914295060,EA,12,0.47,9.9,9.9,1.4,0.0794,APP,surge,2023-01-28,True,1.3171,0.7181,B,B,False
SKU-00286,Flex Legging - XL / Navy,Apparel & Footwear,Athletic & Activewear,030351490028,EA,12,0.98,16.4,5.5,3.3,0.1723,APP,surge,2023-05-04,True,1.3335,0.727,B,B,False
SKU-00287,ProFit Jogger - S / Black,Apparel & Footwear,Athletic & Activewear,301533813143,EA,6,0.96,15.1,12.7,1.6,0.1776,APP,surge,2025-02-28,True,1.0379,0.5658,B,C,True
SKU-00288,Core Running Short - S / Tan,Apparel & Footwear,Athletic & Activewear,199107060620,EA,6,0.35,17.2,7.8,3.9,0.3028,APP,surge,2024-10-13,True,2.3889,1.3024,B,B,False
SKU-00289,Core Running Short - XS / Black,Apparel & Footwear,Athletic & Activewear,175946301873,EA,24,0.37,14.0,13.9,3.0,0.3378,APP,surge,2025-05-16,True,1.3203,0.7198,B,B,False
SKU-00290,Active Tee - M / Navy,Apparel & Footwear,Athletic & Activewear,810090971811,EA,24,0.76,17.4,7.3,2.5,0.1838,APP,surge,2024-06-18,True,6.1271,3.3404,A,A,False
SKU-00291,Dynamic Tee - S / Olive,Apparel & Footwear,Athletic & Activewear,267325505159,EA,24,0.48,8.3,10.0,3.1,0.1489,APP,surge,2022-12-13,True,7.8388,4.2736,A,A,False
SKU-00292,Performance Running Short - XXL / Slate Blue,Apparel & Footwear,Athletic & Activewear,840020219063,EA,12,1.13,17.2,10.8,3.8,0.4085,APP,surge,2023-02-21,True,0.7898,0.4306,B,C,True
SKU-00293,Flex Hoodie - L / Dusty Rose,Apparel & Footwear,Athletic & Activewear,236082038258,EA,6,1.01,13.9,6.3,3.2,0.1622,APP,surge,2022-12-14,True,2.6966,1.4702,A,B,True
SKU-00294,Dynamic Hoodie - L / Tan,Apparel & Footwear,Athletic & Activewear,412634142115,EA,12,0.93,9.4,12.3,3.0,0.2007,APP,surge,2025-01-25,True,0.954,0.5201,B,C,True
SKU-00295,ProFit Tee - XXL / Tan,Apparel & Footwear,Athletic & Activewear,237368957972,EA,6,0.45,9.3,13.6,1.9,0.1391,APP,surge,2025-01-07,True,2.3426,1.2772,B,B,False
SKU-00296,Core Windbreaker - XXL / Black,Apparel & Footwear,Athletic & Activewear,341955429460,EA,12,0.8,11.5,12.2,3.6,0.2923,APP,surge,2022-10-24,True,3.9716,2.1653,A,B,True
SKU-00297,Performance Windbreaker - L / Slate Blue,Apparel & Footwear,Athletic & Activewear,001620048302,EA,12,0.39,11.1,10.1,1.1,0.0714,APP,surge,2024-10-13,True,1.6008,0.8727,B,B,False
SKU-00298,Flex Windbreaker - XXL / Dusty Rose,Apparel & Footwear,Athletic & Activewear,351667575814,EA,12,0.99,17.5,6.3,3.9,0.2488,APP,surge,2023-09-05,True,1.2247,0.6677,B,B,False
SKU-00299,Flex Hoodie - M / Grey,Apparel & Footwear,Athletic & Activewear,021011860614,EA,6,0.59,9.1,11.0,1.1,0.0637,APP,surge,2025-02-05,True,0.7873,0.4292,B,C,True
SKU-00300,Flex Running Short - M / Tan,Apparel & Footwear,Athletic & Activewear,542409379484,EA,6,0.69,11.5,11.5,2.7,0.2066,APP,surge,2025-04-21,True,1.9951,1.0877,B,B,False
SKU-00301,Dynamic Sports Bra - XL / Tan,Apparel & Footwear,Athletic & Activewear,073090204530,EA,6,1.15,11.2,7.3,4.0,0.1893,APP,surge,2022-05-25,True,1.5995,0.872,B,B,False
SKU-00302,Core Windbreaker - XL / Slate Blue,Apparel & Footwear,Athletic & Activewear,401781007330,EA,48,1.14,13.5,10.5,1.9,0.1559,APP,surge,2023-12-31,True,0.7793,0.4249,B,C,True
SKU-00303,Flex Hoodie - XXL / Tan,Apparel & Footwear,Athletic & Activewear,940885520942,EA,24,0.94,16.0,10.4,3.5,0.337,APP,surge,2025-04-21,True,14.4491,7.8775,A,A,False
SKU-00304,ProFit Sports Bra - L / Navy,Apparel & Footwear,Athletic & Activewear,588295137831,EA,12,0.52,11.7,8.2,2.6,0.1444,APP,surge,2025-01-20,True,1.1176,0.6093,B,C,True
SKU-00305,Swift Jogger - L / Slate Blue,Apparel & Footwear,Athletic & Activewear,873380518003,EA,12,0.75,14.7,12.2,2.8,0.2906,APP,surge,2023-10-20,True,0.8176,0.4458,B,C,True
SKU-00306,Swift Hoodie - M / Slate Blue,Apparel & Footwear,Athletic & Activewear,168313258513,EA,24,0.62,13.6,9.3,3.0,0.2196,APP,surge,2024-04-30,True,0.9286,0.5063,B,C,True
SKU-00307,Dynamic Tank Top - M / Grey,Apparel & Footwear,Athletic & Activewear,085088013574,EA,24,0.92,14.5,6.2,2.3,0.1197,APP,surge,2025-05-10,True,0.9248,0.5042,B,C,True
SKU-00308,Elite Hoodie - XS / White,Apparel & Footwear,Athletic & Activewear,184965525695,EA,48,1.12,12.5,13.6,1.9,0.1869,APP,surge,2022-05-12,True,2.3918,1.304,B,B,False
SKU-00309,Flex Sports Bra - XS / Burgundy,Apparel & Footwear,Athletic & Activewear,296027898071,EA,6,0.7,10.7,6.2,3.1,0.119,APP,surge,2023-03-04,True,2.6218,1.4294,B,B,False
SKU-00310,Active Tee - XL / Tan,Apparel & Footwear,Athletic & Activewear,490888453285,EA,24,0.88,8.7,12.5,2.6,0.1636,APP,surge,2025-01-24,True,0.8843,0.4821,B,C,True
SKU-00311,Dynamic Hoodie - L / Burgundy,Apparel & Footwear,Athletic & Activewear,426246077008,EA,12,0.89,9.3,9.6,1.2,0.062,APP,surge,2022-08-18,True,0.8951,0.488,B,C,True
SKU-00312,Swift Tee - M / Olive,Apparel & Footwear,Athletic & Activewear,356088694875,EA,12,0.61,14.6,8.6,1.5,0.109,APP,surge,2023-08-08,True,0.8799,0.4797,B,C,True
SKU-00313,Dynamic Hoodie - XL / Tan,Apparel & Footwear,Athletic & Activewear,934340553271,EA,6,1.19,10.5,5.7,2.7,0.0935,APP,surge,2025-04-04,True,0.9002,0.4907,B,C,True
SKU-00314,ProFit Running Short - XXL / Dusty Rose,Apparel & Footwear,Athletic & Activewear,672398068560,EA,6,0.63,16.8,8.0,3.0,0.2333,APP,surge,2025-04-10,True,1.3776,0.751,B,B,False
SKU-00315,ProFit Hoodie - M / Tan,Apparel & Footwear,Athletic & Activewear,000724473032,EA,24,1.19,15.8,13.4,3.7,0.4533,APP,surge,2022-12-24,True,11.2569,6.1371,A,A,False
SKU-00316,Dynamic Hoodie - M / Navy,Apparel & Footwear,Athletic & Activewear,798454754435,EA,24,1.01,14.2,7.7,1.9,0.1202,APP,surge,2024-01-02,True,1.0506,0.5728,B,C,True
SKU-00317,Swift Tee - XL / Olive,Apparel & Footwear,Athletic & Activewear,243708955617,EA,12,1.04,17.1,13.4,2.7,0.358,APP,surge,2023-03-22,True,5.797,3.1604,A,A,False
SKU-00318,Performance Running Short - M / Olive,Apparel & Footwear,Athletic & Activewear,909856315827,EA,24,0.97,10.1,9.5,2.8,0.1555,APP,surge,2022-12-16,True,6.2863,3.4272,A,A,False
SKU-00319,Dynamic Jogger - XS / Grey,Apparel & Footwear,Athletic & Activewear,306697057448,EA,24,0.65,16.5,8.7,2.7,0.2243,APP,surge,2023-03-16,True,1.2476,0.6801,B,B,False
SKU-00320,Active Sports Bra - XS / Grey,Apparel & Footwear,Athletic & Activewear,294987968105,EA,24,0.55,17.6,11.4,4.0,0.4644,APP,surge,2022-12-08,True,0.9379,0.5113,B,C,True
SKU-00321,Performance Hoodie - XXL / Tan,Apparel & Footwear,Athletic & Activewear,759461913894,EA,12,0.77,16.7,6.0,2.1,0.1218,APP,surge,2025-03-25,True,1.9488,1.0625,B,B,False
SKU-00322,ProFit Sports Bra - L / Dusty Rose,Apparel & Footwear,Athletic & Activewear,276275812338,EA,24,0.31,12.7,6.5,3.1,0.1481,APP,surge,2023-08-24,True,0.9975,0.5438,B,C,True
SKU-00323,Dynamic Running Short - M / Olive,Apparel & Footwear,Athletic & Activewear,449911284865,EA,12,1.1,10.3,8.0,2.4,0.1144,APP,surge,2024-04-14,True,0.8514,0.4642,B,C,True
SKU-00324,Dynamic Hoodie - XS / Grey,Apparel & Footwear,Athletic & Activewear,595645576509,EA,48,0.77,10.9,12.2,2.5,0.1924,APP,surge,2024-10-18,True,8.8816,4.8421,A,A,False
SKU-00325,Active Tee - XXL / White,Apparel & Footwear,Athletic & Activewear,582317912384,EA,12,1.18,16.1,12.7,2.4,0.284,APP,surge,2024-05-09,True,0.9463,0.5159,B,C,True
SKU-00326,Core Windbreaker - XXL / Slate Blue,Apparel & Footwear,Athletic & Activewear,100767645739,EA,48,0.65,16.2,7.3,3.2,0.219,APP,surge,2022-10-28,True,8.9846,4.8983,A,A,False
SKU-00327,Elite Windbreaker - L / Olive,Apparel & Footwear,Athletic & Activewear,480328402049,EA,24,0.65,12.8,12.0,1.9,0.1689,APP,surge,2022-08-08,True,0.7909,0.4312,B,C,True
SKU-00328,ProFit Hoodie - M / Slate Blue,Apparel & Footwear,Athletic & Activewear,210592497051,EA,12,1.09,17.5,8.9,1.9,0.1713,APP,surge,2024-08-06,True,1.662,0.9061,B,B,False
SKU-00329,Flex Tank Top - XXL / Dusty Rose,Apparel & Footwear,Athletic & Activewear,560896564331,EA,48,0.48,10.3,10.9,2.0,0.1299,APP,surge,2024-05-11,True,1.7467,0.9523,B,B,False
SKU-00330,Core Tee - S / Slate Blue,Apparel & Footwear,Athletic & Activewear,184635782696,EA,6,1.17,14.2,7.5,2.4,0.1479,APP,surge,2024-10-11,True,2.2698,1.2375,B,B,False
SKU-00331,Performance Tee - S / Olive,Apparel & Footwear,Athletic & Activewear,453058022855,EA,24,0.4,17.7,10.4,2.2,0.2344,APP,surge,2024-07-02,True,1.4342,0.7819,B,B,False
SKU-00332,ProFit Running Short - M / Olive,Apparel & Footwear,Athletic & Activewear,672323224872,EA,48,0.33,16.2,6.6,1.2,0.0742,APP,surge,2024-09-18,True,2.3105,1.2596,B,B,False
SKU-00333,Dynamic Hoodie - XS / Dusty Rose,Apparel & Footwear,Athletic & Activewear,518468502299,EA,12,0.58,10.0,7.9,1.2,0.0549,APP,surge,2022-07-15,True,1.0489,0.5718,B,C,True
SKU-00334,Swift Running Short - S / Slate Blue,Apparel & Footwear,Athletic & Activewear,319315838672,EA,6,0.91,10.4,8.8,1.6,0.0847,APP,surge,2024-04-12,True,2.3215,1.2657,B,B,False
SKU-00335,ProFit Jogger - XS / Slate Blue,Apparel & Footwear,Athletic & Activewear,228007019474,EA,6,1.01,16.8,7.9,2.7,0.2074,APP,surge,2024-10-18,True,0.9271,0.5054,B,C,True
SKU-00336,Performance Sports Bra - XS / Dusty Rose,Apparel & Footwear,Athletic & Activewear,336026607527,EA,48,0.39,11.5,13.6,2.8,0.2534,APP,surge,2024-01-12,True,0.8236,0.449,B,C,True
SKU-00337,Flex Jogger - XL / Slate Blue,Apparel & Footwear,Athletic & Activewear,780245965001,EA,24,0.57,8.5,5.2,2.3,0.0588,APP,surge,2024-04-29,True,1.4164,0.7722,B,B,False
SKU-00338,Swift Sports Bra - M / White,Apparel & Footwear,Athletic & Activewear,179957888837,EA,12,0.9,12.4,11.6,3.6,0.2997,APP,surge,2022-10-26,True,2.8411,1.5489,A,B,True
SKU-00339,Swift Tee - M / Grey,Apparel & Footwear,Athletic & Activewear,681478778962,EA,24,1.14,12.8,10.7,2.5,0.1981,APP,surge,2023-02-11,True,1.9284,1.0514,B,B,False
SKU-00340,Elite Jogger - XS / Slate Blue,Apparel & Footwear,Athletic & Activewear,659179224797,EA,24,0.98,17.4,13.2,2.7,0.3589,APP,surge,2023-12-22,True,6.6421,3.6212,A,A,False
SKU-00341,Flex Legging - L / Slate Blue,Apparel & Footwear,Athletic & Activewear,001722887352,EA,48,0.49,9.9,12.7,2.5,0.1819,APP,surge,2025-02-11,True,6.9397,3.7834,A,A,False
SKU-00342,Flex Sports Bra - M / Burgundy,Apparel & Footwear,Athletic & Activewear,334222092119,EA,12,0.76,12.5,11.8,2.4,0.2049,APP,surge,2024-05-04,True,2.0488,1.117,B,B,False
SKU-00343,ProFit Jogger - S / White,Apparel & Footwear,Athletic & Activewear,852326266939,EA,12,0.38,10.5,5.5,3.4,0.1136,APP,surge,2023-03-17,True,0.8966,0.4888,B,C,True
SKU-00344,Flex Legging - M / Burgundy,Apparel & Footwear,Athletic & Activewear,608719604829,EA,12,1.04,15.9,9.4,3.1,0.2681,APP,surge,2024-08-30,True,6.8296,3.7234,A,A,False
SKU-00345,Active Legging - XS / Grey,Apparel & Footwear,Athletic & Activewear,936602630081,EA,6,0.77,17.3,13.6,1.4,0.1906,APP,surge,2023-08-03,True,11.1275,6.0666,A,A,False
SKU-00346,Core Legging - S / Grey,Apparel & Footwear,Athletic & Activewear,021022035120,EA,6,0.89,14.5,12.0,2.2,0.2215,APP,surge,2024-11-18,True,0.8126,0.4431,B,C,True
SKU-00347,Flex Running Short - XXL / Dusty Rose,Apparel & Footwear,Athletic & Activewear,958185207433,EA,48,0.9,14.3,13.4,3.4,0.377,APP,surge,2024-01-07,True,1.9256,1.0498,B,B,False
SKU-00348,Elite Windbreaker - XXL / Burgundy,Apparel & Footwear,Athletic & Activewear,461550573522,EA,6,0.55,14.9,12.6,3.3,0.3585,APP,surge,2024-05-03,True,8.2391,4.4918,A,A,False
SKU-00349,Dynamic Running Short - L / White,Apparel & Footwear,Athletic & Activewear,745422047690,EA,24,1.14,14.2,9.3,2.9,0.2216,APP,surge,2022-11-03,True,0.7828,0.4268,B,C,True
SKU-00350,Elite Windbreaker - XXL / Olive,Apparel & Footwear,Athletic & Activewear,060985376752,EA,6,0.55,14.8,10.8,3.0,0.2775,APP,surge,2024-06-24,True,2.4385,1.3294,B,B,False
SKU-00351,Core Tee - M / Tan,Apparel & Footwear,Athletic & Activewear,462238146740,EA,6,0.68,10.8,8.3,2.2,0.1141,APP,surge,2023-11-19,True,0.9333,0.5088,B,C,True
SKU-00352,Flex Tank Top - L / Dusty Rose,Apparel & Footwear,Athletic & Activewear,532502166413,EA,48,0.33,14.8,8.1,3.8,0.2636,APP,surge,2024-09-25,True,0.8498,0.4633,B,C,True
SKU-00353,Performance Tee - M / Olive,Apparel & Footwear,Athletic & Activewear,201910843759,EA,12,0.4,9.2,14.0,2.2,0.164,APP,surge,2023-02-07,True,13.9294,7.5941,A,A,False
SKU-00354,Flex Hoodie - XL / Tan,Apparel & Footwear,Athletic & Activewear,088942518645,EA,24,0.72,17.7,5.4,4.0,0.2213,APP,surge,2023-09-17,True,16.0015,8.7238,A,A,False
SKU-00355,Swift Windbreaker - XL / Tan,Apparel & Footwear,Athletic & Activewear,815141787725,EA,6,1.13,14.2,7.8,2.2,0.141,APP,surge,2024-03-09,True,0.8724,0.4756,B,C,True
SKU-00356,Performance Windbreaker - XL / Navy,Apparel & Footwear,Athletic & Activewear,681504882353,EA,12,0.9,16.1,12.9,2.6,0.3125,APP,surge,2024-05-30,True,5.0619,2.7597,A,A,False
SKU-00357,Dynamic Windbreaker - XL / Grey,Apparel & Footwear,Athletic & Activewear,428813290235,EA,12,0.77,13.4,10.9,2.3,0.1944,APP,surge,2023-09-02,True,1.3427,0.732,B,B,False
SKU-00358,Performance Windbreaker - XS / Burgundy,Apparel & Footwear,Athletic & Activewear,752570640243,EA,12,1.05,9.4,13.2,2.6,0.1867,APP,surge,2023-04-23,True,6.2558,3.4106,A,A,False
SKU-00359,Flex Running Short - XS / Navy,Apparel & Footwear,Athletic & Activewear,813681283270,EA,48,0.75,8.9,5.7,1.6,0.047,APP,surge,2022-08-01,True,0.9035,0.4926,B,C,True
SKU-00360,Elite Windbreaker - XL / Tan,Apparel & Footwear,Athletic & Activewear,771005291961,EA,6,0.57,12.3,13.6,3.8,0.3679,APP,surge,2024-02-13,True,2.9425,1.6042,A,B,True
SKU-00361,Active Jogger - M / Olive,Apparel & Footwear,Athletic & Activewear,933044611401,EA,24,0.58,9.3,11.3,1.8,0.1095,APP,surge,2022-05-01,True,1.4934,0.8142,B,B,False
SKU-00362,Swift Sports Bra - M / Black,Apparel & Footwear,Athletic & Activewear,629061649630,EA,24,0.43,13.2,6.8,1.2,0.0623,APP,surge,2023-12-23,True,1.1661,0.6357,B,C,True
SKU-00363,Dynamic Hoodie - M / White,Apparel & Footwear,Athletic & Activewear,421409498954,EA,24,0.82,10.3,8.3,1.2,0.0594,APP,surge,2025-02-16,True,0.859,0.4683,B,C,True
SKU-00364,Swift Tank Top - M / Grey,Apparel & Footwear,Athletic & Activewear,847311672398,EA,12,0.59,10.4,5.1,1.3,0.0399,APP,surge,2024-08-13,True,1.4574,0.7946,B,B,False
SKU-00365,Dynamic Hoodie - XL / Grey,Apparel & Footwear,Athletic & Activewear,412622911950,EA,12,0.78,9.8,9.5,1.5,0.0808,APP,surge,2023-07-30,True,1.0393,0.5666,B,C,True
SKU-00366,Dynamic Tank Top - XXL / Slate Blue,Apparel & Footwear,Athletic & Activewear,378291434977,EA,12,0.79,10.5,9.1,1.3,0.0719,APP,surge,2022-05-10,True,3.5364,1.928,A,B,True
SKU-00367,Active Hoodie - M / Tan,Apparel & Footwear,Athletic & Activewear,351376258103,EA,24,0.89,14.6,9.3,3.7,0.2907,APP,surge,2024-05-20,True,6.688,3.6462,A,A,False
SKU-00368,Swift Jogger - S / Tan,Apparel & Footwear,Athletic & Activewear,576169745262,EA,12,1.06,11.8,12.4,2.3,0.1948,APP,surge,2024-07-15,True,2.7098,1.4774,A,B,True
SKU-00369,Flex Sports Bra - XL / Burgundy,Apparel & Footwear,Athletic & Activewear,154468381239,EA,6,0.63,15.2,13.5,3.0,0.3562,APP,surge,2024-02-14,True,0.9707,0.5292,B,C,True
SKU-00370,Performance Jogger - M / Grey,Apparel & Footwear,Athletic & Activewear,452117627689,EA,48,1.02,17.7,11.3,1.5,0.1736,APP,surge,2024-10-22,True,8.3276,4.5401,A,A,False
SKU-00371,ProFit Jogger - L / Navy,Apparel & Footwear,Athletic & Activewear,008446450194,EA,12,0.65,14.5,8.8,1.5,0.1108,APP,surge,2024-03-15,True,1.0172,0.5545,B,C,True
SKU-00372,ProFit Running Short - S / White,Apparel & Footwear,Athletic & Activewear,892506106141,EA,24,0.55,15.3,7.8,2.6,0.1796,APP,surge,2022-12-09,True,0.892,0.4863,B,C,True
SKU-00373,Core Hoodie - XL / Tan,Apparel & Footwear,Athletic & Activewear,251636594256,EA,12,1.05,9.9,7.0,2.0,0.0802,APP,surge,2023-08-06,True,4.4256,2.4128,A,B,True
SKU-00374,Performance Jogger - XL / Grey,Apparel & Footwear,Athletic & Activewear,075945336887,EA,24,0.58,17.1,5.9,3.1,0.181,APP,surge,2023-10-14,True,2.4037,1.3105,B,B,False
SKU-00375,Swift Running Short - S / Grey,Apparel & Footwear,Athletic & Activewear,935479575843,EA,12,0.99,10.7,10.3,3.6,0.2296,APP,surge,2022-03-13,True,2.678,1.46,A,B,True
SKU-00376,Active Windbreaker - XS / Slate Blue,Apparel & Footwear,Athletic & Activewear,596776041515,EA,12,0.44,13.2,9.3,3.4,0.2415,APP,surge,2025-04-28,True,34.5747,18.8497,A,A,False
SKU-00377,Dynamic Legging - L / Olive,Apparel & Footwear,Athletic & Activewear,630570035442,EA,6,0.75,16.6,11.4,3.4,0.3723,APP,surge,2025-04-15,True,0.8559,0.4667,B,C,True
SKU-00378,Elite Legging - XL / Navy,Apparel & Footwear,Athletic & Activewear,453444750049,EA,6,0.92,12.4,8.7,1.7,0.1061,APP,surge,2025-02-27,True,1.1179,0.6095,B,C,True
SKU-00379,Core Windbreaker - S / Burgundy,Apparel & Footwear,Athletic & Activewear,583316027094,EA,12,0.71,10.1,9.7,1.8,0.1021,APP,surge,2023-09-02,True,10.7566,5.8643,A,A,False
SKU-00380,Elite Windbreaker - M / Slate Blue,Apparel & Footwear,Athletic & Activewear,227715365996,EA,24,0.71,17.6,11.4,4.0,0.4644,APP,surge,2022-07-05,True,0.9791,0.5338,B,C,True
SKU-00381,Swift Running Short - S / Grey,Apparel & Footwear,Athletic & Activewear,499861911094,EA,12,0.95,9.3,11.3,2.5,0.152,APP,surge,2025-02-16,True,3.7342,2.0358,A,B,True
SKU-00382,Core Tee - XXL / Dusty Rose,Apparel & Footwear,Athletic & Activewear,959108618162,EA,6,0.95,13.5,12.5,1.8,0.1758,APP,surge,2022-10-21,True,1.3162,0.7176,B,B,False
SKU-00383,Dynamic Hoodie - XXL / Tan,Apparel & Footwear,Athletic & Activewear,216054727623,EA,6,0.4,14.1,11.7,3.3,0.315,APP,surge,2023-12-13,True,1.5091,0.8227,B,B,False
SKU-00384,Flex Tank Top - XS / Grey,Apparel & Footwear,Athletic & Activewear,301926413073,EA,12,0.4,13.7,6.7,3.0,0.1594,APP,surge,2024-11-24,True,4.2741,2.3302,A,B,True
SKU-00385,Core Windbreaker - XL / Grey,Apparel & Footwear,Athletic & Activewear,954279604737,EA,24,0.5,16.7,10.4,1.5,0.1508,APP,surge,2025-03-04,True,1.478,0.8058,B,B,False
SKU-00386,Swift Hoodie - S / Dusty Rose,Apparel & Footwear,Athletic & Activewear,666798144557,EA,12,0.45,11.8,12.8,2.6,0.2273,APP,surge,2024-07-17,True,1.0748,0.5859,B,C,True
SKU-00387,Dynamic Tee - L / Black,Apparel & Footwear,Athletic & Activewear,232111450860,EA,48,1.07,8.2,6.8,3.4,0.1097,APP,surge,2025-04-16,True,1.7804,0.9707,B,B,False
SKU-00388,Swift Jogger - S / Slate Blue,Apparel & Footwear,Athletic & Activewear,784258967534,EA,12,0.72,17.6,7.5,3.9,0.2979,APP,surge,2022-10-10,True,4.877,2.6589,A,A,False
SKU-00389,Flex Jogger - S / Black,Apparel & Footwear,Athletic & Activewear,187802805498,EA,48,1.01,15.6,14.0,2.4,0.3033,APP,surge,2024-06-17,True,0.8108,0.442,B,C,True
SKU-00390,Dynamic Hoodie - XXL / Burgundy,Apparel & Footwear,Athletic & Activewear,710891999259,EA,48,0.93,8.1,8.2,2.8,0.1076,APP,surge,2023-06-14,True,3.8002,2.0718,A,B,True
SKU-00391,Active Running Short - XS / Olive,Apparel & Footwear,Athletic & Activewear,584424159526,EA,24,0.38,8.7,5.7,2.8,0.0804,APP,surge,2023-11-17,True,2.4477,1.3345,B,B,False
SKU-00392,Elite Running Short - XXL / Dusty Rose,Apparel & Footwear,Athletic & Activewear,213513790605,EA,48,0.94,18.0,8.2,1.0,0.0854,APP,surge,2022-10-31,True,42.0909,22.9474,A,A,False
SKU-00393,Elite Tee - XS / Black,Apparel & Footwear,Athletic & Activewear,498708735895,EA,6,0.53,16.2,5.0,2.9,0.1359,APP,surge,2023-05-29,True,0.8713,0.4751,B,C,True
SKU-00394,Core Legging - S / Tan,Apparel & Footwear,Athletic & Activewear,073829916930,EA,48,0.35,10.0,10.0,1.2,0.0694,APP,surge,2023-11-14,True,3.1767,1.7319,A,B,True
SKU-00395,Swift Hoodie - M / Navy,Apparel & Footwear,Athletic & Activewear,755881016502,EA,24,1.06,8.7,5.2,1.1,0.0288,APP,surge,2023-01-18,True,1.0321,0.5627,B,C,True
SKU-00396,Core Hoodie - XS / Navy,Apparel & Footwear,Athletic & Activewear,485190665048,EA,12,1.15,15.7,12.9,2.6,0.3047,APP,surge,2023-03-04,True,0.86,0.4688,B,C,True
SKU-00397,Swift Windbreaker - XS / White,Apparel & Footwear,Athletic & Activewear,727596899751,EA,12,1.16,11.1,9.4,3.2,0.1932,APP,surge,2023-11-12,True,4.7339,2.5809,A,B,True
SKU-00398,Elite Tee - XXL / Tan,Apparel & Footwear,Athletic & Activewear,814501952147,EA,24,0.83,9.5,8.9,1.9,0.093,APP,surge,2024-10-05,True,2.3271,1.2687,B,B,False
SKU-00399,ProFit Running Short - M / Slate Blue,Apparel & Footwear,Athletic & Activewear,222418595351,EA,24,1.11,8.3,9.7,2.0,0.0932,APP,surge,2023-01-30,True,1.6829,0.9175,B,B,False
SKU-00400,Performance Jogger - S / Slate Blue,Apparel & Footwear,Athletic & Activewear,260354614731,EA,48,0.82,10.0,11.8,2.6,0.1775,APP,surge,2022-11-23,True,0.8057,0.4393,B,C,True
SKU-00401,Active Hoodie - XL / Burgundy,Apparel & Footwear,Athletic & Activewear,749559433871,EA,12,1.02,15.5,5.2,1.8,0.084,APP,surge,2024-03-13,True,1.4911,0.8129,B,B,False
SKU-00402,Flex Tee - L / Dusty Rose,Apparel & Footwear,Athletic & Activewear,979590206523,EA,24,0.35,15.4,6.4,1.8,0.1027,APP,surge,2024-10-23,True,2.4127,1.3154,B,B,False
SKU-00403,Performance Sports Bra - M / Olive,Apparel & Footwear,Athletic & Activewear,515112209389,EA,24,0.85,10.3,10.3,2.1,0.1289,APP,surge,2022-09-22,True,5.8406,3.1843,A,A,False
SKU-00404,Performance Jogger - XS / Burgundy,Apparel & Footwear,Athletic & Activewear,323233402318,EA,24,0.63,13.8,10.1,3.5,0.2823,APP,surge,2022-06-19,True,2.4759,1.3498,B,B,False
SKU-00405,ProFit Hoodie - XL / Burgundy,Apparel & Footwear,Athletic & Activewear,257018596686,EA,12,0.4,12.6,8.4,2.5,0.1531,APP,surge,2023-09-12,True,3.5139,1.9158,A,B,True
SKU-00406,Active Tee - M / Tan,Apparel & Footwear,Athletic & Activewear,787464332961,EA,48,0.6,9.5,10.3,1.1,0.0623,APP,surge,2024-11-25,True,1.7829,0.972,B,B,False
SKU-00407,Dynamic Running Short - XXL / Dusty Rose,Apparel & Footwear,Athletic & Activewear,099206009416,EA,12,0.45,14.6,13.9,1.7,0.1997,APP,surge,2023-09-02,True,1.2132,0.6614,B,C,True
SKU-00408,Elite Running Short - S / White,Apparel & Footwear,Athletic & Activewear,868772386237,EA,12,0.51,16.3,13.7,2.4,0.3102,APP,surge,2025-01-10,True,19.6566,10.7166,A,A,False
SKU-00409,Elite Tee - M / Navy,Apparel & Footwear,Athletic & Activewear,297102039404,EA,12,0.56,13.3,9.7,3.6,0.2688,APP,surge,2022-08-24,True,2.7386,1.493,A,B,True
SKU-00410,Performance Legging - XS / Burgundy,Apparel & Footwear,Athletic & Activewear,740143748137,EA,6,0.99,8.2,9.1,2.9,0.1252,APP,surge,2024-05-10,True,0.9487,0.5172,B,C,True
SKU-00411,Core Sports Bra - XL / Dusty Rose,Apparel & Footwear,Athletic & Activewear,512364826792,EA,24,0.83,13.2,12.9,1.4,0.138,APP,surge,2025-02-11,True,5.6613,3.0865,A,A,False
SKU-00412,Core Tee - XXL / Navy,Apparel & Footwear,Athletic & Activewear,050796829567,EA,24,0.67,15.7,12.7,3.2,0.3692,APP,surge,2024-05-15,True,2.4309,1.3253,B,B,False
SKU-00413,Core Jogger - XS / Burgundy,Apparel & Footwear,Athletic & Activewear,064871139010,EA,12,0.89,12.8,9.5,1.3,0.0915,APP,surge,2022-03-21,True,3.695,2.0145,A,B,True
SKU-00414,Core Hoodie - M / Slate Blue,Apparel & Footwear,Athletic & Activewear,221742204620,EA,12,0.74,11.6,7.5,3.9,0.1964,APP,surge,2023-03-23,True,5.6448,3.0775,A,A,False
SKU-00415,Swift Windbreaker - L / Burgundy,Apparel & Footwear,Athletic & Activewear,303769920288,EA,6,0.53,15.5,11.9,3.2,0.3416,APP,surge,2024-11-15,True,1.5551,0.8479,B,B,False
SKU-00416,Active Windbreaker - XXL / Dusty Rose,Apparel & Footwear,Athletic & Activewear,955308817348,EA,48,0.89,15.6,5.3,2.7,0.1292,APP,surge,2024-10-10,True,1.3469,0.7343,B,B,False
SKU-00417,Dynamic Tank Top - XS / Slate Blue,Apparel & Footwear,Athletic & Activewear,666798796657,EA,6,1.04,8.8,9.4,1.2,0.0574,APP,surge,2023-10-08,True,0.8857,0.4829,B,C,True
SKU-00418,Flex Sports Bra - XL / Grey,Apparel & Footwear,Athletic & Activewear,849702421984,EA,12,1.12,14.4,13.0,1.7,0.1842,APP,surge,2024-10-21,True,1.6196,0.883,B,B,False
SKU-00419,Core Jogger - XS / White,Apparel & Footwear,Athletic & Activewear,693636739882,EA,24,0.6,12.0,10.6,3.8,0.2797,APP,surge,2025-01-17,True,1.1208,0.611,B,C,True
SKU-00420,Dynamic Tank Top - M / Dusty Rose,Apparel & Footwear,Athletic & Activewear,748352514554,EA,24,1.18,16.6,7.7,3.0,0.2219,APP,surge,2023-09-30,True,7.334,3.9984,A,A,False
SKU-00421,Swift Running Short - XXL / Dusty Rose,Apparel & Footwear,Athletic & Activewear,516628834112,EA,12,0.49,17.4,10.7,3.7,0.3986,APP,surge,2024-07-06,True,1.627,0.887,B,B,False
SKU-00422,Dynamic Windbreaker - XS / Burgundy,Apparel & Footwear,Athletic & Activewear,908306119252,EA,6,0.7,11.3,7.4,2.9,0.1403,APP,surge,2025-05-20,True,12.1012,6.5974,A,A,False
SKU-00423,Swift Tank Top - XXL / Black,Apparel & Footwear,Athletic & Activewear,691273842858,EA,12,0.73,8.4,7.5,4.0,0.1458,APP,surge,2024-12-25,True,7.1314,3.888,A,A,False
SKU-00424,Flex Sports Bra - M / Tan,Apparel & Footwear,Athletic & Activewear,119541268944,EA,6,0.41,12.2,12.8,3.6,0.3253,APP,surge,2025-02-13,True,6.39,3.4838,A,A,False
SKU-00425,Active Tee - S / Dusty Rose,Apparel & Footwear,Athletic & Activewear,386261439082,EA,6,0.82,12.1,12.3,2.0,0.1723,APP,surge,2023-04-10,True,0.8217,0.4479,B,C,True
SKU-00426,Performance Running Short - XS / Navy,Apparel & Footwear,Athletic & Activewear,787990373779,EA,12,0.43,9.1,6.2,1.2,0.0392,APP,surge,2024-04-09,True,1.5956,0.8699,B,B,False
SKU-00427,Dynamic Jogger - L / Black,Apparel & Footwear,Athletic & Activewear,047247784336,EA,12,0.56,12.5,12.7,3.2,0.294,APP,surge,2024-02-08,True,1.4585,0.7952,B,B,False
SKU-00428,Active Windbreaker - M / Burgundy,Apparel & Footwear,Athletic & Activewear,947383218280,EA,24,0.73,13.2,12.0,3.9,0.3575,APP,surge,2024-01-07,True,1.6954,0.9243,B,B,False
SKU-00429,Elite Hoodie - XL / Grey,Apparel & Footwear,Athletic & Activewear,264945018345,EA,6,0.45,11.5,12.1,1.7,0.1369,APP,surge,2023-10-07,True,0.7825,0.4266,B,C,True
SKU-00430,Dynamic Sports Bra - M / Olive,Apparel & Footwear,Athletic & Activewear,967073782206,EA,24,0.43,12.5,9.9,1.8,0.1289,APP,surge,2024-01-28,True,3.0757,1.6769,A,B,True
SKU-00431,ProFit Hoodie - XS / Grey,Apparel & Footwear,Athletic & Activewear,893776103126,EA,24,0.58,17.2,8.1,1.7,0.1371,APP,surge,2024-09-18,True,1.4159,0.7719,B,B,False
SKU-00432,Elite Sports Bra - XL / White,Apparel & Footwear,Athletic & Activewear,205456389191,EA,12,0.5,15.8,7.6,1.2,0.0834,APP,surge,2023-09-10,True,1.0225,0.5575,B,C,True
SKU-00433,Core Tank Top - XXL / Dusty Rose,Apparel & Footwear,Athletic & Activewear,446940993585,EA,12,0.63,12.8,13.3,2.6,0.2561,APP,surge,2022-06-08,True,1.0429,0.5686,B,C,True
SKU-00434,ProFit Tank Top - XXL / Dusty Rose,Apparel & Footwear,Athletic & Activewear,057257062360,EA,6,0.76,12.4,7.5,3.0,0.1615,APP,surge,2023-12-16,True,0.8231,0.4487,B,C,True
SKU-00435,ProFit Hoodie - S / White,Apparel & Footwear,Athletic & Activewear,727653699925,EA,12,0.31,8.7,8.9,1.2,0.0538,APP,surge,2022-04-16,True,1.3994,0.763,B,B,False
SKU-00436,Elite Running Short - XXL / Dusty Rose,Apparel & Footwear,Athletic & Activewear,164480729953,EA,12,1.08,11.2,11.7,1.4,0.1062,APP,surge,2024-10-21,True,2.2065,1.2029,B,B,False
SKU-00437,Flex Jogger - XXL / Burgundy,Apparel & Footwear,Athletic & Activewear,541240344897,EA,6,0.47,12.8,12.6,3.3,0.308,APP,surge,2024-01-29,True,0.8621,0.47,B,C,True
SKU-00438,Flex Tank Top - M / Grey,Apparel & Footwear,Athletic & Activewear,268539640022,EA,24,0.84,12.4,10.2,2.6,0.1903,APP,surge,2023-10-14,True,1.0784,0.5879,B,C,True
SKU-00439,Active Jogger - XL / Navy,Apparel & Footwear,Athletic & Activewear,463794248194,EA,48,0.79,13.5,11.4,1.8,0.1603,APP,surge,2022-11-13,True,1.222,0.6662,B,B,False
SKU-00440,Flex Legging - S / Navy,Apparel & Footwear,Athletic & Activewear,671368804081,EA,24,1.12,13.9,7.7,3.0,0.1858,APP,surge,2024-11-20,True,2.6761,1.459,A,B,True
SKU-00441,Elite Tee - M / Tan,Apparel & Footwear,Athletic & Activewear,230351164177,EA,6,1.09,12.2,7.5,2.3,0.1218,APP,surge,2024-09-28,True,1.2321,0.6717,B,B,False
SKU-00442,Dynamic Windbreaker - XL / Grey,Apparel & Footwear,Athletic & Activewear,195466605285,EA,6,0.96,16.1,6.1,1.3,0.0739,APP,surge,2022-07-20,True,5.9851,3.263,A,A,False
SKU-00443,Flex Hoodie - M / Slate Blue,Apparel & Footwear,Athletic & Activewear,523224963452,EA,24,0.54,15.8,11.0,1.3,0.1308,APP,surge,2023-02-27,True,0.9876,0.5384,B,C,True
SKU-00444,Elite Sports Bra - L / White,Apparel & Footwear,Athletic & Activewear,563383519576,EA,12,0.83,13.2,10.0,1.7,0.1299,APP,surge,2024-04-18,True,0.9237,0.5036,B,C,True
SKU-00445,Active Jogger - XXL / White,Apparel & Footwear,Athletic & Activewear,836932924452,EA,24,1.07,16.5,6.0,3.1,0.1776,APP,surge,2023-03-04,True,1.8788,1.0243,B,B,False
SKU-00446,Elite Windbreaker - XXL / Tan,Apparel & Footwear,Athletic & Activewear,777462818817,EA,48,0.73,10.2,9.6,3.7,0.2097,APP,surge,2023-07-22,True,30.0183,16.3656,A,A,False
SKU-00447,Dynamic Running Short - XL / Grey,Apparel & Footwear,Athletic & Activewear,712403998308,EA,12,1.09,9.2,11.1,1.7,0.1005,APP,surge,2022-12-27,True,26.523,14.46,A,A,False
SKU-00448,Active Sports Bra - XL / Black,Apparel & Footwear,Athletic & Activewear,617258641382,EA,24,0.9,17.2,8.7,2.2,0.1905,APP,surge,2023-11-01,True,2.9358,1.6006,A,B,True
SKU-00449,Flex Running Short - M / Grey,Apparel & Footwear,Athletic & Activewear,672246617387,EA,48,0.94,10.9,11.8,2.9,0.2159,APP,surge,2023-05-13,True,5.0952,2.7778,A,A,False
SKU-00450,Active Jogger - XXL / Navy,Apparel & Footwear,Athletic & Activewear,699558054786,EA,24,0.47,16.6,5.5,2.8,0.1479,APP,surge,2023-03-05,True,1.4741,0.8036,B,B,False
SKU-00451,Dynamic Tank Top - XS / Olive,Apparel & Footwear,Athletic & Activewear,629248520367,EA,12,0.51,15.4,7.1,3.9,0.2468,APP,surge,2024-11-17,True,1.6305,0.8889,B,B,False
SKU-00452,ProFit Tank Top - S / Olive,Apparel & Footwear,Athletic & Activewear,300303506656,EA,24,0.44,12.9,7.2,1.7,0.0914,APP,surge,2025-02-28,True,0.9198,0.5015,B,C,True
SKU-00453,Flex Running Short - XL / Grey,Apparel & Footwear,Athletic & Activewear,045278391972,EA,24,0.59,16.7,10.2,2.2,0.2169,APP,surge,2024-05-23,True,1.6135,0.8797,B,B,False
SKU-00454,Active Jogger - XL / Black,Apparel & Footwear,Athletic & Activewear,512921403827,EA,12,0.44,11.1,8.0,2.9,0.149,APP,surge,2024-04-01,True,0.8567,0.4671,B,C,True
SKU-00455,Performance Hoodie - XS / Olive,Apparel & Footwear,Athletic & Activewear,935632562761,EA,48,0.84,10.2,6.5,2.4,0.0921,APP,surge,2025-03-31,True,2.0243,1.1036,B,B,False
SKU-00456,ProFit Sports Bra - XL / Black,Apparel & Footwear,Athletic & Activewear,842265029771,EA,6,0.7,15.7,10.9,3.1,0.307,APP,surge,2024-06-15,True,1.2925,0.7047,B,B,False
SKU-00457,Elite Tank Top - XXL / Olive,Apparel & Footwear,Athletic & Activewear,593858463636,EA,24,0.76,12.9,10.4,2.3,0.1786,APP,surge,2023-12-30,True,2.0819,1.135,B,B,False
SKU-00458,Elite Legging - XXL / Slate Blue,Apparel & Footwear,Athletic & Activewear,880075362138,EA,24,0.59,13.9,5.2,1.0,0.0418,APP,surge,2024-10-11,True,0.813,0.4432,B,C,True
SKU-00459,Core Windbreaker - XS / Black,Apparel & Footwear,Athletic & Activewear,135342195288,EA,48,1.1,15.6,7.2,1.5,0.0975,APP,surge,2024-11-16,True,5.8056,3.1652,A,A,False
SKU-00460,Active Windbreaker - L / Dusty Rose,Apparel & Footwear,Athletic & Activewear,715852057596,EA,24,1.18,10.3,8.8,2.7,0.1416,APP,surge,2025-03-18,True,1.0942,0.5965,B,C,True
SKU-00461,Elite Legging - M / Grey,Apparel & Footwear,Athletic & Activewear,292596033225,EA,12,0.45,9.6,7.7,1.4,0.0599,APP,surge,2024-06-11,True,0.9873,0.5383,B,C,True
SKU-00462,Dynamic Jogger - XXL / Burgundy,Apparel & Footwear,Athletic & Activewear,623441139781,EA,12,0.61,12.5,9.6,4.0,0.2778,APP,surge,2023-07-11,True,0.8225,0.4484,B,C,True
SKU-00463,Swift Running Short - M / Tan,Apparel & Footwear,Athletic & Activewear,579479828407,EA,48,0.68,8.5,13.4,2.2,0.145,APP,surge,2024-04-14,True,1.1948,0.6514,B,C,True
SKU-00464,Flex Jogger - S / Dusty Rose,Apparel & Footwear,Athletic & Activewear,966898258260,EA,48,0.63,17.9,10.0,3.1,0.3211,APP,surge,2023-06-03,True,15.4277,8.411,A,A,False
SKU-00465,Flex Tank Top - L / Navy,Apparel & Footwear,Athletic & Activewear,556831467739,EA,6,1.04,12.5,6.5,1.9,0.0893,APP,surge,2025-01-05,True,1.2254,0.6681,B,B,False
SKU-00466,Active Hoodie - XS / Olive,Apparel & Footwear,Athletic & Activewear,456653142575,EA,24,1.13,14.0,11.9,1.2,0.1157,APP,surge,2025-04-03,True,18.0951,9.8653,A,A,False
SKU-00467,Swift Sports Bra - S / Grey,Apparel & Footwear,Athletic & Activewear,129162343895,EA,24,0.7,10.1,13.3,3.9,0.3032,APP,surge,2025-03-18,True,1.1604,0.6327,B,C,True
SKU-00468,Dynamic Jogger - S / Grey,Apparel & Footwear,Athletic & Activewear,055379233808,EA,24,0.34,10.3,12.6,2.9,0.2178,APP,surge,2023-11-03,True,0.9749,0.5315,B,C,True
SKU-00469,Elite Windbreaker - L / Olive,Apparel & Footwear,Athletic & Activewear,946210304355,EA,12,1.1,10.8,10.9,1.3,0.0886,APP,surge,2023-12-06,True,0.8619,0.4699,B,C,True
SKU-00470,Elite Tee - XS / Slate Blue,Apparel & Footwear,Athletic & Activewear,846637532721,EA,48,0.57,17.9,13.5,1.4,0.1958,APP,surge,2024-04-28,True,1.4992,0.8173,B,B,False
SKU-00471,Elite Legging - S / Burgundy,Apparel & Footwear,Athletic & Activewear,718021600595,EA,12,0.94,14.3,12.5,1.1,0.1138,APP,surge,2023-04-13,True,1.0542,0.5748,B,C,True
SKU-00472,Performance Tee - M / Dusty Rose,Apparel & Footwear,Athletic & Activewear,183075483576,EA,12,0.65,8.0,11.1,1.2,0.0617,APP,surge,2023-03-16,True,1.9557,1.0662,B,B,False
SKU-00473,Elite Tank Top - XL / Black,Apparel & Footwear,Athletic & Activewear,642377259261,EA,48,0.41,14.7,12.9,3.9,0.428,APP,surge,2024-11-03,True,8.2041,4.4728,A,A,False
SKU-00474,Flex Sports Bra - S / Olive,Apparel & Footwear,Athletic & Activewear,391070848219,EA,24,0.71,9.7,5.2,1.2,0.035,APP,surge,2022-06-21,True,3.0855,1.6822,A,B,True
SKU-00475,Dynamic Sports Bra - M / Black,Apparel & Footwear,Athletic & Activewear,320141358041,EA,12,0.66,12.5,8.4,1.1,0.0668,APP,surge,2023-11-06,True,0.9165,0.4997,B,C,True
SKU-00476,Swift Tee - XL / Tan,Apparel & Footwear,Athletic & Activewear,029809243477,EA,24,0.7,9.4,5.0,1.6,0.0435,APP,surge,2023-05-19,True,1.5949,0.8695,B,B,False
SKU-00477,ProFit Jogger - XL / Olive,Apparel & Footwear,Athletic & Activewear,219213929486,EA,6,0.47,9.1,8.9,2.7,0.1265,APP,surge,2023-10-04,True,3.8378,2.0923,A,B,True
SKU-00478,Flex Sports Bra - XL / Dusty Rose,Apparel & Footwear,Athletic & Activewear,603208475896,EA,12,0.48,9.0,12.4,2.4,0.155,APP,surge,2024-01-13,True,1.1745,0.6403,B,C,True
SKU-00479,Core Hoodie - S / White,Apparel & Footwear,Athletic & Activewear,418883207388,EA,6,0.68,9.9,10.9,2.8,0.1749,APP,surge,2022-06-14,True,2.5799,1.4065,B,B,False
SKU-00480,Swift Jogger - M / Tan,Apparel & Footwear,Athletic & Activewear,884397959771,EA,24,0.74,17.6,12.9,3.5,0.4599,APP,surge,2023-01-17,True,1.8257,0.9954,B,B,False
SKU-00481,Dynamic Running Short - S / Tan,Apparel & Footwear,Athletic & Activewear,917117658356,EA,24,1.16,11.0,13.9,2.1,0.1858,APP,surge,2024-04-28,True,1.1611,0.633,B,C,True
SKU-00482,Swift Tee - XS / Black,Apparel & Footwear,Athletic & Activewear,952962328075,EA,6,0.7,16.6,11.0,3.3,0.3487,APP,surge,2023-06-04,True,0.8556,0.4665,B,C,True
SKU-00483,Active Jogger - L / Tan,Apparel & Footwear,Athletic & Activewear,095291923492,EA,48,0.95,11.4,5.1,2.9,0.0976,APP,surge,2024-04-11,True,18.8896,10.2984,A,A,False
SKU-00484,Elite Running Short - XL / Tan,Apparel & Footwear,Athletic & Activewear,090473407688,EA,12,0.87,11.5,8.6,1.1,0.063,APP,surge,2025-04-03,True,0.7906,0.431,B,C,True
SKU-00485,Active Jogger - XL / Burgundy,Apparel & Footwear,Athletic & Activewear,741357272241,EA,12,0.43,9.5,10.4,3.8,0.2173,APP,surge,2024-03-29,True,1.1244,0.613,B,C,True
SKU-00486,Active Sports Bra - XL / Olive,Apparel & Footwear,Athletic & Activewear,228360687582,EA,12,1.0,15.0,11.0,3.5,0.3342,APP,surge,2025-03-01,True,1.7006,0.9272,B,B,False
SKU-00487,Dynamic Windbreaker - XXL / Olive,Apparel & Footwear,Athletic & Activewear,494756667929,EA,24,0.95,15.5,11.0,1.6,0.1579,APP,surge,2023-06-25,True,2.9719,1.6202,A,B,True
SKU-00488,Elite Tee - M / Burgundy,Apparel & Footwear,Athletic & Activewear,008179484924,EA,12,0.68,11.6,12.4,2.9,0.2414,APP,surge,2022-11-16,True,0.776,0.4231,B,C,True
SKU-00489,Flex Sports Bra - XL / Olive,Apparel & Footwear,Athletic & Activewear,805506562277,EA,6,1.05,11.2,6.3,4.0,0.1633,APP,surge,2024-09-10,True,3.8076,2.0759,A,B,True
SKU-00490,Performance Windbreaker - M / Navy,Apparel & Footwear,Athletic & Activewear,912207601144,EA,12,1.05,10.2,11.3,3.4,0.2268,APP,surge,2022-05-29,True,1.8945,1.0329,B,B,False
SKU-00491,Performance Windbreaker - S / Tan,Apparel & Footwear,Athletic & Activewear,146433233600,EA,24,0.81,11.9,13.8,2.4,0.2281,APP,surge,2023-03-16,True,1.4066,0.7669,B,B,False
SKU-00492,Swift Running Short - XXL / Navy,Apparel & Footwear,Athletic & Activewear,375311725882,EA,6,0.48,11.8,6.3,2.7,0.1162,APP,surge,2022-11-27,True,0.8769,0.4781,B,C,True
SKU-00493,Performance Hoodie - S / Black,Apparel & Footwear,Athletic & Activewear,301941039394,EA,24,0.6,9.9,11.5,2.4,0.1581,APP,surge,2022-11-15,True,0.8968,0.4889,B,C,True
SKU-00494,Elite Jogger - L / Grey,Apparel & Footwear,Athletic & Activewear,286916030486,EA,12,0.31,17.3,10.8,3.9,0.4217,APP,surge,2024-01-08,True,0.8137,0.4436,B,C,True
SKU-00495,Swift Legging - L / Tan,Apparel & Footwear,Athletic & Activewear,097101381807,EA,12,0.96,8.9,12.5,1.6,0.103,APP,surge,2022-04-24,True,4.632,2.5253,A,B,True
SKU-00496,Elite Tee - XXL / Grey,Apparel & Footwear,Athletic & Activewear,640005578199,EA,24,0.54,16.3,8.2,2.6,0.2011,APP,surge,2023-09-09,True,0.9315,0.5079,B,C,True
SKU-00497,ProFit Jogger - XXL / Dusty Rose,Apparel & Footwear,Athletic & Activewear,666101772038,EA,6,0.46,14.5,6.7,1.2,0.0675,APP,surge,2022-11-02,True,1.0095,0.5504,B,C,True
SKU-00498,Swift Jogger - S / Dusty Rose,Apparel & Footwear,Athletic & Activewear,606972960192,EA,6,0.43,13.2,5.9,2.9,0.1307,APP,surge,2023-12-11,True,1.8112,0.9874,B,B,False
SKU-00499,Dynamic Jogger - XXL / Olive,Apparel & Footwear,Athletic & Activewear,339308297881,EA,24,0.82,18.0,5.2,1.0,0.0542,APP,surge,2024-01-25,True,0.9385,0.5117,B,C,True
SKU-00500,Elite Legging - S / Olive,Apparel & Footwear,Athletic & Activewear,834832993320,EA,24,0.97,11.1,11.0,1.7,0.1201,APP,surge,2024-07-27,True,1.319,0.7191,B,B,False
SKU-00501,Premium V-Neck Tee - S / Olive,Apparel & Footwear,Basic Apparel,385301448715,EA,12,0.42,14.1,6.2,2.9,0.1467,APP,stable,2025-01-23,True,0.5628,0.7671,C,B,True
SKU-00502,Modern V-Neck Tee - XXL / Navy,Apparel & Footwear,Basic Apparel,296141416564,EA,12,0.9,13.6,8.6,1.3,0.088,APP,stable,2024-08-03,True,1.3768,1.8766,B,B,False
SKU-00503,Soft Polo - L / Burgundy,Apparel & Footwear,Basic Apparel,931119887348,EA,24,0.76,16.1,8.1,3.7,0.2792,APP,stable,2023-09-22,True,0.3391,0.4622,C,C,False
SKU-00504,Relaxed V-Neck Tee - XL / Olive,Apparel & Footwear,Basic Apparel,264370096505,EA,12,0.65,18.1,13.3,1.9,0.2647,APP,stable,2023-06-20,True,0.6353,0.8659,C,B,True
SKU-00505,Everyday T-Shirt - XL / Tan,Apparel & Footwear,Basic Apparel,761482903361,EA,12,0.92,11.5,15.7,2.9,0.303,APP,stable,2023-04-08,True,0.3363,0.4584,C,C,False
SKU-00506,Relaxed Long Sleeve Tee - M / Grey,Apparel & Footwear,Basic Apparel,212923612199,EA,24,1.34,11.6,8.7,3.0,0.1752,APP,stable,2024-08-05,True,16.6553,22.7007,A,A,False
SKU-00507,Everyday T-Shirt - M / White,Apparel & Footwear,Basic Apparel,018065388301,EA,6,1.06,9.9,7.1,3.6,0.1464,APP,stable,2022-03-29,True,0.4334,0.5907,C,C,False
SKU-00508,Everyday Long Sleeve Tee - XXL / Olive,Apparel & Footwear,Basic Apparel,535397774925,EA,6,1.08,18.2,13.3,3.1,0.4343,APP,stable,2024-06-11,True,0.8591,1.1709,B,B,False
SKU-00509,Soft Long Sleeve Tee - S / Navy,Apparel & Footwear,Basic Apparel,255095266904,EA,12,0.84,15.4,9.7,3.4,0.2939,APP,stable,2023-07-19,True,0.4743,0.6464,C,C,False
SKU-00510,Modern Henley - M / Tan,Apparel & Footwear,Basic Apparel,495545004554,EA,12,0.82,14.4,5.7,3.7,0.1758,APP,stable,2023-02-12,True,0.4401,0.5999,C,C,False
SKU-00511,Soft V-Neck Tee - S / White,Apparel & Footwear,Basic Apparel,468214089690,EA,24,0.26,16.5,8.2,3.0,0.2349,APP,stable,2023-12-20,True,0.3952,0.5386,C,C,False
SKU-00512,Premium Polo - XL / Navy,Apparel & Footwear,Basic Apparel,863767006324,EA,24,0.61,15.7,11.8,1.0,0.1072,APP,stable,2024-10-23,True,2.7415,3.7366,A,A,False
SKU-00513,Essential T-Shirt - XXL / Tan,Apparel & Footwear,Basic Apparel,521740151317,EA,24,0.75,8.9,6.2,3.0,0.0958,APP,stable,2022-11-16,True,4.1863,5.7058,A,A,False
SKU-00514,Essential Polo - S / Black,Apparel & Footwear,Basic Apparel,809421981475,EA,12,0.69,15.5,7.5,2.7,0.1816,APP,stable,2024-03-26,True,2.7032,3.6844,A,A,False
SKU-00515,Classic Long Sleeve Tee - M / Dusty Rose,Apparel & Footwear,Basic Apparel,117774502511,EA,6,0.58,10.4,15.0,3.4,0.3069,APP,stable,2024-09-18,True,0.7451,1.0155,C,B,True
SKU-00516,Classic Polo - S / Black,Apparel & Footwear,Basic Apparel,689658636525,EA,24,1.1,11.1,14.8,3.0,0.2852,APP,stable,2022-06-29,True,0.7188,0.9797,C,B,True
SKU-00517,Premium Crew Tee - L / Dusty Rose,Apparel & Footwear,Basic Apparel,885381758480,EA,24,0.41,14.9,13.3,2.1,0.2408,APP,stable,2025-03-01,True,0.3122,0.4255,C,C,False
SKU-00518,Relaxed Polo - S / Olive,Apparel & Footwear,Basic Apparel,012558170211,EA,24,0.45,17.2,14.8,2.6,0.383,APP,stable,2022-07-03,True,0.7903,1.0771,B,B,False
SKU-00519,Everyday V-Neck Tee - XXL / Black,Apparel & Footwear,Basic Apparel,809765048948,EA,24,1.31,8.6,14.1,1.3,0.0912,APP,stable,2025-03-15,True,0.7404,1.0092,C,B,True
SKU-00520,Modern T-Shirt - XXL / Navy,Apparel & Footwear,Basic Apparel,966141582910,EA,48,1.0,17.3,11.1,3.9,0.4334,APP,stable,2025-01-24,True,1.2168,1.6584,B,B,False
SKU-00521,Premium Polo - XXL / Black,Apparel & Footwear,Basic Apparel,987876934932,EA,6,1.19,8.8,5.8,3.7,0.1093,APP,stable,2024-07-03,True,0.7461,1.0169,C,B,True
SKU-00522,Essential Long Sleeve Tee - S / Black,Apparel & Footwear,Basic Apparel,499696091327,EA,6,1.35,16.2,14.9,1.5,0.2095,APP,stable,2023-05-03,True,0.7501,1.0224,C,B,True
SKU-00523,Modern Long Sleeve Tee - L / Grey,Apparel & Footwear,Basic Apparel,019949092073,EA,12,1.22,18.8,12.5,1.2,0.1632,APP,stable,2022-12-15,True,0.4213,0.5742,C,C,False
SKU-00524,Soft Crewneck Sweatshirt - M / Black,Apparel & Footwear,Basic Apparel,744200602937,EA,12,1.18,9.0,11.7,1.4,0.0853,APP,stable,2022-05-27,True,0.325,0.4429,C,C,False
SKU-00525,Classic V-Neck Tee - XL / White,Apparel & Footwear,Basic Apparel,638788188295,EA,12,0.81,13.0,8.9,2.8,0.1875,APP,stable,2024-09-02,True,0.4277,0.583,C,C,False
SKU-00526,Everyday V-Neck Tee - L / Tan,Apparel & Footwear,Basic Apparel,803989141852,EA,6,0.25,16.5,11.0,3.2,0.3361,APP,stable,2023-01-10,True,0.5105,0.6958,C,B,True
SKU-00527,Premium Long Sleeve Tee - S / Tan,Apparel & Footwear,Basic Apparel,781631118716,EA,24,1.34,17.8,13.9,2.4,0.3436,APP,stable,2023-09-22,True,0.3806,0.5187,C,C,False
SKU-00528,Relaxed V-Neck Tee - S / White,Apparel & Footwear,Basic Apparel,766775653787,EA,24,1.38,15.9,9.4,2.2,0.1903,APP,stable,2022-09-23,True,0.4388,0.5981,C,C,False
SKU-00529,Everyday Crew Tee - XXL / Dusty Rose,Apparel & Footwear,Basic Apparel,665745672342,EA,12,0.28,17.1,10.7,1.2,0.1271,APP,stable,2024-04-06,True,0.445,0.6065,C,C,False
SKU-00530,Soft V-Neck Tee - XXL / Grey,Apparel & Footwear,Basic Apparel,114341467235,EA,24,0.73,16.4,14.3,3.2,0.4343,APP,stable,2022-11-07,True,2.0301,2.7669,B,A,True
SKU-00531,Classic Polo - M / Olive,Apparel & Footwear,Basic Apparel,652098858401,EA,12,1.07,11.6,8.7,3.0,0.1752,APP,stable,2024-03-06,True,0.3631,0.4949,C,C,False
SKU-00532,Premium Polo - S / Grey,Apparel & Footwear,Basic Apparel,187982719769,EA,48,0.63,11.2,11.2,2.4,0.1742,APP,stable,2022-08-15,True,0.3386,0.4615,C,C,False
SKU-00533,Premium Crewneck Sweatshirt - XXL / Slate Blue,Apparel & Footwear,Basic Apparel,856545924650,EA,12,0.23,11.0,5.5,3.5,0.1225,APP,stable,2023-04-27,True,0.3734,0.509,C,C,False
SKU-00534,Modern Long Sleeve Tee - XL / Burgundy,Apparel & Footwear,Basic Apparel,471121665251,EA,12,1.15,16.1,8.7,3.5,0.2837,APP,stable,2024-11-21,True,0.6112,0.8331,C,B,True
SKU-00535,Classic Long Sleeve Tee - XXL / White,Apparel & Footwear,Basic Apparel,079223224779,EA,12,0.42,13.7,11.7,1.5,0.1391,APP,stable,2023-10-23,True,23.8299,32.4794,A,A,False
SKU-00536,Essential Crew Tee - L / Burgundy,Apparel & Footwear,Basic Apparel,901985355850,EA,24,0.25,11.1,6.7,3.5,0.1506,APP,stable,2022-11-24,True,0.6166,0.8404,C,B,True
SKU-00537,Essential T-Shirt - M / Slate Blue,Apparel & Footwear,Basic Apparel,285071778428,EA,24,0.35,18.1,10.8,1.2,0.1358,APP,stable,2023-05-09,True,0.9742,1.3278,B,B,False
SKU-00538,Essential Long Sleeve Tee - M / Burgundy,Apparel & Footwear,Basic Apparel,515552625567,EA,48,1.01,11.5,6.5,3.9,0.1687,APP,stable,2022-11-24,True,0.3306,0.4506,C,C,False
SKU-00539,Everyday Henley - XXL / Black,Apparel & Footwear,Basic Apparel,178335415878,EA,24,1.33,11.5,10.1,1.0,0.0672,APP,stable,2022-07-30,True,0.3139,0.4279,C,C,False
SKU-00540,Everyday Polo - M / Navy,Apparel & Footwear,Basic Apparel,520225025366,EA,48,0.26,19.9,7.7,1.9,0.1685,APP,stable,2022-09-16,True,1.8138,2.4721,B,B,False
SKU-00541,Classic Polo - XS / Dusty Rose,Apparel & Footwear,Basic Apparel,804210565376,EA,48,1.1,15.1,6.6,3.4,0.1961,APP,stable,2024-04-10,True,1.1906,1.6227,B,B,False
SKU-00542,Everyday Crew Tee - L / Tan,Apparel & Footwear,Basic Apparel,268500463380,EA,6,0.79,13.5,5.5,2.3,0.0988,APP,stable,2024-11-20,True,1.279,1.7433,B,B,False
SKU-00543,Soft Crewneck Sweatshirt - M / White,Apparel & Footwear,Basic Apparel,071236672330,EA,24,0.85,11.7,12.6,1.7,0.145,APP,stable,2023-09-03,True,0.6096,0.8308,C,B,True
SKU-00544,Soft V-Neck Tee - M / Navy,Apparel & Footwear,Basic Apparel,338106951528,EA,24,1.49,19.6,7.4,3.3,0.277,APP,stable,2024-04-23,True,1.3805,1.8816,B,B,False
SKU-00545,Essential Crew Tee - L / Grey,Apparel & Footwear,Basic Apparel,599461466949,EA,48,1.07,12.4,5.5,2.1,0.0829,APP,stable,2023-07-22,True,0.6952,0.9476,C,B,True
SKU-00546,Relaxed Polo - XL / Burgundy,Apparel & Footwear,Basic Apparel,385401555150,EA,6,0.69,15.0,14.0,3.6,0.4375,APP,stable,2023-10-16,True,4.1527,5.66,A,A,False
SKU-00547,Relaxed Polo - XL / Dusty Rose,Apparel & Footwear,Basic Apparel,379790165170,EA,48,1.05,18.2,13.6,3.6,0.5157,APP,stable,2024-11-19,True,0.9891,1.3481,B,B,False
SKU-00548,Modern Henley - XXL / Navy,Apparel & Footwear,Basic Apparel,587168181871,EA,24,1.27,16.9,15.4,3.9,0.5874,APP,stable,2025-01-05,True,0.6555,0.8934,C,B,True
SKU-00549,Modern Crew Tee - XXL / White,Apparel & Footwear,Basic Apparel,212099384912,EA,24,1.4,10.1,9.1,2.4,0.1277,APP,stable,2024-09-06,True,0.5341,0.728,C,B,True
SKU-00550,Premium Long Sleeve Tee - XL / Burgundy,Apparel & Footwear,Basic Apparel,897543835032,EA,12,0.75,13.4,5.1,3.3,0.1305,APP,stable,2023-10-12,True,0.4781,0.6516,C,C,False
SKU-00551,Classic Henley - XS / Black,Apparel & Footwear,Basic Apparel,203091652818,EA,24,0.76,14.5,14.3,1.7,0.204,APP,stable,2023-05-09,True,0.422,0.5752,C,C,False
SKU-00552,Modern Henley - XL / Navy,Apparel & Footwear,Basic Apparel,983472025139,EA,6,0.72,9.9,9.4,2.0,0.1077,APP,stable,2025-03-24,True,0.4447,0.6061,C,C,False
SKU-00553,Premium Henley - S / Grey,Apparel & Footwear,Basic Apparel,766380180110,EA,6,0.22,10.2,13.9,2.6,0.2133,APP,stable,2023-07-21,True,5.1631,7.0372,A,A,False
SKU-00554,Everyday Crewneck Sweatshirt - XL / Dusty Rose,Apparel & Footwear,Basic Apparel,128307600106,EA,6,0.31,9.1,13.8,2.5,0.1817,APP,stable,2023-06-11,True,0.8816,1.2016,B,B,False
SKU-00555,Classic Polo - S / Dusty Rose,Apparel & Footwear,Basic Apparel,063155715828,EA,24,1.46,12.5,5.7,2.6,0.1072,APP,stable,2024-01-05,True,0.3346,0.456,C,C,False
SKU-00556,Classic Henley - L / Black,Apparel & Footwear,Basic Apparel,966053422954,EA,6,1.46,19.8,6.4,2.1,0.154,APP,stable,2022-12-11,True,2.4014,3.2731,B,A,True
SKU-00557,Relaxed Crew Tee - XL / Slate Blue,Apparel & Footwear,Basic Apparel,205316139023,EA,24,0.7,9.6,14.5,1.0,0.0806,APP,stable,2024-08-08,True,0.3345,0.4559,C,C,False
SKU-00558,Relaxed Henley - XS / Tan,Apparel & Footwear,Basic Apparel,363722238229,EA,24,0.21,14.4,6.3,1.9,0.0997,APP,stable,2024-10-11,True,0.3977,0.542,C,C,False
SKU-00559,Relaxed Polo - M / Black,Apparel & Footwear,Basic Apparel,704626663773,EA,24,0.44,13.3,7.1,1.5,0.082,APP,stable,2022-06-12,True,13.7075,18.6829,A,A,False
SKU-00560,Relaxed V-Neck Tee - XS / Navy,Apparel & Footwear,Basic Apparel,928420545020,EA,12,1.15,17.7,12.9,2.1,0.2775,APP,stable,2022-05-28,True,0.4944,0.6738,C,B,True
SKU-00561,Premium T-Shirt - XS / Slate Blue,Apparel & Footwear,Basic Apparel,288666749306,EA,24,1.1,14.7,8.8,2.7,0.2021,APP,stable,2022-03-31,True,0.8009,1.0916,B,B,False
SKU-00562,Everyday Polo - XS / Tan,Apparel & Footwear,Basic Apparel,295753939400,EA,48,0.75,12.7,9.7,2.3,0.164,APP,stable,2023-09-12,True,0.6016,0.8199,C,B,True
SKU-00563,Classic T-Shirt - L / Black,Apparel & Footwear,Basic Apparel,071276760821,EA,48,1.25,15.9,7.2,3.2,0.212,APP,stable,2024-10-06,True,1.1016,1.5015,B,B,False
SKU-00564,Everyday Long Sleeve Tee - S / Grey,Apparel & Footwear,Basic Apparel,619499054435,EA,12,0.83,8.5,9.6,3.4,0.1606,APP,stable,2024-10-16,True,0.4931,0.6721,C,B,True
SKU-00565,Modern Polo - XXL / Slate Blue,Apparel & Footwear,Basic Apparel,901850473365,EA,48,0.39,16.1,9.4,1.9,0.1664,APP,stable,2024-08-05,True,0.3339,0.4551,C,C,False
SKU-00566,Everyday Long Sleeve Tee - L / Slate Blue,Apparel & Footwear,Basic Apparel,544492250155,EA,24,0.4,14.4,12.7,1.6,0.1693,APP,stable,2025-01-09,True,0.6008,0.8189,C,B,True
SKU-00567,Relaxed T-Shirt - XXL / Tan,Apparel & Footwear,Basic Apparel,499498824300,EA,24,0.83,11.7,10.0,2.3,0.1557,APP,stable,2024-01-15,True,0.4239,0.5778,C,C,False
SKU-00568,Essential Polo - M / White,Apparel & Footwear,Basic Apparel,014017115029,EA,24,1.07,18.1,11.2,2.9,0.3402,APP,stable,2022-04-20,True,0.3212,0.4378,C,C,False
SKU-00569,Essential Henley - L / Tan,Apparel & Footwear,Basic Apparel,443329599681,EA,48,1.0,12.5,14.2,1.6,0.1644,APP,stable,2023-11-04,True,0.4259,0.5805,C,C,False
SKU-00570,Essential Polo - S / Black,Apparel & Footwear,Basic Apparel,477438101840,EA,12,0.52,18.6,6.5,1.2,0.084,APP,stable,2025-04-19,True,0.3623,0.4938,C,C,False
SKU-00571,Modern T-Shirt - M / Dusty Rose,Apparel & Footwear,Basic Apparel,003762661740,EA,12,0.8,10.7,11.5,1.1,0.0783,APP,stable,2022-12-03,True,0.3272,0.4459,C,C,False
SKU-00572,Soft Polo - XL / Slate Blue,Apparel & Footwear,Basic Apparel,157529233857,EA,48,0.55,12.7,6.0,3.5,0.1543,APP,stable,2022-05-31,True,4.6237,6.302,A,A,False
SKU-00573,Premium Long Sleeve Tee - S / Navy,Apparel & Footwear,Basic Apparel,389672498294,EA,48,1.38,19.9,6.4,3.4,0.2506,APP,stable,2023-09-19,True,0.7327,0.9987,C,B,True
SKU-00574,Relaxed V-Neck Tee - S / Olive,Apparel & Footwear,Basic Apparel,480307813809,EA,48,0.41,16.7,6.0,3.1,0.1798,APP,stable,2024-11-24,True,0.3156,0.4301,C,C,False
SKU-00575,Essential Polo - XS / Black,Apparel & Footwear,Basic Apparel,846692237821,EA,24,1.1,14.1,10.8,3.1,0.2732,APP,stable,2023-06-22,True,0.3109,0.4238,C,C,False
SKU-00576,Modern Polo - L / Black,Apparel & Footwear,Basic Apparel,024409254487,EA,48,0.44,18.2,11.4,2.2,0.2642,APP,stable,2024-03-04,True,0.9485,1.2928,B,B,False
SKU-00577,Essential Crew Tee - XS / White,Apparel & Footwear,Basic Apparel,589908344286,EA,48,0.76,12.0,6.7,3.1,0.1442,APP,stable,2022-04-30,True,0.4606,0.6278,C,C,False
SKU-00578,Premium T-Shirt - L / Black,Apparel & Footwear,Basic Apparel,691734728433,EA,12,1.15,13.9,12.6,3.3,0.3345,APP,stable,2022-05-14,True,0.3214,0.4381,C,C,False
SKU-00579,Essential Polo - XS / Slate Blue,Apparel & Footwear,Basic Apparel,954198936422,EA,12,0.86,13.7,8.8,2.9,0.2023,APP,stable,2023-08-13,True,0.3604,0.4912,C,C,False
SKU-00580,Relaxed Crew Tee - XL / Navy,Apparel & Footwear,Basic Apparel,378262326822,EA,24,1.11,18.6,5.6,3.9,0.2351,APP,stable,2023-11-27,True,1.3027,1.7756,B,B,False
SKU-00581,Modern Crewneck Sweatshirt - XS / Grey,Apparel & Footwear,Basic Apparel,611852119932,EA,12,1.12,18.5,12.2,3.3,0.431,APP,stable,2024-12-13,True,1.4503,1.9767,B,B,False
SKU-00582,Premium V-Neck Tee - S / Burgundy,Apparel & Footwear,Basic Apparel,074741055881,EA,12,1.01,11.8,6.5,2.8,0.1243,APP,stable,2024-09-21,True,0.4443,0.6056,C,C,False
SKU-00583,Premium Henley - XXL / Burgundy,Apparel & Footwear,Basic Apparel,691246124037,EA,24,0.2,14.3,7.1,3.2,0.188,APP,stable,2023-12-31,True,0.5312,0.724,C,B,True
SKU-00584,Essential V-Neck Tee - S / Tan,Apparel & Footwear,Basic Apparel,321866136566,EA,12,1.43,14.4,6.7,2.3,0.1284,APP,stable,2022-11-18,True,0.3823,0.521,C,C,False
SKU-00585,Essential Long Sleeve Tee - M / Olive,Apparel & Footwear,Basic Apparel,149194543159,EA,24,0.3,8.3,6.3,2.2,0.0666,APP,stable,2023-06-20,True,13.0164,17.7409,A,A,False
SKU-00586,Classic Henley - XL / Grey,Apparel & Footwear,Basic Apparel,257469688882,EA,6,0.71,14.1,8.5,3.6,0.2497,APP,stable,2024-11-23,True,0.3101,0.4227,C,C,False
SKU-00587,Soft Polo - L / Tan,Apparel & Footwear,Basic Apparel,120294422697,EA,24,1.1,13.6,12.5,3.3,0.3247,APP,stable,2023-11-16,True,1.2562,1.7122,B,B,False
SKU-00588,Relaxed T-Shirt - M / Slate Blue,Apparel & Footwear,Basic Apparel,173772054832,EA,48,1.14,14.1,12.8,1.7,0.1776,APP,stable,2023-01-11,True,1.1534,1.572,B,B,False
SKU-00589,Modern Henley - M / Slate Blue,Apparel & Footwear,Basic Apparel,796551009724,EA,12,1.44,18.4,9.4,2.8,0.2803,APP,stable,2024-08-06,True,0.3476,0.4738,C,C,False
SKU-00590,Relaxed Crew Tee - M / Slate Blue,Apparel & Footwear,Basic Apparel,770978920640,EA,12,0.65,17.1,10.1,3.6,0.3598,APP,stable,2022-03-19,True,0.3947,0.5379,C,C,False
SKU-00591,Essential Crewneck Sweatshirt - XL / Dusty Rose,Apparel & Footwear,Basic Apparel,380064241325,EA,24,0.54,16.0,14.3,1.5,0.1986,APP,stable,2022-06-16,True,0.5845,0.7967,C,B,True
SKU-00592,Essential Crewneck Sweatshirt - S / Olive,Apparel & Footwear,Basic Apparel,108920658577,EA,6,0.63,15.0,14.7,3.3,0.4211,APP,stable,2024-11-29,True,0.3156,0.4301,C,C,False
SKU-00593,Modern Polo - S / Dusty Rose,Apparel & Footwear,Basic Apparel,679672330924,EA,12,0.43,17.0,6.6,2.4,0.1558,APP,stable,2025-03-30,True,0.5229,0.7127,C,B,True
SKU-00594,Classic Henley - L / Slate Blue,Apparel & Footwear,Basic Apparel,200520224937,EA,24,0.49,12.1,16.0,1.9,0.2129,APP,stable,2025-03-23,True,0.598,0.8151,C,B,True
SKU-00595,Premium Henley - S / Slate Blue,Apparel & Footwear,Basic Apparel,059728121975,EA,24,0.78,10.1,6.4,2.8,0.1047,APP,stable,2024-07-23,True,0.3311,0.4513,C,C,False
SKU-00596,Essential V-Neck Tee - S / Burgundy,Apparel & Footwear,Basic Apparel,922832089081,EA,6,1.3,8.4,11.2,3.2,0.1742,APP,stable,2024-03-02,True,0.3441,0.469,C,C,False
SKU-00597,Soft T-Shirt - L / Burgundy,Apparel & Footwear,Basic Apparel,144311595496,EA,24,1.31,9.7,14.6,1.7,0.1393,APP,stable,2023-07-18,True,1.2801,1.7448,B,B,False
SKU-00598,Classic Henley - XXL / Navy,Apparel & Footwear,Basic Apparel,058626342614,EA,48,0.85,15.4,14.9,3.1,0.4116,APP,stable,2022-12-17,True,0.3278,0.4468,C,C,False
SKU-00599,Classic V-Neck Tee - L / Black,Apparel & Footwear,Basic Apparel,672134725009,EA,48,1.46,19.5,14.0,2.8,0.4424,APP,stable,2022-08-15,True,0.42,0.5724,C,C,False
SKU-00600,Modern T-Shirt - S / Tan,Apparel & Footwear,Basic Apparel,389973728240,EA,6,0.87,11.0,12.6,2.3,0.1845,APP,stable,2024-02-15,True,0.8076,1.1007,B,B,False
SKU-00601,Essential Long Sleeve Tee - S / Burgundy,Apparel & Footwear,Basic Apparel,870168125130,EA,12,0.22,9.4,8.0,1.5,0.0653,APP,stable,2023-02-05,True,0.3169,0.4319,C,C,False
SKU-00602,Everyday T-Shirt - S / Navy,Apparel & Footwear,Basic Apparel,713418920258,EA,12,0.53,14.1,6.2,4.0,0.2024,APP,stable,2024-07-06,True,5.6946,7.7616,A,A,False
SKU-00603,Soft T-Shirt - XXL / Dusty Rose,Apparel & Footwear,Basic Apparel,965532366660,EA,24,0.2,13.1,5.1,3.7,0.1431,APP,stable,2022-07-26,True,0.3691,0.5031,C,C,False
SKU-00604,Essential Polo - XL / Navy,Apparel & Footwear,Basic Apparel,973703607852,EA,24,0.95,17.5,7.9,1.4,0.112,APP,stable,2024-04-20,True,1.0231,1.3944,B,B,False
SKU-00605,Relaxed Crew Tee - XL / Burgundy,Apparel & Footwear,Basic Apparel,991376596655,EA,12,1.02,9.2,5.8,1.1,0.034,APP,stable,2023-09-20,True,0.5724,0.7802,C,B,True
SKU-00606,Modern V-Neck Tee - L / Dusty Rose,Apparel & Footwear,Basic Apparel,244378318892,EA,24,0.69,15.2,15.5,3.4,0.4636,APP,stable,2023-02-04,True,17.804,24.2663,A,A,False
SKU-00607,Premium Polo - M / Olive,Apparel & Footwear,Basic Apparel,032365446601,EA,12,1.25,13.7,7.1,3.5,0.197,APP,stable,2023-12-29,True,0.3704,0.5048,C,C,False
SKU-00608,Everyday V-Neck Tee - XL / Dusty Rose,Apparel & Footwear,Basic Apparel,184508523309,EA,24,1.36,8.4,10.0,3.0,0.1458,APP,stable,2022-07-20,True,6.2458,8.5128,A,A,False
SKU-00609,Relaxed T-Shirt - XXL / Dusty Rose,Apparel & Footwear,Basic Apparel,188834027341,EA,12,0.93,13.7,10.0,1.2,0.0951,APP,stable,2023-01-28,True,0.32,0.4362,C,C,False
SKU-00610,Modern Crewneck Sweatshirt - M / Navy,Apparel & Footwear,Basic Apparel,013484414556,EA,12,0.92,10.8,11.9,3.9,0.2901,APP,stable,2024-11-18,True,0.9878,1.3464,B,B,False
SKU-00611,Everyday V-Neck Tee - L / Black,Apparel & Footwear,Basic Apparel,063867485634,EA,48,0.4,18.3,8.4,2.9,0.258,APP,stable,2024-02-16,True,0.6302,0.8589,C,B,True
SKU-00612,Premium Crewneck Sweatshirt - S / Grey,Apparel & Footwear,Basic Apparel,033022170568,EA,24,0.69,13.0,6.4,2.3,0.1107,APP,stable,2023-08-26,True,0.4262,0.5809,C,C,False
SKU-00613,Classic V-Neck Tee - XL / Slate Blue,Apparel & Footwear,Basic Apparel,109527332513,EA,12,1.31,17.6,6.1,3.9,0.2423,APP,stable,2025-03-12,True,0.5266,0.7178,C,B,True
SKU-00614,Everyday Crew Tee - S / Burgundy,Apparel & Footwear,Basic Apparel,057416104207,EA,24,0.21,9.1,6.1,2.8,0.0899,APP,stable,2022-06-22,True,0.3275,0.4464,C,C,False
SKU-00615,Essential Long Sleeve Tee - XL / Navy,Apparel & Footwear,Basic Apparel,248290255996,EA,24,0.77,9.0,13.8,3.7,0.2659,APP,stable,2024-05-15,True,0.8013,1.0922,B,B,False
SKU-00616,Relaxed Henley - XXL / Burgundy,Apparel & Footwear,Basic Apparel,230305849905,EA,24,1.04,18.0,10.2,3.5,0.3719,APP,stable,2024-02-26,True,0.7289,0.9935,C,B,True
SKU-00617,Everyday Crewneck Sweatshirt - L / Dusty Rose,Apparel & Footwear,Basic Apparel,230356205605,EA,6,0.71,14.6,8.9,3.2,0.2406,APP,stable,2023-12-08,True,1.0544,1.4371,B,B,False
SKU-00618,Relaxed Crew Tee - XXL / Burgundy,Apparel & Footwear,Basic Apparel,730765161557,EA,48,1.14,17.1,14.3,2.1,0.2972,APP,stable,2024-10-11,True,1.019,1.3889,B,B,False
SKU-00619,Essential Crew Tee - XXL / Tan,Apparel & Footwear,Basic Apparel,248308277509,EA,24,0.92,9.9,9.5,3.0,0.1633,APP,stable,2024-01-11,True,1.8639,2.5405,B,B,False
SKU-00620,Relaxed Crew Tee - XL / Black,Apparel & Footwear,Basic Apparel,117531765111,EA,6,1.22,10.0,8.1,2.0,0.0938,APP,stable,2022-04-14,True,0.998,1.3603,B,B,False
SKU-00621,Premium T-Shirt - XS / Black,Apparel & Footwear,Basic Apparel,753570687607,EA,24,1.06,19.2,10.4,1.1,0.1271,APP,stable,2023-10-22,True,0.4474,0.6098,C,C,False
SKU-00622,Modern T-Shirt - L / Grey,Apparel & Footwear,Basic Apparel,912026398877,EA,24,1.0,11.1,15.7,2.2,0.2219,APP,stable,2022-03-20,True,0.3957,0.5393,C,C,False
SKU-00623,Modern Polo - S / White,Apparel & Footwear,Basic Apparel,620452393983,EA,24,1.14,12.1,11.6,1.2,0.0975,APP,stable,2023-02-12,True,0.6662,0.908,C,B,True
SKU-00624,Soft Crew Tee - XS / Navy,Apparel & Footwear,Basic Apparel,135221328930,EA,6,0.73,9.7,8.7,1.7,0.083,APP,stable,2024-05-07,True,0.3812,0.5195,C,C,False
SKU-00625,Premium Long Sleeve Tee - M / Black,Apparel & Footwear,Basic Apparel,466556353413,EA,6,0.89,12.3,10.7,1.1,0.0838,APP,stable,2024-08-30,True,0.4309,0.5873,C,C,False
SKU-00626,Premium Polo - XXL / Dusty Rose,Apparel & Footwear,Basic Apparel,919086430879,EA,24,0.85,8.3,8.6,3.0,0.1239,APP,stable,2022-04-28,True,1.6531,2.2531,B,B,False
SKU-00627,Soft Long Sleeve Tee - XS / Black,Apparel & Footwear,Basic Apparel,264390722111,EA,24,0.75,11.2,11.7,2.9,0.2199,APP,stable,2022-06-03,True,0.4798,0.654,C,C,False
SKU-00628,Premium Henley - L / Black,Apparel & Footwear,Basic Apparel,757683046827,EA,24,0.22,15.2,15.4,2.1,0.2845,APP,stable,2022-10-19,True,2.1453,2.924,B,A,True
SKU-00629,Classic Henley - XXL / Olive,Apparel & Footwear,Basic Apparel,564707889306,EA,6,1.48,12.4,13.2,2.8,0.2652,APP,stable,2024-06-28,True,0.3509,0.4782,C,C,False
SKU-00630,Premium V-Neck Tee - XS / Tan,Apparel & Footwear,Basic Apparel,455321325913,EA,6,0.97,17.0,13.7,2.3,0.31,APP,stable,2022-04-07,True,0.5497,0.7492,C,B,True
SKU-00631,Modern Polo - XXL / Slate Blue,Apparel & Footwear,Basic Apparel,660709856082,EA,12,0.51,16.7,11.3,3.1,0.3385,APP,stable,2023-02-13,True,0.6539,0.8912,C,B,True
SKU-00632,Modern Crew Tee - XS / White,Apparel & Footwear,Basic Apparel,778797978895,EA,24,0.84,14.6,11.6,2.1,0.2058,APP,stable,2022-04-16,True,0.7725,1.0529,B,B,False
SKU-00633,Premium Crew Tee - S / Navy,Apparel & Footwear,Basic Apparel,229513292331,EA,24,0.35,15.6,12.9,2.4,0.2795,APP,stable,2023-07-17,True,0.3931,0.5358,C,C,False
SKU-00634,Premium Henley - M / Burgundy,Apparel & Footwear,Basic Apparel,815585778372,EA,48,0.71,9.2,11.2,2.6,0.155,APP,stable,2022-05-05,True,0.3506,0.4779,C,C,False
SKU-00635,Everyday Crewneck Sweatshirt - L / White,Apparel & Footwear,Basic Apparel,770769095237,EA,48,0.93,8.3,14.0,1.6,0.1076,APP,stable,2024-05-16,True,1.3564,1.8487,B,B,False
SKU-00636,Everyday Long Sleeve Tee - L / Navy,Apparel & Footwear,Basic Apparel,509102792577,EA,6,1.02,15.2,5.6,1.0,0.0493,APP,stable,2022-09-14,True,0.3961,0.5399,C,C,False
SKU-00637,Soft Crew Tee - M / White,Apparel & Footwear,Basic Apparel,370955150874,EA,48,1.16,12.7,14.5,3.2,0.341,APP,stable,2022-10-15,True,0.7963,1.0854,B,B,False
SKU-00638,Soft Crewneck Sweatshirt - XXL / Black,Apparel & Footwear,Basic Apparel,995037728953,EA,24,0.27,8.0,10.8,1.2,0.06,APP,stable,2025-04-20,True,0.4558,0.6213,C,C,False
SKU-00639,Classic Long Sleeve Tee - L / Slate Blue,Apparel & Footwear,Basic Apparel,839451252502,EA,24,0.24,14.6,15.9,3.9,0.5239,APP,stable,2023-06-05,True,0.5883,0.8018,C,B,True
SKU-00640,Premium Long Sleeve Tee - XS / Black,Apparel & Footwear,Basic Apparel,415156118728,EA,12,1.37,8.0,7.5,1.6,0.0556,APP,stable,2022-06-02,True,1.7948,2.4463,B,B,False
SKU-00641,Soft Crew Tee - XS / Dusty Rose,Apparel & Footwear,Basic Apparel,099913334542,EA,48,1.06,10.4,5.9,1.7,0.0604,APP,stable,2022-04-01,True,0.9253,1.2611,B,B,False
SKU-00642,Modern Long Sleeve Tee - XXL / Burgundy,Apparel & Footwear,Basic Apparel,033881953441,EA,48,0.49,12.4,9.7,1.4,0.0974,APP,stable,2025-05-07,True,0.8101,1.1042,B,B,False
SKU-00643,Premium Crewneck Sweatshirt - XS / Tan,Apparel & Footwear,Basic Apparel,875934070672,EA,24,0.56,8.7,9.1,3.4,0.1558,APP,stable,2024-05-31,True,13.5872,18.519,A,A,False
SKU-00644,Classic Crew Tee - S / Dusty Rose,Apparel & Footwear,Basic Apparel,493129782837,EA,48,0.89,17.6,10.1,1.7,0.1749,APP,stable,2024-09-20,True,0.3979,0.5423,C,C,False
SKU-00645,Everyday T-Shirt - XS / Olive,Apparel & Footwear,Basic Apparel,119334755847,EA,48,1.02,17.1,13.2,1.8,0.2351,APP,stable,2023-03-22,True,1.5474,2.1091,B,B,False
SKU-00646,Premium Henley - XXL / Black,Apparel & Footwear,Basic Apparel,708382858072,EA,12,0.54,13.7,8.7,1.7,0.1173,APP,stable,2025-03-30,True,0.4833,0.6587,C,C,False
SKU-00647,Essential Crewneck Sweatshirt - M / Black,Apparel & Footwear,Basic Apparel,995576057858,EA,24,1.03,14.8,8.7,1.4,0.1043,APP,stable,2024-02-29,True,0.3409,0.4647,C,C,False
SKU-00648,Essential Henley - S / Slate Blue,Apparel & Footwear,Basic Apparel,602958229983,EA,24,1.1,10.8,12.2,2.2,0.1678,APP,stable,2023-12-02,True,0.5047,0.6879,C,B,True
SKU-00649,Classic V-Neck Tee - S / Navy,Apparel & Footwear,Basic Apparel,919403465142,EA,12,1.31,11.7,10.0,3.0,0.2031,APP,stable,2023-02-09,True,0.76,1.0359,C,B,True
SKU-00650,Premium Crewneck Sweatshirt - L / Tan,Apparel & Footwear,Basic Apparel,407857133737,EA,12,0.4,13.1,12.8,3.3,0.3202,APP,stable,2023-06-18,True,1.1897,1.6215,B,B,False
SKU-00651,Everyday Long Sleeve Tee - XXL / Grey,Apparel & Footwear,Basic Apparel,981738894111,EA,48,0.93,16.8,16.0,2.7,0.42,APP,stable,2023-07-05,True,0.7341,1.0006,C,B,True
SKU-00652,Modern Polo - XXL / White,Apparel & Footwear,Basic Apparel,043761454015,EA,12,0.78,14.8,13.8,3.8,0.4491,APP,stable,2023-08-22,True,0.3649,0.4973,C,C,False
SKU-00653,Premium Polo - M / Black,Apparel & Footwear,Basic Apparel,318999534284,EA,12,1.16,15.8,8.9,1.0,0.0814,APP,stable,2023-03-06,True,2.3119,3.151,B,A,True
SKU-00654,Classic Long Sleeve Tee - S / White,Apparel & Footwear,Basic Apparel,633156354265,EA,6,0.66,8.8,9.4,1.8,0.0862,APP,stable,2023-10-23,True,7.668,10.4513,A,A,False
SKU-00655,Everyday Henley - XL / Slate Blue,Apparel & Footwear,Basic Apparel,277603338059,EA,48,1.23,19.5,6.4,3.7,0.2672,APP,stable,2023-06-12,True,0.861,1.1735,B,B,False
SKU-00656,Modern V-Neck Tee - XS / Olive,Apparel & Footwear,Basic Apparel,365597969658,EA,48,0.72,14.5,5.4,1.5,0.068,APP,stable,2025-03-03,True,0.4714,0.6425,C,C,False
SKU-00657,Modern Long Sleeve Tee - L / Navy,Apparel & Footwear,Basic Apparel,224115715671,EA,24,1.1,16.6,8.0,1.6,0.123,APP,stable,2025-04-20,True,5.029,6.8544,A,A,False
SKU-00658,Everyday Henley - L / Slate Blue,Apparel & Footwear,Basic Apparel,027163765793,EA,24,0.62,10.3,15.9,1.9,0.1801,APP,stable,2023-05-20,True,1.8617,2.5375,B,B,False
SKU-00659,Essential Polo - XL / Slate Blue,Apparel & Footwear,Basic Apparel,476804791801,EA,48,0.83,18.2,11.3,1.9,0.2261,APP,stable,2022-11-13,True,0.4354,0.5934,C,C,False
SKU-00660,Classic Crewneck Sweatshirt - XL / Olive,Apparel & Footwear,Basic Apparel,366560343987,EA,12,0.98,14.4,10.7,3.6,0.321,APP,stable,2025-03-23,True,0.4296,0.5855,C,C,False
SKU-00661,Modern Crew Tee - XXL / White,Apparel & Footwear,Basic Apparel,751093363963,EA,12,1.35,17.9,11.0,1.1,0.1253,APP,stable,2022-08-19,True,0.3357,0.4576,C,C,False
SKU-00662,Classic V-Neck Tee - S / Slate Blue,Apparel & Footwear,Basic Apparel,270336564717,EA,6,1.39,8.3,7.6,3.1,0.1132,APP,stable,2025-02-10,True,1.0402,1.4178,B,B,False
SKU-00663,Soft Crewneck Sweatshirt - XXL / Grey,Apparel & Footwear,Basic Apparel,379135811322,EA,6,0.41,9.6,15.3,3.7,0.3145,APP,stable,2022-09-25,True,0.766,1.0441,C,B,True
SKU-00664,Soft Long Sleeve Tee - M / Burgundy,Apparel & Footwear,Basic Apparel,006936247618,EA,48,0.39,15.8,15.8,3.1,0.4478,APP,stable,2023-11-10,True,0.3971,0.5413,C,C,False
SKU-00665,Classic T-Shirt - XS / Olive,Apparel & Footwear,Basic Apparel,711323521476,EA,12,0.89,13.4,5.8,3.4,0.1529,APP,stable,2024-05-22,True,0.4283,0.5837,C,C,False
SKU-00666,Relaxed V-Neck Tee - M / White,Apparel & Footwear,Basic Apparel,632070439987,EA,24,0.42,18.4,15.7,2.4,0.4012,APP,stable,2024-04-08,True,0.3382,0.4609,C,C,False
SKU-00667,Essential T-Shirt - S / Slate Blue,Apparel & Footwear,Basic Apparel,520843265399,EA,12,1.46,13.1,8.0,2.3,0.1395,APP,stable,2023-05-01,True,0.3246,0.4424,C,C,False
SKU-00668,Relaxed Henley - XL / Tan,Apparel & Footwear,Basic Apparel,426820337503,EA,24,0.83,9.6,14.9,2.6,0.2152,APP,stable,2023-11-11,True,1.7022,2.32,B,B,False
SKU-00669,Relaxed T-Shirt - XS / White,Apparel & Footwear,Basic Apparel,596514838721,EA,6,0.54,9.6,5.4,1.5,0.045,APP,stable,2024-07-02,True,5.1289,6.9906,A,A,False
SKU-00670,Everyday Henley - XS / Burgundy,Apparel & Footwear,Basic Apparel,384110918749,EA,48,1.05,13.7,13.5,3.7,0.396,APP,stable,2022-06-04,True,1.9435,2.6489,B,A,True
SKU-00671,Modern Long Sleeve Tee - XS / Olive,Apparel & Footwear,Basic Apparel,256100994443,EA,24,0.59,18.1,10.9,3.5,0.3996,APP,stable,2024-03-31,True,0.7487,1.0204,C,B,True
SKU-00672,Relaxed Long Sleeve Tee - XS / Tan,Apparel & Footwear,Basic Apparel,274571404292,EA,12,0.69,19.3,5.7,1.4,0.0891,APP,stable,2025-05-05,True,0.315,0.4293,C,C,False
SKU-00673,Essential Henley - XL / Grey,Apparel & Footwear,Basic Apparel,436369179532,EA,12,0.48,16.9,14.4,3.7,0.5211,APP,stable,2024-05-11,True,30.3715,41.3954,A,A,False
SKU-00674,Soft Long Sleeve Tee - S / Grey,Apparel & Footwear,Basic Apparel,759552872770,EA,6,0.87,14.5,5.2,3.9,0.1702,APP,stable,2023-06-25,True,0.3225,0.4396,C,C,False
SKU-00675,Everyday V-Neck Tee - M / Dusty Rose,Apparel & Footwear,Basic Apparel,742011511264,EA,6,1.06,18.0,7.3,3.6,0.2737,APP,stable,2022-12-27,True,1.1168,1.5221,B,B,False
SKU-00676,Essential T-Shirt - S / Slate Blue,Apparel & Footwear,Basic Apparel,999856776180,EA,12,0.44,19.9,6.8,2.8,0.2193,APP,stable,2023-12-31,True,0.6487,0.8841,C,B,True
SKU-00677,Everyday Long Sleeve Tee - M / Dusty Rose,Apparel & Footwear,Basic Apparel,387887717076,EA,24,0.32,12.3,7.5,3.7,0.1975,APP,stable,2023-05-01,True,1.5053,2.0517,B,B,False
SKU-00678,Modern T-Shirt - M / Olive,Apparel & Footwear,Basic Apparel,632416792557,EA,24,0.68,13.7,10.4,1.7,0.1402,APP,stable,2022-10-20,True,0.3529,0.481,C,C,False
SKU-00679,Essential Polo - XXL / Dusty Rose,Apparel & Footwear,Basic Apparel,705959306201,EA,48,0.35,15.8,10.3,2.7,0.2543,APP,stable,2022-11-19,True,4.1195,5.6148,A,A,False
SKU-00680,Premium Henley - S / Dusty Rose,Apparel & Footwear,Basic Apparel,843345044234,EA,12,0.98,10.1,14.0,2.1,0.1718,APP,stable,2022-06-24,True,1.9557,2.6656,B,A,True
SKU-00681,Classic Crew Tee - M / Black,Apparel & Footwear,Basic Apparel,320732804110,EA,12,0.85,19.0,11.1,3.3,0.4028,APP,stable,2022-05-09,True,0.7015,0.9561,C,B,True
SKU-00682,Relaxed V-Neck Tee - XL / Slate Blue,Apparel & Footwear,Basic Apparel,679375564005,EA,24,1.5,17.1,6.2,3.7,0.227,APP,stable,2023-01-16,True,0.3361,0.4581,C,C,False
SKU-00683,Modern Crewneck Sweatshirt - M / Dusty Rose,Apparel & Footwear,Basic Apparel,396876051675,EA,12,0.44,13.3,10.9,3.2,0.2685,APP,stable,2025-03-13,True,0.4597,0.6265,C,C,False
SKU-00684,Everyday Long Sleeve Tee - XXL / Grey,Apparel & Footwear,Basic Apparel,469360805304,EA,48,1.11,16.6,10.6,3.6,0.3666,APP,stable,2024-11-07,True,0.4656,0.6346,C,C,False
SKU-00685,Everyday V-Neck Tee - XL / Navy,Apparel & Footwear,Basic Apparel,739161702360,EA,12,0.45,10.8,13.6,3.3,0.2805,APP,stable,2024-04-26,True,1.2148,1.6558,B,B,False
SKU-00686,Relaxed V-Neck Tee - S / Slate Blue,Apparel & Footwear,Basic Apparel,224963262945,EA,48,1.45,14.1,14.0,1.4,0.1599,APP,stable,2024-05-29,True,1.5536,2.1175,B,B,False
SKU-00687,Everyday V-Neck Tee - XXL / Dusty Rose,Apparel & Footwear,Basic Apparel,385662626689,EA,6,0.89,8.7,6.2,1.0,0.0312,APP,stable,2024-06-06,True,0.7352,1.002,C,B,True
SKU-00688,Premium Crewneck Sweatshirt - S / Burgundy,Apparel & Footwear,Basic Apparel,021104029890,EA,24,0.62,18.3,14.8,3.7,0.5799,APP,stable,2023-05-11,True,0.8292,1.1302,B,B,False
SKU-00689,Relaxed V-Neck Tee - L / Burgundy,Apparel & Footwear,Basic Apparel,602300995960,EA,24,1.38,19.7,12.2,3.8,0.5285,APP,stable,2025-04-30,True,0.4678,0.6376,C,C,False
SKU-00690,Classic Henley - S / Tan,Apparel & Footwear,Basic Apparel,974593016976,EA,12,0.68,11.1,14.3,1.5,0.1378,APP,stable,2023-12-24,True,0.8751,1.1927,B,B,False
SKU-00691,Essential Polo - XL / Black,Apparel & Footwear,Basic Apparel,269862575445,EA,6,0.68,18.9,14.0,3.4,0.5206,APP,stable,2022-03-11,True,0.8222,1.1206,B,B,False
SKU-00692,Soft Long Sleeve Tee - XXL / Navy,Apparel & Footwear,Basic Apparel,096710337847,EA,6,1.48,14.2,11.3,3.7,0.3436,APP,stable,2023-01-04,True,3.3097,4.511,A,A,False
SKU-00693,Relaxed Crewneck Sweatshirt - M / White,Apparel & Footwear,Basic Apparel,325617985337,EA,12,1.07,13.0,9.4,3.4,0.2404,APP,stable,2025-01-17,True,0.3184,0.434,C,C,False
SKU-00694,Modern Crewneck Sweatshirt - L / Dusty Rose,Apparel & Footwear,Basic Apparel,599038455798,EA,24,0.38,13.0,5.6,3.8,0.1601,APP,stable,2023-07-16,True,1.1423,1.5569,B,B,False
SKU-00695,Essential Polo - M / Navy,Apparel & Footwear,Basic Apparel,554300790367,EA,24,0.35,8.0,10.5,3.8,0.1847,APP,stable,2023-03-01,True,0.6432,0.8767,C,B,True
SKU-00696,Everyday Polo - S / Slate Blue,Apparel & Footwear,Basic Apparel,976882459042,EA,12,0.53,8.8,9.2,2.0,0.0937,APP,stable,2022-12-12,True,0.5439,0.7413,C,B,True
SKU-00697,Modern Long Sleeve Tee - XS / Dusty Rose,Apparel & Footwear,Basic Apparel,741996694164,EA,24,1.23,17.3,6.6,2.7,0.1784,APP,stable,2022-12-01,True,3.2069,4.3709,A,A,False
SKU-00698,Premium Long Sleeve Tee - XL / Slate Blue,Apparel & Footwear,Basic Apparel,217964340522,EA,24,0.68,15.6,10.6,4.0,0.3828,APP,stable,2022-04-20,True,1.7287,2.3562,B,B,False
SKU-00699,Premium Henley - XXL / Slate Blue,Apparel & Footwear,Basic Apparel,545870687436,EA,24,1.38,19.7,16.0,3.0,0.5472,APP,stable,2024-03-10,True,0.3289,0.4483,C,C,False
SKU-00700,Premium T-Shirt - M / Tan,Apparel & Footwear,Basic Apparel,923225336821,EA,12,0.68,8.4,9.7,2.2,0.1037,APP,stable,2023-07-16,True,0.33,0.4498,C,C,False
SKU-00701,Premium Polo - XS / White,Apparel & Footwear,Basic Apparel,047511645336,EA,6,0.41,14.3,11.1,2.9,0.2664,APP,stable,2023-12-30,True,2.3576,3.2133,B,A,True
SKU-00702,Modern Crew Tee - XXL / Burgundy,Apparel & Footwear,Basic Apparel,700528774441,EA,24,1.21,13.1,7.6,1.8,0.1037,APP,stable,2022-08-15,True,0.4165,0.5677,C,C,False
SKU-00703,Essential Polo - XL / Black,Apparel & Footwear,Basic Apparel,913296317684,EA,6,0.27,12.8,14.4,2.2,0.2347,APP,stable,2024-04-25,True,2.5602,3.4895,B,A,True
SKU-00704,Premium Polo - XXL / Slate Blue,Apparel & Footwear,Basic Apparel,042004557458,EA,24,0.51,17.9,9.4,3.2,0.3116,APP,stable,2022-06-21,True,0.5481,0.7471,C,B,True
SKU-00705,Modern V-Neck Tee - L / White,Apparel & Footwear,Basic Apparel,025848721958,EA,48,1.22,15.0,11.0,2.9,0.2769,APP,stable,2024-01-11,True,0.5885,0.8021,C,B,True
SKU-00706,Classic T-Shirt - M / Navy,Apparel & Footwear,Basic Apparel,458379726246,EA,12,1.38,9.4,5.3,2.0,0.0577,APP,stable,2025-05-17,True,1.041,1.4188,B,B,False
SKU-00707,Premium Polo - XL / Tan,Apparel & Footwear,Basic Apparel,402070693684,EA,12,1.15,12.5,15.8,3.1,0.3543,APP,stable,2024-09-29,True,0.4271,0.5821,C,C,False
SKU-00708,Premium Polo - XL / Navy,Apparel & Footwear,Basic Apparel,224592238946,EA,48,1.34,10.4,12.8,3.3,0.2542,APP,stable,2022-09-04,True,1.9582,2.669,B,A,True
SKU-00709,Relaxed V-Neck Tee - L / Dusty Rose,Apparel & Footwear,Basic Apparel,818486170288,EA,6,0.9,10.9,12.8,2.5,0.2019,APP,stable,2024-03-03,True,0.4492,0.6123,C,C,False
SKU-00710,Modern Polo - XL / Tan,Apparel & Footwear,Basic Apparel,641276576329,EA,48,0.55,10.3,13.8,2.1,0.1727,APP,stable,2025-04-16,True,0.367,0.5002,C,C,False
SKU-00711,Essential V-Neck Tee - XS / Dusty Rose,Apparel & Footwear,Basic Apparel,855305363964,EA,24,0.37,15.1,12.7,1.8,0.1998,APP,stable,2023-04-24,True,0.8841,1.205,B,B,False
SKU-00712,Classic V-Neck Tee - L / White,Apparel & Footwear,Basic Apparel,629741485119,EA,12,0.95,11.8,7.8,4.0,0.2131,APP,stable,2023-03-11,True,0.4067,0.5543,C,C,False
SKU-00713,Classic Crewneck Sweatshirt - XXL / Grey,Apparel & Footwear,Basic Apparel,222737339842,EA,24,0.32,16.3,11.6,2.0,0.2188,APP,stable,2025-03-01,True,0.3351,0.4567,C,C,False
SKU-00714,Everyday V-Neck Tee - M / Dusty Rose,Apparel & Footwear,Basic Apparel,924207256815,EA,48,0.98,9.3,8.0,2.5,0.1076,APP,stable,2023-11-03,True,0.8059,1.0984,B,B,False
SKU-00715,Modern Crew Tee - XL / Dusty Rose,Apparel & Footwear,Basic Apparel,780776806184,EA,6,0.54,17.5,7.2,1.7,0.124,APP,stable,2022-12-30,True,1.8959,2.584,B,B,False
SKU-00716,Everyday Long Sleeve Tee - XS / Dusty Rose,Apparel & Footwear,Basic Apparel,668090928045,EA,48,0.8,8.2,7.0,2.8,0.093,APP,stable,2024-12-28,True,5.2685,7.1808,A,A,False
SKU-00717,Soft Polo - L / Burgundy,Apparel & Footwear,Basic Apparel,124013770063,EA,24,1.04,17.3,15.7,3.8,0.5973,APP,stable,2024-06-07,True,0.8786,1.1975,B,B,False
SKU-00718,Classic V-Neck Tee - XS / White,Apparel & Footwear,Basic Apparel,494161937645,EA,12,0.49,16.5,12.3,2.6,0.3054,APP,stable,2025-02-24,True,5.9805,8.1512,A,A,False
SKU-00719,Classic Crewneck Sweatshirt - M / White,Apparel & Footwear,Basic Apparel,793659313698,EA,6,1.45,11.7,8.9,2.9,0.1748,APP,stable,2023-10-04,True,0.3352,0.4569,C,C,False
SKU-00720,Soft Crewneck Sweatshirt - S / Navy,Apparel & Footwear,Basic Apparel,489979785089,EA,12,0.67,19.8,6.6,2.2,0.1664,APP,stable,2024-01-07,True,0.8396,1.1443,B,B,False
SKU-00721,Premium Crew Tee - XL / Grey,Apparel & Footwear,Basic Apparel,080121742026,EA,24,1.05,12.7,14.0,2.7,0.2778,APP,stable,2024-06-09,True,0.4591,0.6257,C,C,False
SKU-00722,Everyday Henley - L / Dusty Rose,Apparel & Footwear,Basic Apparel,031272020691,EA,24,0.92,8.8,6.9,2.9,0.1019,APP,stable,2024-03-23,True,1.0794,1.4712,B,B,False
SKU-00723,Essential Crewneck Sweatshirt - L / Grey,Apparel & Footwear,Basic Apparel,790482499666,EA,12,1.09,14.2,11.6,1.8,0.1716,APP,stable,2022-07-19,True,1.1001,1.4994,B,B,False
SKU-00724,Essential Polo - XXL / Slate Blue,Apparel & Footwear,Basic Apparel,424139712226,EA,48,0.28,18.1,12.5,2.1,0.275,APP,stable,2023-02-11,True,6.8842,9.383,A,A,False
SKU-00725,Relaxed T-Shirt - XXL / Navy,Apparel & Footwear,Basic Apparel,803036214570,EA,12,0.41,17.8,10.6,3.5,0.3822,APP,stable,2022-11-21,True,0.3804,0.5185,C,C,False
SKU-00726,Relaxed Henley - L / Slate Blue,Apparel & Footwear,Basic Apparel,346318493967,EA,24,1.37,18.1,15.5,3.7,0.6007,APP,stable,2024-09-27,True,1.2139,1.6545,B,B,False
SKU-00727,Classic Polo - S / Navy,Apparel & Footwear,Basic Apparel,158920385013,EA,12,1.43,19.4,12.3,3.6,0.4971,APP,stable,2024-12-14,True,0.4803,0.6546,C,C,False
SKU-00728,Everyday Crewneck Sweatshirt - XXL / White,Apparel & Footwear,Basic Apparel,089240870745,EA,12,0.82,10.8,15.5,2.7,0.2616,APP,stable,2022-10-11,True,0.4769,0.65,C,C,False
SKU-00729,Premium T-Shirt - XL / Grey,Apparel & Footwear,Basic Apparel,061320525717,EA,12,1.29,15.1,15.6,3.2,0.4362,APP,stable,2024-04-29,True,1.5614,2.1282,B,B,False
SKU-00730,Everyday V-Neck Tee - S / Dusty Rose,Apparel & Footwear,Basic Apparel,144274738739,EA,48,1.01,10.3,7.9,3.8,0.1789,APP,stable,2023-06-29,True,0.5771,0.7866,C,B,True
SKU-00731,Classic V-Neck Tee - XXL / Dusty Rose,Apparel & Footwear,Basic Apparel,407874049028,EA,24,0.97,12.4,11.2,2.0,0.1607,APP,stable,2024-11-03,True,0.3458,0.4713,C,C,False
SKU-00732,Premium Polo - M / Slate Blue,Apparel & Footwear,Basic Apparel,726729254693,EA,12,0.73,18.1,10.0,3.8,0.398,APP,stable,2022-12-24,True,0.4914,0.6698,C,B,True
SKU-00733,Premium Long Sleeve Tee - XL / White,Apparel & Footwear,Basic Apparel,053387580612,EA,12,1.38,16.4,15.3,2.8,0.4066,APP,stable,2023-08-24,True,15.4894,21.1116,A,A,False
SKU-00734,Everyday V-Neck Tee - L / Grey,Apparel & Footwear,Basic Apparel,448129041592,EA,12,1.18,19.3,6.7,1.4,0.1048,APP,stable,2023-12-13,True,0.3684,0.5021,C,C,False
SKU-00735,Modern Polo - XXL / Olive,Apparel & Footwear,Basic Apparel,596962663065,EA,24,1.48,13.9,5.1,1.7,0.0697,APP,stable,2024-12-25,True,0.6651,0.9065,C,B,True
SKU-00736,Premium Henley - XS / Grey,Apparel & Footwear,Basic Apparel,211370128940,EA,6,1.26,19.3,6.9,2.4,0.185,APP,stable,2022-08-21,True,0.6476,0.8826,C,B,True
SKU-00737,Everyday T-Shirt - S / Olive,Apparel & Footwear,Basic Apparel,717147072640,EA,24,0.3,14.3,10.0,3.8,0.3145,APP,stable,2024-07-21,True,0.6884,0.9383,C,B,True
SKU-00738,Classic Crew Tee - M / Grey,Apparel & Footwear,Basic Apparel,629917917925,EA,24,1.29,15.2,11.6,1.9,0.1939,APP,stable,2024-04-26,True,0.614,0.8368,C,B,True
SKU-00739,Premium Long Sleeve Tee - L / Grey,Apparel & Footwear,Basic Apparel,978199034476,EA,12,0.72,16.7,9.1,2.7,0.2375,APP,stable,2023-06-09,True,0.6633,0.9041,C,B,True
SKU-00740,Premium Long Sleeve Tee - L / Grey,Apparel & Footwear,Basic Apparel,188204350047,EA,12,0.77,15.8,14.9,3.4,0.4632,APP,stable,2024-05-08,True,0.3225,0.4396,C,C,False
SKU-00741,Relaxed Polo - XL / Grey,Apparel & Footwear,Basic Apparel,766592921880,EA,24,0.57,11.1,8.1,2.0,0.1041,APP,stable,2023-09-29,True,0.4748,0.6472,C,C,False
SKU-00742,Premium Crew Tee - L / Olive,Apparel & Footwear,Basic Apparel,392862722363,EA,24,0.88,14.9,14.7,2.9,0.3676,APP,stable,2023-08-13,True,0.4347,0.5925,C,C,False
SKU-00743,Essential Crew Tee - M / Dusty Rose,Apparel & Footwear,Basic Apparel,765982138976,EA,12,0.5,10.7,9.2,3.0,0.1709,APP,stable,2023-06-29,True,0.3555,0.4845,C,C,False
SKU-00744,Premium T-Shirt - M / Black,Apparel & Footwear,Basic Apparel,257523829785,EA,12,0.9,8.9,14.8,2.9,0.2211,APP,stable,2025-04-12,True,0.5925,0.8076,C,B,True
SKU-00745,Relaxed Crew Tee - S / Slate Blue,Apparel & Footwear,Basic Apparel,464816980169,EA,48,0.72,19.1,9.1,2.2,0.2213,APP,stable,2022-06-29,True,1.7404,2.3721,B,B,False
SKU-00746,Premium Henley - XXL / Dusty Rose,Apparel & Footwear,Basic Apparel,923019827593,EA,48,0.87,15.5,7.3,2.3,0.1506,APP,stable,2024-03-14,True,0.3101,0.4226,C,C,False
SKU-00747,Relaxed Polo - L / Slate Blue,Apparel & Footwear,Basic Apparel,741976862200,EA,24,0.72,12.0,12.0,3.9,0.325,APP,stable,2022-08-29,True,1.1788,1.6067,B,B,False
SKU-00748,Soft Crewneck Sweatshirt - L / Dusty Rose,Apparel & Footwear,Basic Apparel,973319224186,EA,6,0.95,13.0,13.9,1.9,0.1987,APP,stable,2024-11-12,True,0.5296,0.7218,C,B,True
SKU-00749,Essential T-Shirt - XL / Black,Apparel & Footwear,Basic Apparel,693698019935,EA,24,1.43,15.9,7.5,1.6,0.1104,APP,stable,2023-03-31,True,0.827,1.1272,B,B,False
SKU-00750,Modern Crewneck Sweatshirt - S / Olive,Apparel & Footwear,Basic Apparel,230931417043,EA,6,0.68,8.7,15.5,4.0,0.3122,APP,stable,2025-03-21,True,3.7964,5.1744,A,A,False
SKU-00751,Classic V-Neck Tee - S / Tan,Apparel & Footwear,Basic Apparel,067257626705,EA,24,0.71,9.7,13.0,3.5,0.2554,APP,stable,2024-03-18,True,0.554,0.7551,C,B,True
SKU-00752,Everyday Crew Tee - L / Dusty Rose,Apparel & Footwear,Basic Apparel,596991678384,EA,12,0.31,17.9,15.3,3.0,0.4755,APP,stable,2024-11-19,True,0.5641,0.7688,C,B,True
SKU-00753,Premium Henley - XS / White,Apparel & Footwear,Basic Apparel,848779735405,EA,12,1.47,16.7,7.9,2.1,0.1603,APP,stable,2024-02-16,True,0.4037,0.5502,C,C,False
SKU-00754,Everyday Crewneck Sweatshirt - XL / Burgundy,Apparel & Footwear,Basic Apparel,390372979914,EA,24,0.86,9.3,6.8,2.2,0.0805,APP,stable,2025-05-11,True,0.3616,0.4928,C,C,False
SKU-00755,Premium Crewneck Sweatshirt - XS / Dusty Rose,Apparel & Footwear,Basic Apparel,901397139254,EA,24,1.09,13.0,12.4,1.8,0.1679,APP,stable,2022-12-23,True,0.5217,0.7111,C,B,True
SKU-00756,Premium Crew Tee - L / White,Apparel & Footwear,Basic Apparel,198823301392,EA,24,0.36,16.3,12.3,2.1,0.2437,APP,stable,2023-08-20,True,0.5165,0.704,C,B,True
SKU-00757,Soft Crewneck Sweatshirt - XXL / Navy,Apparel & Footwear,Basic Apparel,900590794872,EA,48,1.39,18.4,8.4,2.3,0.2057,APP,stable,2023-02-23,True,0.6319,0.8613,C,B,True
SKU-00758,Everyday Crewneck Sweatshirt - XS / Dusty Rose,Apparel & Footwear,Basic Apparel,069075122628,EA,12,0.94,17.6,10.2,1.6,0.1662,APP,stable,2025-01-13,True,1.8912,2.5777,B,B,False
SKU-00759,Everyday V-Neck Tee - XS / Dusty Rose,Apparel & Footwear,Basic Apparel,369358253671,EA,12,0.72,16.8,6.8,2.7,0.1785,APP,stable,2025-04-24,True,0.7867,1.0722,B,B,False
SKU-00760,Modern T-Shirt - S / Navy,Apparel & Footwear,Basic Apparel,715567168148,EA,6,0.27,18.8,14.7,3.4,0.5438,APP,stable,2024-11-15,True,2.424,3.3039,B,A,True
SKU-00761,Modern Polo - XL / Burgundy,Apparel & Footwear,Basic Apparel,358981375331,EA,12,0.42,18.8,10.3,2.1,0.2353,APP,stable,2024-01-14,True,2.917,3.9758,A,A,False
SKU-00762,Modern Polo - XL / Slate Blue,Apparel & Footwear,Basic Apparel,552718443464,EA,6,0.91,10.5,9.5,2.9,0.1674,APP,stable,2023-07-29,True,1.0862,1.4805,B,B,False
SKU-00763,Essential Henley - S / Navy,Apparel & Footwear,Basic Apparel,193554550614,EA,12,0.34,11.8,6.9,2.2,0.1037,APP,stable,2023-12-15,True,0.4095,0.5581,C,C,False
SKU-00764,Modern Crew Tee - XS / Burgundy,Apparel & Footwear,Basic Apparel,778987456165,EA,24,1.11,8.7,10.9,2.6,0.1427,APP,stable,2022-09-18,True,0.6118,0.8338,C,B,True
SKU-00765,Premium V-Neck Tee - XL / Tan,Apparel & Footwear,Basic Apparel,886696153662,EA,12,1.41,17.9,7.1,3.1,0.228,APP,stable,2025-02-07,True,3.4345,4.6811,A,A,False
SKU-00766,Essential V-Neck Tee - XXL / Olive,Apparel & Footwear,Basic Apparel,002208566913,EA,12,1.28,19.3,14.4,2.0,0.3217,APP,stable,2023-08-15,True,0.3667,0.4998,C,C,False
SKU-00767,Everyday Henley - M / Tan,Apparel & Footwear,Basic Apparel,102048468767,EA,12,1.23,10.8,15.6,2.8,0.273,APP,stable,2024-01-16,True,0.7548,1.0288,C,B,True
SKU-00768,Soft Crewneck Sweatshirt - XS / Grey,Apparel & Footwear,Basic Apparel,630344987014,EA,24,1.24,19.3,6.9,3.3,0.2543,APP,stable,2023-03-18,True,0.4035,0.5499,C,C,False
SKU-00769,Modern Crewneck Sweatshirt - L / Black,Apparel & Footwear,Basic Apparel,912951503928,EA,24,0.34,17.5,15.4,1.3,0.2027,APP,stable,2023-04-15,True,2.9392,4.006,A,A,False
SKU-00770,Everyday Crewneck Sweatshirt - XXL / Grey,Apparel & Footwear,Basic Apparel,382655030565,EA,24,0.92,19.0,12.2,3.0,0.4024,APP,stable,2024-03-25,True,0.3146,0.4288,C,C,False
SKU-00771,Soft Crewneck Sweatshirt - S / Navy,Apparel & Footwear,Basic Apparel,123257440288,EA,6,0.78,17.6,9.6,1.1,0.1076,APP,stable,2025-04-29,True,2.0354,2.7742,B,A,True
SKU-00772,Essential Polo - M / Navy,Apparel & Footwear,Basic Apparel,685970271732,EA,24,0.43,17.9,11.1,3.3,0.3794,APP,stable,2022-05-27,True,5.912,8.0579,A,A,False
SKU-00773,Modern Crewneck Sweatshirt - XXL / Slate Blue,Apparel & Footwear,Basic Apparel,011905309087,EA,24,0.73,18.7,11.7,2.6,0.3292,APP,stable,2024-11-13,True,0.6258,0.853,C,B,True
SKU-00774,Relaxed Crew Tee - XL / Olive,Apparel & Footwear,Basic Apparel,622958322575,EA,12,0.98,16.2,8.1,2.7,0.205,APP,stable,2022-04-24,True,0.7479,1.0194,C,B,True
SKU-00775,Soft Long Sleeve Tee - L / Dusty Rose,Apparel & Footwear,Basic Apparel,950146237944,EA,12,0.71,14.7,15.2,1.5,0.194,APP,stable,2024-12-13,True,9.8034,13.3618,A,A,False
SKU-00776,Classic Polo - XS / Slate Blue,Apparel & Footwear,Basic Apparel,725640919907,EA,24,1.28,17.9,12.6,3.2,0.4177,APP,stable,2024-08-25,True,0.8771,1.1954,B,B,False
SKU-00777,Premium Polo - M / Burgundy,Apparel & Footwear,Basic Apparel,015023998355,EA,48,0.34,19.4,6.2,1.8,0.1253,APP,stable,2022-12-31,True,0.328,0.447,C,C,False
SKU-00778,Relaxed Long Sleeve Tee - M / Black,Apparel & Footwear,Basic Apparel,362757278136,EA,48,0.92,16.9,12.3,2.8,0.3368,APP,stable,2023-01-10,True,0.4055,0.5527,C,C,False
SKU-00779,Modern Crewneck Sweatshirt - XXL / White,Apparel & Footwear,Basic Apparel,981254436894,EA,24,0.59,18.5,8.4,1.7,0.1529,APP,stable,2023-03-01,True,15.6459,21.3249,A,A,False
SKU-00780,Soft Long Sleeve Tee - XXL / Burgundy,Apparel & Footwear,Basic Apparel,544925606226,EA,6,1.23,15.5,15.4,3.4,0.4697,APP,stable,2024-11-19,True,1.4531,1.9805,B,B,False
SKU-00781,Modern T-Shirt - XL / Slate Blue,Apparel & Footwear,Basic Apparel,585341245496,EA,6,0.96,12.3,10.9,1.0,0.0776,APP,stable,2023-09-16,True,1.1208,1.5276,B,B,False
SKU-00782,Essential Long Sleeve Tee - S / Dusty Rose,Apparel & Footwear,Basic Apparel,379686640485,EA,24,0.26,18.5,10.0,1.2,0.1285,APP,stable,2025-03-23,True,2.1248,2.896,B,A,True
SKU-00783,Everyday V-Neck Tee - M / Burgundy,Apparel & Footwear,Basic Apparel,920762812117,EA,24,0.59,19.9,12.3,2.3,0.3258,APP,stable,2023-04-30,True,0.3763,0.5129,C,C,False
SKU-00784,Premium Henley - S / Dusty Rose,Apparel & Footwear,Basic Apparel,368187091611,EA,24,0.29,9.4,12.0,2.7,0.1763,APP,stable,2023-03-18,True,1.0019,1.3656,B,B,False
SKU-00785,Modern V-Neck Tee - XXL / Black,Apparel & Footwear,Basic Apparel,248825353096,EA,12,0.65,8.6,8.3,3.7,0.1528,APP,stable,2025-01-15,True,0.9929,1.3533,B,B,False
SKU-00786,Classic T-Shirt - XXL / Dusty Rose,Apparel & Footwear,Basic Apparel,101259201323,EA,48,0.82,11.1,9.3,2.6,0.1553,APP,stable,2024-03-04,True,1.0438,1.4226,B,B,False
SKU-00787,Classic T-Shirt - S / Dusty Rose,Apparel & Footwear,Basic Apparel,336989412332,EA,6,1.09,11.0,10.1,2.9,0.1865,APP,stable,2024-10-15,True,0.6839,0.9321,C,B,True
SKU-00788,Relaxed T-Shirt - L / Navy,Apparel & Footwear,Basic Apparel,329939804644,EA,12,0.84,14.8,9.7,1.8,0.1495,APP,stable,2023-03-08,True,0.5258,0.7166,C,B,True
SKU-00789,Soft Crew Tee - XXL / Olive,Apparel & Footwear,Basic Apparel,694131470726,EA,24,0.98,18.7,5.7,2.0,0.1234,APP,stable,2022-11-25,True,0.4007,0.5462,C,C,False
SKU-00790,Essential Crewneck Sweatshirt - M / White,Apparel & Footwear,Basic Apparel,384271477210,EA,6,1.1,9.6,11.7,3.3,0.2145,APP,stable,2022-09-29,True,0.4365,0.5949,C,C,False
SKU-00791,Soft V-Neck Tee - M / White,Apparel & Footwear,Basic Apparel,175421435121,EA,12,0.86,11.9,5.1,1.1,0.0386,APP,stable,2024-07-02,True,1.7542,2.3909,B,B,False
SKU-00792,Everyday Polo - XXL / Grey,Apparel & Footwear,Basic Apparel,145150601367,EA,12,0.91,10.5,8.8,2.4,0.1283,APP,stable,2024-12-19,True,1.3469,1.8358,B,B,False
SKU-00793,Classic Long Sleeve Tee - XXL / Olive,Apparel & Footwear,Basic Apparel,315005904824,EA,48,1.22,16.6,5.0,1.1,0.0528,APP,stable,2023-01-21,True,5.2865,7.2053,A,A,False
SKU-00794,Soft Polo - S / Slate Blue,Apparel & Footwear,Basic Apparel,631193120553,EA,24,1.18,14.1,15.2,4.0,0.4961,APP,stable,2023-11-06,True,0.5014,0.6834,C,B,True
SKU-00795,Soft T-Shirt - XXL / White,Apparel & Footwear,Basic Apparel,077640766177,EA,48,1.19,11.3,10.9,2.0,0.1426,APP,stable,2023-07-28,True,0.7211,0.9829,C,B,True
SKU-00796,Classic Crew Tee - L / White,Apparel & Footwear,Basic Apparel,755744872831,EA,48,0.72,16.3,14.4,3.3,0.4483,APP,stable,2024-08-16,True,4.7807,6.5159,A,A,False
SKU-00797,Essential Henley - S / Tan,Apparel & Footwear,Basic Apparel,950182168374,EA,6,0.55,10.0,9.3,1.6,0.0861,APP,stable,2022-10-31,True,0.4142,0.5645,C,C,False
SKU-00798,Soft Long Sleeve Tee - XS / Black,Apparel & Footwear,Basic Apparel,295647060154,EA,6,1.48,14.8,5.9,1.3,0.0657,APP,stable,2022-10-31,True,5.0619,6.8992,A,A,False
SKU-00799,Soft V-Neck Tee - XS / Slate Blue,Apparel & Footwear,Basic Apparel,591247122606,EA,12,1.33,10.8,11.6,1.5,0.1088,APP,stable,2024-05-02,True,0.7915,1.0788,B,B,False
SKU-00800,Soft Crew Tee - L / White,Apparel & Footwear,Basic Apparel,575535445631,EA,12,1.26,18.6,14.4,2.0,0.31,APP,stable,2024-01-29,True,0.4127,0.5625,C,C,False
SKU-00801,Essential Long Sleeve Tee - XS / White,Apparel & Footwear,Basic Apparel,372570072998,EA,48,0.43,11.4,6.4,1.6,0.0676,APP,stable,2022-10-02,True,0.3591,0.4894,C,C,False
SKU-00802,Classic V-Neck Tee - M / Olive,Apparel & Footwear,Basic Apparel,335857277803,EA,6,1.49,15.0,15.6,3.8,0.5146,APP,stable,2024-02-08,True,0.7148,0.9742,C,B,True
SKU-00803,Essential Long Sleeve Tee - S / Grey,Apparel & Footwear,Basic Apparel,075951790065,EA,24,1.03,16.9,14.7,3.6,0.5176,APP,stable,2025-02-05,True,0.7269,0.9907,C,B,True
SKU-00804,Classic Henley - XL / Black,Apparel & Footwear,Basic Apparel,279156013131,EA,48,0.94,12.7,5.9,2.9,0.1258,APP,stable,2023-06-21,True,1.6426,2.2388,B,B,False
SKU-00805,Premium Polo - S / Dusty Rose,Apparel & Footwear,Basic Apparel,771923112175,EA,12,1.21,15.2,13.9,2.8,0.3424,APP,stable,2023-08-20,True,0.3542,0.4827,C,C,False
SKU-00806,Everyday Polo - S / Grey,Apparel & Footwear,Basic Apparel,325273984500,EA,24,0.44,18.6,15.5,1.8,0.3003,APP,stable,2023-11-15,True,0.3418,0.4659,C,C,False
SKU-00807,Relaxed Henley - XXL / Dusty Rose,Apparel & Footwear,Basic Apparel,751820073083,EA,48,0.32,12.9,9.4,2.9,0.2035,APP,stable,2022-07-27,True,0.3109,0.4237,C,C,False
SKU-00808,Modern Crew Tee - XS / White,Apparel & Footwear,Basic Apparel,298610147170,EA,12,1.1,10.1,10.4,3.2,0.1945,APP,stable,2023-06-21,True,0.7729,1.0535,B,B,False
SKU-00809,Essential Crewneck Sweatshirt - XS / Slate Blue,Apparel & Footwear,Basic Apparel,772213515253,EA,48,1.21,8.4,13.6,3.1,0.2049,APP,stable,2024-05-13,True,0.332,0.4525,C,C,False
SKU-00810,Everyday Long Sleeve Tee - M / Grey,Apparel & Footwear,Basic Apparel,633972940884,EA,24,0.43,10.3,14.9,3.4,0.302,APP,stable,2024-08-20,True,0.5148,0.7016,C,B,True
SKU-00811,Essential V-Neck Tee - XXL / White,Apparel & Footwear,Basic Apparel,749275921897,EA,12,0.68,14.0,11.8,2.2,0.2103,APP,stable,2024-01-27,True,0.8017,1.0927,B,B,False
SKU-00812,Essential Henley - XL / Olive,Apparel & Footwear,Basic Apparel,642779837386,EA,48,1.17,8.1,8.8,2.3,0.0949,APP,stable,2024-06-26,True,0.323,0.4402,C,C,False
SKU-00813,Modern Polo - XS / Olive,Apparel & Footwear,Basic Apparel,928054396111,EA,12,0.38,19.5,13.9,3.9,0.6117,APP,stable,2025-03-02,True,0.3362,0.4582,C,C,False
SKU-00814,Essential Henley - XL / Tan,Apparel & Footwear,Basic Apparel,973441220543,EA,12,1.19,17.4,12.6,1.2,0.1522,APP,stable,2022-04-13,True,0.3293,0.4488,C,C,False
SKU-00815,Essential Polo - L / Olive,Apparel & Footwear,Basic Apparel,506642932745,EA,24,0.82,12.5,12.4,3.0,0.2691,APP,stable,2024-03-16,True,0.8382,1.1424,B,B,False
SKU-00816,Soft T-Shirt - S / Dusty Rose,Apparel & Footwear,Basic Apparel,754883988012,EA,24,0.42,14.1,8.5,3.7,0.2566,APP,stable,2025-02-19,True,0.4116,0.561,C,C,False
SKU-00817,Relaxed T-Shirt - S / Dusty Rose,Apparel & Footwear,Basic Apparel,758536984597,EA,24,0.24,19.0,12.9,2.9,0.4113,APP,stable,2024-06-27,True,0.6528,0.8897,C,B,True
SKU-00818,Soft Henley - XS / Tan,Apparel & Footwear,Basic Apparel,918173048918,EA,12,1.47,8.4,9.3,3.6,0.1628,APP,stable,2023-11-26,True,0.4433,0.6042,C,C,False
SKU-00819,Classic V-Neck Tee - M / Grey,Apparel & Footwear,Basic Apparel,044060778185,EA,48,1.46,15.7,14.6,1.7,0.2255,APP,stable,2023-02-27,True,0.3788,0.5163,C,C,False
SKU-00820,Relaxed Crewneck Sweatshirt - XL / Slate Blue,Apparel & Footwear,Basic Apparel,022918260367,EA,48,0.24,13.4,12.5,3.7,0.3587,APP,stable,2022-10-10,True,0.4283,0.5838,C,C,False
SKU-00821,Everyday Henley - XXL / Grey,Apparel & Footwear,Basic Apparel,872527089060,EA,12,0.59,19.9,15.0,2.5,0.4319,APP,stable,2024-04-23,True,0.5735,0.7816,C,B,True
SKU-00822,Modern Long Sleeve Tee - XS / Black,Apparel & Footwear,Basic Apparel,025935832091,EA,12,1.39,12.8,14.8,2.4,0.2631,APP,stable,2024-12-10,True,0.393,0.5356,C,C,False
SKU-00823,Premium T-Shirt - XS / Olive,Apparel & Footwear,Basic Apparel,420449634035,EA,6,0.67,15.3,8.4,1.2,0.0893,APP,stable,2022-06-11,True,0.4848,0.6608,C,C,False
SKU-00824,Essential T-Shirt - XS / Slate Blue,Apparel & Footwear,Basic Apparel,291048985944,EA,12,1.22,18.0,15.2,2.9,0.4592,APP,stable,2022-11-12,True,0.3379,0.4605,C,C,False
SKU-00825,Premium V-Neck Tee - XXL / Tan,Apparel & Footwear,Basic Apparel,761362036616,EA,12,0.45,15.2,8.9,2.8,0.2192,APP,stable,2023-01-05,True,1.0847,1.4784,B,B,False
SKU-00826,Modern Long Sleeve Tee - L / Slate Blue,Apparel & Footwear,Basic Apparel,937453818280,EA,6,0.36,17.8,12.6,1.1,0.1428,APP,stable,2025-02-02,True,0.4025,0.5486,C,C,False
SKU-00827,Classic Polo - XL / Tan,Apparel & Footwear,Basic Apparel,960531920285,EA,24,0.55,17.8,10.8,2.3,0.2559,APP,stable,2023-11-28,True,1.6854,2.2972,B,B,False
SKU-00828,Premium Crew Tee - M / White,Apparel & Footwear,Basic Apparel,951427579732,EA,24,0.7,14.7,15.7,1.9,0.2538,APP,stable,2023-12-13,True,0.3192,0.4351,C,C,False
SKU-00829,Everyday T-Shirt - XL / Navy,Apparel & Footwear,Basic Apparel,747404481115,EA,48,1.25,12.6,15.8,2.1,0.2419,APP,stable,2023-05-29,True,0.7851,1.07,B,B,False
SKU-00830,Modern Crew Tee - XL / Burgundy,Apparel & Footwear,Basic Apparel,931849623632,EA,12,1.31,15.3,15.6,3.6,0.4973,APP,stable,2023-04-23,True,0.7214,0.9833,C,B,True
SKU-00831,Relaxed Henley - XXL / White,Apparel & Footwear,Basic Apparel,004614867391,EA,24,0.32,16.8,9.6,2.8,0.2613,APP,stable,2023-12-29,True,18.4398,25.1329,A,A,False
SKU-00832,Everyday Polo - L / Navy,Apparel & Footwear,Basic Apparel,974224032113,EA,12,1.43,10.7,12.4,1.1,0.0845,APP,stable,2024-04-07,True,0.7931,1.081,B,B,False
SKU-00833,Classic Crew Tee - XS / Slate Blue,Apparel & Footwear,Basic Apparel,741122240388,EA,6,0.88,19.7,10.2,3.7,0.4303,APP,stable,2023-03-19,True,0.3908,0.5326,C,C,False
SKU-00834,Classic Long Sleeve Tee - XL / Black,Apparel & Footwear,Basic Apparel,419173213640,EA,12,0.95,13.9,9.4,2.8,0.2117,APP,stable,2024-11-15,True,0.5983,0.8154,C,B,True
SKU-00835,Everyday Polo - XXL / Grey,Apparel & Footwear,Basic Apparel,573044606479,EA,12,1.37,20.0,10.4,2.5,0.3009,APP,stable,2022-12-22,True,0.6264,0.8537,C,B,True
SKU-00836,Classic T-Shirt - XXL / Grey,Apparel & Footwear,Basic Apparel,466412956274,EA,12,1.48,17.0,11.7,3.3,0.3798,APP,stable,2024-12-02,True,0.4351,0.593,C,C,False
SKU-00837,Soft T-Shirt - S / Dusty Rose,Apparel & Footwear,Basic Apparel,415974330078,EA,48,0.94,10.9,8.2,2.5,0.1293,APP,stable,2023-05-20,True,1.0299,1.4037,B,B,False
SKU-00838,Everyday Henley - XL / Olive,Apparel & Footwear,Basic Apparel,737141107789,EA,48,0.74,10.9,13.2,3.8,0.3164,APP,stable,2022-03-17,True,53.4119,72.7988,A,A,False
SKU-00839,Essential V-Neck Tee - S / Olive,Apparel & Footwear,Basic Apparel,030630989907,EA,24,1.22,9.9,15.8,2.0,0.181,APP,stable,2022-11-19,True,3.3168,4.5207,A,A,False
SKU-00840,Soft T-Shirt - XS / Burgundy,Apparel & Footwear,Basic Apparel,797123332617,EA,24,0.71,8.8,13.7,2.8,0.1954,APP,stable,2022-04-23,True,1.0993,1.4983,B,B,False
SKU-00841,Modern Long Sleeve Tee - M / Tan,Apparel & Footwear,Basic Apparel,931544933618,EA,12,0.58,13.9,5.3,1.8,0.0767,APP,stable,2024-08-12,True,7.7837,10.6089,A,A,False
SKU-00842,Classic V-Neck Tee - XXL / White,Apparel & Footwear,Basic Apparel,123529236449,EA,12,0.65,16.5,13.6,3.5,0.4545,APP,stable,2025-01-09,True,0.6857,0.9346,C,B,True
SKU-00843,Relaxed Long Sleeve Tee - XL / Burgundy,Apparel & Footwear,Basic Apparel,247849382077,EA,48,1.12,18.2,6.7,3.1,0.2188,APP,stable,2022-06-08,True,4.1977,5.7213,A,A,False
SKU-00844,Classic Long Sleeve Tee - XL / Grey,Apparel & Footwear,Basic Apparel,104399592944,EA,6,1.01,15.2,5.5,3.6,0.1742,APP,stable,2024-10-26,True,0.5145,0.7012,C,B,True
SKU-00845,Everyday Crew Tee - M / White,Apparel & Footwear,Basic Apparel,941094188700,EA,12,0.83,9.2,14.6,2.7,0.2099,APP,stable,2024-11-15,True,0.487,0.6637,C,C,False
SKU-00846,Premium Polo - XXL / White,Apparel & Footwear,Basic Apparel,502783128540,EA,24,0.71,9.2,15.3,3.0,0.2444,APP,stable,2023-11-24,True,0.3132,0.4269,C,C,False
SKU-00847,Essential Polo - XL / Black,Apparel & Footwear,Basic Apparel,726512957129,EA,12,1.3,19.1,8.8,2.9,0.2821,APP,stable,2022-07-19,True,0.5788,0.7889,C,B,True
SKU-00848,Classic Crewneck Sweatshirt - XS / Navy,Apparel & Footwear,Basic Apparel,124136947545,EA,48,0.64,17.3,6.1,3.2,0.1954,APP,stable,2025-03-13,True,1.1079,1.5101,B,B,False
SKU-00849,Classic Long Sleeve Tee - M / Slate Blue,Apparel & Footwear,Basic Apparel,930636184485,EA,6,0.27,15.2,11.9,1.1,0.1151,APP,stable,2023-07-15,True,0.3142,0.4283,C,C,False
SKU-00850,Essential Crew Tee - XS / Tan,Apparel & Footwear,Basic Apparel,327605033896,EA,24,0.61,8.6,5.0,3.5,0.0871,APP,stable,2025-04-25,True,2.4052,3.2782,B,A,True
SKU-00851,Modern Polo - XXL / Slate Blue,Apparel & Footwear,Basic Apparel,261379065670,EA,24,1.21,14.1,8.8,3.2,0.2298,APP,stable,2024-06-29,True,1.2634,1.722,B,B,False
SKU-00852,Essential V-Neck Tee - S / Slate Blue,Apparel & Footwear,Basic Apparel,023748970728,EA,48,0.78,15.6,10.6,3.3,0.3158,APP,stable,2025-02-12,True,0.5729,0.7808,C,B,True
SKU-00853,Soft V-Neck Tee - M / White,Apparel & Footwear,Basic Apparel,590113118434,EA,48,1.11,19.6,11.3,1.7,0.2179,APP,stable,2023-10-25,True,0.4332,0.5905,C,C,False
SKU-00854,Premium V-Neck Tee - XS / Tan,Apparel & Footwear,Basic Apparel,382290364825,EA,6,1.41,13.7,10.7,3.7,0.3139,APP,stable,2024-09-16,True,1.4894,2.03,B,B,False
SKU-00855,Soft T-Shirt - S / Navy,Apparel & Footwear,Basic Apparel,079616664564,EA,24,1.16,16.0,11.2,3.6,0.3733,APP,stable,2023-02-11,True,0.3342,0.4555,C,C,False
SKU-00856,Modern Henley - XS / Slate Blue,Apparel & Footwear,Basic Apparel,866373026948,EA,24,0.99,13.9,6.4,3.1,0.1596,APP,stable,2023-08-04,True,0.9859,1.3438,B,B,False
SKU-00857,Classic Long Sleeve Tee - M / Olive,Apparel & Footwear,Basic Apparel,004035422697,EA,24,0.72,16.8,10.8,3.9,0.4095,APP,stable,2024-12-11,True,0.5784,0.7883,C,B,True
SKU-00858,Everyday T-Shirt - XL / Dusty Rose,Apparel & Footwear,Basic Apparel,727564971592,EA,24,0.77,16.3,14.2,2.5,0.3349,APP,stable,2022-12-21,True,0.9399,1.281,B,B,False
SKU-00859,Classic V-Neck Tee - S / Olive,Apparel & Footwear,Basic Apparel,573247321565,EA,12,0.87,10.1,11.2,3.8,0.2488,APP,stable,2024-08-05,True,1.2482,1.7012,B,B,False
SKU-00860,Premium Crewneck Sweatshirt - M / Navy,Apparel & Footwear,Basic Apparel,460501520175,EA,12,0.65,19.3,7.8,3.4,0.2962,APP,stable,2022-04-09,True,0.3799,0.5178,C,C,False
SKU-00861,Relaxed V-Neck Tee - XL / Dusty Rose,Apparel & Footwear,Basic Apparel,392292869552,EA,24,1.34,8.3,8.0,1.5,0.0576,APP,stable,2023-03-29,True,0.4438,0.6049,C,C,False
SKU-00862,Modern Crewneck Sweatshirt - S / Tan,Apparel & Footwear,Basic Apparel,297587639799,EA,24,0.33,8.2,5.9,2.1,0.0588,APP,stable,2024-03-29,True,0.3602,0.4909,C,C,False
SKU-00863,Modern Crewneck Sweatshirt - S / Grey,Apparel & Footwear,Basic Apparel,960519796349,EA,6,1.5,15.7,13.2,1.8,0.2159,APP,stable,2022-07-21,True,0.4511,0.6148,C,C,False
SKU-00864,Classic Long Sleeve Tee - XS / Navy,Apparel & Footwear,Basic Apparel,617942467656,EA,12,0.97,9.0,6.8,1.2,0.0425,APP,stable,2024-09-22,True,0.3605,0.4913,C,C,False
SKU-00865,Premium V-Neck Tee - XXL / Black,Apparel & Footwear,Basic Apparel,470015241208,EA,12,0.95,15.5,11.3,1.6,0.1622,APP,stable,2024-10-28,True,0.4597,0.6266,C,C,False
SKU-00866,Everyday T-Shirt - XXL / Slate Blue,Apparel & Footwear,Basic Apparel,918986808590,EA,48,1.41,18.6,9.0,1.9,0.1841,APP,stable,2023-07-20,True,2.2449,3.0597,B,A,True
SKU-00867,Modern Polo - XXL / Olive,Apparel & Footwear,Basic Apparel,350649340983,EA,12,0.86,9.0,14.0,1.8,0.1313,APP,stable,2022-08-22,True,3.0076,4.0993,A,A,False
SKU-00868,Classic Crew Tee - XL / Navy,Apparel & Footwear,Basic Apparel,892445050226,EA,48,0.51,16.5,6.0,4.0,0.2292,APP,stable,2023-02-24,True,0.9198,1.2537,B,B,False
SKU-00869,Relaxed Long Sleeve Tee - XS / Grey,Apparel & Footwear,Basic Apparel,160161007326,EA,12,0.88,9.8,15.1,1.3,0.1113,APP,stable,2023-09-19,True,0.4356,0.5937,C,C,False
SKU-00870,Soft V-Neck Tee - XS / Black,Apparel & Footwear,Basic Apparel,468695426830,EA,6,1.08,16.1,6.5,1.2,0.0727,APP,stable,2023-05-13,True,1.0013,1.3647,B,B,False
SKU-00871,Essential Crewneck Sweatshirt - XL / Slate Blue,Apparel & Footwear,Basic Apparel,700561164160,EA,12,0.36,15.9,9.6,3.2,0.2827,APP,stable,2023-02-07,True,4.5159,6.155,A,A,False
SKU-00872,Soft V-Neck Tee - L / White,Apparel & Footwear,Basic Apparel,380315879177,EA,12,0.28,10.7,14.1,3.4,0.2969,APP,stable,2025-01-27,True,387.2361,527.791,A,A,False
SKU-00873,Premium T-Shirt - XL / Grey,Apparel & Footwear,Basic Apparel,218367551571,EA,12,1.39,15.6,10.4,2.5,0.2347,APP,stable,2023-03-06,True,0.5024,0.6848,C,B,True
SKU-00874,Soft Crewneck Sweatshirt - L / White,Apparel & Footwear,Basic Apparel,155923692686,EA,12,0.71,10.2,15.4,2.5,0.2273,APP,stable,2024-08-20,True,0.319,0.4348,C,C,False
SKU-00875,Premium Henley - XS / Slate Blue,Apparel & Footwear,Basic Apparel,159701773987,EA,24,0.27,13.3,5.1,1.2,0.0471,APP,stable,2022-11-15,True,0.8217,1.12,B,B,False
SKU-00876,Soft Crew Tee - S / Olive,Apparel & Footwear,Basic Apparel,469779627336,EA,12,1.11,10.7,9.0,3.8,0.2118,APP,stable,2025-04-23,True,0.4775,0.6508,C,C,False
SKU-00877,Everyday Crewneck Sweatshirt - M / Slate Blue,Apparel & Footwear,Basic Apparel,871188918874,EA,24,0.94,17.7,11.7,1.9,0.2277,APP,stable,2024-01-06,True,1.2082,1.6468,B,B,False
SKU-00878,Soft Crewneck Sweatshirt - XXL / Burgundy,Apparel & Footwear,Basic Apparel,883156084804,EA,12,0.85,10.4,10.0,3.5,0.2106,APP,stable,2025-03-26,True,0.5624,0.7666,C,B,True
SKU-00879,Everyday Long Sleeve Tee - M / Navy,Apparel & Footwear,Basic Apparel,524850872999,EA,12,1.41,12.8,9.0,3.3,0.22,APP,stable,2022-06-06,True,0.3663,0.4993,C,C,False
SKU-00880,Classic Crew Tee - S / White,Apparel & Footwear,Basic Apparel,550451152744,EA,6,1.33,11.3,15.6,3.8,0.3877,APP,stable,2024-02-01,True,0.6743,0.9191,C,B,True
SKU-00881,Essential T-Shirt - S / Dusty Rose,Apparel & Footwear,Basic Apparel,619048784001,EA,6,0.95,8.3,15.5,1.9,0.1415,APP,stable,2023-12-14,True,0.8005,1.091,B,B,False
SKU-00882,Relaxed V-Neck Tee - L / White,Apparel & Footwear,Basic Apparel,338424013230,EA,24,0.44,16.8,5.6,2.6,0.1416,APP,stable,2025-01-07,True,0.3651,0.4976,C,C,False
SKU-00883,Premium V-Neck Tee - S / Dusty Rose,Apparel & Footwear,Basic Apparel,475967465854,EA,6,1.47,11.4,8.4,1.4,0.0776,APP,stable,2022-08-20,True,0.3941,0.5372,C,C,False
SKU-00884,Everyday Long Sleeve Tee - M / White,Apparel & Footwear,Basic Apparel,606800078904,EA,6,1.24,8.0,10.4,1.8,0.0867,APP,stable,2024-03-13,True,0.5762,0.7854,C,B,True
SKU-00885,Classic Crew Tee - XXL / Olive,Apparel & Footwear,Basic Apparel,367972137931,EA,6,0.99,17.7,7.6,1.8,0.1401,APP,stable,2025-02-20,True,0.4513,0.6151,C,C,False
SKU-00886,Modern Polo - XXL / Black,Apparel & Footwear,Basic Apparel,262543159678,EA,6,0.97,8.3,7.0,2.9,0.0975,APP,stable,2022-11-06,True,0.7079,0.9649,C,B,True
SKU-00887,Essential Crewneck Sweatshirt - M / Grey,Apparel & Footwear,Basic Apparel,299833808664,EA,48,1.06,18.7,14.2,1.4,0.2151,APP,stable,2022-12-27,True,0.4418,0.6022,C,C,False
SKU-00888,Classic Polo - S / Burgundy,Apparel & Footwear,Basic Apparel,400792940592,EA,48,0.88,8.9,7.7,3.6,0.1428,APP,stable,2023-04-20,True,0.4102,0.5591,C,C,False
SKU-00889,Relaxed Henley - XS / Olive,Apparel & Footwear,Basic Apparel,073547114126,EA,24,1.1,9.0,9.1,3.2,0.1517,APP,stable,2023-03-02,True,0.4539,0.6187,C,C,False
SKU-00890,Everyday Crewneck Sweatshirt - S / Black,Apparel & Footwear,Basic Apparel,721506425332,EA,24,1.26,10.2,10.7,3.0,0.1895,APP,stable,2022-06-30,True,0.3547,0.4835,C,C,False
SKU-00891,Relaxed Crewneck Sweatshirt - L / Tan,Apparel & Footwear,Basic Apparel,512680129014,EA,12,0.51,9.5,5.4,1.1,0.0327,APP,stable,2025-03-26,True,1.341,1.8278,B,B,False
SKU-00892,Soft Henley - S / White,Apparel & Footwear,Basic Apparel,185620043773,EA,12,0.99,16.3,13.0,1.7,0.2085,APP,stable,2024-03-01,True,0.3974,0.5417,C,C,False
SKU-00893,Relaxed T-Shirt - S / White,Apparel & Footwear,Basic Apparel,107053087899,EA,24,1.02,8.7,15.6,1.5,0.1178,APP,stable,2023-09-05,True,0.3215,0.4382,C,C,False
SKU-00894,Classic T-Shirt - S / Grey,Apparel & Footwear,Basic Apparel,448465271267,EA,48,0.78,12.6,5.5,3.7,0.1484,APP,stable,2023-02-10,True,0.5167,0.7042,C,B,True
SKU-00895,Essential Crewneck Sweatshirt - L / Burgundy,Apparel & Footwear,Basic Apparel,085945829196,EA,24,1.3,8.1,6.9,2.4,0.0776,APP,stable,2024-09-18,True,3.4575,4.7124,A,A,False
SKU-00896,Soft Polo - XXL / White,Apparel & Footwear,Basic Apparel,007246637141,EA,24,0.92,18.0,9.3,2.1,0.2034,APP,stable,2025-01-30,True,0.4247,0.5789,C,C,False
SKU-00897,Premium Henley - M / White,Apparel & Footwear,Basic Apparel,115520497094,EA,24,1.06,15.4,10.7,2.5,0.2384,APP,stable,2025-05-21,True,1.0466,1.4265,B,B,False
SKU-00898,Classic T-Shirt - S / Dusty Rose,Apparel & Footwear,Basic Apparel,983622723318,EA,24,1.22,10.0,15.2,1.1,0.0968,APP,stable,2022-08-17,True,2.7859,3.7971,A,A,False
SKU-00899,Modern Crew Tee - XS / Burgundy,Apparel & Footwear,Basic Apparel,964332582757,EA,24,0.43,12.2,7.6,1.4,0.0751,APP,stable,2025-04-06,True,1.2461,1.6984,B,B,False
SKU-00900,Classic T-Shirt - L / Black,Apparel & Footwear,Basic Apparel,683598569746,EA,12,1.39,14.9,10.5,1.0,0.0905,APP,stable,2022-06-09,True,0.5649,0.7699,C,B,True
SKU-00901,Essential Henley - L / Slate Blue,Apparel & Footwear,Basic Apparel,650705975388,EA,12,0.49,10.4,12.8,2.5,0.1926,APP,stable,2025-01-16,True,0.3696,0.5037,C,C,False
SKU-00902,Relaxed T-Shirt - L / Slate Blue,Apparel & Footwear,Basic Apparel,433524317842,EA,24,1.02,18.7,7.8,2.0,0.1688,APP,stable,2023-09-05,True,1.6478,2.2459,B,B,False
SKU-00903,Essential V-Neck Tee - S / Grey,Apparel & Footwear,Basic Apparel,766027457076,EA,12,0.97,8.5,6.1,3.9,0.117,APP,stable,2023-10-15,True,0.7238,0.9865,C,B,True
SKU-00904,Everyday V-Neck Tee - L / Grey,Apparel & Footwear,Basic Apparel,027737698257,EA,12,0.47,18.5,8.2,1.9,0.1668,APP,stable,2023-07-21,True,0.3504,0.4776,C,C,False
SKU-00905,Classic Henley - XL / Navy,Apparel & Footwear,Basic Apparel,061590593884,EA,12,0.6,8.4,14.0,1.7,0.1157,APP,stable,2023-03-18,True,1.0038,1.3682,B,B,False
SKU-00906,Soft V-Neck Tee - L / Slate Blue,Apparel & Footwear,Basic Apparel,132474511960,EA,24,0.82,16.9,6.5,2.3,0.1462,APP,stable,2025-05-10,True,0.331,0.4511,C,C,False
SKU-00907,Premium Long Sleeve Tee - XS / White,Apparel & Footwear,Basic Apparel,876089536691,EA,24,0.69,15.4,7.0,2.6,0.1622,APP,stable,2023-02-11,True,0.901,1.2281,B,B,False
SKU-00908,Everyday Long Sleeve Tee - S / Slate Blue,Apparel & Footwear,Basic Apparel,603935967968,EA,24,1.29,9.3,6.4,1.8,0.062,APP,stable,2022-10-12,True,0.8653,1.1794,B,B,False
SKU-00909,Essential Polo - XL / Navy,Apparel & Footwear,Basic Apparel,634133940371,EA,6,0.64,12.0,8.2,2.0,0.1139,APP,stable,2024-03-11,True,0.3764,0.513,C,C,False
SKU-00910,Soft Crewneck Sweatshirt - XL / Black,Apparel & Footwear,Basic Apparel,407331332921,EA,24,0.83,16.6,12.8,1.6,0.1967,APP,stable,2024-05-13,True,24.2022,32.9869,A,A,False
SKU-00911,Relaxed Crewneck Sweatshirt - XXL / Burgundy,Apparel & Footwear,Basic Apparel,399196574257,EA,24,1.14,14.1,5.5,1.5,0.0673,APP,stable,2024-11-04,True,0.3485,0.475,C,C,False
SKU-00912,Relaxed Henley - L / Burgundy,Apparel & Footwear,Basic Apparel,011911882655,EA,12,0.57,11.7,16.0,1.6,0.1733,APP,stable,2022-12-24,True,4.766,6.4959,A,A,False
SKU-00913,Premium Henley - M / Slate Blue,Apparel & Footwear,Basic Apparel,389675359024,EA,12,1.14,9.3,16.0,3.8,0.3272,APP,stable,2023-05-23,True,0.3955,0.5391,C,C,False
SKU-00914,Everyday Crew Tee - XS / Burgundy,Apparel & Footwear,Basic Apparel,349907406036,EA,24,1.06,12.0,10.2,2.9,0.2054,APP,stable,2024-01-25,True,0.6631,0.9038,C,B,True
SKU-00915,Premium Crew Tee - XS / Olive,Apparel & Footwear,Basic Apparel,774978049840,EA,12,1.29,10.1,5.2,2.2,0.0669,APP,stable,2023-07-22,True,1.7602,2.3991,B,B,False
SKU-00916,Classic Crewneck Sweatshirt - L / Tan,Apparel & Footwear,Basic Apparel,216559433851,EA,24,1.4,12.8,15.6,1.7,0.1964,APP,stable,2022-12-31,True,0.5861,0.7988,C,B,True
SKU-00917,Everyday Crewneck Sweatshirt - XL / Navy,Apparel & Footwear,Basic Apparel,359261091658,EA,24,0.92,10.1,12.9,3.1,0.2337,APP,stable,2023-02-26,True,0.5927,0.8079,C,B,True
SKU-00918,Essential T-Shirt - S / Navy,Apparel & Footwear,Basic Apparel,711156183670,EA,48,1.28,9.9,10.5,3.0,0.1805,APP,stable,2022-04-12,True,1.4198,1.9351,B,B,False
SKU-00919,Everyday Henley - XXL / Black,Apparel & Footwear,Basic Apparel,499886027319,EA,12,0.38,10.8,15.7,3.3,0.3238,APP,stable,2022-08-19,True,2.573,3.5069,B,A,True
SKU-00920,Modern Crew Tee - XL / Slate Blue,Apparel & Footwear,Basic Apparel,484004691524,EA,12,0.67,12.5,8.3,2.0,0.1201,APP,stable,2024-05-21,True,4.708,6.4169,A,A,False
SKU-00921,Everyday Crewneck Sweatshirt - S / Grey,Apparel & Footwear,Basic Apparel,312320196123,EA,48,0.3,10.7,6.0,1.4,0.052,APP,stable,2022-07-27,True,0.3228,0.44,C,C,False
SKU-00922,Essential Henley - M / Burgundy,Apparel & Footwear,Basic Apparel,223746639080,EA,12,0.34,13.8,14.3,2.7,0.3083,APP,stable,2022-09-29,True,0.3401,0.4636,C,C,False
SKU-00923,Premium T-Shirt - XXL / Burgundy,Apparel & Footwear,Basic Apparel,700044760478,EA,12,0.62,9.7,10.7,3.8,0.2282,APP,stable,2025-03-31,True,0.3513,0.4788,C,C,False
SKU-00924,Premium Henley - S / Navy,Apparel & Footwear,Basic Apparel,074397110533,EA,24,0.64,12.2,8.7,2.5,0.1536,APP,stable,2023-08-30,True,0.4795,0.6536,C,C,False
SKU-00925,Modern Crewneck Sweatshirt - L / Tan,Apparel & Footwear,Basic Apparel,881145938891,EA,12,0.34,19.4,15.0,3.5,0.5894,APP,stable,2024-09-06,True,15.9685,21.7646,A,A,False
SKU-00926,Everyday Crew Tee - L / Black,Apparel & Footwear,Basic Apparel,565836822030,EA,24,1.09,9.1,13.1,1.8,0.1242,APP,stable,2025-02-07,True,0.4263,0.5811,C,C,False
SKU-00927,Classic T-Shirt - S / Navy,Apparel & Footwear,Basic Apparel,196163147039,EA,12,0.95,12.2,7.7,1.7,0.0924,APP,stable,2025-01-26,True,0.4693,0.6396,C,C,False
SKU-00928,Classic Henley - L / Black,Apparel & Footwear,Basic Apparel,872454671505,EA,12,1.09,15.5,13.9,3.0,0.374,APP,stable,2024-09-23,True,0.5212,0.7104,C,B,True
SKU-00929,Everyday Henley - S / Grey,Apparel & Footwear,Basic Apparel,800517250650,EA,12,0.54,12.3,5.1,2.3,0.0835,APP,stable,2025-03-13,True,0.9633,1.3129,B,B,False
SKU-00930,Everyday Polo - S / Burgundy,Apparel & Footwear,Basic Apparel,877747876040,EA,6,1.11,17.6,12.9,3.0,0.3942,APP,stable,2024-03-25,True,1.5261,2.08,B,B,False
SKU-00931,Classic T-Shirt - S / Grey,Apparel & Footwear,Basic Apparel,876268015374,EA,48,0.89,17.2,8.7,1.8,0.1559,APP,stable,2024-06-05,True,1.7662,2.4073,B,B,False
SKU-00932,Modern T-Shirt - XL / Burgundy,Apparel & Footwear,Basic Apparel,579083806907,EA,6,0.2,10.8,8.7,1.9,0.1033,APP,stable,2022-03-29,True,0.5055,0.689,C,B,True
SKU-00933,Classic V-Neck Tee - XXL / Slate Blue,Apparel & Footwear,Basic Apparel,082443795819,EA,6,1.38,11.8,12.6,1.9,0.1635,APP,stable,2025-03-05,True,0.7362,1.0034,C,B,True
SKU-00934,Premium T-Shirt - M / Olive,Apparel & Footwear,Basic Apparel,225752762886,EA,12,0.52,11.6,9.7,2.4,0.1563,APP,stable,2024-04-02,True,2.2779,3.1047,B,A,True
SKU-00935,Everyday Crew Tee - S / Slate Blue,Apparel & Footwear,Basic Apparel,408966287479,EA,24,0.44,9.6,13.2,2.4,0.176,APP,stable,2024-09-30,True,0.3735,0.5091,C,C,False
SKU-00936,Modern Polo - L / Burgundy,Apparel & Footwear,Basic Apparel,511307588380,EA,12,0.44,18.7,14.8,2.5,0.4004,APP,stable,2023-04-04,True,0.3553,0.4842,C,C,False
SKU-00937,Essential Polo - XL / Burgundy,Apparel & Footwear,Basic Apparel,822546953846,EA,6,1.16,13.1,11.4,4.0,0.3457,APP,stable,2023-10-05,True,0.536,0.7305,C,B,True
SKU-00938,Essential Polo - XL / Grey,Apparel & Footwear,Basic Apparel,446559270833,EA,6,0.36,16.4,6.5,1.1,0.0679,APP,stable,2023-10-04,True,0.4047,0.5516,C,C,False
SKU-00939,Relaxed V-Neck Tee - XXL / Olive,Apparel & Footwear,Basic Apparel,828532507231,EA,12,1.47,13.0,13.9,2.6,0.2719,APP,stable,2024-03-14,True,0.7171,0.9774,C,B,True
SKU-00940,Essential Crew Tee - XXL / Black,Apparel & Footwear,Basic Apparel,604169566903,EA,12,1.36,12.7,14.3,2.7,0.2838,APP,stable,2023-02-03,True,11.0639,15.0797,A,A,False
SKU-00941,Soft Henley - L / Black,Apparel & Footwear,Basic Apparel,039845056338,EA,12,1.2,19.7,5.2,3.9,0.2312,APP,stable,2024-07-17,True,1.3038,1.7771,B,B,False
SKU-00942,Essential Henley - M / Navy,Apparel & Footwear,Basic Apparel,567436168748,EA,24,0.84,14.7,13.2,2.4,0.2695,APP,stable,2023-08-28,True,6.2207,8.4786,A,A,False
SKU-00943,Soft Henley - XS / Dusty Rose,Apparel & Footwear,Basic Apparel,873404096280,EA,24,0.45,16.2,5.8,1.7,0.0924,APP,stable,2025-01-11,True,0.4891,0.6666,C,B,True
SKU-00944,Essential V-Neck Tee - XXL / White,Apparel & Footwear,Basic Apparel,329550464680,EA,48,0.52,16.7,13.5,2.7,0.3523,APP,stable,2022-10-09,True,0.9138,1.2455,B,B,False
SKU-00945,Essential V-Neck Tee - M / Grey,Apparel & Footwear,Basic Apparel,719156895545,EA,24,1.19,11.7,12.0,2.8,0.2275,APP,stable,2023-04-26,True,0.4103,0.5592,C,C,False
SKU-00946,Soft T-Shirt - XXL / Burgundy,Apparel & Footwear,Basic Apparel,785991659502,EA,6,0.77,8.7,9.4,3.7,0.1751,APP,stable,2024-09-28,True,1.0609,1.446,B,B,False
SKU-00947,Relaxed T-Shirt - M / Navy,Apparel & Footwear,Basic Apparel,757011653369,EA,48,1.22,16.1,12.1,1.8,0.2029,APP,stable,2023-11-17,True,0.3296,0.4492,C,C,False
SKU-00948,Essential Polo - XS / Burgundy,Apparel & Footwear,Basic Apparel,610452964441,EA,24,0.31,8.2,13.0,1.5,0.0925,APP,stable,2022-11-15,True,0.4917,0.6702,C,B,True
SKU-00949,Everyday Crewneck Sweatshirt - XS / Black,Apparel & Footwear,Basic Apparel,621472592229,EA,24,0.75,15.3,5.0,2.9,0.1284,APP,stable,2022-06-12,True,0.4592,0.6259,C,C,False
SKU-00950,Classic Long Sleeve Tee - L / Slate Blue,Apparel & Footwear,Basic Apparel,369560689020,EA,48,0.75,11.6,9.2,4.0,0.247,APP,stable,2024-07-04,True,3.0018,4.0914,A,A,False
SKU-00951,Essential Long Sleeve Tee - L / Slate Blue,Apparel & Footwear,Basic Apparel,135785419376,EA,48,0.82,18.7,13.7,1.6,0.2372,APP,stable,2022-04-09,True,0.5691,0.7756,C,B,True
SKU-00952,Everyday Henley - L / White,Apparel & Footwear,Basic Apparel,580391346272,EA,12,1.06,8.2,12.8,1.8,0.1093,APP,stable,2023-07-21,True,0.6309,0.8599,C,B,True
SKU-00953,Modern Long Sleeve Tee - XL / Navy,Apparel & Footwear,Basic Apparel,444471881920,EA,12,1.2,18.0,9.4,1.2,0.1175,APP,stable,2022-11-02,True,0.4763,0.6492,C,C,False
SKU-00954,Essential Long Sleeve Tee - XS / Black,Apparel & Footwear,Basic Apparel,202926926429,EA,24,1.04,11.1,12.0,1.4,0.1079,APP,stable,2023-12-25,True,0.3236,0.441,C,C,False
SKU-00955,Everyday T-Shirt - M / Olive,Apparel & Footwear,Basic Apparel,865713709176,EA,48,1.37,18.4,8.8,3.1,0.2905,APP,stable,2022-11-27,True,0.7198,0.981,C,B,True
SKU-00956,Classic T-Shirt - M / Grey,Apparel & Footwear,Basic Apparel,570547210449,EA,12,1.18,15.0,5.9,1.1,0.0563,APP,stable,2024-11-02,True,0.8114,1.1059,B,B,False
SKU-00957,Relaxed Crew Tee - XXL / White,Apparel & Footwear,Basic Apparel,296710743834,EA,24,0.28,15.8,11.5,3.9,0.4101,APP,stable,2022-04-22,True,0.493,0.6719,C,B,True
SKU-00958,Premium T-Shirt - M / Dusty Rose,Apparel & Footwear,Basic Apparel,908337219316,EA,12,1.05,9.3,10.6,3.1,0.1769,APP,stable,2022-11-26,True,6.027,8.2146,A,A,False
SKU-00959,Soft T-Shirt - L / Grey,Apparel & Footwear,Basic Apparel,819762882503,EA,6,0.87,19.5,15.2,2.4,0.4117,APP,stable,2023-08-10,True,0.3219,0.4387,C,C,False
SKU-00960,Premium Long Sleeve Tee - S / Black,Apparel & Footwear,Basic Apparel,001759235098,EA,6,0.89,19.1,7.4,3.8,0.3108,APP,stable,2022-09-08,True,1.0771,1.4681,B,B,False
SKU-00961,Classic V-Neck Tee - S / Navy,Apparel & Footwear,Basic Apparel,662481789329,EA,12,0.64,14.2,13.9,1.6,0.1828,APP,stable,2023-07-26,True,0.6776,0.9235,C,B,True
SKU-00962,Relaxed Polo - XL / Tan,Apparel & Footwear,Basic Apparel,564734027027,EA,48,0.87,13.1,9.4,3.5,0.2494,APP,stable,2024-01-22,True,1.0368,1.4131,B,B,False
SKU-00963,Everyday Polo - M / Olive,Apparel & Footwear,Basic Apparel,161961956018,EA,12,0.86,13.6,9.7,3.1,0.2367,APP,stable,2023-05-31,True,0.3414,0.4653,C,C,False
SKU-00964,Essential T-Shirt - XS / Slate Blue,Apparel & Footwear,Basic Apparel,340028274738,EA,12,0.76,17.6,10.0,1.7,0.1731,APP,stable,2022-11-07,True,0.9955,1.3568,B,B,False
SKU-00965,Premium Henley - L / Grey,Apparel & Footwear,Basic Apparel,799752811811,EA,24,0.76,9.4,9.1,3.8,0.1881,APP,stable,2023-07-08,True,0.4969,0.6773,C,B,True
SKU-00966,Classic V-Neck Tee - XS / Slate Blue,Apparel & Footwear,Basic Apparel,079464595594,EA,12,0.69,11.6,12.5,3.9,0.3273,APP,stable,2023-03-15,True,0.3716,0.5065,C,C,False
SKU-00967,Classic V-Neck Tee - XXL / Dusty Rose,Apparel & Footwear,Basic Apparel,619279260640,EA,24,0.51,8.8,14.4,2.8,0.2053,APP,stable,2022-04-14,True,2.3153,3.1557,B,A,True
SKU-00968,Essential T-Shirt - XS / Navy,Apparel & Footwear,Basic Apparel,588759561394,EA,24,1.36,14.6,8.4,3.1,0.22,APP,stable,2022-10-09,True,1.7928,2.4435,B,B,False
SKU-00969,Essential Polo - M / White,Apparel & Footwear,Basic Apparel,285163828617,EA,24,0.54,10.8,13.0,2.3,0.1869,APP,stable,2023-12-05,True,0.9503,1.2952,B,B,False
SKU-00970,Relaxed Crewneck Sweatshirt - XS / Olive,Apparel & Footwear,Basic Apparel,274296528011,EA,24,0.82,9.6,12.7,4.0,0.2822,APP,stable,2025-01-21,True,0.3479,0.4742,C,C,False
SKU-00971,Modern Long Sleeve Tee - L / Dusty Rose,Apparel & Footwear,Basic Apparel,491514076044,EA,24,0.45,17.5,8.2,3.3,0.274,APP,stable,2023-10-16,True,1.1761,1.603,B,B,False
SKU-00972,Soft V-Neck Tee - XS / Tan,Apparel & Footwear,Basic Apparel,552868742978,EA,24,1.28,17.8,14.3,3.1,0.4566,APP,stable,2023-10-02,True,0.3556,0.4847,C,C,False
SKU-00973,Relaxed Crew Tee - M / Slate Blue,Apparel & Footwear,Basic Apparel,440638180774,EA,12,0.29,10.7,13.5,1.3,0.1087,APP,stable,2024-12-06,True,0.362,0.4934,C,C,False
SKU-00974,Everyday Crew Tee - L / Black,Apparel & Footwear,Basic Apparel,755646188444,EA,24,1.07,10.2,11.2,3.9,0.2578,APP,stable,2024-10-28,True,7.9027,10.7712,A,A,False
SKU-00975,Everyday Long Sleeve Tee - L / Olive,Apparel & Footwear,Basic Apparel,003501427081,EA,12,1.0,11.5,10.6,3.3,0.2328,APP,stable,2022-03-24,True,0.9032,1.231,B,B,False
SKU-00976,Essential Crewneck Sweatshirt - M / Black,Apparel & Footwear,Basic Apparel,184550379952,EA,12,1.5,16.6,11.7,3.3,0.3709,APP,stable,2023-11-26,True,0.342,0.4662,C,C,False
SKU-00977,Essential Crewneck Sweatshirt - XXL / White,Apparel & Footwear,Basic Apparel,699750588795,EA,6,0.67,12.7,12.9,2.1,0.1991,APP,stable,2023-10-18,True,0.3731,0.5085,C,C,False
SKU-00978,Classic Polo - M / Tan,Apparel & Footwear,Basic Apparel,229651865458,EA,24,1.29,13.1,6.8,1.9,0.0979,APP,stable,2023-11-01,True,0.7891,1.0755,B,B,False
SKU-00979,Relaxed Crewneck Sweatshirt - XL / Navy,Apparel & Footwear,Basic Apparel,329806125254,EA,24,1.41,18.8,7.0,3.1,0.2361,APP,stable,2022-10-28,True,4.2671,5.8159,A,A,False
SKU-00980,Premium T-Shirt - L / Tan,Apparel & Footwear,Basic Apparel,857103781437,EA,12,1.24,8.4,8.3,2.3,0.0928,APP,stable,2023-11-01,True,0.5806,0.7913,C,B,True
SKU-00981,Relaxed Henley - XXL / Dusty Rose,Apparel & Footwear,Basic Apparel,995877010081,EA,6,0.8,15.5,7.9,1.7,0.1205,APP,stable,2022-05-20,True,1.5083,2.0557,B,B,False
SKU-00982,Premium Crew Tee - L / Olive,Apparel & Footwear,Basic Apparel,357113293801,EA,24,1.26,14.3,15.7,1.4,0.1819,APP,stable,2024-08-03,True,0.5219,0.7113,C,B,True
SKU-00983,Classic Long Sleeve Tee - XXL / Black,Apparel & Footwear,Basic Apparel,023252696345,EA,24,0.97,8.7,11.1,2.8,0.1565,APP,stable,2024-06-03,True,9.5614,13.0319,A,A,False
SKU-00984,Premium Henley - XL / Grey,Apparel & Footwear,Basic Apparel,071273999111,EA,24,1.11,9.2,5.8,3.2,0.0988,APP,stable,2024-01-04,True,0.4541,0.6189,C,C,False
SKU-00985,Classic Crewneck Sweatshirt - L / Grey,Apparel & Footwear,Basic Apparel,969407401316,EA,24,0.57,15.8,12.6,2.6,0.2995,APP,stable,2024-05-01,True,0.8791,1.1982,B,B,False
SKU-00986,Essential Crew Tee - S / Grey,Apparel & Footwear,Basic Apparel,972746127802,EA,24,0.3,12.1,12.8,1.4,0.1255,APP,stable,2022-06-27,True,0.3588,0.4891,C,C,False
SKU-00987,Classic Long Sleeve Tee - XS / Slate Blue,Apparel & Footwear,Basic Apparel,242416275822,EA,12,1.12,8.7,13.8,2.5,0.1737,APP,stable,2023-05-14,True,0.3719,0.5069,C,C,False
SKU-00988,Essential Crewneck Sweatshirt - XXL / Grey,Apparel & Footwear,Basic Apparel,478332457220,EA,6,1.09,16.1,10.4,2.2,0.2132,APP,stable,2025-03-22,True,0.4892,0.6668,C,B,True
SKU-00989,Modern Henley - M / Burgundy,Apparel & Footwear,Basic Apparel,685269250274,EA,12,1.1,19.7,10.0,1.4,0.1596,APP,stable,2024-04-24,True,2.2351,3.0464,B,A,True
SKU-00990,Soft Crewneck Sweatshirt - XS / White,Apparel & Footwear,Basic Apparel,783882057813,EA,24,1.21,9.3,14.4,3.3,0.2558,APP,stable,2025-03-12,True,1.6496,2.2483,B,B,False
SKU-00991,Relaxed Henley - L / Tan,Apparel & Footwear,Basic Apparel,267932374091,EA,48,0.58,10.9,14.6,2.4,0.221,APP,stable,2024-11-13,True,0.4484,0.6112,C,C,False
SKU-00992,Everyday Crewneck Sweatshirt - M / Tan,Apparel & Footwear,Basic Apparel,207660789927,EA,12,0.61,12.8,10.2,1.7,0.1284,APP,stable,2023-06-24,True,2.0598,2.8074,B,A,True
SKU-00993,Relaxed Crewneck Sweatshirt - XS / Tan,Apparel & Footwear,Basic Apparel,846678102586,EA,6,1.05,15.8,15.2,3.9,0.542,APP,stable,2023-02-02,True,2.0736,2.8262,B,A,True
SKU-00994,Modern Long Sleeve Tee - XS / Slate Blue,Apparel & Footwear,Basic Apparel,692883126767,EA,6,0.68,11.5,7.0,2.7,0.1258,APP,stable,2023-10-08,True,0.3183,0.4339,C,C,False
SKU-00995,Essential Crew Tee - XL / White,Apparel & Footwear,Basic Apparel,931916299454,EA,12,0.71,9.5,13.6,2.9,0.2168,APP,stable,2022-05-21,True,0.8953,1.2203,B,B,False
SKU-00996,Classic Henley - XS / Olive,Apparel & Footwear,Basic Apparel,220399635709,EA,48,1.45,19.5,14.0,2.4,0.3792,APP,stable,2022-04-12,True,0.3714,0.5062,C,C,False
SKU-00997,Modern Henley - M / Slate Blue,Apparel & Footwear,Basic Apparel,329199367561,EA,24,1.43,14.7,10.4,4.0,0.3539,APP,stable,2023-09-29,True,0.4427,0.6034,C,C,False
SKU-00998,Everyday Long Sleeve Tee - XXL / Dusty Rose,Apparel & Footwear,Basic Apparel,287994464274,EA,48,1.43,15.2,9.5,2.7,0.2256,APP,stable,2024-09-06,True,0.355,0.4839,C,C,False
SKU-00999,Premium Henley - L / Black,Apparel & Footwear,Basic Apparel,317137823149,EA,12,0.89,14.9,8.7,1.8,0.135,APP,stable,2024-07-21,True,0.5261,0.7171,C,B,True
SKU-01000,Essential V-Neck Tee - L / Grey,Apparel & Footwear,Basic Apparel,514808531705,EA,6,1.36,15.3,12.9,2.7,0.3084,APP,stable,2022-06-23,True,0.3412,0.465,C,C,False
SKU-01001,Premium Henley - XXL / Slate Blue,Apparel & Footwear,Basic Apparel,773148567308,EA,24,1.24,8.5,14.7,3.9,0.282,APP,stable,2023-07-30,True,0.4963,0.6764,C,B,True
SKU-01002,Classic Long Sleeve Tee - M / Navy,Apparel & Footwear,Basic Apparel,256594218654,EA,12,1.31,16.0,8.2,3.9,0.2961,APP,stable,2022-05-24,True,0.3426,0.4669,C,C,False
SKU-01003,Classic Polo - L / Olive,Apparel & Footwear,Basic Apparel,509834192342,EA,24,1.45,17.2,7.7,3.1,0.2376,APP,stable,2022-03-14,True,0.8314,1.1332,B,B,False
SKU-01004,Everyday T-Shirt - M / Olive,Apparel & Footwear,Basic Apparel,441548492307,EA,6,0.89,18.4,15.0,2.6,0.4153,APP,stable,2024-06-22,True,0.8487,1.1568,B,B,False
SKU-01005,Everyday V-Neck Tee - L / White,Apparel & Footwear,Basic Apparel,137261032834,EA,12,0.99,17.7,14.8,2.3,0.3487,APP,stable,2024-05-15,True,5.6326,7.677,A,A,False
SKU-01006,Modern Crew Tee - S / Olive,Apparel & Footwear,Basic Apparel,400425125232,EA,6,1.16,10.6,7.8,3.8,0.1818,APP,stable,2024-04-13,True,0.4039,0.5505,C,C,False
SKU-01007,Soft Long Sleeve Tee - M / Olive,Apparel & Footwear,Basic Apparel,794118436943,EA,48,1.37,13.2,9.6,2.2,0.1613,APP,stable,2025-02-14,True,0.7313,0.9968,C,B,True
SKU-01008,Soft Long Sleeve Tee - XL / White,Apparel & Footwear,Basic Apparel,967167138917,EA,24,0.88,10.7,13.3,3.0,0.2471,APP,stable,2023-07-01,True,2.0328,2.7706,B,A,True
SKU-01009,Essential Long Sleeve Tee - S / Slate Blue,Apparel & Footwear,Basic Apparel,969340982066,EA,24,1.33,15.1,11.1,1.7,0.1649,APP,stable,2024-11-19,True,0.9258,1.2619,B,B,False
SKU-01010,Soft Long Sleeve Tee - XL / Burgundy,Apparel & Footwear,Basic Apparel,869821172474,EA,6,0.76,18.3,6.0,3.0,0.1906,APP,stable,2024-03-24,True,0.3875,0.5282,C,C,False
SKU-01011,Modern T-Shirt - XL / Grey,Apparel & Footwear,Basic Apparel,261441930496,EA,24,0.7,14.2,6.2,2.3,0.1172,APP,stable,2022-07-03,True,0.7976,1.0871,B,B,False
SKU-01012,Classic V-Neck Tee - XXL / Tan,Apparel & Footwear,Basic Apparel,431302109792,EA,12,0.92,16.1,5.8,3.9,0.2108,APP,stable,2024-06-25,True,0.4436,0.6046,C,C,False
SKU-01013,Relaxed Crew Tee - XL / Black,Apparel & Footwear,Basic Apparel,685934017312,EA,12,0.44,19.7,13.6,3.8,0.5892,APP,stable,2023-02-02,True,0.7151,0.9747,C,B,True
SKU-01014,Essential Crew Tee - S / Black,Apparel & Footwear,Basic Apparel,702156613132,EA,24,0.23,9.7,12.5,1.4,0.0982,APP,stable,2022-12-25,True,0.4178,0.5695,C,C,False
SKU-01015,Essential T-Shirt - L / Black,Apparel & Footwear,Basic Apparel,513271173289,EA,24,0.46,8.4,15.0,3.6,0.2625,APP,stable,2022-09-26,True,12.4915,17.0255,A,A,False
SKU-01016,Everyday Polo - S / Olive,Apparel & Footwear,Basic Apparel,476037988985,EA,12,0.96,8.1,14.7,3.2,0.2205,APP,stable,2023-10-05,True,0.3253,0.4434,C,C,False
SKU-01017,Everyday Crewneck Sweatshirt - L / Tan,Apparel & Footwear,Basic Apparel,128046285033,EA,12,0.75,16.4,15.1,2.8,0.4013,APP,stable,2022-05-18,True,0.9847,1.3421,B,B,False
SKU-01018,Relaxed Polo - XS / Black,Apparel & Footwear,Basic Apparel,517635361600,EA,12,0.85,10.6,8.9,2.2,0.1201,APP,stable,2024-10-29,True,0.4163,0.5674,C,C,False
SKU-01019,Essential V-Neck Tee - L / Dusty Rose,Apparel & Footwear,Basic Apparel,868131410596,EA,24,0.42,9.2,13.1,1.4,0.0976,APP,stable,2022-10-15,True,57.3683,78.1913,A,A,False
SKU-01020,Essential Crewneck Sweatshirt - L / Tan,Apparel & Footwear,Basic Apparel,303190389345,EA,24,0.37,15.4,13.5,1.9,0.2286,APP,stable,2022-12-04,True,0.3682,0.5019,C,C,False
SKU-01021,Everyday V-Neck Tee - S / Olive,Apparel & Footwear,Basic Apparel,103212872647,EA,12,0.68,15.8,5.8,2.4,0.1273,APP,stable,2025-03-10,True,1.2823,1.7477,B,B,False
SKU-01022,Soft Crewneck Sweatshirt - XXL / White,Apparel & Footwear,Basic Apparel,159407776117,EA,48,1.49,8.7,14.1,3.2,0.2272,APP,stable,2025-02-19,True,0.6773,0.9231,C,B,True
SKU-01023,Everyday T-Shirt - L / Black,Apparel & Footwear,Basic Apparel,928452955407,EA,12,0.85,15.7,14.0,2.4,0.3053,APP,stable,2024-08-14,True,0.3266,0.4451,C,C,False
SKU-01024,Essential Crewneck Sweatshirt - XL / Navy,Apparel & Footwear,Basic Apparel,830402757845,EA,6,0.46,13.7,5.6,1.7,0.0755,APP,stable,2024-06-20,True,0.576,0.7851,C,B,True
SKU-01025,Modern Crew Tee - XXL / Navy,Apparel & Footwear,Basic Apparel,203133731902,EA,12,0.28,9.6,11.2,3.1,0.1929,APP,stable,2025-03-09,True,0.3841,0.5235,C,C,False
SKU-01026,Soft Crew Tee - M / Slate Blue,Apparel & Footwear,Basic Apparel,837026456068,EA,24,0.66,9.6,6.4,2.2,0.0782,APP,stable,2024-06-22,True,0.3307,0.4507,C,C,False
SKU-01027,Premium T-Shirt - XXL / Black,Apparel & Footwear,Basic Apparel,282381659458,EA,48,1.45,19.2,9.8,1.7,0.1851,APP,stable,2023-01-19,True,1.5024,2.0477,B,B,False
SKU-01028,Relaxed Crew Tee - XXL / Grey,Apparel & Footwear,Basic Apparel,495988172542,EA,48,1.34,16.8,12.1,2.5,0.2941,APP,stable,2022-08-01,True,0.4936,0.6728,C,B,True
SKU-01029,Premium Crewneck Sweatshirt - XS / Navy,Apparel & Footwear,Basic Apparel,954181921300,EA,12,0.21,10.7,9.4,2.8,0.163,APP,stable,2023-03-03,True,1.8396,2.5073,B,B,False
SKU-01030,Everyday Henley - M / Olive,Apparel & Footwear,Basic Apparel,586113064048,EA,48,0.52,12.2,8.7,2.5,0.1536,APP,stable,2022-04-22,True,0.3126,0.426,C,C,False
SKU-01031,Relaxed Long Sleeve Tee - M / Dusty Rose,Apparel & Footwear,Basic Apparel,115012545592,EA,12,0.99,19.5,9.5,2.2,0.2359,APP,stable,2023-06-05,True,0.553,0.7537,C,B,True
SKU-01032,Everyday Crew Tee - L / Olive,Apparel & Footwear,Basic Apparel,850710543900,EA,24,0.44,11.9,7.2,3.1,0.1537,APP,stable,2024-01-18,True,4.9487,6.7449,A,A,False
SKU-01033,Soft Henley - XL / Slate Blue,Apparel & Footwear,Basic Apparel,854932718894,EA,24,0.25,9.8,10.1,1.5,0.0859,APP,stable,2022-07-24,True,8.0674,10.9956,A,A,False
SKU-01034,Premium T-Shirt - XS / Tan,Apparel & Footwear,Basic Apparel,184658217481,EA,12,0.6,15.5,15.2,1.5,0.2045,APP,stable,2022-04-24,True,0.3233,0.4407,C,C,False
SKU-01035,Soft Crewneck Sweatshirt - M / Tan,Apparel & Footwear,Basic Apparel,150236414435,EA,12,0.28,8.8,14.9,1.9,0.1442,APP,stable,2024-04-26,True,2.1664,2.9527,B,A,True
SKU-01036,Soft Henley - XL / Olive,Apparel & Footwear,Basic Apparel,427344778488,EA,24,0.53,9.7,12.8,1.5,0.1078,APP,stable,2023-03-18,True,0.4643,0.6328,C,C,False
SKU-01037,Everyday Polo - XS / Dusty Rose,Apparel & Footwear,Basic Apparel,979571219694,EA,12,1.29,16.6,6.6,3.9,0.2473,APP,stable,2023-03-23,True,1.8353,2.5014,B,B,False
SKU-01038,Classic V-Neck Tee - M / Burgundy,Apparel & Footwear,Basic Apparel,100815092767,EA,24,0.68,14.2,7.1,1.5,0.0875,APP,stable,2023-10-04,True,0.3241,0.4418,C,C,False
SKU-01039,Modern V-Neck Tee - M / Olive,Apparel & Footwear,Basic Apparel,569180362891,EA,12,1.26,19.3,12.9,1.3,0.1873,APP,stable,2025-02-24,True,1.1551,1.5743,B,B,False
SKU-01040,Essential Crew Tee - XL / Navy,Apparel & Footwear,Basic Apparel,182565434227,EA,48,1.35,9.6,5.4,3.2,0.096,APP,stable,2022-09-01,True,15.3361,20.9026,A,A,False
SKU-01041,Classic Crewneck Sweatshirt - XL / Slate Blue,Apparel & Footwear,Basic Apparel,424047824645,EA,12,0.62,11.3,7.9,1.2,0.062,APP,stable,2022-09-15,True,0.4321,0.5889,C,C,False
SKU-01042,Soft V-Neck Tee - XXL / Grey,Apparel & Footwear,Basic Apparel,308250086014,EA,24,1.45,12.4,6.0,3.2,0.1378,APP,stable,2024-01-11,True,0.4185,0.5704,C,C,False
SKU-01043,Soft T-Shirt - XXL / Dusty Rose,Apparel & Footwear,Basic Apparel,847318373363,EA,24,1.05,11.5,14.6,3.2,0.3109,APP,stable,2025-04-06,True,4.3267,5.8971,A,A,False
SKU-01044,Everyday V-Neck Tee - L / Slate Blue,Apparel & Footwear,Basic Apparel,986778564631,EA,48,0.31,8.6,5.3,1.5,0.0396,APP,stable,2023-02-24,True,0.3625,0.4941,C,C,False
SKU-01045,Relaxed Polo - XS / Navy,Apparel & Footwear,Basic Apparel,420781607091,EA,12,0.56,14.2,15.5,3.6,0.4585,APP,stable,2023-02-28,True,0.9705,1.3228,B,B,False
SKU-01046,Everyday Polo - XXL / Navy,Apparel & Footwear,Basic Apparel,437575947688,EA,12,0.67,8.2,15.9,2.6,0.1962,APP,stable,2024-06-02,True,0.7134,0.9724,C,B,True
SKU-01047,Soft Henley - XXL / Dusty Rose,Apparel & Footwear,Basic Apparel,823995119263,EA,12,0.83,8.0,14.5,1.9,0.1275,APP,stable,2022-03-25,True,0.3118,0.425,C,C,False
SKU-01048,Soft V-Neck Tee - XL / Olive,Apparel & Footwear,Basic Apparel,609860580780,EA,12,0.76,10.8,11.3,2.2,0.1554,APP,stable,2023-01-26,True,0.3475,0.4737,C,C,False
SKU-01049,Modern Crew Tee - XXL / Tan,Apparel & Footwear,Basic Apparel,207701225431,EA,24,1.2,15.2,11.4,1.1,0.1103,APP,stable,2022-11-09,True,0.4451,0.6067,C,C,False
SKU-01050,Essential V-Neck Tee - XS / Dusty Rose,Apparel & Footwear,Basic Apparel,786376756332,EA,12,1.25,18.1,5.5,2.3,0.1325,APP,stable,2023-04-19,True,0.3823,0.5211,C,C,False
SKU-01051,Essential Polo - M / Tan,Apparel & Footwear,Basic Apparel,976472392795,EA,12,0.37,18.3,11.3,1.3,0.1556,APP,stable,2022-09-01,True,0.4327,0.5897,C,C,False
SKU-01052,Modern Crew Tee - XXL / Burgundy,Apparel & Footwear,Basic Apparel,647477147528,EA,12,0.91,13.3,7.1,1.5,0.082,APP,stable,2022-03-16,True,1.2697,1.7305,B,B,False
SKU-01053,Soft T-Shirt - S / Burgundy,Apparel & Footwear,Basic Apparel,639206552497,EA,48,0.62,18.8,13.9,1.2,0.1815,APP,stable,2024-04-27,True,0.9005,1.2274,B,B,False
SKU-01054,Essential Polo - M / Slate Blue,Apparel & Footwear,Basic Apparel,529182742239,EA,24,0.7,18.4,15.7,3.3,0.5517,APP,stable,2023-03-29,True,5.6121,7.6491,A,A,False
SKU-01055,Modern V-Neck Tee - M / Olive,Apparel & Footwear,Basic Apparel,777018919299,EA,24,0.74,11.3,9.2,2.4,0.1444,APP,stable,2024-10-11,True,0.4203,0.5729,C,C,False
SKU-01056,Premium V-Neck Tee - L / White,Apparel & Footwear,Basic Apparel,306025228708,EA,12,0.33,15.7,9.3,1.3,0.1098,APP,stable,2024-12-03,True,0.6261,0.8533,C,B,True
SKU-01057,Relaxed T-Shirt - XXL / White,Apparel & Footwear,Basic Apparel,875364960813,EA,12,0.64,9.8,8.2,1.7,0.0791,APP,stable,2024-09-19,True,0.5429,0.74,C,B,True
SKU-01058,Relaxed Crew Tee - XL / White,Apparel & Footwear,Basic Apparel,052271047517,EA,12,1.47,11.8,12.4,3.0,0.254,APP,stable,2023-02-11,True,1.2293,1.6755,B,B,False
SKU-01059,Modern Polo - L / Tan,Apparel & Footwear,Basic Apparel,041615213533,EA,12,1.39,19.7,13.0,1.2,0.1778,APP,stable,2024-04-20,True,0.6903,0.9408,C,B,True
SKU-01060,Everyday Long Sleeve Tee - XS / Grey,Apparel & Footwear,Basic Apparel,257225835661,EA,12,1.28,13.1,10.8,2.7,0.2211,APP,stable,2022-03-15,True,0.5158,0.703,C,B,True
SKU-01061,Essential Crew Tee - M / Slate Blue,Apparel & Footwear,Basic Apparel,177687683456,EA,12,1.2,13.0,8.3,2.2,0.1374,APP,stable,2023-12-22,True,1.8867,2.5715,B,B,False
SKU-01062,Premium Long Sleeve Tee - S / Burgundy,Apparel & Footwear,Basic Apparel,523219258394,EA,48,1.03,13.7,13.5,1.0,0.107,APP,stable,2023-12-10,True,0.3903,0.532,C,C,False
SKU-01063,Modern Polo - S / White,Apparel & Footwear,Basic Apparel,913235466207,EA,12,1.33,19.5,14.3,3.5,0.5648,APP,stable,2024-09-30,True,0.7165,0.9765,C,B,True
SKU-01064,Relaxed V-Neck Tee - XXL / Grey,Apparel & Footwear,Basic Apparel,854838936772,EA,48,0.54,11.7,14.3,3.2,0.3098,APP,stable,2023-10-11,True,1.1056,1.5069,B,B,False
SKU-01065,Everyday Polo - XS / Black,Apparel & Footwear,Basic Apparel,347606909063,EA,24,0.35,13.1,10.7,1.2,0.0973,APP,stable,2022-09-09,True,0.3299,0.4497,C,C,False
SKU-01066,Relaxed V-Neck Tee - S / Grey,Apparel & Footwear,Basic Apparel,590005552340,EA,24,1.33,11.7,12.9,2.7,0.2358,APP,stable,2025-03-22,True,0.4702,0.6409,C,C,False
SKU-01067,Premium Crewneck Sweatshirt - S / Dusty Rose,Apparel & Footwear,Basic Apparel,488329512889,EA,6,0.79,16.3,12.7,1.5,0.1797,APP,stable,2022-10-02,True,0.4448,0.6063,C,C,False
SKU-01068,Modern Crewneck Sweatshirt - XS / Grey,Apparel & Footwear,Basic Apparel,348942841992,EA,6,1.25,12.3,12.8,2.7,0.246,APP,stable,2024-11-24,True,11.824,16.1158,A,A,False
SKU-01069,Premium Long Sleeve Tee - XXL / Slate Blue,Apparel & Footwear,Basic Apparel,769546763933,EA,12,0.6,17.1,14.5,1.3,0.1865,APP,stable,2024-06-05,True,2.3398,3.1891,B,A,True
SKU-01070,Relaxed Long Sleeve Tee - L / Slate Blue,Apparel & Footwear,Basic Apparel,911950450760,EA,24,0.96,13.2,10.2,1.2,0.0935,APP,stable,2024-09-03,True,0.3873,0.5279,C,C,False
SKU-01071,Classic T-Shirt - XL / Navy,Apparel & Footwear,Basic Apparel,425080637309,EA,24,0.69,14.1,8.8,2.9,0.2082,APP,stable,2025-03-30,True,0.3167,0.4316,C,C,False
SKU-01072,Soft V-Neck Tee - XS / Burgundy,Apparel & Footwear,Basic Apparel,300663071147,EA,48,0.89,14.9,12.7,2.9,0.3176,APP,stable,2023-05-21,True,0.3457,0.4712,C,C,False
SKU-01073,Modern Crewneck Sweatshirt - XL / Navy,Apparel & Footwear,Basic Apparel,341361424784,EA,24,1.05,10.1,12.4,3.2,0.2319,APP,stable,2023-02-19,True,19.8583,27.0662,A,A,False
SKU-01074,Classic Polo - XS / Navy,Apparel & Footwear,Basic Apparel,157178598489,EA,6,1.16,16.1,12.4,2.8,0.3235,APP,stable,2022-03-11,True,1.4794,2.0164,B,B,False
SKU-01075,Essential Polo - M / Olive,Apparel & Footwear,Basic Apparel,909407032736,EA,6,0.83,16.7,12.1,1.7,0.1988,APP,stable,2023-02-28,True,1.0097,1.3762,B,B,False
SKU-01076,Essential T-Shirt - L / Tan,Apparel & Footwear,Basic Apparel,600192850442,EA,24,0.57,13.6,7.0,1.7,0.0937,APP,stable,2022-08-18,True,0.7768,1.0588,B,B,False
SKU-01077,Premium V-Neck Tee - S / White,Apparel & Footwear,Basic Apparel,692896654454,EA,24,0.88,19.1,12.0,1.0,0.1326,APP,stable,2022-12-04,True,0.4679,0.6378,C,C,False
SKU-01078,Modern T-Shirt - M / Olive,Apparel & Footwear,Basic Apparel,322378124372,EA,12,0.87,10.1,5.6,1.4,0.0458,APP,stable,2023-08-22,True,2.0408,2.7815,B,A,True
SKU-01079,Relaxed Polo - XL / Tan,Apparel & Footwear,Basic Apparel,088873758377,EA,48,1.0,14.4,15.5,4.0,0.5167,APP,stable,2024-11-01,True,0.5117,0.6974,C,B,True
SKU-01080,Everyday Long Sleeve Tee - XXL / Grey,Apparel & Footwear,Basic Apparel,406553871010,EA,24,0.48,8.5,11.7,3.1,0.1784,APP,stable,2023-05-27,True,1.1942,1.6277,B,B,False
SKU-01081,Everyday Long Sleeve Tee - M / Navy,Apparel & Footwear,Basic Apparel,738379812710,EA,12,0.97,18.0,11.5,3.8,0.4552,APP,stable,2023-10-30,True,0.3266,0.4452,C,C,False
SKU-01082,Essential Crewneck Sweatshirt - L / Black,Apparel & Footwear,Basic Apparel,613372838951,EA,24,0.4,15.2,13.8,1.1,0.1335,APP,stable,2024-01-12,True,0.4176,0.5692,C,C,False
SKU-01083,Essential Crew Tee - XXL / Grey,Apparel & Footwear,Basic Apparel,268804063818,EA,12,0.79,11.4,8.1,3.1,0.1657,APP,stable,2022-06-10,True,8.2391,11.2296,A,A,False
SKU-01084,Essential Polo - XS / Tan,Apparel & Footwear,Basic Apparel,668954679697,EA,48,0.55,19.8,14.0,3.4,0.5454,APP,stable,2022-12-24,True,3.3026,4.5014,A,A,False
SKU-01085,Essential T-Shirt - M / Black,Apparel & Footwear,Basic Apparel,570847255146,EA,48,0.45,12.2,9.3,3.2,0.2101,APP,stable,2022-07-19,True,0.5003,0.6819,C,B,True
SKU-01086,Relaxed Polo - M / Tan,Apparel & Footwear,Basic Apparel,772564324231,EA,12,1.04,18.7,16.0,2.1,0.3636,APP,stable,2023-05-14,True,0.7567,1.0313,C,B,True
SKU-01087,Premium T-Shirt - XL / Black,Apparel & Footwear,Basic Apparel,789430492876,EA,24,0.38,13.2,10.8,2.3,0.1897,APP,stable,2022-12-19,True,0.3738,0.5095,C,C,False
SKU-01088,Soft T-Shirt - XXL / Black,Apparel & Footwear,Basic Apparel,310772424197,EA,48,0.37,17.2,7.3,2.5,0.1817,APP,stable,2024-06-09,True,1.053,1.4352,B,B,False
SKU-01089,Classic Polo - XS / Slate Blue,Apparel & Footwear,Basic Apparel,690301921094,EA,24,0.87,12.0,13.5,1.7,0.1594,APP,stable,2024-08-02,True,0.4595,0.6263,C,C,False
SKU-01090,Relaxed Long Sleeve Tee - XS / Tan,Apparel & Footwear,Basic Apparel,014153215169,EA,48,1.35,14.2,7.6,2.4,0.1499,APP,stable,2023-04-02,True,0.4608,0.6281,C,C,False
SKU-01091,Everyday Long Sleeve Tee - XXL / Grey,Apparel & Footwear,Basic Apparel,113850943836,EA,48,1.4,11.1,14.4,2.1,0.1943,APP,stable,2023-09-23,True,0.7379,1.0058,C,B,True
SKU-01092,Essential Polo - XXL / Black,Apparel & Footwear,Basic Apparel,425239070469,EA,12,0.66,8.9,15.9,1.5,0.1228,APP,stable,2025-03-21,True,0.5367,0.7315,C,B,True
SKU-01093,Everyday Long Sleeve Tee - XXL / White,Apparel & Footwear,Basic Apparel,390955929234,EA,24,1.36,8.7,9.3,1.2,0.0562,APP,stable,2024-05-09,True,0.3864,0.5266,C,C,False
SKU-01094,Soft Henley - M / Grey,Apparel & Footwear,Basic Apparel,245395514647,EA,6,0.23,15.9,11.7,3.7,0.3983,APP,stable,2024-11-23,True,0.682,0.9296,C,B,True
SKU-01095,Relaxed Crewneck Sweatshirt - XS / Tan,Apparel & Footwear,Basic Apparel,779530685930,EA,24,0.61,18.4,10.6,2.6,0.2935,APP,stable,2024-12-31,True,1.9053,2.5968,B,B,False
SKU-01096,Soft Henley - XS / Olive,Apparel & Footwear,Basic Apparel,573551201499,EA,24,1.11,15.3,9.2,2.6,0.2118,APP,stable,2023-08-08,True,0.4007,0.5461,C,C,False
SKU-01097,Classic Crewneck Sweatshirt - XS / Dusty Rose,Apparel & Footwear,Basic Apparel,010727371324,EA,24,0.67,18.9,9.3,2.5,0.2543,APP,stable,2024-11-06,True,0.4393,0.5987,C,C,False
SKU-01098,Essential Henley - S / Olive,Apparel & Footwear,Basic Apparel,715380059954,EA,12,1.45,9.0,12.1,3.1,0.1954,APP,stable,2022-03-20,True,0.4079,0.5559,C,C,False
SKU-01099,Modern Henley - S / Burgundy,Apparel & Footwear,Basic Apparel,230688171671,EA,6,0.36,12.7,14.9,3.6,0.3942,APP,stable,2025-02-25,True,0.388,0.5288,C,C,False
SKU-01100,Soft Long Sleeve Tee - M / Grey,Apparel & Footwear,Basic Apparel,233423636118,EA,12,1.0,14.0,7.6,1.9,0.117,APP,stable,2023-06-09,True,0.3704,0.5049,C,C,False
SKU-01101,Classic Henley - L / Navy,Apparel & Footwear,Basic Apparel,169606012300,EA,24,0.39,13.1,9.6,2.8,0.2038,APP,stable,2023-12-07,True,0.3889,0.53,C,C,False
SKU-01102,Soft Long Sleeve Tee - M / Navy,Apparel & Footwear,Basic Apparel,931337705363,EA,24,0.76,16.8,6.8,2.9,0.1917,APP,stable,2023-02-04,True,0.606,0.826,C,B,True
SKU-01103,Classic T-Shirt - XXL / White,Apparel & Footwear,Basic Apparel,921680680501,EA,12,0.46,19.4,16.0,3.5,0.6287,APP,stable,2024-05-03,True,2.6523,3.615,B,A,True
SKU-01104,Classic Crewneck Sweatshirt - XL / Dusty Rose,Apparel & Footwear,Basic Apparel,470867435698,EA,6,1.24,18.4,10.7,2.4,0.2734,APP,stable,2024-11-25,True,2.612,3.5601,B,A,True
SKU-01105,Essential T-Shirt - XL / White,Apparel & Footwear,Basic Apparel,812550481845,EA,24,0.7,8.7,9.5,3.3,0.1578,APP,stable,2023-02-16,True,1.1033,1.5037,B,B,False
SKU-01106,Soft Polo - XS / Olive,Apparel & Footwear,Basic Apparel,190006917720,EA,12,0.34,18.1,12.9,1.4,0.1892,APP,stable,2025-02-16,True,2.3328,3.1795,B,A,True
SKU-01107,Soft Crew Tee - L / Olive,Apparel & Footwear,Basic Apparel,157802251993,EA,12,0.81,19.9,8.0,2.8,0.258,APP,stable,2023-12-24,True,2.9061,3.9609,A,A,False
SKU-01108,Everyday Long Sleeve Tee - XS / White,Apparel & Footwear,Basic Apparel,186906569310,EA,12,1.36,12.0,9.2,1.9,0.1214,APP,stable,2024-10-30,True,0.5532,0.754,C,B,True
SKU-01109,Modern Crew Tee - XS / Olive,Apparel & Footwear,Basic Apparel,507342215162,EA,24,0.39,9.4,12.2,1.4,0.0929,APP,stable,2023-09-01,True,0.5098,0.6949,C,B,True
SKU-01110,Everyday Crewneck Sweatshirt - XXL / Burgundy,Apparel & Footwear,Basic Apparel,492516040343,EA,12,1.19,18.2,13.3,2.9,0.4062,APP,stable,2024-11-29,True,0.3762,0.5127,C,C,False
SKU-01111,Relaxed Polo - XS / White,Apparel & Footwear,Basic Apparel,441074433986,EA,12,1.24,8.7,12.4,3.6,0.2248,APP,stable,2023-01-29,True,1.3071,1.7816,B,B,False
SKU-01112,Modern Crewneck Sweatshirt - XS / Black,Apparel & Footwear,Basic Apparel,524075386615,EA,24,0.87,16.5,12.9,1.2,0.1478,APP,stable,2022-06-03,True,0.8741,1.1914,B,B,False
SKU-01113,Modern Crew Tee - XXL / Grey,Apparel & Footwear,Basic Apparel,367299174652,EA,6,0.42,8.9,15.1,3.7,0.2878,APP,stable,2023-09-29,True,0.3618,0.4931,C,C,False
SKU-01114,Everyday V-Neck Tee - L / Olive,Apparel & Footwear,Basic Apparel,564564508187,EA,48,1.27,18.3,11.2,2.6,0.3084,APP,stable,2025-04-23,True,0.3583,0.4884,C,C,False
SKU-01115,Soft T-Shirt - M / Burgundy,Apparel & Footwear,Basic Apparel,736764646432,EA,12,0.27,18.9,12.7,1.0,0.1389,APP,stable,2023-01-28,True,0.7174,0.9778,C,B,True
SKU-01116,Essential T-Shirt - L / Slate Blue,Apparel & Footwear,Basic Apparel,017841921137,EA,12,0.33,14.1,6.9,1.1,0.0619,APP,stable,2023-12-17,True,0.48,0.6542,C,C,False
SKU-01117,Relaxed V-Neck Tee - L / Dusty Rose,Apparel & Footwear,Basic Apparel,808969526612,EA,12,1.43,16.0,10.8,3.0,0.3,APP,stable,2023-08-20,True,0.3875,0.5281,C,C,False
SKU-01118,Modern Long Sleeve Tee - XXL / Grey,Apparel & Footwear,Basic Apparel,075286164749,EA,48,1.2,19.3,8.7,3.1,0.3012,APP,stable,2025-04-04,True,1.3671,1.8633,B,B,False
SKU-01119,Classic Crew Tee - XXL / Black,Apparel & Footwear,Basic Apparel,986476139308,EA,48,0.46,9.7,6.7,2.4,0.0903,APP,stable,2023-04-16,True,3.4886,4.7549,A,A,False
SKU-01120,Modern Crew Tee - XS / Slate Blue,Apparel & Footwear,Basic Apparel,045683187504,EA,24,0.66,19.0,10.5,1.6,0.1847,APP,stable,2022-08-21,True,1.2573,1.7136,B,B,False
SKU-01121,Premium Long Sleeve Tee - XL / Dusty Rose,Apparel & Footwear,Basic Apparel,839115815275,EA,24,0.8,13.0,6.1,2.1,0.0964,APP,stable,2024-07-11,True,154.8944,211.1164,A,A,False
SKU-01122,Essential Henley - L / Burgundy,Apparel & Footwear,Basic Apparel,241085771684,EA,48,1.03,16.3,8.3,1.3,0.1018,APP,stable,2022-05-11,True,2.2287,3.0376,B,A,True
SKU-01123,Premium T-Shirt - XXL / Grey,Apparel & Footwear,Basic Apparel,914169927885,EA,12,0.33,18.6,13.8,2.3,0.3416,APP,stable,2023-11-28,True,0.4183,0.5701,C,C,False
SKU-01124,Relaxed Long Sleeve Tee - XS / Slate Blue,Apparel & Footwear,Basic Apparel,029939203501,EA,24,1.01,10.6,9.7,3.8,0.2261,APP,stable,2023-05-25,True,30.9789,42.2233,A,A,False
SKU-01125,Relaxed T-Shirt - XS / Olive,Apparel & Footwear,Basic Apparel,255228717140,EA,24,1.49,18.8,15.2,1.6,0.2646,APP,stable,2024-10-21,True,0.3494,0.4762,C,C,False
SKU-01126,Soft V-Neck Tee - XS / Tan,Apparel & Footwear,Basic Apparel,520704079335,EA,24,0.45,8.9,14.5,3.3,0.2464,APP,stable,2024-03-01,True,6.8236,9.3003,A,A,False
SKU-01127,Modern Polo - XL / Navy,Apparel & Footwear,Basic Apparel,533537104013,EA,6,0.44,15.0,13.3,3.3,0.381,APP,stable,2024-09-02,True,2.0763,2.83,B,A,True
SKU-01128,Soft Crewneck Sweatshirt - M / Tan,Apparel & Footwear,Basic Apparel,073623798755,EA,48,0.69,9.1,11.5,3.0,0.1817,APP,stable,2024-09-21,True,0.348,0.4743,C,C,False
SKU-01129,Premium Polo - XXL / White,Apparel & Footwear,Basic Apparel,799906995980,EA,48,1.04,15.1,12.5,3.3,0.3605,APP,stable,2023-05-06,True,0.6767,0.9223,C,B,True
SKU-01130,Relaxed Polo - XXL / Navy,Apparel & Footwear,Basic Apparel,109270862829,EA,24,0.43,11.5,8.3,2.4,0.1326,APP,stable,2023-12-14,True,1.2919,1.7608,B,B,False
SKU-01131,Relaxed V-Neck Tee - XXL / Slate Blue,Apparel & Footwear,Basic Apparel,970590708584,EA,24,0.54,18.2,6.2,3.9,0.2547,APP,stable,2022-09-09,True,0.349,0.4757,C,C,False
SKU-01132,Essential Crewneck Sweatshirt - XL / Black,Apparel & Footwear,Basic Apparel,813646588442,EA,12,1.03,13.2,7.5,2.4,0.1375,APP,stable,2022-09-16,True,0.4854,0.6616,C,C,False
SKU-01133,Classic Polo - S / Tan,Apparel & Footwear,Basic Apparel,129437610873,EA,48,1.1,16.5,10.8,3.6,0.3713,APP,stable,2024-12-26,True,0.5477,0.7465,C,B,True
SKU-01134,Modern Long Sleeve Tee - L / Grey,Apparel & Footwear,Basic Apparel,212272175272,EA,24,0.3,18.1,13.6,1.9,0.2707,APP,stable,2025-04-14,True,0.436,0.5942,C,C,False
SKU-01135,Classic Crewneck Sweatshirt - L / Burgundy,Apparel & Footwear,Basic Apparel,793448968078,EA,24,0.98,16.3,12.2,2.7,0.3107,APP,stable,2023-07-08,True,0.3826,0.5215,C,C,False
SKU-01136,Essential V-Neck Tee - M / Black,Apparel & Footwear,Basic Apparel,824092649876,EA,6,1.05,10.2,9.8,3.6,0.2082,APP,stable,2022-06-11,True,3.1676,4.3173,A,A,False
SKU-01137,Premium Crew Tee - XL / Slate Blue,Apparel & Footwear,Basic Apparel,974012481530,EA,24,0.79,12.7,7.5,1.7,0.0937,APP,stable,2023-02-18,True,0.5404,0.7366,C,B,True
SKU-01138,Relaxed Crewneck Sweatshirt - S / White,Apparel & Footwear,Basic Apparel,924217454795,EA,6,0.86,18.3,12.5,1.0,0.1324,APP,stable,2024-05-03,True,0.5146,0.7014,C,B,True
SKU-01139,Relaxed Long Sleeve Tee - XL / Dusty Rose,Apparel & Footwear,Basic Apparel,596226010740,EA,24,0.33,10.4,9.4,2.7,0.1528,APP,stable,2023-04-15,True,0.5951,0.8111,C,B,True
SKU-01140,Classic Crewneck Sweatshirt - L / Dusty Rose,Apparel & Footwear,Basic Apparel,046359221528,EA,12,0.41,10.2,11.1,2.1,0.1376,APP,stable,2023-04-05,True,0.633,0.8628,C,B,True
SKU-01141,Everyday T-Shirt - L / Black,Apparel & Footwear,Basic Apparel,344748214063,EA,12,0.62,14.6,5.9,2.6,0.1296,APP,stable,2023-09-05,True,0.3375,0.46,C,C,False
SKU-01142,Classic Long Sleeve Tee - L / Black,Apparel & Footwear,Basic Apparel,949033664252,EA,12,0.69,15.5,10.6,3.8,0.3613,APP,stable,2024-04-19,True,3.8057,5.1871,A,A,False
SKU-01143,Premium Henley - XS / White,Apparel & Footwear,Basic Apparel,047339940679,EA,48,1.17,19.3,8.9,1.6,0.159,APP,stable,2023-05-16,True,1.2016,1.6378,B,B,False
SKU-01144,Modern Henley - XL / Olive,Apparel & Footwear,Basic Apparel,193204912106,EA,12,0.52,15.3,9.4,2.3,0.1914,APP,stable,2022-12-25,True,0.4339,0.5914,C,C,False
SKU-01145,Premium Henley - S / Dusty Rose,Apparel & Footwear,Basic Apparel,457706983783,EA,48,1.03,12.0,5.7,2.4,0.095,APP,stable,2023-05-13,True,1.799,2.452,B,B,False
SKU-01146,Everyday V-Neck Tee - XS / Navy,Apparel & Footwear,Basic Apparel,833799197102,EA,48,1.17,19.5,9.6,2.9,0.3142,APP,stable,2022-12-20,True,0.3894,0.5307,C,C,False
SKU-01147,Modern Long Sleeve Tee - M / Tan,Apparel & Footwear,Basic Apparel,569191778197,EA,6,1.02,18.9,8.5,3.5,0.3254,APP,stable,2023-08-09,True,1.3635,1.8584,B,B,False
SKU-01148,Modern Henley - XL / Dusty Rose,Apparel & Footwear,Basic Apparel,774735397545,EA,24,0.82,11.3,15.8,3.2,0.3306,APP,stable,2024-07-05,True,0.3454,0.4708,C,C,False
SKU-01149,Soft Polo - M / Dusty Rose,Apparel & Footwear,Basic Apparel,798420566077,EA,24,0.57,16.8,8.7,3.2,0.2707,APP,stable,2023-09-14,True,0.3466,0.4724,C,C,False
SKU-01150,Classic T-Shirt - XXL / Navy,Apparel & Footwear,Basic Apparel,624478616301,EA,48,0.84,14.8,10.7,2.0,0.1833,APP,stable,2024-01-08,True,0.3426,0.467,C,C,False
SKU-01151,Classic V-Neck Tee - M / Olive,Apparel & Footwear,Basic Apparel,120411174932,EA,12,0.37,17.1,6.1,3.0,0.1811,APP,stable,2022-05-02,True,1.0854,1.4794,B,B,False
SKU-01152,Premium Henley - M / White,Apparel & Footwear,Basic Apparel,742056243872,EA,24,0.62,14.7,12.7,1.6,0.1729,APP,stable,2022-06-06,True,2.2711,3.0955,B,A,True
SKU-01153,Classic Crew Tee - L / Grey,Apparel & Footwear,Basic Apparel,400682556983,EA,48,0.38,15.3,8.4,1.5,0.1116,APP,stable,2025-04-11,True,0.4617,0.6293,C,C,False
SKU-01154,Modern Polo - XXL / Slate Blue,Apparel & Footwear,Basic Apparel,021176239529,EA,12,0.39,9.4,10.1,3.2,0.1758,APP,stable,2024-06-15,True,1.2226,1.6663,B,B,False
SKU-01155,Classic V-Neck Tee - XL / Navy,Apparel & Footwear,Basic Apparel,879505472646,EA,12,0.87,17.7,12.6,3.3,0.4259,APP,stable,2024-02-29,True,0.3906,0.5324,C,C,False
SKU-01156,Essential T-Shirt - L / Navy,Apparel & Footwear,Basic Apparel,221642864561,EA,24,1.28,10.8,6.7,2.0,0.0838,APP,stable,2024-07-23,True,0.8437,1.1499,B,B,False
SKU-01157,Relaxed Crewneck Sweatshirt - S / Burgundy,Apparel & Footwear,Basic Apparel,822060891091,EA,12,0.88,16.8,9.4,1.7,0.1554,APP,stable,2022-08-06,True,1.0204,1.3908,B,B,False
SKU-01158,Classic Crewneck Sweatshirt - L / Black,Apparel & Footwear,Basic Apparel,503268079963,EA,6,1.06,13.2,12.1,3.8,0.3512,APP,stable,2022-05-12,True,0.7815,1.0652,B,B,False
SKU-01159,Soft Crewneck Sweatshirt - XXL / White,Apparel & Footwear,Basic Apparel,126588806893,EA,24,0.65,16.6,14.7,1.5,0.2118,APP,stable,2024-02-01,True,1.5838,2.1587,B,B,False
SKU-01160,Modern Long Sleeve Tee - L / Tan,Apparel & Footwear,Basic Apparel,514907128253,EA,24,0.64,18.9,6.4,2.7,0.189,APP,stable,2024-02-02,True,0.7645,1.042,C,B,True
SKU-01161,Essential Long Sleeve Tee - XS / Tan,Apparel & Footwear,Basic Apparel,845111632631,EA,24,1.26,14.8,9.7,3.2,0.2659,APP,stable,2023-08-17,True,1.2583,1.715,B,B,False
SKU-01162,Soft T-Shirt - XL / Slate Blue,Apparel & Footwear,Basic Apparel,708330246751,EA,12,0.55,16.3,5.3,2.4,0.12,APP,stable,2023-01-12,True,3.5364,4.82,A,A,False
SKU-01163,Modern Henley - L / Tan,Apparel & Footwear,Basic Apparel,478767022671,EA,12,0.96,14.1,11.6,2.0,0.1893,APP,stable,2023-10-20,True,0.3238,0.4413,C,C,False
SKU-01164,Modern Crew Tee - XXL / Grey,Apparel & Footwear,Basic Apparel,004526291651,EA,24,0.2,10.3,11.9,3.6,0.2554,APP,stable,2024-12-01,True,0.922,1.2566,B,B,False
SKU-01165,Soft Crewneck Sweatshirt - S / White,Apparel & Footwear,Basic Apparel,598257064082,EA,48,1.03,10.6,15.2,3.8,0.3543,APP,stable,2024-09-22,True,0.5177,0.7056,C,B,True
SKU-01166,Relaxed Polo - XL / Burgundy,Apparel & Footwear,Basic Apparel,953172606656,EA,48,0.68,19.4,14.3,1.9,0.305,APP,stable,2022-09-13,True,0.3283,0.4475,C,C,False
SKU-01167,Premium Long Sleeve Tee - L / Navy,Apparel & Footwear,Basic Apparel,437510218261,EA,12,1.33,9.9,13.2,1.4,0.1059,APP,stable,2022-05-25,True,0.3649,0.4974,C,C,False
SKU-01168,Everyday Long Sleeve Tee - M / Olive,Apparel & Footwear,Basic Apparel,045972514554,EA,12,0.57,14.0,16.0,2.7,0.35,APP,stable,2022-11-01,True,0.3265,0.445,C,C,False
SKU-01169,Relaxed Crewneck Sweatshirt - S / Grey,Apparel & Footwear,Basic Apparel,912299262020,EA,48,0.25,15.4,12.8,3.9,0.4449,APP,stable,2022-11-15,True,0.4762,0.649,C,C,False
SKU-01170,Relaxed Henley - XXL / Tan,Apparel & Footwear,Basic Apparel,111668027641,EA,12,0.94,14.8,14.7,1.7,0.214,APP,stable,2024-11-01,True,59.5748,81.1986,A,A,False
SKU-01171,Everyday Crewneck Sweatshirt - XXL / Tan,Apparel & Footwear,Basic Apparel,433387215673,EA,12,1.37,9.4,5.3,3.3,0.0951,APP,stable,2025-01-20,True,0.7178,0.9783,C,B,True
SKU-01172,Modern V-Neck Tee - XXL / Tan,Apparel & Footwear,Basic Apparel,080342985477,EA,12,1.09,11.8,14.5,3.8,0.3763,APP,stable,2022-09-27,True,0.6241,0.8506,C,B,True
SKU-01173,Soft Crew Tee - S / Navy,Apparel & Footwear,Basic Apparel,421517430207,EA,12,0.56,9.4,11.9,2.8,0.1813,APP,stable,2022-11-14,True,0.3495,0.4763,C,C,False
SKU-01174,Premium Polo - M / Burgundy,Apparel & Footwear,Basic Apparel,672350352292,EA,48,1.44,9.8,14.8,3.3,0.277,APP,stable,2022-06-02,True,0.3914,0.5335,C,C,False
SKU-01175,Soft Crew Tee - XXL / Grey,Apparel & Footwear,Basic Apparel,825695195112,EA,24,0.4,19.2,10.5,3.5,0.4083,APP,stable,2022-05-07,True,0.4909,0.6691,C,B,True
SKU-01176,Premium Henley - XXL / Burgundy,Apparel & Footwear,Basic Apparel,655535346719,EA,6,0.33,15.6,5.7,1.2,0.0617,APP,stable,2024-07-03,True,0.5191,0.7075,C,B,True
SKU-01177,Soft T-Shirt - M / Tan,Apparel & Footwear,Basic Apparel,260426082554,EA,12,0.62,11.9,13.4,2.0,0.1846,APP,stable,2024-07-13,True,0.5712,0.7785,C,B,True
SKU-01178,Relaxed Henley - XL / Slate Blue,Apparel & Footwear,Basic Apparel,315285298312,EA,12,0.87,11.1,14.3,2.2,0.2021,APP,stable,2024-02-01,True,5.4927,7.4864,A,A,False
SKU-01179,Soft Polo - XL / Olive,Apparel & Footwear,Basic Apparel,271784678522,EA,12,1.46,18.1,6.6,2.8,0.1936,APP,stable,2025-03-17,True,4.2553,5.7999,A,A,False
SKU-01180,Modern Long Sleeve Tee - XS / Tan,Apparel & Footwear,Basic Apparel,588080868411,EA,6,0.68,8.7,9.3,3.5,0.1639,APP,stable,2022-10-22,True,0.4524,0.6166,C,C,False
SKU-01181,Classic T-Shirt - L / Grey,Apparel & Footwear,Basic Apparel,933619701672,EA,24,0.48,8.9,13.2,2.8,0.1904,APP,stable,2023-11-14,True,0.4273,0.5824,C,C,False
SKU-01182,Classic Polo - XS / Navy,Apparel & Footwear,Basic Apparel,438823486523,EA,6,0.75,12.7,7.1,3.4,0.1774,APP,stable,2023-02-18,True,0.3831,0.5222,C,C,False
SKU-01183,Everyday Crewneck Sweatshirt - S / Olive,Apparel & Footwear,Basic Apparel,452437638496,EA,48,1.22,13.8,9.7,2.7,0.2092,APP,stable,2022-03-24,True,0.4737,0.6456,C,C,False
SKU-01184,Soft V-Neck Tee - S / Black,Apparel & Footwear,Basic Apparel,546332187486,EA,24,0.54,10.8,6.9,3.1,0.1337,APP,stable,2025-01-10,True,0.9314,1.2695,B,B,False
SKU-01185,Soft Crewneck Sweatshirt - M / Navy,Apparel & Footwear,Basic Apparel,228340337191,EA,24,0.34,8.8,9.0,2.4,0.11,APP,stable,2025-05-16,True,0.3318,0.4523,C,C,False
SKU-01186,Modern Henley - XS / Burgundy,Apparel & Footwear,Basic Apparel,693954318749,EA,12,1.11,19.2,11.8,1.3,0.1704,APP,stable,2022-11-22,True,0.3888,0.5299,C,C,False
SKU-01187,Modern Long Sleeve Tee - XS / Tan,Apparel & Footwear,Basic Apparel,012811036242,EA,24,1.01,15.3,15.8,1.2,0.1679,APP,stable,2025-04-21,True,4.7514,6.476,A,A,False
SKU-01188,Modern Crew Tee - XXL / Tan,Apparel & Footwear,Basic Apparel,992559930007,EA,24,0.94,12.8,11.1,1.9,0.1562,APP,stable,2022-09-26,True,3.5044,4.7764,A,A,False
SKU-01189,Relaxed Crew Tee - XL / Olive,Apparel & Footwear,Basic Apparel,759220780477,EA,48,0.28,15.5,12.3,1.4,0.1545,APP,stable,2023-01-27,True,0.3934,0.5362,C,C,False
SKU-01190,Soft Polo - XS / Slate Blue,Apparel & Footwear,Basic Apparel,760417430178,EA,12,1.49,13.3,9.7,1.8,0.1344,APP,stable,2022-09-26,True,0.8948,1.2196,B,B,False
SKU-01191,Relaxed Long Sleeve Tee - XXL / Burgundy,Apparel & Footwear,Basic Apparel,534510615723,EA,48,0.66,16.3,10.4,3.3,0.3237,APP,stable,2025-04-10,True,2.2223,3.0289,B,A,True
SKU-01192,Premium T-Shirt - XS / Olive,Apparel & Footwear,Basic Apparel,574843386174,EA,12,0.42,12.9,12.9,2.1,0.2022,APP,stable,2025-01-27,True,5.4349,7.4076,A,A,False
SKU-01193,Essential Henley - L / Navy,Apparel & Footwear,Basic Apparel,551935867145,EA,12,0.27,8.8,6.2,3.5,0.1105,APP,stable,2024-02-26,True,0.4995,0.6808,C,B,True
SKU-01194,Soft Polo - XXL / Burgundy,Apparel & Footwear,Basic Apparel,861571564713,EA,48,1.41,19.2,7.2,2.9,0.232,APP,stable,2023-09-27,True,0.7258,0.9893,C,B,True
SKU-01195,Modern Henley - XL / Navy,Apparel & Footwear,Basic Apparel,126837808167,EA,48,0.35,19.2,6.2,1.6,0.1102,APP,stable,2024-02-04,True,0.9176,1.2507,B,B,False
SKU-01196,Modern Polo - S / Olive,Apparel & Footwear,Basic Apparel,421737432629,EA,12,0.23,19.6,6.7,2.5,0.19,APP,stable,2022-10-11,True,0.7115,0.9698,C,B,True
SKU-01197,Relaxed Crew Tee - XXL / White,Apparel & Footwear,Basic Apparel,006238110206,EA,24,0.74,13.3,14.8,1.1,0.1253,APP,stable,2024-10-18,True,4.3388,5.9136,A,A,False
SKU-01198,Essential Crew Tee - XXL / Tan,Apparel & Footwear,Basic Apparel,012814510105,EA,48,0.59,13.6,7.5,4.0,0.2361,APP,stable,2024-04-03,True,0.3356,0.4574,C,C,False
SKU-01199,Classic Long Sleeve Tee - XS / Slate Blue,Apparel & Footwear,Basic Apparel,016115026170,EA,24,0.5,19.5,10.1,3.8,0.4331,APP,stable,2025-02-21,True,2.2034,3.0031,B,A,True
SKU-01200,Everyday Henley - M / Grey,Apparel & Footwear,Basic Apparel,036385984840,EA,12,1.18,11.4,15.8,1.5,0.1564,APP,stable,2024-01-29,True,0.456,0.6215,C,C,False
SKU-01201,Essential Henley - M / Black,Apparel & Footwear,Basic Apparel,843493580579,EA,6,1.28,8.0,10.9,1.8,0.0908,APP,stable,2023-01-22,True,0.5638,0.7685,C,B,True
SKU-01202,Everyday Long Sleeve Tee - XXL / Grey,Apparel & Footwear,Basic Apparel,218965366565,EA,48,0.66,13.9,9.3,3.5,0.2618,APP,stable,2023-04-01,True,0.4469,0.6091,C,C,False
SKU-01203,Classic Crew Tee - M / Black,Apparel & Footwear,Basic Apparel,968501077475,EA,24,1.05,10.6,11.4,2.1,0.1469,APP,stable,2023-03-27,True,0.4197,0.572,C,C,False
SKU-01204,Modern Polo - XL / Olive,Apparel & Footwear,Basic Apparel,362231613399,EA,6,1.05,17.0,7.3,1.3,0.0934,APP,stable,2024-11-19,True,309.7889,422.2328,A,A,False
SKU-01205,Relaxed Crewneck Sweatshirt - XL / Tan,Apparel & Footwear,Basic Apparel,585127505402,EA,48,0.59,19.0,15.6,1.7,0.2916,APP,stable,2023-02-18,True,0.9797,1.3353,B,B,False
SKU-01206,Everyday T-Shirt - XXL / Burgundy,Apparel & Footwear,Basic Apparel,681361825361,EA,6,0.22,13.6,12.7,1.1,0.1099,APP,stable,2023-10-02,True,0.8051,1.0973,B,B,False
SKU-01207,Premium Crew Tee - S / Tan,Apparel & Footwear,Basic Apparel,735668622689,EA,24,1.02,13.2,9.7,3.3,0.2445,APP,stable,2023-09-10,True,25.3925,34.6092,A,A,False
SKU-01208,Classic Crewneck Sweatshirt - XL / Grey,Apparel & Footwear,Basic Apparel,004922296619,EA,12,1.47,11.7,11.2,1.9,0.1441,APP,stable,2022-04-16,True,1.0104,1.3771,B,B,False
SKU-01209,Relaxed Henley - XL / Slate Blue,Apparel & Footwear,Basic Apparel,362120927432,EA,24,0.94,20.0,13.4,2.6,0.4032,APP,stable,2023-09-28,True,0.3721,0.5071,C,C,False
SKU-01210,Classic V-Neck Tee - S / Navy,Apparel & Footwear,Basic Apparel,081662098161,EA,24,1.06,15.9,14.8,3.9,0.5311,APP,stable,2024-05-15,True,0.8796,1.1988,B,B,False
SKU-01211,Soft V-Neck Tee - M / Burgundy,Apparel & Footwear,Basic Apparel,410273934760,EA,6,0.95,16.2,5.1,3.3,0.1578,APP,stable,2024-10-04,True,0.6812,0.9284,C,B,True
SKU-01212,Everyday Crew Tee - XL / Tan,Apparel & Footwear,Basic Apparel,151942907562,EA,48,0.23,17.3,15.8,3.0,0.4745,APP,stable,2023-12-11,True,0.6346,0.8649,C,B,True
SKU-01213,Relaxed Henley - XXL / Black,Apparel & Footwear,Basic Apparel,919807208120,EA,6,0.79,11.8,10.3,2.1,0.1477,APP,stable,2025-03-10,True,0.357,0.4866,C,C,False
SKU-01214,Classic Polo - M / Dusty Rose,Apparel & Footwear,Basic Apparel,272697278877,EA,24,0.28,9.9,14.3,3.5,0.2867,APP,stable,2023-01-11,True,0.5356,0.73,C,B,True
SKU-01215,Essential Polo - XL / Navy,Apparel & Footwear,Basic Apparel,444061800349,EA,24,1.25,14.7,7.3,1.3,0.0807,APP,stable,2024-03-04,True,0.3638,0.4958,C,C,False
SKU-01216,Classic Polo - M / Slate Blue,Apparel & Footwear,Basic Apparel,566085607639,EA,24,0.51,12.8,8.3,3.0,0.1844,APP,stable,2022-06-25,True,0.4291,0.5848,C,C,False
SKU-01217,Modern T-Shirt - L / Olive,Apparel & Footwear,Basic Apparel,123462703624,EA,24,0.47,16.9,13.7,3.6,0.4824,APP,stable,2024-08-04,True,0.5863,0.7991,C,B,True
SKU-01218,Premium Polo - M / Black,Apparel & Footwear,Basic Apparel,185781006901,EA,12,1.3,13.9,15.9,3.4,0.4349,APP,stable,2024-02-19,True,1.5969,2.1765,B,B,False
SKU-01219,Premium Crewneck Sweatshirt - M / Tan,Apparel & Footwear,Basic Apparel,131640045136,EA,12,0.99,10.5,7.5,2.4,0.1094,APP,stable,2025-01-06,True,0.5305,0.723,C,B,True
SKU-01220,Modern Henley - L / Dusty Rose,Apparel & Footwear,Basic Apparel,926292089392,EA,12,0.46,17.6,7.6,3.2,0.2477,APP,stable,2023-09-02,True,3.8435,5.2386,A,A,False
SKU-01221,Classic V-Neck Tee - XXL / Navy,Apparel & Footwear,Basic Apparel,441309142139,EA,12,0.7,17.5,15.9,2.6,0.4187,APP,stable,2022-04-23,True,0.4354,0.5935,C,C,False
SKU-01222,Everyday Henley - XS / White,Apparel & Footwear,Basic Apparel,146383336117,EA,12,0.77,12.2,12.5,3.5,0.3089,APP,stable,2025-01-19,True,1.4107,1.9227,B,B,False
SKU-01223,Essential Crewneck Sweatshirt - XL / Tan,Apparel & Footwear,Basic Apparel,099118401456,EA,6,0.72,18.0,9.4,1.9,0.186,APP,stable,2024-03-15,True,0.9247,1.2604,B,B,False
SKU-01224,Classic Polo - XS / Navy,Apparel & Footwear,Basic Apparel,079504201445,EA,24,0.89,10.4,11.3,1.4,0.0952,APP,stable,2024-07-15,True,0.5026,0.685,C,B,True
SKU-01225,Soft Polo - S / Slate Blue,Apparel & Footwear,Basic Apparel,518266877091,EA,12,1.08,8.9,7.3,3.2,0.1203,APP,stable,2023-12-17,True,0.3893,0.5306,C,C,False
SKU-01226,Modern T-Shirt - S / Tan,Apparel & Footwear,Basic Apparel,193351829183,EA,24,0.97,13.4,12.1,3.3,0.3096,APP,stable,2022-08-05,True,0.5343,0.7282,C,B,True
SKU-01227,Modern Polo - XXL / Slate Blue,Apparel & Footwear,Basic Apparel,911758942664,EA,12,0.65,9.8,10.7,4.0,0.2427,APP,stable,2024-07-19,True,0.5522,0.7526,C,B,True
SKU-01228,Soft Crewneck Sweatshirt - XS / Grey,Apparel & Footwear,Basic Apparel,636592011611,EA,12,0.75,9.1,12.8,3.5,0.2359,APP,stable,2022-11-19,True,0.3338,0.4549,C,C,False
SKU-01229,Classic Long Sleeve Tee - XXL / Burgundy,Apparel & Footwear,Basic Apparel,373562182351,EA,6,0.55,17.8,9.1,2.1,0.1969,APP,stable,2024-01-21,True,3.2472,4.4259,A,A,False
SKU-01230,Classic T-Shirt - XS / Black,Apparel & Footwear,Basic Apparel,529281675116,EA,48,0.95,15.3,14.2,2.6,0.3269,APP,stable,2023-06-23,True,2.2678,3.091,B,A,True
SKU-01231,Essential Crewneck Sweatshirt - M / Tan,Apparel & Footwear,Basic Apparel,150417092289,EA,6,1.22,8.9,7.2,3.7,0.1372,APP,stable,2025-01-14,True,4.2206,5.7525,A,A,False
SKU-01232,Classic Henley - S / Olive,Apparel & Footwear,Basic Apparel,681992132291,EA,12,1.47,10.0,7.9,1.3,0.0594,APP,stable,2022-11-12,True,0.8515,1.1606,B,B,False
SKU-01233,Relaxed Long Sleeve Tee - L / Slate Blue,Apparel & Footwear,Basic Apparel,451968271060,EA,12,0.28,19.6,15.2,1.4,0.2414,APP,stable,2022-11-04,True,0.5746,0.7831,C,B,True
SKU-01234,Relaxed V-Neck Tee - XS / Slate Blue,Apparel & Footwear,Basic Apparel,112398130039,EA,12,0.69,16.0,13.1,2.3,0.279,APP,stable,2023-03-17,True,1.4316,1.9512,B,B,False
SKU-01235,Soft T-Shirt - XL / Black,Apparel & Footwear,Basic Apparel,984213329626,EA,24,0.9,17.9,9.5,4.0,0.3936,APP,stable,2023-09-18,True,0.9853,1.343,B,B,False
SKU-01236,Soft Polo - XL / White,Apparel & Footwear,Basic Apparel,257056568157,EA,24,1.46,13.7,13.6,3.0,0.3235,APP,stable,2023-11-22,True,1.3781,1.8783,B,B,False
SKU-01237,Modern Polo - XL / Black,Apparel & Footwear,Basic Apparel,961094221176,EA,24,0.62,17.9,8.8,2.9,0.2644,APP,stable,2025-05-08,True,1.6836,2.2947,B,B,False
SKU-01238,Soft Crewneck Sweatshirt - XS / Burgundy,Apparel & Footwear,Basic Apparel,242626981180,EA,12,1.46,12.7,8.3,3.8,0.2318,APP,stable,2022-03-16,True,0.3579,0.4878,C,C,False
SKU-01239,Premium T-Shirt - M / Olive,Apparel & Footwear,Basic Apparel,972990268753,EA,6,0.21,16.5,11.7,2.7,0.3016,APP,stable,2022-07-12,True,0.3728,0.5081,C,C,False
SKU-01240,Premium T-Shirt - M / Dusty Rose,Apparel & Footwear,Basic Apparel,804742001238,EA,24,0.79,10.0,14.4,3.8,0.3167,APP,stable,2024-12-07,True,1.124,1.532,B,B,False
SKU-01241,Relaxed Long Sleeve Tee - XXL / Black,Apparel & Footwear,Basic Apparel,021796778094,EA,24,0.37,16.9,9.5,1.4,0.1301,APP,stable,2022-11-01,True,0.8377,1.1418,B,B,False
SKU-01242,Relaxed Crew Tee - XL / Navy,Apparel & Footwear,Basic Apparel,515934963196,EA,6,0.55,10.0,9.2,2.0,0.1065,APP,stable,2023-08-11,True,1.2026,1.6391,B,B,False
SKU-01243,Essential Polo - L / Tan,Apparel & Footwear,Basic Apparel,755936075839,EA,24,1.41,12.9,13.6,1.9,0.1929,APP,stable,2024-09-20,True,1.198,1.6328,B,B,False
SKU-01244,Everyday Polo - S / Olive,Apparel & Footwear,Basic Apparel,632580112110,EA,12,0.45,14.6,16.0,2.5,0.338,APP,stable,2023-01-28,True,0.5027,0.6852,C,B,True
SKU-01245,Soft Crewneck Sweatshirt - XXL / Burgundy,Apparel & Footwear,Basic Apparel,331380561152,EA,48,0.62,10.0,10.6,2.0,0.1227,APP,stable,2024-10-11,True,9.1654,12.4921,A,A,False
SKU-01246,Classic Henley - XL / Grey,Apparel & Footwear,Basic Apparel,000823506571,EA,6,0.63,9.9,8.8,1.7,0.0857,APP,stable,2022-11-29,True,0.9165,1.2492,B,B,False
SKU-01247,Classic T-Shirt - XS / Slate Blue,Apparel & Footwear,Basic Apparel,728639531621,EA,6,0.28,13.6,15.4,1.5,0.1818,APP,stable,2023-05-02,True,6.0743,8.2791,A,A,False
SKU-01248,Premium Henley - XS / Olive,Apparel & Footwear,Basic Apparel,021667082984,EA,24,0.53,15.4,6.0,2.6,0.139,APP,stable,2023-03-29,True,0.6291,0.8575,C,B,True
SKU-01249,Essential Polo - XXL / Burgundy,Apparel & Footwear,Basic Apparel,346738086533,EA,12,0.22,18.9,11.8,2.3,0.2968,APP,stable,2022-05-11,True,0.8964,1.2217,B,B,False
SKU-01250,Essential Long Sleeve Tee - XXL / Tan,Apparel & Footwear,Basic Apparel,978578286471,EA,24,1.02,14.5,11.6,2.9,0.2823,APP,stable,2023-07-17,True,0.8917,1.2154,B,B,False
SKU-01251,Straight Chino - 30x30 / Olive,Apparel & Footwear,Denim & Bottoms,521889347104,EA,24,1.67,17.2,15.1,1.3,0.1954,APP,declining,2023-12-05,True,2.1283,3.2232,B,A,True
SKU-01252,Straight Jeans - 30x28 / Tan,Apparel & Footwear,Denim & Bottoms,360613836399,EA,48,1.53,14.7,10.5,3.0,0.268,APP,declining,2024-02-14,True,0.4279,0.648,C,C,False
SKU-01253,Tapered Dress Pant - 36x28 / Olive,Apparel & Footwear,Denim & Bottoms,245831352329,EA,24,1.65,17.2,15.0,2.1,0.3135,APP,declining,2023-01-28,True,0.5922,0.8968,C,B,True
SKU-01254,Athletic Jeans - 32x28 / Navy,Apparel & Footwear,Denim & Bottoms,522126946862,EA,12,0.81,20.4,13.6,2.7,0.4335,APP,declining,2023-05-07,True,0.3889,0.5891,C,C,False
SKU-01255,Athletic Jogger Pant - 34x32 / Burgundy,Apparel & Footwear,Denim & Bottoms,613613773105,EA,24,1.15,18.4,8.4,2.2,0.1968,APP,declining,2023-06-27,True,1.5455,2.3405,B,B,False
SKU-01256,Straight Dress Pant - 30x28 / Olive,Apparel & Footwear,Denim & Bottoms,394077963675,EA,24,0.83,12.4,10.5,2.8,0.211,APP,declining,2022-04-16,True,0.5366,0.8126,C,B,True
SKU-01257,High-Rise Jeans - 30x32 / Dusty Rose,Apparel & Footwear,Denim & Bottoms,290963081076,EA,6,1.5,20.4,10.1,3.4,0.4054,APP,declining,2024-04-16,True,0.2844,0.4307,C,C,False
SKU-01258,Tapered Cargo Pant - 36x32 / Grey,Apparel & Footwear,Denim & Bottoms,909488373798,EA,24,1.72,16.1,8.1,1.7,0.1283,APP,declining,2024-03-12,True,0.4305,0.652,C,C,False
SKU-01259,High-Rise Jogger Pant - 32x32 / Slate Blue,Apparel & Footwear,Denim & Bottoms,070657313792,EA,12,1.51,17.1,8.9,2.8,0.2466,APP,declining,2022-07-31,True,0.5784,0.876,C,B,True
SKU-01260,Straight Jeans - 32x30 / Navy,Apparel & Footwear,Denim & Bottoms,735105199325,EA,12,1.14,16.9,11.9,1.8,0.2095,APP,declining,2022-08-17,True,0.4661,0.7058,C,B,True
SKU-01261,Athletic Dress Pant - 34x32 / Burgundy,Apparel & Footwear,Denim & Bottoms,116136386189,EA,12,1.43,20.3,11.6,2.3,0.3134,APP,declining,2024-03-28,True,0.5269,0.7979,C,B,True
SKU-01262,Straight Dress Pant - 32x34 / Dusty Rose,Apparel & Footwear,Denim & Bottoms,125192170316,EA,48,1.4,20.9,15.2,2.6,0.478,APP,declining,2024-10-05,True,0.6771,1.0253,C,B,True
SKU-01263,Tapered Cargo Pant - 32x34 / Tan,Apparel & Footwear,Denim & Bottoms,595836915958,EA,12,1.47,15.5,12.0,2.7,0.2906,APP,declining,2022-07-19,True,1.2143,1.839,B,B,False
SKU-01264,Slim Chino - 36x28 / Olive,Apparel & Footwear,Denim & Bottoms,438345630656,EA,24,1.47,13.7,14.0,2.2,0.2442,APP,declining,2023-10-04,True,1.4598,2.2106,B,B,False
SKU-01265,Modern Walking Short - 30x30 / Olive,Apparel & Footwear,Denim & Bottoms,947336301831,EA,48,0.88,21.4,11.3,2.3,0.3219,APP,declining,2022-03-09,True,0.3451,0.5226,C,C,False
SKU-01266,Athletic Dress Pant - 28x28 / Black,Apparel & Footwear,Denim & Bottoms,096745446976,EA,6,1.68,12.7,12.5,2.0,0.1837,APP,declining,2023-09-28,True,0.479,0.7255,C,B,True
SKU-01267,Modern Jogger Pant - 28x34 / Navy,Apparel & Footwear,Denim & Bottoms,589505845744,EA,12,1.36,15.2,13.6,2.8,0.335,APP,declining,2022-08-29,True,4.9966,7.5669,A,A,False
SKU-01268,Slim Jogger Pant - 32x34 / Grey,Apparel & Footwear,Denim & Bottoms,435752004778,EA,24,1.26,18.9,15.1,3.3,0.545,APP,declining,2025-04-25,True,0.8398,1.2718,B,B,False
SKU-01269,Relaxed Khaki Pant - 30x32 / Grey,Apparel & Footwear,Denim & Bottoms,995889368223,EA,12,2.13,16.5,15.2,3.4,0.4935,APP,declining,2022-12-24,True,0.5337,0.8083,C,B,True
SKU-01270,Tapered Jogger Pant - 36x28 / Slate Blue,Apparel & Footwear,Denim & Bottoms,346859744602,EA,12,1.02,21.3,9.6,3.6,0.426,APP,declining,2022-10-28,True,0.3593,0.5441,C,C,False
SKU-01271,Relaxed Jogger Pant - 28x30 / Grey,Apparel & Footwear,Denim & Bottoms,818812497939,EA,48,1.95,15.0,8.2,2.3,0.1637,APP,declining,2023-06-20,True,1.7895,2.7101,B,A,True
SKU-01272,Modern Jogger Pant - 30x34 / Grey,Apparel & Footwear,Denim & Bottoms,734019886217,EA,12,1.17,20.1,13.6,3.9,0.617,APP,declining,2025-05-21,True,3.0841,4.6707,A,A,False
SKU-01273,Straight Jogger Pant - 36x30 / Dusty Rose,Apparel & Footwear,Denim & Bottoms,627402342597,EA,12,1.58,15.6,11.1,1.7,0.1704,APP,declining,2023-03-21,True,0.2996,0.4536,C,C,False
SKU-01274,Relaxed Jeans - 30x34 / Navy,Apparel & Footwear,Denim & Bottoms,699936183457,EA,24,1.14,12.4,14.7,3.6,0.3797,APP,declining,2022-04-30,True,0.2956,0.4477,C,C,False
SKU-01275,Slim Cargo Pant - 32x30 / Black,Apparel & Footwear,Denim & Bottoms,432877022783,EA,12,1.91,16.2,11.0,1.9,0.1959,APP,declining,2023-08-08,True,0.2886,0.437,C,C,False
SKU-01276,Athletic Chino - 36x32 / Slate Blue,Apparel & Footwear,Denim & Bottoms,070336228475,EA,24,1.32,17.2,13.8,3.2,0.4396,APP,declining,2023-03-10,True,0.3407,0.5161,C,C,False
SKU-01277,Tapered Khaki Pant - 28x28 / Burgundy,Apparel & Footwear,Denim & Bottoms,155877589832,EA,6,2.08,15.0,14.8,1.9,0.2441,APP,declining,2022-03-17,True,0.5473,0.8289,C,B,True
SKU-01278,Slim Dress Pant - 36x32 / Olive,Apparel & Footwear,Denim & Bottoms,384958131095,EA,12,2.11,16.3,8.4,1.9,0.1505,APP,declining,2024-03-07,True,0.7337,1.1111,C,B,True
SKU-01279,High-Rise Jogger Pant - 36x30 / Slate Blue,Apparel & Footwear,Denim & Bottoms,375354253947,EA,12,0.97,13.1,9.2,1.6,0.1116,APP,declining,2023-04-27,True,0.4451,0.6741,C,B,True
SKU-01280,Athletic Khaki Pant - 32x28 / Tan,Apparel & Footwear,Denim & Bottoms,057403925374,EA,12,1.84,19.2,13.5,2.5,0.375,APP,declining,2023-07-14,True,0.8807,1.3336,B,B,False
SKU-01281,Relaxed Khaki Pant - 30x34 / Burgundy,Apparel & Footwear,Denim & Bottoms,874370003421,EA,12,1.5,13.1,10.7,2.1,0.1703,APP,declining,2023-10-21,True,1.6656,2.5223,B,B,False
SKU-01282,Modern Walking Short - 32x34 / Dusty Rose,Apparel & Footwear,Denim & Bottoms,632702795590,EA,12,1.6,21.3,13.2,1.1,0.179,APP,declining,2024-08-12,True,0.553,0.8374,C,B,True
SKU-01283,High-Rise Jeans - 36x30 / Dusty Rose,Apparel & Footwear,Denim & Bottoms,275213168924,EA,24,2.07,21.9,14.9,2.0,0.3777,APP,declining,2023-10-19,True,0.3944,0.5974,C,C,False
SKU-01284,Straight Chino - 28x32 / Navy,Apparel & Footwear,Denim & Bottoms,508632841224,EA,12,1.11,16.0,8.5,3.6,0.2833,APP,declining,2023-08-21,True,2.941,4.4539,A,A,False
SKU-01285,Straight Chino - 30x32 / White,Apparel & Footwear,Denim & Bottoms,394238192855,EA,12,1.7,21.4,10.7,2.8,0.371,APP,declining,2023-01-28,True,0.2808,0.4252,C,C,False
SKU-01286,Athletic Chino - 34x32 / White,Apparel & Footwear,Denim & Bottoms,873501960745,EA,48,1.47,18.0,15.8,1.8,0.2963,APP,declining,2022-09-15,True,0.5862,0.8878,C,B,True
SKU-01287,Tapered Dress Pant - 34x34 / Navy,Apparel & Footwear,Denim & Bottoms,524429909477,EA,24,1.31,21.1,13.2,3.4,0.548,APP,declining,2023-01-02,True,5.69,8.617,A,A,False
SKU-01288,High-Rise Chino - 34x28 / Navy,Apparel & Footwear,Denim & Bottoms,566857816395,EA,24,1.99,19.4,15.6,2.5,0.4378,APP,declining,2022-12-20,True,0.8044,1.2182,B,B,False
SKU-01289,Slim Chino - 36x30 / Grey,Apparel & Footwear,Denim & Bottoms,865592248578,EA,48,1.56,19.8,14.7,1.8,0.3032,APP,declining,2023-11-29,True,0.4283,0.6486,C,C,False
SKU-01290,Athletic Jogger Pant - 28x30 / Black,Apparel & Footwear,Denim & Bottoms,831951232487,EA,48,0.91,16.9,14.7,2.7,0.3882,APP,declining,2022-09-17,True,0.3199,0.4844,C,C,False
SKU-01291,Straight Cargo Pant - 30x34 / Black,Apparel & Footwear,Denim & Bottoms,592751231925,EA,24,0.88,19.9,13.8,3.7,0.588,APP,declining,2023-08-30,True,0.5592,0.8468,C,B,True
SKU-01292,Athletic Dress Pant - 32x28 / Navy,Apparel & Footwear,Denim & Bottoms,118719109227,EA,24,2.08,20.7,13.8,3.6,0.5951,APP,declining,2023-09-21,True,0.3849,0.5829,C,C,False
SKU-01293,Tapered Jogger Pant - 34x34 / Grey,Apparel & Footwear,Denim & Bottoms,581687903453,EA,12,0.92,14.7,10.6,2.0,0.1803,APP,declining,2022-08-29,True,0.687,1.0405,C,B,True
SKU-01294,Straight Walking Short - 34x30 / Grey,Apparel & Footwear,Denim & Bottoms,738713896237,EA,24,2.14,16.2,15.8,1.0,0.1481,APP,declining,2024-09-28,True,2.0262,3.0686,B,A,True
SKU-01295,High-Rise Dress Pant - 36x32 / Grey,Apparel & Footwear,Denim & Bottoms,369030205892,EA,24,1.08,16.5,15.6,2.8,0.4171,APP,declining,2024-05-02,True,0.6614,1.0015,C,B,True
SKU-01296,Athletic Dress Pant - 32x34 / White,Apparel & Footwear,Denim & Bottoms,041702975009,EA,24,1.65,17.8,11.3,1.0,0.1164,APP,declining,2022-05-06,True,0.6271,0.9497,C,B,True
SKU-01297,Straight Khaki Pant - 34x30 / White,Apparel & Footwear,Denim & Bottoms,952642704696,EA,48,0.8,16.6,11.3,3.5,0.3799,APP,declining,2022-09-21,True,0.8542,1.2936,B,B,False
SKU-01298,Slim Chino - 36x34 / Grey,Apparel & Footwear,Denim & Bottoms,985819249786,EA,24,1.98,18.3,12.3,3.7,0.482,APP,declining,2024-10-30,True,0.3218,0.4873,C,C,False
SKU-01299,High-Rise Jeans - 30x34 / Black,Apparel & Footwear,Denim & Bottoms,672695914531,EA,12,1.69,16.3,11.6,1.5,0.1641,APP,declining,2024-04-19,True,1.1197,1.6957,B,B,False
SKU-01300,Modern Jogger Pant - 36x28 / White,Apparel & Footwear,Denim & Bottoms,284408411370,EA,6,1.32,20.8,11.3,2.8,0.3809,APP,declining,2023-08-04,True,4.8573,7.356,A,A,False
SKU-01301,Tapered Dress Pant - 30x28 / Slate Blue,Apparel & Footwear,Denim & Bottoms,395472298493,EA,24,2.14,18.6,13.0,1.8,0.2519,APP,declining,2025-04-11,True,0.3483,0.5274,C,C,False
SKU-01302,High-Rise Khaki Pant - 32x28 / Tan,Apparel & Footwear,Denim & Bottoms,402637966515,EA,48,1.05,20.1,11.9,3.9,0.5398,APP,declining,2023-03-07,True,0.3622,0.5485,C,C,False
SKU-01303,Tapered Chino - 34x34 / Burgundy,Apparel & Footwear,Denim & Bottoms,133179914206,EA,48,2.01,15.4,11.7,2.9,0.3024,APP,declining,2025-02-20,True,0.7333,1.1106,C,B,True
SKU-01304,High-Rise Walking Short - 36x28 / Slate Blue,Apparel & Footwear,Denim & Bottoms,589394167354,EA,6,0.85,12.6,9.0,2.3,0.1509,APP,declining,2024-02-25,True,15.3192,23.1996,A,A,False
SKU-01305,Straight Cargo Pant - 34x30 / White,Apparel & Footwear,Denim & Bottoms,890820075580,EA,6,1.28,15.9,8.1,3.7,0.2758,APP,declining,2022-05-26,True,0.8021,1.2147,B,B,False
SKU-01306,Relaxed Jogger Pant - 36x34 / Olive,Apparel & Footwear,Denim & Bottoms,346191293542,EA,24,1.89,13.5,15.7,1.4,0.1717,APP,declining,2022-11-25,True,0.286,0.4331,C,C,False
SKU-01307,Straight Jeans - 28x28 / Tan,Apparel & Footwear,Denim & Bottoms,868389612154,EA,24,2.03,21.2,15.5,3.7,0.7036,APP,declining,2024-06-24,True,0.2959,0.4481,C,C,False
SKU-01308,Slim Khaki Pant - 30x32 / Slate Blue,Apparel & Footwear,Denim & Bottoms,847751903675,EA,12,1.66,21.1,11.9,2.7,0.3923,APP,declining,2024-01-31,True,0.3838,0.5813,C,C,False
SKU-01309,Relaxed Jeans - 30x34 / Olive,Apparel & Footwear,Denim & Bottoms,645867925661,EA,24,1.27,12.5,13.4,2.3,0.2229,APP,declining,2024-10-06,True,0.4498,0.6812,C,B,True
SKU-01310,Relaxed Walking Short - 36x34 / Burgundy,Apparel & Footwear,Denim & Bottoms,372928738663,EA,12,1.8,13.3,10.2,3.7,0.2905,APP,declining,2023-02-26,True,1.1082,1.6782,B,B,False
SKU-01311,High-Rise Cargo Pant - 34x30 / Slate Blue,Apparel & Footwear,Denim & Bottoms,909578276442,EA,12,1.29,12.0,8.8,3.3,0.2017,APP,declining,2022-06-07,True,0.3398,0.5145,C,C,False
SKU-01312,High-Rise Walking Short - 36x34 / Grey,Apparel & Footwear,Denim & Bottoms,847141832693,EA,24,1.59,16.1,15.5,1.6,0.2311,APP,declining,2023-03-07,True,0.3624,0.5488,C,C,False
SKU-01313,Relaxed Jogger Pant - 36x34 / Olive,Apparel & Footwear,Denim & Bottoms,817693972296,EA,6,1.93,20.8,8.4,3.3,0.3337,APP,declining,2024-12-26,True,0.5208,0.7886,C,B,True
SKU-01314,Relaxed Jogger Pant - 32x34 / Grey,Apparel & Footwear,Denim & Bottoms,662607770940,EA,24,1.04,18.1,10.7,3.1,0.3474,APP,declining,2023-07-23,True,1.8864,2.8568,B,A,True
SKU-01315,Modern Walking Short - 28x30 / Dusty Rose,Apparel & Footwear,Denim & Bottoms,953386769642,EA,6,1.85,14.2,10.1,1.8,0.1494,APP,declining,2022-12-06,True,1.9281,2.92,B,A,True
SKU-01316,Modern Dress Pant - 30x28 / Navy,Apparel & Footwear,Denim & Bottoms,892390514014,EA,6,1.73,13.3,9.6,1.9,0.1404,APP,declining,2022-11-01,True,0.6107,0.9247,C,B,True
SKU-01317,High-Rise Khaki Pant - 32x28 / Grey,Apparel & Footwear,Denim & Bottoms,777628722536,EA,12,1.43,20.4,8.4,2.4,0.238,APP,declining,2024-11-05,True,0.2856,0.4325,C,C,False
SKU-01318,Tapered Dress Pant - 28x28 / Grey,Apparel & Footwear,Denim & Bottoms,074828824629,EA,12,1.94,15.1,8.7,3.3,0.2509,APP,declining,2024-08-09,True,0.8152,1.2346,B,B,False
SKU-01319,Tapered Jogger Pant - 34x28 / White,Apparel & Footwear,Denim & Bottoms,049816866740,EA,24,1.46,21.1,8.8,3.8,0.4083,APP,declining,2023-05-18,True,0.4993,0.7561,C,B,True
SKU-01320,Relaxed Chino - 32x28 / Black,Apparel & Footwear,Denim & Bottoms,669516263060,EA,12,2.09,21.6,15.7,2.9,0.5691,APP,declining,2023-05-28,True,0.2909,0.4406,C,C,False
SKU-01321,Athletic Khaki Pant - 34x32 / Black,Apparel & Footwear,Denim & Bottoms,095669682261,EA,6,1.24,15.0,9.5,3.4,0.2804,APP,declining,2024-09-16,True,0.5325,0.8064,C,B,True
SKU-01322,Modern Walking Short - 30x34 / Dusty Rose,Apparel & Footwear,Denim & Bottoms,163359598777,EA,12,0.93,17.8,10.3,3.7,0.3926,APP,declining,2022-04-04,True,0.3131,0.4741,C,C,False
SKU-01323,Slim Chino - 36x32 / Navy,Apparel & Footwear,Denim & Bottoms,755020408270,EA,6,1.64,20.8,8.5,2.7,0.2763,APP,declining,2024-01-12,True,0.3438,0.5206,C,C,False
SKU-01324,Slim Walking Short - 36x30 / Grey,Apparel & Footwear,Denim & Bottoms,484163556969,EA,6,1.94,18.1,13.4,1.1,0.1544,APP,declining,2022-11-18,True,1.1188,1.6944,B,B,False
SKU-01325,Athletic Jeans - 32x30 / Black,Apparel & Footwear,Denim & Bottoms,029909539212,EA,6,1.82,17.3,13.3,1.4,0.1864,APP,declining,2023-11-01,True,0.4516,0.6839,C,B,True
SKU-01326,Straight Jeans - 32x34 / Burgundy,Apparel & Footwear,Denim & Bottoms,928733344647,EA,12,1.11,18.5,8.6,1.3,0.1197,APP,declining,2024-05-27,True,0.412,0.6241,C,C,False
SKU-01327,Athletic Khaki Pant - 34x30 / Tan,Apparel & Footwear,Denim & Bottoms,694967292106,EA,24,1.82,14.9,13.2,2.4,0.2732,APP,declining,2024-10-01,True,0.3842,0.5817,C,C,False
SKU-01328,Slim Dress Pant - 28x28 / Tan,Apparel & Footwear,Denim & Bottoms,983519987872,EA,12,1.19,17.2,13.9,3.2,0.4427,APP,declining,2023-09-08,True,1.1569,1.752,B,B,False
SKU-01329,Relaxed Dress Pant - 36x32 / Burgundy,Apparel & Footwear,Denim & Bottoms,639248303367,EA,24,1.83,21.8,8.1,2.0,0.2044,APP,declining,2024-02-01,True,1.1774,1.7831,B,B,False
SKU-01330,Modern Cargo Pant - 30x30 / Dusty Rose,Apparel & Footwear,Denim & Bottoms,378911678517,EA,24,1.0,18.1,12.2,3.9,0.4984,APP,declining,2023-11-21,True,0.8448,1.2795,B,B,False
SKU-01331,Tapered Jogger Pant - 28x32 / Grey,Apparel & Footwear,Denim & Bottoms,915697551348,EA,48,1.1,12.5,14.7,3.4,0.3615,APP,declining,2023-05-01,True,77.4472,117.2869,A,A,False
SKU-01332,Tapered Jogger Pant - 28x28 / Tan,Apparel & Footwear,Denim & Bottoms,290238389635,EA,24,1.81,18.5,13.8,1.4,0.2068,APP,declining,2025-01-14,True,0.8584,1.3,B,B,False
SKU-01333,Relaxed Cargo Pant - 28x32 / Tan,Apparel & Footwear,Denim & Bottoms,899323825634,EA,24,1.41,18.1,8.7,1.3,0.1185,APP,declining,2022-11-09,True,0.9749,1.4763,B,B,False
SKU-01334,Modern Walking Short - 36x32 / Dusty Rose,Apparel & Footwear,Denim & Bottoms,989102146135,EA,12,1.52,12.2,11.9,1.2,0.1008,APP,declining,2023-11-29,True,0.6622,1.0029,C,B,True
SKU-01335,Tapered Jogger Pant - 34x30 / Burgundy,Apparel & Footwear,Denim & Bottoms,918658375947,EA,12,2.13,12.9,12.6,3.2,0.301,APP,declining,2024-02-16,True,0.9046,1.37,B,B,False
SKU-01336,Modern Khaki Pant - 34x28 / Dusty Rose,Apparel & Footwear,Denim & Bottoms,184940773287,EA,12,2.09,14.3,12.7,3.3,0.3468,APP,declining,2023-02-22,True,0.3895,0.5899,C,C,False
SKU-01337,Slim Cargo Pant - 28x34 / Navy,Apparel & Footwear,Denim & Bottoms,691655006160,EA,24,1.05,20.3,11.7,2.6,0.3574,APP,declining,2024-04-27,True,0.7037,1.0657,C,B,True
SKU-01338,Athletic Dress Pant - 30x32 / Slate Blue,Apparel & Footwear,Denim & Bottoms,863971167065,EA,48,1.28,17.3,13.5,1.5,0.2027,APP,declining,2023-01-05,True,0.5561,0.8421,C,B,True
SKU-01339,Relaxed Jogger Pant - 36x28 / Olive,Apparel & Footwear,Denim & Bottoms,278601778541,EA,24,0.85,15.3,15.0,1.7,0.2258,APP,declining,2022-05-07,True,7.5763,11.4737,A,A,False
SKU-01340,Straight Cargo Pant - 28x34 / Burgundy,Apparel & Footwear,Denim & Bottoms,771622078573,EA,24,1.49,19.5,9.7,1.4,0.1532,APP,declining,2022-11-13,True,0.4184,0.6336,C,C,False
SKU-01341,Slim Jogger Pant - 30x34 / Burgundy,Apparel & Footwear,Denim & Bottoms,698873344988,EA,24,1.66,17.1,14.2,2.6,0.3654,APP,declining,2024-10-10,True,1.4225,2.1542,B,B,False
SKU-01342,Relaxed Chino - 36x32 / Grey,Apparel & Footwear,Denim & Bottoms,580298500483,EA,48,1.18,15.6,15.0,3.8,0.5146,APP,declining,2023-09-03,True,0.8464,1.2818,B,B,False
SKU-01343,Athletic Dress Pant - 30x34 / Navy,Apparel & Footwear,Denim & Bottoms,709471737297,EA,12,1.58,14.3,9.6,3.4,0.2701,APP,declining,2023-12-05,True,1.3802,2.0903,B,B,False
SKU-01344,Straight Dress Pant - 30x32 / Navy,Apparel & Footwear,Denim & Bottoms,322980858665,EA,24,1.22,20.3,8.7,3.3,0.3373,APP,declining,2022-10-11,True,0.5988,0.9069,C,B,True
SKU-01345,Straight Chino - 30x32 / Grey,Apparel & Footwear,Denim & Bottoms,044507175898,EA,12,0.96,16.2,14.9,3.7,0.5168,APP,declining,2024-01-23,True,1.4567,2.206,B,B,False
SKU-01346,Modern Jeans - 28x28 / Dusty Rose,Apparel & Footwear,Denim & Bottoms,963006621066,EA,12,1.71,16.8,8.9,3.5,0.3028,APP,declining,2023-01-16,True,0.3474,0.5261,C,C,False
SKU-01347,High-Rise Jeans - 36x28 / Dusty Rose,Apparel & Footwear,Denim & Bottoms,894268501044,EA,24,1.52,12.1,12.6,1.0,0.0882,APP,declining,2022-12-16,True,0.4827,0.731,C,B,True
SKU-01348,Relaxed Jogger Pant - 32x34 / Olive,Apparel & Footwear,Denim & Bottoms,455339243788,EA,6,2.12,17.2,10.8,1.1,0.1183,APP,declining,2025-01-27,True,2.2742,3.444,B,A,True
SKU-01349,Tapered Chino - 36x32 / Slate Blue,Apparel & Footwear,Denim & Bottoms,680248530523,EA,48,1.42,20.9,11.4,2.7,0.3723,APP,declining,2023-09-13,True,0.849,1.2857,B,B,False
SKU-01350,Straight Walking Short - 36x30 / Black,Apparel & Footwear,Denim & Bottoms,266001729492,EA,12,0.87,12.7,11.3,2.0,0.1661,APP,declining,2024-12-11,True,0.3517,0.5327,C,C,False
SKU-01351,High-Rise Walking Short - 34x34 / Tan,Apparel & Footwear,Denim & Bottoms,486676127264,EA,24,1.64,19.4,13.5,1.8,0.2728,APP,declining,2024-08-16,True,0.4857,0.7356,C,B,True
SKU-01352,Slim Jogger Pant - 32x34 / Grey,Apparel & Footwear,Denim & Bottoms,715460552275,EA,24,1.76,15.1,9.2,1.5,0.1206,APP,declining,2022-05-23,True,0.4842,0.7333,C,B,True
SKU-01353,Tapered Jeans - 36x34 / Burgundy,Apparel & Footwear,Denim & Bottoms,296410672037,EA,24,2.02,17.8,11.3,3.1,0.3608,APP,declining,2025-02-11,True,0.434,0.6573,C,C,False
SKU-01354,Athletic Jeans - 28x30 / Slate Blue,Apparel & Footwear,Denim & Bottoms,284854994361,EA,12,0.95,19.8,13.5,2.7,0.4177,APP,declining,2022-09-05,True,0.3233,0.4897,C,C,False
SKU-01355,High-Rise Jeans - 32x32 / Olive,Apparel & Footwear,Denim & Bottoms,803668942083,EA,48,1.38,20.7,8.5,1.3,0.1324,APP,declining,2024-04-09,True,0.4195,0.6353,C,C,False
SKU-01356,Straight Jogger Pant - 32x30 / Olive,Apparel & Footwear,Denim & Bottoms,866244163450,EA,48,1.7,18.5,8.8,2.3,0.2167,APP,declining,2024-09-03,True,1.5421,2.3354,B,B,False
SKU-01357,Tapered Jogger Pant - 32x32 / Grey,Apparel & Footwear,Denim & Bottoms,848713020106,EA,12,1.89,14.5,14.5,2.4,0.292,APP,declining,2023-11-19,True,2.5816,3.9096,B,A,True
SKU-01358,Tapered Khaki Pant - 30x34 / Burgundy,Apparel & Footwear,Denim & Bottoms,116840695005,EA,48,1.93,16.6,11.3,1.9,0.2063,APP,declining,2025-03-14,True,0.2795,0.4233,C,C,False
SKU-01359,Relaxed Walking Short - 34x32 / Dusty Rose,Apparel & Footwear,Denim & Bottoms,067127042044,EA,12,1.89,14.1,12.5,3.7,0.3774,APP,declining,2022-10-14,True,1.1686,1.7696,B,B,False
SKU-01360,Straight Jogger Pant - 30x30 / White,Apparel & Footwear,Denim & Bottoms,039703817348,EA,24,1.4,19.6,13.6,2.4,0.3702,APP,declining,2024-06-24,True,0.4489,0.6799,C,B,True
SKU-01361,Athletic Cargo Pant - 30x34 / Slate Blue,Apparel & Footwear,Denim & Bottoms,350797137749,EA,12,1.13,13.3,8.4,3.9,0.2521,APP,declining,2023-01-05,True,0.5283,0.8,C,B,True
SKU-01362,Straight Chino - 30x34 / Black,Apparel & Footwear,Denim & Bottoms,478375284620,EA,12,1.8,16.3,14.7,1.3,0.1803,APP,declining,2023-01-27,True,0.315,0.477,C,C,False
SKU-01363,Straight Khaki Pant - 34x30 / Tan,Apparel & Footwear,Denim & Bottoms,781384086901,EA,24,2.1,18.4,14.9,3.5,0.5553,APP,declining,2024-10-21,True,0.7736,1.1716,B,B,False
SKU-01364,High-Rise Dress Pant - 32x34 / Olive,Apparel & Footwear,Denim & Bottoms,919378238113,EA,24,1.29,19.7,15.0,2.7,0.4617,APP,declining,2022-10-21,True,0.6677,1.0111,C,B,True
SKU-01365,Relaxed Jogger Pant - 36x28 / Slate Blue,Apparel & Footwear,Denim & Bottoms,643471134827,EA,48,1.49,13.7,10.5,3.9,0.3247,APP,declining,2023-12-29,True,1.3954,2.1133,B,B,False
SKU-01366,Slim Dress Pant - 30x28 / Navy,Apparel & Footwear,Denim & Bottoms,739819972688,EA,12,2.05,15.8,14.9,1.1,0.1499,APP,declining,2023-02-14,True,0.5894,0.8927,C,B,True
SKU-01367,Modern Cargo Pant - 34x28 / Dusty Rose,Apparel & Footwear,Denim & Bottoms,388471928810,EA,24,1.16,16.7,13.3,2.8,0.3599,APP,declining,2022-08-09,True,6.7021,10.1498,A,A,False
SKU-01368,Athletic Cargo Pant - 32x32 / Burgundy,Apparel & Footwear,Denim & Bottoms,381105051840,EA,24,0.88,15.9,14.4,2.2,0.2915,APP,declining,2024-04-20,True,0.3609,0.5465,C,C,False
SKU-01369,High-Rise Jogger Pant - 32x32 / Black,Apparel & Footwear,Denim & Bottoms,955508781838,EA,48,1.72,21.8,14.8,3.5,0.6535,APP,declining,2022-07-27,True,0.5653,0.8561,C,B,True
SKU-01370,Tapered Jeans - 32x30 / Tan,Apparel & Footwear,Denim & Bottoms,816526888840,EA,48,0.96,14.9,15.8,2.6,0.3542,APP,declining,2023-12-08,True,0.5231,0.7922,C,B,True
SKU-01371,Straight Walking Short - 32x32 / Burgundy,Apparel & Footwear,Denim & Bottoms,154605677670,EA,24,0.83,20.9,9.4,2.9,0.3297,APP,declining,2024-03-18,True,0.3743,0.5669,C,C,False
SKU-01372,Athletic Jogger Pant - 34x34 / White,Apparel & Footwear,Denim & Bottoms,388137111543,EA,6,1.57,15.3,14.1,2.0,0.2497,APP,declining,2023-05-07,True,0.5393,0.8167,C,B,True
SKU-01373,Tapered Jogger Pant - 32x34 / Grey,Apparel & Footwear,Denim & Bottoms,979668022623,EA,12,1.1,20.0,12.6,3.9,0.5687,APP,declining,2023-01-02,True,0.353,0.5346,C,C,False
SKU-01374,Modern Chino - 32x34 / Slate Blue,Apparel & Footwear,Denim & Bottoms,928498827399,EA,24,0.83,16.3,13.2,2.4,0.2988,APP,declining,2022-06-19,True,0.8994,1.362,B,B,False
SKU-01375,Modern Jeans - 28x30 / Burgundy,Apparel & Footwear,Denim & Bottoms,643432152127,EA,24,0.85,17.3,8.5,3.8,0.3234,APP,declining,2023-10-25,True,0.3271,0.4953,C,C,False
SKU-01376,Straight Cargo Pant - 32x32 / Olive,Apparel & Footwear,Denim & Bottoms,043760477565,EA,12,1.59,20.4,9.5,1.5,0.1682,APP,declining,2023-07-31,True,1.1578,1.7535,B,B,False
SKU-01377,High-Rise Dress Pant - 34x32 / Dusty Rose,Apparel & Footwear,Denim & Bottoms,656960244311,EA,6,0.88,14.5,14.0,2.2,0.2584,APP,declining,2022-05-05,True,0.5069,0.7677,C,B,True
SKU-01378,Modern Walking Short - 32x34 / Slate Blue,Apparel & Footwear,Denim & Bottoms,291892557703,EA,48,2.15,15.1,15.6,1.1,0.15,APP,declining,2024-04-03,True,0.4854,0.7351,C,B,True
SKU-01379,Straight Chino - 28x30 / Navy,Apparel & Footwear,Denim & Bottoms,171335412106,EA,12,1.68,13.5,8.9,1.7,0.1182,APP,declining,2025-01-15,True,2.148,3.2529,B,A,True
SKU-01380,Athletic Cargo Pant - 28x30 / Grey,Apparel & Footwear,Denim & Bottoms,488088925015,EA,12,1.73,16.0,13.4,2.1,0.2606,APP,declining,2024-09-01,True,0.3589,0.5436,C,C,False
SKU-01381,Tapered Jeans - 28x28 / Dusty Rose,Apparel & Footwear,Denim & Bottoms,395440986291,EA,12,1.44,20.0,14.3,2.8,0.4634,APP,declining,2025-03-01,True,0.403,0.6103,C,C,False
SKU-01382,High-Rise Jeans - 28x34 / Tan,Apparel & Footwear,Denim & Bottoms,878910414520,EA,48,1.26,15.3,10.4,2.8,0.2578,APP,declining,2024-03-14,True,1.8011,2.7276,B,A,True
SKU-01383,Modern Jeans - 28x32 / Grey,Apparel & Footwear,Denim & Bottoms,263853673722,EA,24,1.67,19.8,9.7,3.0,0.3334,APP,declining,2023-05-26,True,1.4416,2.1832,B,B,False
SKU-01384,Slim Dress Pant - 34x32 / Navy,Apparel & Footwear,Denim & Bottoms,275065514666,EA,48,1.75,14.7,11.6,2.3,0.227,APP,declining,2023-10-13,True,1.022,1.5478,B,B,False
SKU-01385,Straight Dress Pant - 32x34 / Grey,Apparel & Footwear,Denim & Bottoms,913746782245,EA,48,1.56,15.2,10.5,3.2,0.2956,APP,declining,2025-04-06,True,0.3172,0.4805,C,C,False
SKU-01386,Straight Jogger Pant - 30x28 / Black,Apparel & Footwear,Denim & Bottoms,026688003948,EA,6,2.08,18.8,13.0,3.2,0.4526,APP,declining,2022-04-21,True,0.3808,0.5767,C,C,False
SKU-01387,Athletic Cargo Pant - 32x34 / Dusty Rose,Apparel & Footwear,Denim & Bottoms,278188826110,EA,12,1.93,14.9,12.7,1.4,0.1533,APP,declining,2023-02-09,True,3.0438,4.6095,A,A,False
SKU-01388,Modern Jogger Pant - 32x34 / Grey,Apparel & Footwear,Denim & Bottoms,292452414043,EA,12,1.06,14.0,9.4,1.9,0.1447,APP,declining,2025-01-13,True,0.3359,0.5087,C,C,False
SKU-01389,Athletic Jogger Pant - 30x34 / Slate Blue,Apparel & Footwear,Denim & Bottoms,001696882117,EA,24,0.84,13.0,10.5,3.3,0.2607,APP,declining,2022-08-14,True,0.458,0.6935,C,B,True
SKU-01390,High-Rise Dress Pant - 36x32 / Burgundy,Apparel & Footwear,Denim & Bottoms,283271491197,EA,12,2.17,20.1,9.0,3.8,0.3978,APP,declining,2024-02-02,True,0.3105,0.4702,C,C,False
SKU-01391,Tapered Jogger Pant - 30x28 / Dusty Rose,Apparel & Footwear,Denim & Bottoms,096151816019,EA,12,1.81,12.9,13.8,2.5,0.2576,APP,declining,2024-12-29,True,0.6322,0.9574,C,B,True
SKU-01392,Relaxed Cargo Pant - 34x32 / Grey,Apparel & Footwear,Denim & Bottoms,665308661235,EA,24,1.08,20.1,10.0,1.7,0.1977,APP,declining,2022-08-12,True,0.3008,0.4556,C,C,False
SKU-01393,Relaxed Jeans - 28x30 / Burgundy,Apparel & Footwear,Denim & Bottoms,472074309726,EA,12,1.31,19.4,11.3,2.6,0.3298,APP,declining,2024-05-04,True,1.5472,2.3431,B,B,False
SKU-01394,Relaxed Khaki Pant - 36x28 / Dusty Rose,Apparel & Footwear,Denim & Bottoms,813592484640,EA,12,0.91,21.3,10.5,1.8,0.233,APP,declining,2023-07-30,True,0.5405,0.8186,C,B,True
SKU-01395,Modern Khaki Pant - 32x28 / Slate Blue,Apparel & Footwear,Denim & Bottoms,085502097561,EA,48,1.12,12.2,13.0,1.6,0.1469,APP,declining,2023-09-24,True,1.6939,2.5652,B,B,False
SKU-01396,Modern Cargo Pant - 36x30 / Black,Apparel & Footwear,Denim & Bottoms,720175981700,EA,24,2.14,16.2,11.4,2.4,0.2565,APP,declining,2024-02-08,True,0.7605,1.1518,C,B,True
SKU-01397,High-Rise Cargo Pant - 30x34 / Tan,Apparel & Footwear,Denim & Bottoms,887496080628,EA,24,0.81,15.1,13.4,1.9,0.2225,APP,declining,2022-10-19,True,7.8317,11.8605,A,A,False
SKU-01398,Tapered Khaki Pant - 30x30 / Slate Blue,Apparel & Footwear,Denim & Bottoms,408963872399,EA,24,1.59,15.0,10.4,3.6,0.325,APP,declining,2025-04-09,True,1.1502,1.7419,B,B,False
SKU-01399,Modern Khaki Pant - 30x32 / White,Apparel & Footwear,Denim & Bottoms,280861650232,EA,24,1.29,20.7,10.2,1.8,0.2199,APP,declining,2023-06-01,True,2.596,3.9314,B,A,True
SKU-01400,Tapered Dress Pant - 30x32 / Olive,Apparel & Footwear,Denim & Bottoms,853239083289,EA,48,0.97,16.7,10.0,3.6,0.3479,APP,declining,2024-07-12,True,0.4701,0.712,C,B,True
SKU-01401,Athletic Dress Pant - 36x32 / Slate Blue,Apparel & Footwear,Denim & Bottoms,257852711331,EA,6,1.21,15.9,9.3,3.1,0.2653,APP,declining,2022-05-11,True,0.5452,0.8256,C,B,True
SKU-01402,Straight Walking Short - 28x30 / Grey,Apparel & Footwear,Denim & Bottoms,218478131096,EA,12,1.8,20.0,14.0,1.7,0.2755,APP,declining,2024-09-29,True,0.3352,0.5076,C,C,False
SKU-01403,Relaxed Jeans - 34x34 / Olive,Apparel & Footwear,Denim & Bottoms,084700072796,EA,48,1.56,12.1,12.1,2.2,0.1864,APP,declining,2022-05-30,True,0.3452,0.5228,C,C,False
SKU-01404,Athletic Jogger Pant - 34x30 / Burgundy,Apparel & Footwear,Denim & Bottoms,154996839917,EA,12,1.92,14.2,11.1,2.0,0.1824,APP,declining,2024-07-14,True,0.2955,0.4476,C,C,False
SKU-01405,Slim Chino - 28x28 / Grey,Apparel & Footwear,Denim & Bottoms,393233561821,EA,24,2.07,15.4,12.1,2.4,0.2588,APP,declining,2024-09-18,True,0.3424,0.5186,C,C,False
SKU-01406,Slim Cargo Pant - 32x30 / Dusty Rose,Apparel & Footwear,Denim & Bottoms,844615772018,EA,12,2.13,19.8,10.8,2.1,0.2599,APP,declining,2025-03-15,True,0.347,0.5256,C,C,False
SKU-01407,Athletic Jeans - 30x28 / Grey,Apparel & Footwear,Denim & Bottoms,625466581535,EA,6,2.03,12.4,9.0,1.5,0.0969,APP,declining,2024-05-13,True,7.2987,11.0532,A,A,False
SKU-01408,Slim Khaki Pant - 30x32 / Slate Blue,Apparel & Footwear,Denim & Bottoms,220591015831,EA,6,1.92,13.1,10.4,1.3,0.1025,APP,declining,2023-06-10,True,0.485,0.7346,C,B,True
SKU-01409,Relaxed Walking Short - 34x32 / Dusty Rose,Apparel & Footwear,Denim & Bottoms,288412960713,EA,12,1.29,21.0,13.7,1.2,0.1998,APP,declining,2024-04-05,True,1.1483,1.739,B,B,False
SKU-01410,Athletic Walking Short - 28x32 / White,Apparel & Footwear,Denim & Bottoms,098197495611,EA,24,1.02,17.9,15.7,2.2,0.3578,APP,declining,2024-05-04,True,0.4018,0.6084,C,C,False
SKU-01411,Modern Walking Short - 30x28 / Olive,Apparel & Footwear,Denim & Bottoms,614225154257,EA,24,0.92,18.0,16.0,2.1,0.35,APP,declining,2025-02-08,True,0.3065,0.4641,C,C,False
SKU-01412,Modern Khaki Pant - 28x34 / Grey,Apparel & Footwear,Denim & Bottoms,763407354219,EA,6,1.67,16.3,9.0,2.9,0.2462,APP,declining,2022-05-13,True,0.5165,0.7822,C,B,True
SKU-01413,Straight Walking Short - 32x34 / Black,Apparel & Footwear,Denim & Bottoms,557005895345,EA,24,0.93,21.5,14.2,1.3,0.2297,APP,declining,2024-08-28,True,0.3915,0.5929,C,C,False
SKU-01414,Slim Walking Short - 30x34 / Dusty Rose,Apparel & Footwear,Denim & Bottoms,939767766345,EA,48,1.56,20.0,9.7,2.7,0.3031,APP,declining,2023-04-21,True,0.4999,0.757,C,B,True
SKU-01415,Straight Dress Pant - 28x30 / Dusty Rose,Apparel & Footwear,Denim & Bottoms,206960390649,EA,24,1.75,17.8,14.9,1.7,0.2609,APP,declining,2023-07-31,True,0.4401,0.6664,C,B,True
SKU-01416,Athletic Walking Short - 28x30 / Dusty Rose,Apparel & Footwear,Denim & Bottoms,306289826755,EA,12,1.95,19.2,12.2,2.1,0.2847,APP,declining,2024-05-26,True,0.2794,0.4232,C,C,False
SKU-01417,Tapered Dress Pant - 32x32 / Grey,Apparel & Footwear,Denim & Bottoms,901246110806,EA,24,2.19,12.5,12.7,2.4,0.2205,APP,declining,2025-01-23,True,0.9451,1.4313,B,B,False
SKU-01418,Athletic Dress Pant - 28x28 / Olive,Apparel & Footwear,Denim & Bottoms,607534667070,EA,24,1.2,13.4,14.4,2.6,0.2903,APP,declining,2024-04-08,True,0.3353,0.5077,C,C,False
SKU-01419,Tapered Dress Pant - 32x30 / Burgundy,Apparel & Footwear,Denim & Bottoms,869055849285,EA,48,1.76,18.7,10.2,1.6,0.1766,APP,declining,2024-09-09,True,0.3382,0.5122,C,C,False
SKU-01420,Slim Walking Short - 30x28 / Navy,Apparel & Footwear,Denim & Bottoms,609627897212,EA,48,1.59,13.5,11.2,2.5,0.2188,APP,declining,2024-05-30,True,0.2962,0.4485,C,C,False
SKU-01421,Athletic Khaki Pant - 32x28 / Grey,Apparel & Footwear,Denim & Bottoms,206564767743,EA,24,2.05,16.1,10.4,3.2,0.3101,APP,declining,2023-05-08,True,0.628,0.951,C,B,True
SKU-01422,Modern Cargo Pant - 36x28 / Slate Blue,Apparel & Footwear,Denim & Bottoms,792702041310,EA,12,1.53,13.3,15.1,3.3,0.3835,APP,declining,2024-01-27,True,1.5006,2.2725,B,B,False
SKU-01423,Modern Chino - 28x28 / Dusty Rose,Apparel & Footwear,Denim & Bottoms,752736517627,EA,24,1.28,12.0,14.8,1.4,0.1439,APP,declining,2022-08-25,True,0.8002,1.2119,B,B,False
SKU-01424,Athletic Jogger Pant - 30x32 / White,Apparel & Footwear,Denim & Bottoms,178657291539,EA,12,1.25,12.3,12.9,1.7,0.1561,APP,declining,2023-05-01,True,0.4269,0.6466,C,C,False
SKU-01425,Straight Chino - 34x28 / Burgundy,Apparel & Footwear,Denim & Bottoms,329328808625,EA,12,1.05,20.0,13.5,3.9,0.6094,APP,declining,2024-11-05,True,0.3393,0.5138,C,C,False
SKU-01426,Modern Dress Pant - 28x28 / Burgundy,Apparel & Footwear,Denim & Bottoms,873604500821,EA,24,1.03,20.1,8.1,3.2,0.3015,APP,declining,2024-06-27,True,1.2514,1.8951,B,B,False
SKU-01427,Athletic Chino - 36x28 / Grey,Apparel & Footwear,Denim & Bottoms,608164076867,EA,48,2.13,15.0,10.0,3.9,0.3385,APP,declining,2022-04-05,True,0.349,0.5286,C,C,False
SKU-01428,Tapered Chino - 32x32 / Dusty Rose,Apparel & Footwear,Denim & Bottoms,398328769136,EA,6,0.82,18.2,8.9,3.7,0.3468,APP,declining,2022-04-06,True,34.0012,51.4918,A,A,False
SKU-01429,Athletic Chino - 28x34 / Burgundy,Apparel & Footwear,Denim & Bottoms,646796731018,EA,6,1.23,12.0,15.8,2.2,0.2414,APP,declining,2023-11-03,True,0.7193,1.0894,C,B,True
SKU-01430,Athletic Chino - 32x28 / Dusty Rose,Apparel & Footwear,Denim & Bottoms,973922735619,EA,6,1.74,20.6,8.1,3.6,0.3476,APP,declining,2022-03-17,True,0.4657,0.7054,C,B,True
SKU-01431,Athletic Khaki Pant - 36x32 / Tan,Apparel & Footwear,Denim & Bottoms,989773995104,EA,24,1.38,17.4,9.4,3.1,0.2934,APP,declining,2023-08-12,True,0.3926,0.5945,C,C,False
SKU-01432,Athletic Khaki Pant - 30x30 / Tan,Apparel & Footwear,Denim & Bottoms,613506253330,EA,12,1.55,19.6,12.9,1.2,0.1756,APP,declining,2022-11-14,True,3.2572,4.9326,A,A,False
SKU-01433,Relaxed Cargo Pant - 34x32 / Tan,Apparel & Footwear,Denim & Bottoms,525027722229,EA,24,1.5,17.4,11.8,1.8,0.2139,APP,declining,2024-02-25,True,0.2834,0.4291,C,C,False
SKU-01434,Straight Jeans - 36x30 / Dusty Rose,Apparel & Footwear,Denim & Bottoms,489417695096,EA,24,1.51,15.9,10.3,1.0,0.0948,APP,declining,2025-01-03,True,0.5973,0.9045,C,B,True
SKU-01435,Relaxed Walking Short - 32x32 / Dusty Rose,Apparel & Footwear,Denim & Bottoms,151350250462,EA,6,1.44,20.5,8.6,4.0,0.4081,APP,declining,2023-10-26,True,0.2937,0.4448,C,C,False
SKU-01436,Slim Walking Short - 36x34 / Grey,Apparel & Footwear,Denim & Bottoms,370738791193,EA,24,0.82,22.0,10.7,2.4,0.3269,APP,declining,2023-03-10,True,0.4593,0.6956,C,B,True
SKU-01437,Slim Jogger Pant - 32x30 / Burgundy,Apparel & Footwear,Denim & Bottoms,676524598788,EA,24,0.86,19.2,8.0,3.7,0.3289,APP,declining,2022-09-29,True,0.4371,0.662,C,C,False
SKU-01438,Athletic Jeans - 36x34 / Navy,Apparel & Footwear,Denim & Bottoms,067389904744,EA,12,0.83,12.5,9.6,3.0,0.2083,APP,declining,2024-01-17,True,0.3272,0.4956,C,C,False
SKU-01439,High-Rise Dress Pant - 34x30 / Olive,Apparel & Footwear,Denim & Bottoms,452663465498,EA,12,0.84,19.3,14.2,2.0,0.3172,APP,declining,2023-02-01,True,0.6797,1.0293,C,B,True
SKU-01440,Relaxed Khaki Pant - 32x28 / White,Apparel & Footwear,Denim & Bottoms,960087111879,EA,6,0.95,20.0,10.7,3.8,0.4706,APP,declining,2023-02-28,True,9.2321,13.9812,A,A,False
SKU-01441,High-Rise Dress Pant - 28x28 / Grey,Apparel & Footwear,Denim & Bottoms,590363110949,EA,24,1.55,18.0,11.4,1.3,0.1544,APP,declining,2024-04-08,True,0.3058,0.4631,C,C,False
SKU-01442,Straight Walking Short - 28x30 / White,Apparel & Footwear,Denim & Bottoms,299710173903,EA,12,1.16,20.1,11.4,3.9,0.5172,APP,declining,2022-07-25,True,1.343,2.0339,B,B,False
SKU-01443,Tapered Chino - 28x28 / Slate Blue,Apparel & Footwear,Denim & Bottoms,445063193249,EA,24,1.37,21.7,13.2,1.3,0.2155,APP,declining,2025-01-25,True,0.8718,1.3203,B,B,False
SKU-01444,Athletic Khaki Pant - 36x32 / Black,Apparel & Footwear,Denim & Bottoms,999697209482,EA,12,1.73,21.7,13.2,3.7,0.6133,APP,declining,2022-09-30,True,0.437,0.6618,C,C,False
SKU-01445,Relaxed Chino - 36x28 / Black,Apparel & Footwear,Denim & Bottoms,798193869366,EA,6,1.75,18.1,15.5,1.3,0.2111,APP,declining,2022-11-26,True,0.7585,1.1486,C,B,True
SKU-01446,Straight Dress Pant - 34x28 / Dusty Rose,Apparel & Footwear,Denim & Bottoms,240163780968,EA,12,1.96,13.8,9.5,1.2,0.091,APP,declining,2025-05-21,True,2.6303,3.9833,B,A,True
SKU-01447,Modern Dress Pant - 28x32 / Tan,Apparel & Footwear,Denim & Bottoms,896682562920,EA,12,1.6,13.7,11.0,2.3,0.2006,APP,declining,2022-10-10,True,0.3618,0.5479,C,C,False
SKU-01448,Athletic Khaki Pant - 32x28 / Olive,Apparel & Footwear,Denim & Bottoms,477026663808,EA,48,1.1,13.5,15.2,1.0,0.1187,APP,declining,2023-03-12,True,0.6207,0.94,C,B,True
SKU-01449,High-Rise Jeans - 28x32 / White,Apparel & Footwear,Denim & Bottoms,408923601915,EA,48,1.33,13.7,13.1,2.5,0.2596,APP,declining,2023-01-15,True,0.6283,0.9514,C,B,True
SKU-01450,Straight Jogger Pant - 28x28 / Navy,Apparel & Footwear,Denim & Bottoms,777222608242,EA,12,1.01,16.0,13.2,1.8,0.22,APP,declining,2022-12-09,True,0.3864,0.5851,C,C,False
SKU-01451,High-Rise Khaki Pant - 30x30 / Tan,Apparel & Footwear,Denim & Bottoms,241827162241,EA,6,1.6,13.8,12.5,1.7,0.1697,APP,declining,2022-12-23,True,0.6998,1.0598,C,B,True
SKU-01452,Athletic Chino - 36x30 / Tan,Apparel & Footwear,Denim & Bottoms,284582200652,EA,12,1.6,18.2,15.8,2.0,0.3328,APP,declining,2023-02-28,True,0.3851,0.5832,C,C,False
SKU-01453,Athletic Jogger Pant - 34x28 / Burgundy,Apparel & Footwear,Denim & Bottoms,340830795092,EA,12,1.78,16.6,12.3,2.9,0.3427,APP,declining,2023-02-13,True,0.4519,0.6843,C,B,True
SKU-01454,Athletic Khaki Pant - 34x28 / Grey,Apparel & Footwear,Denim & Bottoms,259084927931,EA,12,0.92,14.6,9.2,3.2,0.2487,APP,declining,2023-06-22,True,0.3087,0.4676,C,C,False
SKU-01455,Modern Chino - 36x34 / Tan,Apparel & Footwear,Denim & Bottoms,275466937290,EA,24,1.47,17.8,15.7,2.0,0.3234,APP,declining,2025-01-22,True,2.7881,4.2223,A,A,False
SKU-01456,Relaxed Dress Pant - 30x34 / Burgundy,Apparel & Footwear,Denim & Bottoms,877344671205,EA,24,2.14,19.9,10.0,2.6,0.2994,APP,declining,2024-09-18,True,0.3102,0.4698,C,C,False
SKU-01457,Relaxed Jogger Pant - 32x32 / Slate Blue,Apparel & Footwear,Denim & Bottoms,719739266959,EA,12,0.8,18.9,13.7,4.0,0.5994,APP,declining,2022-10-27,True,2.7937,4.2308,A,A,False
SKU-01458,Modern Dress Pant - 34x32 / Navy,Apparel & Footwear,Denim & Bottoms,389173125862,EA,12,2.2,18.3,12.0,3.8,0.4829,APP,declining,2024-05-31,True,0.484,0.733,C,B,True
SKU-01459,High-Rise Jogger Pant - 30x34 / Tan,Apparel & Footwear,Denim & Bottoms,710227869423,EA,6,1.53,12.8,15.7,2.5,0.2907,APP,declining,2022-07-03,True,2.4457,3.7038,B,A,True
SKU-01460,Athletic Cargo Pant - 32x34 / Dusty Rose,Apparel & Footwear,Denim & Bottoms,575499384757,EA,48,1.88,19.2,11.6,3.9,0.5027,APP,declining,2024-01-12,True,0.6484,0.9819,C,B,True
SKU-01461,Tapered Jeans - 28x32 / Black,Apparel & Footwear,Denim & Bottoms,730941283240,EA,24,1.51,13.9,12.8,2.1,0.2162,APP,declining,2025-04-04,True,0.2969,0.4496,C,C,False
SKU-01462,High-Rise Chino - 32x28 / Olive,Apparel & Footwear,Denim & Bottoms,940083216092,EA,6,1.4,16.5,10.6,3.0,0.3036,APP,declining,2023-02-22,True,1.2091,1.831,B,B,False
SKU-01463,Straight Chino - 32x28 / Olive,Apparel & Footwear,Denim & Bottoms,336016026299,EA,6,1.77,20.6,14.1,2.6,0.437,APP,declining,2024-10-30,True,26.3029,39.8333,A,A,False
SKU-01464,High-Rise Jogger Pant - 36x30 / White,Apparel & Footwear,Denim & Bottoms,505439865403,EA,6,0.85,21.5,10.4,2.2,0.2847,APP,declining,2024-03-19,True,0.4304,0.6518,C,C,False
SKU-01465,Slim Khaki Pant - 32x30 / Grey,Apparel & Footwear,Denim & Bottoms,587968159749,EA,12,1.66,14.5,9.2,3.1,0.2393,APP,declining,2025-04-24,True,0.5877,0.89,C,B,True
SKU-01466,Relaxed Cargo Pant - 36x30 / Navy,Apparel & Footwear,Denim & Bottoms,185269408116,EA,24,1.38,14.0,16.0,3.8,0.4926,APP,declining,2022-11-06,True,1.2801,1.9386,B,B,False
SKU-01467,Relaxed Walking Short - 32x28 / Slate Blue,Apparel & Footwear,Denim & Bottoms,406883616497,EA,6,2.04,15.0,11.1,2.4,0.2312,APP,declining,2022-08-07,True,0.5319,0.8055,C,B,True
SKU-01468,High-Rise Chino - 28x32 / Dusty Rose,Apparel & Footwear,Denim & Bottoms,339179878290,EA,6,1.1,13.7,15.6,2.7,0.3339,APP,declining,2024-09-30,True,0.7044,1.0668,C,B,True
SKU-01469,Straight Khaki Pant - 36x28 / Olive,Apparel & Footwear,Denim & Bottoms,936454086208,EA,12,1.15,13.1,9.8,1.4,0.104,APP,declining,2022-06-24,True,0.3604,0.5458,C,C,False
SKU-01470,Slim Dress Pant - 36x34 / White,Apparel & Footwear,Denim & Bottoms,816040367852,EA,48,2.14,13.8,10.0,2.9,0.2316,APP,declining,2022-05-25,True,0.3601,0.5454,C,C,False
SKU-01471,Modern Jeans - 32x32 / Slate Blue,Apparel & Footwear,Denim & Bottoms,299716160219,EA,24,1.91,12.8,11.3,1.2,0.1004,APP,declining,2022-06-07,True,0.7027,1.0641,C,B,True
SKU-01472,Tapered Walking Short - 28x30 / Black,Apparel & Footwear,Denim & Bottoms,315567794112,EA,24,1.84,16.7,8.4,1.1,0.0893,APP,declining,2025-03-19,True,0.2968,0.4495,C,C,False
SKU-01473,Athletic Walking Short - 34x28 / Olive,Apparel & Footwear,Denim & Bottoms,351291524255,EA,24,2.18,19.8,11.8,2.7,0.3651,APP,declining,2024-05-26,True,2.3994,3.6337,B,A,True
SKU-01474,High-Rise Jeans - 32x30 / Burgundy,Apparel & Footwear,Denim & Bottoms,337640779552,EA,12,1.82,17.7,12.3,3.9,0.4914,APP,declining,2025-05-20,True,0.3346,0.5066,C,C,False
SKU-01475,High-Rise Dress Pant - 30x30 / Black,Apparel & Footwear,Denim & Bottoms,665572356518,EA,24,1.79,18.6,13.3,2.3,0.3293,APP,declining,2023-12-31,True,0.3567,0.5402,C,C,False
SKU-01476,Athletic Dress Pant - 34x34 / Tan,Apparel & Footwear,Denim & Bottoms,399198615419,EA,24,1.41,21.8,15.2,1.7,0.326,APP,declining,2025-01-28,True,0.9129,1.3826,B,B,False
SKU-01477,Slim Chino - 34x32 / Slate Blue,Apparel & Footwear,Denim & Bottoms,056858104273,EA,12,1.98,16.9,8.9,3.9,0.3395,APP,declining,2023-09-04,True,0.3274,0.4959,C,C,False
SKU-01478,Straight Chino - 32x28 / Dusty Rose,Apparel & Footwear,Denim & Bottoms,777430015166,EA,12,0.9,15.9,14.5,1.5,0.2001,APP,declining,2025-02-08,True,1.5524,2.351,B,B,False
SKU-01479,High-Rise Dress Pant - 28x34 / Olive,Apparel & Footwear,Denim & Bottoms,891059923691,EA,48,1.95,20.1,8.6,3.7,0.3701,APP,declining,2022-10-08,True,0.4476,0.6777,C,B,True
SKU-01480,Slim Khaki Pant - 36x34 / Grey,Apparel & Footwear,Denim & Bottoms,461231119966,EA,6,1.98,21.8,15.9,1.2,0.2407,APP,declining,2025-03-23,True,0.8729,1.322,B,B,False
SKU-01481,Modern Chino - 34x30 / Dusty Rose,Apparel & Footwear,Denim & Bottoms,777684353035,EA,24,2.18,20.1,10.5,2.4,0.2931,APP,declining,2024-04-18,True,1.3899,2.1048,B,B,False
SKU-01482,Tapered Dress Pant - 36x30 / Tan,Apparel & Footwear,Denim & Bottoms,748189229461,EA,12,1.2,14.7,13.2,2.3,0.2583,APP,declining,2023-02-19,True,0.4936,0.7476,C,B,True
SKU-01483,High-Rise Dress Pant - 36x30 / Navy,Apparel & Footwear,Denim & Bottoms,155499298737,EA,24,1.41,16.1,15.0,3.3,0.4612,APP,declining,2022-07-05,True,0.2796,0.4234,C,C,False
SKU-01484,Slim Cargo Pant - 34x32 / White,Apparel & Footwear,Denim & Bottoms,650403782622,EA,48,2.15,12.8,16.0,3.1,0.3674,APP,declining,2023-06-08,True,0.3904,0.5912,C,C,False
SKU-01485,Slim Dress Pant - 34x34 / Burgundy,Apparel & Footwear,Denim & Bottoms,211002862977,EA,48,1.0,17.0,12.7,2.9,0.3623,APP,declining,2022-12-31,True,3.3034,5.0028,A,A,False
SKU-01486,Relaxed Chino - 32x32 / Black,Apparel & Footwear,Denim & Bottoms,312566131036,EA,12,1.26,13.1,15.1,2.5,0.2862,APP,declining,2025-04-05,True,0.3161,0.4786,C,C,False
SKU-01487,Modern Cargo Pant - 30x32 / Dusty Rose,Apparel & Footwear,Denim & Bottoms,009462086754,EA,12,1.41,20.2,16.0,2.1,0.3928,APP,declining,2022-12-12,True,0.4941,0.7484,C,B,True
SKU-01488,High-Rise Chino - 34x28 / Navy,Apparel & Footwear,Denim & Bottoms,933824936094,EA,24,1.28,17.2,15.4,1.6,0.2453,APP,declining,2023-10-14,True,0.5585,0.8458,C,B,True
SKU-01489,Straight Dress Pant - 32x30 / White,Apparel & Footwear,Denim & Bottoms,889646185143,EA,12,1.37,14.8,11.0,2.9,0.2732,APP,declining,2025-03-23,True,0.3101,0.4697,C,C,False
SKU-01490,Slim Dress Pant - 28x30 / Grey,Apparel & Footwear,Denim & Bottoms,000453026316,EA,24,1.29,22.0,10.6,3.6,0.4858,APP,declining,2023-10-26,True,154.8944,234.5738,A,A,False
SKU-01491,Modern Walking Short - 32x28 / Burgundy,Apparel & Footwear,Denim & Bottoms,002224358535,EA,24,1.98,21.0,11.9,3.9,0.564,APP,declining,2022-07-08,True,0.6268,0.9493,C,B,True
SKU-01492,Athletic Walking Short - 28x32 / Dusty Rose,Apparel & Footwear,Denim & Bottoms,025303571411,EA,6,1.19,20.2,12.5,2.5,0.3653,APP,declining,2022-12-14,True,0.5552,0.8408,C,B,True
SKU-01493,Tapered Jeans - 32x30 / Tan,Apparel & Footwear,Denim & Bottoms,443664714977,EA,48,1.73,21.5,12.2,3.0,0.4554,APP,declining,2023-06-09,True,0.6539,0.9902,C,B,True
SKU-01494,Straight Chino - 36x32 / Tan,Apparel & Footwear,Denim & Bottoms,312100278248,EA,24,1.47,19.1,9.0,2.0,0.199,APP,declining,2022-06-28,True,1.3843,2.0965,B,B,False
SKU-01495,Tapered Jogger Pant - 30x28 / Slate Blue,Apparel & Footwear,Denim & Bottoms,945372791238,EA,24,1.04,19.1,11.7,3.8,0.4914,APP,declining,2024-10-06,True,0.473,0.7164,C,B,True
SKU-01496,High-Rise Dress Pant - 36x28 / Olive,Apparel & Footwear,Denim & Bottoms,423747529480,EA,48,1.7,16.5,8.8,1.4,0.1176,APP,declining,2023-02-04,True,1.0008,1.5156,B,B,False
SKU-01497,Straight Jeans - 32x30 / Olive,Apparel & Footwear,Denim & Bottoms,324881106377,EA,12,1.91,20.9,15.1,2.0,0.3653,APP,declining,2023-03-01,True,0.4797,0.7265,C,B,True
SKU-01498,Slim Khaki Pant - 28x28 / Slate Blue,Apparel & Footwear,Denim & Bottoms,975219858738,EA,24,2.18,15.6,10.2,2.1,0.1934,APP,declining,2023-11-08,True,0.9783,1.4815,B,B,False
SKU-01499,Athletic Cargo Pant - 32x28 / Black,Apparel & Footwear,Denim & Bottoms,258229393659,EA,24,1.84,15.6,14.5,3.5,0.4582,APP,declining,2023-10-11,True,0.3757,0.569,C,C,False
SKU-01500,Relaxed Walking Short - 34x30 / Slate Blue,Apparel & Footwear,Denim & Bottoms,764132274719,EA,12,1.33,16.6,8.4,2.6,0.2098,APP,declining,2024-07-29,True,0.4309,0.6526,C,C,False
SKU-01501,High-Rise Dress Pant - 28x32 / Dusty Rose,Apparel & Footwear,Denim & Bottoms,549792828551,EA,48,1.98,13.7,9.0,3.2,0.2283,APP,declining,2024-06-29,True,0.7779,1.1781,B,B,False
SKU-01502,Modern Jogger Pant - 36x28 / Grey,Apparel & Footwear,Denim & Bottoms,265525040658,EA,12,1.03,15.2,14.1,1.4,0.1736,APP,declining,2024-11-13,True,0.3266,0.4946,C,C,False
SKU-01503,Straight Jogger Pant - 34x28 / Black,Apparel & Footwear,Denim & Bottoms,918070008561,EA,48,1.94,12.6,11.9,2.5,0.2169,APP,declining,2022-10-18,True,0.536,0.8117,C,B,True
SKU-01504,Straight Jogger Pant - 32x32 / Dusty Rose,Apparel & Footwear,Denim & Bottoms,687331895483,EA,12,2.06,14.9,9.3,2.2,0.1764,APP,declining,2022-07-11,True,0.3159,0.4783,C,C,False
SKU-01505,Tapered Dress Pant - 30x28 / Burgundy,Apparel & Footwear,Denim & Bottoms,823452362749,EA,12,2.1,17.0,10.5,2.4,0.2479,APP,declining,2022-09-09,True,0.3018,0.4572,C,C,False
SKU-01506,Athletic Cargo Pant - 32x32 / Navy,Apparel & Footwear,Denim & Bottoms,601703509539,EA,24,0.92,14.1,12.3,1.8,0.1807,APP,declining,2023-03-20,True,1.2719,1.9262,B,B,False
SKU-01507,High-Rise Cargo Pant - 28x32 / Slate Blue,Apparel & Footwear,Denim & Bottoms,665757410943,EA,12,1.02,17.1,15.2,1.2,0.1805,APP,declining,2025-03-22,True,1.4402,2.181,B,B,False
SKU-01508,Modern Jeans - 36x32 / Navy,Apparel & Footwear,Denim & Bottoms,283018497037,EA,6,0.92,16.6,8.3,3.3,0.2631,APP,declining,2022-03-10,True,0.9594,1.453,B,B,False
SKU-01509,Straight Cargo Pant - 34x30 / White,Apparel & Footwear,Denim & Bottoms,328245335391,EA,12,1.92,17.1,15.1,3.1,0.4632,APP,declining,2022-09-06,True,0.508,0.7694,C,B,True
SKU-01510,Athletic Khaki Pant - 36x30 / Slate Blue,Apparel & Footwear,Denim & Bottoms,618601195220,EA,12,1.79,15.3,9.9,1.4,0.1227,APP,declining,2022-08-25,True,0.5101,0.7725,C,B,True
SKU-01511,Straight Jogger Pant - 30x34 / Olive,Apparel & Footwear,Denim & Bottoms,932836783617,EA,6,1.31,15.4,8.9,3.0,0.238,APP,declining,2023-02-27,True,0.4571,0.6922,C,B,True
SKU-01512,High-Rise Cargo Pant - 34x30 / Navy,Apparel & Footwear,Denim & Bottoms,566275213070,EA,6,1.45,18.9,13.3,1.0,0.1455,APP,declining,2024-11-17,True,1.2028,1.8215,B,B,False
SKU-01513,Athletic Chino - 36x30 / Grey,Apparel & Footwear,Denim & Bottoms,195831247493,EA,12,0.83,13.3,12.5,2.2,0.2117,APP,declining,2023-10-20,True,0.3074,0.4655,C,C,False
SKU-01514,Relaxed Dress Pant - 36x30 / Slate Blue,Apparel & Footwear,Denim & Bottoms,928899726728,EA,24,1.74,18.4,10.9,3.1,0.3598,APP,declining,2023-10-25,True,1.1206,1.6971,B,B,False
SKU-01515,Modern Chino - 36x30 / Burgundy,Apparel & Footwear,Denim & Bottoms,862410792265,EA,6,0.92,19.9,11.3,1.6,0.2082,APP,declining,2023-04-02,True,1.3251,2.0068,B,B,False
SKU-01516,Slim Jogger Pant - 36x28 / Grey,Apparel & Footwear,Denim & Bottoms,752909712395,EA,12,0.96,19.4,13.2,2.5,0.3705,APP,declining,2022-06-10,True,0.7295,1.1047,C,B,True
SKU-01517,Relaxed Walking Short - 30x28 / Burgundy,Apparel & Footwear,Denim & Bottoms,121653660487,EA,48,1.94,15.9,15.1,2.1,0.2918,APP,declining,2022-05-01,True,0.6735,1.0199,C,B,True
SKU-01518,Tapered Khaki Pant - 32x34 / Olive,Apparel & Footwear,Denim & Bottoms,677501788451,EA,24,1.18,17.1,13.8,1.5,0.2048,APP,declining,2024-10-05,True,0.7971,1.2071,B,B,False
SKU-01519,Straight Walking Short - 30x28 / Grey,Apparel & Footwear,Denim & Bottoms,919693843394,EA,12,1.9,21.4,11.0,1.2,0.1635,APP,declining,2023-04-30,True,0.4989,0.7556,C,B,True
SKU-01520,Straight Jeans - 36x32 / Navy,Apparel & Footwear,Denim & Bottoms,559151859216,EA,6,1.56,13.6,11.9,2.4,0.2248,APP,declining,2024-03-11,True,0.3969,0.601,C,C,False
SKU-01521,High-Rise Chino - 30x28 / Burgundy,Apparel & Footwear,Denim & Bottoms,685469914868,EA,48,1.11,18.6,11.2,1.5,0.1808,APP,declining,2025-01-20,True,0.72,1.0905,C,B,True
SKU-01522,Slim Dress Pant - 34x30 / Tan,Apparel & Footwear,Denim & Bottoms,699739988877,EA,24,1.54,18.5,12.0,2.2,0.2826,APP,declining,2023-04-27,True,0.2795,0.4232,C,C,False
SKU-01523,Modern Jogger Pant - 34x32 / Grey,Apparel & Footwear,Denim & Bottoms,912966455155,EA,12,2.04,18.1,8.6,2.7,0.2432,APP,declining,2024-04-16,True,0.6721,1.0179,C,B,True
SKU-01524,Modern Khaki Pant - 34x34 / Grey,Apparel & Footwear,Denim & Bottoms,159498784713,EA,24,1.75,18.0,12.0,1.8,0.225,APP,declining,2025-04-07,True,0.2952,0.4471,C,C,False
SKU-01525,Straight Chino - 30x28 / Slate Blue,Apparel & Footwear,Denim & Bottoms,945169593951,EA,12,2.1,21.9,9.0,3.1,0.3536,APP,declining,2023-10-24,True,0.3859,0.5845,C,C,False
SKU-01526,Modern Jeans - 32x34 / Navy,Apparel & Footwear,Denim & Bottoms,703608600165,EA,12,2.05,18.8,11.5,2.6,0.3253,APP,declining,2023-08-04,True,0.2963,0.4486,C,C,False
SKU-01527,Athletic Dress Pant - 30x30 / White,Apparel & Footwear,Denim & Bottoms,465504758685,EA,24,1.28,12.3,13.9,1.7,0.1682,APP,declining,2023-08-08,True,6.2795,9.5097,A,A,False
SKU-01528,Straight Khaki Pant - 36x34 / Burgundy,Apparel & Footwear,Denim & Bottoms,749287818926,EA,24,1.41,16.3,11.9,2.4,0.2694,APP,declining,2025-03-25,True,4.149,6.2832,A,A,False
SKU-01529,Modern Khaki Pant - 30x34 / Slate Blue,Apparel & Footwear,Denim & Bottoms,880539760841,EA,48,1.72,15.6,15.4,3.8,0.5283,APP,declining,2022-06-29,True,0.6699,1.0145,C,B,True
SKU-01530,Modern Jeans - 36x34 / Burgundy,Apparel & Footwear,Denim & Bottoms,399035575017,EA,24,1.73,15.0,16.0,3.1,0.4306,APP,declining,2023-04-20,True,0.8082,1.2239,B,B,False
SKU-01531,Tapered Jogger Pant - 36x28 / Tan,Apparel & Footwear,Denim & Bottoms,585495146348,EA,12,1.18,18.9,9.0,3.5,0.3445,APP,declining,2024-05-30,True,0.3383,0.5123,C,C,False
SKU-01532,Slim Khaki Pant - 34x28 / Navy,Apparel & Footwear,Denim & Bottoms,216231713407,EA,24,1.36,15.0,13.3,3.4,0.3925,APP,declining,2023-08-27,True,11.9149,18.0441,A,A,False
SKU-01533,High-Rise Jogger Pant - 34x28 / Tan,Apparel & Footwear,Denim & Bottoms,027750782868,EA,24,0.87,18.3,14.4,2.2,0.3355,APP,declining,2025-02-06,True,1.2458,1.8867,B,B,False
SKU-01534,Tapered Jogger Pant - 28x30 / Olive,Apparel & Footwear,Denim & Bottoms,254066697624,EA,12,0.95,20.7,11.8,2.2,0.311,APP,declining,2022-04-23,True,0.348,0.527,C,C,False
SKU-01535,Tapered Khaki Pant - 32x32 / Dusty Rose,Apparel & Footwear,Denim & Bottoms,930602807632,EA,12,1.76,12.6,13.4,1.2,0.1173,APP,declining,2023-09-06,True,2.1782,3.2987,B,A,True
SKU-01536,Straight Khaki Pant - 32x28 / Tan,Apparel & Footwear,Denim & Bottoms,278193236250,EA,6,1.17,18.9,15.2,1.3,0.2161,APP,declining,2022-12-04,True,0.2921,0.4423,C,C,False
SKU-01537,Straight Khaki Pant - 34x28 / Tan,Apparel & Footwear,Denim & Bottoms,115005589231,EA,12,1.91,22.0,15.5,2.3,0.4539,APP,declining,2023-12-25,True,0.3098,0.4691,C,C,False
SKU-01538,Slim Chino - 36x30 / Slate Blue,Apparel & Footwear,Denim & Bottoms,534407979402,EA,48,2.05,16.5,13.8,2.4,0.3163,APP,declining,2024-12-10,True,0.5015,0.7594,C,B,True
SKU-01539,Tapered Cargo Pant - 34x28 / Grey,Apparel & Footwear,Denim & Bottoms,283757995972,EA,48,0.8,13.1,9.3,3.1,0.2186,APP,declining,2024-12-03,True,1.5219,2.3048,B,B,False
SKU-01540,Tapered Jogger Pant - 30x34 / White,Apparel & Footwear,Denim & Bottoms,150655972588,EA,24,1.01,21.0,8.8,2.0,0.2139,APP,declining,2025-02-11,True,0.3529,0.5345,C,C,False
SKU-01541,Relaxed Cargo Pant - 30x28 / White,Apparel & Footwear,Denim & Bottoms,594869330211,EA,12,2.0,17.9,9.8,3.9,0.3959,APP,declining,2022-08-03,True,0.6963,1.0545,C,B,True
SKU-01542,Slim Dress Pant - 34x32 / White,Apparel & Footwear,Denim & Bottoms,810174270149,EA,24,1.96,21.8,14.8,2.9,0.5415,APP,declining,2023-03-13,True,0.6922,1.0482,C,B,True
SKU-01543,High-Rise Dress Pant - 34x30 / Slate Blue,Apparel & Footwear,Denim & Bottoms,336350159749,EA,12,1.24,20.9,12.8,3.2,0.4954,APP,declining,2022-07-13,True,0.3278,0.4964,C,C,False
SKU-01544,High-Rise Khaki Pant - 28x30 / Burgundy,Apparel & Footwear,Denim & Bottoms,370969882221,EA,24,0.92,21.8,9.2,1.1,0.1277,APP,declining,2025-03-14,True,0.3374,0.5109,C,C,False
SKU-01545,High-Rise Walking Short - 30x30 / Grey,Apparel & Footwear,Denim & Bottoms,553734836606,EA,24,1.61,16.9,8.9,2.4,0.2089,APP,declining,2024-07-09,True,2.6655,4.0366,A,A,False
SKU-01546,Straight Walking Short - 28x34 / Olive,Apparel & Footwear,Denim & Bottoms,450501110985,EA,12,0.83,21.5,14.0,1.6,0.2787,APP,declining,2024-10-10,True,0.3435,0.5202,C,C,False
SKU-01547,Relaxed Dress Pant - 34x32 / Grey,Apparel & Footwear,Denim & Bottoms,308189060850,EA,24,1.92,16.7,13.1,1.9,0.2405,APP,declining,2022-12-08,True,0.5027,0.7613,C,B,True
SKU-01548,Slim Chino - 30x28 / Olive,Apparel & Footwear,Denim & Bottoms,704037617009,EA,6,1.48,18.7,10.9,2.9,0.3421,APP,declining,2024-07-15,True,0.9509,1.4401,B,B,False
SKU-01549,Slim Khaki Pant - 34x34 / Tan,Apparel & Footwear,Denim & Bottoms,952533471901,EA,24,1.62,20.4,14.0,1.1,0.1818,APP,declining,2024-12-03,True,0.7491,1.1344,C,B,True
SKU-01550,Modern Jeans - 36x34 / Navy,Apparel & Footwear,Denim & Bottoms,502649908813,EA,48,1.83,16.5,14.4,1.4,0.1925,APP,declining,2025-05-02,True,0.5683,0.8606,C,B,True
SKU-01551,Straight Jogger Pant - 34x34 / Slate Blue,Apparel & Footwear,Denim & Bottoms,642258496474,EA,24,1.51,14.8,13.5,1.9,0.2197,APP,declining,2022-03-29,True,1.7669,2.6757,B,A,True
SKU-01552,Tapered Jeans - 36x28 / Navy,Apparel & Footwear,Denim & Bottoms,423223603169,EA,24,1.0,20.1,12.5,3.6,0.5234,APP,declining,2024-08-03,True,46.4683,70.3721,A,A,False
SKU-01553,High-Rise Cargo Pant - 36x30 / Black,Apparel & Footwear,Denim & Bottoms,909778020733,EA,24,0.83,14.8,11.3,2.6,0.2516,APP,declining,2024-01-12,True,0.3644,0.5518,C,C,False
SKU-01554,Straight Chino - 28x32 / Black,Apparel & Footwear,Denim & Bottoms,128556104917,EA,48,2.11,20.9,11.0,2.5,0.3326,APP,declining,2025-01-28,True,0.363,0.5498,C,C,False
SKU-01555,Straight Walking Short - 28x32 / Burgundy,Apparel & Footwear,Denim & Bottoms,585922260879,EA,48,2.02,19.4,10.5,2.6,0.3065,APP,declining,2025-02-28,True,3.3673,5.0994,A,A,False
SKU-01556,Slim Jeans - 28x34 / Grey,Apparel & Footwear,Denim & Bottoms,459527605782,EA,24,1.51,20.7,8.0,2.3,0.2204,APP,declining,2022-09-30,True,1.5136,2.2923,B,B,False
SKU-01557,Straight Dress Pant - 32x30 / Dusty Rose,Apparel & Footwear,Denim & Bottoms,635225692219,EA,24,1.39,12.4,15.7,3.3,0.3718,APP,declining,2024-04-30,True,2.9472,4.4633,A,A,False
SKU-01558,Athletic Jogger Pant - 32x28 / White,Apparel & Footwear,Denim & Bottoms,218981820926,EA,6,1.79,15.8,8.7,3.8,0.3023,APP,declining,2024-10-12,True,0.31,0.4695,C,C,False
SKU-01559,Modern Cargo Pant - 32x32 / Slate Blue,Apparel & Footwear,Denim & Bottoms,151086891803,EA,12,1.63,13.8,15.0,1.1,0.1318,APP,declining,2024-08-17,True,3.3191,5.0266,A,A,False
SKU-01560,Modern Jeans - 34x28 / Olive,Apparel & Footwear,Denim & Bottoms,334905350949,EA,6,0.97,20.7,8.6,2.9,0.2988,APP,declining,2023-07-09,True,0.5495,0.8321,C,B,True
SKU-01561,Tapered Chino - 28x32 / Burgundy,Apparel & Footwear,Denim & Bottoms,778751721751,EA,24,1.91,18.3,11.4,1.2,0.1449,APP,declining,2023-03-05,True,0.4861,0.7361,C,B,True
SKU-01562,High-Rise Khaki Pant - 36x30 / Navy,Apparel & Footwear,Denim & Bottoms,735647989077,EA,12,1.81,15.5,10.1,2.1,0.1903,APP,declining,2024-05-19,True,4.8237,7.3051,A,A,False
SKU-01563,High-Rise Jeans - 28x28 / Dusty Rose,Apparel & Footwear,Denim & Bottoms,837941213625,EA,48,1.97,12.8,12.4,2.6,0.2388,APP,declining,2024-07-16,True,0.5942,0.8999,C,B,True
SKU-01564,Athletic Dress Pant - 36x32 / Slate Blue,Apparel & Footwear,Denim & Bottoms,529309082026,EA,24,1.23,13.6,14.9,2.7,0.3166,APP,declining,2024-11-24,True,1.1046,1.6729,B,B,False
SKU-01565,High-Rise Walking Short - 32x32 / Tan,Apparel & Footwear,Denim & Bottoms,388737775599,EA,24,1.1,20.6,15.2,1.2,0.2174,APP,declining,2024-09-29,True,3.0109,4.5597,A,A,False
SKU-01566,High-Rise Jogger Pant - 32x30 / Dusty Rose,Apparel & Footwear,Denim & Bottoms,347733424207,EA,24,1.51,15.2,14.6,1.2,0.1541,APP,declining,2024-06-20,True,0.7487,1.1338,C,B,True
SKU-01567,High-Rise Dress Pant - 34x34 / Grey,Apparel & Footwear,Denim & Bottoms,313828677560,EA,24,1.36,17.5,15.5,3.4,0.5337,APP,declining,2023-02-09,True,2.1714,3.2884,B,A,True
SKU-01568,High-Rise Chino - 32x30 / Black,Apparel & Footwear,Denim & Bottoms,264106987370,EA,12,1.53,15.1,8.1,1.7,0.1203,APP,declining,2024-12-09,True,1.2186,1.8454,B,B,False
SKU-01569,Slim Jeans - 34x28 / Navy,Apparel & Footwear,Denim & Bottoms,097216840443,EA,48,1.3,20.1,13.1,3.6,0.5486,APP,declining,2024-04-16,True,0.2927,0.4433,C,C,False
SKU-01570,Modern Jogger Pant - 34x34 / Black,Apparel & Footwear,Denim & Bottoms,154785102207,EA,12,1.75,18.2,10.5,1.4,0.1548,APP,declining,2023-01-04,True,0.3166,0.4795,C,C,False
SKU-01571,Relaxed Cargo Pant - 36x30 / Black,Apparel & Footwear,Denim & Bottoms,714659439350,EA,6,0.81,16.7,11.5,3.0,0.3334,APP,declining,2025-03-15,True,0.6807,1.0308,C,B,True
SKU-01572,Athletic Chino - 32x32 / White,Apparel & Footwear,Denim & Bottoms,519566231596,EA,24,2.1,21.8,8.0,3.7,0.3734,APP,declining,2024-10-07,True,0.5864,0.8882,C,B,True
SKU-01573,Relaxed Cargo Pant - 36x32 / Black,Apparel & Footwear,Denim & Bottoms,043322701283,EA,6,2.19,14.0,8.1,3.8,0.2494,APP,declining,2023-09-21,True,0.4468,0.6767,C,B,True
SKU-01574,Slim Dress Pant - 32x32 / Slate Blue,Apparel & Footwear,Denim & Bottoms,494869078171,EA,48,1.44,20.8,15.3,2.0,0.3683,APP,declining,2022-06-23,True,0.7889,1.1948,B,B,False
SKU-01575,Athletic Jogger Pant - 36x28 / Grey,Apparel & Footwear,Denim & Bottoms,937990279971,EA,24,1.51,20.9,13.8,1.6,0.2671,APP,declining,2024-07-07,True,2.3469,3.5541,B,A,True
SKU-01576,Straight Cargo Pant - 32x34 / Dusty Rose,Apparel & Footwear,Denim & Bottoms,212343523850,EA,12,1.57,20.4,12.1,1.2,0.1714,APP,declining,2022-09-24,True,0.5435,0.8231,C,B,True
SKU-01577,Modern Jeans - 30x34 / Grey,Apparel & Footwear,Denim & Bottoms,352382150082,EA,6,2.09,18.3,13.0,1.4,0.1927,APP,declining,2023-04-15,True,0.7149,1.0826,C,B,True
SKU-01578,Athletic Khaki Pant - 36x32 / Dusty Rose,Apparel & Footwear,Denim & Bottoms,653521966995,EA,24,1.44,13.5,8.0,1.8,0.1125,APP,declining,2023-09-12,True,0.4828,0.7313,C,B,True
SKU-01579,Modern Walking Short - 34x28 / Tan,Apparel & Footwear,Denim & Bottoms,429157105900,EA,48,1.67,20.8,15.6,1.1,0.2066,APP,declining,2023-06-17,True,2.7334,4.1395,A,A,False
SKU-01580,Relaxed Jogger Pant - 32x28 / Navy,Apparel & Footwear,Denim & Bottoms,847467891777,EA,6,1.19,16.7,11.5,3.2,0.3556,APP,declining,2023-10-29,True,0.5349,0.8101,C,B,True
SKU-01581,High-Rise Dress Pant - 32x32 / White,Apparel & Footwear,Denim & Bottoms,810017360679,EA,12,2.06,16.9,15.4,3.4,0.5121,APP,declining,2023-08-22,True,0.3049,0.4618,C,C,False
SKU-01582,Straight Cargo Pant - 28x32 / Slate Blue,Apparel & Footwear,Denim & Bottoms,596048884128,EA,12,1.29,17.6,8.2,2.7,0.2255,APP,declining,2022-12-10,True,0.7013,1.062,C,B,True
SKU-01583,Athletic Jogger Pant - 30x34 / Grey,Apparel & Footwear,Denim & Bottoms,125369979709,EA,24,1.49,14.5,10.3,2.8,0.242,APP,declining,2025-05-15,True,1.0466,1.585,B,B,False
SKU-01584,High-Rise Jeans - 32x32 / Black,Apparel & Footwear,Denim & Bottoms,274075152693,EA,24,1.14,18.6,11.5,1.3,0.1609,APP,declining,2025-04-24,True,0.459,0.6951,C,B,True
SKU-01585,Relaxed Khaki Pant - 28x34 / Navy,Apparel & Footwear,Denim & Bottoms,357341718163,EA,48,2.04,21.3,11.9,1.1,0.1614,APP,declining,2024-06-27,True,0.3586,0.5431,C,C,False
SKU-01586,Relaxed Khaki Pant - 32x30 / Tan,Apparel & Footwear,Denim & Bottoms,389072668788,EA,24,1.97,17.0,11.4,1.4,0.157,APP,declining,2024-01-27,True,0.3907,0.5917,C,C,False
SKU-01587,Relaxed Chino - 28x32 / Black,Apparel & Footwear,Denim & Bottoms,731079605239,EA,24,1.29,14.9,12.5,2.0,0.2156,APP,declining,2023-01-12,True,0.668,1.0116,C,B,True
SKU-01588,Modern Chino - 28x34 / Tan,Apparel & Footwear,Denim & Bottoms,329942769551,EA,24,1.61,18.6,8.8,3.4,0.3221,APP,declining,2024-03-23,True,0.2938,0.4449,C,C,False
SKU-01589,Slim Walking Short - 34x30 / Navy,Apparel & Footwear,Denim & Bottoms,166674667706,EA,48,1.89,14.1,15.7,1.9,0.2434,APP,declining,2023-08-05,True,0.3721,0.5634,C,C,False
SKU-01590,Relaxed Khaki Pant - 36x32 / Burgundy,Apparel & Footwear,Denim & Bottoms,266920253295,EA,24,1.65,16.0,8.6,1.5,0.1194,APP,declining,2022-12-26,True,1.499,2.2701,B,B,False
SKU-01591,Straight Walking Short - 28x30 / Navy,Apparel & Footwear,Denim & Bottoms,454229272102,EA,48,1.83,19.2,14.2,1.2,0.1893,APP,declining,2023-12-06,True,0.6517,0.987,C,B,True
SKU-01592,Athletic Jeans - 34x34 / Tan,Apparel & Footwear,Denim & Bottoms,862602277098,EA,12,2.15,13.1,12.5,2.0,0.1895,APP,declining,2024-09-15,True,1.642,2.4866,B,B,False
SKU-01593,Slim Jeans - 32x28 / White,Apparel & Footwear,Denim & Bottoms,655033888434,EA,24,1.63,15.5,12.9,1.8,0.2083,APP,declining,2023-05-25,True,4.0407,6.1193,A,A,False
SKU-01594,Relaxed Khaki Pant - 28x28 / Tan,Apparel & Footwear,Denim & Bottoms,782423760711,EA,24,1.41,20.7,11.2,3.8,0.5098,APP,declining,2024-08-12,True,0.3955,0.5989,C,C,False
SKU-01595,Modern Dress Pant - 32x28 / Olive,Apparel & Footwear,Denim & Bottoms,550789018363,EA,12,1.0,19.6,13.7,1.6,0.2486,APP,declining,2023-05-21,True,0.9742,1.4753,B,B,False
SKU-01596,Athletic Chino - 32x30 / Navy,Apparel & Footwear,Denim & Bottoms,113341838441,EA,24,0.99,13.9,14.2,2.6,0.297,APP,declining,2025-03-12,True,5.8086,8.7965,A,A,False
SKU-01597,Relaxed Cargo Pant - 36x32 / Dusty Rose,Apparel & Footwear,Denim & Bottoms,706808560643,EA,24,2.03,20.9,8.0,2.9,0.2806,APP,declining,2024-08-03,True,1.0658,1.614,B,B,False
SKU-01598,Athletic Jeans - 32x30 / Grey,Apparel & Footwear,Denim & Bottoms,115577750588,EA,48,1.5,13.3,13.4,2.4,0.2475,APP,declining,2025-05-09,True,1.0641,1.6116,B,B,False
SKU-01599,Relaxed Jeans - 28x28 / Navy,Apparel & Footwear,Denim & Bottoms,840341698880,EA,24,1.66,16.1,9.5,3.9,0.3452,APP,declining,2023-07-30,True,0.7283,1.103,C,B,True
SKU-01600,High-Rise Cargo Pant - 36x32 / Olive,Apparel & Footwear,Denim & Bottoms,557913808901,EA,24,1.01,19.2,11.9,1.3,0.1719,APP,declining,2023-11-13,True,6.9702,10.5558,A,A,False
SKU-01601,Straight Dress Pant - 32x30 / Grey,Apparel & Footwear,Denim & Bottoms,805508511764,EA,12,1.56,14.4,9.4,1.3,0.1018,APP,declining,2025-04-10,True,1.3748,2.082,B,B,False
SKU-01602,Slim Cargo Pant - 36x32 / Tan,Apparel & Footwear,Denim & Bottoms,260952790210,EA,24,1.55,14.5,12.8,2.0,0.2148,APP,declining,2024-10-08,True,0.3784,0.5731,C,C,False
SKU-01603,Tapered Jeans - 30x28 / Dusty Rose,Apparel & Footwear,Denim & Bottoms,648809278588,EA,24,1.94,18.8,15.8,3.1,0.5329,APP,declining,2024-10-24,True,1.3379,2.0261,B,B,False
SKU-01604,Athletic Jeans - 28x34 / Black,Apparel & Footwear,Denim & Bottoms,413908672925,EA,6,2.06,22.0,13.3,1.6,0.2709,APP,declining,2022-07-18,True,1.9718,2.9861,B,A,True
SKU-01605,Slim Khaki Pant - 34x30 / Dusty Rose,Apparel & Footwear,Denim & Bottoms,049700775028,EA,6,1.03,13.8,12.1,2.0,0.1933,APP,declining,2024-09-27,True,0.3501,0.5302,C,C,False
SKU-01606,High-Rise Cargo Pant - 32x32 / Navy,Apparel & Footwear,Denim & Bottoms,207352516732,EA,24,1.83,17.9,11.1,1.8,0.207,APP,declining,2024-09-02,True,0.3457,0.5236,C,C,False
SKU-01607,Athletic Walking Short - 36x28 / Dusty Rose,Apparel & Footwear,Denim & Bottoms,454443928753,EA,12,1.28,16.6,12.1,3.0,0.3487,APP,declining,2022-08-31,True,0.3738,0.5661,C,C,False
SKU-01608,High-Rise Chino - 28x34 / White,Apparel & Footwear,Denim & Bottoms,348418660442,EA,24,1.62,18.3,12.1,3.8,0.4869,APP,declining,2024-08-08,True,0.3707,0.5613,C,C,False
SKU-01609,Tapered Cargo Pant - 34x34 / Navy,Apparel & Footwear,Denim & Bottoms,198574690317,EA,24,1.92,14.8,8.0,1.1,0.0754,APP,declining,2023-01-28,True,1.7691,2.6791,B,A,True
SKU-01610,Straight Chino - 36x32 / Burgundy,Apparel & Footwear,Denim & Bottoms,600894551228,EA,12,1.47,19.7,15.7,1.6,0.2864,APP,declining,2023-01-29,True,0.293,0.4437,C,C,False
SKU-01611,Tapered Chino - 32x32 / Dusty Rose,Apparel & Footwear,Denim & Bottoms,263684058293,EA,24,2.13,16.8,15.8,2.5,0.384,APP,declining,2023-02-20,True,1.6305,2.4692,B,B,False
SKU-01612,Tapered Jeans - 28x34 / White,Apparel & Footwear,Denim & Bottoms,563229690444,EA,12,0.85,19.0,10.4,1.8,0.2058,APP,declining,2025-02-18,True,0.3086,0.4673,C,C,False
SKU-01613,Relaxed Khaki Pant - 34x30 / Olive,Apparel & Footwear,Denim & Bottoms,115694253107,EA,24,1.89,13.6,15.5,4.0,0.488,APP,declining,2024-11-08,True,0.5917,0.8961,C,B,True
SKU-01614,Modern Cargo Pant - 36x30 / Tan,Apparel & Footwear,Denim & Bottoms,575534249349,EA,6,2.04,16.5,13.1,3.8,0.4753,APP,declining,2024-07-30,True,0.5315,0.8049,C,B,True
SKU-01615,Slim Khaki Pant - 28x32 / Tan,Apparel & Footwear,Denim & Bottoms,920046053964,EA,24,1.37,19.8,10.9,3.7,0.4621,APP,declining,2024-12-14,True,0.5619,0.8509,C,B,True
SKU-01616,Athletic Jeans - 32x34 / Slate Blue,Apparel & Footwear,Denim & Bottoms,658974568288,EA,6,1.26,15.9,12.7,1.8,0.2103,APP,declining,2024-07-10,True,0.4627,0.7007,C,B,True
SKU-01617,High-Rise Khaki Pant - 30x30 / Tan,Apparel & Footwear,Denim & Bottoms,522882196462,EA,12,1.61,15.0,8.5,2.0,0.1476,APP,declining,2024-02-19,True,1.4628,2.2153,B,B,False
SKU-01618,Straight Khaki Pant - 34x28 / Burgundy,Apparel & Footwear,Denim & Bottoms,405251866529,EA,12,1.06,20.3,9.0,3.6,0.3806,APP,declining,2024-03-19,True,1.1814,1.7891,B,B,False
SKU-01619,Straight Walking Short - 36x34 / Slate Blue,Apparel & Footwear,Denim & Bottoms,645731491198,EA,6,0.86,19.6,12.6,3.5,0.5002,APP,declining,2024-09-15,True,0.3296,0.4992,C,C,False
SKU-01620,High-Rise Walking Short - 32x30 / Grey,Apparel & Footwear,Denim & Bottoms,646895062284,EA,24,1.9,20.6,15.0,2.4,0.4292,APP,declining,2024-03-15,True,5.2606,7.9667,A,A,False
SKU-01621,Athletic Dress Pant - 28x34 / White,Apparel & Footwear,Denim & Bottoms,153822040524,EA,24,1.73,14.0,11.2,3.5,0.3176,APP,declining,2023-03-13,True,0.631,0.9557,C,B,True
SKU-01622,High-Rise Jogger Pant - 34x32 / Tan,Apparel & Footwear,Denim & Bottoms,985054445710,EA,6,1.01,17.2,9.1,2.9,0.2627,APP,declining,2024-02-01,True,0.3059,0.4632,C,C,False
SKU-01623,Slim Walking Short - 34x30 / Olive,Apparel & Footwear,Denim & Bottoms,195040957406,EA,24,1.9,17.3,14.0,2.1,0.2943,APP,declining,2024-08-27,True,0.604,0.9147,C,B,True
SKU-01624,Tapered Jeans - 36x28 / Slate Blue,Apparel & Footwear,Denim & Bottoms,264087287810,EA,6,1.12,19.5,10.3,3.2,0.3719,APP,declining,2023-08-29,True,0.4956,0.7505,C,B,True
SKU-01625,Relaxed Khaki Pant - 28x28 / Navy,Apparel & Footwear,Denim & Bottoms,065719796366,EA,12,2.08,18.0,10.3,1.6,0.1717,APP,declining,2025-01-23,True,1.6816,2.5466,B,B,False
SKU-01626,Modern Chino - 36x28 / Grey,Apparel & Footwear,Denim & Bottoms,545453953063,EA,12,0.93,12.7,15.4,1.5,0.1698,APP,declining,2023-11-08,True,0.9148,1.3853,B,B,False
SKU-01627,Athletic Chino - 34x32 / Slate Blue,Apparel & Footwear,Denim & Bottoms,714489127149,EA,48,1.92,19.0,14.8,2.1,0.3417,APP,declining,2022-05-06,True,0.3696,0.5597,C,C,False
SKU-01628,High-Rise Jogger Pant - 34x30 / Navy,Apparel & Footwear,Denim & Bottoms,943951678016,EA,24,1.01,19.7,11.4,2.5,0.3249,APP,declining,2023-04-19,True,0.2933,0.4441,C,C,False
SKU-01629,Athletic Cargo Pant - 32x32 / Slate Blue,Apparel & Footwear,Denim & Bottoms,720904048523,EA,6,1.86,21.3,14.0,3.2,0.5522,APP,declining,2023-06-27,True,0.282,0.427,C,C,False
SKU-01630,Athletic Cargo Pant - 28x28 / Tan,Apparel & Footwear,Denim & Bottoms,641994233906,EA,24,1.29,14.4,15.4,3.8,0.4877,APP,declining,2022-12-11,True,0.798,1.2085,B,B,False
SKU-01631,Tapered Walking Short - 30x32 / Black,Apparel & Footwear,Denim & Bottoms,427431366367,EA,48,1.38,16.1,8.7,3.9,0.3161,APP,declining,2023-09-11,True,0.5144,0.779,C,B,True
SKU-01632,Relaxed Jogger Pant - 28x28 / Tan,Apparel & Footwear,Denim & Bottoms,381305127859,EA,24,0.98,12.1,9.7,3.2,0.2174,APP,declining,2022-12-23,True,0.4991,0.7559,C,B,True
SKU-01633,Modern Cargo Pant - 28x32 / Black,Apparel & Footwear,Denim & Bottoms,269977461529,EA,12,0.92,16.4,15.9,1.7,0.2565,APP,declining,2024-02-15,True,0.5576,0.8445,C,B,True
SKU-01634,Straight Khaki Pant - 36x34 / Burgundy,Apparel & Footwear,Denim & Bottoms,352340281672,EA,12,2.06,16.3,14.1,3.7,0.4921,APP,declining,2022-07-30,True,0.4054,0.6139,C,C,False
SKU-01635,Athletic Khaki Pant - 34x34 / Slate Blue,Apparel & Footwear,Denim & Bottoms,385169459947,EA,24,2.09,20.9,12.8,3.9,0.6038,APP,declining,2023-04-25,True,0.3583,0.5427,C,C,False
SKU-01636,High-Rise Chino - 30x34 / Grey,Apparel & Footwear,Denim & Bottoms,788082660291,EA,12,1.26,12.3,10.2,3.1,0.2251,APP,declining,2025-02-15,True,1.7918,2.7136,B,A,True
SKU-01637,Straight Jogger Pant - 34x32 / Slate Blue,Apparel & Footwear,Denim & Bottoms,513769737867,EA,24,1.69,17.9,14.9,1.9,0.2933,APP,declining,2022-06-20,True,0.3597,0.5447,C,C,False
SKU-01638,Straight Cargo Pant - 30x30 / Black,Apparel & Footwear,Denim & Bottoms,280400708549,EA,12,1.39,13.0,8.9,3.3,0.221,APP,declining,2024-02-09,True,2.0932,3.1699,B,A,True
SKU-01639,Slim Dress Pant - 28x30 / Dusty Rose,Apparel & Footwear,Denim & Bottoms,419638095501,EA,24,1.71,17.4,15.1,3.5,0.5322,APP,declining,2023-08-07,True,0.6604,1.0001,C,B,True
SKU-01640,Athletic Khaki Pant - 30x28 / Grey,Apparel & Footwear,Denim & Bottoms,994480356638,EA,24,1.73,14.7,15.8,1.7,0.2285,APP,declining,2023-08-28,True,0.5227,0.7916,C,B,True
SKU-01641,Athletic Walking Short - 34x34 / Slate Blue,Apparel & Footwear,Denim & Bottoms,584140952655,EA,24,0.93,21.3,12.5,1.8,0.2773,APP,declining,2022-05-31,True,0.66,0.9996,C,B,True
SKU-01642,High-Rise Chino - 34x34 / Tan,Apparel & Footwear,Denim & Bottoms,012084588817,EA,48,1.17,21.9,8.2,1.4,0.1455,APP,declining,2025-05-13,True,1.4658,2.2199,B,B,False
SKU-01643,Modern Khaki Pant - 34x32 / Navy,Apparel & Footwear,Denim & Bottoms,219589428769,EA,12,2.01,16.0,13.9,3.2,0.4119,APP,declining,2024-03-26,True,1.1695,1.7711,B,B,False
SKU-01644,Straight Khaki Pant - 36x28 / Dusty Rose,Apparel & Footwear,Denim & Bottoms,848289787679,EA,24,1.34,16.5,14.5,2.3,0.3184,APP,declining,2023-03-10,True,0.3037,0.4599,C,C,False
SKU-01645,Modern Dress Pant - 30x32 / Slate Blue,Apparel & Footwear,Denim & Bottoms,447387264393,EA,6,2.14,13.6,9.8,3.7,0.2854,APP,declining,2024-01-30,True,3.1048,4.7019,A,A,False
SKU-01646,High-Rise Jogger Pant - 32x28 / Black,Apparel & Footwear,Denim & Bottoms,040396513352,EA,48,0.98,14.3,12.3,3.3,0.3359,APP,declining,2023-04-20,True,0.3639,0.5511,C,C,False
SKU-01647,High-Rise Khaki Pant - 32x28 / Dusty Rose,Apparel & Footwear,Denim & Bottoms,573946931220,EA,24,0.96,16.5,12.8,3.5,0.4278,APP,declining,2024-07-01,True,0.4799,0.7267,C,B,True
SKU-01648,Athletic Jeans - 30x32 / Dusty Rose,Apparel & Footwear,Denim & Bottoms,830502756553,EA,12,0.99,15.7,13.6,3.1,0.3831,APP,declining,2024-07-22,True,0.404,0.6119,C,C,False
SKU-01649,High-Rise Jeans - 36x28 / Navy,Apparel & Footwear,Denim & Bottoms,210369613329,EA,24,2.17,17.4,12.5,1.0,0.1259,APP,declining,2023-11-06,True,0.4254,0.6442,C,C,False
SKU-01650,Tapered Dress Pant - 28x32 / Black,Apparel & Footwear,Denim & Bottoms,305722289828,EA,12,1.25,18.3,12.0,3.9,0.4956,APP,declining,2022-08-11,True,0.4591,0.6954,C,B,True
SKU-01651,Trail Slip-On - Size 7 / Dusty Rose,Apparel & Footwear,Footwear,947307274934,EA,24,3.65,12.6,7.1,5.0,0.2589,APP,declining,2022-11-14,True,0.3805,0.6102,C,C,False
SKU-01652,Classic Slip-On - Size 10.5 / Burgundy,Apparel & Footwear,Footwear,705997480717,EA,12,3.72,16.0,8.5,4.9,0.3856,APP,declining,2022-12-24,True,26.8694,43.085,A,A,False
SKU-01653,Classic Cross-Trainer - Size 9 / Olive,Apparel & Footwear,Footwear,007478082493,EA,48,4.29,15.7,7.8,4.1,0.2906,APP,declining,2023-10-07,True,0.7571,1.214,C,B,True
SKU-01654,Casual Sneaker - Size 11.5 / Olive,Apparel & Footwear,Footwear,050528999152,EA,6,4.0,14.5,7.3,5.1,0.3124,APP,declining,2024-02-18,True,1.0661,1.7094,B,B,False
SKU-01655,Comfort Oxford - Size 11.5 / Olive,Apparel & Footwear,Footwear,989148538391,EA,24,2.39,13.6,7.1,4.2,0.2347,APP,declining,2025-05-06,True,0.4116,0.6599,C,C,False
SKU-01656,Running Sport Sandal - Size 10.5 / Grey,Apparel & Footwear,Footwear,200157526248,EA,6,2.57,15.3,8.8,4.2,0.3273,APP,declining,2022-08-02,True,0.7044,1.1296,C,B,True
SKU-01657,Athletic Sneaker - Size 12 / Olive,Apparel & Footwear,Footwear,968771580417,EA,48,3.51,12.7,7.8,4.7,0.2694,APP,declining,2025-03-22,True,0.3472,0.5567,C,C,False
SKU-01658,Performance Sport Sandal - Size 11.5 / Black,Apparel & Footwear,Footwear,130767465646,EA,24,2.58,12.1,8.4,4.2,0.247,APP,declining,2023-05-02,True,0.4354,0.6981,C,B,True
SKU-01659,Trail Ankle Boot - Size 7.5 / Grey,Apparel & Footwear,Footwear,248461970715,EA,24,2.55,12.1,7.9,4.1,0.2268,APP,declining,2022-06-03,True,0.2723,0.4367,C,C,False
SKU-01660,Athletic Sneaker - Size 9 / Olive,Apparel & Footwear,Footwear,628803542593,EA,12,2.36,13.0,7.4,5.6,0.3118,APP,declining,2023-01-09,True,0.5208,0.8351,C,B,True
SKU-01661,Casual Slip-On - Size 9 / Olive,Apparel & Footwear,Footwear,246773743126,EA,12,3.58,15.0,8.2,5.4,0.3844,APP,declining,2025-02-20,True,0.6505,1.0431,C,B,True
SKU-01662,Performance Cross-Trainer - Size 7 / White,Apparel & Footwear,Footwear,422327714281,EA,12,4.47,12.6,7.8,4.7,0.2673,APP,declining,2024-04-29,True,1.5901,2.5497,B,B,False
SKU-01663,Athletic Runner - Size 11.5 / Grey,Apparel & Footwear,Footwear,443890883413,EA,12,4.32,13.5,8.6,5.4,0.3628,APP,declining,2022-06-26,True,0.414,0.6639,C,C,False
SKU-01664,Comfort Ankle Boot - Size 9.5 / Grey,Apparel & Footwear,Footwear,530801976122,EA,24,2.52,15.9,8.9,4.8,0.3931,APP,declining,2023-10-14,True,2.6815,4.2997,A,A,False
SKU-01665,Trail Oxford - Size 8.5 / Dusty Rose,Apparel & Footwear,Footwear,947292131512,EA,24,3.74,15.0,8.2,4.8,0.3417,APP,declining,2025-04-02,True,0.4244,0.6806,C,B,True
SKU-01666,Casual Oxford - Size 11 / Black,Apparel & Footwear,Footwear,800865386433,EA,24,3.58,12.1,8.9,5.1,0.3178,APP,declining,2023-04-16,True,0.8214,1.317,B,B,False
SKU-01667,Trail Sneaker - Size 8 / Grey,Apparel & Footwear,Footwear,009703294264,EA,12,2.72,14.2,7.6,5.0,0.3123,APP,declining,2024-05-29,True,0.6992,1.1212,C,B,True
SKU-01668,Performance Ankle Boot - Size 10 / Slate Blue,Apparel & Footwear,Footwear,079165476276,EA,12,3.58,15.2,8.0,5.1,0.3589,APP,declining,2023-01-12,True,0.2699,0.4327,C,C,False
SKU-01669,Casual Sport Sandal - Size 10.5 / Grey,Apparel & Footwear,Footwear,156493404092,EA,24,1.85,13.3,7.8,6.3,0.3782,APP,declining,2025-01-05,True,0.388,0.6222,C,C,False
SKU-01670,Casual Slip-On - Size 9.5 / Black,Apparel & Footwear,Footwear,455123693530,EA,12,1.86,14.4,8.2,4.1,0.2802,APP,declining,2024-04-10,True,0.7443,1.1934,C,B,True
SKU-01671,Comfort Cross-Trainer - Size 7.5 / Black,Apparel & Footwear,Footwear,803546749949,EA,24,3.51,12.9,8.9,5.3,0.3521,APP,declining,2024-12-10,True,0.529,0.8482,C,B,True
SKU-01672,Casual Ankle Boot - Size 10 / Dusty Rose,Apparel & Footwear,Footwear,526933585800,EA,12,1.74,13.2,8.2,5.8,0.3633,APP,declining,2024-08-22,True,3.2191,5.1618,A,A,False
SKU-01673,Trail Ankle Boot - Size 11 / Navy,Apparel & Footwear,Footwear,249439648734,EA,6,2.15,15.7,7.7,6.5,0.4547,APP,declining,2025-01-22,True,0.2943,0.4719,C,C,False
SKU-01674,Classic Sport Sandal - Size 10 / Dusty Rose,Apparel & Footwear,Footwear,948126783669,EA,6,1.66,12.8,8.4,5.1,0.3173,APP,declining,2025-05-02,True,0.4595,0.7369,C,B,True
SKU-01675,Trail Runner - Size 11 / Slate Blue,Apparel & Footwear,Footwear,371119203633,EA,6,1.55,14.0,7.5,6.1,0.3707,APP,declining,2023-04-02,True,0.3273,0.5248,C,C,False
SKU-01676,Running Cross-Trainer - Size 10.5 / Slate Blue,Apparel & Footwear,Footwear,358605355588,EA,48,1.79,15.7,8.9,5.6,0.4528,APP,declining,2023-06-07,True,0.8413,1.349,B,B,False
SKU-01677,Comfort Cross-Trainer - Size 11 / Black,Apparel & Footwear,Footwear,090291755800,EA,12,2.09,15.7,7.4,4.5,0.3026,APP,declining,2023-10-26,True,0.3607,0.5784,C,C,False
SKU-01678,Running Slip-On - Size 12 / Burgundy,Apparel & Footwear,Footwear,594668898997,EA,12,1.71,13.7,7.7,4.4,0.2686,APP,declining,2024-05-27,True,3.7617,6.0319,A,A,False
SKU-01679,Performance Ankle Boot - Size 11.5 / Olive,Apparel & Footwear,Footwear,430447148230,EA,24,3.99,14.1,7.5,5.2,0.3182,APP,declining,2022-08-24,True,1.3587,2.1787,B,B,False
SKU-01680,Trail Cross-Trainer - Size 9 / White,Apparel & Footwear,Footwear,252642790577,EA,12,2.75,13.8,8.5,6.5,0.4412,APP,declining,2025-01-08,True,0.3613,0.5794,C,C,False
SKU-01681,Trail Sport Sandal - Size 11.5 / Slate Blue,Apparel & Footwear,Footwear,970308628501,EA,24,3.41,13.5,7.9,6.0,0.3703,APP,declining,2024-06-17,True,0.5354,0.8585,C,B,True
SKU-01682,Classic Oxford - Size 12 / Navy,Apparel & Footwear,Footwear,060056592533,EA,6,4.19,12.0,8.8,5.0,0.3056,APP,declining,2022-11-05,True,0.3015,0.4834,C,C,False
SKU-01683,Comfort Sport Sandal - Size 11.5 / Navy,Apparel & Footwear,Footwear,972374794545,EA,6,3.64,12.5,8.3,6.0,0.3602,APP,declining,2022-03-24,True,0.6398,1.0258,C,B,True
SKU-01684,Athletic Cross-Trainer - Size 12 / Grey,Apparel & Footwear,Footwear,095663636019,EA,24,2.19,13.6,8.5,6.1,0.4081,APP,declining,2024-12-22,True,0.3968,0.6363,C,C,False
SKU-01685,Trail Slip-On - Size 7 / Black,Apparel & Footwear,Footwear,062009191058,EA,6,3.14,13.6,7.3,4.9,0.2815,APP,declining,2024-05-02,True,0.3285,0.5267,C,C,False
SKU-01686,Performance Sneaker - Size 7 / Slate Blue,Apparel & Footwear,Footwear,029727779508,EA,6,1.7,13.2,8.6,6.0,0.3942,APP,declining,2023-05-02,True,0.3436,0.5509,C,C,False
SKU-01687,Running Slip-On - Size 7.5 / Dusty Rose,Apparel & Footwear,Footwear,161351760878,EA,24,1.88,15.2,7.6,6.1,0.4078,APP,declining,2023-05-19,True,3.2833,5.2647,A,A,False
SKU-01688,Trail Runner - Size 9 / Olive,Apparel & Footwear,Footwear,779320168696,EA,48,2.18,13.3,8.5,5.2,0.3402,APP,declining,2024-07-12,True,0.3776,0.6054,C,C,False
SKU-01689,Casual Sneaker - Size 7 / White,Apparel & Footwear,Footwear,348605652690,EA,24,3.93,13.9,8.5,5.8,0.3966,APP,declining,2022-06-21,True,1.135,1.82,B,B,False
SKU-01690,Running Slip-On - Size 12 / Navy,Apparel & Footwear,Footwear,992442106060,EA,6,2.51,12.9,8.5,4.7,0.2982,APP,declining,2025-05-16,True,0.5256,0.8428,C,B,True
SKU-01691,Athletic Sport Sandal - Size 7.5 / White,Apparel & Footwear,Footwear,402001137163,EA,12,2.48,13.2,7.9,4.7,0.2836,APP,declining,2022-06-08,True,0.3272,0.5246,C,C,False
SKU-01692,Running Oxford - Size 11.5 / Grey,Apparel & Footwear,Footwear,509757196985,EA,12,2.28,12.7,8.3,5.5,0.3355,APP,declining,2023-03-11,True,2.972,4.7656,A,A,False
SKU-01693,Classic Sport Sandal - Size 12 / Grey,Apparel & Footwear,Footwear,303595281158,EA,12,2.73,15.6,8.1,5.0,0.3656,APP,declining,2025-05-04,True,0.3707,0.5944,C,C,False
SKU-01694,Running Sport Sandal - Size 8 / Olive,Apparel & Footwear,Footwear,823158824707,EA,6,3.26,13.6,7.7,5.3,0.3212,APP,declining,2025-04-12,True,0.2778,0.4454,C,C,False
SKU-01695,Trail Ankle Boot - Size 12 / White,Apparel & Footwear,Footwear,057931707762,EA,6,4.14,15.2,8.6,6.4,0.4841,APP,declining,2023-06-10,True,0.2955,0.4739,C,C,False
SKU-01696,Comfort Ankle Boot - Size 9 / Slate Blue,Apparel & Footwear,Footwear,010667381298,EA,24,2.68,13.3,8.8,4.4,0.298,APP,declining,2023-06-08,True,11.9691,19.1924,A,A,False
SKU-01697,Comfort Sport Sandal - Size 9.5 / Olive,Apparel & Footwear,Footwear,157025067305,EA,48,3.97,12.3,7.7,5.6,0.3069,APP,declining,2024-06-13,True,0.2727,0.4373,C,C,False
SKU-01698,Casual Oxford - Size 7.5 / Olive,Apparel & Footwear,Footwear,160286397006,EA,48,4.11,14.4,8.1,6.8,0.459,APP,declining,2024-11-19,True,0.5719,0.9171,C,B,True
SKU-01699,Performance Sneaker - Size 10 / Slate Blue,Apparel & Footwear,Footwear,900569629007,EA,48,3.95,14.6,8.9,6.0,0.4512,APP,declining,2023-10-12,True,2.3058,3.6973,B,A,True
SKU-01700,Trail Sneaker - Size 9 / Olive,Apparel & Footwear,Footwear,745458722663,EA,48,1.64,13.1,7.7,6.0,0.3502,APP,declining,2024-01-18,True,0.7198,1.1543,C,B,True
SKU-01701,Casual Ankle Boot - Size 7.5 / Dusty Rose,Apparel & Footwear,Footwear,416415724877,EA,12,3.17,14.8,8.9,4.8,0.3659,APP,declining,2023-10-22,True,0.2812,0.4509,C,C,False
SKU-01702,Casual Slip-On - Size 10 / Grey,Apparel & Footwear,Footwear,484551112129,EA,12,2.85,12.2,8.1,5.8,0.3317,APP,declining,2022-11-05,True,0.4123,0.6612,C,C,False
SKU-01703,Comfort Ankle Boot - Size 7.5 / Grey,Apparel & Footwear,Footwear,679244160801,EA,12,3.97,15.4,7.2,6.1,0.3914,APP,declining,2022-07-13,True,0.4411,0.7073,C,B,True
SKU-01704,Athletic Oxford - Size 10 / Navy,Apparel & Footwear,Footwear,261330775074,EA,12,4.27,15.7,7.0,4.7,0.2989,APP,declining,2022-05-09,True,1.6772,2.6894,B,A,True
SKU-01705,Athletic Sport Sandal - Size 7.5 / Dusty Rose,Apparel & Footwear,Footwear,312383183910,EA,48,2.82,15.6,7.8,5.0,0.3521,APP,declining,2025-01-27,True,1.5656,2.5103,B,B,False
SKU-01706,Comfort Cross-Trainer - Size 7.5 / Black,Apparel & Footwear,Footwear,221550470394,EA,6,3.43,13.9,7.6,4.8,0.2934,APP,declining,2023-09-13,True,0.9291,1.4899,B,B,False
SKU-01707,Running Sneaker - Size 11.5 / Olive,Apparel & Footwear,Footwear,448422955524,EA,48,2.13,15.5,8.4,6.6,0.4973,APP,declining,2024-12-02,True,1.4452,2.3174,B,B,False
SKU-01708,Performance Ankle Boot - Size 7 / Dusty Rose,Apparel & Footwear,Footwear,695170827146,EA,24,2.32,12.1,7.6,5.7,0.3033,APP,declining,2025-05-15,True,0.3927,0.6296,C,C,False
SKU-01709,Casual Sport Sandal - Size 12 / Black,Apparel & Footwear,Footwear,762932798183,EA,12,4.44,15.4,8.0,6.8,0.4848,APP,declining,2022-05-23,True,4.4033,7.0607,A,A,False
SKU-01710,Running Sport Sandal - Size 10 / Olive,Apparel & Footwear,Footwear,933405982078,EA,48,2.61,12.8,7.1,4.4,0.2314,APP,declining,2023-07-16,True,0.4221,0.6769,C,B,True
SKU-01711,Casual Sport Sandal - Size 9.5 / Slate Blue,Apparel & Footwear,Footwear,655987101677,EA,6,3.77,15.0,8.8,4.3,0.3285,APP,declining,2024-07-04,True,0.9486,1.521,B,B,False
SKU-01712,Athletic Sneaker - Size 11 / Dusty Rose,Apparel & Footwear,Footwear,658584169488,EA,24,3.4,15.4,8.0,4.6,0.328,APP,declining,2022-11-07,True,0.3386,0.543,C,C,False
SKU-01713,Classic Ankle Boot - Size 10 / White,Apparel & Footwear,Footwear,000530750694,EA,48,3.91,14.1,7.4,6.2,0.3744,APP,declining,2024-01-20,True,0.423,0.6782,C,B,True
SKU-01714,Athletic Runner - Size 7 / Slate Blue,Apparel & Footwear,Footwear,082911129416,EA,24,1.87,13.2,7.9,6.6,0.3983,APP,declining,2023-02-19,True,0.2927,0.4694,C,C,False
SKU-01715,Comfort Oxford - Size 10.5 / White,Apparel & Footwear,Footwear,825827212998,EA,12,3.86,14.0,8.1,6.9,0.4528,APP,declining,2022-11-21,True,0.6382,1.0233,C,B,True
SKU-01716,Athletic Slip-On - Size 9.5 / Burgundy,Apparel & Footwear,Footwear,418440777520,EA,12,1.88,12.6,8.4,4.3,0.2634,APP,declining,2023-08-25,True,0.5646,0.9053,C,B,True
SKU-01717,Comfort Cross-Trainer - Size 10 / Black,Apparel & Footwear,Footwear,030623957397,EA,24,1.66,12.3,8.0,5.5,0.3132,APP,declining,2023-07-14,True,0.5296,0.8492,C,B,True
SKU-01718,Comfort Sport Sandal - Size 7.5 / Burgundy,Apparel & Footwear,Footwear,663731193437,EA,24,1.98,14.7,8.6,4.2,0.3073,APP,declining,2022-07-05,True,0.6202,0.9944,C,B,True
SKU-01719,Athletic Oxford - Size 9.5 / White,Apparel & Footwear,Footwear,829803387082,EA,12,4.47,14.3,8.4,4.8,0.3337,APP,declining,2024-11-03,True,0.4147,0.6649,C,C,False
SKU-01720,Performance Ankle Boot - Size 9 / Navy,Apparel & Footwear,Footwear,071731237670,EA,48,3.08,12.3,7.7,7.0,0.3837,APP,declining,2023-12-31,True,0.4432,0.7106,C,B,True
SKU-01721,Casual Slip-On - Size 7 / Slate Blue,Apparel & Footwear,Footwear,713169062713,EA,12,4.29,12.3,8.8,4.6,0.2881,APP,declining,2022-08-04,True,109.7169,175.9303,A,A,False
SKU-01722,Comfort Runner - Size 9 / Slate Blue,Apparel & Footwear,Footwear,269138125923,EA,24,3.25,14.4,8.5,6.3,0.4462,APP,declining,2025-01-01,True,0.4907,0.7869,C,B,True
SKU-01723,Running Sport Sandal - Size 9.5 / Dusty Rose,Apparel & Footwear,Footwear,965215470813,EA,12,2.45,14.3,7.8,6.5,0.4196,APP,declining,2022-06-05,True,1.1936,1.914,B,B,False
SKU-01724,Running Sport Sandal - Size 10.5 / Navy,Apparel & Footwear,Footwear,105643510107,EA,24,1.61,14.7,8.6,5.3,0.3877,APP,declining,2024-10-14,True,0.3809,0.6107,C,C,False
SKU-01725,Casual Sneaker - Size 8.5 / Black,Apparel & Footwear,Footwear,851184714021,EA,12,2.95,15.9,8.5,5.6,0.438,APP,declining,2023-06-12,True,0.3075,0.493,C,C,False
SKU-01726,Comfort Slip-On - Size 8.5 / Dusty Rose,Apparel & Footwear,Footwear,173445400028,EA,48,2.08,12.6,8.7,4.4,0.2791,APP,declining,2023-11-12,True,0.4302,0.6899,C,B,True
SKU-01727,Classic Sneaker - Size 11 / Olive,Apparel & Footwear,Footwear,854536789478,EA,6,1.71,13.4,8.0,4.4,0.273,APP,declining,2023-11-13,True,0.4195,0.6726,C,B,True
SKU-01728,Classic Slip-On - Size 10.5 / Black,Apparel & Footwear,Footwear,696982156759,EA,48,2.87,14.6,8.2,4.0,0.2771,APP,declining,2023-07-06,True,4.9871,7.9968,A,A,False
SKU-01729,Running Cross-Trainer - Size 7 / Burgundy,Apparel & Footwear,Footwear,454661745673,EA,6,1.56,14.7,7.2,6.0,0.3675,APP,declining,2024-10-21,True,0.69,1.1065,C,B,True
SKU-01730,Performance Sport Sandal - Size 7 / Slate Blue,Apparel & Footwear,Footwear,555855808130,EA,24,2.17,15.4,7.9,6.0,0.4224,APP,declining,2022-09-22,True,0.3226,0.5173,C,C,False
SKU-01731,Running Runner - Size 12 / Tan,Apparel & Footwear,Footwear,098662413537,EA,48,3.49,15.0,8.4,6.5,0.474,APP,declining,2023-08-03,True,0.3409,0.5467,C,C,False
SKU-01732,Classic Sport Sandal - Size 11 / Grey,Apparel & Footwear,Footwear,284502238594,EA,24,2.41,14.9,7.9,4.9,0.3338,APP,declining,2024-11-15,True,0.3225,0.5171,C,C,False
SKU-01733,Comfort Slip-On - Size 8.5 / White,Apparel & Footwear,Footwear,650373834408,EA,6,3.33,14.8,7.0,5.6,0.3357,APP,declining,2023-11-20,True,0.3485,0.5588,C,C,False
SKU-01734,Running Sport Sandal - Size 8 / Dusty Rose,Apparel & Footwear,Footwear,878885947909,EA,24,4.48,13.5,8.4,5.6,0.3675,APP,declining,2022-03-12,True,0.4503,0.722,C,B,True
SKU-01735,Comfort Sneaker - Size 10.5 / Black,Apparel & Footwear,Footwear,809375421732,EA,6,1.97,12.0,7.9,6.2,0.3401,APP,declining,2022-09-11,True,1.2623,2.0241,B,B,False
SKU-01736,Casual Sport Sandal - Size 12 / Grey,Apparel & Footwear,Footwear,849875804711,EA,6,2.54,14.4,8.1,4.9,0.3308,APP,declining,2023-10-31,True,0.4966,0.7964,C,B,True
SKU-01737,Running Runner - Size 12 / Black,Apparel & Footwear,Footwear,000446067061,EA,12,2.91,13.9,7.1,4.8,0.2741,APP,declining,2023-04-09,True,0.9438,1.5134,B,B,False
SKU-01738,Trail Oxford - Size 7.5 / Dusty Rose,Apparel & Footwear,Footwear,031654404036,EA,48,3.09,15.3,7.4,4.4,0.2883,APP,declining,2024-06-08,True,0.6031,0.9671,C,B,True
SKU-01739,Athletic Runner - Size 11.5 / White,Apparel & Footwear,Footwear,293071183192,EA,24,3.51,13.2,7.6,4.6,0.2671,APP,declining,2024-07-18,True,7.6547,12.2742,A,A,False
SKU-01740,Performance Oxford - Size 7.5 / White,Apparel & Footwear,Footwear,359267484860,EA,24,3.59,13.6,8.7,6.2,0.4245,APP,declining,2023-02-25,True,1.0818,1.7347,B,B,False
SKU-01741,Classic Slip-On - Size 11.5 / Navy,Apparel & Footwear,Footwear,963826589301,EA,24,3.61,15.8,7.5,6.4,0.4389,APP,declining,2024-03-22,True,0.4379,0.7021,C,B,True
SKU-01742,Running Oxford - Size 8.5 / Slate Blue,Apparel & Footwear,Footwear,987657911425,EA,12,3.95,12.5,8.3,7.0,0.4203,APP,declining,2022-11-18,True,0.4043,0.6482,C,C,False
SKU-01743,Trail Oxford - Size 12 / Slate Blue,Apparel & Footwear,Footwear,181418553727,EA,48,2.35,12.4,8.4,5.5,0.3315,APP,declining,2024-07-14,True,0.8731,1.4,B,B,False
SKU-01744,Trail Sneaker - Size 12 / Tan,Apparel & Footwear,Footwear,918742658502,EA,12,2.43,15.6,7.5,6.1,0.413,APP,declining,2023-10-25,True,0.3062,0.491,C,C,False
SKU-01745,Casual Cross-Trainer - Size 8.5 / Black,Apparel & Footwear,Footwear,765509958418,EA,24,4.14,14.7,9.0,6.4,0.49,APP,declining,2022-05-17,True,0.3597,0.5768,C,C,False
SKU-01746,Athletic Runner - Size 9.5 / White,Apparel & Footwear,Footwear,836715532673,EA,6,2.94,12.5,8.2,6.2,0.3678,APP,declining,2022-11-13,True,0.4819,0.7728,C,B,True
SKU-01747,Running Cross-Trainer - Size 8 / Slate Blue,Apparel & Footwear,Footwear,770219345509,EA,12,1.51,15.3,7.6,6.9,0.4643,APP,declining,2022-06-12,True,3.4831,5.5851,A,A,False
SKU-01748,Casual Sport Sandal - Size 9.5 / Tan,Apparel & Footwear,Footwear,808306234510,EA,12,3.59,15.9,7.7,4.7,0.333,APP,declining,2024-04-02,True,0.4675,0.7497,C,B,True
SKU-01749,Casual Ankle Boot - Size 8.5 / Black,Apparel & Footwear,Footwear,858899106652,EA,48,3.74,12.4,8.4,6.3,0.3798,APP,declining,2024-01-30,True,3.5488,5.6905,A,A,False
SKU-01750,Casual Sneaker - Size 12 / Slate Blue,Apparel & Footwear,Footwear,572521500587,EA,6,3.37,14.8,8.7,6.1,0.4545,APP,declining,2025-01-14,True,0.2743,0.4398,C,C,False
SKU-01751,Performance Runner - Size 7 / Dusty Rose,Apparel & Footwear,Footwear,528053456952,EA,24,2.79,13.0,8.1,5.2,0.3169,APP,declining,2023-09-30,True,0.66,1.0582,C,B,True
SKU-01752,Running Sneaker - Size 7 / Grey,Apparel & Footwear,Footwear,590984358040,EA,24,3.2,14.6,7.7,4.3,0.2797,APP,declining,2025-02-21,True,0.5454,0.8746,C,B,True
SKU-01753,Running Sport Sandal - Size 12 / Olive,Apparel & Footwear,Footwear,806425156434,EA,48,3.72,12.9,7.4,4.0,0.221,APP,declining,2022-12-22,True,3.1497,5.0506,A,A,False
SKU-01754,Classic Sport Sandal - Size 10.5 / Grey,Apparel & Footwear,Footwear,348231208845,EA,12,2.37,13.0,8.7,6.1,0.3993,APP,declining,2025-03-29,True,0.599,0.9605,C,B,True
SKU-01755,Casual Runner - Size 12 / Olive,Apparel & Footwear,Footwear,132857594889,EA,24,1.98,13.1,7.5,5.6,0.3184,APP,declining,2022-04-01,True,1.1672,1.8716,B,B,False
SKU-01756,Athletic Ankle Boot - Size 10 / Navy,Apparel & Footwear,Footwear,369068175604,EA,12,2.44,12.8,7.3,5.9,0.319,APP,declining,2024-11-23,True,0.55,0.8819,C,B,True
SKU-01757,Casual Slip-On - Size 7 / Grey,Apparel & Footwear,Footwear,627445032940,EA,6,3.02,12.6,8.2,4.9,0.293,APP,declining,2022-06-18,True,0.2825,0.453,C,C,False
SKU-01758,Comfort Ankle Boot - Size 11.5 / White,Apparel & Footwear,Footwear,861734275147,EA,48,1.5,12.9,9.0,6.2,0.4166,APP,declining,2022-05-18,True,0.3328,0.5337,C,C,False
SKU-01759,Comfort Oxford - Size 9 / Burgundy,Apparel & Footwear,Footwear,234866244710,EA,24,4.07,15.0,8.3,5.6,0.4035,APP,declining,2022-10-13,True,0.3384,0.5426,C,C,False
SKU-01760,Classic Sneaker - Size 11 / Navy,Apparel & Footwear,Footwear,512900326077,EA,12,3.93,12.9,7.1,6.1,0.3233,APP,declining,2023-07-14,True,0.4807,0.7708,C,B,True
SKU-01761,Casual Sneaker - Size 11 / White,Apparel & Footwear,Footwear,209812488886,EA,12,4.05,15.9,8.2,4.7,0.3546,APP,declining,2023-06-15,True,0.4528,0.726,C,B,True
SKU-01762,Athletic Cross-Trainer - Size 11 / Tan,Apparel & Footwear,Footwear,740399662750,EA,48,4.35,15.0,8.4,5.3,0.3865,APP,declining,2022-08-28,True,0.7322,1.1742,C,B,True
SKU-01763,Casual Ankle Boot - Size 12 / Navy,Apparel & Footwear,Footwear,766463032341,EA,12,2.75,14.9,7.1,6.7,0.4102,APP,declining,2023-11-26,True,0.3969,0.6365,C,C,False
SKU-01764,Trail Sneaker - Size 8.5 / White,Apparel & Footwear,Footwear,000834660927,EA,24,2.86,13.6,8.4,5.3,0.3504,APP,declining,2023-08-30,True,0.506,0.8114,C,B,True
SKU-01765,Performance Runner - Size 12 / Dusty Rose,Apparel & Footwear,Footwear,066868310405,EA,12,3.14,15.4,8.6,4.5,0.3449,APP,declining,2024-07-24,True,0.3833,0.6146,C,C,False
SKU-01766,Classic Runner - Size 8 / Black,Apparel & Footwear,Footwear,283868895904,EA,12,3.54,13.9,7.6,5.0,0.3057,APP,declining,2025-01-28,True,0.3274,0.5249,C,C,False
SKU-01767,Running Sport Sandal - Size 9.5 / Olive,Apparel & Footwear,Footwear,231955208837,EA,24,3.9,14.5,7.8,6.9,0.4516,APP,declining,2023-05-01,True,0.6385,1.0238,C,B,True
SKU-01768,Casual Ankle Boot - Size 9 / Burgundy,Apparel & Footwear,Footwear,918395414592,EA,6,3.34,12.9,7.4,4.1,0.2265,APP,declining,2024-07-28,True,0.2847,0.4566,C,C,False
SKU-01769,Athletic Oxford - Size 10.5 / Black,Apparel & Footwear,Footwear,678165484359,EA,48,4.34,16.0,8.6,4.2,0.3344,APP,declining,2023-02-13,True,0.3179,0.5098,C,C,False
SKU-01770,Running Sport Sandal - Size 7 / Tan,Apparel & Footwear,Footwear,203179424916,EA,6,2.4,12.4,8.6,5.4,0.3332,APP,declining,2024-06-04,True,0.9989,1.6018,B,B,False
SKU-01771,Casual Runner - Size 7 / Dusty Rose,Apparel & Footwear,Footwear,623866250284,EA,24,2.65,15.1,7.9,4.2,0.2899,APP,declining,2022-11-11,True,0.3231,0.5181,C,C,False
SKU-01772,Athletic Sneaker - Size 7.5 / Navy,Apparel & Footwear,Footwear,781696514974,EA,12,1.74,16.0,8.7,5.0,0.4028,APP,declining,2022-10-25,True,0.3909,0.6268,C,C,False
SKU-01773,Comfort Ankle Boot - Size 11.5 / Burgundy,Apparel & Footwear,Footwear,300862586910,EA,24,2.4,13.2,8.9,5.5,0.3739,APP,declining,2023-07-10,True,0.3459,0.5547,C,C,False
SKU-01774,Classic Runner - Size 12 / Burgundy,Apparel & Footwear,Footwear,269296038394,EA,12,4.44,15.7,8.1,6.0,0.4416,APP,declining,2022-08-28,True,0.5749,0.9219,C,B,True
SKU-01775,Casual Oxford - Size 7.5 / Burgundy,Apparel & Footwear,Footwear,696481593044,EA,24,2.22,13.0,7.0,4.5,0.237,APP,declining,2022-10-23,True,5.0639,8.1199,A,A,False
SKU-01776,Casual Sneaker - Size 8.5 / Slate Blue,Apparel & Footwear,Footwear,164238150719,EA,48,3.82,12.8,8.4,5.9,0.3671,APP,declining,2022-08-25,True,0.615,0.9861,C,B,True
SKU-01777,Performance Runner - Size 10 / Navy,Apparel & Footwear,Footwear,804727551188,EA,12,3.85,13.2,7.1,5.7,0.3091,APP,declining,2023-06-24,True,0.9093,1.458,B,B,False
SKU-01778,Running Ankle Boot - Size 11.5 / Dusty Rose,Apparel & Footwear,Footwear,102551124240,EA,48,3.04,14.3,7.2,6.2,0.3694,APP,declining,2022-07-13,True,0.509,0.8161,C,B,True
SKU-01779,Running Ankle Boot - Size 8 / Navy,Apparel & Footwear,Footwear,602411350941,EA,6,3.91,12.1,7.1,6.3,0.3132,APP,declining,2022-04-28,True,1.3977,2.2412,B,B,False
SKU-01780,Athletic Ankle Boot - Size 8 / Slate Blue,Apparel & Footwear,Footwear,259811273610,EA,24,4.1,15.9,8.5,6.6,0.5162,APP,declining,2024-06-14,True,0.6518,1.0451,C,B,True
SKU-01781,Trail Runner - Size 10.5 / Navy,Apparel & Footwear,Footwear,423551128354,EA,12,2.15,13.6,7.4,4.8,0.2796,APP,declining,2025-04-07,True,0.4624,0.7415,C,B,True
SKU-01782,Comfort Cross-Trainer - Size 9 / Navy,Apparel & Footwear,Footwear,983452852484,EA,24,4.5,13.2,7.6,5.7,0.3309,APP,declining,2022-03-27,True,0.3002,0.4813,C,C,False
SKU-01783,Trail Runner - Size 7 / Black,Apparel & Footwear,Footwear,694952618148,EA,6,4.49,14.2,7.1,5.7,0.3326,APP,declining,2023-10-26,True,0.6528,1.0467,C,B,True
SKU-01784,Trail Runner - Size 7.5 / Dusty Rose,Apparel & Footwear,Footwear,142297966768,EA,12,2.51,13.3,7.6,6.6,0.3861,APP,declining,2025-01-23,True,0.7274,1.1664,C,B,True
SKU-01785,Classic Ankle Boot - Size 8 / Burgundy,Apparel & Footwear,Footwear,234797591421,EA,12,1.51,12.2,8.4,6.8,0.4033,APP,declining,2022-12-08,True,0.5697,0.9135,C,B,True
SKU-01786,Casual Cross-Trainer - Size 11.5 / Grey,Apparel & Footwear,Footwear,762244021130,EA,24,3.96,14.8,8.7,5.1,0.38,APP,declining,2023-03-28,True,0.4027,0.6458,C,C,False
SKU-01787,Performance Oxford - Size 12 / Grey,Apparel & Footwear,Footwear,049275191566,EA,48,4.13,13.3,7.9,4.0,0.2432,APP,declining,2023-02-16,True,1.1808,1.8934,B,B,False
SKU-01788,Athletic Slip-On - Size 8.5 / White,Apparel & Footwear,Footwear,789484426349,EA,24,1.96,13.4,7.2,5.3,0.2959,APP,declining,2024-06-01,True,0.701,1.1242,C,B,True
SKU-01789,Classic Oxford - Size 11 / Dusty Rose,Apparel & Footwear,Footwear,499287616645,EA,12,3.69,12.2,7.3,4.9,0.2525,APP,declining,2023-05-25,True,0.3236,0.519,C,C,False
SKU-01790,Performance Runner - Size 11.5 / Dusty Rose,Apparel & Footwear,Footwear,229490147481,EA,48,2.36,12.6,8.8,5.7,0.3658,APP,declining,2023-12-19,True,0.6773,1.086,C,B,True
SKU-01791,Performance Ankle Boot - Size 9 / Black,Apparel & Footwear,Footwear,473246805066,EA,48,3.42,15.7,8.4,5.5,0.4198,APP,declining,2024-10-08,True,0.883,1.4159,B,B,False
SKU-01792,Comfort Ankle Boot - Size 8.5 / Navy,Apparel & Footwear,Footwear,169728835813,EA,12,3.57,14.5,7.1,5.2,0.3098,APP,declining,2025-05-13,True,1.3729,2.2014,B,B,False
SKU-01793,Trail Ankle Boot - Size 11.5 / Navy,Apparel & Footwear,Footwear,684919339478,EA,12,3.33,13.0,7.2,4.8,0.26,APP,declining,2024-05-15,True,0.8004,1.2834,B,B,False
SKU-01794,Athletic Runner - Size 11.5 / Black,Apparel & Footwear,Footwear,339027560253,EA,12,2.66,12.9,8.1,6.0,0.3628,APP,declining,2022-04-28,True,1.2934,2.0738,B,B,False
SKU-01795,Classic Sneaker - Size 7 / Dusty Rose,Apparel & Footwear,Footwear,932273886172,EA,24,3.39,14.4,8.3,6.9,0.4773,APP,declining,2024-08-27,True,1.7438,2.7962,B,A,True
SKU-01796,Comfort Oxford - Size 11 / Black,Apparel & Footwear,Footwear,874097021994,EA,12,3.41,14.6,7.7,4.8,0.3123,APP,declining,2023-05-01,True,0.2686,0.4308,C,C,False
SKU-01797,Classic Slip-On - Size 10 / Dusty Rose,Apparel & Footwear,Footwear,577585087438,EA,12,1.86,13.0,8.4,5.7,0.3602,APP,declining,2024-03-12,True,1.1321,1.8153,B,B,False
SKU-01798,Performance Oxford - Size 7.5 / Dusty Rose,Apparel & Footwear,Footwear,305526104183,EA,12,2.49,15.1,7.0,4.5,0.2753,APP,declining,2024-06-11,True,0.3866,0.6198,C,C,False
SKU-01799,Classic Runner - Size 7.5 / Tan,Apparel & Footwear,Footwear,027240538389,EA,48,1.79,12.7,8.7,6.1,0.39,APP,declining,2023-01-03,True,0.497,0.797,C,B,True
SKU-01800,Performance Sneaker - Size 10 / Navy,Apparel & Footwear,Footwear,900811171136,EA,48,2.94,12.5,8.3,6.8,0.4083,APP,declining,2024-08-16,True,8.0773,12.9519,A,A,False
SKU-01801,Casual Cross-Trainer - Size 9 / Navy,Apparel & Footwear,Footwear,709761566104,EA,24,3.13,14.4,8.2,6.0,0.41,APP,declining,2024-02-24,True,0.6759,1.0838,C,B,True
SKU-01802,Comfort Sneaker - Size 7 / Dusty Rose,Apparel & Footwear,Footwear,815213478919,EA,24,4.4,14.5,7.2,6.1,0.3685,APP,declining,2024-11-03,True,0.3621,0.5806,C,C,False
SKU-01803,Comfort Cross-Trainer - Size 8 / Dusty Rose,Apparel & Footwear,Footwear,193123787629,EA,48,1.68,15.3,7.6,5.7,0.3836,APP,declining,2023-05-13,True,62.6954,100.5316,A,A,False
SKU-01804,Performance Slip-On - Size 11.5 / Black,Apparel & Footwear,Footwear,243573227919,EA,6,2.41,15.2,8.5,6.8,0.5084,APP,declining,2023-09-10,True,2.8498,4.5696,A,A,False
SKU-01805,Classic Ankle Boot - Size 8 / Slate Blue,Apparel & Footwear,Footwear,275766081358,EA,24,4.37,13.4,8.7,5.9,0.398,APP,declining,2024-10-19,True,0.7393,1.1854,C,B,True
SKU-01806,Casual Oxford - Size 9.5 / Dusty Rose,Apparel & Footwear,Footwear,923025685958,EA,24,2.1,14.9,8.5,6.7,0.4911,APP,declining,2023-10-26,True,0.5135,0.8234,C,B,True
SKU-01807,Comfort Sport Sandal - Size 7 / White,Apparel & Footwear,Footwear,234517320127,EA,48,4.09,12.9,8.8,5.7,0.3745,APP,declining,2022-05-03,True,0.553,0.8867,C,B,True
SKU-01808,Classic Sport Sandal - Size 9.5 / Tan,Apparel & Footwear,Footwear,732024135083,EA,24,3.41,12.6,8.3,4.3,0.2602,APP,declining,2023-04-25,True,0.3164,0.5072,C,C,False
SKU-01809,Running Cross-Trainer - Size 10 / Olive,Apparel & Footwear,Footwear,983497481695,EA,24,2.37,12.6,8.1,6.3,0.3721,APP,declining,2025-03-12,True,0.3282,0.5262,C,C,False
SKU-01810,Comfort Slip-On - Size 11 / Navy,Apparel & Footwear,Footwear,327549469299,EA,12,2.37,13.3,7.8,6.9,0.4142,APP,declining,2024-04-23,True,0.3324,0.533,C,C,False
SKU-01811,Performance Sport Sandal - Size 7.5 / Burgundy,Apparel & Footwear,Footwear,620800396099,EA,24,1.64,13.7,7.5,6.5,0.3865,APP,declining,2025-02-24,True,0.3732,0.5984,C,C,False
SKU-01812,Comfort Sneaker - Size 11 / Burgundy,Apparel & Footwear,Footwear,264645969969,EA,12,4.12,15.3,8.2,4.1,0.2977,APP,declining,2023-09-21,True,0.8402,1.3473,B,B,False
SKU-01813,Running Sneaker - Size 10 / Burgundy,Apparel & Footwear,Footwear,144003833936,EA,48,1.78,12.5,8.4,6.9,0.4193,APP,declining,2025-01-04,True,0.3137,0.5029,C,C,False
SKU-01814,Classic Slip-On - Size 7 / Burgundy,Apparel & Footwear,Footwear,700359982514,EA,6,2.51,12.2,8.3,6.0,0.3516,APP,declining,2022-03-17,True,0.2696,0.4323,C,C,False
SKU-01815,Trail Runner - Size 12 / Tan,Apparel & Footwear,Footwear,007866010979,EA,48,3.67,15.8,7.1,4.6,0.2986,APP,declining,2024-09-01,True,0.8572,1.3745,B,B,False
SKU-01816,Comfort Sneaker - Size 11 / Navy,Apparel & Footwear,Footwear,821988492741,EA,24,3.44,14.7,7.0,6.1,0.3632,APP,declining,2024-03-26,True,0.7532,1.2078,C,B,True
SKU-01817,Casual Cross-Trainer - Size 8.5 / Tan,Apparel & Footwear,Footwear,919566555674,EA,12,3.63,13.3,8.4,5.0,0.3233,APP,declining,2022-11-23,True,1.1787,1.89,B,B,False
SKU-01818,Running Sport Sandal - Size 10.5 / Navy,Apparel & Footwear,Footwear,409612584815,EA,24,3.45,14.3,7.9,5.6,0.3661,APP,declining,2022-09-03,True,0.8645,1.3862,B,B,False
SKU-01819,Performance Sport Sandal - Size 8.5 / Burgundy,Apparel & Footwear,Footwear,900275544605,EA,12,3.51,12.6,8.5,7.0,0.4339,APP,declining,2022-11-12,True,0.2869,0.4601,C,C,False
SKU-01820,Trail Cross-Trainer - Size 11 / Slate Blue,Apparel & Footwear,Footwear,752002844327,EA,6,1.71,13.8,8.7,5.1,0.3543,APP,declining,2023-06-06,True,0.309,0.4955,C,C,False
SKU-01821,Trail Sneaker - Size 7.5 / Burgundy,Apparel & Footwear,Footwear,287333119662,EA,48,4.14,15.4,7.5,4.1,0.274,APP,declining,2024-10-27,True,0.4239,0.6797,C,B,True
SKU-01822,Trail Ankle Boot - Size 10.5 / Tan,Apparel & Footwear,Footwear,643483911308,EA,12,3.01,15.0,7.5,6.2,0.4036,APP,declining,2025-01-22,True,1.3658,2.19,B,B,False
SKU-01823,Athletic Oxford - Size 7.5 / Dusty Rose,Apparel & Footwear,Footwear,788171961286,EA,12,4.37,12.4,7.7,5.8,0.3205,APP,declining,2022-10-04,True,0.3105,0.4979,C,C,False
SKU-01824,Comfort Slip-On - Size 12 / Tan,Apparel & Footwear,Footwear,591669581070,EA,48,1.73,15.4,7.1,6.7,0.4239,APP,declining,2025-04-27,True,0.5583,0.8953,C,B,True
SKU-01825,Trail Ankle Boot - Size 11.5 / Burgundy,Apparel & Footwear,Footwear,743072497343,EA,24,2.86,14.5,8.0,6.0,0.4028,APP,declining,2024-11-24,True,0.3451,0.5532,C,C,False
SKU-01826,Performance Sport Sandal - Size 7.5 / Navy,Apparel & Footwear,Footwear,703786160219,EA,12,4.46,12.9,8.3,4.1,0.254,APP,declining,2023-08-07,True,0.5187,0.8318,C,B,True
SKU-01827,Classic Sneaker - Size 7.5 / Slate Blue,Apparel & Footwear,Footwear,274734000130,EA,6,4.41,12.7,7.8,5.0,0.2866,APP,declining,2022-09-03,True,0.2886,0.4628,C,C,False
SKU-01828,Casual Cross-Trainer - Size 7.5 / White,Apparel & Footwear,Footwear,892379260594,EA,24,2.37,12.5,7.7,4.2,0.2339,APP,declining,2023-03-09,True,0.2924,0.4689,C,C,False
SKU-01829,Casual Cross-Trainer - Size 7.5 / Grey,Apparel & Footwear,Footwear,538436032340,EA,48,3.56,12.0,8.8,5.1,0.3117,APP,declining,2024-01-20,True,1.0783,1.729,B,B,False
SKU-01830,Classic Runner - Size 8.5 / Tan,Apparel & Footwear,Footwear,269789021540,EA,24,1.95,15.4,7.7,6.9,0.4735,APP,declining,2025-01-24,True,1.9563,3.1369,B,A,True
SKU-01831,Comfort Sneaker - Size 9 / Slate Blue,Apparel & Footwear,Footwear,770220608574,EA,48,2.6,14.7,8.7,4.8,0.3552,APP,declining,2024-07-09,True,0.3762,0.6032,C,C,False
SKU-01832,Comfort Slip-On - Size 8 / Dusty Rose,Apparel & Footwear,Footwear,873674609924,EA,12,1.52,14.3,8.6,4.2,0.2989,APP,declining,2024-02-09,True,0.5886,0.9437,C,B,True
SKU-01833,Trail Ankle Boot - Size 10.5 / Black,Apparel & Footwear,Footwear,710733383330,EA,6,4.08,15.4,8.5,6.5,0.4924,APP,declining,2024-01-23,True,0.5412,0.8677,C,B,True
SKU-01834,Trail Runner - Size 7.5 / Black,Apparel & Footwear,Footwear,415543568906,EA,6,3.77,14.0,8.5,4.1,0.2823,APP,declining,2024-01-19,True,1.2807,2.0537,B,B,False
SKU-01835,Performance Oxford - Size 8.5 / Tan,Apparel & Footwear,Footwear,233731775879,EA,12,3.13,15.7,8.3,6.4,0.4826,APP,declining,2025-01-05,True,0.4746,0.7611,C,B,True
SKU-01836,Comfort Cross-Trainer - Size 10 / Burgundy,Apparel & Footwear,Footwear,040376760545,EA,12,3.99,12.4,8.0,6.0,0.3444,APP,declining,2023-02-16,True,0.5622,0.9014,C,B,True
SKU-01837,Comfort Sport Sandal - Size 9.5 / Dusty Rose,Apparel & Footwear,Footwear,421109085697,EA,6,2.71,12.3,8.1,6.2,0.3575,APP,declining,2022-04-14,True,0.3715,0.5957,C,C,False
SKU-01838,Athletic Sport Sandal - Size 11 / Tan,Apparel & Footwear,Footwear,368069170489,EA,24,3.21,13.0,8.3,6.7,0.4184,APP,declining,2023-01-28,True,7.7447,12.4186,A,A,False
SKU-01839,Classic Ankle Boot - Size 9 / Grey,Apparel & Footwear,Footwear,731888684747,EA,6,3.98,15.8,7.1,6.3,0.409,APP,declining,2024-06-09,True,0.2863,0.459,C,C,False
SKU-01840,Performance Cross-Trainer - Size 8 / Olive,Apparel & Footwear,Footwear,162286943968,EA,6,2.72,12.5,8.7,5.9,0.3713,APP,declining,2023-09-14,True,0.6167,0.9888,C,B,True
SKU-01841,Casual Ankle Boot - Size 9.5 / Olive,Apparel & Footwear,Footwear,177002058064,EA,48,3.93,12.7,7.2,5.9,0.3122,APP,declining,2023-11-04,True,0.5546,0.8893,C,B,True
SKU-01842,Performance Oxford - Size 7 / Grey,Apparel & Footwear,Footwear,316744413907,EA,6,4.27,13.3,7.3,4.0,0.2247,APP,declining,2025-01-08,True,0.5343,0.8568,C,B,True
SKU-01843,Trail Cross-Trainer - Size 10.5 / Grey,Apparel & Footwear,Footwear,803700634757,EA,6,2.31,15.4,8.4,6.8,0.5091,APP,declining,2025-05-19,True,0.6467,1.0369,C,B,True
SKU-01844,Athletic Runner - Size 11 / Olive,Apparel & Footwear,Footwear,115118000566,EA,24,2.11,15.1,7.3,5.0,0.319,APP,declining,2025-03-15,True,4.9496,7.9367,A,A,False
SKU-01845,Casual Runner - Size 12 / Grey,Apparel & Footwear,Footwear,975338265340,EA,24,3.4,13.3,8.7,6.4,0.4286,APP,declining,2025-03-04,True,0.5735,0.9195,C,B,True
SKU-01846,Casual Runner - Size 7.5 / Black,Apparel & Footwear,Footwear,013957649947,EA,24,2.25,13.2,8.9,7.0,0.4759,APP,declining,2023-06-27,True,7.9794,12.7949,A,A,False
SKU-01847,Trail Slip-On - Size 8 / Dusty Rose,Apparel & Footwear,Footwear,807264535984,EA,48,2.13,13.0,8.8,4.6,0.3045,APP,declining,2022-07-16,True,0.8538,1.3691,B,B,False
SKU-01848,Trail Cross-Trainer - Size 8 / Navy,Apparel & Footwear,Footwear,685774993811,EA,24,3.28,14.1,7.3,4.8,0.2859,APP,declining,2023-06-13,True,6.0395,9.6842,A,A,False
SKU-01849,Athletic Sport Sandal - Size 7 / Burgundy,Apparel & Footwear,Footwear,642231169591,EA,48,3.9,15.2,7.2,4.7,0.2977,APP,declining,2023-07-05,True,1.0809,1.7333,B,B,False
SKU-01850,Trail Runner - Size 9.5 / Dusty Rose,Apparel & Footwear,Footwear,722868761922,EA,6,1.69,13.5,8.6,6.7,0.4502,APP,declining,2025-03-02,True,30.6187,49.0968,A,A,False
SKU-01851,Athletic Runner - Size 11 / Olive,Apparel & Footwear,Footwear,008091591278,EA,48,4.03,14.0,7.7,4.2,0.262,APP,declining,2025-04-29,True,0.2656,0.4259,C,C,False
SKU-01852,Running Sneaker - Size 10 / Dusty Rose,Apparel & Footwear,Footwear,683100392466,EA,12,2.47,15.6,7.4,4.9,0.3273,APP,declining,2024-12-24,True,0.9012,1.445,B,B,False
SKU-01853,Performance Runner - Size 10.5 / Burgundy,Apparel & Footwear,Footwear,680705845657,EA,48,2.16,13.8,8.4,4.9,0.3287,APP,declining,2024-12-15,True,2.6544,4.2564,B,A,True
SKU-01854,Casual Sneaker - Size 11 / Tan,Apparel & Footwear,Footwear,708325550831,EA,24,4.06,14.0,8.9,6.9,0.4975,APP,declining,2023-05-24,True,0.4643,0.7444,C,B,True
SKU-01855,Trail Sport Sandal - Size 9 / Dusty Rose,Apparel & Footwear,Footwear,510552164002,EA,24,4.33,16.0,7.0,6.9,0.4472,APP,declining,2024-06-04,True,1.301,2.0861,B,B,False
SKU-01856,Trail Oxford - Size 11.5 / Grey,Apparel & Footwear,Footwear,239021641952,EA,48,4.25,14.3,8.4,6.0,0.4171,APP,declining,2023-02-24,True,0.3553,0.5698,C,C,False
SKU-01857,Performance Slip-On - Size 10.5 / Burgundy,Apparel & Footwear,Footwear,568527528826,EA,48,3.98,15.6,7.6,6.8,0.4666,APP,declining,2022-10-29,True,10.2859,16.4935,A,A,False
SKU-01858,Comfort Sneaker - Size 10.5 / Black,Apparel & Footwear,Footwear,885608630598,EA,6,4.07,14.5,7.1,4.9,0.2919,APP,declining,2022-12-12,True,3.861,6.1911,A,A,False
SKU-01859,Casual Sport Sandal - Size 11 / White,Apparel & Footwear,Footwear,540572448112,EA,6,2.63,12.1,8.8,6.4,0.3944,APP,declining,2022-09-04,True,2.9923,4.7981,A,A,False
SKU-01860,Trail Sneaker - Size 10 / Navy,Apparel & Footwear,Footwear,633106892717,EA,24,2.59,15.3,7.9,4.2,0.2938,APP,declining,2022-08-17,True,0.2901,0.4652,C,C,False
SKU-01861,Classic Cross-Trainer - Size 7.5 / Burgundy,Apparel & Footwear,Footwear,407757229980,EA,24,3.83,14.3,8.4,5.2,0.3615,APP,declining,2023-01-11,True,0.2713,0.435,C,C,False
SKU-01862,Running Slip-On - Size 12 / Navy,Apparel & Footwear,Footwear,979906341684,EA,24,4.41,13.2,8.8,6.5,0.4369,APP,declining,2024-05-06,True,0.6448,1.0339,C,B,True
SKU-01863,Athletic Slip-On - Size 8.5 / Olive,Apparel & Footwear,Footwear,695255954135,EA,12,1.75,13.5,8.6,6.8,0.4569,APP,declining,2024-03-23,True,1.9918,3.1939,B,A,True
SKU-01864,Casual Sneaker - Size 7.5 / Tan,Apparel & Footwear,Footwear,577252790021,EA,6,4.33,13.0,8.7,6.7,0.4385,APP,declining,2022-04-03,True,0.6037,0.968,C,B,True
SKU-01865,Performance Ankle Boot - Size 12 / White,Apparel & Footwear,Footwear,383351808682,EA,48,3.83,15.0,7.3,5.5,0.3485,APP,declining,2022-08-15,True,5.5088,8.8333,A,A,False
SKU-01866,Athletic Ankle Boot - Size 8.5 / Dusty Rose,Apparel & Footwear,Footwear,767981548284,EA,48,2.35,12.6,8.9,6.9,0.4478,APP,declining,2022-11-08,True,0.3096,0.4965,C,C,False
SKU-01867,Trail Slip-On - Size 11.5 / Tan,Apparel & Footwear,Footwear,052223637474,EA,12,4.03,12.0,7.8,7.0,0.3792,APP,declining,2023-10-06,True,1.8389,2.9486,B,A,True
SKU-01868,Running Sport Sandal - Size 9.5 / Slate Blue,Apparel & Footwear,Footwear,032877518446,EA,6,2.89,14.1,7.1,4.2,0.2433,APP,declining,2023-11-06,True,0.4217,0.6762,C,B,True
SKU-01869,Casual Sport Sandal - Size 10 / Burgundy,Apparel & Footwear,Footwear,852591463067,EA,24,3.59,16.0,7.2,5.5,0.3667,APP,declining,2023-04-07,True,0.3032,0.4862,C,C,False
SKU-01870,Classic Cross-Trainer - Size 7 / Olive,Apparel & Footwear,Footwear,095871951566,EA,12,2.49,16.0,8.7,5.6,0.4511,APP,declining,2022-05-17,True,0.5472,0.8775,C,B,True
SKU-01871,Trail Cross-Trainer - Size 9 / Dusty Rose,Apparel & Footwear,Footwear,734083467073,EA,12,2.98,12.3,8.0,6.4,0.3644,APP,declining,2024-12-17,True,0.3456,0.5541,C,C,False
SKU-01872,Performance Slip-On - Size 7.5 / Navy,Apparel & Footwear,Footwear,912185907014,EA,12,2.93,12.6,7.2,6.1,0.3202,APP,declining,2024-03-20,True,3.9419,6.3209,A,A,False
SKU-01873,Comfort Ankle Boot - Size 10 / Dusty Rose,Apparel & Footwear,Footwear,495457751649,EA,48,3.13,16.0,7.9,5.7,0.4169,APP,declining,2025-05-21,True,14.6289,23.4574,A,A,False
SKU-01874,Trail Runner - Size 10 / Slate Blue,Apparel & Footwear,Footwear,928089764812,EA,6,4.2,14.0,8.2,5.4,0.3587,APP,declining,2024-06-30,True,0.4834,0.775,C,B,True
SKU-01875,Casual Oxford - Size 11.5 / White,Apparel & Footwear,Footwear,880473260646,EA,24,2.51,12.9,8.0,6.8,0.4061,APP,declining,2023-09-03,True,0.5269,0.8448,C,B,True
SKU-01876,Casual Runner - Size 9 / Dusty Rose,Apparel & Footwear,Footwear,095365331962,EA,24,1.58,12.3,8.9,6.2,0.3928,APP,declining,2023-03-02,True,0.3594,0.5762,C,C,False
SKU-01877,Performance Slip-On - Size 9.5 / White,Apparel & Footwear,Footwear,181906358720,EA,12,2.03,12.4,7.3,5.6,0.2934,APP,declining,2022-10-18,True,0.5602,0.8984,C,B,True
SKU-01878,Athletic Oxford - Size 10 / White,Apparel & Footwear,Footwear,336976851497,EA,12,3.78,14.1,7.0,4.6,0.2627,APP,declining,2024-05-08,True,0.7955,1.2756,B,B,False
SKU-01879,Running Ankle Boot - Size 12 / Olive,Apparel & Footwear,Footwear,049219989999,EA,24,1.78,14.7,7.7,5.0,0.3275,APP,declining,2024-05-19,True,0.6281,1.0072,C,B,True
SKU-01880,Classic Runner - Size 11 / Dusty Rose,Apparel & Footwear,Footwear,805546499645,EA,48,2.64,14.8,7.0,7.0,0.4197,APP,declining,2024-06-04,True,0.2784,0.4463,C,C,False
SKU-01881,Comfort Slip-On - Size 8 / Navy,Apparel & Footwear,Footwear,608309131685,EA,48,3.27,15.0,8.0,6.3,0.4375,APP,declining,2022-05-22,True,0.9005,1.444,B,B,False
SKU-01882,Casual Oxford - Size 10 / Olive,Apparel & Footwear,Footwear,157314796649,EA,48,1.99,13.2,8.7,6.0,0.3987,APP,declining,2022-04-10,True,1.2248,1.9639,B,B,False
SKU-01883,Athletic Ankle Boot - Size 7 / Olive,Apparel & Footwear,Footwear,368139365854,EA,6,3.14,14.4,8.3,6.5,0.4496,APP,declining,2023-11-13,True,0.3974,0.6372,C,C,False
SKU-01884,Performance Slip-On - Size 9 / Dusty Rose,Apparel & Footwear,Footwear,978910528402,EA,12,3.57,15.1,7.2,5.2,0.3272,APP,declining,2025-04-20,True,5.6025,8.9837,A,A,False
SKU-01885,Athletic Sport Sandal - Size 10.5 / Navy,Apparel & Footwear,Footwear,591467824888,EA,24,3.12,14.6,7.8,5.1,0.3361,APP,declining,2024-07-12,True,0.9331,1.4962,B,B,False
SKU-01886,Running Oxford - Size 7 / Grey,Apparel & Footwear,Footwear,433469319191,EA,12,3.47,14.7,7.9,6.3,0.4234,APP,declining,2022-03-11,True,3.3759,5.4132,A,A,False
SKU-01887,Trail Cross-Trainer - Size 12 / Dusty Rose,Apparel & Footwear,Footwear,956950268643,EA,24,1.98,12.8,8.4,6.3,0.392,APP,declining,2022-07-04,True,0.6324,1.014,C,B,True
SKU-01888,Running Sport Sandal - Size 12 / Olive,Apparel & Footwear,Footwear,481279912958,EA,6,3.16,13.0,7.2,4.3,0.2329,APP,declining,2025-01-06,True,2.8622,4.5895,A,A,False
SKU-01889,Classic Runner - Size 10.5 / Navy,Apparel & Footwear,Footwear,785997089557,EA,24,1.76,15.2,7.2,4.8,0.304,APP,declining,2024-04-14,True,0.3435,0.5508,C,C,False
SKU-01890,Running Sneaker - Size 9 / Dusty Rose,Apparel & Footwear,Footwear,645615724319,EA,24,3.86,14.7,8.1,7.0,0.4823,APP,declining,2024-02-18,True,0.5125,0.8218,C,B,True
SKU-01891,Running Slip-On - Size 9.5 / Dusty Rose,Apparel & Footwear,Footwear,104377313523,EA,12,3.54,14.3,8.8,6.3,0.4588,APP,declining,2025-03-07,True,0.347,0.5563,C,C,False
SKU-01892,Athletic Ankle Boot - Size 9 / Dusty Rose,Apparel & Footwear,Footwear,799619307136,EA,48,4.49,15.7,8.5,4.6,0.3552,APP,declining,2022-06-25,True,0.4148,0.6651,C,C,False
SKU-01893,Comfort Oxford - Size 7.5 / Burgundy,Apparel & Footwear,Footwear,475946984551,EA,12,2.03,13.3,8.2,7.0,0.4418,APP,declining,2023-02-11,True,0.6922,1.11,C,B,True
SKU-01894,Athletic Sport Sandal - Size 11.5 / Black,Apparel & Footwear,Footwear,985379234131,EA,24,3.3,13.9,7.5,6.4,0.3861,APP,declining,2023-10-21,True,0.8783,1.4084,B,B,False
SKU-01895,Performance Cross-Trainer - Size 8 / Black,Apparel & Footwear,Footwear,486904706206,EA,12,1.74,14.9,8.6,5.6,0.4153,APP,declining,2024-02-02,True,6.4857,10.3998,A,A,False
SKU-01896,Casual Cross-Trainer - Size 10.5 / Grey,Apparel & Footwear,Footwear,924398465696,EA,6,3.56,14.7,8.2,4.5,0.3139,APP,declining,2023-10-11,True,0.3871,0.6207,C,C,False
SKU-01897,Trail Runner - Size 7 / Olive,Apparel & Footwear,Footwear,934731914162,EA,48,1.62,12.8,7.3,4.2,0.2271,APP,declining,2024-09-27,True,0.3153,0.5057,C,C,False
SKU-01898,Trail Ankle Boot - Size 12 / Burgundy,Apparel & Footwear,Footwear,323462052478,EA,24,1.54,13.1,9.0,5.0,0.3411,APP,declining,2022-06-01,True,2.6598,4.265,B,A,True
SKU-01899,Running Cross-Trainer - Size 9 / Tan,Apparel & Footwear,Footwear,977006438443,EA,48,3.64,12.9,7.9,4.9,0.289,APP,declining,2024-03-21,True,0.3496,0.5606,C,C,False
SKU-01900,Comfort Sneaker - Size 11 / Navy,Apparel & Footwear,Footwear,981416349686,EA,12,3.52,14.4,7.5,4.1,0.2562,APP,declining,2025-05-04,True,3.4197,5.4835,A,A,False
SKU-01901,Performance Sport Sandal - Size 8 / White,Apparel & Footwear,Footwear,624018686286,EA,12,3.1,14.0,7.2,6.2,0.3617,APP,declining,2025-05-16,True,0.317,0.5083,C,C,False
SKU-01902,Athletic Oxford - Size 8 / Tan,Apparel & Footwear,Footwear,136860516455,EA,24,3.66,13.9,8.6,5.2,0.3597,APP,declining,2025-05-16,True,3.2508,5.2128,A,A,False
SKU-01903,Trail Oxford - Size 9.5 / Olive,Apparel & Footwear,Footwear,640584614748,EA,12,3.23,13.5,8.3,6.7,0.4345,APP,declining,2022-10-15,True,0.382,0.6126,C,C,False
SKU-01904,Trail Sport Sandal - Size 9.5 / White,Apparel & Footwear,Footwear,997582688539,EA,24,4.34,13.9,8.3,4.5,0.3004,APP,declining,2022-12-03,True,0.2828,0.4535,C,C,False
SKU-01905,Athletic Slip-On - Size 9.5 / Grey,Apparel & Footwear,Footwear,313089297910,EA,48,4.13,14.2,8.0,6.3,0.4142,APP,declining,2024-07-10,True,0.7314,1.1729,C,B,True
SKU-01906,Running Runner - Size 11 / Olive,Apparel & Footwear,Footwear,582512256107,EA,12,4.2,12.4,7.9,5.0,0.2834,APP,declining,2023-05-29,True,0.9589,1.5376,B,B,False
SKU-01907,Trail Oxford - Size 10.5 / Slate Blue,Apparel & Footwear,Footwear,491484736957,EA,24,3.3,13.8,7.6,4.2,0.2549,APP,declining,2025-01-29,True,1.1,1.7637,B,B,False
SKU-01908,Trail Runner - Size 7.5 / Navy,Apparel & Footwear,Footwear,077845432607,EA,48,3.32,13.9,8.6,7.0,0.4842,APP,declining,2024-08-28,True,0.3984,0.6388,C,C,False
SKU-01909,Casual Slip-On - Size 8.5 / Navy,Apparel & Footwear,Footwear,011893168947,EA,48,3.01,12.5,7.4,6.6,0.3533,APP,declining,2022-09-28,True,0.3832,0.6144,C,C,False
SKU-01910,Performance Slip-On - Size 11.5 / Tan,Apparel & Footwear,Footwear,476732129915,EA,48,2.28,13.4,8.5,6.3,0.4153,APP,declining,2022-12-21,True,2.4337,3.9023,B,A,True
SKU-01911,Performance Slip-On - Size 11 / White,Apparel & Footwear,Footwear,584304288322,EA,12,3.3,15.7,8.7,4.8,0.3794,APP,declining,2023-03-31,True,0.3326,0.5333,C,C,False
SKU-01912,Classic Ankle Boot - Size 7.5 / White,Apparel & Footwear,Footwear,046745276769,EA,48,4.5,12.5,8.4,5.6,0.3403,APP,declining,2022-10-16,True,0.4773,0.7655,C,B,True
SKU-01913,Performance Runner - Size 7 / Dusty Rose,Apparel & Footwear,Footwear,561731645564,EA,24,1.7,15.1,8.3,4.3,0.3119,APP,declining,2022-08-01,True,0.2951,0.4731,C,C,False
SKU-01914,Trail Cross-Trainer - Size 9.5 / Grey,Apparel & Footwear,Footwear,156181457238,EA,12,2.01,15.1,8.6,5.3,0.3983,APP,declining,2023-06-01,True,2.0132,3.2281,B,A,True
SKU-01915,Performance Ankle Boot - Size 11.5 / Tan,Apparel & Footwear,Footwear,570059947495,EA,48,1.67,13.4,8.7,4.8,0.3238,APP,declining,2024-03-22,True,7.8369,12.5665,A,A,False
SKU-01916,Performance Cross-Trainer - Size 8 / Olive,Apparel & Footwear,Footwear,863830083800,EA,48,3.68,12.1,7.3,4.6,0.2351,APP,declining,2024-12-05,True,3.7087,5.9469,A,A,False
SKU-01917,Running Sport Sandal - Size 7.5 / Navy,Apparel & Footwear,Footwear,948742383613,EA,48,2.55,12.5,8.5,5.5,0.3382,APP,declining,2023-08-29,True,0.3156,0.506,C,C,False
SKU-01918,Casual Oxford - Size 8 / Navy,Apparel & Footwear,Footwear,890577151019,EA,12,2.28,15.9,7.9,6.7,0.487,APP,declining,2023-12-04,True,7.0407,11.2896,A,A,False
SKU-01919,Trail Runner - Size 8.5 / Grey,Apparel & Footwear,Footwear,418187707934,EA,6,4.18,14.6,7.2,5.3,0.3224,APP,declining,2023-10-26,True,1.4727,2.3615,B,B,False
SKU-01920,Running Ankle Boot - Size 7.5 / White,Apparel & Footwear,Footwear,266512844392,EA,24,2.4,12.3,8.2,5.0,0.2918,APP,declining,2022-12-03,True,0.2856,0.4579,C,C,False
SKU-01921,Running Oxford - Size 10.5 / Slate Blue,Apparel & Footwear,Footwear,990837956400,EA,12,1.54,13.1,8.1,5.4,0.3316,APP,declining,2022-10-03,True,0.3769,0.6044,C,C,False
SKU-01922,Running Runner - Size 7.5 / Black,Apparel & Footwear,Footwear,856119614904,EA,48,2.79,13.3,8.2,6.3,0.3976,APP,declining,2022-05-10,True,1.8755,3.0074,B,A,True
SKU-01923,Performance Sport Sandal - Size 11 / Black,Apparel & Footwear,Footwear,707376006509,EA,12,4.24,13.6,8.6,4.3,0.291,APP,declining,2022-08-21,True,1.2504,2.0049,B,B,False
SKU-01924,Classic Sneaker - Size 9 / Black,Apparel & Footwear,Footwear,494922123374,EA,24,2.2,14.1,7.3,4.8,0.2859,APP,declining,2025-02-06,True,0.3368,0.5401,C,C,False
SKU-01925,Running Cross-Trainer - Size 12 / Black,Apparel & Footwear,Footwear,872564189178,EA,24,1.94,13.7,7.5,6.5,0.3865,APP,declining,2025-03-25,True,0.7663,1.2288,C,B,True
SKU-01926,Performance Sneaker - Size 7.5 / Navy,Apparel & Footwear,Footwear,581520476115,EA,12,4.27,12.6,8.6,4.1,0.2571,APP,declining,2024-04-28,True,0.3541,0.5678,C,C,False
SKU-01927,Athletic Runner - Size 8 / Burgundy,Apparel & Footwear,Footwear,598633540284,EA,48,3.78,15.4,7.9,6.3,0.4436,APP,declining,2024-08-07,True,0.305,0.489,C,C,False
SKU-01928,Running Sneaker - Size 8 / Olive,Apparel & Footwear,Footwear,103795495502,EA,24,3.92,14.4,8.3,4.3,0.2974,APP,declining,2023-02-24,True,0.3943,0.6323,C,C,False
SKU-01929,Athletic Cross-Trainer - Size 9.5 / Grey,Apparel & Footwear,Footwear,920026472247,EA,24,3.6,12.3,8.4,4.6,0.275,APP,declining,2022-12-12,True,0.3203,0.5135,C,C,False
SKU-01930,Performance Slip-On - Size 11.5 / Navy,Apparel & Footwear,Footwear,291850452270,EA,48,2.73,12.3,7.6,4.5,0.2434,APP,declining,2024-05-09,True,1.7672,2.8338,B,A,True
SKU-01931,Athletic Slip-On - Size 7.5 / White,Apparel & Footwear,Footwear,549573145479,EA,6,1.88,12.9,7.7,5.2,0.2989,APP,declining,2025-03-03,True,1.0383,1.665,B,B,False
SKU-01932,Performance Slip-On - Size 7 / Tan,Apparel & Footwear,Footwear,874984822772,EA,24,3.26,12.8,7.8,5.6,0.3236,APP,declining,2023-10-05,True,0.4004,0.6421,C,C,False
SKU-01933,Casual Sport Sandal - Size 8.5 / Olive,Apparel & Footwear,Footwear,604991931543,EA,12,4.04,13.6,8.1,4.4,0.2805,APP,declining,2025-01-28,True,1.0334,1.6571,B,B,False
SKU-01934,Casual Oxford - Size 11 / Black,Apparel & Footwear,Footwear,633992337988,EA,12,2.09,14.0,7.9,6.4,0.4096,APP,declining,2024-05-16,True,0.9124,1.463,B,B,False
SKU-01935,Comfort Sneaker - Size 8.5 / Tan,Apparel & Footwear,Footwear,352865242971,EA,24,2.69,15.4,7.2,4.9,0.3144,APP,declining,2022-11-21,True,0.3542,0.568,C,C,False
SKU-01936,Performance Sport Sandal - Size 10.5 / Burgundy,Apparel & Footwear,Footwear,454814204036,EA,12,1.88,14.9,8.1,4.8,0.3352,APP,declining,2023-03-20,True,1.6603,2.6622,B,A,True
SKU-01937,Comfort Slip-On - Size 8 / Dusty Rose,Apparel & Footwear,Footwear,602425696572,EA,12,2.71,13.0,8.4,4.9,0.3097,APP,declining,2022-09-21,True,6.9295,11.1114,A,A,False
SKU-01938,Comfort Sneaker - Size 8 / Burgundy,Apparel & Footwear,Footwear,087800384723,EA,48,2.37,15.8,7.7,6.7,0.4717,APP,declining,2023-10-26,True,0.4512,0.7235,C,B,True
SKU-01939,Classic Ankle Boot - Size 8.5 / Tan,Apparel & Footwear,Footwear,263104878687,EA,24,3.42,15.8,8.6,5.3,0.4168,APP,declining,2023-10-03,True,0.4407,0.7065,C,B,True
SKU-01940,Casual Ankle Boot - Size 7.5 / Burgundy,Apparel & Footwear,Footwear,790818955458,EA,12,2.64,15.0,7.2,6.9,0.4313,APP,declining,2024-06-24,True,0.7545,1.2098,C,B,True
SKU-01941,Running Ankle Boot - Size 7.5 / Tan,Apparel & Footwear,Footwear,486496494432,EA,12,4.05,12.8,8.8,5.6,0.365,APP,declining,2025-02-04,True,0.5398,0.8656,C,B,True
SKU-01942,Casual Ankle Boot - Size 9.5 / Olive,Apparel & Footwear,Footwear,604826311011,EA,48,3.27,14.4,8.2,4.1,0.2802,APP,declining,2022-10-20,True,0.3051,0.4893,C,C,False
SKU-01943,Athletic Sport Sandal - Size 7 / White,Apparel & Footwear,Footwear,830324590515,EA,24,3.67,14.6,8.3,6.6,0.4628,APP,declining,2022-10-17,True,0.3434,0.5506,C,C,False
SKU-01944,Trail Ankle Boot - Size 7.5 / Slate Blue,Apparel & Footwear,Footwear,019489976662,EA,24,2.03,13.6,8.3,7.0,0.4573,APP,declining,2024-10-14,True,2.9855,4.7872,A,A,False
SKU-01945,Trail Ankle Boot - Size 11.5 / Olive,Apparel & Footwear,Footwear,883193774141,EA,12,2.62,13.0,8.6,6.2,0.4011,APP,declining,2024-02-28,True,0.5772,0.9255,C,B,True
SKU-01946,Comfort Oxford - Size 10.5 / Navy,Apparel & Footwear,Footwear,606595951590,EA,12,2.06,12.3,7.6,6.6,0.357,APP,declining,2025-03-27,True,0.9513,1.5254,B,B,False
SKU-01947,Athletic Ankle Boot - Size 9 / Slate Blue,Apparel & Footwear,Footwear,992767151885,EA,6,3.03,15.9,7.8,5.4,0.3876,APP,declining,2023-04-14,True,0.2777,0.4453,C,C,False
SKU-01948,Casual Oxford - Size 7.5 / Dusty Rose,Apparel & Footwear,Footwear,951207737580,EA,12,3.86,13.6,8.9,7.0,0.4903,APP,declining,2022-10-20,True,0.3754,0.602,C,C,False
SKU-01949,Comfort Cross-Trainer - Size 8 / Black,Apparel & Footwear,Footwear,015263281411,EA,12,4.38,12.4,8.5,6.6,0.4026,APP,declining,2024-07-26,True,0.7459,1.1961,C,B,True
SKU-01950,Comfort Ankle Boot - Size 12 / White,Apparel & Footwear,Footwear,077718611677,EA,24,2.9,12.2,8.3,4.1,0.2403,APP,declining,2023-09-26,True,0.274,0.4394,C,C,False
SKU-01951,Classic Ankle Boot - Size 11 / White,Apparel & Footwear,Footwear,996867291660,EA,24,1.89,12.4,8.2,5.5,0.3236,APP,declining,2025-02-20,True,1.0618,1.7026,B,B,False
SKU-01952,Running Runner - Size 10 / Slate Blue,Apparel & Footwear,Footwear,118748980073,EA,6,3.95,13.4,8.8,4.4,0.3003,APP,declining,2023-04-26,True,0.4946,0.7931,C,B,True
SKU-01953,Comfort Slip-On - Size 7.5 / Grey,Apparel & Footwear,Footwear,578149609647,EA,24,4.26,13.0,8.2,4.4,0.2714,APP,declining,2024-07-24,True,0.8209,1.3162,B,B,False
SKU-01954,Running Cross-Trainer - Size 8.5 / Burgundy,Apparel & Footwear,Footwear,154149818509,EA,24,2.26,14.4,8.3,6.2,0.4288,APP,declining,2022-06-18,True,0.3577,0.5735,C,C,False
SKU-01955,Casual Slip-On - Size 10 / White,Apparel & Footwear,Footwear,777502541647,EA,24,2.0,13.0,8.2,5.0,0.3084,APP,declining,2024-03-15,True,0.3026,0.4853,C,C,False
SKU-01956,Casual Oxford - Size 10 / Dusty Rose,Apparel & Footwear,Footwear,589915087265,EA,24,1.81,13.4,8.3,6.3,0.4055,APP,declining,2023-08-29,True,0.3071,0.4925,C,C,False
SKU-01957,Trail Oxford - Size 11.5 / Olive,Apparel & Footwear,Footwear,088974898776,EA,48,3.81,15.1,7.6,6.7,0.445,APP,declining,2024-01-02,True,0.7511,1.2043,C,B,True
SKU-01958,Performance Oxford - Size 12 / Slate Blue,Apparel & Footwear,Footwear,821693944323,EA,12,4.03,15.1,8.2,7.0,0.5016,APP,declining,2024-03-07,True,0.4831,0.7747,C,B,True
SKU-01959,Trail Ankle Boot - Size 12 / Slate Blue,Apparel & Footwear,Footwear,607001800965,EA,6,1.67,12.2,8.4,4.9,0.2906,APP,declining,2024-02-15,True,2.4656,3.9535,B,A,True
SKU-01960,Classic Slip-On - Size 9 / Grey,Apparel & Footwear,Footwear,318106211196,EA,48,3.1,12.5,8.4,6.9,0.4193,APP,declining,2023-05-29,True,1.2432,1.9935,B,B,False
SKU-01961,Performance Ankle Boot - Size 7.5 / White,Apparel & Footwear,Footwear,278606962628,EA,48,2.15,15.3,7.2,5.0,0.3188,APP,declining,2023-07-26,True,0.6656,1.0673,C,B,True
SKU-01962,Trail Ankle Boot - Size 10.5 / Navy,Apparel & Footwear,Footwear,921427461094,EA,6,2.7,15.1,7.5,6.3,0.4129,APP,declining,2022-10-15,True,3.3416,5.3583,A,A,False
SKU-01963,Comfort Runner - Size 7 / White,Apparel & Footwear,Footwear,446038953473,EA,48,4.49,13.9,7.2,5.1,0.2954,APP,declining,2025-04-18,True,0.4652,0.746,C,B,True
SKU-01964,Comfort Sneaker - Size 7.5 / Dusty Rose,Apparel & Footwear,Footwear,545508837308,EA,12,3.06,13.9,7.7,6.0,0.3716,APP,declining,2024-03-29,True,1.6135,2.5872,B,B,False
SKU-01965,Comfort Sneaker - Size 8 / Slate Blue,Apparel & Footwear,Footwear,449420313551,EA,12,2.82,15.2,8.2,6.8,0.4905,APP,declining,2023-12-08,True,2.5765,4.1314,B,A,True
SKU-01966,Athletic Sport Sandal - Size 9.5 / Grey,Apparel & Footwear,Footwear,732721008959,EA,24,2.35,12.1,8.0,5.9,0.3305,APP,declining,2024-02-01,True,5.5553,8.9079,A,A,False
SKU-01967,Trail Slip-On - Size 11.5 / White,Apparel & Footwear,Footwear,615147362211,EA,12,2.76,15.4,8.1,4.4,0.3176,APP,declining,2024-12-28,True,0.2769,0.444,C,C,False
SKU-01968,Performance Sneaker - Size 12 / Tan,Apparel & Footwear,Footwear,023584405468,EA,24,3.72,15.5,8.1,6.3,0.4577,APP,declining,2025-03-22,True,4.2471,6.8102,A,A,False
SKU-01969,Performance Ankle Boot - Size 10.5 / Navy,Apparel & Footwear,Footwear,918801029104,EA,12,2.93,15.5,8.6,5.5,0.4243,APP,declining,2023-05-16,True,0.4269,0.6846,C,B,True
SKU-01970,Trail Sport Sandal - Size 10.5 / Dusty Rose,Apparel & Footwear,Footwear,866171654772,EA,12,3.98,13.8,8.9,5.8,0.4122,APP,declining,2023-11-02,True,0.6355,1.0189,C,B,True
SKU-01971,Athletic Cross-Trainer - Size 11 / Burgundy,Apparel & Footwear,Footwear,130898715034,EA,24,2.57,13.8,7.4,4.4,0.26,APP,declining,2024-07-01,True,1.3366,2.1433,B,B,False
SKU-01972,Performance Oxford - Size 11 / Tan,Apparel & Footwear,Footwear,199707694461,EA,24,3.97,13.9,8.7,4.3,0.3009,APP,declining,2023-10-18,True,3.3501,5.3719,A,A,False
SKU-01973,Running Oxford - Size 7 / Slate Blue,Apparel & Footwear,Footwear,121245844107,EA,24,3.95,15.4,8.0,6.2,0.442,APP,declining,2023-09-07,True,0.4035,0.647,C,C,False
SKU-01974,Running Ankle Boot - Size 10.5 / Burgundy,Apparel & Footwear,Footwear,780158979835,EA,24,3.06,12.8,7.5,6.1,0.3389,APP,declining,2024-04-05,True,0.3633,0.5826,C,C,False
SKU-01975,Performance Ankle Boot - Size 10.5 / Dusty Rose,Apparel & Footwear,Footwear,144548247269,EA,12,3.81,13.9,7.4,5.2,0.3095,APP,declining,2024-08-11,True,13.4347,21.5425,A,A,False
SKU-01976,Running Sneaker - Size 8 / Tan,Apparel & Footwear,Footwear,949508984158,EA,48,1.53,15.4,8.9,6.0,0.4759,APP,declining,2023-05-30,True,8.8959,14.2646,A,A,False
SKU-01977,Comfort Oxford - Size 9 / Grey,Apparel & Footwear,Footwear,140790570419,EA,24,1.6,12.4,7.1,6.8,0.3465,APP,declining,2023-09-20,True,0.2961,0.4748,C,C,False
SKU-01978,Classic Ankle Boot - Size 8 / Olive,Apparel & Footwear,Footwear,948850168928,EA,24,3.87,14.5,8.0,6.8,0.4565,APP,declining,2023-11-01,True,0.9137,1.4651,B,B,False
SKU-01979,Comfort Ankle Boot - Size 10.5 / White,Apparel & Footwear,Footwear,422047346373,EA,12,2.92,15.2,7.7,6.8,0.4606,APP,declining,2022-03-31,True,2.0637,3.309,B,A,True
SKU-01980,Athletic Sport Sandal - Size 10.5 / Tan,Apparel & Footwear,Footwear,820490805417,EA,12,3.22,16.0,7.7,5.2,0.3707,APP,declining,2023-12-27,True,1.1925,1.9123,B,B,False
SKU-01981,Comfort Slip-On - Size 11.5 / Dusty Rose,Apparel & Footwear,Footwear,188882649819,EA,24,3.05,13.8,8.1,6.3,0.4075,APP,declining,2023-08-25,True,0.2637,0.4228,C,C,False
SKU-01982,Classic Slip-On - Size 8 / Tan,Apparel & Footwear,Footwear,514867114305,EA,24,2.98,15.1,9.0,5.3,0.4168,APP,declining,2023-01-17,True,0.2818,0.4519,C,C,False
SKU-01983,Running Ankle Boot - Size 9 / Dusty Rose,Apparel & Footwear,Footwear,713495632780,EA,24,3.84,12.6,7.4,6.2,0.3345,APP,declining,2022-11-24,True,0.294,0.4715,C,C,False
SKU-01984,Athletic Ankle Boot - Size 11.5 / Burgundy,Apparel & Footwear,Footwear,385109104521,EA,6,3.44,14.0,8.7,4.6,0.3242,APP,declining,2024-01-30,True,0.8956,1.4362,B,B,False
SKU-01985,Performance Cross-Trainer - Size 9.5 / Black,Apparel & Footwear,Footwear,671420096622,EA,24,1.94,12.8,7.1,4.0,0.2104,APP,declining,2023-12-25,True,2.198,3.5245,B,A,True
SKU-01986,Running Slip-On - Size 7 / Grey,Apparel & Footwear,Footwear,899719054677,EA,12,2.97,14.3,8.7,5.8,0.4176,APP,declining,2022-12-20,True,1.7462,2.8,B,A,True
SKU-01987,Performance Cross-Trainer - Size 9.5 / Black,Apparel & Footwear,Footwear,897731542218,EA,12,1.57,12.5,7.5,4.8,0.2604,APP,declining,2022-06-13,True,1.8311,2.9363,B,A,True
SKU-01988,Performance Sport Sandal - Size 9.5 / Slate Blue,Apparel & Footwear,Footwear,286382569128,EA,12,1.99,13.7,8.9,6.0,0.4234,APP,declining,2022-12-20,True,1.8492,2.9651,B,A,True
SKU-01989,Running Ankle Boot - Size 9.5 / Burgundy,Apparel & Footwear,Footwear,730741496651,EA,48,2.41,14.0,8.6,6.8,0.4738,APP,declining,2023-01-07,True,1.184,1.8985,B,B,False
SKU-01990,Classic Cross-Trainer - Size 7 / Navy,Apparel & Footwear,Footwear,889392589654,EA,48,3.67,15.0,7.7,6.2,0.4144,APP,declining,2022-07-27,True,0.3056,0.4901,C,C,False
SKU-01991,Casual Runner - Size 12 / Olive,Apparel & Footwear,Footwear,692702598998,EA,12,1.91,15.2,8.0,4.1,0.2885,APP,declining,2024-12-24,True,0.6015,0.9644,C,B,True
SKU-01992,Athletic Sneaker - Size 7.5 / Olive,Apparel & Footwear,Footwear,344114268006,EA,6,2.06,15.0,8.8,4.6,0.3514,APP,declining,2023-05-04,True,0.475,0.7616,C,B,True
SKU-01993,Running Cross-Trainer - Size 8 / Black,Apparel & Footwear,Footwear,443512098202,EA,48,2.87,15.6,7.3,4.2,0.2768,APP,declining,2022-10-16,True,1.1101,1.7801,B,B,False
SKU-01994,Athletic Cross-Trainer - Size 7 / Dusty Rose,Apparel & Footwear,Footwear,129506533597,EA,12,4.27,14.1,7.0,5.1,0.2913,APP,declining,2024-08-07,True,1.9026,3.0508,B,A,True
SKU-01995,Comfort Oxford - Size 10 / Tan,Apparel & Footwear,Footwear,605596456475,EA,48,2.09,15.2,7.1,4.5,0.281,APP,declining,2024-10-07,True,1.2339,1.9786,B,B,False
SKU-01996,Classic Cross-Trainer - Size 7 / Dusty Rose,Apparel & Footwear,Footwear,177183798111,EA,48,3.98,15.9,8.1,5.1,0.3801,APP,declining,2023-08-21,True,0.641,1.0278,C,B,True
SKU-01997,Athletic Sneaker - Size 9.5 / Slate Blue,Apparel & Footwear,Footwear,925962504502,EA,48,3.26,14.4,7.3,6.2,0.3772,APP,declining,2023-05-17,True,0.3034,0.4864,C,C,False
SKU-01998,Athletic Ankle Boot - Size 9.5 / White,Apparel & Footwear,Footwear,018331882741,EA,24,2.19,13.7,7.4,5.3,0.3109,APP,declining,2025-02-14,True,0.2672,0.4285,C,C,False
SKU-01999,Performance Ankle Boot - Size 7.5 / Navy,Apparel & Footwear,Footwear,594730219081,EA,6,1.58,12.9,8.0,5.2,0.3106,APP,declining,2023-09-10,True,17.5547,28.1489,A,A,False
SKU-02000,Trail Ankle Boot - Size 11 / Burgundy,Apparel & Footwear,Footwear,306953836475,EA,12,1.73,12.2,7.2,6.0,0.305,APP,declining,2024-01-16,True,1.4203,2.2774,B,B,False
SKU-02001,Brightening Eye Cream,Health & Beauty,Skincare,269676991498,EA,24,0.63,4.0,2.3,2.2,0.0117,HB,surge,2023-12-19,True,0.9328,0.5779,B,C,True
SKU-02002,Anti-Aging SPF 30 Sunscreen,Health & Beauty,Skincare,352062874490,EA,12,0.63,5.8,1.9,3.3,0.021,HB,surge,2025-03-11,True,0.9349,0.5792,B,C,True
SKU-02003,Brightening Exfoliant,Health & Beauty,Skincare,137317654773,EA,6,1.11,7.7,3.6,3.1,0.0497,HB,surge,2022-08-08,True,0.929,0.5756,B,C,True
SKU-02004,Ultra Moisturizer,Health & Beauty,Skincare,284469832322,EA,12,0.57,4.5,3.0,5.6,0.0437,HB,surge,2025-04-27,True,0.9911,0.6141,B,C,True
SKU-02005,Reviving Cleanser,Health & Beauty,Skincare,371928033402,EA,48,1.03,2.5,2.3,3.5,0.0116,HB,surge,2022-06-05,True,4.207,2.6064,A,A,False
SKU-02006,Anti-Aging Eye Cream,Health & Beauty,Skincare,676362634197,EA,6,0.23,7.7,4.3,6.3,0.1207,HB,surge,2023-11-13,True,0.9416,0.5834,B,C,True
SKU-02007,Hydrating Eye Cream,Health & Beauty,Skincare,643186379794,EA,12,1.07,7.3,1.6,3.3,0.0223,HB,surge,2022-09-08,True,1.7039,1.0556,B,B,False
SKU-02008,Daily SPF 30 Sunscreen,Health & Beauty,Skincare,312883143473,EA,12,0.77,8.0,4.3,6.3,0.1254,HB,surge,2025-01-15,True,1.0396,0.644,B,C,True
SKU-02009,Reviving Cleanser,Health & Beauty,Skincare,786497055249,EA,6,0.32,6.8,3.6,7.7,0.1091,HB,surge,2022-05-31,True,0.763,0.4727,C,C,False
SKU-02010,Daily Moisturizer,Health & Beauty,Skincare,169108952097,EA,48,0.22,7.0,1.3,7.6,0.04,HB,surge,2022-11-11,True,0.82,0.508,B,C,True
SKU-02011,Ultra Moisturizer,Health & Beauty,Skincare,063244698845,EA,6,0.63,6.4,1.2,3.9,0.0173,HB,surge,2023-07-17,True,1.3358,0.8276,B,B,False
SKU-02012,Daily Sheet Mask,Health & Beauty,Skincare,410022469749,EA,24,1.08,7.2,1.4,4.8,0.028,HB,surge,2024-01-13,True,1.5165,0.9395,B,B,False
SKU-02013,Anti-Aging Moisturizer,Health & Beauty,Skincare,694107138588,EA,24,0.56,2.9,1.8,2.6,0.0079,HB,surge,2022-05-22,True,5.409,3.3511,A,A,False
SKU-02014,Daily Exfoliant,Health & Beauty,Skincare,803527787832,EA,12,0.36,7.5,2.0,6.8,0.059,HB,surge,2022-08-27,True,0.8911,0.5521,B,C,True
SKU-02015,Gentle Cleanser,Health & Beauty,Skincare,710601350137,EA,6,0.46,3.4,1.0,3.4,0.0067,HB,surge,2024-06-21,True,0.8237,0.5103,B,C,True
SKU-02016,Anti-Aging Moisturizer,Health & Beauty,Skincare,733996094080,EA,12,0.44,5.8,4.8,7.9,0.1273,HB,surge,2025-02-23,True,9.4395,5.8481,A,A,False
SKU-02017,Ultra Eye Cream,Health & Beauty,Skincare,291597011920,EA,12,0.98,2.8,1.7,5.5,0.0152,HB,surge,2024-06-25,True,1.0908,0.6758,B,B,False
SKU-02018,Daily Eye Cream,Health & Beauty,Skincare,322060100906,EA,12,0.6,3.4,3.7,6.1,0.0444,HB,surge,2024-12-11,True,1.6861,1.0446,B,B,False
SKU-02019,Gentle Sheet Mask,Health & Beauty,Skincare,114571175426,EA,24,0.2,6.9,4.2,7.6,0.1275,HB,surge,2025-04-16,True,1.2649,0.7837,B,B,False
SKU-02020,Brightening SPF 30 Sunscreen,Health & Beauty,Skincare,177116871302,EA,24,0.96,3.4,4.4,3.1,0.0268,HB,surge,2024-04-13,True,1.1191,0.6933,B,B,False
SKU-02021,Gentle Eye Cream,Health & Beauty,Skincare,123201874039,EA,24,0.43,5.8,1.2,2.2,0.0089,HB,surge,2022-12-17,True,2.9735,1.8422,A,B,True
SKU-02022,Daily Exfoliant,Health & Beauty,Skincare,830651056154,EA,6,0.54,7.2,3.5,5.4,0.0788,HB,surge,2023-05-31,True,0.8135,0.504,B,C,True
SKU-02023,Ultra Toner,Health & Beauty,Skincare,309389464528,EA,6,0.27,3.3,4.3,3.5,0.0287,HB,surge,2023-04-10,True,1.9069,1.1814,B,B,False
SKU-02024,Hydrating Toner,Health & Beauty,Skincare,428011259997,EA,12,0.99,5.9,4.5,5.7,0.0876,HB,surge,2022-11-26,True,0.7697,0.4769,B,C,True
SKU-02025,Daily Exfoliant,Health & Beauty,Skincare,745481426221,EA,48,0.83,7.4,3.9,3.6,0.0601,HB,surge,2024-09-09,True,0.6864,0.4253,C,C,False
SKU-02026,Brightening Exfoliant,Health & Beauty,Skincare,290789557673,EA,48,1.11,4.1,4.3,2.4,0.0245,HB,surge,2024-01-02,True,0.9586,0.5939,B,C,True
SKU-02027,Anti-Aging SPF 30 Sunscreen,Health & Beauty,Skincare,318751632204,EA,24,0.93,2.3,1.1,7.2,0.0105,HB,surge,2022-09-27,True,1.0453,0.6476,B,C,True
SKU-02028,Daily Serum,Health & Beauty,Skincare,805134679350,EA,6,1.06,3.3,2.4,7.0,0.0321,HB,surge,2022-04-15,True,0.7943,0.4921,B,C,True
SKU-02029,Daily Cleanser,Health & Beauty,Skincare,366704428806,EA,48,1.13,5.9,3.7,7.6,0.096,HB,surge,2024-06-17,True,1.3702,0.8489,B,B,False
SKU-02030,Anti-Aging Exfoliant,Health & Beauty,Skincare,803619280806,EA,12,0.79,6.9,2.1,6.6,0.0553,HB,surge,2023-11-29,True,2.5757,1.5957,B,B,False
SKU-02031,Brightening Cleanser,Health & Beauty,Skincare,053433237274,EA,24,0.84,3.9,3.2,5.2,0.0376,HB,surge,2025-01-04,True,0.8762,0.5429,B,C,True
SKU-02032,Brightening Eye Cream,Health & Beauty,Skincare,188729883761,EA,24,1.09,2.4,4.3,3.4,0.0203,HB,surge,2023-08-18,True,4.2019,2.6032,A,B,True
SKU-02033,Reviving SPF 30 Sunscreen,Health & Beauty,Skincare,769316667508,EA,12,0.47,7.3,4.5,3.9,0.0741,HB,surge,2024-08-07,True,0.8965,0.5554,B,C,True
SKU-02034,Gentle Sheet Mask,Health & Beauty,Skincare,306538318104,EA,24,0.98,6.1,2.1,4.5,0.0334,HB,surge,2024-06-26,True,60.8514,37.6994,A,A,False
SKU-02035,Reviving Moisturizer,Health & Beauty,Skincare,646653327447,EA,24,0.4,5.8,2.6,7.1,0.062,HB,surge,2022-05-03,True,0.6897,0.4273,C,C,False
SKU-02036,Ultra Cleanser,Health & Beauty,Skincare,585278258107,EA,24,0.15,5.2,3.5,2.5,0.0263,HB,surge,2024-11-19,True,0.708,0.4386,C,C,False
SKU-02037,Reviving SPF 30 Sunscreen,Health & Beauty,Skincare,147566961417,EA,48,0.89,6.8,3.3,3.6,0.0467,HB,surge,2022-12-01,True,1.2144,0.7524,B,B,False
SKU-02038,Anti-Aging Eye Cream,Health & Beauty,Skincare,083808627778,EA,48,0.87,3.6,2.9,4.6,0.0278,HB,surge,2024-11-08,True,2.0248,1.2544,B,B,False
SKU-02039,Ultra Toner,Health & Beauty,Skincare,110507988798,EA,12,0.14,2.6,3.4,4.5,0.023,HB,surge,2023-06-15,True,1.0706,0.6633,B,C,True
SKU-02040,Anti-Aging Cleanser,Health & Beauty,Skincare,465432638120,EA,48,1.02,4.5,4.4,7.4,0.0848,HB,surge,2024-01-23,True,1.3438,0.8325,B,B,False
SKU-02041,Gentle Cleanser,Health & Beauty,Skincare,749292885176,EA,48,0.15,7.3,3.6,7.1,0.108,HB,surge,2024-08-30,True,1.3898,0.861,B,B,False
SKU-02042,Hydrating Toner,Health & Beauty,Skincare,280082304996,EA,24,0.49,2.0,2.9,2.8,0.0094,HB,surge,2023-04-30,True,0.9293,0.5757,B,C,True
SKU-02043,Brightening Serum,Health & Beauty,Skincare,089071256012,EA,24,0.67,7.2,1.6,6.8,0.0453,HB,surge,2024-02-04,True,11.0281,6.8322,A,A,False
SKU-02044,Brightening Eye Cream,Health & Beauty,Skincare,545464984376,EA,12,0.27,6.2,3.0,5.8,0.0624,HB,surge,2022-09-19,True,27.9318,17.3046,A,A,False
SKU-02045,Gentle Exfoliant,Health & Beauty,Skincare,573706706756,EA,6,0.78,3.4,1.5,5.5,0.0162,HB,surge,2022-03-22,True,35.8703,22.2228,A,A,False
SKU-02046,Daily SPF 30 Sunscreen,Health & Beauty,Skincare,738582206723,EA,24,0.94,4.6,3.7,5.7,0.0561,HB,surge,2022-12-19,True,3.2485,2.0125,A,B,True
SKU-02047,Gentle Serum,Health & Beauty,Skincare,842904776492,EA,6,0.64,6.9,4.0,6.6,0.1054,HB,surge,2023-05-17,True,2.5602,1.5861,B,B,False
SKU-02048,Brightening Toner,Health & Beauty,Skincare,990651778677,EA,24,0.62,3.6,2.5,3.0,0.0156,HB,surge,2023-07-08,True,1.853,1.148,B,B,False
SKU-02049,Anti-Aging Toner,Health & Beauty,Skincare,277028340602,EA,12,0.17,3.2,4.1,6.5,0.0494,HB,surge,2022-12-03,True,1.327,0.8221,B,B,False
SKU-02050,Hydrating Eye Cream,Health & Beauty,Skincare,325297820088,EA,24,1.18,3.5,4.1,5.6,0.0465,HB,surge,2023-07-02,True,72.5038,44.9184,A,A,False
SKU-02051,Reviving Eye Cream,Health & Beauty,Skincare,108346498319,EA,24,0.93,5.6,3.1,6.6,0.0663,HB,surge,2022-12-20,True,0.7098,0.4397,C,C,False
SKU-02052,Ultra Toner,Health & Beauty,Skincare,802482990324,EA,48,0.63,4.6,1.5,5.7,0.0228,HB,surge,2024-03-08,True,0.6959,0.4311,C,C,False
SKU-02053,Ultra Serum,Health & Beauty,Skincare,344820182048,EA,48,0.25,4.1,4.1,5.7,0.0554,HB,surge,2022-05-09,True,6.1734,3.8246,A,A,False
SKU-02054,Ultra Exfoliant,Health & Beauty,Skincare,950314201410,EA,12,1.0,2.1,3.1,7.0,0.0264,HB,surge,2023-04-29,True,1.169,0.7242,B,B,False
SKU-02055,Reviving Serum,Health & Beauty,Skincare,453677267436,EA,24,0.53,3.1,1.1,7.5,0.0148,HB,surge,2024-07-30,True,0.9686,0.6001,B,C,True
SKU-02056,Hydrating Moisturizer,Health & Beauty,Skincare,620610748817,EA,12,0.72,3.2,4.7,5.1,0.0444,HB,surge,2023-02-18,True,2.7503,1.7039,A,B,True
SKU-02057,Anti-Aging Eye Cream,Health & Beauty,Skincare,453071709280,EA,12,0.62,4.7,1.0,5.6,0.0152,HB,surge,2024-01-19,True,1.1497,0.7123,B,B,False
SKU-02058,Reviving Moisturizer,Health & Beauty,Skincare,882293059263,EA,12,0.62,4.6,1.8,5.1,0.0244,HB,surge,2023-12-09,True,1.7324,1.0733,B,B,False
SKU-02059,Gentle Sheet Mask,Health & Beauty,Skincare,247975599712,EA,12,0.52,6.9,4.4,4.4,0.0773,HB,surge,2024-08-26,True,0.7029,0.4355,C,C,False
SKU-02060,Ultra Moisturizer,Health & Beauty,Skincare,655877204335,EA,48,0.27,6.8,2.2,6.1,0.0528,HB,surge,2022-10-24,True,5.2997,3.2833,A,A,False
SKU-02061,Gentle Toner,Health & Beauty,Skincare,704865289385,EA,12,0.89,5.3,4.2,4.6,0.0593,HB,surge,2024-04-29,True,3.9034,2.4183,A,B,True
SKU-02062,Brightening Moisturizer,Health & Beauty,Skincare,637364256676,EA,48,0.55,2.9,4.0,3.7,0.0248,HB,surge,2024-01-12,True,1.4128,0.8753,B,B,False
SKU-02063,Daily Moisturizer,Health & Beauty,Skincare,445921170786,EA,12,0.63,2.8,3.1,7.3,0.0367,HB,surge,2023-04-07,True,1.4675,0.9092,B,B,False
SKU-02064,Daily Eye Cream,Health & Beauty,Skincare,902149430321,EA,6,0.12,6.5,3.0,5.1,0.0576,HB,surge,2023-05-13,True,0.8379,0.5191,B,C,True
SKU-02065,Gentle Moisturizer,Health & Beauty,Skincare,504216192043,EA,24,0.91,7.5,3.2,3.7,0.0514,HB,surge,2023-04-02,True,1.2338,0.7644,B,B,False
SKU-02066,Brightening Moisturizer,Health & Beauty,Skincare,843367210499,EA,24,0.73,5.9,2.9,3.6,0.0356,HB,surge,2023-09-07,True,0.8826,0.5468,B,C,True
SKU-02067,Reviving Sheet Mask,Health & Beauty,Skincare,913821334995,EA,6,0.36,7.6,2.0,6.5,0.0572,HB,surge,2024-07-17,True,0.9153,0.5671,B,C,True
SKU-02068,Anti-Aging SPF 30 Sunscreen,Health & Beauty,Skincare,941937796534,EA,24,0.1,2.0,2.1,5.2,0.0126,HB,surge,2023-07-29,True,0.9013,0.5584,B,C,True
SKU-02069,Reviving Cleanser,Health & Beauty,Skincare,738422252378,EA,24,0.51,3.3,4.3,6.1,0.0501,HB,surge,2023-09-11,True,0.7745,0.4798,B,C,True
SKU-02070,Gentle Cleanser,Health & Beauty,Skincare,044356982944,EA,6,0.55,6.5,4.6,6.9,0.1194,HB,surge,2023-04-01,True,1.7064,1.0572,B,B,False
SKU-02071,Brightening Moisturizer,Health & Beauty,Skincare,859306160166,EA,6,0.42,2.5,2.0,2.1,0.0061,HB,surge,2024-10-14,True,0.7327,0.4539,C,C,False
SKU-02072,Brightening Cleanser,Health & Beauty,Skincare,763353176675,EA,48,0.11,7.8,1.1,4.1,0.0204,HB,surge,2022-07-20,True,1.2329,0.7638,B,B,False
SKU-02073,Anti-Aging Exfoliant,Health & Beauty,Skincare,594702640276,EA,24,0.22,4.8,2.0,2.2,0.0122,HB,surge,2024-04-06,True,15.2128,9.4248,A,A,False
SKU-02074,Gentle Eye Cream,Health & Beauty,Skincare,281234286676,EA,24,1.11,3.2,2.4,7.6,0.0338,HB,surge,2023-04-10,True,1.848,1.1449,B,B,False
SKU-02075,Reviving Serum,Health & Beauty,Skincare,770413161439,EA,24,1.11,5.1,1.7,4.8,0.0241,HB,surge,2024-04-04,True,1.0097,0.6255,B,C,True
SKU-02076,Gentle Sheet Mask,Health & Beauty,Skincare,801797008449,EA,12,0.89,5.3,1.3,4.8,0.0191,HB,surge,2024-06-22,True,1.0367,0.6423,B,C,True
SKU-02077,Ultra Moisturizer,Health & Beauty,Skincare,426826560676,EA,48,1.09,2.9,1.0,5.2,0.0087,HB,surge,2022-12-29,True,6.9262,4.291,A,A,False
SKU-02078,Anti-Aging SPF 30 Sunscreen,Health & Beauty,Skincare,641493642391,EA,24,0.84,7.0,3.2,4.1,0.0531,HB,surge,2022-09-23,True,1.4752,0.9139,B,B,False
SKU-02079,Gentle Cleanser,Health & Beauty,Skincare,682063543756,EA,24,0.93,4.0,4.8,7.7,0.0856,HB,surge,2023-03-20,True,1.3066,0.8095,B,B,False
SKU-02080,Anti-Aging Toner,Health & Beauty,Skincare,580328416149,EA,12,0.94,7.7,3.2,7.4,0.1055,HB,surge,2024-01-06,True,1.0669,0.661,B,C,True
SKU-02081,Anti-Aging Exfoliant,Health & Beauty,Skincare,207571607823,EA,12,0.61,7.7,2.4,3.4,0.0364,HB,surge,2023-07-14,True,0.7553,0.4679,C,C,False
SKU-02082,Ultra Sheet Mask,Health & Beauty,Skincare,532341214411,EA,24,0.22,5.0,3.5,4.7,0.0476,HB,surge,2024-09-02,True,1.0339,0.6405,B,C,True
SKU-02083,Reviving Eye Cream,Health & Beauty,Skincare,853362630523,EA,12,0.28,6.8,2.8,5.3,0.0584,HB,surge,2024-12-13,True,1.1462,0.7101,B,B,False
SKU-02084,Hydrating Serum,Health & Beauty,Skincare,219081892217,EA,12,1.11,6.4,1.3,7.4,0.0356,HB,surge,2023-04-30,True,0.7061,0.4375,C,C,False
SKU-02085,Reviving Serum,Health & Beauty,Skincare,438570978655,EA,24,0.67,4.2,1.4,6.3,0.0214,HB,surge,2023-10-19,True,94.6577,58.6434,A,A,False
SKU-02086,Ultra Cleanser,Health & Beauty,Skincare,208040624536,EA,24,0.47,4.1,1.3,6.1,0.0188,HB,surge,2024-01-15,True,1.2132,0.7516,B,B,False
SKU-02087,Anti-Aging SPF 30 Sunscreen,Health & Beauty,Skincare,780848781575,EA,24,0.55,5.5,3.4,7.1,0.0768,HB,surge,2023-01-22,True,1.2432,0.7702,B,B,False
SKU-02088,Anti-Aging Sheet Mask,Health & Beauty,Skincare,303441735555,EA,12,0.32,4.2,4.7,5.1,0.0583,HB,surge,2023-10-26,True,0.6949,0.4305,C,C,False
SKU-02089,Reviving Moisturizer,Health & Beauty,Skincare,864129165283,EA,24,0.12,4.7,1.1,4.4,0.0132,HB,surge,2025-01-28,True,4.8961,3.0333,A,A,False
SKU-02090,Daily Cleanser,Health & Beauty,Skincare,962908000173,EA,6,0.12,7.5,3.7,6.7,0.1076,HB,surge,2024-04-17,True,1.9155,1.1867,B,B,False
SKU-02091,Reviving Exfoliant,Health & Beauty,Skincare,671360785407,EA,48,0.68,3.6,4.2,2.0,0.0175,HB,surge,2022-07-29,True,1.2937,0.8015,B,B,False
SKU-02092,Gentle Serum,Health & Beauty,Skincare,096823663972,EA,6,0.14,3.6,1.5,2.6,0.0081,HB,surge,2025-05-05,True,1.3528,0.8381,B,B,False
SKU-02093,Gentle Eye Cream,Health & Beauty,Skincare,416606126714,EA,12,1.01,6.3,1.6,4.9,0.0286,HB,surge,2023-02-15,True,0.8106,0.5022,B,C,True
SKU-02094,Anti-Aging Moisturizer,Health & Beauty,Skincare,979632191861,EA,48,0.8,4.7,2.2,3.2,0.0191,HB,surge,2024-11-12,True,0.8662,0.5366,B,C,True
SKU-02095,Reviving Cleanser,Health & Beauty,Skincare,601462447268,EA,24,0.7,2.6,4.9,5.8,0.0428,HB,surge,2023-01-29,True,1.0317,0.6392,B,C,True
SKU-02096,Anti-Aging Cleanser,Health & Beauty,Skincare,538399477844,EA,12,1.1,3.2,2.5,6.8,0.0315,HB,surge,2023-07-06,True,0.856,0.5303,B,C,True
SKU-02097,Reviving Toner,Health & Beauty,Skincare,330548972146,EA,6,0.6,4.7,1.5,7.1,0.029,HB,surge,2023-10-19,True,0.7519,0.4658,C,C,False
SKU-02098,Gentle Sheet Mask,Health & Beauty,Skincare,394383713928,EA,12,0.39,2.2,3.5,6.7,0.0299,HB,surge,2022-04-27,True,0.9333,0.5782,B,C,True
SKU-02099,Reviving SPF 30 Sunscreen,Health & Beauty,Skincare,732080830977,EA,24,0.64,3.3,3.3,4.2,0.0265,HB,surge,2022-12-14,True,0.9632,0.5967,B,C,True
SKU-02100,Reviving Serum,Health & Beauty,Skincare,534198986216,EA,48,0.36,6.4,2.6,2.4,0.0231,HB,surge,2024-03-22,True,0.8794,0.5448,B,C,True
SKU-02101,Anti-Aging Moisturizer,Health & Beauty,Skincare,315550408090,EA,24,0.27,5.9,4.0,6.6,0.0901,HB,surge,2024-04-26,True,0.7229,0.4478,C,C,False
SKU-02102,Reviving Exfoliant,Health & Beauty,Skincare,495871039109,EA,12,0.49,6.2,2.3,2.8,0.0231,HB,surge,2024-03-31,True,1.3385,0.8292,B,B,False
SKU-02103,Gentle SPF 30 Sunscreen,Health & Beauty,Skincare,639472825897,EA,24,0.21,6.4,3.8,3.4,0.0479,HB,surge,2023-03-03,True,2.2718,1.4074,B,B,False
SKU-02104,Reviving Sheet Mask,Health & Beauty,Skincare,012171475534,EA,24,0.86,5.1,2.4,6.3,0.0446,HB,surge,2023-11-11,True,212.9799,131.9478,A,A,False
SKU-02105,Ultra SPF 30 Sunscreen,Health & Beauty,Skincare,667452798408,EA,24,1.01,2.7,2.5,6.6,0.0258,HB,surge,2022-11-23,True,8.5192,5.2779,A,A,False
SKU-02106,Reviving Moisturizer,Health & Beauty,Skincare,025243641623,EA,24,1.05,2.1,2.9,3.6,0.0127,HB,surge,2024-07-06,True,0.7564,0.4686,C,C,False
SKU-02107,Reviving Toner,Health & Beauty,Skincare,137537650619,EA,12,0.5,6.1,1.0,6.5,0.0229,HB,surge,2025-04-17,True,4.1456,2.5683,A,B,True
SKU-02108,Ultra Eye Cream,Health & Beauty,Skincare,121348764221,EA,24,0.48,7.6,4.3,5.7,0.1078,HB,surge,2022-11-20,True,0.9725,0.6025,B,C,True
SKU-02109,Daily Moisturizer,Health & Beauty,Skincare,128483407302,EA,24,0.73,7.8,2.6,4.1,0.0481,HB,surge,2022-10-10,True,0.816,0.5055,B,C,True
SKU-02110,Anti-Aging SPF 30 Sunscreen,Health & Beauty,Skincare,558805440819,EA,48,0.36,4.8,3.7,2.9,0.0298,HB,surge,2022-10-04,True,2.566,1.5897,B,B,False
SKU-02111,Daily Sheet Mask,Health & Beauty,Skincare,143823282963,EA,24,0.55,5.7,3.1,3.8,0.0389,HB,surge,2024-12-29,True,0.8666,0.5369,B,C,True
SKU-02112,Gentle Serum,Health & Beauty,Skincare,027282897101,EA,24,1.15,3.0,4.1,2.2,0.0157,HB,surge,2023-03-04,True,1.2046,0.7463,B,B,False
SKU-02113,Reviving Serum,Health & Beauty,Skincare,083788461983,EA,12,1.15,4.3,4.1,2.2,0.0224,HB,surge,2023-01-15,True,1.7055,1.0566,B,B,False
SKU-02114,Ultra Toner,Health & Beauty,Skincare,082378439950,EA,48,0.9,3.6,4.7,6.7,0.0656,HB,surge,2023-05-28,True,1.5098,0.9354,B,B,False
SKU-02115,Ultra Exfoliant,Health & Beauty,Skincare,486348461453,EA,48,0.22,6.3,2.5,7.2,0.0656,HB,surge,2024-09-17,True,1.5025,0.9308,B,B,False
SKU-02116,Reviving Toner,Health & Beauty,Skincare,599078980785,EA,6,0.17,5.1,3.2,4.7,0.0444,HB,surge,2024-10-11,True,6.096,3.7767,A,A,False
SKU-02117,Hydrating SPF 30 Sunscreen,Health & Beauty,Skincare,157456472111,EA,6,1.05,6.5,4.3,3.4,0.055,HB,surge,2025-03-31,True,7.7624,4.809,A,A,False
SKU-02118,Brightening Eye Cream,Health & Beauty,Skincare,469743303723,EA,6,0.27,3.4,1.3,4.1,0.0105,HB,surge,2024-07-31,True,1.0203,0.6321,B,C,True
SKU-02119,Anti-Aging Moisturizer,Health & Beauty,Skincare,125151870525,EA,24,0.62,7.8,2.5,7.8,0.088,HB,surge,2022-04-15,True,6.334,3.9241,A,A,False
SKU-02120,Hydrating Toner,Health & Beauty,Skincare,950854933521,EA,6,0.66,2.7,3.9,3.2,0.0195,HB,surge,2024-05-27,True,0.6845,0.4241,C,C,False
SKU-02121,Brightening Toner,Health & Beauty,Skincare,447369112188,EA,24,0.65,3.5,1.2,5.5,0.0134,HB,surge,2024-12-20,True,0.8897,0.5512,B,C,True
SKU-02122,Reviving SPF 30 Sunscreen,Health & Beauty,Skincare,237810475877,EA,24,1.11,6.0,3.1,3.7,0.0398,HB,surge,2025-03-19,True,0.7039,0.4361,C,C,False
SKU-02123,Reviving Sheet Mask,Health & Beauty,Skincare,414930720631,EA,6,0.92,6.3,1.1,7.4,0.0297,HB,surge,2024-10-17,True,1.1003,0.6817,B,B,False
SKU-02124,Gentle Exfoliant,Health & Beauty,Skincare,954503428947,EA,12,0.11,7.0,1.2,5.8,0.0282,HB,surge,2022-06-07,True,5.2345,3.243,A,A,False
SKU-02125,Reviving Toner,Health & Beauty,Skincare,290001242444,EA,6,0.91,7.0,4.9,4.7,0.0933,HB,surge,2023-09-01,True,243.4055,150.7974,A,A,False
SKU-02126,Anti-Aging Toner,Health & Beauty,Skincare,974608536049,EA,24,0.69,7.2,2.4,3.9,0.039,HB,surge,2025-03-31,True,3.2734,2.028,A,B,True
SKU-02127,Ultra Sheet Mask,Health & Beauty,Skincare,946177704295,EA,24,0.85,3.9,2.7,7.0,0.0427,HB,surge,2023-12-26,True,1.8724,1.16,B,B,False
SKU-02128,Reviving Eye Cream,Health & Beauty,Skincare,784069735377,EA,24,0.78,4.3,2.6,4.1,0.0265,HB,surge,2024-02-22,True,2.1582,1.337,B,B,False
SKU-02129,Brightening Moisturizer,Health & Beauty,Skincare,970387119095,EA,24,0.78,7.4,4.4,5.1,0.0961,HB,surge,2024-09-12,True,1.5461,0.9579,B,B,False
SKU-02130,Gentle Sheet Mask,Health & Beauty,Skincare,756902612004,EA,24,0.9,2.6,1.0,6.1,0.0092,HB,surge,2025-01-24,True,0.7512,0.4654,C,C,False
SKU-02131,Brightening SPF 30 Sunscreen,Health & Beauty,Skincare,569100238575,EA,48,0.95,2.4,4.7,5.2,0.0339,HB,surge,2024-05-01,True,1.2231,0.7578,B,B,False
SKU-02132,Gentle Cleanser,Health & Beauty,Skincare,734384769696,EA,6,0.4,7.9,2.1,2.8,0.0269,HB,surge,2024-11-19,True,2.2932,1.4207,B,B,False
SKU-02133,Hydrating Serum,Health & Beauty,Skincare,849721991379,EA,48,0.15,6.7,1.9,3.9,0.0287,HB,surge,2024-06-22,True,0.922,0.5712,B,C,True
SKU-02134,Daily Cleanser,Health & Beauty,Skincare,283755226269,EA,6,0.9,4.3,4.3,4.8,0.0514,HB,surge,2022-06-04,True,0.6817,0.4223,C,C,False
SKU-02135,Hydrating Exfoliant,Health & Beauty,Skincare,522810184982,EA,24,0.25,3.2,1.4,3.2,0.0083,HB,surge,2023-12-05,True,0.8572,0.5311,B,C,True
SKU-02136,Brightening Eye Cream,Health & Beauty,Skincare,115863614961,EA,12,0.68,3.2,3.9,5.5,0.0397,HB,surge,2025-03-13,True,0.6842,0.4239,C,C,False
SKU-02137,Ultra Toner,Health & Beauty,Skincare,935500736927,EA,12,0.36,3.9,2.7,6.1,0.0372,HB,surge,2023-01-06,True,1.1579,0.7174,B,B,False
SKU-02138,Hydrating SPF 30 Sunscreen,Health & Beauty,Skincare,277450916073,EA,12,0.43,4.9,4.4,7.3,0.0911,HB,surge,2025-04-24,True,4.4198,2.7382,A,A,False
SKU-02139,Daily SPF 30 Sunscreen,Health & Beauty,Skincare,522559444833,EA,12,0.58,5.6,3.4,5.3,0.0584,HB,surge,2023-05-24,True,2.4783,1.5354,B,B,False
SKU-02140,Daily Eye Cream,Health & Beauty,Skincare,276877006088,EA,24,0.63,6.1,4.6,4.6,0.0747,HB,surge,2023-01-19,True,47.3289,29.3217,A,A,False
SKU-02141,Brightening Moisturizer,Health & Beauty,Skincare,482621762693,EA,24,1.15,3.8,4.2,6.8,0.0628,HB,surge,2024-09-19,True,8.5835,5.3178,A,A,False
SKU-02142,Anti-Aging Toner,Health & Beauty,Skincare,299663004392,EA,12,1.07,2.9,2.7,5.7,0.0258,HB,surge,2022-10-06,True,3.2956,2.0417,A,B,True
SKU-02143,Daily Moisturizer,Health & Beauty,Skincare,304470414978,EA,6,0.51,2.6,4.5,2.1,0.0142,HB,surge,2022-12-10,True,1.1235,0.6961,B,B,False
SKU-02144,Hydrating SPF 30 Sunscreen,Health & Beauty,Skincare,401315006233,EA,12,0.84,2.3,4.3,4.8,0.0275,HB,surge,2023-11-26,True,5.9161,3.6652,A,A,False
SKU-02145,Reviving Exfoliant,Health & Beauty,Skincare,920456163095,EA,12,0.1,5.4,1.8,5.6,0.0315,HB,surge,2022-10-09,True,1.3647,0.8455,B,B,False
SKU-02146,Reviving Exfoliant,Health & Beauty,Skincare,240936355245,EA,12,0.33,5.2,2.8,7.1,0.0598,HB,surge,2024-12-19,True,0.9967,0.6175,B,C,True
SKU-02147,Hydrating Cleanser,Health & Beauty,Skincare,499218884877,EA,24,0.56,3.7,3.7,6.6,0.0523,HB,surge,2024-07-12,True,2.6519,1.6429,B,B,False
SKU-02148,Ultra Cleanser,Health & Beauty,Skincare,014235544820,EA,24,1.07,5.6,4.0,3.2,0.0415,HB,surge,2025-02-17,True,0.7283,0.4512,C,C,False
SKU-02149,Brightening Eye Cream,Health & Beauty,Skincare,696202977247,EA,48,0.46,3.0,2.6,6.3,0.0284,HB,surge,2023-07-09,True,0.9692,0.6004,B,C,True
SKU-02150,Anti-Aging Exfoliant,Health & Beauty,Skincare,901464226981,EA,6,1.04,2.2,4.9,7.8,0.0487,HB,surge,2024-07-17,True,1.3501,0.8364,B,B,False
SKU-02151,Gentle Toner,Health & Beauty,Skincare,463007647425,EA,12,0.11,5.5,4.4,5.7,0.0798,HB,surge,2022-04-06,True,0.7549,0.4677,C,C,False
SKU-02152,Gentle Cleanser,Health & Beauty,Skincare,650607566362,EA,24,0.92,6.1,2.7,2.2,0.021,HB,surge,2025-02-05,True,0.8009,0.4962,B,C,True
SKU-02153,Daily Cleanser,Health & Beauty,Skincare,667131226950,EA,24,0.87,7.8,3.1,6.0,0.084,HB,surge,2023-08-27,True,1.1931,0.7392,B,B,False
SKU-02154,Reviving Eye Cream,Health & Beauty,Skincare,035995544755,EA,48,0.51,6.0,1.9,7.8,0.0515,HB,surge,2024-12-10,True,8.6931,5.3856,A,A,False
SKU-02155,Ultra Cleanser,Health & Beauty,Skincare,265383622592,EA,6,0.87,5.5,3.3,6.4,0.0672,HB,surge,2025-01-01,True,0.8033,0.4977,B,C,True
SKU-02156,Gentle Toner,Health & Beauty,Skincare,873733562982,EA,12,0.96,3.3,1.7,7.1,0.0231,HB,surge,2025-03-02,True,6.9121,4.2823,A,A,False
SKU-02157,Gentle Toner,Health & Beauty,Skincare,251913256932,EA,6,0.29,7.4,2.1,4.9,0.0441,HB,surge,2023-06-22,True,1.0968,0.6795,B,B,False
SKU-02158,Hydrating Eye Cream,Health & Beauty,Skincare,221704948679,EA,6,0.17,3.6,1.3,4.0,0.0108,HB,surge,2024-06-03,True,5.0484,3.1277,A,A,False
SKU-02159,Anti-Aging Cleanser,Health & Beauty,Skincare,348115266310,EA,12,0.17,2.7,4.4,7.1,0.0488,HB,surge,2024-05-10,True,1.8581,1.1511,B,B,False
SKU-02160,Daily Exfoliant,Health & Beauty,Skincare,549698953072,EA,6,0.86,7.9,1.8,7.5,0.0617,HB,surge,2022-10-25,True,5.708,3.5363,A,A,False
SKU-02161,Brightening Sheet Mask,Health & Beauty,Skincare,726814620449,EA,24,0.71,4.0,3.3,3.6,0.0275,HB,surge,2024-10-22,True,1.8611,1.153,B,B,False
SKU-02162,Daily Exfoliant,Health & Beauty,Skincare,501176512397,EA,6,0.3,4.1,1.2,2.4,0.0068,HB,surge,2025-04-14,True,1.0821,0.6704,B,B,False
SKU-02163,Hydrating Serum,Health & Beauty,Skincare,552921003810,EA,24,0.33,8.0,3.4,6.0,0.0944,HB,surge,2023-08-03,True,32.7661,20.2997,A,A,False
SKU-02164,Gentle Toner,Health & Beauty,Skincare,453152270035,EA,48,0.1,4.1,3.6,5.3,0.0453,HB,surge,2023-09-25,True,3.5497,2.1991,A,B,True
SKU-02165,Reviving Sheet Mask,Health & Beauty,Skincare,207901272033,EA,12,0.48,4.0,4.2,4.3,0.0418,HB,surge,2023-09-27,True,1.0187,0.6311,B,C,True
SKU-02166,Ultra SPF 30 Sunscreen,Health & Beauty,Skincare,773554630049,EA,12,0.13,6.4,2.0,5.2,0.0385,HB,surge,2023-06-29,True,1.0537,0.6528,B,C,True
SKU-02167,Ultra Cleanser,Health & Beauty,Skincare,012492307504,EA,12,0.79,4.6,2.5,2.3,0.0153,HB,surge,2024-01-14,True,0.8955,0.5548,B,C,True
SKU-02168,Ultra SPF 30 Sunscreen,Health & Beauty,Skincare,246578314572,EA,48,0.96,5.6,1.0,6.6,0.0214,HB,surge,2025-04-09,True,2.656,1.6455,B,B,False
SKU-02169,Ultra SPF 30 Sunscreen,Health & Beauty,Skincare,533430447454,EA,12,0.58,3.7,1.0,5.0,0.0107,HB,surge,2023-02-03,True,4.5375,2.8111,A,A,False
SKU-02170,Ultra Eye Cream,Health & Beauty,Skincare,666967777042,EA,48,1.19,2.2,2.6,7.1,0.0235,HB,surge,2023-07-08,True,5.3664,3.3247,A,A,False
SKU-02171,Hydrating Moisturizer,Health & Beauty,Skincare,643828687619,EA,24,0.67,6.6,5.0,3.2,0.0611,HB,surge,2024-03-29,True,1.9242,1.1921,B,B,False
SKU-02172,Daily Serum,Health & Beauty,Skincare,940693176105,EA,6,0.23,2.8,2.7,6.8,0.0297,HB,surge,2024-10-17,True,0.7093,0.4395,C,C,False
SKU-02173,Hydrating Sheet Mask,Health & Beauty,Skincare,193962416061,EA,6,0.62,4.6,3.4,5.1,0.0462,HB,surge,2024-09-04,True,4.2174,2.6128,A,A,False
SKU-02174,Brightening Exfoliant,Health & Beauty,Skincare,289358293927,EA,24,1.08,7.5,1.9,6.6,0.0544,HB,surge,2024-03-13,True,0.7043,0.4364,C,C,False
SKU-02175,Anti-Aging Serum,Health & Beauty,Skincare,925481683524,EA,48,0.35,8.0,2.1,4.6,0.0447,HB,surge,2024-03-23,True,2.0842,1.2912,B,B,False
SKU-02176,Hydrating Eye Cream,Health & Beauty,Skincare,443805269603,EA,6,0.74,6.7,4.6,7.0,0.1248,HB,surge,2023-10-31,True,1.7785,1.1019,B,B,False
SKU-02177,Daily SPF 30 Sunscreen,Health & Beauty,Skincare,257870920541,EA,12,0.86,3.8,4.0,4.1,0.0361,HB,surge,2024-09-23,True,4.4429,2.7525,A,A,False
SKU-02178,Anti-Aging SPF 30 Sunscreen,Health & Beauty,Skincare,314319757394,EA,12,0.92,2.2,3.4,2.2,0.0095,HB,surge,2023-07-26,True,0.703,0.4356,C,C,False
SKU-02179,Ultra Sheet Mask,Health & Beauty,Skincare,561855764425,EA,12,0.78,3.6,1.8,5.0,0.0188,HB,surge,2023-05-09,True,2.2979,1.4236,B,B,False
SKU-02180,Brightening Serum,Health & Beauty,Skincare,150861489121,EA,12,0.36,7.6,2.4,5.6,0.0591,HB,surge,2022-08-17,True,0.8673,0.5373,B,C,True
SKU-02181,Daily Toner,Health & Beauty,Skincare,579378221677,EA,12,0.38,5.7,2.9,7.6,0.0727,HB,surge,2023-02-19,True,1.0689,0.6622,B,C,True
SKU-02182,Anti-Aging Toner,Health & Beauty,Skincare,315367535417,EA,12,0.82,7.0,3.2,7.6,0.0985,HB,surge,2023-08-30,True,3.9716,2.4606,A,B,True
SKU-02183,Daily Exfoliant,Health & Beauty,Skincare,614862984913,EA,48,0.31,3.0,2.2,3.8,0.0145,HB,surge,2022-04-12,True,3.2239,1.9973,A,B,True
SKU-02184,Anti-Aging Exfoliant,Health & Beauty,Skincare,928212796265,EA,24,0.31,5.9,5.0,6.9,0.1178,HB,surge,2024-04-07,True,0.7235,0.4482,C,C,False
SKU-02185,Brightening Moisturizer,Health & Beauty,Skincare,641405436725,EA,24,0.5,4.4,2.4,5.6,0.0342,HB,surge,2023-10-04,True,77.4472,47.981,A,A,False
SKU-02186,Anti-Aging SPF 30 Sunscreen,Health & Beauty,Skincare,824333364139,EA,48,0.33,2.2,4.2,7.1,0.038,HB,surge,2025-03-10,True,1.1299,0.7,B,B,False
SKU-02187,Brightening Eye Cream,Health & Beauty,Skincare,323904610922,EA,12,1.17,2.4,2.3,3.5,0.0112,HB,surge,2025-02-26,True,1.2739,0.7892,B,B,False
SKU-02188,Hydrating Sheet Mask,Health & Beauty,Skincare,075222476705,EA,24,0.13,4.8,4.7,2.1,0.0274,HB,surge,2024-09-27,True,0.8056,0.4991,B,C,True
SKU-02189,Hydrating Toner,Health & Beauty,Skincare,928780466662,EA,24,0.11,6.4,3.4,4.5,0.0567,HB,surge,2023-11-03,True,1.2496,0.7742,B,B,False
SKU-02190,Gentle Eye Cream,Health & Beauty,Skincare,007346230751,EA,24,0.67,5.5,4.6,5.3,0.0776,HB,surge,2024-12-05,True,0.7297,0.4521,C,C,False
SKU-02191,Ultra Sheet Mask,Health & Beauty,Skincare,139978837719,EA,12,0.35,7.3,3.7,5.1,0.0797,HB,surge,2024-05-20,True,7.4242,4.5995,A,A,False
SKU-02192,Gentle Eye Cream,Health & Beauty,Skincare,252223966003,EA,48,0.46,5.3,2.6,6.6,0.0526,HB,surge,2025-05-03,True,1.3296,0.8237,B,B,False
SKU-02193,Anti-Aging Eye Cream,Health & Beauty,Skincare,609683180110,EA,24,1.0,2.7,1.3,6.7,0.0136,HB,surge,2024-08-27,True,1.1443,0.7089,B,B,False
SKU-02194,Daily Sheet Mask,Health & Beauty,Skincare,016222888028,EA,24,1.13,7.0,2.1,3.2,0.0272,HB,surge,2025-04-03,True,2.1719,1.3455,B,B,False
SKU-02195,Gentle Toner,Health & Beauty,Skincare,829897596842,EA,24,1.01,4.6,1.3,6.8,0.0235,HB,surge,2024-01-29,True,1.4701,0.9108,B,B,False
SKU-02196,Anti-Aging Exfoliant,Health & Beauty,Skincare,264310693863,EA,24,0.87,3.9,3.2,3.4,0.0246,HB,surge,2024-12-21,True,1.5399,0.954,B,B,False
SKU-02197,Reviving Toner,Health & Beauty,Skincare,821270230581,EA,48,0.91,3.3,3.4,6.7,0.0435,HB,surge,2022-05-02,True,1.7538,1.0865,B,B,False
SKU-02198,Daily Exfoliant,Health & Beauty,Skincare,237531423191,EA,6,0.89,3.2,3.1,4.3,0.0247,HB,surge,2023-04-16,True,0.9017,0.5587,B,C,True
SKU-02199,Hydrating Cleanser,Health & Beauty,Skincare,828830610956,EA,48,1.2,5.9,4.9,5.5,0.092,HB,surge,2022-05-31,True,7.174,4.4446,A,A,False
SKU-02200,Brightening Serum,Health & Beauty,Skincare,184466482880,EA,24,0.25,6.6,1.9,4.1,0.0298,HB,surge,2024-11-17,True,0.7692,0.4766,B,C,True
SKU-02201,Brightening Toner,Health & Beauty,Skincare,500954175272,EA,24,1.11,5.4,2.9,2.4,0.0217,HB,surge,2023-08-05,True,0.9697,0.6008,B,C,True
SKU-02202,Hydrating Exfoliant,Health & Beauty,Skincare,406335809650,EA,24,1.06,3.7,2.3,5.3,0.0261,HB,surge,2023-01-30,True,32.4541,20.1063,A,A,False
SKU-02203,Anti-Aging Toner,Health & Beauty,Skincare,136480974004,EA,24,0.98,7.0,3.7,5.4,0.0809,HB,surge,2023-10-07,True,0.9589,0.594,B,C,True
SKU-02204,Ultra Exfoliant,Health & Beauty,Skincare,192602585092,EA,12,0.82,4.1,2.8,5.5,0.0365,HB,surge,2025-01-15,True,6.708,4.1558,A,A,False
SKU-02205,Gentle Moisturizer,Health & Beauty,Skincare,650255579514,EA,12,0.59,5.8,3.1,6.9,0.0718,HB,surge,2023-09-10,True,1.9998,1.2389,B,B,False
SKU-02206,Gentle Serum,Health & Beauty,Skincare,903748364449,EA,24,0.7,3.9,4.4,3.2,0.0318,HB,surge,2024-03-14,True,1.2003,0.7436,B,B,False
SKU-02207,Gentle Sheet Mask,Health & Beauty,Skincare,890261641557,EA,24,0.55,5.5,2.7,5.3,0.0455,HB,surge,2022-04-30,True,0.8475,0.525,B,C,True
SKU-02208,Ultra Exfoliant,Health & Beauty,Skincare,134721114433,EA,12,0.86,7.9,2.0,3.3,0.0302,HB,surge,2023-04-26,True,1.3675,0.8472,B,B,False
SKU-02209,Gentle Exfoliant,Health & Beauty,Skincare,429395951648,EA,12,1.08,2.8,3.2,2.5,0.013,HB,surge,2024-10-14,True,7.8518,4.8644,A,A,False
SKU-02210,Hydrating Toner,Health & Beauty,Skincare,501022324908,EA,12,0.92,6.0,1.3,4.1,0.0185,HB,surge,2023-07-15,True,1.3713,0.8496,B,B,False
SKU-02211,Hydrating Sheet Mask,Health & Beauty,Skincare,964977609712,EA,12,0.91,8.0,2.6,5.1,0.0614,HB,surge,2024-07-27,True,3.4248,2.1218,A,B,True
SKU-02212,Hydrating Cleanser,Health & Beauty,Skincare,277108544560,EA,12,0.7,6.2,1.6,3.9,0.0224,HB,surge,2022-05-01,True,1.1295,0.6998,B,B,False
SKU-02213,Reviving Eye Cream,Health & Beauty,Skincare,016568955990,EA,24,1.1,3.1,3.7,6.8,0.0451,HB,surge,2022-06-11,True,4.0185,2.4896,A,B,True
SKU-02214,Brightening Toner,Health & Beauty,Skincare,784183770406,EA,24,1.17,2.9,2.7,5.7,0.0258,HB,surge,2023-08-05,True,0.7392,0.458,C,C,False
SKU-02215,Ultra Eye Cream,Health & Beauty,Skincare,995186183720,EA,12,1.17,2.8,4.8,5.4,0.042,HB,surge,2023-12-09,True,1.8272,1.132,B,B,False
SKU-02216,Daily Cleanser,Health & Beauty,Skincare,360132236178,EA,48,0.23,2.9,3.8,7.7,0.0491,HB,surge,2024-10-06,True,1.994,1.2353,B,B,False
SKU-02217,Daily Serum,Health & Beauty,Skincare,756095642622,EA,24,0.24,6.4,1.5,4.5,0.025,HB,surge,2024-03-30,True,1.0064,0.6235,B,C,True
SKU-02218,Daily Toner,Health & Beauty,Skincare,611099243552,EA,24,0.83,2.2,1.5,3.7,0.0071,HB,surge,2025-05-13,True,3.3343,2.0657,A,B,True
SKU-02219,Gentle Moisturizer,Health & Beauty,Skincare,015763203330,EA,12,0.93,6.3,4.9,2.1,0.0375,HB,surge,2022-09-15,True,6.9544,4.3085,A,A,False
SKU-02220,Brightening Exfoliant,Health & Beauty,Skincare,566755095216,EA,24,1.06,5.8,2.5,6.6,0.0554,HB,surge,2022-10-19,True,0.7798,0.4831,B,C,True
SKU-02221,Ultra Moisturizer,Health & Beauty,Skincare,229661546928,EA,24,1.08,7.7,2.6,6.2,0.0718,HB,surge,2023-10-19,True,1.7298,1.0717,B,B,False
SKU-02222,Anti-Aging Serum,Health & Beauty,Skincare,396430172043,EA,48,0.26,4.4,1.6,2.4,0.0098,HB,surge,2024-08-25,True,1.6696,1.0344,B,B,False
SKU-02223,Anti-Aging Moisturizer,Health & Beauty,Skincare,289998793908,EA,12,0.28,5.2,3.9,4.9,0.0575,HB,surge,2024-06-13,True,1.8683,1.1574,B,B,False
SKU-02224,Gentle Sheet Mask,Health & Beauty,Skincare,866887162014,EA,48,0.29,6.4,4.4,6.9,0.1124,HB,surge,2025-04-12,True,0.7601,0.4709,C,C,False
SKU-02225,Daily Moisturizer,Health & Beauty,Skincare,048611489455,EA,12,0.2,5.2,1.2,7.5,0.0271,HB,surge,2023-04-24,True,0.7295,0.452,C,C,False
SKU-02226,Reviving Sheet Mask,Health & Beauty,Skincare,535983420313,EA,6,0.69,5.4,4.0,6.8,0.085,HB,surge,2024-05-16,True,1.1272,0.6984,B,B,False
SKU-02227,Brightening Serum,Health & Beauty,Skincare,966044833607,EA,6,1.03,5.4,4.9,2.5,0.0383,HB,surge,2024-08-16,True,0.8255,0.5114,B,C,True
SKU-02228,Hydrating Exfoliant,Health & Beauty,Skincare,955809436997,EA,12,0.31,4.5,2.0,6.1,0.0318,HB,surge,2024-11-28,True,0.9173,0.5683,B,C,True
SKU-02229,Reviving Exfoliant,Health & Beauty,Skincare,581778435916,EA,12,1.02,4.9,3.8,6.2,0.0668,HB,surge,2022-11-28,True,4.6617,2.888,A,A,False
SKU-02230,Gentle Eye Cream,Health & Beauty,Skincare,494754427503,EA,12,1.04,2.7,2.3,7.0,0.0252,HB,surge,2022-07-20,True,0.8052,0.4989,B,C,True
SKU-02231,Daily Serum,Health & Beauty,Skincare,269245041317,EA,48,0.72,4.4,3.0,7.6,0.0581,HB,surge,2024-07-12,True,1.3875,0.8596,B,B,False
SKU-02232,Anti-Aging Serum,Health & Beauty,Skincare,166142375950,EA,24,0.64,4.6,2.9,5.4,0.0417,HB,surge,2025-02-25,True,22.2724,13.7985,A,A,False
SKU-02233,Ultra Exfoliant,Health & Beauty,Skincare,016129925522,EA,12,1.13,2.9,4.9,7.0,0.0576,HB,surge,2023-06-19,True,0.7423,0.4598,C,C,False
SKU-02234,Anti-Aging Toner,Health & Beauty,Skincare,763237661069,EA,12,1.02,5.9,1.2,5.6,0.0229,HB,surge,2023-12-17,True,1.3031,0.8073,B,B,False
SKU-02235,Brightening Serum,Health & Beauty,Skincare,421766515747,EA,12,0.36,2.5,2.5,3.8,0.0137,HB,surge,2023-09-28,True,0.7126,0.4415,C,C,False
SKU-02236,Reviving Eye Cream,Health & Beauty,Skincare,531430556977,EA,24,1.2,3.7,1.2,2.2,0.0057,HB,surge,2023-03-27,True,3.9996,2.4779,A,B,True
SKU-02237,Anti-Aging Serum,Health & Beauty,Skincare,038085348152,EA,24,0.83,6.4,3.0,4.4,0.0489,HB,surge,2022-11-12,True,4.1863,2.5936,A,B,True
SKU-02238,Ultra Moisturizer,Health & Beauty,Skincare,074062995446,EA,48,0.38,4.6,1.6,3.0,0.0128,HB,surge,2023-05-03,True,1.3416,0.8312,B,B,False
SKU-02239,Daily SPF 30 Sunscreen,Health & Beauty,Skincare,026681115514,EA,6,0.32,4.2,2.6,3.4,0.0215,HB,surge,2023-06-06,True,0.8699,0.539,B,C,True
SKU-02240,Hydrating SPF 30 Sunscreen,Health & Beauty,Skincare,889340138458,EA,12,0.13,6.2,4.4,5.1,0.0805,HB,surge,2024-04-25,True,4.3632,2.7032,A,A,False
SKU-02241,Anti-Aging Toner,Health & Beauty,Skincare,737911570519,EA,24,0.45,7.3,2.0,5.9,0.0498,HB,surge,2022-03-15,True,1.5946,0.9879,B,B,False
SKU-02242,Brightening SPF 30 Sunscreen,Health & Beauty,Skincare,261847239153,EA,12,0.97,2.6,2.9,7.1,0.031,HB,surge,2023-02-27,True,17.5653,10.8823,A,A,False
SKU-02243,Hydrating Serum,Health & Beauty,Skincare,843435119738,EA,24,0.63,2.3,4.0,2.3,0.0122,HB,surge,2023-02-25,True,2.4498,1.5177,B,B,False
SKU-02244,Reviving Cleanser,Health & Beauty,Skincare,173199252864,EA,48,1.15,3.5,1.6,2.4,0.0078,HB,surge,2023-01-13,True,3.0755,1.9054,A,B,True
SKU-02245,Brightening SPF 30 Sunscreen,Health & Beauty,Skincare,885727929040,EA,12,0.59,5.2,4.1,3.4,0.0419,HB,surge,2023-04-25,True,1.0067,0.6237,B,C,True
SKU-02246,Reviving SPF 30 Sunscreen,Health & Beauty,Skincare,074243920888,EA,48,0.27,8.0,4.8,2.2,0.0489,HB,surge,2025-04-04,True,1.2482,0.7733,B,B,False
SKU-02247,Anti-Aging Toner,Health & Beauty,Skincare,587904683625,EA,24,0.4,4.7,3.1,2.5,0.0211,HB,surge,2022-10-06,True,2.5973,1.6091,B,B,False
SKU-02248,Hydrating Eye Cream,Health & Beauty,Skincare,511204439281,EA,24,0.62,5.3,2.1,6.3,0.0406,HB,surge,2022-08-18,True,2.1445,1.3286,B,B,False
SKU-02249,Gentle SPF 30 Sunscreen,Health & Beauty,Skincare,919563351760,EA,12,0.75,4.3,4.4,7.0,0.0766,HB,surge,2023-09-29,True,0.8577,0.5314,B,C,True
SKU-02250,Ultra Eye Cream,Health & Beauty,Skincare,250207907575,EA,48,0.42,5.2,1.4,6.9,0.0291,HB,surge,2025-04-05,True,2.9971,1.8568,A,B,True
SKU-02251,Ultra Toner,Health & Beauty,Skincare,305148129336,EA,6,0.37,2.5,3.9,6.2,0.035,HB,surge,2025-03-11,True,1.7315,1.0727,B,B,False
SKU-02252,Anti-Aging Moisturizer,Health & Beauty,Skincare,411329055049,EA,6,1.14,2.1,4.4,4.2,0.0225,HB,surge,2024-12-05,True,32.1479,19.9166,A,A,False
SKU-02253,Reviving Sheet Mask,Health & Beauty,Skincare,311936123592,EA,24,0.16,2.3,4.3,2.9,0.0166,HB,surge,2023-10-21,True,0.7817,0.4843,B,C,True
SKU-02254,Daily Cleanser,Health & Beauty,Skincare,110327578749,EA,12,0.47,5.7,4.0,4.1,0.0541,HB,surge,2022-09-30,True,1.1779,0.7297,B,B,False
SKU-02255,Gentle Exfoliant,Health & Beauty,Skincare,119073333783,EA,12,1.17,5.8,1.9,5.6,0.0357,HB,surge,2025-05-18,True,0.7104,0.4401,C,C,False
SKU-02256,Gentle Exfoliant,Health & Beauty,Skincare,319992196207,EA,24,1.11,5.5,1.8,3.5,0.0201,HB,surge,2025-05-09,True,2.5298,1.5673,B,B,False
SKU-02257,Anti-Aging SPF 30 Sunscreen,Health & Beauty,Skincare,175217319944,EA,12,0.63,4.2,2.3,8.0,0.0447,HB,surge,2024-10-10,True,1.9102,1.1834,B,B,False
SKU-02258,Hydrating SPF 30 Sunscreen,Health & Beauty,Skincare,619812303670,EA,12,0.4,2.9,4.7,3.8,0.03,HB,surge,2022-09-21,True,1.6359,1.0135,B,B,False
SKU-02259,Reviving Sheet Mask,Health & Beauty,Skincare,155587340710,EA,24,0.72,3.5,2.9,3.6,0.0211,HB,surge,2022-06-09,True,3.4525,2.139,A,B,True
SKU-02260,Daily Toner,Health & Beauty,Skincare,632998173315,EA,48,0.3,7.0,3.0,2.6,0.0316,HB,surge,2024-08-23,True,1.1953,0.7405,B,B,False
SKU-02261,Gentle SPF 30 Sunscreen,Health & Beauty,Skincare,532683015282,EA,12,0.81,3.6,4.3,6.2,0.0555,HB,surge,2024-08-29,True,1.2024,0.7449,B,B,False
SKU-02262,Hydrating Serum,Health & Beauty,Skincare,787024394253,EA,6,0.85,6.4,2.8,7.9,0.0819,HB,surge,2022-05-10,True,3.2798,2.0319,A,B,True
SKU-02263,Daily Sheet Mask,Health & Beauty,Skincare,362862703107,EA,6,0.95,7.0,4.5,3.0,0.0547,HB,surge,2023-03-01,True,0.7132,0.4419,C,C,False
SKU-02264,Gentle Cleanser,Health & Beauty,Skincare,994517523070,EA,24,1.08,3.9,3.5,2.2,0.0174,HB,surge,2022-10-11,True,3.633,2.2507,A,B,True
SKU-02265,Ultra Toner,Health & Beauty,Skincare,525085333416,EA,12,0.27,6.9,2.1,5.2,0.0436,HB,surge,2024-05-20,True,2.883,1.7861,A,B,True
SKU-02266,Gentle Moisturizer,Health & Beauty,Skincare,001040859008,EA,12,0.72,5.9,1.4,4.1,0.0196,HB,surge,2022-12-15,True,27.0451,16.7553,A,A,False
SKU-02267,Anti-Aging Exfoliant,Health & Beauty,Skincare,990430686965,EA,48,0.11,5.4,1.0,2.7,0.0084,HB,surge,2023-02-16,True,0.9077,0.5624,B,C,True
SKU-02268,Gentle Moisturizer,Health & Beauty,Skincare,157220339060,EA,24,0.96,6.4,3.0,7.0,0.0778,HB,surge,2023-11-20,True,1.038,0.6431,B,C,True
SKU-02269,Reviving Exfoliant,Health & Beauty,Skincare,647705762123,EA,48,1.14,2.6,2.1,7.0,0.0221,HB,surge,2023-05-25,True,1.2515,0.7753,B,B,False
SKU-02270,Anti-Aging Toner,Health & Beauty,Skincare,457757703938,EA,24,0.13,3.1,2.5,6.0,0.0269,HB,surge,2024-07-08,True,1.9904,1.2332,B,B,False
SKU-02271,Brightening Eye Cream,Health & Beauty,Skincare,738946812617,EA,12,0.63,3.8,4.6,4.3,0.0435,HB,surge,2024-04-21,True,8.7601,5.4272,A,A,False
SKU-02272,Reviving Cleanser,Health & Beauty,Skincare,057647412079,EA,12,0.68,5.8,3.0,8.0,0.0806,HB,surge,2023-01-16,True,74.0799,45.8949,A,A,False
SKU-02273,Daily SPF 30 Sunscreen,Health & Beauty,Skincare,832591360959,EA,12,0.53,2.1,1.7,2.1,0.0043,HB,surge,2022-09-20,True,5.614,3.478,A,A,False
SKU-02274,Anti-Aging Serum,Health & Beauty,Skincare,780646222148,EA,24,0.59,5.3,3.0,2.9,0.0267,HB,surge,2024-10-24,True,1.2455,0.7716,B,B,False
SKU-02275,Daily Moisturizer,Health & Beauty,Skincare,720779546763,EA,48,0.18,5.8,3.8,2.7,0.0344,HB,surge,2023-02-19,True,0.6935,0.4296,C,C,False
SKU-02276,Hydrating Moisturizer,Health & Beauty,Skincare,115890062400,EA,24,0.71,7.1,4.1,3.7,0.0623,HB,surge,2023-03-08,True,0.903,0.5594,B,C,True
SKU-02277,Daily SPF 30 Sunscreen,Health & Beauty,Skincare,216236234199,EA,24,0.63,7.2,1.8,2.0,0.015,HB,surge,2025-01-15,True,0.8684,0.538,B,C,True
SKU-02278,Gentle Moisturizer,Health & Beauty,Skincare,398550208912,EA,12,0.49,7.3,3.6,3.9,0.0593,HB,surge,2022-10-14,True,1.2644,0.7834,B,B,False
SKU-02279,Gentle Eye Cream,Health & Beauty,Skincare,602187353461,EA,24,0.15,2.9,4.4,8.0,0.0591,HB,surge,2022-05-11,True,0.8833,0.5472,B,C,True
SKU-02280,Anti-Aging Eye Cream,Health & Beauty,Skincare,555376136138,EA,12,0.29,3.6,2.3,2.8,0.0134,HB,surge,2023-10-03,True,2.3356,1.447,B,B,False
SKU-02281,Daily Moisturizer,Health & Beauty,Skincare,066721597242,EA,24,0.45,2.1,3.4,6.7,0.0277,HB,surge,2023-09-30,True,23.9978,14.8674,A,A,False
SKU-02282,Reviving Serum,Health & Beauty,Skincare,477624836855,EA,12,0.11,4.7,1.8,6.5,0.0318,HB,surge,2023-10-19,True,0.8776,0.5437,B,C,True
SKU-02283,Hydrating Exfoliant,Health & Beauty,Skincare,484994748733,EA,48,0.22,3.3,2.4,6.2,0.0284,HB,surge,2023-08-28,True,0.7286,0.4514,C,C,False
SKU-02284,Brightening Toner,Health & Beauty,Skincare,850292216898,EA,48,0.84,3.4,2.1,4.1,0.0169,HB,surge,2022-06-28,True,2.6375,1.634,B,B,False
SKU-02285,Reviving SPF 30 Sunscreen,Health & Beauty,Skincare,653782299355,EA,24,1.0,2.8,1.4,5.0,0.0113,HB,surge,2022-08-14,True,5.4004,3.3457,A,A,False
SKU-02286,Hydrating Moisturizer,Health & Beauty,Skincare,886333683546,EA,24,0.68,6.5,4.0,6.7,0.1008,HB,surge,2024-01-26,True,0.8088,0.5011,B,C,True
SKU-02287,Gentle Eye Cream,Health & Beauty,Skincare,924164229611,EA,6,0.32,4.7,4.9,3.7,0.0493,HB,surge,2024-08-05,True,1.1763,0.7287,B,B,False
SKU-02288,Anti-Aging Exfoliant,Health & Beauty,Skincare,673860082477,EA,6,0.17,2.2,4.3,7.4,0.0405,HB,surge,2023-06-01,True,1.7377,1.0766,B,B,False
SKU-02289,Reviving Exfoliant,Health & Beauty,Skincare,649920457550,EA,24,0.48,3.6,1.5,4.5,0.0141,HB,surge,2024-05-01,True,0.8285,0.5133,B,C,True
SKU-02290,Daily Eye Cream,Health & Beauty,Skincare,828848218669,EA,6,0.57,5.0,1.9,2.2,0.0121,HB,surge,2024-11-01,True,3.2087,1.9879,A,B,True
SKU-02291,Anti-Aging Toner,Health & Beauty,Skincare,288553688161,EA,12,0.24,2.1,1.7,6.9,0.0143,HB,surge,2025-02-06,True,20.5282,12.7179,A,A,False
SKU-02292,Brightening Toner,Health & Beauty,Skincare,616358394501,EA,12,1.04,6.3,3.5,6.4,0.0817,HB,surge,2022-04-03,True,1.8838,1.167,B,B,False
SKU-02293,Hydrating Eye Cream,Health & Beauty,Skincare,160652011594,EA,24,0.53,3.9,1.5,2.1,0.0071,HB,surge,2024-05-31,True,6.5659,4.0678,A,A,False
SKU-02294,Reviving Moisturizer,Health & Beauty,Skincare,666860392455,EA,48,0.34,7.2,4.9,4.1,0.0837,HB,surge,2023-08-29,True,1.163,0.7205,B,B,False
SKU-02295,Gentle Serum,Health & Beauty,Skincare,957918363183,EA,6,0.37,6.7,3.9,2.6,0.0393,HB,surge,2024-11-27,True,0.8733,0.541,B,C,True
SKU-02296,Hydrating SPF 30 Sunscreen,Health & Beauty,Skincare,695946586423,EA,6,1.0,6.7,4.6,2.4,0.0428,HB,surge,2024-11-22,True,0.9854,0.6105,B,C,True
SKU-02297,Hydrating Serum,Health & Beauty,Skincare,102106194487,EA,12,0.13,2.3,3.8,4.0,0.0202,HB,surge,2022-04-08,True,3.8075,2.3588,A,B,True
SKU-02298,Brightening Exfoliant,Health & Beauty,Skincare,720744910798,EA,48,0.88,6.3,3.5,7.9,0.1008,HB,surge,2022-08-15,True,14.318,8.8704,A,A,False
SKU-02299,Gentle SPF 30 Sunscreen,Health & Beauty,Skincare,425014650608,EA,6,1.11,6.5,3.1,7.6,0.0886,HB,surge,2025-04-20,True,1.1408,0.7068,B,B,False
SKU-02300,Reviving Exfoliant,Health & Beauty,Skincare,767795811021,EA,24,0.98,5.6,4.8,4.1,0.0638,HB,surge,2023-10-20,True,1.1698,0.7247,B,B,False
SKU-02301,Anti-Aging Sheet Mask,Health & Beauty,Skincare,016787572719,EA,6,0.8,5.4,3.9,2.2,0.0268,HB,surge,2022-05-13,True,1.7748,1.0996,B,B,False
SKU-02302,Ultra SPF 30 Sunscreen,Health & Beauty,Skincare,840182593087,EA,24,0.81,3.9,1.1,5.8,0.0144,HB,surge,2022-07-01,True,0.7488,0.4639,C,C,False
SKU-02303,Reviving Eye Cream,Health & Beauty,Skincare,721691074945,EA,6,0.86,2.4,4.4,5.9,0.0361,HB,surge,2022-05-04,True,0.7211,0.4467,C,C,False
SKU-02304,Hydrating Toner,Health & Beauty,Skincare,896933176290,EA,24,0.58,7.1,4.1,2.5,0.0421,HB,surge,2024-09-20,True,1.9987,1.2382,B,B,False
SKU-02305,Brightening Serum,Health & Beauty,Skincare,847862805753,EA,12,0.63,2.3,1.6,7.7,0.0164,HB,surge,2023-12-01,True,5.7562,3.5662,A,A,False
SKU-02306,Brightening Moisturizer,Health & Beauty,Skincare,302764319474,EA,24,1.19,3.9,2.9,5.8,0.038,HB,surge,2023-05-03,True,3.8989,2.4155,A,B,True
SKU-02307,Reviving Serum,Health & Beauty,Skincare,779091121014,EA,12,1.13,6.6,2.5,7.8,0.0745,HB,surge,2024-04-18,True,2.0778,1.2873,B,B,False
SKU-02308,Ultra Cleanser,Health & Beauty,Skincare,155030165426,EA,48,1.17,4.8,1.8,7.8,0.039,HB,surge,2022-08-31,True,0.9468,0.5866,B,C,True
SKU-02309,Reviving Serum,Health & Beauty,Skincare,919414054346,EA,24,0.85,7.2,4.0,6.0,0.1,HB,surge,2024-02-17,True,3.331,2.0637,A,B,True
SKU-02310,Brightening Exfoliant,Health & Beauty,Skincare,271633284987,EA,12,0.71,4.4,4.6,4.2,0.0492,HB,surge,2022-05-08,True,1.4532,0.9003,B,B,False
SKU-02311,Ultra Toner,Health & Beauty,Skincare,288795850406,EA,6,0.58,7.5,4.5,6.6,0.1289,HB,surge,2024-05-06,True,1.137,0.7044,B,B,False
SKU-02312,Ultra Cleanser,Health & Beauty,Skincare,426683208373,EA,12,0.91,5.0,2.4,2.9,0.0201,HB,surge,2024-08-20,True,0.9978,0.6182,B,C,True
SKU-02313,Gentle Cleanser,Health & Beauty,Skincare,211340667002,EA,12,0.41,6.2,4.0,7.8,0.1119,HB,surge,2023-07-05,True,0.7344,0.455,C,C,False
SKU-02314,Hydrating Eye Cream,Health & Beauty,Skincare,933235609044,EA,12,0.49,5.3,3.6,7.0,0.0773,HB,surge,2024-09-08,True,0.6955,0.4308,C,C,False
SKU-02315,Reviving Exfoliant,Health & Beauty,Skincare,851982874179,EA,12,0.11,6.1,4.3,2.9,0.044,HB,surge,2025-05-21,True,2.8232,1.7491,A,B,True
SKU-02316,Brightening Exfoliant,Health & Beauty,Skincare,072864914219,EA,24,0.42,7.9,3.7,3.3,0.0558,HB,surge,2024-11-14,True,11.5515,7.1565,A,A,False
SKU-02317,Gentle Serum,Health & Beauty,Skincare,132001705021,EA,12,0.44,2.9,1.4,5.1,0.012,HB,surge,2023-01-02,True,2.7615,1.7108,A,B,True
SKU-02318,Hydrating Toner,Health & Beauty,Skincare,261992209000,EA,12,0.12,3.8,3.3,6.5,0.0472,HB,surge,2022-04-06,True,0.7074,0.4383,C,C,False
SKU-02319,Brightening Exfoliant,Health & Beauty,Skincare,347804813509,EA,12,0.73,6.8,4.9,7.1,0.1369,HB,surge,2022-11-16,True,6.0635,3.7565,A,A,False
SKU-02320,Gentle Exfoliant,Health & Beauty,Skincare,931153881962,EA,12,0.54,7.1,2.9,6.1,0.0727,HB,surge,2024-11-09,True,0.909,0.5631,B,C,True
SKU-02321,Hydrating Exfoliant,Health & Beauty,Skincare,305069659272,EA,6,0.18,6.5,3.1,5.3,0.0618,HB,surge,2024-08-13,True,1.4228,0.8815,B,B,False
SKU-02322,Daily Cleanser,Health & Beauty,Skincare,137523644882,EA,24,0.17,2.3,3.9,3.6,0.0187,HB,surge,2022-11-08,True,1.4992,0.9288,B,B,False
SKU-02323,Brightening Eye Cream,Health & Beauty,Skincare,442791263002,EA,48,0.39,3.1,1.3,6.1,0.0142,HB,surge,2023-06-08,True,1.2982,0.8043,B,B,False
SKU-02324,Daily SPF 30 Sunscreen,Health & Beauty,Skincare,375160736243,EA,12,0.16,4.3,3.2,6.4,0.051,HB,surge,2024-04-16,True,3.2988,2.0437,A,B,True
SKU-02325,Hydrating Sheet Mask,Health & Beauty,Skincare,823287121128,EA,12,0.54,5.1,1.0,3.8,0.0112,HB,surge,2024-02-28,True,2.0804,1.2889,B,B,False
SKU-02326,Hydrating Moisturizer,Health & Beauty,Skincare,886601145175,EA,24,0.3,6.5,3.6,7.7,0.1043,HB,surge,2022-06-14,True,0.7642,0.4735,C,C,False
SKU-02327,Ultra SPF 30 Sunscreen,Health & Beauty,Skincare,283574849181,EA,24,0.1,7.3,3.2,2.9,0.0392,HB,surge,2023-04-08,True,2.9225,1.8106,A,B,True
SKU-02328,Gentle Exfoliant,Health & Beauty,Skincare,509787332407,EA,24,1.07,6.2,4.4,7.1,0.1121,HB,surge,2022-03-24,True,0.7579,0.4696,C,C,False
SKU-02329,Ultra Eye Cream,Health & Beauty,Skincare,083619297339,EA,24,1.19,4.8,4.2,4.8,0.056,HB,surge,2023-03-03,True,0.7884,0.4885,B,C,True
SKU-02330,Hydrating Exfoliant,Health & Beauty,Skincare,324520141710,EA,24,0.36,2.0,3.7,3.3,0.0141,HB,surge,2023-05-22,True,1.6242,1.0063,B,B,False
SKU-02331,Gentle Exfoliant,Health & Beauty,Skincare,172815443085,EA,24,0.27,7.2,2.6,6.9,0.0748,HB,surge,2023-09-19,True,2.0223,1.2529,B,B,False
SKU-02332,Daily Exfoliant,Health & Beauty,Skincare,651693156357,EA,24,0.77,2.8,3.2,4.7,0.0244,HB,surge,2022-11-02,True,1.7369,1.076,B,B,False
SKU-02333,Brightening Serum,Health & Beauty,Skincare,905473378167,EA,6,0.42,3.6,3.7,6.6,0.0509,HB,surge,2023-04-09,True,1.0866,0.6732,B,B,False
SKU-02334,Daily Serum,Health & Beauty,Skincare,170835210910,EA,24,1.03,7.9,2.9,6.2,0.0822,HB,surge,2022-04-22,True,0.9809,0.6077,B,C,True
SKU-02335,Gentle Sheet Mask,Health & Beauty,Skincare,459382303564,EA,12,0.38,5.0,4.8,6.1,0.0847,HB,surge,2024-09-01,True,0.7632,0.4728,C,C,False
SKU-02336,Daily Moisturizer,Health & Beauty,Skincare,797453430812,EA,12,0.52,7.6,4.4,4.6,0.089,HB,surge,2024-09-04,True,3.5946,2.227,A,B,True
SKU-02337,Anti-Aging SPF 30 Sunscreen,Health & Beauty,Skincare,765057325179,EA,12,1.16,6.4,4.1,6.4,0.0972,HB,surge,2025-04-19,True,0.9973,0.6178,B,C,True
SKU-02338,Gentle Moisturizer,Health & Beauty,Skincare,419387965223,EA,12,0.13,3.9,4.4,7.9,0.0785,HB,surge,2023-06-26,True,0.7021,0.4349,C,C,False
SKU-02339,Gentle Sheet Mask,Health & Beauty,Skincare,964667103265,EA,48,0.14,6.5,2.1,7.0,0.0553,HB,surge,2022-11-24,True,0.7528,0.4663,C,C,False
SKU-02340,Gentle SPF 30 Sunscreen,Health & Beauty,Skincare,403209258427,EA,24,1.03,4.3,4.2,3.3,0.0345,HB,surge,2025-05-10,True,3.0398,1.8833,A,B,True
SKU-02341,Hydrating Toner,Health & Beauty,Skincare,621788095115,EA,24,0.23,2.6,1.5,4.7,0.0106,HB,surge,2025-03-26,True,2.8805,1.7846,A,B,True
SKU-02342,Anti-Aging Cleanser,Health & Beauty,Skincare,386069808916,EA,24,0.36,5.7,2.7,6.1,0.0543,HB,surge,2025-04-01,True,0.8441,0.523,B,C,True
SKU-02343,Gentle Sheet Mask,Health & Beauty,Skincare,880309428698,EA,48,0.53,3.5,4.2,3.4,0.0289,HB,surge,2024-09-10,True,0.8083,0.5008,B,C,True
SKU-02344,Gentle Cleanser,Health & Beauty,Skincare,524889574070,EA,24,0.18,5.3,3.7,6.9,0.0783,HB,surge,2022-03-11,True,2.4168,1.4973,B,B,False
SKU-02345,Daily Cleanser,Health & Beauty,Skincare,772688871420,EA,12,0.91,5.8,4.6,2.2,0.034,HB,surge,2022-06-23,True,1.3989,0.8667,B,B,False
SKU-02346,Daily Sheet Mask,Health & Beauty,Skincare,839906081875,EA,12,0.94,4.1,4.9,3.9,0.0453,HB,surge,2024-07-13,True,1.651,1.0229,B,B,False
SKU-02347,Daily Exfoliant,Health & Beauty,Skincare,805066379441,EA,6,1.03,5.0,3.3,5.2,0.0497,HB,surge,2024-02-01,True,1.4894,0.9227,B,B,False
SKU-02348,Brightening Eye Cream,Health & Beauty,Skincare,344608326150,EA,12,0.95,2.7,3.2,6.2,0.031,HB,surge,2023-01-23,True,0.8642,0.5354,B,C,True
SKU-02349,Ultra SPF 30 Sunscreen,Health & Beauty,Skincare,324206765595,EA,24,1.09,6.1,4.9,6.2,0.1072,HB,surge,2024-01-20,True,0.9981,0.6184,B,C,True
SKU-02350,Gentle Sheet Mask,Health & Beauty,Skincare,735813132899,EA,12,0.48,5.8,4.0,6.9,0.0926,HB,surge,2022-05-27,True,0.712,0.4411,C,C,False
SKU-02351,Reviving Exfoliant,Health & Beauty,Skincare,750095906236,EA,12,0.22,3.7,4.0,6.8,0.0582,HB,surge,2024-12-15,True,0.7592,0.4703,C,C,False
SKU-02352,Reviving Toner,Health & Beauty,Skincare,490598845589,EA,12,0.88,5.7,2.7,4.2,0.0374,HB,surge,2024-12-27,True,0.8239,0.5104,B,C,True
SKU-02353,Daily Cleanser,Health & Beauty,Skincare,196166378764,EA,12,0.39,7.5,2.7,3.6,0.0422,HB,surge,2025-03-31,True,0.8062,0.4994,B,C,True
SKU-02354,Anti-Aging Moisturizer,Health & Beauty,Skincare,354118591319,EA,6,1.03,6.8,1.9,4.0,0.0299,HB,surge,2022-10-27,True,4.4371,2.7489,A,A,False
SKU-02355,Ultra Exfoliant,Health & Beauty,Skincare,506475816744,EA,24,0.9,7.8,2.3,7.5,0.0779,HB,surge,2023-12-06,True,0.7463,0.4624,C,C,False
SKU-02356,Brightening Toner,Health & Beauty,Skincare,092715469672,EA,6,0.74,2.8,1.8,3.1,0.009,HB,surge,2025-02-09,True,1.2088,0.7489,B,B,False
SKU-02357,Brightening Toner,Health & Beauty,Skincare,159497891400,EA,12,0.71,3.6,4.5,3.4,0.0319,HB,surge,2023-04-09,True,28.1626,17.4476,A,A,False
SKU-02358,Daily Exfoliant,Health & Beauty,Skincare,310454891254,EA,12,0.24,2.6,3.6,2.6,0.0141,HB,surge,2023-02-14,True,2.1061,1.3048,B,B,False
SKU-02359,Hydrating SPF 30 Sunscreen,Health & Beauty,Skincare,436136623385,EA,6,1.01,4.1,3.5,5.7,0.0473,HB,surge,2024-11-14,True,0.9618,0.5959,B,C,True
SKU-02360,Gentle Eye Cream,Health & Beauty,Skincare,636339965670,EA,12,0.37,4.7,4.5,6.6,0.0808,HB,surge,2025-01-19,True,1.0835,0.6713,B,B,False
SKU-02361,Brightening Cleanser,Health & Beauty,Skincare,179818240239,EA,12,0.42,7.1,4.6,3.1,0.0586,HB,surge,2024-07-02,True,1.1974,0.7418,B,B,False
SKU-02362,Daily Serum,Health & Beauty,Skincare,359985096997,EA,12,0.38,3.2,3.1,2.6,0.0149,HB,surge,2023-06-10,True,1.9362,1.1995,B,B,False
SKU-02363,Hydrating Sheet Mask,Health & Beauty,Skincare,056923039746,EA,48,1.07,5.3,1.8,7.6,0.042,HB,surge,2023-12-24,True,14.1397,8.76,A,A,False
SKU-02364,Anti-Aging Sheet Mask,Health & Beauty,Skincare,106451226991,EA,24,1.07,5.1,1.1,6.2,0.0201,HB,surge,2022-12-17,True,1.2401,0.7683,B,B,False
SKU-02365,Ultra Toner,Health & Beauty,Skincare,459767631859,EA,24,0.8,3.2,4.7,3.2,0.0279,HB,surge,2023-11-14,True,10.818,6.7021,A,A,False
SKU-02366,Brightening Serum,Health & Beauty,Skincare,418621601490,EA,24,0.82,4.2,2.4,4.8,0.028,HB,surge,2023-08-02,True,425.9597,263.8955,A,A,False
SKU-02367,Reviving Moisturizer,Health & Beauty,Skincare,551277367310,EA,48,0.67,2.8,2.0,2.1,0.0068,HB,surge,2024-05-12,True,1.2806,0.7934,B,B,False
SKU-02368,Anti-Aging SPF 30 Sunscreen,Health & Beauty,Skincare,522899845570,EA,24,0.46,4.0,4.8,3.0,0.0333,HB,surge,2022-10-19,True,0.834,0.5167,B,C,True
SKU-02369,Hydrating Cleanser,Health & Beauty,Skincare,273055204782,EA,12,0.75,4.9,2.2,4.7,0.0293,HB,surge,2022-06-30,True,1.5639,0.9689,B,B,False
SKU-02370,Hydrating Cleanser,Health & Beauty,Skincare,732321832872,EA,12,0.62,4.7,2.4,5.1,0.0333,HB,surge,2022-10-04,True,1.3363,0.8279,B,B,False
SKU-02371,Gentle Eye Cream,Health & Beauty,Skincare,182362036470,EA,12,1.05,6.0,1.1,5.4,0.0206,HB,surge,2024-08-16,True,3.9214,2.4294,A,B,True
SKU-02372,Anti-Aging Sheet Mask,Health & Beauty,Skincare,327131825540,EA,12,0.81,4.8,2.0,7.6,0.0422,HB,surge,2022-08-25,True,0.6872,0.4257,C,C,False
SKU-02373,Reviving Serum,Health & Beauty,Skincare,983266705098,EA,24,1.07,3.9,4.1,5.6,0.0518,HB,surge,2024-06-11,True,1.5199,0.9416,B,B,False
SKU-02374,Reviving Eye Cream,Health & Beauty,Skincare,213602823679,EA,6,0.59,3.4,4.5,4.3,0.0381,HB,surge,2022-12-20,True,1.3807,0.8554,B,B,False
SKU-02375,Brightening Moisturizer,Health & Beauty,Skincare,371478831954,EA,48,0.24,3.9,4.2,3.7,0.0351,HB,surge,2023-01-23,True,1.5019,0.9304,B,B,False
SKU-02376,Ultra Serum,Health & Beauty,Skincare,948149686734,EA,6,0.31,5.2,2.2,2.1,0.0139,HB,surge,2024-07-22,True,0.7644,0.4736,C,C,False
SKU-02377,Gentle Exfoliant,Health & Beauty,Skincare,710021045054,EA,12,0.46,3.2,3.2,6.9,0.0409,HB,surge,2025-01-11,True,2.1915,1.3577,B,B,False
SKU-02378,Reviving Moisturizer,Health & Beauty,Skincare,623287854505,EA,12,0.22,6.3,5.0,3.2,0.0583,HB,surge,2022-05-21,True,0.7421,0.4597,C,C,False
SKU-02379,Hydrating Moisturizer,Health & Beauty,Skincare,716826996975,EA,6,0.14,2.9,2.5,4.9,0.0206,HB,surge,2022-08-27,True,1.3275,0.8224,B,B,False
SKU-02380,Reviving Serum,Health & Beauty,Skincare,270712183336,EA,48,0.91,4.2,3.6,7.7,0.0674,HB,surge,2023-03-21,True,0.89,0.5514,B,C,True
SKU-02381,Daily Moisturizer,Health & Beauty,Skincare,923106415338,EA,12,0.67,3.0,3.8,3.5,0.0231,HB,surge,2023-12-08,True,1.5894,0.9847,B,B,False
SKU-02382,Brightening Moisturizer,Health & Beauty,Skincare,739962585458,EA,12,1.08,5.0,1.7,6.6,0.0325,HB,surge,2024-10-19,True,2.0405,1.2642,B,B,False
SKU-02383,Reviving Cleanser,Health & Beauty,Skincare,241674679621,EA,48,0.8,2.7,4.2,3.4,0.0223,HB,surge,2022-11-29,True,5.6984,3.5304,A,A,False
SKU-02384,Anti-Aging Toner,Health & Beauty,Skincare,284909672024,EA,12,0.57,5.6,1.9,4.5,0.0277,HB,surge,2024-10-08,True,2.0854,1.292,B,B,False
SKU-02385,Ultra Eye Cream,Health & Beauty,Skincare,400892408529,EA,6,0.87,3.0,4.9,3.2,0.0272,HB,surge,2024-07-13,True,1.8223,1.129,B,B,False
SKU-02386,Ultra Exfoliant,Health & Beauty,Skincare,254419762624,EA,12,0.55,3.4,3.2,3.9,0.0246,HB,surge,2024-06-01,True,0.7977,0.4942,B,C,True
SKU-02387,Reviving Exfoliant,Health & Beauty,Skincare,537122951722,EA,12,0.45,5.0,1.8,2.8,0.0146,HB,surge,2022-11-07,True,1.7574,1.0888,B,B,False
SKU-02388,Ultra Moisturizer,Health & Beauty,Skincare,664444137988,EA,24,0.12,8.0,3.1,4.9,0.0703,HB,surge,2023-10-12,True,5.4698,3.3887,A,A,False
SKU-02389,Brightening Sheet Mask,Health & Beauty,Skincare,934918193673,EA,24,1.02,2.9,3.1,4.7,0.0245,HB,surge,2022-12-18,True,1.3576,0.8411,B,B,False
SKU-02390,Anti-Aging Toner,Health & Beauty,Skincare,478041848218,EA,24,0.22,7.1,1.1,6.9,0.0312,HB,surge,2024-10-08,True,4.009,2.4837,A,B,True
SKU-02391,Hydrating Cleanser,Health & Beauty,Skincare,787709148220,EA,12,0.56,3.6,1.5,3.6,0.0113,HB,surge,2023-10-20,True,1.3405,0.8305,B,B,False
SKU-02392,Gentle SPF 30 Sunscreen,Health & Beauty,Skincare,558597531793,EA,12,0.14,2.0,3.4,3.0,0.0118,HB,surge,2025-01-27,True,1.2932,0.8012,B,B,False
SKU-02393,Reviving Serum,Health & Beauty,Skincare,572251719953,EA,12,0.44,2.0,2.8,6.4,0.0207,HB,surge,2024-01-05,True,2.7548,1.7067,A,B,True
SKU-02394,Brightening Exfoliant,Health & Beauty,Skincare,944774090845,EA,24,0.18,6.7,2.8,2.5,0.0271,HB,surge,2022-05-17,True,0.8249,0.5111,B,C,True
SKU-02395,Anti-Aging Eye Cream,Health & Beauty,Skincare,754558890386,EA,12,0.99,4.2,4.1,5.0,0.0498,HB,surge,2023-05-17,True,2.0504,1.2703,B,B,False
SKU-02396,Daily Toner,Health & Beauty,Skincare,000103916883,EA,6,1.08,4.7,1.8,3.2,0.0157,HB,surge,2024-03-16,True,1.8135,1.1236,B,B,False
SKU-02397,Hydrating Eye Cream,Health & Beauty,Skincare,835463342593,EA,48,0.93,3.8,3.9,6.9,0.0592,HB,surge,2023-11-25,True,0.7611,0.4716,C,C,False
SKU-02398,Anti-Aging SPF 30 Sunscreen,Health & Beauty,Skincare,305749174324,EA,6,0.65,2.1,1.7,5.2,0.0107,HB,surge,2023-04-21,True,1.202,0.7447,B,B,False
SKU-02399,Anti-Aging Cleanser,Health & Beauty,Skincare,637986789799,EA,12,0.85,7.9,3.0,3.5,0.048,HB,surge,2023-10-13,True,0.8283,0.5132,B,C,True
SKU-02400,Brightening SPF 30 Sunscreen,Health & Beauty,Skincare,257725573767,EA,48,1.14,7.3,4.4,7.6,0.1413,HB,surge,2024-01-06,True,8.1329,5.0386,A,A,False
SKU-02401,Reviving Cleanser,Health & Beauty,Skincare,281784656626,EA,48,0.98,7.3,3.5,4.7,0.0695,HB,surge,2024-05-23,True,0.9242,0.5726,B,C,True
SKU-02402,Brightening SPF 30 Sunscreen,Health & Beauty,Skincare,898421877091,EA,24,0.42,7.3,4.7,4.4,0.0874,HB,surge,2022-05-17,True,2.4306,1.5058,B,B,False
SKU-02403,Gentle SPF 30 Sunscreen,Health & Beauty,Skincare,460383959649,EA,12,0.67,3.6,2.9,5.5,0.0332,HB,surge,2024-02-18,True,6.2298,3.8595,A,A,False
SKU-02404,Gentle Sheet Mask,Health & Beauty,Skincare,560950816688,EA,48,1.06,8.0,2.4,2.2,0.0244,HB,surge,2025-02-09,True,11.5124,7.1323,A,A,False
SKU-02405,Hydrating Exfoliant,Health & Beauty,Skincare,546845992220,EA,24,0.5,3.4,4.9,6.1,0.0588,HB,surge,2024-01-06,True,0.6964,0.4315,C,C,False
SKU-02406,Brightening Serum,Health & Beauty,Skincare,778525818986,EA,12,0.32,7.0,3.1,3.7,0.0465,HB,surge,2022-08-25,True,8.4348,5.2257,A,A,False
SKU-02407,Ultra Moisturizer,Health & Beauty,Skincare,617982130545,EA,48,0.94,5.0,1.0,6.0,0.0174,HB,surge,2023-04-16,True,24.1679,14.9728,A,A,False
SKU-02408,Hydrating Sheet Mask,Health & Beauty,Skincare,359862321077,EA,12,0.96,6.5,4.6,4.8,0.0831,HB,surge,2023-03-09,True,3.4491,2.1368,A,B,True
SKU-02409,Anti-Aging SPF 30 Sunscreen,Health & Beauty,Skincare,514739471849,EA,24,0.4,2.8,1.2,4.9,0.0095,HB,surge,2023-01-06,True,0.8422,0.5218,B,C,True
SKU-02410,Reviving Toner,Health & Beauty,Skincare,409618669436,EA,48,0.72,6.9,3.3,4.6,0.0606,HB,surge,2022-10-13,True,1.0482,0.6494,B,C,True
SKU-02411,Gentle Serum,Health & Beauty,Skincare,894168415954,EA,12,0.94,4.9,2.4,4.4,0.0299,HB,surge,2023-01-14,True,2.2433,1.3898,B,B,False
SKU-02412,Gentle Serum,Health & Beauty,Skincare,328296163297,EA,24,0.9,6.6,4.2,2.2,0.0353,HB,surge,2024-05-22,True,0.706,0.4374,C,C,False
SKU-02413,Ultra Toner,Health & Beauty,Skincare,099615423798,EA,12,0.48,4.4,4.0,2.1,0.0214,HB,surge,2023-10-13,True,2.5699,1.5921,B,B,False
SKU-02414,Daily Serum,Health & Beauty,Skincare,670308949689,EA,24,0.42,4.3,2.7,3.8,0.0255,HB,surge,2023-12-17,True,0.7221,0.4474,C,C,False
SKU-02415,Ultra Eye Cream,Health & Beauty,Skincare,883739129262,EA,12,0.29,5.3,3.0,6.7,0.0616,HB,surge,2023-03-29,True,1.8963,1.1748,B,B,False
SKU-02416,Gentle SPF 30 Sunscreen,Health & Beauty,Skincare,120321704363,EA,12,0.36,2.5,4.9,3.9,0.0276,HB,surge,2022-10-16,True,1.8331,1.1356,B,B,False
SKU-02417,Ultra Eye Cream,Health & Beauty,Skincare,690481807168,EA,24,0.58,6.4,3.9,6.7,0.0968,HB,surge,2023-07-20,True,1.2302,0.7622,B,B,False
SKU-02418,Ultra Sheet Mask,Health & Beauty,Skincare,116897841406,EA,12,0.25,2.8,4.6,5.1,0.038,HB,surge,2024-04-21,True,0.8481,0.5254,B,C,True
SKU-02419,Anti-Aging Serum,Health & Beauty,Skincare,194090473226,EA,24,1.2,6.7,3.6,6.1,0.0851,HB,surge,2023-10-11,True,1.6344,1.0125,B,B,False
SKU-02420,Reviving Eye Cream,Health & Beauty,Skincare,518481068977,EA,6,0.45,3.4,4.1,3.0,0.0242,HB,surge,2023-06-16,True,42.596,26.3896,A,A,False
SKU-02421,Daily Toner,Health & Beauty,Skincare,026181325088,EA,24,0.53,7.9,4.5,6.9,0.142,HB,surge,2024-10-17,True,0.7775,0.4817,B,C,True
SKU-02422,Ultra SPF 30 Sunscreen,Health & Beauty,Skincare,320859860446,EA,24,0.35,7.3,4.8,3.3,0.0669,HB,surge,2022-11-21,True,0.767,0.4752,C,C,False
SKU-02423,Gentle Cleanser,Health & Beauty,Skincare,112706322333,EA,24,0.22,4.6,4.4,6.2,0.0726,HB,surge,2022-03-16,True,1.028,0.6369,B,C,True
SKU-02424,Daily Exfoliant,Health & Beauty,Skincare,098948048273,EA,24,0.3,7.0,3.1,7.3,0.0917,HB,surge,2023-04-18,True,2.0152,1.2485,B,B,False
SKU-02425,Ultra Sheet Mask,Health & Beauty,Skincare,111315856886,EA,6,0.48,4.6,1.3,6.6,0.0228,HB,surge,2022-11-10,True,2.9051,1.7998,A,B,True
SKU-02426,Reviving SPF 30 Sunscreen,Health & Beauty,Skincare,480902074452,EA,24,0.43,2.8,4.0,2.9,0.0188,HB,surge,2024-01-03,True,0.8837,0.5475,B,C,True
SKU-02427,Reviving Cleanser,Health & Beauty,Skincare,439206078729,EA,6,0.81,7.9,2.2,6.2,0.0624,HB,surge,2025-01-16,True,0.8241,0.5106,B,C,True
SKU-02428,Anti-Aging Moisturizer,Health & Beauty,Skincare,712713966974,EA,24,0.69,3.7,4.3,2.4,0.0221,HB,surge,2023-09-06,True,9.3106,5.7682,A,A,False
SKU-02429,Hydrating Sheet Mask,Health & Beauty,Skincare,551725321800,EA,12,1.17,6.5,1.8,6.8,0.046,HB,surge,2022-07-18,True,2.2612,1.4009,B,B,False
SKU-02430,Gentle Toner,Health & Beauty,Skincare,213363255419,EA,24,1.0,7.8,1.1,4.6,0.0228,HB,surge,2024-07-01,True,3.302,2.0457,A,B,True
SKU-02431,Daily Eye Cream,Health & Beauty,Skincare,972776785960,EA,12,0.56,6.2,2.1,6.3,0.0475,HB,surge,2023-10-18,True,0.7986,0.4948,B,C,True
SKU-02432,Brightening Moisturizer,Health & Beauty,Skincare,113417001158,EA,48,0.99,2.0,3.2,6.0,0.0222,HB,surge,2022-10-18,True,1.3317,0.825,B,B,False
SKU-02433,Daily Eye Cream,Health & Beauty,Skincare,023947606689,EA,24,0.75,4.5,1.4,6.9,0.0252,HB,surge,2022-07-28,True,2.0033,1.2411,B,B,False
SKU-02434,Daily Sheet Mask,Health & Beauty,Skincare,753269459282,EA,12,0.77,3.0,3.7,6.0,0.0385,HB,surge,2024-06-27,True,0.8123,0.5033,B,C,True
SKU-02435,Reviving Toner,Health & Beauty,Skincare,823183748487,EA,12,0.61,3.4,3.1,3.2,0.0195,HB,surge,2023-11-03,True,2.7023,1.6742,A,B,True
SKU-02436,Hydrating Serum,Health & Beauty,Skincare,144607359332,EA,24,0.86,2.2,2.7,2.5,0.0086,HB,surge,2022-04-27,True,1.8703,1.1587,B,B,False
SKU-02437,Reviving Eye Cream,Health & Beauty,Skincare,095380673300,EA,6,0.32,2.3,1.5,8.0,0.016,HB,surge,2023-12-04,True,1.6407,1.0164,B,B,False
SKU-02438,Brightening Eye Cream,Health & Beauty,Skincare,156000182143,EA,48,0.57,4.2,3.6,6.4,0.056,HB,surge,2025-01-20,True,1.079,0.6685,B,B,False
SKU-02439,Ultra SPF 30 Sunscreen,Health & Beauty,Skincare,631796828899,EA,12,0.35,4.9,1.9,6.0,0.0323,HB,surge,2025-01-01,True,0.7962,0.4933,B,C,True
SKU-02440,Daily Moisturizer,Health & Beauty,Skincare,802270334833,EA,12,0.84,5.8,3.7,2.2,0.0273,HB,surge,2024-02-17,True,0.8189,0.5074,B,C,True
SKU-02441,Ultra Serum,Health & Beauty,Skincare,846381193363,EA,24,0.39,4.5,4.2,7.0,0.0766,HB,surge,2024-01-05,True,0.8751,0.5422,B,C,True
SKU-02442,Reviving Sheet Mask,Health & Beauty,Skincare,424262496779,EA,48,0.19,4.0,4.7,2.4,0.0261,HB,surge,2022-08-22,True,0.988,0.6121,B,C,True
SKU-02443,Anti-Aging Sheet Mask,Health & Beauty,Skincare,875554263185,EA,24,0.79,5.4,3.0,6.1,0.0572,HB,surge,2023-09-22,True,0.9714,0.6018,B,C,True
SKU-02444,Hydrating Serum,Health & Beauty,Skincare,538340114237,EA,24,0.69,5.1,4.0,6.5,0.0767,HB,surge,2022-10-31,True,0.9605,0.595,B,C,True
SKU-02445,Reviving Moisturizer,Health & Beauty,Skincare,142723306246,EA,24,0.37,7.2,2.5,6.8,0.0708,HB,surge,2022-06-12,True,1.1446,0.7092,B,B,False
SKU-02446,Gentle Eye Cream,Health & Beauty,Skincare,384424905110,EA,12,0.79,6.6,1.1,6.6,0.0277,HB,surge,2023-01-17,True,1.3453,0.8335,B,B,False
SKU-02447,Daily Serum,Health & Beauty,Skincare,854968226964,EA,6,0.98,2.7,4.7,7.0,0.0514,HB,surge,2024-11-21,True,1.2192,0.7553,B,B,False
SKU-02448,Gentle Sheet Mask,Health & Beauty,Skincare,551368418545,EA,24,0.32,6.1,5.0,4.7,0.083,HB,surge,2025-05-20,True,1.0964,0.6793,B,B,False
SKU-02449,Brightening Cleanser,Health & Beauty,Skincare,281140365506,EA,6,1.13,7.8,2.9,6.4,0.0838,HB,surge,2023-07-22,True,4.6049,2.8529,A,A,False
SKU-02450,Anti-Aging Eye Cream,Health & Beauty,Skincare,045778843642,EA,6,0.9,2.9,1.9,3.4,0.0108,HB,surge,2023-11-12,True,1.6336,1.0121,B,B,False
SKU-02451,Anti-Aging Toner,Health & Beauty,Skincare,731677254818,EA,12,1.14,3.6,4.2,2.3,0.0201,HB,surge,2023-05-30,True,5.5409,3.4328,A,A,False
SKU-02452,Ultra SPF 30 Sunscreen,Health & Beauty,Skincare,033331905478,EA,24,0.48,4.2,3.5,5.9,0.0502,HB,surge,2022-12-07,True,2.9709,1.8406,A,B,True
SKU-02453,Daily Cleanser,Health & Beauty,Skincare,682624460002,EA,24,1.19,6.0,1.9,6.1,0.0402,HB,surge,2024-11-18,True,3.8375,2.3774,A,B,True
SKU-02454,Hydrating Sheet Mask,Health & Beauty,Skincare,673805739496,EA,12,0.55,7.4,1.8,2.4,0.0185,HB,surge,2022-09-22,True,1.0025,0.6211,B,C,True
SKU-02455,Daily Cleanser,Health & Beauty,Skincare,901955432302,EA,48,0.31,7.4,3.6,6.4,0.0987,HB,surge,2024-11-12,True,0.9001,0.5576,B,C,True
SKU-02456,Reviving Sheet Mask,Health & Beauty,Skincare,579511546617,EA,48,0.14,3.6,3.0,6.0,0.0375,HB,surge,2024-05-07,True,2.6498,1.6417,B,B,False
SKU-02457,Gentle Moisturizer,Health & Beauty,Skincare,546909381849,EA,12,1.12,6.8,4.4,6.0,0.1039,HB,surge,2022-12-30,True,0.8785,0.5443,B,C,True
SKU-02458,Brightening SPF 30 Sunscreen,Health & Beauty,Skincare,041559345107,EA,12,0.32,5.2,3.5,6.6,0.0695,HB,surge,2024-03-23,True,0.6938,0.4298,C,C,False
SKU-02459,Reviving SPF 30 Sunscreen,Health & Beauty,Skincare,438406739427,EA,6,0.37,5.8,4.8,3.9,0.0628,HB,surge,2022-03-26,True,1.5072,0.9337,B,B,False
SKU-02460,Hydrating Moisturizer,Health & Beauty,Skincare,489301507047,EA,12,0.45,5.5,4.2,3.3,0.0441,HB,surge,2023-03-24,True,0.7173,0.4444,C,C,False
SKU-02461,Hydrating SPF 30 Sunscreen,Health & Beauty,Skincare,683317882441,EA,6,0.97,6.5,2.5,7.6,0.0715,HB,surge,2024-04-26,True,0.9626,0.5964,B,C,True
SKU-02462,Brightening Exfoliant,Health & Beauty,Skincare,922905379323,EA,24,1.19,6.3,4.1,7.5,0.1121,HB,surge,2024-03-27,True,0.766,0.4745,C,C,False
SKU-02463,Brightening Exfoliant,Health & Beauty,Skincare,797060453676,EA,24,0.48,2.4,2.2,5.9,0.018,HB,surge,2022-04-09,True,0.7007,0.4341,C,C,False
SKU-02464,Hydrating Sheet Mask,Health & Beauty,Skincare,653953613108,EA,12,0.35,4.9,4.7,5.7,0.076,HB,surge,2022-08-23,True,0.6983,0.4326,C,C,False
SKU-02465,Ultra SPF 30 Sunscreen,Health & Beauty,Skincare,589408570227,EA,24,0.36,4.7,3.3,2.8,0.0251,HB,surge,2023-01-06,True,0.9767,0.6051,B,C,True
SKU-02466,Daily SPF 30 Sunscreen,Health & Beauty,Skincare,873317874342,EA,6,0.44,3.5,4.3,6.1,0.0531,HB,surge,2024-01-03,True,1.4204,0.88,B,B,False
SKU-02467,Reviving Eye Cream,Health & Beauty,Skincare,885177455659,EA,6,0.91,3.2,4.5,3.5,0.0292,HB,surge,2025-03-21,True,7.4894,4.6399,A,A,False
SKU-02468,Daily Exfoliant,Health & Beauty,Skincare,207794092349,EA,12,0.26,2.5,3.1,6.8,0.0305,HB,surge,2023-08-09,True,2.0057,1.2426,B,B,False
SKU-02469,Ultra SPF 30 Sunscreen,Health & Beauty,Skincare,746364688771,EA,12,1.19,5.8,2.4,6.8,0.0548,HB,surge,2022-09-13,True,4.4956,2.7852,A,A,False
SKU-02470,Gentle Exfoliant,Health & Beauty,Skincare,067260433806,EA,12,0.57,2.5,1.6,2.4,0.0056,HB,surge,2023-10-31,True,1.0348,0.6411,B,C,True
SKU-02471,Ultra SPF 30 Sunscreen,Health & Beauty,Skincare,405360117714,EA,24,0.91,2.5,4.5,3.1,0.0202,HB,surge,2025-05-13,True,0.733,0.4541,C,C,False
SKU-02472,Reviving Toner,Health & Beauty,Skincare,680795828421,EA,48,0.81,6.2,4.6,2.9,0.0479,HB,surge,2023-02-02,True,0.7145,0.4427,C,C,False
SKU-02473,Brightening Toner,Health & Beauty,Skincare,749549321657,EA,6,0.87,3.1,2.0,7.4,0.0266,HB,surge,2024-05-13,True,4.0567,2.5133,A,B,True
SKU-02474,Gentle Exfoliant,Health & Beauty,Skincare,149734026494,EA,48,0.44,7.4,1.4,2.9,0.0174,HB,surge,2023-01-22,True,7.1142,4.4074,A,A,False
SKU-02475,Brightening Moisturizer,Health & Beauty,Skincare,471550564636,EA,12,1.06,3.9,3.8,6.2,0.0532,HB,surge,2024-06-26,True,1.4663,0.9084,B,B,False
SKU-02476,Ultra Cleanser,Health & Beauty,Skincare,423052694583,EA,6,0.21,3.1,1.9,3.0,0.0102,HB,surge,2023-01-30,True,2.3681,1.4671,B,B,False
SKU-02477,Gentle Exfoliant,Health & Beauty,Skincare,156114016246,EA,12,0.62,2.2,3.2,3.8,0.0155,HB,surge,2024-08-28,True,0.6895,0.4272,C,C,False
SKU-02478,Hydrating Toner,Health & Beauty,Skincare,687559724754,EA,24,0.56,2.4,3.7,5.2,0.0267,HB,surge,2024-03-08,True,0.8156,0.5053,B,C,True
SKU-02479,Daily Sheet Mask,Health & Beauty,Skincare,958236542270,EA,6,0.9,7.7,4.0,4.0,0.0713,HB,surge,2022-06-04,True,1.3763,0.8527,B,B,False
SKU-02480,Hydrating SPF 30 Sunscreen,Health & Beauty,Skincare,513762414292,EA,12,0.19,4.0,1.8,5.0,0.0208,HB,surge,2023-05-02,True,6.7747,4.1971,A,A,False
SKU-02481,Hydrating Moisturizer,Health & Beauty,Skincare,226553357870,EA,12,0.33,6.2,2.7,3.2,0.031,HB,surge,2024-02-16,True,2.0741,1.2849,B,B,False
SKU-02482,Anti-Aging Eye Cream,Health & Beauty,Skincare,256680045724,EA,24,0.56,3.5,2.8,5.4,0.0306,HB,surge,2023-04-14,True,0.7575,0.4693,C,C,False
SKU-02483,Hydrating Toner,Health & Beauty,Skincare,759092803560,EA,12,0.75,4.8,1.3,5.8,0.0209,HB,surge,2022-09-09,True,1.7395,1.0777,B,B,False
SKU-02484,Hydrating Sheet Mask,Health & Beauty,Skincare,284662985507,EA,48,1.14,7.9,1.9,5.0,0.0434,HB,surge,2022-04-13,True,1.6422,1.0174,B,B,False
SKU-02485,Anti-Aging Sheet Mask,Health & Beauty,Skincare,468534553529,EA,24,1.2,5.0,1.6,5.7,0.0264,HB,surge,2022-09-15,True,0.7086,0.439,C,C,False
SKU-02486,Anti-Aging Eye Cream,Health & Beauty,Skincare,803737545969,EA,6,0.53,5.4,3.3,5.1,0.0526,HB,surge,2022-10-13,True,0.7859,0.4869,B,C,True
SKU-02487,Gentle Serum,Health & Beauty,Skincare,962181047725,EA,48,1.12,4.9,4.7,7.6,0.1013,HB,surge,2022-10-29,True,2.0957,1.2984,B,B,False
SKU-02488,Reviving Toner,Health & Beauty,Skincare,939918141508,EA,12,0.95,3.2,1.5,6.2,0.0172,HB,surge,2022-08-06,True,2.4014,1.4878,B,B,False
SKU-02489,Brightening SPF 30 Sunscreen,Health & Beauty,Skincare,853789414425,EA,12,0.71,7.8,3.1,2.2,0.0308,HB,surge,2022-07-25,True,2.064,1.2787,B,B,False
SKU-02490,Hydrating Eye Cream,Health & Beauty,Skincare,586891890429,EA,12,0.89,3.4,4.4,6.0,0.0519,HB,surge,2024-10-15,True,1.6878,1.0456,B,B,False
SKU-02491,Anti-Aging Cleanser,Health & Beauty,Skincare,438028749579,EA,24,0.97,3.8,1.2,8.0,0.0211,HB,surge,2023-11-06,True,1.5308,0.9484,B,B,False
SKU-02492,Brightening Exfoliant,Health & Beauty,Skincare,151350433993,EA,48,0.17,6.1,3.8,3.2,0.0429,HB,surge,2024-09-03,True,0.8164,0.5058,B,C,True
SKU-02493,Hydrating Moisturizer,Health & Beauty,Skincare,943311916264,EA,6,1.14,4.3,4.8,7.3,0.0872,HB,surge,2024-03-12,True,0.8387,0.5196,B,C,True
SKU-02494,Daily Sheet Mask,Health & Beauty,Skincare,321747044594,EA,12,0.98,3.8,2.7,2.7,0.016,HB,surge,2022-07-09,True,2.8186,1.7462,A,B,True
SKU-02495,Hydrating Serum,Health & Beauty,Skincare,059145353189,EA,12,0.53,6.3,1.9,4.6,0.0319,HB,surge,2025-02-02,True,0.8184,0.507,B,C,True
SKU-02496,Gentle Exfoliant,Health & Beauty,Skincare,569766645107,EA,12,1.08,4.9,1.9,2.7,0.0145,HB,surge,2022-08-06,True,1.1812,0.7318,B,B,False
SKU-02497,Daily Eye Cream,Health & Beauty,Skincare,465101272905,EA,24,0.53,7.0,3.5,5.2,0.0737,HB,surge,2025-03-19,True,4.0424,2.5043,A,B,True
SKU-02498,Daily Exfoliant,Health & Beauty,Skincare,103731042731,EA,12,0.17,4.8,3.6,2.9,0.029,HB,surge,2023-12-20,True,0.9645,0.5976,B,C,True
SKU-02499,Anti-Aging SPF 30 Sunscreen,Health & Beauty,Skincare,803102182706,EA,24,0.22,4.1,4.6,6.1,0.0666,HB,surge,2024-11-24,True,5.3749,3.3299,A,A,False
SKU-02500,Gentle Toner,Health & Beauty,Skincare,946533824606,EA,24,1.12,6.8,2.0,4.4,0.0346,HB,surge,2023-12-21,True,1.9177,1.188,B,B,False
SKU-02501,Reviving Toner,Health & Beauty,Skincare,158967579441,EA,48,0.64,2.3,2.8,6.8,0.0253,HB,surge,2022-06-19,True,0.9022,0.559,B,C,True
SKU-02502,Daily Exfoliant,Health & Beauty,Skincare,013385096895,EA,12,0.83,7.5,3.5,4.7,0.0714,HB,surge,2023-12-14,True,1.054,0.653,B,C,True
SKU-02503,Reviving Exfoliant,Health & Beauty,Skincare,255800195600,EA,24,0.14,4.1,4.9,6.4,0.0744,HB,surge,2023-02-16,True,0.9058,0.5612,B,C,True
SKU-02504,Ultra Exfoliant,Health & Beauty,Skincare,060450689236,EA,24,0.19,5.8,2.2,3.3,0.0244,HB,surge,2023-06-09,True,1.6021,0.9926,B,B,False
SKU-02505,Brightening Sheet Mask,Health & Beauty,Skincare,340610637506,EA,6,0.16,8.0,2.8,3.2,0.0415,HB,surge,2024-05-20,True,5.9575,3.6908,A,A,False
SKU-02506,Hydrating SPF 30 Sunscreen,Health & Beauty,Skincare,939232560594,EA,24,0.54,3.3,2.2,6.1,0.0256,HB,surge,2023-05-13,True,0.9958,0.6169,B,C,True
SKU-02507,Gentle Cleanser,Health & Beauty,Skincare,481273958508,EA,12,0.81,2.1,2.4,3.5,0.0102,HB,surge,2024-02-23,True,2.4928,1.5444,B,B,False
SKU-02508,Gentle Sheet Mask,Health & Beauty,Skincare,668401990661,EA,24,0.41,5.6,3.9,8.0,0.1011,HB,surge,2023-12-01,True,2.3276,1.4421,B,B,False
SKU-02509,Daily Serum,Health & Beauty,Skincare,721939220498,EA,12,0.72,3.3,3.9,5.9,0.0439,HB,surge,2024-02-01,True,136.3071,84.4466,A,A,False
SKU-02510,Ultra Exfoliant,Health & Beauty,Skincare,735750527291,EA,48,1.15,3.2,3.9,5.6,0.0404,HB,surge,2025-04-12,True,1.3813,0.8558,B,B,False
SKU-02511,Ultra Eye Cream,Health & Beauty,Skincare,984097106064,EA,48,0.49,3.3,1.5,2.9,0.0083,HB,surge,2024-03-01,True,0.9975,0.618,B,C,True
SKU-02512,Ultra Moisturizer,Health & Beauty,Skincare,380157956243,EA,6,0.7,6.2,2.2,3.2,0.0253,HB,surge,2024-03-14,True,25.8158,15.9937,A,A,False
SKU-02513,Reviving Toner,Health & Beauty,Skincare,527135898407,EA,48,0.75,7.9,2.3,7.7,0.081,HB,surge,2023-11-16,True,0.8996,0.5573,B,C,True
SKU-02514,Ultra Serum,Health & Beauty,Skincare,255965436856,EA,12,1.04,6.9,3.7,5.7,0.0842,HB,surge,2023-08-07,True,10.0226,6.2093,A,A,False
SKU-02515,Daily Eye Cream,Health & Beauty,Skincare,580688831963,EA,48,0.85,4.1,2.7,3.2,0.0205,HB,surge,2024-04-03,True,2.6664,1.6519,A,B,True
SKU-02516,Daily Moisturizer,Health & Beauty,Skincare,626338740771,EA,24,1.16,5.9,4.7,5.7,0.0915,HB,surge,2024-02-09,True,1.0209,0.6325,B,C,True
SKU-02517,Ultra Moisturizer,Health & Beauty,Skincare,303118745247,EA,24,1.02,7.6,2.3,3.0,0.0303,HB,surge,2022-11-05,True,5.5863,3.4609,A,A,False
SKU-02518,Brightening Serum,Health & Beauty,Skincare,782199860911,EA,24,0.5,7.4,2.9,3.6,0.0447,HB,surge,2024-02-21,True,0.7458,0.4621,C,C,False
SKU-02519,Daily Cleanser,Health & Beauty,Skincare,468323752765,EA,24,1.06,7.0,4.5,3.7,0.0674,HB,surge,2024-08-25,True,0.9364,0.5801,B,C,True
SKU-02520,Reviving Exfoliant,Health & Beauty,Skincare,081247397770,EA,24,0.99,7.9,2.5,7.1,0.0811,HB,surge,2023-06-14,True,0.9041,0.5601,B,C,True
SKU-02521,Daily Serum,Health & Beauty,Skincare,989439341810,EA,24,0.96,5.7,1.1,2.7,0.0098,HB,surge,2022-09-11,True,1.9318,1.1968,B,B,False
SKU-02522,Hydrating Toner,Health & Beauty,Skincare,977504992734,EA,24,1.04,4.2,2.2,7.5,0.0401,HB,surge,2023-10-18,True,2.5431,1.5755,B,B,False
SKU-02523,Hydrating Eye Cream,Health & Beauty,Skincare,235231394744,EA,24,0.21,6.9,4.4,4.1,0.072,HB,surge,2025-01-13,True,15.4894,9.5962,A,A,False
SKU-02524,Reviving Cleanser,Health & Beauty,Skincare,199558910338,EA,24,0.25,6.3,1.8,4.1,0.0269,HB,surge,2022-10-16,True,2.6233,1.6252,B,B,False
SKU-02525,Brightening Exfoliant,Health & Beauty,Skincare,905285006201,EA,6,0.9,5.5,2.1,5.5,0.0368,HB,surge,2024-04-12,True,0.8026,0.4972,B,C,True
SKU-02526,Hydrating Sheet Mask,Health & Beauty,Skincare,980147506692,EA,6,1.04,7.7,1.7,3.4,0.0258,HB,surge,2022-12-27,True,1.8213,1.1284,B,B,False
SKU-02527,Gentle Serum,Health & Beauty,Skincare,693461453248,EA,12,0.67,3.1,2.6,5.1,0.0238,HB,surge,2022-09-19,True,2.3582,1.461,B,B,False
SKU-02528,Gentle Serum,Health & Beauty,Skincare,763464452567,EA,24,0.24,5.5,3.8,3.5,0.0423,HB,surge,2023-12-09,True,1.3549,0.8394,B,B,False
SKU-02529,Anti-Aging SPF 30 Sunscreen,Health & Beauty,Skincare,955473900580,EA,24,0.89,4.9,3.7,3.6,0.0378,HB,surge,2024-02-20,True,1.1571,0.7169,B,B,False
SKU-02530,Brightening SPF 30 Sunscreen,Health & Beauty,Skincare,097900923210,EA,6,0.51,5.8,4.9,7.1,0.1168,HB,surge,2022-09-04,True,2.9453,1.8247,A,B,True
SKU-02531,Hydrating Sheet Mask,Health & Beauty,Skincare,944189467301,EA,48,1.08,5.6,4.6,6.3,0.0939,HB,surge,2022-10-30,True,3.164,1.9602,A,B,True
SKU-02532,Gentle Eye Cream,Health & Beauty,Skincare,499667292882,EA,24,0.98,5.3,5.0,4.3,0.0659,HB,surge,2022-08-11,True,0.7418,0.4595,C,C,False
SKU-02533,Hydrating Moisturizer,Health & Beauty,Skincare,559420814712,EA,24,0.69,2.3,3.7,5.0,0.0246,HB,surge,2023-05-18,True,0.8263,0.5119,B,C,True
SKU-02534,Hydrating Toner,Health & Beauty,Skincare,881903105654,EA,24,0.7,3.3,2.1,4.3,0.0172,HB,surge,2023-10-23,True,4.33,2.6825,A,A,False
SKU-02535,Anti-Aging Toner,Health & Beauty,Skincare,242349038051,EA,24,0.59,5.9,2.2,7.4,0.0556,HB,surge,2023-02-06,True,5.171,3.2036,A,A,False
SKU-02536,Brightening Eye Cream,Health & Beauty,Skincare,533493457796,EA,48,0.72,5.2,1.3,3.0,0.0117,HB,surge,2023-06-06,True,0.7349,0.4553,C,C,False
SKU-02537,Reviving Moisturizer,Health & Beauty,Skincare,875455481330,EA,6,0.71,3.2,3.4,3.0,0.0189,HB,surge,2022-07-14,True,5.6794,3.5186,A,A,False
SKU-02538,Brightening Eye Cream,Health & Beauty,Skincare,551867955778,EA,24,0.5,4.4,2.2,4.5,0.0252,HB,surge,2025-03-14,True,2.1872,1.355,B,B,False
SKU-02539,Gentle Toner,Health & Beauty,Skincare,378894206122,EA,12,0.75,2.3,2.2,6.6,0.0193,HB,surge,2024-03-12,True,4.8336,2.9946,A,A,False
SKU-02540,Hydrating Sheet Mask,Health & Beauty,Skincare,819783118442,EA,12,0.68,5.9,1.7,3.1,0.018,HB,surge,2024-03-15,True,1.4868,0.9211,B,B,False
SKU-02541,Brightening Serum,Health & Beauty,Skincare,002916146572,EA,24,1.01,4.0,1.7,3.4,0.0134,HB,surge,2024-02-04,True,0.822,0.5092,B,C,True
SKU-02542,Ultra Serum,Health & Beauty,Skincare,372052514252,EA,12,0.45,6.9,4.0,3.7,0.0591,HB,surge,2022-07-03,True,1.1401,0.7063,B,B,False
SKU-02543,Anti-Aging SPF 30 Sunscreen,Health & Beauty,Skincare,427153511156,EA,48,0.46,4.1,1.4,2.4,0.008,HB,surge,2022-05-15,True,0.8077,0.5004,B,C,True
SKU-02544,Hydrating Sheet Mask,Health & Beauty,Skincare,660519918466,EA,6,0.11,6.2,3.6,5.5,0.071,HB,surge,2022-06-23,True,0.9613,0.5955,B,C,True
SKU-02545,Brightening SPF 30 Sunscreen,Health & Beauty,Skincare,188715079019,EA,24,0.64,7.9,3.6,6.2,0.102,HB,surge,2022-10-01,True,1.0596,0.6565,B,C,True
SKU-02546,Anti-Aging Eye Cream,Health & Beauty,Skincare,320668563349,EA,12,0.8,2.4,2.2,3.5,0.0107,HB,surge,2022-08-16,True,1.6778,1.0395,B,B,False
SKU-02547,Gentle Moisturizer,Health & Beauty,Skincare,718636933938,EA,48,0.85,4.4,3.7,4.4,0.0415,HB,surge,2023-07-10,True,2.4516,1.5188,B,B,False
SKU-02548,Hydrating Cleanser,Health & Beauty,Skincare,153041021674,EA,24,0.17,2.1,3.6,6.9,0.0302,HB,surge,2025-01-22,True,1.4217,0.8808,B,B,False
SKU-02549,Brightening Cleanser,Health & Beauty,Skincare,557931317573,EA,48,0.65,7.2,2.8,2.9,0.0338,HB,surge,2022-07-09,True,1.6181,1.0025,B,B,False
SKU-02550,Gentle SPF 30 Sunscreen,Health & Beauty,Skincare,841286987013,EA,6,0.88,2.9,4.5,5.9,0.0446,HB,surge,2022-05-23,True,1.1674,0.7232,B,B,False
SKU-02551,Hydrating Eye Cream,Health & Beauty,Skincare,373102752631,EA,24,0.52,2.2,1.4,6.1,0.0109,HB,surge,2023-12-05,True,0.9116,0.5648,B,C,True
SKU-02552,Hydrating Sheet Mask,Health & Beauty,Skincare,784348361969,EA,12,0.72,2.3,1.9,7.5,0.019,HB,surge,2023-05-31,True,14.816,9.179,A,A,False
SKU-02553,Gentle SPF 30 Sunscreen,Health & Beauty,Skincare,063058991286,EA,24,0.61,2.9,3.1,4.4,0.0229,HB,surge,2022-10-26,True,0.8528,0.5283,B,C,True
SKU-02554,Hydrating Exfoliant,Health & Beauty,Skincare,046472078633,EA,12,0.71,7.6,3.0,3.6,0.0475,HB,surge,2024-01-14,True,3.7242,2.3073,A,B,True
SKU-02555,Hydrating SPF 30 Sunscreen,Health & Beauty,Skincare,081955476901,EA,12,0.51,4.7,3.1,4.0,0.0337,HB,surge,2024-10-12,True,0.9678,0.5996,B,C,True
SKU-02556,Ultra Cleanser,Health & Beauty,Skincare,849113103522,EA,6,0.18,4.7,2.3,5.4,0.0338,HB,surge,2025-01-10,True,0.7636,0.473,C,C,False
SKU-02557,Hydrating Eye Cream,Health & Beauty,Skincare,083491964008,EA,12,0.17,6.3,2.0,6.0,0.0437,HB,surge,2022-12-12,True,10.3892,6.4365,A,A,False
SKU-02558,Daily Moisturizer,Health & Beauty,Skincare,515793289832,EA,24,0.54,3.6,3.8,5.4,0.0428,HB,surge,2024-07-27,True,12.0413,7.4599,A,A,False
SKU-02559,Brightening Toner,Health & Beauty,Skincare,660080371515,EA,24,0.54,6.8,1.5,3.9,0.023,HB,surge,2024-08-03,True,0.7447,0.4614,C,C,False
SKU-02560,Anti-Aging SPF 30 Sunscreen,Health & Beauty,Skincare,702408123924,EA,24,0.68,5.3,2.7,7.8,0.0646,HB,surge,2024-11-19,True,0.8547,0.5295,B,C,True
SKU-02561,Gentle Moisturizer,Health & Beauty,Skincare,054154744240,EA,24,0.2,4.0,4.7,7.6,0.0827,HB,surge,2024-03-01,True,2.835,1.7564,A,B,True
SKU-02562,Reviving Cleanser,Health & Beauty,Skincare,609646917856,EA,24,0.51,6.2,2.6,2.1,0.0196,HB,surge,2024-11-22,True,1.087,0.6734,B,B,False
SKU-02563,Reviving Toner,Health & Beauty,Skincare,652227577886,EA,12,0.42,7.8,2.6,3.4,0.0399,HB,surge,2023-03-01,True,1.4058,0.8709,B,B,False
SKU-02564,Anti-Aging Toner,Health & Beauty,Skincare,498975640156,EA,12,0.45,7.3,1.6,3.5,0.0237,HB,surge,2025-04-15,True,29.632,18.3579,A,A,False
SKU-02565,Reviving Cleanser,Health & Beauty,Skincare,299712608402,EA,12,0.45,4.5,4.6,7.8,0.0934,HB,surge,2023-04-16,True,4.2122,2.6096,A,A,False
SKU-02566,Daily SPF 30 Sunscreen,Health & Beauty,Skincare,271572065581,EA,12,0.51,7.3,2.5,4.3,0.0454,HB,surge,2023-11-22,True,0.9114,0.5646,B,C,True
SKU-02567,Daily Exfoliant,Health & Beauty,Skincare,755913188822,EA,12,1.11,3.3,2.7,3.7,0.0191,HB,surge,2022-11-30,True,5.4436,3.3725,A,A,False
SKU-02568,Hydrating Serum,Health & Beauty,Skincare,918226439667,EA,24,1.19,7.7,3.4,2.9,0.0439,HB,surge,2024-10-22,True,2.6334,1.6315,B,B,False
SKU-02569,Reviving Exfoliant,Health & Beauty,Skincare,415269695891,EA,24,1.1,2.4,2.1,6.9,0.0201,HB,surge,2024-07-27,True,0.7796,0.483,B,C,True
SKU-02570,Reviving Eye Cream,Health & Beauty,Skincare,376015908042,EA,12,0.36,3.1,4.9,3.0,0.0264,HB,surge,2022-06-04,True,1.2501,0.7745,B,B,False
SKU-02571,Ultra Toner,Health & Beauty,Skincare,961486581919,EA,24,0.8,5.9,2.2,6.3,0.0473,HB,surge,2023-10-28,True,0.8402,0.5205,B,C,True
SKU-02572,Hydrating Serum,Health & Beauty,Skincare,837695360960,EA,12,0.14,3.4,1.8,3.8,0.0135,HB,surge,2025-05-05,True,11.9989,7.4337,A,A,False
SKU-02573,Gentle Eye Cream,Health & Beauty,Skincare,919519349510,EA,24,0.83,5.3,2.9,7.1,0.0632,HB,surge,2024-04-08,True,1.0085,0.6248,B,C,True
SKU-02574,Daily Eye Cream,Health & Beauty,Skincare,668038031782,EA,24,0.15,5.4,3.4,7.7,0.0818,HB,surge,2022-12-14,True,1.2162,0.7534,B,B,False
SKU-02575,Reviving SPF 30 Sunscreen,Health & Beauty,Skincare,623346027077,EA,12,1.12,2.5,3.2,5.2,0.0241,HB,surge,2023-05-21,True,4.6363,2.8723,A,A,False
SKU-02576,Anti-Aging Cleanser,Health & Beauty,Skincare,653231799817,EA,48,0.38,7.8,4.6,7.8,0.162,HB,surge,2023-10-02,True,1.0154,0.6291,B,C,True
SKU-02577,Daily Eye Cream,Health & Beauty,Skincare,965724073072,EA,12,0.52,6.2,1.0,5.1,0.0183,HB,surge,2024-12-03,True,0.6976,0.4322,C,C,False
SKU-02578,Hydrating Toner,Health & Beauty,Skincare,042417619320,EA,12,0.47,4.1,2.5,4.8,0.0285,HB,surge,2025-04-18,True,1.5646,0.9693,B,B,False
SKU-02579,Ultra Moisturizer,Health & Beauty,Skincare,225168359748,EA,6,0.77,7.3,2.2,4.4,0.0409,HB,surge,2023-07-03,True,0.7684,0.476,B,C,True
SKU-02580,Anti-Aging Moisturizer,Health & Beauty,Skincare,168433664243,EA,6,0.3,6.3,4.0,4.5,0.0656,HB,surge,2024-02-02,True,10.4211,6.4562,A,A,False
SKU-02581,Gentle Moisturizer,Health & Beauty,Skincare,727531544671,EA,12,0.78,7.1,3.5,6.4,0.092,HB,surge,2022-07-01,True,1.5953,0.9884,B,B,False
SKU-02582,Reviving Toner,Health & Beauty,Skincare,854129166496,EA,48,0.56,6.0,2.9,6.4,0.0644,HB,surge,2024-07-20,True,3.227,1.9992,A,B,True
SKU-02583,Ultra Eye Cream,Health & Beauty,Skincare,375969371745,EA,24,0.95,4.5,4.2,3.6,0.0394,HB,surge,2025-01-18,True,3.6022,2.2317,A,B,True
SKU-02584,Gentle Cleanser,Health & Beauty,Skincare,611504885201,EA,12,0.72,5.4,1.3,6.1,0.0248,HB,surge,2023-08-16,True,22.7178,14.0744,A,A,False
SKU-02585,Daily Sheet Mask,Health & Beauty,Skincare,977212159689,EA,24,0.61,3.0,3.5,7.4,0.045,HB,surge,2025-01-19,True,262.1291,162.3972,A,A,False
SKU-02586,Ultra Sheet Mask,Health & Beauty,Skincare,241714683901,EA,6,0.7,7.9,1.4,7.8,0.0499,HB,surge,2022-12-29,True,13.6307,8.4447,A,A,False
SKU-02587,Ultra Eye Cream,Health & Beauty,Skincare,838221226152,EA,6,0.12,3.7,3.2,5.6,0.0384,HB,surge,2022-10-04,True,0.9695,0.6006,B,C,True
SKU-02588,Reviving Exfoliant,Health & Beauty,Skincare,619026539364,EA,12,0.42,7.4,2.0,5.0,0.0428,HB,surge,2022-11-24,True,5.4523,3.3779,A,A,False
SKU-02589,Anti-Aging Cleanser,Health & Beauty,Skincare,499163749901,EA,6,0.54,2.5,2.1,5.5,0.0167,HB,surge,2022-11-05,True,1.9893,1.2324,B,B,False
SKU-02590,Ultra Sheet Mask,Health & Beauty,Skincare,715213130736,EA,24,0.9,3.8,4.1,5.4,0.0487,HB,surge,2022-10-05,True,1.0405,0.6446,B,C,True
SKU-02591,Anti-Aging Cleanser,Health & Beauty,Skincare,301326173006,EA,24,0.66,4.1,1.3,6.8,0.021,HB,surge,2024-12-12,True,0.9993,0.6191,B,C,True
SKU-02592,Gentle Sheet Mask,Health & Beauty,Skincare,558284495025,EA,12,0.93,6.4,4.0,2.4,0.0356,HB,surge,2024-11-09,True,1.224,0.7583,B,B,False
SKU-02593,Hydrating Toner,Health & Beauty,Skincare,496869411973,EA,12,0.66,5.1,2.8,5.8,0.0479,HB,surge,2025-04-12,True,1.838,1.1387,B,B,False
SKU-02594,Ultra Serum,Health & Beauty,Skincare,950252988593,EA,24,0.58,3.5,4.0,2.5,0.0203,HB,surge,2022-12-31,True,0.9826,0.6088,B,C,True
SKU-02595,Daily Exfoliant,Health & Beauty,Skincare,633271217909,EA,48,1.04,4.7,1.7,8.0,0.037,HB,surge,2023-10-05,True,1.1082,0.6866,B,B,False
SKU-02596,Hydrating Serum,Health & Beauty,Skincare,694191577741,EA,6,0.86,7.0,3.2,6.0,0.0778,HB,surge,2024-06-02,True,0.717,0.4442,C,C,False
SKU-02597,Ultra Toner,Health & Beauty,Skincare,046606803424,EA,48,0.85,5.0,4.6,7.0,0.0932,HB,surge,2022-07-07,True,18.4199,11.4117,A,A,False
SKU-02598,Gentle Exfoliant,Health & Beauty,Skincare,405378133635,EA,48,1.07,2.3,4.4,5.7,0.0334,HB,surge,2023-07-01,True,1.1759,0.7285,B,B,False
SKU-02599,Reviving SPF 30 Sunscreen,Health & Beauty,Skincare,113437148722,EA,48,0.63,4.9,4.6,4.5,0.0587,HB,surge,2023-07-10,True,1.1991,0.7428,B,B,False
SKU-02600,Daily Moisturizer,Health & Beauty,Skincare,871356848314,EA,6,1.05,5.2,3.5,6.1,0.0642,HB,surge,2024-01-30,True,0.7776,0.4818,B,C,True
SKU-02601,Reviving Moisturizer,Health & Beauty,Skincare,628615172468,EA,24,0.13,6.5,3.3,2.8,0.0348,HB,surge,2025-02-20,True,1.549,0.9596,B,B,False
SKU-02602,Daily Serum,Health & Beauty,Skincare,888130780119,EA,24,0.77,4.2,2.2,7.7,0.0412,HB,surge,2024-07-01,True,1.7869,1.1071,B,B,False
SKU-02603,Reviving Exfoliant,Health & Beauty,Skincare,143972368226,EA,48,0.55,2.3,3.2,3.1,0.0132,HB,surge,2024-06-17,True,3.0183,1.8699,A,B,True
SKU-02604,Ultra Moisturizer,Health & Beauty,Skincare,828120171148,EA,24,0.85,6.6,4.5,7.5,0.1289,HB,surge,2022-04-19,True,1.4193,0.8793,B,B,False
SKU-02605,Anti-Aging SPF 30 Sunscreen,Health & Beauty,Skincare,044278966130,EA,24,0.26,3.7,3.1,4.6,0.0305,HB,surge,2022-12-11,True,1.3966,0.8652,B,B,False
SKU-02606,Reviving Sheet Mask,Health & Beauty,Skincare,575827456187,EA,12,0.12,7.3,3.1,7.6,0.0995,HB,surge,2023-06-29,True,3.712,2.2997,A,B,True
SKU-02607,Gentle Toner,Health & Beauty,Skincare,818424886589,EA,24,0.6,5.4,1.9,4.4,0.0261,HB,surge,2022-04-15,True,0.7856,0.4867,B,C,True
SKU-02608,Reviving Serum,Health & Beauty,Skincare,142062564003,EA,6,0.15,5.6,2.2,7.1,0.0506,HB,surge,2022-08-06,True,0.9097,0.5636,B,C,True
SKU-02609,Hydrating Exfoliant,Health & Beauty,Skincare,613149866378,EA,24,0.13,6.2,3.7,3.9,0.0518,HB,surge,2025-01-21,True,200.4517,124.1861,A,A,False
SKU-02610,Anti-Aging Cleanser,Health & Beauty,Skincare,365247585472,EA,24,0.24,3.2,4.1,4.5,0.0342,HB,surge,2023-05-15,True,1.0289,0.6374,B,C,True
SKU-02611,Gentle Serum,Health & Beauty,Skincare,176272664794,EA,12,0.38,2.9,3.5,5.1,0.03,HB,surge,2023-12-21,True,0.6883,0.4264,C,C,False
SKU-02612,Brightening Serum,Health & Beauty,Skincare,153053878560,EA,24,0.24,4.8,4.8,2.7,0.036,HB,surge,2023-12-10,True,0.7381,0.4573,C,C,False
SKU-02613,Reviving Eye Cream,Health & Beauty,Skincare,647578017520,EA,48,0.19,4.2,4.1,3.5,0.0349,HB,surge,2025-02-01,True,2.8636,1.7741,A,B,True
SKU-02614,Ultra Sheet Mask,Health & Beauty,Skincare,247822437723,EA,24,0.34,6.3,1.2,7.7,0.0337,HB,surge,2023-10-06,True,0.8426,0.522,B,C,True
SKU-02615,Brightening Moisturizer,Health & Beauty,Skincare,662616353718,EA,12,0.99,5.9,4.3,2.5,0.0367,HB,surge,2024-08-26,True,0.8016,0.4966,B,C,True
SKU-02616,Reviving Eye Cream,Health & Beauty,Skincare,842399198524,EA,24,0.22,2.4,1.6,5.9,0.0131,HB,surge,2024-07-09,True,0.8295,0.5139,B,C,True
SKU-02617,Reviving Cleanser,Health & Beauty,Skincare,947266346362,EA,24,0.61,4.5,1.0,6.6,0.0172,HB,surge,2025-03-13,True,0.8443,0.5231,B,C,True
SKU-02618,Brightening Exfoliant,Health & Beauty,Skincare,883488440155,EA,24,0.65,4.3,1.2,6.9,0.0206,HB,surge,2024-05-21,True,1.2706,0.7872,B,B,False
SKU-02619,Anti-Aging Serum,Health & Beauty,Skincare,314890697037,EA,48,0.6,7.8,2.4,3.3,0.0357,HB,surge,2024-06-12,True,2.7261,1.6889,A,B,True
SKU-02620,Anti-Aging Exfoliant,Health & Beauty,Skincare,514565428667,EA,12,0.37,3.1,1.5,2.4,0.0065,HB,surge,2022-04-01,True,0.7108,0.4404,C,C,False
SKU-02621,Ultra Cleanser,Health & Beauty,Skincare,299616994432,EA,24,0.58,4.2,4.9,7.7,0.0917,HB,surge,2022-03-26,True,5.0559,3.1323,A,A,False
SKU-02622,Hydrating Cleanser,Health & Beauty,Skincare,330631418799,EA,48,1.03,2.3,1.4,7.3,0.0136,HB,surge,2023-10-12,True,1.0301,0.6382,B,C,True
SKU-02623,Reviving SPF 30 Sunscreen,Health & Beauty,Skincare,443938947079,EA,12,0.15,3.4,1.9,7.6,0.0284,HB,surge,2025-05-10,True,0.7122,0.4412,C,C,False
SKU-02624,Hydrating Eye Cream,Health & Beauty,Skincare,938675322544,EA,12,1.04,4.5,2.2,4.4,0.0252,HB,surge,2022-06-09,True,65.5323,40.5993,A,A,False
SKU-02625,Daily Exfoliant,Health & Beauty,Skincare,406078436804,EA,12,1.08,5.7,4.9,4.3,0.0695,HB,surge,2025-05-08,True,1.1516,0.7135,B,B,False
SKU-02626,Brightening Cleanser,Health & Beauty,Skincare,166337939802,EA,12,0.68,5.6,2.8,7.0,0.0635,HB,surge,2023-04-03,True,0.9109,0.5643,B,C,True
SKU-02627,Ultra Toner,Health & Beauty,Skincare,467500325724,EA,12,0.56,2.6,3.5,4.3,0.0226,HB,surge,2023-11-23,True,3.9532,2.4491,A,B,True
SKU-02628,Hydrating Toner,Health & Beauty,Skincare,058554069702,EA,24,0.1,3.8,3.7,7.3,0.0594,HB,surge,2023-02-06,True,6.14,3.8039,A,A,False
SKU-02629,Ultra Moisturizer,Health & Beauty,Skincare,527190810073,EA,12,0.37,2.2,1.3,2.3,0.0038,HB,surge,2022-10-02,True,1.3757,0.8523,B,B,False
SKU-02630,Brightening Eye Cream,Health & Beauty,Skincare,815393744664,EA,6,0.71,2.4,2.5,4.6,0.016,HB,surge,2025-02-24,True,2.4445,1.5145,B,B,False
SKU-02631,Daily Cleanser,Health & Beauty,Skincare,190540175116,EA,24,0.16,7.3,3.8,5.9,0.0947,HB,surge,2024-02-08,True,0.7504,0.4649,C,C,False
SKU-02632,Daily Eye Cream,Health & Beauty,Skincare,716153181736,EA,24,0.13,2.3,2.6,5.6,0.0194,HB,surge,2024-01-10,True,7.3441,4.5499,A,A,False
SKU-02633,Brightening Serum,Health & Beauty,Skincare,483480653254,EA,12,0.59,3.4,1.5,2.1,0.0062,HB,surge,2023-03-27,True,3.967,2.4577,A,B,True
SKU-02634,Ultra Eye Cream,Health & Beauty,Skincare,364813970946,EA,6,0.99,6.2,4.6,3.4,0.0561,HB,surge,2024-11-10,True,5.1946,3.2182,A,A,False
SKU-02635,Ultra Exfoliant,Health & Beauty,Skincare,336294778525,EA,12,0.39,6.1,4.5,2.1,0.0334,HB,surge,2023-06-09,True,1.1746,0.7277,B,B,False
SKU-02636,Hydrating SPF 30 Sunscreen,Health & Beauty,Skincare,281402146691,EA,12,0.67,6.1,1.4,2.1,0.0104,HB,surge,2023-09-17,True,0.9131,0.5657,B,C,True
SKU-02637,Ultra Serum,Health & Beauty,Skincare,573803215818,EA,48,0.22,7.2,3.2,6.9,0.092,HB,surge,2022-07-23,True,1.2451,0.7713,B,B,False
SKU-02638,Reviving Sheet Mask,Health & Beauty,Skincare,315708859316,EA,24,1.19,5.6,3.0,6.8,0.0661,HB,surge,2022-06-16,True,0.8586,0.5319,B,C,True
SKU-02639,Gentle SPF 30 Sunscreen,Health & Beauty,Skincare,365530649803,EA,12,0.27,3.9,3.7,7.0,0.0585,HB,surge,2024-03-02,True,1.556,0.964,B,B,False
SKU-02640,Anti-Aging Moisturizer,Health & Beauty,Skincare,041684987101,EA,12,0.49,4.2,2.6,6.6,0.0417,HB,surge,2024-01-30,True,1.5105,0.9358,B,B,False
SKU-02641,Ultra Exfoliant,Health & Beauty,Skincare,122954076816,EA,12,1.17,6.2,3.5,4.3,0.054,HB,surge,2024-08-22,True,2.6033,1.6128,B,B,False
SKU-02642,Gentle Sheet Mask,Health & Beauty,Skincare,341871907178,EA,48,0.42,2.1,4.9,7.0,0.0417,HB,surge,2024-11-15,True,1.837,1.1381,B,B,False
SKU-02643,Daily Serum,Health & Beauty,Skincare,323819424988,EA,12,0.17,3.1,2.7,5.0,0.0242,HB,surge,2022-07-20,True,0.8317,0.5153,B,C,True
SKU-02644,Ultra Cleanser,Health & Beauty,Skincare,872257068400,EA,6,0.17,7.0,3.3,2.2,0.0294,HB,surge,2022-07-16,True,0.776,0.4808,B,C,True
SKU-02645,Hydrating Eye Cream,Health & Beauty,Skincare,058979211171,EA,12,0.26,7.0,3.8,2.4,0.0369,HB,surge,2022-12-19,True,0.7901,0.4895,B,C,True
SKU-02646,Gentle Exfoliant,Health & Beauty,Skincare,434731463539,EA,48,0.28,2.4,2.6,7.8,0.0282,HB,surge,2023-02-03,True,1.7511,1.0849,B,B,False
SKU-02647,Anti-Aging Serum,Health & Beauty,Skincare,598408506888,EA,48,0.23,4.4,1.0,3.4,0.0087,HB,surge,2023-04-18,True,1.3724,0.8502,B,B,False
SKU-02648,Gentle Cleanser,Health & Beauty,Skincare,895862537314,EA,12,0.23,7.3,4.6,3.2,0.0622,HB,surge,2022-07-16,True,1.1439,0.7087,B,B,False
SKU-02649,Anti-Aging Moisturizer,Health & Beauty,Skincare,149726725318,EA,12,1.06,3.1,3.2,5.2,0.0299,HB,surge,2024-05-05,True,0.9637,0.597,B,C,True
SKU-02650,Daily Serum,Health & Beauty,Skincare,837646748033,EA,24,0.59,7.8,4.4,6.2,0.1231,HB,surge,2023-10-05,True,1.1247,0.6968,B,B,False
SKU-02651,Ultra Cleanser,Health & Beauty,Skincare,751440598989,EA,6,1.15,6.4,1.4,3.8,0.0197,HB,surge,2024-01-06,True,0.9215,0.5709,B,C,True
SKU-02652,Ultra SPF 30 Sunscreen,Health & Beauty,Skincare,416288861905,EA,24,1.02,6.3,3.0,2.5,0.0273,HB,surge,2025-02-11,True,1.5682,0.9715,B,B,False
SKU-02653,Hydrating Cleanser,Health & Beauty,Skincare,310548253077,EA,24,0.63,2.7,4.6,3.7,0.0266,HB,surge,2025-04-12,True,4.0232,2.4925,A,B,True
SKU-02654,Brightening Toner,Health & Beauty,Skincare,804296225006,EA,24,0.76,5.7,1.8,4.7,0.0279,HB,surge,2023-01-04,True,0.9237,0.5723,B,C,True
SKU-02655,Anti-Aging Eye Cream,Health & Beauty,Skincare,650734395653,EA,24,1.05,7.3,3.0,4.4,0.0558,HB,surge,2022-11-05,True,0.7614,0.4717,C,C,False
SKU-02656,Hydrating Moisturizer,Health & Beauty,Skincare,567067235390,EA,12,0.27,7.6,2.4,6.1,0.0644,HB,surge,2022-10-17,True,1.9123,1.1847,B,B,False
SKU-02657,Hydrating Exfoliant,Health & Beauty,Skincare,202950781579,EA,24,1.05,2.8,4.3,7.4,0.0516,HB,surge,2024-04-21,True,1.1906,0.7377,B,B,False
SKU-02658,Gentle Serum,Health & Beauty,Skincare,464600417141,EA,48,0.5,7.0,3.8,5.6,0.0862,HB,surge,2022-09-08,True,2.165,1.3413,B,B,False
SKU-02659,Daily Sheet Mask,Health & Beauty,Skincare,107038814733,EA,24,0.53,4.9,1.4,7.2,0.0286,HB,surge,2022-11-25,True,13.4161,8.3117,A,A,False
SKU-02660,Reviving Eye Cream,Health & Beauty,Skincare,383286010769,EA,12,0.16,4.0,2.9,5.8,0.0389,HB,surge,2025-03-27,True,2.1929,1.3585,B,B,False
SKU-02661,Brightening Moisturizer,Health & Beauty,Skincare,843782891808,EA,48,0.19,6.7,4.5,5.9,0.1029,HB,surge,2022-08-25,True,0.7711,0.4777,B,C,True
SKU-02662,Gentle Cleanser,Health & Beauty,Skincare,536322640571,EA,12,1.13,2.4,4.6,3.5,0.0224,HB,surge,2024-03-27,True,1.0873,0.6736,B,B,False
SKU-02663,Anti-Aging Serum,Health & Beauty,Skincare,072652457400,EA,24,0.48,6.0,3.3,6.3,0.0722,HB,surge,2022-07-10,True,3.1407,1.9458,A,B,True
SKU-02664,Reviving Sheet Mask,Health & Beauty,Skincare,626998303056,EA,12,0.2,7.9,1.1,6.4,0.0322,HB,surge,2024-11-27,True,0.9938,0.6157,B,C,True
SKU-02665,Daily Cleanser,Health & Beauty,Skincare,647188404372,EA,6,0.12,7.8,3.5,2.1,0.0332,HB,surge,2022-03-31,True,7.7979,4.831,A,A,False
SKU-02666,Hydrating Exfoliant,Health & Beauty,Skincare,320889722249,EA,24,0.19,6.3,2.9,6.9,0.073,HB,surge,2023-12-31,True,1.3203,0.818,B,B,False
SKU-02667,Reviving Moisturizer,Health & Beauty,Skincare,237544177588,EA,24,1.02,7.1,2.2,3.1,0.028,HB,surge,2025-01-20,True,3.8462,2.3828,A,B,True
SKU-02668,Ultra Exfoliant,Health & Beauty,Skincare,891352364704,EA,12,0.58,2.1,1.5,4.0,0.0073,HB,surge,2024-06-18,True,5.6512,3.5011,A,A,False
SKU-02669,Daily Moisturizer,Health & Beauty,Skincare,967892325875,EA,12,0.43,3.1,2.5,3.0,0.0135,HB,surge,2023-01-19,True,1.6566,1.0263,B,B,False
SKU-02670,Hydrating Serum,Health & Beauty,Skincare,491790653065,EA,24,1.08,6.0,4.0,4.3,0.0597,HB,surge,2025-02-07,True,1.4372,0.8904,B,B,False
SKU-02671,Hydrating SPF 30 Sunscreen,Health & Beauty,Skincare,327304056963,EA,24,0.79,4.7,3.2,5.9,0.0514,HB,surge,2023-06-29,True,8.0942,5.0146,A,A,False
SKU-02672,Anti-Aging Moisturizer,Health & Beauty,Skincare,383452651105,EA,24,1.11,6.3,2.3,4.5,0.0377,HB,surge,2022-03-18,True,3.7365,2.3149,A,B,True
SKU-02673,Reviving Toner,Health & Beauty,Skincare,294838621130,EA,24,1.17,5.7,4.5,6.9,0.1024,HB,surge,2023-04-11,True,1.6729,1.0364,B,B,False
SKU-02674,Hydrating Exfoliant,Health & Beauty,Skincare,459466106756,EA,6,1.13,8.0,4.4,7.0,0.1426,HB,surge,2024-11-04,True,4.6426,2.8762,A,A,False
SKU-02675,Hydrating Eye Cream,Health & Beauty,Skincare,229831135488,EA,12,0.8,5.6,4.2,7.0,0.0953,HB,surge,2022-07-02,True,2.2764,1.4103,B,B,False
SKU-02676,Daily SPF 30 Sunscreen,Health & Beauty,Skincare,925164893305,EA,12,0.12,6.4,4.5,7.7,0.1283,HB,surge,2022-03-14,True,12.7629,7.907,A,A,False
SKU-02677,Hydrating Moisturizer,Health & Beauty,Skincare,721236710192,EA,24,0.6,5.8,5.0,4.2,0.0705,HB,surge,2023-08-28,True,14.6883,9.0998,A,A,False
SKU-02678,Ultra Serum,Health & Beauty,Skincare,774620743265,EA,24,1.03,5.2,4.1,7.7,0.095,HB,surge,2022-05-05,True,0.9053,0.5609,B,C,True
SKU-02679,Daily Serum,Health & Beauty,Skincare,472155446616,EA,12,0.45,3.0,4.3,7.9,0.059,HB,surge,2022-10-20,True,3.0811,1.9088,A,B,True
SKU-02680,Anti-Aging SPF 30 Sunscreen,Health & Beauty,Skincare,888414533051,EA,48,0.36,7.8,1.9,2.7,0.0232,HB,surge,2022-12-12,True,1.0058,0.6231,B,C,True
SKU-02681,Gentle Moisturizer,Health & Beauty,Skincare,187724991460,EA,12,0.35,8.0,4.1,7.1,0.1348,HB,surge,2023-06-24,True,170.3839,105.5582,A,A,False
SKU-02682,Daily SPF 30 Sunscreen,Health & Beauty,Skincare,525113210507,EA,6,0.22,5.9,5.0,6.1,0.1041,HB,surge,2023-04-12,True,1.7245,1.0684,B,B,False
SKU-02683,Brightening Serum,Health & Beauty,Skincare,641326332184,EA,24,0.78,4.6,1.7,5.8,0.0262,HB,surge,2024-06-17,True,0.9932,0.6153,B,C,True
SKU-02684,Gentle SPF 30 Sunscreen,Health & Beauty,Skincare,605199155748,EA,12,0.91,2.3,4.4,4.8,0.0281,HB,surge,2024-05-12,True,19.0373,11.7942,A,A,False
SKU-02685,Gentle SPF 30 Sunscreen,Health & Beauty,Skincare,897698406431,EA,24,0.7,5.9,4.4,4.5,0.0676,HB,surge,2022-06-20,True,5.0039,3.1001,A,A,False
SKU-02686,Daily Moisturizer,Health & Beauty,Skincare,331782389759,EA,24,0.36,6.3,1.3,3.2,0.0152,HB,surge,2023-03-21,True,1.2537,0.7767,B,B,False
SKU-02687,Anti-Aging Serum,Health & Beauty,Skincare,089011462833,EA,24,0.8,5.6,1.4,5.1,0.0231,HB,surge,2022-08-06,True,0.8831,0.5471,B,C,True
SKU-02688,Gentle Sheet Mask,Health & Beauty,Skincare,257942901985,EA,12,0.47,4.8,4.8,4.5,0.06,HB,surge,2022-04-17,True,3.9395,2.4407,A,B,True
SKU-02689,Daily Cleanser,Health & Beauty,Skincare,810428893919,EA,12,1.05,5.6,2.9,4.9,0.0461,HB,surge,2025-04-29,True,2.207,1.3673,B,B,False
SKU-02690,Hydrating Moisturizer,Health & Beauty,Skincare,780883558295,EA,6,0.67,3.2,3.5,7.7,0.0499,HB,surge,2024-06-01,True,1.4816,0.9179,B,B,False
SKU-02691,Hydrating Moisturizer,Health & Beauty,Skincare,926638999116,EA,24,0.99,4.8,3.8,7.2,0.076,HB,surge,2023-12-29,True,1.2658,0.7842,B,B,False
SKU-02692,Daily Cleanser,Health & Beauty,Skincare,560220178172,EA,6,0.41,2.9,3.3,4.0,0.0222,HB,surge,2024-08-19,True,0.8399,0.5204,B,C,True
SKU-02693,Daily Toner,Health & Beauty,Skincare,819118420280,EA,48,0.48,4.9,4.2,5.9,0.0703,HB,surge,2022-11-28,True,0.7624,0.4723,C,C,False
SKU-02694,Ultra Eye Cream,Health & Beauty,Skincare,104478025396,EA,12,0.91,4.1,1.0,6.7,0.0159,HB,surge,2023-03-26,True,3.1437,1.9476,A,B,True
SKU-02695,Anti-Aging SPF 30 Sunscreen,Health & Beauty,Skincare,531233442325,EA,12,0.61,4.6,2.7,4.9,0.0352,HB,surge,2023-05-14,True,1.6105,0.9977,B,B,False
SKU-02696,Gentle Exfoliant,Health & Beauty,Skincare,774508795229,EA,6,1.2,5.7,3.9,2.6,0.0334,HB,surge,2023-03-28,True,0.7593,0.4704,C,C,False
SKU-02697,Brightening Cleanser,Health & Beauty,Skincare,409540029747,EA,12,0.91,4.8,2.4,6.8,0.0453,HB,surge,2022-07-16,True,1.2579,0.7793,B,B,False
SKU-02698,Brightening Serum,Health & Beauty,Skincare,665897175595,EA,48,0.89,6.0,4.8,5.2,0.0867,HB,surge,2023-04-24,True,0.7832,0.4852,B,C,True
SKU-02699,Hydrating Toner,Health & Beauty,Skincare,047234919158,EA,48,0.87,5.3,1.7,3.5,0.0182,HB,surge,2023-08-26,True,44.2556,27.4177,A,A,False
SKU-02700,Anti-Aging SPF 30 Sunscreen,Health & Beauty,Skincare,109025304725,EA,12,0.96,2.1,2.1,2.1,0.0054,HB,surge,2024-08-07,True,1.4397,0.8919,B,B,False
SKU-02701,Daily Sheet Mask,Health & Beauty,Skincare,869589730468,EA,24,1.02,5.1,2.4,5.4,0.0382,HB,surge,2023-05-07,True,2.8903,1.7906,A,B,True
SKU-02702,Anti-Aging Toner,Health & Beauty,Skincare,941114026666,EA,6,1.16,6.8,3.1,5.8,0.0708,HB,surge,2022-05-21,True,1.2768,0.791,B,B,False
SKU-02703,Brightening Exfoliant,Health & Beauty,Skincare,019496738672,EA,24,0.19,4.8,2.6,5.2,0.0376,HB,surge,2024-03-15,True,1.7758,1.1001,B,B,False
SKU-02704,Anti-Aging Sheet Mask,Health & Beauty,Skincare,416314562676,EA,48,1.1,2.2,2.1,7.6,0.0203,HB,surge,2022-05-17,True,0.6856,0.4248,C,C,False
SKU-02705,Anti-Aging Sheet Mask,Health & Beauty,Skincare,995999900578,EA,24,0.53,4.9,4.9,2.8,0.0389,HB,surge,2024-05-19,True,1.2175,0.7543,B,B,False
SKU-02706,Hydrating Toner,Health & Beauty,Skincare,699021351066,EA,12,0.75,3.5,1.5,7.1,0.0216,HB,surge,2023-01-31,True,2.1419,1.3269,B,B,False
SKU-02707,Hydrating Cleanser,Health & Beauty,Skincare,189022969204,EA,24,0.56,6.5,1.5,3.8,0.0214,HB,surge,2022-09-15,True,6.2412,3.8666,A,A,False
SKU-02708,Daily Serum,Health & Beauty,Skincare,333870373857,EA,24,0.4,4.6,1.1,6.3,0.0184,HB,surge,2023-01-13,True,4.8751,3.0203,A,A,False
SKU-02709,Gentle Sheet Mask,Health & Beauty,Skincare,843664994704,EA,12,0.36,4.5,2.5,3.4,0.0221,HB,surge,2024-02-04,True,2.724,1.6876,A,B,True
SKU-02710,Brightening Cleanser,Health & Beauty,Skincare,369352725372,EA,12,0.74,4.6,1.9,5.1,0.0258,HB,surge,2022-12-11,True,1.1287,0.6993,B,B,False
SKU-02711,Ultra Cleanser,Health & Beauty,Skincare,319827759208,EA,12,0.8,3.7,5.0,5.9,0.0632,HB,surge,2024-12-27,True,1.1017,0.6826,B,B,False
SKU-02712,Reviving Moisturizer,Health & Beauty,Skincare,201358177880,EA,12,0.56,6.9,4.2,5.8,0.0973,HB,surge,2022-05-17,True,1.2687,0.786,B,B,False
SKU-02713,Anti-Aging Cleanser,Health & Beauty,Skincare,662508816006,EA,24,0.35,4.0,4.4,4.4,0.0448,HB,surge,2022-09-06,True,8.037,4.9792,A,A,False
SKU-02714,Ultra Exfoliant,Health & Beauty,Skincare,333082415212,EA,48,1.12,4.4,3.9,4.3,0.0427,HB,surge,2022-08-21,True,2.083,1.2904,B,B,False
SKU-02715,Ultra Exfoliant,Health & Beauty,Skincare,371370272644,EA,12,0.32,6.9,4.4,4.8,0.0843,HB,surge,2022-07-05,True,1.1982,0.7423,B,B,False
SKU-02716,Daily Sheet Mask,Health & Beauty,Skincare,495607859249,EA,24,0.9,4.6,1.2,7.3,0.0233,HB,surge,2023-03-08,True,2.7327,1.693,A,B,True
SKU-02717,Reviving Sheet Mask,Health & Beauty,Skincare,460012816359,EA,48,0.7,6.1,3.0,2.4,0.0254,HB,surge,2025-02-17,True,1.6127,0.9991,B,B,False
SKU-02718,Daily Eye Cream,Health & Beauty,Skincare,997627241304,EA,6,0.49,6.6,4.5,6.4,0.11,HB,surge,2022-12-05,True,0.7773,0.4816,B,C,True
SKU-02719,Gentle Sheet Mask,Health & Beauty,Skincare,414315801962,EA,12,0.82,6.6,3.5,6.4,0.0856,HB,surge,2025-02-07,True,1.2223,0.7572,B,B,False
SKU-02720,Brightening Moisturizer,Health & Beauty,Skincare,911753754275,EA,48,0.83,3.2,3.2,3.5,0.0207,HB,surge,2024-01-15,True,0.692,0.4287,C,C,False
SKU-02721,Gentle Serum,Health & Beauty,Skincare,987500471598,EA,24,0.16,6.4,3.2,7.6,0.0901,HB,surge,2023-07-16,True,0.701,0.4343,C,C,False
SKU-02722,Gentle Cleanser,Health & Beauty,Skincare,060595380210,EA,48,0.1,6.9,4.2,2.6,0.0436,HB,surge,2024-09-19,True,1.0804,0.6694,B,B,False
SKU-02723,Hydrating Cleanser,Health & Beauty,Skincare,285060891530,EA,24,1.11,3.3,3.7,6.7,0.0473,HB,surge,2025-04-20,True,0.7002,0.4338,C,C,False
SKU-02724,Ultra Cleanser,Health & Beauty,Skincare,276038422183,EA,12,0.99,7.4,3.1,4.2,0.0558,HB,surge,2025-03-08,True,1.5091,0.935,B,B,False
SKU-02725,Gentle Cleanser,Health & Beauty,Skincare,621365057148,EA,12,0.53,6.3,3.0,6.0,0.0656,HB,surge,2025-02-05,True,2.4693,1.5298,B,B,False
SKU-02726,Brightening Exfoliant,Health & Beauty,Skincare,909413314646,EA,48,0.21,3.5,3.6,2.5,0.0182,HB,surge,2024-12-30,True,5.3162,3.2935,A,A,False
SKU-02727,Ultra Sheet Mask,Health & Beauty,Skincare,931944735907,EA,12,0.35,4.2,5.0,6.6,0.0802,HB,surge,2023-08-20,True,5.0785,3.1463,A,A,False
SKU-02728,Reviving SPF 30 Sunscreen,Health & Beauty,Skincare,741910315491,EA,12,0.76,7.8,1.6,4.1,0.0296,HB,surge,2023-03-12,True,1.1948,0.7402,B,B,False
SKU-02729,Brightening SPF 30 Sunscreen,Health & Beauty,Skincare,580145160240,EA,24,0.5,7.1,4.0,4.8,0.0789,HB,surge,2023-09-03,True,1.5631,0.9684,B,B,False
SKU-02730,Brightening Serum,Health & Beauty,Skincare,091139871683,EA,12,0.67,5.9,1.9,3.1,0.0201,HB,surge,2022-08-10,True,1.2551,0.7776,B,B,False
SKU-02731,Anti-Aging Serum,Health & Beauty,Skincare,209960842397,EA,24,1.1,6.3,3.8,5.0,0.0693,HB,surge,2023-01-12,True,5.2265,3.238,A,A,False
SKU-02732,Hydrating Sheet Mask,Health & Beauty,Skincare,194189516895,EA,48,0.79,2.4,1.9,2.6,0.0069,HB,surge,2022-09-21,True,1.0418,0.6454,B,C,True
SKU-02733,Hydrating Moisturizer,Health & Beauty,Skincare,498632239538,EA,12,0.8,6.6,3.9,3.6,0.0536,HB,surge,2022-11-01,True,0.8865,0.5492,B,C,True
SKU-02734,Brightening Eye Cream,Health & Beauty,Skincare,681163605091,EA,12,0.43,6.1,1.0,4.0,0.0141,HB,surge,2025-01-22,True,10.6158,6.5768,A,A,False
SKU-02735,Gentle Cleanser,Health & Beauty,Skincare,164102015757,EA,6,0.64,7.4,1.3,7.2,0.0401,HB,surge,2024-05-30,True,1.5596,0.9662,B,B,False
SKU-02736,Ultra Sheet Mask,Health & Beauty,Skincare,550606210424,EA,48,0.16,3.0,3.5,2.5,0.0152,HB,surge,2022-09-17,True,2.8492,1.7652,A,B,True
SKU-02737,Hydrating Serum,Health & Beauty,Skincare,762796787823,EA,12,0.62,4.4,1.5,6.2,0.0237,HB,surge,2024-10-20,True,12.4368,7.705,A,A,False
SKU-02738,Brightening Cleanser,Health & Beauty,Skincare,394155742091,EA,12,1.12,6.3,4.9,5.0,0.0893,HB,surge,2024-11-23,True,3.5459,2.1968,A,B,True
SKU-02739,Anti-Aging Toner,Health & Beauty,Skincare,695809017208,EA,24,0.17,7.7,4.9,7.4,0.1616,HB,surge,2023-11-08,True,1.2105,0.75,B,B,False
SKU-02740,Brightening Eye Cream,Health & Beauty,Skincare,378593461484,EA,48,0.89,5.4,2.2,3.7,0.0254,HB,surge,2023-03-20,True,4.1206,2.5528,A,B,True
SKU-02741,Ultra Toner,Health & Beauty,Skincare,581827560505,EA,12,0.6,7.7,2.9,7.8,0.1008,HB,surge,2024-09-28,True,0.7651,0.474,C,C,False
SKU-02742,Anti-Aging Cleanser,Health & Beauty,Skincare,452120258863,EA,48,0.34,2.2,4.0,2.7,0.0138,HB,surge,2022-06-11,True,1.1093,0.6872,B,B,False
SKU-02743,Brightening Cleanser,Health & Beauty,Skincare,405087969209,EA,24,0.11,4.8,1.6,3.9,0.0173,HB,surge,2023-03-09,True,0.7508,0.4651,C,C,False
SKU-02744,Hydrating Toner,Health & Beauty,Skincare,345152823435,EA,24,0.47,4.4,2.2,7.0,0.0392,HB,surge,2022-04-19,True,0.7435,0.4607,C,C,False
SKU-02745,Reviving Eye Cream,Health & Beauty,Skincare,763927919838,EA,6,0.39,4.0,1.1,4.2,0.0107,HB,surge,2024-10-12,True,0.8949,0.5544,B,C,True
SKU-02746,Hydrating Serum,Health & Beauty,Skincare,125754697113,EA,12,1.13,6.3,4.1,4.8,0.0717,HB,surge,2023-01-12,True,1.2584,0.7796,B,B,False
SKU-02747,Reviving Toner,Health & Beauty,Skincare,552386156786,EA,6,0.73,4.6,3.8,6.4,0.0647,HB,surge,2023-10-18,True,10.5501,6.5361,A,A,False
SKU-02748,Gentle Moisturizer,Health & Beauty,Skincare,371985077624,EA,12,0.12,3.0,2.3,5.6,0.0224,HB,surge,2023-06-08,True,3.0535,1.8917,A,B,True
SKU-02749,Anti-Aging Cleanser,Health & Beauty,Skincare,218559316919,EA,24,0.54,4.7,4.6,5.4,0.0676,HB,surge,2023-08-04,True,1.4519,0.8995,B,B,False
SKU-02750,Anti-Aging Exfoliant,Health & Beauty,Skincare,378961645583,EA,48,0.47,2.1,1.1,4.3,0.0057,HB,surge,2023-08-29,True,0.8112,0.5025,B,C,True
SKU-02751,Brightening Sheet Mask,Health & Beauty,Skincare,704989906547,EA,48,1.12,4.6,1.6,6.0,0.0256,HB,surge,2023-11-25,True,2.9606,1.8342,A,B,True
SKU-02752,Reviving Sheet Mask,Health & Beauty,Skincare,514308177681,EA,6,0.63,7.8,1.9,5.2,0.0446,HB,surge,2022-08-30,True,2.1113,1.308,B,B,False
SKU-02753,Ultra Toner,Health & Beauty,Skincare,956305748655,EA,12,0.43,5.2,1.9,5.1,0.0292,HB,surge,2022-07-29,True,2.1205,1.3137,B,B,False
SKU-02754,Daily SPF 30 Sunscreen,Health & Beauty,Skincare,253200121587,EA,12,0.15,2.2,1.8,2.7,0.0062,HB,surge,2023-12-26,True,1.6281,1.0087,B,B,False
SKU-02755,Ultra Moisturizer,Health & Beauty,Skincare,588179777565,EA,48,1.16,3.2,3.1,3.5,0.0201,HB,surge,2024-03-23,True,1.1424,0.7077,B,B,False
SKU-02756,Hydrating Toner,Health & Beauty,Skincare,114387157600,EA,24,0.12,7.5,4.2,2.8,0.051,HB,surge,2022-06-06,True,0.6859,0.425,C,C,False
SKU-02757,Brightening Cleanser,Health & Beauty,Skincare,056880400192,EA,24,0.28,3.9,4.8,6.4,0.0693,HB,surge,2023-02-12,True,0.7857,0.4868,B,C,True
SKU-02758,Brightening SPF 30 Sunscreen,Health & Beauty,Skincare,104327144918,EA,24,0.69,4.6,4.1,3.9,0.0426,HB,surge,2022-11-08,True,1.5468,0.9583,B,B,False
SKU-02759,Ultra Sheet Mask,Health & Beauty,Skincare,239188330769,EA,12,0.95,5.5,4.6,5.5,0.0805,HB,surge,2024-02-10,True,1.1738,0.7272,B,B,False
SKU-02760,Anti-Aging SPF 30 Sunscreen,Health & Beauty,Skincare,533415026002,EA,24,0.47,3.0,2.9,5.9,0.0297,HB,surge,2022-10-25,True,0.8039,0.498,B,C,True
SKU-02761,Ultra Cleanser,Health & Beauty,Skincare,472435278886,EA,24,0.41,2.1,2.7,6.1,0.02,HB,surge,2023-03-05,True,1.0239,0.6344,B,C,True
SKU-02762,Hydrating Cleanser,Health & Beauty,Skincare,830689801862,EA,12,0.21,4.5,4.6,3.0,0.0359,HB,surge,2022-08-18,True,3.4214,2.1196,A,B,True
SKU-02763,Reviving Eye Cream,Health & Beauty,Skincare,095564916206,EA,24,1.08,6.7,4.7,7.8,0.1421,HB,surge,2024-12-24,True,2.5336,1.5696,B,B,False
SKU-02764,Reviving Toner,Health & Beauty,Skincare,304145923894,EA,12,1.14,3.4,1.4,3.4,0.0094,HB,surge,2023-02-06,True,1.5226,0.9433,B,B,False
SKU-02765,Anti-Aging Cleanser,Health & Beauty,Skincare,274126739052,EA,48,0.88,2.8,1.2,7.1,0.0138,HB,surge,2022-12-19,True,1.668,1.0334,B,B,False
SKU-02766,Hydrating Eye Cream,Health & Beauty,Skincare,326448378170,EA,24,0.53,5.3,1.5,2.6,0.012,HB,surge,2024-08-31,True,0.6932,0.4294,C,C,False
SKU-02767,Reviving Toner,Health & Beauty,Skincare,551506742264,EA,48,1.04,5.1,4.2,4.2,0.0521,HB,surge,2022-04-07,True,25.6216,15.8734,A,A,False
SKU-02768,Reviving Exfoliant,Health & Beauty,Skincare,146127997912,EA,12,0.4,6.3,4.8,5.4,0.0945,HB,surge,2022-06-10,True,1.3112,0.8123,B,B,False
SKU-02769,Brightening Moisturizer,Health & Beauty,Skincare,361499821844,EA,12,0.51,5.7,1.9,3.5,0.0219,HB,surge,2024-12-15,True,1.0936,0.6775,B,B,False
SKU-02770,Reviving Exfoliant,Health & Beauty,Skincare,443446969872,EA,24,0.36,6.5,4.3,2.2,0.0356,HB,surge,2025-01-11,True,0.8316,0.5152,B,C,True
SKU-02771,Reviving Moisturizer,Health & Beauty,Skincare,377553600717,EA,6,0.31,7.6,3.2,3.3,0.0464,HB,surge,2024-07-19,True,0.9548,0.5915,B,C,True
SKU-02772,Brightening SPF 30 Sunscreen,Health & Beauty,Skincare,738389744334,EA,12,0.39,3.6,3.7,3.8,0.0293,HB,surge,2023-01-31,True,24.6933,15.2983,A,A,False
SKU-02773,Reviving Sheet Mask,Health & Beauty,Skincare,033726330502,EA,24,1.07,7.9,2.9,4.8,0.0636,HB,surge,2023-03-02,True,0.7246,0.4489,C,C,False
SKU-02774,Gentle Exfoliant,Health & Beauty,Skincare,311746554328,EA,12,0.38,4.1,1.3,3.3,0.0102,HB,surge,2022-07-22,True,0.8192,0.5075,B,C,True
SKU-02775,Brightening Sheet Mask,Health & Beauty,Skincare,828511786689,EA,24,0.76,5.9,4.2,6.3,0.0903,HB,surge,2024-12-13,True,38.7236,23.9905,A,A,False
SKU-02776,Ultra Sheet Mask,Health & Beauty,Skincare,327909390658,EA,12,0.66,6.3,4.5,7.1,0.1165,HB,surge,2025-02-22,True,3.8812,2.4045,A,B,True
SKU-02777,Daily Exfoliant,Health & Beauty,Skincare,768497956496,EA,6,0.38,2.6,3.0,7.8,0.0352,HB,surge,2023-10-01,True,4.6873,2.9039,A,A,False
SKU-02778,Ultra Exfoliant,Health & Beauty,Skincare,954954584610,EA,6,0.81,6.8,2.8,4.5,0.0496,HB,surge,2023-11-11,True,1.0412,0.645,B,C,True
SKU-02779,Gentle Eye Cream,Health & Beauty,Skincare,569584333859,EA,12,0.33,2.9,1.9,6.3,0.0201,HB,surge,2022-12-09,True,7.9992,4.9558,A,A,False
SKU-02780,Daily SPF 30 Sunscreen,Health & Beauty,Skincare,335367155272,EA,48,0.42,7.5,4.3,2.7,0.0504,HB,surge,2023-12-03,True,1.6574,1.0268,B,B,False
SKU-02781,Ultra Serum,Health & Beauty,Skincare,298175732208,EA,12,0.83,5.1,2.0,5.7,0.0336,HB,surge,2022-04-27,True,0.9708,0.6015,B,C,True
SKU-02782,Brightening Cleanser,Health & Beauty,Skincare,709421062920,EA,48,0.49,4.1,1.4,5.7,0.0189,HB,surge,2022-11-24,True,2.5355,1.5708,B,B,False
SKU-02783,Brightening Exfoliant,Health & Beauty,Skincare,151622506457,EA,24,1.01,3.1,4.7,5.7,0.0481,HB,surge,2022-06-12,True,0.8466,0.5245,B,C,True
SKU-02784,Reviving Cleanser,Health & Beauty,Skincare,022971707274,EA,24,0.57,3.6,1.5,7.6,0.0238,HB,surge,2024-04-09,True,1.1035,0.6837,B,B,False
SKU-02785,Gentle Cleanser,Health & Beauty,Skincare,234667698503,EA,6,1.1,5.3,1.5,5.8,0.0267,HB,surge,2023-12-31,True,2.9814,1.847,A,B,True
SKU-02786,Anti-Aging SPF 30 Sunscreen,Health & Beauty,Skincare,492980394790,EA,24,0.54,4.7,1.1,3.5,0.0105,HB,surge,2022-06-18,True,2.6213,1.624,B,B,False
SKU-02787,Gentle Toner,Health & Beauty,Skincare,159785438678,EA,48,1.16,5.8,4.2,4.0,0.0564,HB,surge,2022-09-16,True,1.2869,0.7973,B,B,False
SKU-02788,Reviving Sheet Mask,Health & Beauty,Skincare,020966541712,EA,48,0.25,4.7,1.2,5.8,0.0189,HB,surge,2025-02-04,True,1.6438,1.0184,B,B,False
SKU-02789,Anti-Aging Moisturizer,Health & Beauty,Skincare,273073465879,EA,48,0.2,5.5,4.6,3.3,0.0483,HB,surge,2023-05-12,True,8.562,5.3044,A,A,False
SKU-02790,Brightening Moisturizer,Health & Beauty,Skincare,454362812704,EA,12,0.61,2.4,2.1,7.5,0.0219,HB,surge,2022-05-22,True,1.0692,0.6624,B,C,True
SKU-02791,Anti-Aging Exfoliant,Health & Beauty,Skincare,621199689375,EA,12,0.6,6.9,1.5,2.9,0.0174,HB,surge,2023-09-06,True,3.4915,2.1631,A,B,True
SKU-02792,Daily Sheet Mask,Health & Beauty,Skincare,095467196320,EA,12,0.77,2.6,2.4,2.5,0.009,HB,surge,2024-04-23,True,4.0859,2.5314,A,B,True
SKU-02793,Brightening Serum,Health & Beauty,Skincare,661781173350,EA,12,0.84,5.0,1.3,2.4,0.009,HB,surge,2024-04-26,True,1.802,1.1164,B,B,False
SKU-02794,Gentle Sheet Mask,Health & Beauty,Skincare,546393142491,EA,6,0.9,5.9,2.9,3.7,0.0366,HB,surge,2024-06-16,True,0.7615,0.4718,C,C,False
SKU-02795,Gentle Exfoliant,Health & Beauty,Skincare,906311104741,EA,24,0.24,5.6,2.7,6.0,0.0525,HB,surge,2024-10-29,True,4.5864,2.8414,A,A,False
SKU-02796,Gentle SPF 30 Sunscreen,Health & Beauty,Skincare,244234641480,EA,48,0.5,3.8,4.7,7.9,0.0817,HB,surge,2024-12-22,True,3.6214,2.2435,A,B,True
SKU-02797,Gentle Sheet Mask,Health & Beauty,Skincare,129702305632,EA,12,0.26,4.1,3.3,7.3,0.0572,HB,surge,2022-06-11,True,1.5675,0.9711,B,B,False
SKU-02798,Reviving Exfoliant,Health & Beauty,Skincare,390037822581,EA,48,1.13,2.6,1.8,3.3,0.0089,HB,surge,2022-10-21,True,1.3152,0.8148,B,B,False
SKU-02799,Anti-Aging Eye Cream,Health & Beauty,Skincare,750803597148,EA,12,0.84,2.1,1.9,4.8,0.0111,HB,surge,2022-06-28,True,0.8383,0.5194,B,C,True
SKU-02800,Gentle Serum,Health & Beauty,Skincare,509265180995,EA,48,0.79,7.8,2.6,6.2,0.0728,HB,surge,2022-08-24,True,0.8127,0.5035,B,C,True
SKU-02801,Brightening Exfoliant,Health & Beauty,Skincare,944765987905,EA,6,0.98,6.6,1.4,4.9,0.0262,HB,surge,2022-11-07,True,0.9634,0.5969,B,C,True
SKU-02802,Brightening Eye Cream,Health & Beauty,Skincare,883713248889,EA,6,0.72,5.8,2.9,7.8,0.0759,HB,surge,2022-03-11,True,4.9102,3.042,A,A,False
SKU-02803,Ultra Moisturizer,Health & Beauty,Skincare,136820898471,EA,24,0.91,6.4,1.4,6.5,0.0337,HB,surge,2023-06-18,True,1.841,1.1406,B,B,False
SKU-02804,Anti-Aging Moisturizer,Health & Beauty,Skincare,602809272067,EA,6,0.86,6.7,3.8,5.3,0.0781,HB,surge,2024-07-10,True,0.8437,0.5227,B,C,True
SKU-02805,Anti-Aging Moisturizer,Health & Beauty,Skincare,271657130894,EA,24,1.16,2.4,1.4,3.1,0.006,HB,surge,2024-12-16,True,2.4892,1.5421,B,B,False
SKU-02806,Reviving Eye Cream,Health & Beauty,Skincare,471044241772,EA,24,0.94,5.2,3.4,4.3,0.044,HB,surge,2024-08-21,True,1.211,0.7502,B,B,False
SKU-02807,Brightening Moisturizer,Health & Beauty,Skincare,135485538776,EA,24,0.45,4.9,1.8,6.1,0.0311,HB,surge,2022-12-18,True,10.0819,6.246,A,A,False
SKU-02808,Hydrating Moisturizer,Health & Beauty,Skincare,483172962599,EA,12,0.68,4.2,1.8,4.6,0.0201,HB,surge,2025-04-18,True,0.7357,0.4558,C,C,False
SKU-02809,Anti-Aging Serum,Health & Beauty,Skincare,237017610212,EA,24,1.07,6.4,4.1,4.3,0.0653,HB,surge,2022-08-08,True,0.7317,0.4533,C,C,False
SKU-02810,Daily Cleanser,Health & Beauty,Skincare,879550119264,EA,24,0.42,4.6,4.0,7.4,0.0788,HB,surge,2024-03-24,True,1.0884,0.6743,B,B,False
SKU-02811,Anti-Aging Cleanser,Health & Beauty,Skincare,792803036989,EA,24,0.67,4.5,3.9,2.3,0.0234,HB,surge,2024-02-16,True,2.1886,1.3559,B,B,False
SKU-02812,Ultra Sheet Mask,Health & Beauty,Skincare,926805948723,EA,12,0.17,7.9,3.6,6.2,0.102,HB,surge,2024-01-05,True,0.7442,0.4611,C,C,False
SKU-02813,Anti-Aging Eye Cream,Health & Beauty,Skincare,133295917573,EA,24,0.82,5.8,4.9,5.4,0.0888,HB,surge,2024-04-05,True,3.2148,1.9917,A,B,True
SKU-02814,Ultra Eye Cream,Health & Beauty,Skincare,329905672868,EA,24,0.31,5.0,1.2,5.6,0.0194,HB,surge,2022-08-07,True,0.8041,0.4982,B,C,True
SKU-02815,Brightening Toner,Health & Beauty,Skincare,664681217666,EA,24,0.35,3.8,3.8,5.2,0.0435,HB,surge,2022-10-08,True,0.6946,0.4303,C,C,False
SKU-02816,Reviving Eye Cream,Health & Beauty,Skincare,934776082572,EA,24,0.86,3.2,1.3,4.3,0.0104,HB,surge,2023-10-10,True,17.6564,10.9387,A,A,False
SKU-02817,Hydrating Eye Cream,Health & Beauty,Skincare,909796907790,EA,24,0.34,2.4,3.0,4.5,0.0187,HB,surge,2023-09-24,True,1.7466,1.0821,B,B,False
SKU-02818,Anti-Aging Sheet Mask,Health & Beauty,Skincare,923433915402,EA,12,0.78,5.0,4.0,4.3,0.0498,HB,surge,2023-11-18,True,0.9703,0.6011,B,C,True
SKU-02819,Reviving SPF 30 Sunscreen,Health & Beauty,Skincare,188537676897,EA,12,0.75,6.7,4.4,6.0,0.1024,HB,surge,2022-07-01,True,1.8058,1.1188,B,B,False
SKU-02820,Gentle Serum,Health & Beauty,Skincare,812560519346,EA,6,0.62,7.7,2.6,2.4,0.0278,HB,surge,2024-11-09,True,0.8511,0.5273,B,C,True
SKU-02821,Gentle Toner,Health & Beauty,Skincare,827938032065,EA,12,0.73,6.0,4.1,6.0,0.0854,HB,surge,2022-08-13,True,1.1824,0.7325,B,B,False
SKU-02822,Reviving SPF 30 Sunscreen,Health & Beauty,Skincare,710011928064,EA,24,1.0,7.4,4.9,6.3,0.1322,HB,surge,2022-11-16,True,1.8755,1.1619,B,B,False
SKU-02823,Brightening Cleanser,Health & Beauty,Skincare,001408478046,EA,48,0.1,6.8,4.7,2.9,0.0536,HB,surge,2022-10-08,True,0.7706,0.4774,B,C,True
SKU-02824,Ultra Cleanser,Health & Beauty,Skincare,396228274237,EA,24,0.4,5.9,3.0,3.2,0.0328,HB,surge,2025-04-21,True,3.8768,2.4018,A,B,True
SKU-02825,Gentle Cleanser,Health & Beauty,Skincare,020449269043,EA,6,0.36,3.7,4.6,7.5,0.0739,HB,surge,2024-01-14,True,0.7517,0.4657,C,C,False
SKU-02826,Daily Exfoliant,Health & Beauty,Skincare,538755777124,EA,24,0.44,5.1,3.9,6.1,0.0702,HB,surge,2024-02-15,True,0.8113,0.5027,B,C,True
SKU-02827,Ultra Exfoliant,Health & Beauty,Skincare,957786574857,EA,12,0.49,6.2,3.2,4.3,0.0494,HB,surge,2024-10-23,True,2.378,1.4732,B,B,False
SKU-02828,Anti-Aging Moisturizer,Health & Beauty,Skincare,720211596427,EA,24,1.03,4.0,3.7,7.9,0.0677,HB,surge,2025-03-25,True,56.7946,35.1861,A,A,False
SKU-02829,Anti-Aging Cleanser,Health & Beauty,Skincare,299679240590,EA,24,0.3,2.4,4.3,2.6,0.0155,HB,surge,2023-11-23,True,0.7919,0.4906,B,C,True
SKU-02830,Gentle SPF 30 Sunscreen,Health & Beauty,Skincare,826644621901,EA,24,0.75,2.6,4.9,2.0,0.0147,HB,surge,2023-07-27,True,0.8143,0.5045,B,C,True
SKU-02831,Brightening Exfoliant,Health & Beauty,Skincare,456260998275,EA,48,0.23,2.3,3.0,6.8,0.0272,HB,surge,2025-05-03,True,1.2414,0.7691,B,B,False
SKU-02832,Gentle Serum,Health & Beauty,Skincare,134821741442,EA,12,0.21,3.0,1.4,5.2,0.0126,HB,surge,2025-01-29,True,0.9651,0.5979,B,C,True
SKU-02833,Anti-Aging Toner,Health & Beauty,Skincare,330444512463,EA,12,0.11,2.1,2.6,2.3,0.0073,HB,surge,2022-03-21,True,5.5681,3.4496,A,A,False
SKU-02834,Daily Toner,Health & Beauty,Skincare,717815166092,EA,12,0.15,2.3,4.3,3.6,0.0206,HB,surge,2024-07-22,True,2.448,1.5166,B,B,False
SKU-02835,Anti-Aging Serum,Health & Beauty,Skincare,894115867789,EA,12,0.94,4.3,3.3,7.6,0.0624,HB,surge,2023-01-20,True,1.922,1.1907,B,B,False
SKU-02836,Gentle Sheet Mask,Health & Beauty,Skincare,568574948983,EA,12,0.86,2.3,3.2,5.6,0.0239,HB,surge,2022-11-16,True,28.8786,17.8912,A,A,False
SKU-02837,Anti-Aging Cleanser,Health & Beauty,Skincare,878129176300,EA,48,0.77,4.7,2.7,5.2,0.0382,HB,surge,2025-01-18,True,1.0831,0.6711,B,B,False
SKU-02838,Gentle SPF 30 Sunscreen,Health & Beauty,Skincare,769875361882,EA,24,0.26,2.6,1.4,7.8,0.0164,HB,surge,2023-03-01,True,3.8203,2.3668,A,B,True
SKU-02839,Ultra SPF 30 Sunscreen,Health & Beauty,Skincare,251262546240,EA,24,1.09,7.6,2.8,7.1,0.0874,HB,surge,2025-01-18,True,2.11,1.3072,B,B,False
SKU-02840,Reviving Eye Cream,Health & Beauty,Skincare,497474848256,EA,24,1.03,7.3,4.5,5.3,0.1008,HB,surge,2023-12-13,True,0.9275,0.5746,B,C,True
SKU-02841,Anti-Aging Serum,Health & Beauty,Skincare,727955635604,EA,24,1.17,3.0,1.3,4.1,0.0093,HB,surge,2024-09-19,True,0.8989,0.5569,B,C,True
SKU-02842,Daily Serum,Health & Beauty,Skincare,021637933443,EA,12,0.53,3.7,3.6,6.9,0.0532,HB,surge,2024-03-11,True,3.1349,1.9422,A,B,True
SKU-02843,Brightening Toner,Health & Beauty,Skincare,835932344625,EA,6,0.59,3.8,3.0,6.5,0.0429,HB,surge,2022-05-10,True,0.8152,0.5051,B,C,True
SKU-02844,Anti-Aging SPF 30 Sunscreen,Health & Beauty,Skincare,373790171725,EA,24,0.46,4.3,3.4,5.6,0.0474,HB,surge,2024-05-16,True,1.6631,1.0303,B,B,False
SKU-02845,Gentle Cleanser,Health & Beauty,Skincare,271934687373,EA,24,1.1,6.4,2.0,3.8,0.0281,HB,surge,2023-03-11,True,1.6664,1.0324,B,B,False
SKU-02846,Gentle Moisturizer,Health & Beauty,Skincare,318012021319,EA,24,0.16,2.8,3.9,3.5,0.0221,HB,surge,2023-04-28,True,1.43,0.8859,B,B,False
SKU-02847,Daily SPF 30 Sunscreen,Health & Beauty,Skincare,660873357582,EA,24,0.86,2.8,1.8,7.4,0.0216,HB,surge,2022-09-30,True,1.4122,0.8749,B,B,False
SKU-02848,Brightening Exfoliant,Health & Beauty,Skincare,277439026847,EA,12,0.47,4.8,1.5,5.8,0.0242,HB,surge,2022-06-02,True,1.2396,0.768,B,B,False
SKU-02849,Hydrating Sheet Mask,Health & Beauty,Skincare,183547445240,EA,6,0.91,5.0,2.7,7.0,0.0547,HB,surge,2023-04-18,True,0.9498,0.5884,B,C,True
SKU-02850,Daily Exfoliant,Health & Beauty,Skincare,422001760779,EA,48,0.84,6.0,3.2,4.1,0.0456,HB,surge,2025-02-12,True,7.5225,4.6604,A,A,False
SKU-02851,Ultra Eye Cream,Health & Beauty,Skincare,292346226211,EA,12,1.0,5.6,2.2,6.4,0.0456,HB,surge,2025-04-14,True,9.7085,6.0147,A,A,False
SKU-02852,Hydrating Toner,Health & Beauty,Skincare,284251445103,EA,48,0.9,2.9,3.7,7.2,0.0447,HB,surge,2023-07-26,True,2.1999,1.3629,B,B,False
SKU-02853,Hydrating Toner,Health & Beauty,Skincare,691605163188,EA,12,0.81,3.3,1.9,7.2,0.0261,HB,surge,2024-09-19,True,0.7983,0.4945,B,C,True
SKU-02854,Hydrating Exfoliant,Health & Beauty,Skincare,777436150764,EA,12,0.84,3.3,3.8,6.5,0.0472,HB,surge,2023-10-06,True,1.1532,0.7144,B,B,False
SKU-02855,Hydrating Toner,Health & Beauty,Skincare,270318702441,EA,12,0.85,3.0,3.6,2.9,0.0181,HB,surge,2022-08-09,True,0.7338,0.4546,C,C,False
SKU-02856,Brightening Moisturizer,Health & Beauty,Skincare,127501439105,EA,48,0.24,4.9,1.4,6.8,0.027,HB,surge,2025-05-17,True,0.9101,0.5639,B,C,True
SKU-02857,Gentle Eye Cream,Health & Beauty,Skincare,923857961751,EA,6,1.19,4.5,3.5,3.7,0.0337,HB,surge,2022-05-25,True,1.1743,0.7275,B,B,False
SKU-02858,Brightening Cleanser,Health & Beauty,Skincare,853930646663,EA,12,0.6,7.2,3.9,3.7,0.0601,HB,surge,2024-05-15,True,9.6262,5.9637,A,A,False
SKU-02859,Anti-Aging Moisturizer,Health & Beauty,Skincare,514260443652,EA,24,0.92,7.5,3.2,7.7,0.1069,HB,surge,2023-12-14,True,81.1352,50.2658,A,A,False
SKU-02860,Gentle Serum,Health & Beauty,Skincare,395739993860,EA,48,0.85,5.8,3.5,5.6,0.0658,HB,surge,2023-09-10,True,0.7738,0.4794,B,C,True
SKU-02861,Anti-Aging Serum,Health & Beauty,Skincare,658803890728,EA,12,0.52,2.6,3.3,3.3,0.0164,HB,surge,2025-01-10,True,2.8516,1.7667,A,B,True
SKU-02862,Brightening Sheet Mask,Health & Beauty,Skincare,413377186677,EA,24,1.14,2.2,4.4,2.2,0.0123,HB,surge,2024-06-16,True,0.7932,0.4914,B,C,True
SKU-02863,Reviving SPF 30 Sunscreen,Health & Beauty,Skincare,833336496698,EA,6,1.17,4.4,4.7,6.7,0.0802,HB,surge,2022-04-17,True,0.8125,0.5034,B,C,True
SKU-02864,Gentle Toner,Health & Beauty,Skincare,870287451865,EA,24,0.46,5.2,3.4,3.3,0.0338,HB,surge,2023-07-05,True,1.835,1.1369,B,B,False
SKU-02865,Hydrating Toner,Health & Beauty,Skincare,080412328532,EA,12,0.3,6.8,2.6,5.5,0.0563,HB,surge,2024-04-20,True,1.5887,0.9842,B,B,False
SKU-02866,Daily SPF 30 Sunscreen,Health & Beauty,Skincare,750503699528,EA,12,0.36,4.7,2.9,5.2,0.041,HB,surge,2023-08-08,True,0.7411,0.4591,C,C,False
SKU-02867,Gentle Moisturizer,Health & Beauty,Skincare,057164671032,EA,12,0.51,6.4,1.7,7.8,0.0491,HB,surge,2022-06-05,True,0.7289,0.4516,C,C,False
SKU-02868,Gentle Cleanser,Health & Beauty,Skincare,551659204112,EA,24,0.49,3.0,1.4,5.7,0.0139,HB,surge,2024-01-08,True,0.997,0.6177,B,C,True
SKU-02869,Brightening Cleanser,Health & Beauty,Skincare,290965380723,EA,6,0.23,4.5,4.3,3.0,0.0336,HB,surge,2023-08-03,True,1.8174,1.126,B,B,False
SKU-02870,Anti-Aging SPF 30 Sunscreen,Health & Beauty,Skincare,737679305301,EA,24,0.23,5.0,4.3,5.5,0.0684,HB,surge,2022-04-28,True,0.7101,0.4399,C,C,False
SKU-02871,Reviving Exfoliant,Health & Beauty,Skincare,503837609961,EA,48,0.7,2.8,3.4,5.0,0.0275,HB,surge,2025-05-21,True,10.922,6.7666,A,A,False
SKU-02872,Brightening Eye Cream,Health & Beauty,Skincare,612983542218,EA,12,0.57,2.8,3.3,3.9,0.0209,HB,surge,2024-10-03,True,1.5603,0.9667,B,B,False
SKU-02873,Daily Cleanser,Health & Beauty,Skincare,451850090200,EA,24,0.24,7.3,1.7,7.1,0.051,HB,surge,2022-12-09,True,1.1957,0.7408,B,B,False
SKU-02874,Daily Exfoliant,Health & Beauty,Skincare,122484350703,EA,48,0.3,4.1,3.4,2.4,0.0194,HB,surge,2024-02-03,True,0.7703,0.4772,B,C,True
SKU-02875,Anti-Aging Cleanser,Health & Beauty,Skincare,013750003214,EA,24,0.4,4.0,1.2,5.5,0.0153,HB,surge,2023-03-02,True,11.2465,6.9675,A,A,False
SKU-02876,Hydrating Toner,Health & Beauty,Skincare,883740601403,EA,24,0.86,7.8,2.4,2.4,0.026,HB,surge,2023-06-24,True,6.0743,3.7632,A,A,False
SKU-02877,Gentle Moisturizer,Health & Beauty,Skincare,918618003542,EA,24,0.34,7.8,3.0,6.5,0.088,HB,surge,2023-11-09,True,1.2253,0.7591,B,B,False
SKU-02878,Reviving SPF 30 Sunscreen,Health & Beauty,Skincare,087660482080,EA,24,1.0,6.1,4.0,3.3,0.0466,HB,surge,2022-09-19,True,1.1344,0.7028,B,B,False
SKU-02879,Daily Cleanser,Health & Beauty,Skincare,200332435238,EA,24,0.11,2.5,1.1,7.3,0.0116,HB,surge,2022-12-04,True,1.5315,0.9488,B,B,False
SKU-02880,Daily Sheet Mask,Health & Beauty,Skincare,356376805742,EA,24,1.07,6.3,2.3,3.1,0.026,HB,surge,2023-11-28,True,1.392,0.8624,B,B,False
SKU-02881,Daily Exfoliant,Health & Beauty,Skincare,132509981707,EA,24,1.18,3.3,1.5,3.3,0.0095,HB,surge,2024-06-23,True,0.7881,0.4882,B,C,True
SKU-02882,Gentle Exfoliant,Health & Beauty,Skincare,555127520152,EA,24,1.12,5.2,1.7,7.7,0.0394,HB,surge,2023-07-15,True,1.0456,0.6478,B,C,True
SKU-02883,Daily Serum,Health & Beauty,Skincare,352410821244,EA,24,0.42,2.2,2.5,3.4,0.0108,HB,surge,2022-10-03,True,1.1923,0.7387,B,B,False
SKU-02884,Ultra Moisturizer,Health & Beauty,Skincare,832666105429,EA,6,0.34,2.9,1.0,5.6,0.0094,HB,surge,2024-07-04,True,9.5721,5.9302,A,A,False
SKU-02885,Anti-Aging Exfoliant,Health & Beauty,Skincare,009205399016,EA,12,0.68,5.2,2.0,6.7,0.0403,HB,surge,2025-05-18,True,0.7165,0.4439,C,C,False
SKU-02886,Anti-Aging Eye Cream,Health & Beauty,Skincare,868179924606,EA,12,0.79,4.5,2.7,7.8,0.0548,HB,surge,2022-08-31,True,2.2916,1.4197,B,B,False
SKU-02887,Gentle Toner,Health & Beauty,Skincare,793272869108,EA,12,0.54,6.2,3.5,4.6,0.0578,HB,surge,2024-04-19,True,0.7171,0.4443,C,C,False
SKU-02888,Gentle Cleanser,Health & Beauty,Skincare,304307892655,EA,24,0.56,6.1,4.5,6.1,0.0969,HB,surge,2024-03-04,True,1.7666,1.0944,B,B,False
SKU-02889,Brightening SPF 30 Sunscreen,Health & Beauty,Skincare,464522881237,EA,6,0.63,4.6,1.2,2.1,0.0067,HB,surge,2022-11-11,True,1.3208,0.8183,B,B,False
SKU-02890,Gentle SPF 30 Sunscreen,Health & Beauty,Skincare,660874269195,EA,24,1.02,7.0,4.2,4.7,0.08,HB,surge,2024-12-07,True,0.7291,0.4517,C,C,False
SKU-02891,Ultra Toner,Health & Beauty,Skincare,371970511725,EA,12,0.83,4.3,1.9,4.2,0.0199,HB,surge,2024-05-13,True,2.0932,1.2968,B,B,False
SKU-02892,Ultra Moisturizer,Health & Beauty,Skincare,602918257962,EA,6,0.82,7.2,2.0,4.9,0.0408,HB,surge,2023-01-02,True,2.183,1.3524,B,B,False
SKU-02893,Gentle Serum,Health & Beauty,Skincare,303188740500,EA,6,0.95,7.0,3.7,3.1,0.0465,HB,surge,2023-10-25,True,26.2129,16.2397,A,A,False
SKU-02894,Brightening Toner,Health & Beauty,Skincare,201956365975,EA,24,0.55,5.2,2.5,2.5,0.0188,HB,surge,2023-06-01,True,0.9087,0.563,B,C,True
SKU-02895,Anti-Aging Eye Cream,Health & Beauty,Skincare,444258703657,EA,24,0.68,3.1,2.2,7.3,0.0288,HB,surge,2024-05-31,True,0.7757,0.4806,B,C,True
SKU-02896,Ultra Moisturizer,Health & Beauty,Skincare,185132264780,EA,24,0.28,4.7,4.0,7.3,0.0794,HB,surge,2024-12-06,True,0.8549,0.5296,B,C,True
SKU-02897,Ultra Cleanser,Health & Beauty,Skincare,400523339012,EA,24,0.2,4.0,3.7,7.7,0.0659,HB,surge,2024-07-30,True,1.3306,0.8244,B,B,False
SKU-02898,Gentle SPF 30 Sunscreen,Health & Beauty,Skincare,733280213259,EA,12,0.89,5.9,3.5,5.1,0.0609,HB,surge,2022-04-12,True,1.3081,0.8104,B,B,False
SKU-02899,Reviving Moisturizer,Health & Beauty,Skincare,563299972235,EA,12,0.94,5.7,3.7,5.6,0.0683,HB,surge,2022-11-10,True,3.7162,2.3023,A,B,True
SKU-02900,Anti-Aging Moisturizer,Health & Beauty,Skincare,331240440467,EA,12,1.1,4.3,2.9,3.9,0.0281,HB,surge,2023-09-18,True,1.5711,0.9733,B,B,False
SKU-02901,Reviving Moisturizer,Health & Beauty,Skincare,059190692283,EA,24,0.46,4.8,4.2,4.9,0.0572,HB,surge,2025-01-07,True,0.7387,0.4577,C,C,False
SKU-02902,Daily Sheet Mask,Health & Beauty,Skincare,528399542826,EA,24,0.66,6.4,3.7,7.1,0.0973,HB,surge,2024-10-22,True,0.6909,0.4281,C,C,False
SKU-02903,Gentle Exfoliant,Health & Beauty,Skincare,252562595174,EA,24,1.15,3.9,3.6,3.5,0.0284,HB,surge,2025-04-15,True,23.5013,14.5598,A,A,False
SKU-02904,Brightening Eye Cream,Health & Beauty,Skincare,973948437710,EA,24,0.85,4.8,3.2,6.2,0.0551,HB,surge,2024-12-13,True,1.6828,1.0426,B,B,False
SKU-02905,Brightening Serum,Health & Beauty,Skincare,462991131081,EA,12,0.61,4.8,3.0,4.9,0.0408,HB,surge,2022-03-23,True,1.6486,1.0214,B,B,False
SKU-02906,Gentle Serum,Health & Beauty,Skincare,454947540688,EA,24,0.14,3.3,2.7,3.8,0.0196,HB,surge,2024-08-27,True,1.4791,0.9163,B,B,False
SKU-02907,Hydrating Exfoliant,Health & Beauty,Skincare,579726618177,EA,48,0.89,5.7,3.9,2.5,0.0322,HB,surge,2023-04-25,True,5.8152,3.6027,A,A,False
SKU-02908,Gentle Sheet Mask,Health & Beauty,Skincare,577507738211,EA,24,1.18,4.7,1.9,6.6,0.0341,HB,surge,2024-06-16,True,486.8111,301.5949,A,A,False
SKU-02909,Ultra SPF 30 Sunscreen,Health & Beauty,Skincare,864572951999,EA,24,0.82,3.6,4.5,3.5,0.0328,HB,surge,2024-06-14,True,1.1682,0.7237,B,B,False
SKU-02910,Reviving Cleanser,Health & Beauty,Skincare,794611093661,EA,6,0.69,2.9,2.9,3.9,0.019,HB,surge,2022-10-29,True,3.4145,2.1154,A,B,True
SKU-02911,Gentle Serum,Health & Beauty,Skincare,114862443999,EA,12,0.71,4.4,1.8,3.7,0.017,HB,surge,2022-11-08,True,1.3587,0.8418,B,B,False
SKU-02912,Hydrating Eye Cream,Health & Beauty,Skincare,209234622330,EA,12,0.98,7.7,4.2,4.7,0.088,HB,surge,2023-08-15,True,2.8709,1.7786,A,B,True
SKU-02913,Hydrating Toner,Health & Beauty,Skincare,945246981098,EA,6,0.49,3.6,3.4,3.7,0.0262,HB,surge,2022-08-29,True,59.7838,37.038,A,A,False
SKU-02914,Anti-Aging Exfoliant,Health & Beauty,Skincare,604194196135,EA,24,1.16,7.0,3.2,2.4,0.0311,HB,surge,2022-03-11,True,1.0911,0.676,B,B,False
SKU-02915,Gentle Exfoliant,Health & Beauty,Skincare,449405316632,EA,12,0.12,2.3,2.1,3.4,0.0095,HB,surge,2023-12-10,True,1.3642,0.8451,B,B,False
SKU-02916,Hydrating Moisturizer,Health & Beauty,Skincare,864418091104,EA,6,0.14,6.8,3.5,3.3,0.0455,HB,surge,2024-07-24,True,2.3436,1.452,B,B,False
SKU-02917,Daily Cleanser,Health & Beauty,Skincare,436881498713,EA,24,0.92,2.2,3.2,7.1,0.0289,HB,surge,2024-12-20,True,1.5118,0.9366,B,B,False
SKU-02918,Ultra Exfoliant,Health & Beauty,Skincare,972972744262,EA,48,0.67,6.0,1.5,7.6,0.0396,HB,surge,2024-12-03,True,1.075,0.666,B,B,False
SKU-02919,Brightening Exfoliant,Health & Beauty,Skincare,853707050265,EA,12,0.24,6.0,1.6,2.8,0.0156,HB,surge,2023-05-20,True,3.2454,2.0106,A,B,True
SKU-02920,Reviving Eye Cream,Health & Beauty,Skincare,425208858998,EA,6,0.38,2.9,4.7,2.6,0.0205,HB,surge,2022-12-20,True,3.4631,2.1455,A,B,True
SKU-02921,Reviving Toner,Health & Beauty,Skincare,188926249574,EA,6,0.29,4.1,4.3,7.9,0.0806,HB,surge,2024-11-21,True,1.0123,0.6272,B,C,True
SKU-02922,Brightening Serum,Health & Beauty,Skincare,960615274484,EA,12,0.44,2.5,1.4,3.9,0.0079,HB,surge,2023-09-23,True,0.8509,0.5271,B,C,True
SKU-02923,Daily Moisturizer,Health & Beauty,Skincare,583295280795,EA,48,0.17,5.5,4.0,3.6,0.0458,HB,surge,2023-05-24,True,8.251,5.1118,A,A,False
SKU-02924,Brightening Eye Cream,Health & Beauty,Skincare,012971384233,EA,24,0.22,6.2,3.4,2.5,0.0305,HB,surge,2023-08-11,True,0.6853,0.4245,C,C,False
SKU-02925,Hydrating SPF 30 Sunscreen,Health & Beauty,Skincare,373335037352,EA,48,0.79,5.0,2.4,5.0,0.0347,HB,surge,2024-09-01,True,1.3301,0.824,B,B,False
SKU-02926,Brightening Moisturizer,Health & Beauty,Skincare,994383762394,EA,12,0.94,7.9,1.1,3.2,0.0161,HB,surge,2022-07-03,True,0.7863,0.4871,B,C,True
SKU-02927,Ultra Serum,Health & Beauty,Skincare,983978415800,EA,24,0.72,6.0,1.9,3.6,0.0238,HB,surge,2023-06-24,True,3.1997,1.9823,A,B,True
SKU-02928,Ultra Eye Cream,Health & Beauty,Skincare,383181964221,EA,24,0.84,4.6,2.9,6.5,0.0502,HB,surge,2024-09-25,True,5.275,3.2681,A,A,False
SKU-02929,Brightening Exfoliant,Health & Beauty,Skincare,151066542714,EA,48,0.32,4.9,4.9,7.0,0.0973,HB,surge,2023-04-01,True,0.7013,0.4345,C,C,False
SKU-02930,Anti-Aging Toner,Health & Beauty,Skincare,193150070641,EA,48,0.32,7.0,4.1,4.2,0.0698,HB,surge,2024-11-16,True,1.447,0.8965,B,B,False
SKU-02931,Brightening Serum,Health & Beauty,Skincare,553677792010,EA,12,0.24,3.0,2.8,2.3,0.0112,HB,surge,2024-12-10,True,0.9964,0.6173,B,C,True
SKU-02932,Ultra Cleanser,Health & Beauty,Skincare,898270376770,EA,24,0.47,5.2,1.0,6.2,0.0187,HB,surge,2023-05-30,True,5.0261,3.1138,A,A,False
SKU-02933,Gentle Serum,Health & Beauty,Skincare,328655386577,EA,12,0.37,5.8,3.9,3.3,0.0432,HB,surge,2023-01-16,True,0.6873,0.4258,C,C,False
SKU-02934,Reviving Moisturizer,Health & Beauty,Skincare,902000697618,EA,24,0.83,3.2,2.1,5.4,0.021,HB,surge,2022-04-20,True,0.8916,0.5524,B,C,True
SKU-02935,Gentle Eye Cream,Health & Beauty,Skincare,784884972413,EA,12,0.87,5.1,2.9,6.5,0.0556,HB,surge,2024-06-07,True,1.2446,0.7711,B,B,False
SKU-02936,Gentle Serum,Health & Beauty,Skincare,596070645281,EA,48,0.16,3.2,3.9,3.0,0.0217,HB,surge,2025-03-12,True,0.8539,0.529,B,C,True
SKU-02937,Daily Serum,Health & Beauty,Skincare,300081174466,EA,12,0.68,3.6,3.2,2.9,0.0193,HB,surge,2022-08-02,True,23.1815,14.3617,A,A,False
SKU-02938,Hydrating SPF 30 Sunscreen,Health & Beauty,Skincare,181155347672,EA,24,0.33,7.2,4.0,6.4,0.1067,HB,surge,2024-12-24,True,1.6787,1.04,B,B,False
SKU-02939,Reviving Cleanser,Health & Beauty,Skincare,755151394051,EA,6,1.17,4.8,1.9,2.8,0.0148,HB,surge,2023-03-28,True,25.2421,15.6383,A,A,False
SKU-02940,Brightening Sheet Mask,Health & Beauty,Skincare,547748062568,EA,24,0.34,3.1,3.2,6.2,0.0356,HB,surge,2025-05-04,True,1.0649,0.6597,B,C,True
SKU-02941,Brightening Cleanser,Health & Beauty,Skincare,803341255893,EA,24,0.66,2.8,1.9,7.7,0.0237,HB,surge,2022-09-15,True,1.2589,0.7799,B,B,False
SKU-02942,Hydrating Serum,Health & Beauty,Skincare,284124512329,EA,6,0.58,7.5,4.4,3.1,0.0592,HB,surge,2022-12-08,True,3.1206,1.9333,A,B,True
SKU-02943,Gentle Serum,Health & Beauty,Skincare,780048709223,EA,24,0.71,7.6,2.4,3.0,0.0317,HB,surge,2024-05-14,True,0.6918,0.4286,C,C,False
SKU-02944,Hydrating Sheet Mask,Health & Beauty,Skincare,541110526334,EA,12,0.37,2.6,1.0,6.6,0.0099,HB,surge,2025-01-23,True,0.7956,0.4929,B,C,True
SKU-02945,Reviving Cleanser,Health & Beauty,Skincare,639033350813,EA,24,1.18,3.6,2.8,6.3,0.0367,HB,surge,2022-07-16,True,1.1694,0.7245,B,B,False
SKU-02946,Ultra Moisturizer,Health & Beauty,Skincare,827375392392,EA,12,0.7,6.3,1.1,7.4,0.0297,HB,surge,2022-04-23,True,1.4064,0.8713,B,B,False
SKU-02947,Brightening Moisturizer,Health & Beauty,Skincare,396047465965,EA,48,0.99,6.0,2.6,4.5,0.0406,HB,surge,2024-06-27,True,1.8785,1.1638,B,B,False
SKU-02948,Reviving Toner,Health & Beauty,Skincare,334745103110,EA,12,0.96,7.9,4.6,3.8,0.0799,HB,surge,2024-10-24,True,1.7879,1.1076,B,B,False
SKU-02949,Ultra Toner,Health & Beauty,Skincare,469427183039,EA,12,0.44,7.8,3.7,2.3,0.0384,HB,surge,2025-03-15,True,0.7658,0.4744,C,C,False
SKU-02950,Hydrating SPF 30 Sunscreen,Health & Beauty,Skincare,821011806095,EA,24,0.91,7.4,4.0,2.9,0.0497,HB,surge,2025-02-21,True,1.0176,0.6304,B,C,True
SKU-02951,Daily Moisturizer,Health & Beauty,Skincare,076534076575,EA,12,0.57,6.3,1.1,5.8,0.0233,HB,surge,2022-10-26,True,0.916,0.5675,B,C,True
SKU-02952,Reviving Sheet Mask,Health & Beauty,Skincare,156680407548,EA,48,1.02,4.2,2.7,6.8,0.0446,HB,surge,2024-05-16,True,0.9711,0.6016,B,C,True
SKU-02953,Anti-Aging Cleanser,Health & Beauty,Skincare,526301831007,EA,6,1.16,6.6,4.1,7.0,0.1096,HB,surge,2022-10-26,True,1.9963,1.2368,B,B,False
SKU-02954,Daily Cleanser,Health & Beauty,Skincare,694212782077,EA,6,0.33,4.9,3.7,6.5,0.0682,HB,surge,2024-12-16,True,2.1636,1.3404,B,B,False
SKU-02955,Daily SPF 30 Sunscreen,Health & Beauty,Skincare,480837691857,EA,24,0.61,5.6,4.1,2.7,0.0359,HB,surge,2023-07-14,True,2.3599,1.462,B,B,False
SKU-02956,Gentle Moisturizer,Health & Beauty,Skincare,726749123952,EA,48,0.99,7.9,3.5,3.5,0.056,HB,surge,2024-01-25,True,12.621,7.8191,A,A,False
SKU-02957,Brightening Cleanser,Health & Beauty,Skincare,989858738011,EA,24,1.1,7.8,3.3,7.7,0.1147,HB,surge,2025-02-23,True,0.9892,0.6128,B,C,True
SKU-02958,Hydrating Sheet Mask,Health & Beauty,Skincare,315362908668,EA,12,0.37,2.3,2.1,5.5,0.0154,HB,surge,2023-02-04,True,0.7012,0.4344,C,C,False
SKU-02959,Anti-Aging Toner,Health & Beauty,Skincare,720666480139,EA,24,0.85,7.9,3.9,2.3,0.041,HB,surge,2023-09-25,True,0.6915,0.4284,C,C,False
SKU-02960,Hydrating SPF 30 Sunscreen,Health & Beauty,Skincare,926278035163,EA,6,1.11,5.2,1.7,4.1,0.021,HB,surge,2023-05-30,True,4.3914,2.7206,A,A,False
SKU-02961,Ultra Sheet Mask,Health & Beauty,Skincare,893076969116,EA,24,0.32,2.3,4.5,3.4,0.0204,HB,surge,2024-02-23,True,19.5844,12.1331,A,A,False
SKU-02962,Hydrating SPF 30 Sunscreen,Health & Beauty,Skincare,461190510617,EA,24,0.52,7.3,4.8,3.0,0.0608,HB,surge,2023-10-06,True,0.7941,0.492,B,C,True
SKU-02963,Brightening Exfoliant,Health & Beauty,Skincare,551310908425,EA,48,1.15,6.6,1.6,3.2,0.0196,HB,surge,2023-04-18,True,1.4829,0.9187,B,B,False
SKU-02964,Brightening Moisturizer,Health & Beauty,Skincare,652269253277,EA,12,0.94,7.8,4.4,4.1,0.0814,HB,surge,2023-10-29,True,0.7812,0.484,B,C,True
SKU-02965,Ultra Eye Cream,Health & Beauty,Skincare,446326262012,EA,6,1.2,2.4,2.3,7.7,0.0246,HB,surge,2024-05-25,True,1.044,0.6468,B,C,True
SKU-02966,Ultra Sheet Mask,Health & Beauty,Skincare,451482941149,EA,12,0.37,4.3,2.3,6.4,0.0366,HB,surge,2024-10-30,True,0.9761,0.6047,B,C,True
SKU-02967,Hydrating Moisturizer,Health & Beauty,Skincare,085592167043,EA,24,1.04,5.7,4.2,7.3,0.1011,HB,surge,2022-08-22,True,2.7526,1.7053,A,B,True
SKU-02968,Brightening SPF 30 Sunscreen,Health & Beauty,Skincare,586771009980,EA,48,0.74,3.6,4.6,2.1,0.0201,HB,surge,2022-04-08,True,3.6721,2.275,A,B,True
SKU-02969,Anti-Aging Exfoliant,Health & Beauty,Skincare,037603303815,EA,24,0.56,4.1,3.6,5.0,0.0427,HB,surge,2023-03-10,True,1.3802,0.8551,B,B,False
SKU-02970,Hydrating Toner,Health & Beauty,Skincare,745988575460,EA,24,0.73,5.7,1.9,7.6,0.0476,HB,surge,2024-05-18,True,0.7558,0.4682,C,C,False
SKU-02971,Anti-Aging Moisturizer,Health & Beauty,Skincare,618345719162,EA,48,0.83,4.0,1.4,5.1,0.0165,HB,surge,2023-06-29,True,1.2796,0.7928,B,B,False
SKU-02972,Daily Sheet Mask,Health & Beauty,Skincare,964188073620,EA,24,1.13,3.4,3.9,3.1,0.0238,HB,surge,2022-09-16,True,1.2071,0.7478,B,B,False
SKU-02973,Ultra SPF 30 Sunscreen,Health & Beauty,Skincare,982707225365,EA,24,0.27,5.2,4.1,5.8,0.0716,HB,surge,2023-07-06,True,21.985,13.6204,A,A,False
SKU-02974,Ultra Toner,Health & Beauty,Skincare,536972310761,EA,24,0.86,5.3,3.8,2.9,0.0338,HB,surge,2023-12-03,True,1.2179,0.7545,B,B,False
SKU-02975,Anti-Aging Toner,Health & Beauty,Skincare,551962820675,EA,24,0.88,4.9,4.6,7.3,0.0952,HB,surge,2024-08-01,True,1.0106,0.6261,B,C,True
SKU-02976,Ultra Sheet Mask,Health & Beauty,Skincare,490805148054,EA,12,0.51,3.4,1.9,4.2,0.0157,HB,surge,2023-05-23,True,2.4965,1.5466,B,B,False
SKU-02977,Reviving Exfoliant,Health & Beauty,Skincare,105922190634,EA,24,0.96,4.1,4.7,7.0,0.0781,HB,surge,2023-12-28,True,2.1943,1.3594,B,B,False
SKU-02978,Hydrating Sheet Mask,Health & Beauty,Skincare,587484724826,EA,12,0.72,7.1,4.3,4.5,0.0795,HB,surge,2024-01-03,True,0.9003,0.5578,B,C,True
SKU-02979,Hydrating Exfoliant,Health & Beauty,Skincare,638003474208,EA,24,0.83,7.2,1.8,4.4,0.033,HB,surge,2022-04-30,True,1.2845,0.7958,B,B,False
SKU-02980,Gentle Cleanser,Health & Beauty,Skincare,544527077528,EA,24,0.35,4.5,1.5,6.2,0.0242,HB,surge,2022-05-27,True,0.7967,0.4936,B,C,True
SKU-02981,Daily Serum,Health & Beauty,Skincare,651793655728,EA,48,0.79,2.2,4.1,7.4,0.0386,HB,surge,2025-01-07,True,4.2543,2.6357,A,A,False
SKU-02982,Brightening Serum,Health & Beauty,Skincare,703715466547,EA,12,0.12,4.2,2.6,6.6,0.0417,HB,surge,2023-12-27,True,0.7471,0.4629,C,C,False
SKU-02983,Daily Moisturizer,Health & Beauty,Skincare,995751974264,EA,24,0.48,5.8,2.8,3.8,0.0357,HB,surge,2024-09-09,True,1.5302,0.948,B,B,False
SKU-02984,Anti-Aging Cleanser,Health & Beauty,Skincare,903292252225,EA,24,0.22,4.4,3.2,3.8,0.031,HB,surge,2023-11-18,True,0.984,0.6096,B,C,True
SKU-02985,Ultra SPF 30 Sunscreen,Health & Beauty,Skincare,248345897446,EA,6,0.39,6.4,3.7,6.1,0.0836,HB,surge,2023-12-21,True,1.9472,1.2064,B,B,False
SKU-02986,Reviving Cleanser,Health & Beauty,Skincare,678727379481,EA,12,1.13,3.6,2.8,5.0,0.0292,HB,surge,2022-08-07,True,1.1658,0.7223,B,B,False
SKU-02987,Daily Moisturizer,Health & Beauty,Skincare,640686012218,EA,24,0.46,2.7,1.5,5.0,0.0117,HB,surge,2022-12-06,True,0.7994,0.4952,B,C,True
SKU-02988,Hydrating Toner,Health & Beauty,Skincare,641622864774,EA,48,1.06,2.1,4.6,7.2,0.0403,HB,surge,2025-04-18,True,0.802,0.4969,B,C,True
SKU-02989,Anti-Aging Exfoliant,Health & Beauty,Skincare,297171626877,EA,24,0.56,6.3,3.8,4.9,0.0679,HB,surge,2022-11-29,True,2.2523,1.3953,B,B,False
SKU-02990,Anti-Aging Cleanser,Health & Beauty,Skincare,447501337440,EA,6,1.07,4.7,2.3,5.6,0.035,HB,surge,2022-03-15,True,8.5405,5.2911,A,A,False
SKU-02991,Brightening SPF 30 Sunscreen,Health & Beauty,Skincare,253182536751,EA,12,0.14,7.5,1.3,7.2,0.0406,HB,surge,2024-08-11,True,1.4093,0.8731,B,B,False
SKU-02992,Brightening Serum,Health & Beauty,Skincare,752216623975,EA,6,0.86,5.7,2.7,2.4,0.0214,HB,surge,2023-07-23,True,1.2821,0.7943,B,B,False
SKU-02993,Brightening Exfoliant,Health & Beauty,Skincare,988147163598,EA,12,1.02,8.0,4.1,5.6,0.1063,HB,surge,2023-02-11,True,1.4391,0.8915,B,B,False
SKU-02994,Ultra Sheet Mask,Health & Beauty,Skincare,819542067892,EA,24,0.89,7.5,3.8,3.5,0.0577,HB,surge,2022-06-18,True,2.679,1.6597,A,B,True
SKU-02995,Brightening Eye Cream,Health & Beauty,Skincare,168739081234,EA,6,0.92,7.9,1.8,4.8,0.0395,HB,surge,2023-02-01,True,0.8109,0.5024,B,C,True
SKU-02996,Anti-Aging Serum,Health & Beauty,Skincare,494194063817,EA,24,0.25,7.8,4.0,7.0,0.1264,HB,surge,2024-12-30,True,1.2611,0.7813,B,B,False
SKU-02997,Daily SPF 30 Sunscreen,Health & Beauty,Skincare,618184688140,EA,24,0.81,3.8,2.6,8.0,0.0457,HB,surge,2024-01-17,True,0.986,0.6109,B,C,True
SKU-02998,Ultra Eye Cream,Health & Beauty,Skincare,654025428437,EA,6,0.8,2.9,4.2,7.1,0.05,HB,surge,2025-03-19,True,0.9675,0.5994,B,C,True
SKU-02999,Reviving Serum,Health & Beauty,Skincare,547730935965,EA,12,0.1,2.8,1.2,3.6,0.007,HB,surge,2022-09-27,True,0.8071,0.5,B,C,True
SKU-03000,Brightening Sheet Mask,Health & Beauty,Skincare,780464041070,EA,12,0.63,2.6,1.7,6.5,0.0166,HB,surge,2022-03-18,True,2.3518,1.457,B,B,False
SKU-03001,Repairing Conditioner,Health & Beauty,Haircare,292068817215,EA,24,0.47,5.4,4.1,7.4,0.0948,HB,stable,2022-08-06,True,0.3121,0.4254,C,C,False
SKU-03002,Volumizing Dry Shampoo,Health & Beauty,Haircare,787946241645,EA,48,1.06,5.1,3.2,4.8,0.0453,HB,stable,2025-03-22,True,0.3525,0.4804,C,C,False
SKU-03003,Moisturizing Leave-In Conditioner,Health & Beauty,Haircare,384729494024,EA,6,1.03,7.6,4.5,6.9,0.1366,HB,stable,2022-11-28,True,0.5376,0.7328,C,B,True
SKU-03004,Volumizing Hair Oil,Health & Beauty,Haircare,121363735520,EA,12,1.72,3.6,3.8,11.2,0.0887,HB,stable,2022-11-22,True,0.6875,0.937,C,B,True
SKU-03005,Strengthening Leave-In Conditioner,Health & Beauty,Haircare,130681350220,EA,24,0.6,8.7,2.1,10.3,0.1089,HB,stable,2023-01-24,True,0.3919,0.5341,C,C,False
SKU-03006,Strengthening Conditioner,Health & Beauty,Haircare,995108530588,EA,24,0.61,9.6,3.6,4.0,0.08,HB,stable,2025-03-24,True,0.4715,0.6427,C,C,False
SKU-03007,Daily Hair Oil,Health & Beauty,Haircare,802126991917,EA,12,1.49,4.0,4.1,5.3,0.0503,HB,stable,2022-09-30,True,0.6448,0.8789,C,B,True
SKU-03008,Color-Safe Dry Shampoo,Health & Beauty,Haircare,114834923851,EA,12,1.8,6.7,2.7,9.3,0.0974,HB,stable,2022-04-07,True,0.3423,0.4666,C,C,False
SKU-03009,Repairing Conditioner,Health & Beauty,Haircare,849840122396,EA,12,1.92,7.3,4.1,4.3,0.0745,HB,stable,2023-02-17,True,0.5856,0.7982,C,B,True
SKU-03010,Color-Safe Leave-In Conditioner,Health & Beauty,Haircare,926117809395,EA,24,0.5,4.5,4.5,5.5,0.0645,HB,stable,2025-05-14,True,0.4316,0.5882,C,C,False
SKU-03011,Moisturizing Shampoo,Health & Beauty,Haircare,713532060127,EA,6,1.93,9.1,3.9,7.5,0.154,HB,stable,2024-05-09,True,2.4704,3.3671,B,A,True
SKU-03012,Smoothing Scalp Serum,Health & Beauty,Haircare,544923509563,EA,24,1.2,4.1,2.8,7.6,0.0505,HB,stable,2022-07-30,True,1.7345,2.3641,B,B,False
SKU-03013,Moisturizing Conditioner,Health & Beauty,Haircare,742405537537,EA,6,0.74,9.0,4.0,5.5,0.1146,HB,stable,2023-10-07,True,0.8831,1.2036,B,B,False
SKU-03014,Moisturizing Leave-In Conditioner,Health & Beauty,Haircare,228172040772,EA,24,1.36,9.0,3.5,7.3,0.1331,HB,stable,2023-02-20,True,0.4246,0.5787,C,C,False
SKU-03015,Volumizing Conditioner,Health & Beauty,Haircare,917195247403,EA,48,0.53,4.1,3.0,7.8,0.0555,HB,stable,2024-03-13,True,0.3503,0.4775,C,C,False
SKU-03016,Volumizing Shampoo,Health & Beauty,Haircare,893880827853,EA,48,0.69,4.9,3.6,8.2,0.0837,HB,stable,2023-11-10,True,0.3541,0.4826,C,C,False
SKU-03017,Volumizing Dry Shampoo,Health & Beauty,Haircare,516121966480,EA,12,1.48,6.8,2.0,5.7,0.0449,HB,stable,2025-02-14,True,2.8214,3.8455,A,A,False
SKU-03018,Daily Hair Oil,Health & Beauty,Haircare,415170897645,EA,24,1.92,4.1,2.8,8.6,0.0571,HB,stable,2022-07-17,True,46.9377,63.9747,A,A,False
SKU-03019,Smoothing Conditioner,Health & Beauty,Haircare,132791214340,EA,48,1.35,4.8,3.4,7.8,0.0737,HB,stable,2022-03-23,True,0.3397,0.463,C,C,False
SKU-03020,Volumizing Dry Shampoo,Health & Beauty,Haircare,044457526516,EA,24,1.19,3.4,3.8,10.2,0.0763,HB,stable,2022-10-23,True,0.5568,0.7589,C,B,True
SKU-03021,Moisturizing Scalp Serum,Health & Beauty,Haircare,560339183720,EA,24,1.83,9.6,2.4,10.5,0.14,HB,stable,2024-10-26,True,0.8553,1.1657,B,B,False
SKU-03022,Strengthening Scalp Serum,Health & Beauty,Haircare,967025497247,EA,12,1.87,9.9,2.8,6.2,0.0995,HB,stable,2023-09-15,True,1.3917,1.8968,B,B,False
SKU-03023,Repairing Conditioner,Health & Beauty,Haircare,758971290563,EA,24,0.86,5.9,3.7,10.1,0.1276,HB,stable,2025-02-22,True,0.3364,0.4585,C,C,False
SKU-03024,Strengthening Conditioner,Health & Beauty,Haircare,003394488742,EA,6,0.87,6.1,4.8,10.1,0.1711,HB,stable,2025-03-23,True,0.3521,0.4799,C,C,False
SKU-03025,Volumizing Scalp Serum,Health & Beauty,Haircare,384409574220,EA,48,0.61,6.5,2.3,6.0,0.0519,HB,stable,2023-09-13,True,0.7063,0.9627,C,B,True
SKU-03026,Volumizing Dry Shampoo,Health & Beauty,Haircare,259063747288,EA,24,1.53,6.3,4.7,10.1,0.1731,HB,stable,2024-01-11,True,0.4545,0.6195,C,C,False
SKU-03027,Volumizing Deep Hair Mask,Health & Beauty,Haircare,751694236626,EA,24,0.73,8.5,3.8,5.6,0.1047,HB,stable,2025-05-02,True,0.3425,0.4668,C,C,False
SKU-03028,Repairing Dry Shampoo,Health & Beauty,Haircare,914729439601,EA,48,0.77,7.5,2.7,11.7,0.1371,HB,stable,2023-05-25,True,4.6655,6.3589,A,A,False
SKU-03029,Color-Safe Leave-In Conditioner,Health & Beauty,Haircare,988348117948,EA,12,1.98,9.8,3.2,10.6,0.1924,HB,stable,2023-10-02,True,1.1216,1.5287,B,B,False
SKU-03030,Volumizing Deep Hair Mask,Health & Beauty,Haircare,244361627948,EA,12,1.02,9.6,2.2,8.0,0.0978,HB,stable,2022-09-14,True,1.0211,1.3917,B,B,False
SKU-03031,Smoothing Hair Oil,Health & Beauty,Haircare,689229191419,EA,24,1.22,7.6,3.5,9.4,0.1447,HB,stable,2022-07-24,True,2.4626,3.3564,B,A,True
SKU-03032,Color-Safe Shampoo,Health & Beauty,Haircare,121435147072,EA,48,0.46,3.3,4.1,10.3,0.0806,HB,stable,2022-10-12,True,18.8896,25.7459,A,A,False
SKU-03033,Repairing Scalp Serum,Health & Beauty,Haircare,392915604284,EA,6,0.52,7.4,3.9,11.7,0.1954,HB,stable,2025-04-06,True,0.3301,0.4499,C,C,False
SKU-03034,Color-Safe Conditioner,Health & Beauty,Haircare,493340753359,EA,12,0.46,5.3,3.2,8.6,0.0844,HB,stable,2024-01-03,True,0.6091,0.8302,C,B,True
SKU-03035,Color-Safe Scalp Serum,Health & Beauty,Haircare,114310672251,EA,48,0.91,8.1,3.5,8.4,0.1378,HB,stable,2023-07-02,True,1.4738,2.0087,B,B,False
SKU-03036,Color-Safe Dry Shampoo,Health & Beauty,Haircare,391345649460,EA,6,1.33,5.2,4.9,9.1,0.1342,HB,stable,2024-09-07,True,0.3181,0.4336,C,C,False
SKU-03037,Daily Leave-In Conditioner,Health & Beauty,Haircare,312692971017,EA,24,1.79,8.9,2.3,4.1,0.0486,HB,stable,2022-07-19,True,0.322,0.4389,C,C,False
SKU-03038,Color-Safe Hair Oil,Health & Beauty,Haircare,529593491577,EA,24,0.47,9.1,4.8,8.3,0.2098,HB,stable,2023-06-08,True,1.2749,1.7376,B,B,False
SKU-03039,Volumizing Hair Oil,Health & Beauty,Haircare,435993385157,EA,12,0.86,6.5,4.6,7.1,0.1229,HB,stable,2023-06-02,True,1.3587,1.8519,B,B,False
SKU-03040,Smoothing Scalp Serum,Health & Beauty,Haircare,539285692176,EA,12,0.59,3.4,2.9,9.3,0.0531,HB,stable,2022-06-19,True,0.5208,0.7099,C,B,True
SKU-03041,Moisturizing Hair Oil,Health & Beauty,Haircare,873145269124,EA,12,1.27,9.7,3.8,9.4,0.2005,HB,stable,2022-12-02,True,2.6938,3.6716,A,A,False
SKU-03042,Color-Safe Scalp Serum,Health & Beauty,Haircare,957074506998,EA,24,0.47,5.9,2.4,5.4,0.0443,HB,stable,2024-09-16,True,0.9866,1.3447,B,B,False
SKU-03043,Smoothing Shampoo,Health & Beauty,Haircare,652568684476,EA,12,0.51,4.8,2.1,9.9,0.0578,HB,stable,2023-12-22,True,0.3276,0.4465,C,C,False
SKU-03044,Smoothing Deep Hair Mask,Health & Beauty,Haircare,816467237983,EA,12,1.4,4.1,2.9,6.0,0.0413,HB,stable,2022-05-08,True,0.9773,1.332,B,B,False
SKU-03045,Daily Dry Shampoo,Health & Beauty,Haircare,711642002256,EA,6,0.71,5.2,2.5,5.9,0.0444,HB,stable,2024-01-06,True,0.7556,1.0298,C,B,True
SKU-03046,Volumizing Dry Shampoo,Health & Beauty,Haircare,149582142737,EA,6,0.65,3.4,4.2,9.6,0.0793,HB,stable,2024-04-18,True,0.4252,0.5795,C,C,False
SKU-03047,Strengthening Conditioner,Health & Beauty,Haircare,076113924424,EA,12,1.49,6.4,4.2,9.5,0.1478,HB,stable,2023-04-02,True,0.4054,0.5525,C,C,False
SKU-03048,Repairing Scalp Serum,Health & Beauty,Haircare,523257600352,EA,48,1.31,7.1,3.9,6.2,0.0994,HB,stable,2023-06-29,True,1.3967,1.9037,B,B,False
SKU-03049,Color-Safe Deep Hair Mask,Health & Beauty,Haircare,601753123484,EA,12,1.88,9.2,2.3,8.3,0.1016,HB,stable,2022-05-14,True,38.7236,52.7791,A,A,False
SKU-03050,Color-Safe Deep Hair Mask,Health & Beauty,Haircare,878568352522,EA,12,0.45,9.6,2.7,5.2,0.078,HB,stable,2022-05-06,True,0.5516,0.7518,C,B,True
SKU-03051,Color-Safe Dry Shampoo,Health & Beauty,Haircare,382588379497,EA,24,1.46,7.2,4.4,4.8,0.088,HB,stable,2023-01-29,True,0.3575,0.4872,C,C,False
SKU-03052,Daily Scalp Serum,Health & Beauty,Haircare,988180710738,EA,12,0.41,8.0,3.5,10.7,0.1734,HB,stable,2023-02-22,True,1.3182,1.7967,B,B,False
SKU-03053,Moisturizing Deep Hair Mask,Health & Beauty,Haircare,104492118692,EA,6,1.71,7.1,3.5,11.8,0.1697,HB,stable,2023-11-27,True,1.4476,1.9731,B,B,False
SKU-03054,Volumizing Leave-In Conditioner,Health & Beauty,Haircare,655714305660,EA,12,0.62,5.7,2.6,11.2,0.0961,HB,stable,2024-02-14,True,0.3882,0.5291,C,C,False
SKU-03055,Color-Safe Conditioner,Health & Beauty,Haircare,563497690522,EA,24,1.28,8.5,4.7,5.6,0.1295,HB,stable,2022-10-30,True,0.8529,1.1625,B,B,False
SKU-03056,Volumizing Conditioner,Health & Beauty,Haircare,208793269936,EA,24,1.24,9.2,3.7,11.5,0.2265,HB,stable,2023-01-01,True,1.8074,2.4634,B,B,False
SKU-03057,Moisturizing Shampoo,Health & Beauty,Haircare,316786108033,EA,12,0.65,4.2,3.7,7.4,0.0665,HB,stable,2023-05-12,True,7.5928,10.3488,A,A,False
SKU-03058,Smoothing Dry Shampoo,Health & Beauty,Haircare,914684190730,EA,24,1.83,6.0,2.3,10.7,0.0855,HB,stable,2024-03-11,True,1.169,1.5933,B,B,False
SKU-03059,Strengthening Leave-In Conditioner,Health & Beauty,Haircare,579004088495,EA,24,0.69,5.0,3.2,8.3,0.0769,HB,stable,2022-11-23,True,0.483,0.6583,C,C,False
SKU-03060,Repairing Scalp Serum,Health & Beauty,Haircare,506481020176,EA,24,1.54,6.6,4.9,4.3,0.0805,HB,stable,2024-01-15,True,0.7154,0.9751,C,B,True
SKU-03061,Color-Safe Scalp Serum,Health & Beauty,Haircare,503641168616,EA,12,1.73,4.8,3.9,5.7,0.0617,HB,stable,2023-06-29,True,0.4618,0.6294,C,C,False
SKU-03062,Color-Safe Leave-In Conditioner,Health & Beauty,Haircare,148962784548,EA,24,1.82,3.5,4.8,4.5,0.0438,HB,stable,2025-03-26,True,0.4549,0.62,C,C,False
SKU-03063,Repairing Scalp Serum,Health & Beauty,Haircare,272767773403,EA,12,1.29,4.3,2.1,9.5,0.0496,HB,stable,2022-12-01,True,0.5115,0.6972,C,B,True
SKU-03064,Color-Safe Deep Hair Mask,Health & Beauty,Haircare,574216678914,EA,12,1.47,4.4,3.3,5.5,0.0462,HB,stable,2022-08-05,True,2.372,3.233,B,A,True
SKU-03065,Strengthening Dry Shampoo,Health & Beauty,Haircare,111421388351,EA,12,1.46,3.1,3.2,7.2,0.0413,HB,stable,2023-06-17,True,2.727,3.7168,A,A,False
SKU-03066,Moisturizing Scalp Serum,Health & Beauty,Haircare,139523394015,EA,6,1.77,9.5,4.7,11.1,0.2868,HB,stable,2024-08-06,True,0.3467,0.4726,C,C,False
SKU-03067,Moisturizing Shampoo,Health & Beauty,Haircare,619763743266,EA,12,1.76,5.4,4.6,11.4,0.1639,HB,stable,2024-04-15,True,0.4146,0.5651,C,C,False
SKU-03068,Color-Safe Dry Shampoo,Health & Beauty,Haircare,009259437719,EA,6,1.58,8.4,3.2,4.0,0.0622,HB,stable,2024-04-17,True,1.7153,2.3379,B,B,False
SKU-03069,Volumizing Conditioner,Health & Beauty,Haircare,373997079766,EA,12,1.3,9.0,3.8,4.9,0.097,HB,stable,2024-08-05,True,0.3158,0.4304,C,C,False
SKU-03070,Smoothing Scalp Serum,Health & Beauty,Haircare,165837917642,EA,6,1.86,3.9,4.5,6.9,0.0701,HB,stable,2025-01-10,True,0.5399,0.7359,C,B,True
SKU-03071,Repairing Hair Oil,Health & Beauty,Haircare,878272375777,EA,6,1.22,9.9,4.9,8.6,0.2414,HB,stable,2025-01-19,True,5.3412,7.2799,A,A,False
SKU-03072,Smoothing Leave-In Conditioner,Health & Beauty,Haircare,246580233712,EA,6,0.97,3.3,4.4,6.5,0.0546,HB,stable,2023-07-24,True,0.7749,1.0561,B,B,False
SKU-03073,Repairing Dry Shampoo,Health & Beauty,Haircare,350900486422,EA,24,1.96,3.8,2.8,9.5,0.0585,HB,stable,2023-10-11,True,0.4095,0.5582,C,C,False
SKU-03074,Strengthening Scalp Serum,Health & Beauty,Haircare,753010330759,EA,48,1.06,4.3,2.7,6.3,0.0423,HB,stable,2025-05-07,True,1.2245,1.6689,B,B,False
SKU-03075,Strengthening Leave-In Conditioner,Health & Beauty,Haircare,945775786845,EA,24,1.96,7.8,4.7,8.3,0.1761,HB,stable,2023-07-20,True,0.8922,1.2161,B,B,False
SKU-03076,Repairing Leave-In Conditioner,Health & Beauty,Haircare,300973927270,EA,24,1.13,7.8,4.0,9.2,0.1661,HB,stable,2023-12-04,True,1.1072,1.5091,B,B,False
SKU-03077,Moisturizing Leave-In Conditioner,Health & Beauty,Haircare,594590557645,EA,12,0.47,4.1,2.0,5.4,0.0256,HB,stable,2024-04-23,True,67.3454,91.7897,A,A,False
SKU-03078,Color-Safe Scalp Serum,Health & Beauty,Haircare,346152577123,EA,24,1.45,4.0,2.7,12.0,0.075,HB,stable,2024-05-02,True,0.3615,0.4927,C,C,False
SKU-03079,Strengthening Conditioner,Health & Beauty,Haircare,108956100117,EA,24,0.76,6.3,2.3,7.7,0.0646,HB,stable,2023-01-16,True,0.3297,0.4494,C,C,False
SKU-03080,Volumizing Scalp Serum,Health & Beauty,Haircare,405377335011,EA,12,0.98,4.0,3.6,6.2,0.0517,HB,stable,2023-06-24,True,2.2416,3.0552,B,A,True
SKU-03081,Moisturizing Hair Oil,Health & Beauty,Haircare,743998839680,EA,6,1.24,7.7,3.7,8.0,0.1319,HB,stable,2025-04-27,True,0.3715,0.5064,C,C,False
SKU-03082,Repairing Leave-In Conditioner,Health & Beauty,Haircare,675019008941,EA,24,0.91,8.3,4.8,9.5,0.219,HB,stable,2025-04-12,True,0.3127,0.4262,C,C,False
SKU-03083,Strengthening Leave-In Conditioner,Health & Beauty,Haircare,079275958124,EA,48,1.3,3.8,2.1,9.3,0.0429,HB,stable,2023-05-07,True,0.6076,0.8282,C,B,True
SKU-03084,Moisturizing Leave-In Conditioner,Health & Beauty,Haircare,870755609896,EA,12,1.82,5.9,4.1,8.0,0.112,HB,stable,2023-06-19,True,0.8034,1.095,B,B,False
SKU-03085,Strengthening Leave-In Conditioner,Health & Beauty,Haircare,333177147700,EA,6,1.22,4.2,3.5,8.3,0.0706,HB,stable,2023-10-09,True,0.423,0.5765,C,C,False
SKU-03086,Volumizing Deep Hair Mask,Health & Beauty,Haircare,295364770586,EA,24,0.52,8.1,3.7,7.6,0.1318,HB,stable,2022-04-05,True,0.7275,0.9916,C,B,True
SKU-03087,Daily Scalp Serum,Health & Beauty,Haircare,803509972187,EA,48,1.51,4.1,2.6,11.0,0.0679,HB,stable,2024-02-29,True,0.9681,1.3195,B,B,False
SKU-03088,Strengthening Conditioner,Health & Beauty,Haircare,621427354810,EA,48,1.84,7.0,3.6,4.1,0.0598,HB,stable,2024-05-09,True,10.1904,13.8892,A,A,False
SKU-03089,Repairing Conditioner,Health & Beauty,Haircare,500609684716,EA,12,1.36,7.6,3.5,7.2,0.1108,HB,stable,2022-11-30,True,0.3217,0.4385,C,C,False
SKU-03090,Daily Dry Shampoo,Health & Beauty,Haircare,487793679272,EA,48,1.64,3.0,3.1,10.9,0.0587,HB,stable,2023-09-03,True,6.1223,8.3445,A,A,False
SKU-03091,Strengthening Hair Oil,Health & Beauty,Haircare,510216995861,EA,24,1.31,5.5,3.8,9.7,0.1173,HB,stable,2023-07-25,True,0.8413,1.1467,B,B,False
SKU-03092,Volumizing Shampoo,Health & Beauty,Haircare,969073039491,EA,24,1.68,4.7,3.9,7.4,0.0785,HB,stable,2023-12-28,True,1.0224,1.3935,B,B,False
SKU-03093,Moisturizing Hair Oil,Health & Beauty,Haircare,292156541208,EA,12,1.27,3.2,2.9,5.4,0.029,HB,stable,2023-04-06,True,2.0653,2.8149,B,A,True
SKU-03094,Moisturizing Leave-In Conditioner,Health & Beauty,Haircare,641964533083,EA,24,1.39,3.7,2.8,6.2,0.0372,HB,stable,2025-03-21,True,1.6035,2.1855,B,B,False
SKU-03095,Strengthening Scalp Serum,Health & Beauty,Haircare,120520182544,EA,48,0.98,9.8,3.7,5.7,0.1196,HB,stable,2023-02-04,True,22.7786,31.0465,A,A,False
SKU-03096,Color-Safe Leave-In Conditioner,Health & Beauty,Haircare,202907913870,EA,48,0.72,3.2,3.8,5.3,0.0373,HB,stable,2022-10-25,True,0.3905,0.5323,C,C,False
SKU-03097,Daily Shampoo,Health & Beauty,Haircare,993129000170,EA,48,1.06,6.6,4.0,4.8,0.0733,HB,stable,2024-02-11,True,0.4731,0.6448,C,C,False
SKU-03098,Daily Conditioner,Health & Beauty,Haircare,854376895353,EA,12,1.35,7.4,4.5,8.2,0.158,HB,stable,2024-04-15,True,0.9544,1.3008,B,B,False
SKU-03099,Color-Safe Conditioner,Health & Beauty,Haircare,314180534729,EA,48,0.76,7.0,2.3,10.7,0.0997,HB,stable,2023-12-30,True,0.7057,0.9618,C,B,True
SKU-03100,Smoothing Scalp Serum,Health & Beauty,Haircare,846500221960,EA,48,0.78,8.1,4.1,9.5,0.1826,HB,stable,2024-06-03,True,0.3325,0.4532,C,C,False
SKU-03101,Repairing Leave-In Conditioner,Health & Beauty,Haircare,345800716331,EA,24,0.76,3.9,4.8,5.0,0.0542,HB,stable,2024-10-20,True,0.693,0.9446,C,B,True
SKU-03102,Repairing Dry Shampoo,Health & Beauty,Haircare,922210500384,EA,12,1.35,4.2,3.9,11.3,0.1071,HB,stable,2024-10-20,True,0.3621,0.4935,C,C,False
SKU-03103,Daily Leave-In Conditioner,Health & Beauty,Haircare,970573663006,EA,24,0.92,4.0,4.0,7.1,0.0657,HB,stable,2024-03-13,True,0.9804,1.3362,B,B,False
SKU-03104,Color-Safe Dry Shampoo,Health & Beauty,Haircare,910470721155,EA,12,1.22,6.7,3.7,9.6,0.1377,HB,stable,2023-06-12,True,0.82,1.1176,B,B,False
SKU-03105,Repairing Leave-In Conditioner,Health & Beauty,Haircare,715793823912,EA,48,1.73,6.7,4.2,11.1,0.1808,HB,stable,2022-06-16,True,0.6356,0.8663,C,B,True
SKU-03106,Color-Safe Hair Oil,Health & Beauty,Haircare,442418439479,EA,48,1.72,9.2,3.8,8.7,0.176,HB,stable,2024-04-02,True,2.305,3.1416,B,A,True
SKU-03107,Strengthening Hair Oil,Health & Beauty,Haircare,240750403864,EA,24,1.72,4.9,2.1,8.7,0.0518,HB,stable,2023-10-07,True,0.9068,1.236,B,B,False
SKU-03108,Moisturizing Shampoo,Health & Beauty,Haircare,829948052624,EA,24,0.76,9.5,4.7,8.1,0.2093,HB,stable,2024-09-22,True,0.7195,0.9806,C,B,True
SKU-03109,Strengthening Dry Shampoo,Health & Beauty,Haircare,344882191211,EA,6,1.49,7.7,3.6,10.5,0.1684,HB,stable,2023-06-16,True,0.8712,1.1874,B,B,False
SKU-03110,Smoothing Hair Oil,Health & Beauty,Haircare,888123132474,EA,24,0.55,4.2,4.2,6.5,0.0664,HB,stable,2024-02-24,True,0.4368,0.5954,C,C,False
SKU-03111,Repairing Hair Oil,Health & Beauty,Haircare,132258628972,EA,12,0.93,3.1,3.8,7.8,0.0532,HB,stable,2022-04-11,True,0.3627,0.4943,C,C,False
SKU-03112,Volumizing Deep Hair Mask,Health & Beauty,Haircare,221720550754,EA,12,1.07,6.7,2.9,11.5,0.1293,HB,stable,2023-04-30,True,1.1415,1.5558,B,B,False
SKU-03113,Strengthening Conditioner,Health & Beauty,Haircare,276216912976,EA,12,1.63,6.5,2.7,7.2,0.0731,HB,stable,2023-11-21,True,0.3134,0.4271,C,C,False
SKU-03114,Strengthening Scalp Serum,Health & Beauty,Haircare,342363633181,EA,24,1.7,8.6,2.3,6.5,0.0744,HB,stable,2024-07-21,True,0.3123,0.4256,C,C,False
SKU-03115,Strengthening Deep Hair Mask,Health & Beauty,Haircare,283538092527,EA,24,0.51,6.6,2.5,4.5,0.043,HB,stable,2024-11-16,True,0.4275,0.5827,C,C,False
SKU-03116,Moisturizing Conditioner,Health & Beauty,Haircare,692457695853,EA,24,1.52,6.8,4.0,4.8,0.0756,HB,stable,2024-02-06,True,0.6284,0.8565,C,B,True
SKU-03117,Smoothing Scalp Serum,Health & Beauty,Haircare,197341368529,EA,24,1.44,6.8,3.2,9.2,0.1159,HB,stable,2023-01-04,True,0.6132,0.8358,C,B,True
SKU-03118,Moisturizing Shampoo,Health & Beauty,Haircare,903630194163,EA,12,1.04,7.4,4.6,6.8,0.134,HB,stable,2022-05-10,True,1.0217,1.3926,B,B,False
SKU-03119,Moisturizing Hair Oil,Health & Beauty,Haircare,192397274022,EA,12,0.53,3.0,2.3,11.9,0.0475,HB,stable,2022-07-16,True,0.3673,0.5006,C,C,False
SKU-03120,Strengthening Scalp Serum,Health & Beauty,Haircare,411260092194,EA,6,0.67,6.6,2.7,8.5,0.0877,HB,stable,2024-01-19,True,1.0245,1.3963,B,B,False
SKU-03121,Daily Scalp Serum,Health & Beauty,Haircare,750838825737,EA,24,0.89,8.6,3.0,9.0,0.1344,HB,stable,2022-06-11,True,0.6611,0.9011,C,B,True
SKU-03122,Strengthening Deep Hair Mask,Health & Beauty,Haircare,589990950122,EA,6,1.94,8.2,3.3,6.3,0.0987,HB,stable,2024-02-28,True,0.7181,0.9788,C,B,True
SKU-03123,Strengthening Scalp Serum,Health & Beauty,Haircare,358760734687,EA,12,0.9,8.0,2.2,8.9,0.0906,HB,stable,2023-12-12,True,0.8688,1.1841,B,B,False
SKU-03124,Volumizing Conditioner,Health & Beauty,Haircare,398882084248,EA,12,1.14,9.8,3.0,5.2,0.0885,HB,stable,2023-05-17,True,0.6459,0.8804,C,B,True
SKU-03125,Repairing Conditioner,Health & Beauty,Haircare,878795021259,EA,24,1.17,9.5,4.4,5.0,0.1209,HB,stable,2023-12-27,True,0.4156,0.5665,C,C,False
SKU-03126,Strengthening Conditioner,Health & Beauty,Haircare,816048916275,EA,24,1.23,7.2,2.3,4.7,0.045,HB,stable,2022-07-08,True,2.5989,3.5422,B,A,True
SKU-03127,Volumizing Scalp Serum,Health & Beauty,Haircare,558058150869,EA,12,0.48,4.5,4.2,8.2,0.0897,HB,stable,2023-01-16,True,0.3452,0.4705,C,C,False
SKU-03128,Volumizing Dry Shampoo,Health & Beauty,Haircare,328109372797,EA,12,0.45,8.0,3.7,4.8,0.0822,HB,stable,2023-06-18,True,0.6051,0.8247,C,B,True
SKU-03129,Moisturizing Scalp Serum,Health & Beauty,Haircare,482859571252,EA,6,1.77,4.6,2.8,8.7,0.0648,HB,stable,2023-12-17,True,2.6798,3.6525,A,A,False
SKU-03130,Daily Hair Oil,Health & Beauty,Haircare,683276128597,EA,12,1.44,6.6,2.2,7.9,0.0664,HB,stable,2024-09-21,True,0.522,0.7115,C,B,True
SKU-03131,Volumizing Conditioner,Health & Beauty,Haircare,978530340392,EA,12,1.58,7.7,2.9,11.2,0.1447,HB,stable,2023-04-30,True,0.4992,0.6804,C,B,True
SKU-03132,Volumizing Shampoo,Health & Beauty,Haircare,963873550222,EA,24,1.87,4.0,4.2,9.0,0.0875,HB,stable,2023-09-29,True,3.4117,4.6501,A,A,False
SKU-03133,Strengthening Conditioner,Health & Beauty,Haircare,233131660699,EA,6,0.41,4.7,2.5,5.0,0.034,HB,stable,2022-06-10,True,0.3573,0.487,C,C,False
SKU-03134,Smoothing Hair Oil,Health & Beauty,Haircare,792965359081,EA,48,1.8,7.8,2.8,5.4,0.0683,HB,stable,2023-08-22,True,0.6693,0.9123,C,B,True
SKU-03135,Volumizing Deep Hair Mask,Health & Beauty,Haircare,781204265569,EA,6,0.69,6.4,4.4,10.4,0.1695,HB,stable,2024-07-02,True,0.412,0.5615,C,C,False
SKU-03136,Smoothing Scalp Serum,Health & Beauty,Haircare,638214165138,EA,24,0.51,5.7,3.6,7.1,0.0843,HB,stable,2023-05-02,True,0.9053,1.2339,B,B,False
SKU-03137,Color-Safe Leave-In Conditioner,Health & Beauty,Haircare,267991928895,EA,24,0.57,3.2,2.2,4.7,0.0191,HB,stable,2024-01-08,True,0.6755,0.9207,C,B,True
SKU-03138,Daily Shampoo,Health & Beauty,Haircare,868299132119,EA,12,1.16,3.7,2.7,11.7,0.0676,HB,stable,2023-04-03,True,2.4665,3.3617,B,A,True
SKU-03139,Smoothing Leave-In Conditioner,Health & Beauty,Haircare,218897430899,EA,24,1.6,3.2,2.8,11.6,0.0601,HB,stable,2022-08-11,True,0.9037,1.2317,B,B,False
SKU-03140,Volumizing Shampoo,Health & Beauty,Haircare,092930160926,EA,12,1.05,7.1,2.9,5.0,0.0596,HB,stable,2025-03-27,True,0.475,0.6474,C,C,False
SKU-03141,Repairing Shampoo,Health & Beauty,Haircare,634798094825,EA,48,0.42,6.5,4.8,6.2,0.1119,HB,stable,2022-05-19,True,0.4061,0.5535,C,C,False
SKU-03142,Color-Safe Shampoo,Health & Beauty,Haircare,702890832957,EA,6,1.38,7.2,2.0,7.6,0.0633,HB,stable,2022-12-17,True,1.2471,1.6998,B,B,False
SKU-03143,Repairing Shampoo,Health & Beauty,Haircare,884382622582,EA,24,1.54,3.4,2.9,10.4,0.0593,HB,stable,2025-04-27,True,0.3872,0.5278,C,C,False
SKU-03144,Repairing Shampoo,Health & Beauty,Haircare,230206426952,EA,12,1.03,6.9,3.9,6.7,0.1043,HB,stable,2022-11-08,True,0.7847,1.0695,B,B,False
SKU-03145,Daily Conditioner,Health & Beauty,Haircare,430165293597,EA,24,0.91,7.4,4.1,5.4,0.0948,HB,stable,2024-06-24,True,0.6364,0.8674,C,B,True
SKU-03146,Color-Safe Scalp Serum,Health & Beauty,Haircare,123299915171,EA,12,1.15,8.2,2.4,5.0,0.0569,HB,stable,2024-09-26,True,2.0064,2.7347,B,A,True
SKU-03147,Strengthening Hair Oil,Health & Beauty,Haircare,273567516359,EA,6,0.99,4.4,2.3,5.1,0.0299,HB,stable,2025-02-10,True,2.5351,3.4553,B,A,True
SKU-03148,Moisturizing Shampoo,Health & Beauty,Haircare,751314933418,EA,24,1.1,5.1,2.0,8.4,0.0496,HB,stable,2023-02-06,True,1.6305,2.2223,B,B,False
SKU-03149,Moisturizing Deep Hair Mask,Health & Beauty,Haircare,697882087190,EA,12,0.85,4.7,4.2,5.8,0.0663,HB,stable,2022-04-23,True,17.4038,23.7209,A,A,False
SKU-03150,Smoothing Shampoo,Health & Beauty,Haircare,574938740378,EA,12,1.62,6.4,4.5,4.6,0.0767,HB,stable,2024-06-14,True,0.8811,1.2009,B,B,False
SKU-03151,Strengthening Dry Shampoo,Health & Beauty,Haircare,453103296076,EA,6,1.9,5.2,2.4,5.9,0.0426,HB,stable,2024-02-04,True,0.4797,0.6538,C,C,False
SKU-03152,Smoothing Shampoo,Health & Beauty,Haircare,851174716544,EA,12,1.44,6.4,4.6,7.2,0.1227,HB,stable,2022-11-17,True,0.917,1.2499,B,B,False
SKU-03153,Moisturizing Conditioner,Health & Beauty,Haircare,498420063104,EA,24,1.07,7.4,2.2,9.7,0.0914,HB,stable,2025-04-14,True,4.6515,6.3398,A,A,False
SKU-03154,Daily Hair Oil,Health & Beauty,Haircare,727216775882,EA,24,1.11,9.1,2.4,8.0,0.1011,HB,stable,2025-02-28,True,1.1257,1.5343,B,B,False
SKU-03155,Moisturizing Scalp Serum,Health & Beauty,Haircare,683059097053,EA,24,1.11,7.1,4.2,10.0,0.1726,HB,stable,2022-12-08,True,0.8567,1.1677,B,B,False
SKU-03156,Daily Dry Shampoo,Health & Beauty,Haircare,380809546721,EA,48,1.17,3.0,3.1,8.6,0.0463,HB,stable,2023-09-23,True,2.383,3.2479,B,A,True
SKU-03157,Smoothing Deep Hair Mask,Health & Beauty,Haircare,310673632850,EA,24,1.87,8.9,4.0,5.2,0.1071,HB,stable,2024-02-17,True,0.4772,0.6504,C,C,False
SKU-03158,Color-Safe Scalp Serum,Health & Beauty,Haircare,758464586486,EA,48,0.78,3.2,2.6,5.5,0.0265,HB,stable,2023-04-25,True,0.3382,0.461,C,C,False
SKU-03159,Smoothing Deep Hair Mask,Health & Beauty,Haircare,053528956424,EA,12,1.23,5.1,4.7,7.5,0.104,HB,stable,2022-11-21,True,3.0733,4.1888,A,A,False
SKU-03160,Daily Scalp Serum,Health & Beauty,Haircare,135932634220,EA,24,0.93,9.5,4.5,5.1,0.1262,HB,stable,2023-11-09,True,1.104,1.5047,B,B,False
SKU-03161,Repairing Deep Hair Mask,Health & Beauty,Haircare,135674197897,EA,48,1.61,7.6,2.1,8.2,0.0757,HB,stable,2023-09-26,True,0.5426,0.7395,C,B,True
SKU-03162,Strengthening Deep Hair Mask,Health & Beauty,Haircare,796536530027,EA,48,1.35,6.1,4.4,11.3,0.1755,HB,stable,2022-05-25,True,0.5779,0.7877,C,B,True
SKU-03163,Repairing Hair Oil,Health & Beauty,Haircare,063591056217,EA,24,1.78,9.2,3.2,9.7,0.1653,HB,stable,2022-05-12,True,0.3114,0.4244,C,C,False
SKU-03164,Volumizing Deep Hair Mask,Health & Beauty,Haircare,779195381077,EA,6,1.56,4.8,3.4,8.5,0.0803,HB,stable,2022-07-26,True,2.2612,3.082,B,A,True
SKU-03165,Strengthening Scalp Serum,Health & Beauty,Haircare,340030668283,EA,24,1.67,9.5,4.3,8.1,0.1915,HB,stable,2022-10-20,True,0.3107,0.4235,C,C,False
SKU-03166,Color-Safe Dry Shampoo,Health & Beauty,Haircare,952067768622,EA,12,0.58,5.0,4.1,4.2,0.0498,HB,stable,2023-01-25,True,1.4682,2.0011,B,B,False
SKU-03167,Moisturizing Deep Hair Mask,Health & Beauty,Haircare,013281116815,EA,12,0.88,7.0,2.3,4.8,0.0447,HB,stable,2023-05-25,True,1.1064,1.508,B,B,False
SKU-03168,Smoothing Deep Hair Mask,Health & Beauty,Haircare,082654372728,EA,24,0.86,3.4,4.9,4.4,0.0424,HB,stable,2023-08-23,True,0.3348,0.4563,C,C,False
SKU-03169,Smoothing Shampoo,Health & Beauty,Haircare,468268990082,EA,12,0.74,7.0,2.3,7.0,0.0652,HB,stable,2023-11-15,True,0.317,0.4321,C,C,False
SKU-03170,Moisturizing Scalp Serum,Health & Beauty,Haircare,422410984893,EA,6,0.46,3.7,4.7,4.4,0.0443,HB,stable,2024-09-27,True,2.996,4.0835,A,A,False
SKU-03171,Smoothing Leave-In Conditioner,Health & Beauty,Haircare,754264063496,EA,6,1.83,7.7,3.6,7.1,0.1139,HB,stable,2023-01-08,True,0.3172,0.4324,C,C,False
SKU-03172,Color-Safe Leave-In Conditioner,Health & Beauty,Haircare,084078094621,EA,48,1.61,7.0,2.6,9.6,0.1011,HB,stable,2023-04-18,True,8.4642,11.5364,A,A,False
SKU-03173,Smoothing Conditioner,Health & Beauty,Haircare,351433840404,EA,24,0.97,5.1,2.1,9.8,0.0607,HB,stable,2025-01-27,True,0.3101,0.4227,C,C,False
SKU-03174,Moisturizing Dry Shampoo,Health & Beauty,Haircare,175461620234,EA,12,1.01,3.4,4.3,8.2,0.0694,HB,stable,2022-11-10,True,0.5095,0.6945,C,B,True
SKU-03175,Moisturizing Hair Oil,Health & Beauty,Haircare,950010574453,EA,24,0.59,5.8,2.3,7.1,0.0548,HB,stable,2023-03-11,True,0.4982,0.679,C,B,True
SKU-03176,Daily Deep Hair Mask,Health & Beauty,Haircare,744317804613,EA,48,0.54,9.0,4.3,7.1,0.159,HB,stable,2022-11-21,True,1.1594,1.5802,B,B,False
SKU-03177,Strengthening Hair Oil,Health & Beauty,Haircare,557145573907,EA,12,1.97,5.0,3.3,8.4,0.0802,HB,stable,2023-06-16,True,0.3611,0.4922,C,C,False
SKU-03178,Smoothing Conditioner,Health & Beauty,Haircare,486481524453,EA,24,0.77,3.7,3.9,9.0,0.0752,HB,stable,2024-10-23,True,0.6597,0.8991,C,B,True
SKU-03179,Repairing Scalp Serum,Health & Beauty,Haircare,685147145996,EA,12,0.57,5.9,3.0,11.7,0.1198,HB,stable,2024-09-25,True,0.4178,0.5694,C,C,False
SKU-03180,Daily Leave-In Conditioner,Health & Beauty,Haircare,354517948173,EA,24,0.71,9.8,4.8,7.9,0.2151,HB,stable,2023-07-27,True,0.474,0.646,C,C,False
SKU-03181,Strengthening Hair Oil,Health & Beauty,Haircare,185765214449,EA,6,0.96,8.7,4.8,5.9,0.1426,HB,stable,2023-04-24,True,0.5994,0.817,C,B,True
SKU-03182,Color-Safe Dry Shampoo,Health & Beauty,Haircare,462884922271,EA,12,1.35,3.2,3.0,7.9,0.0439,HB,stable,2024-12-02,True,0.4872,0.6641,C,C,False
SKU-03183,Color-Safe Leave-In Conditioner,Health & Beauty,Haircare,799027001062,EA,48,0.89,8.4,3.2,10.9,0.1696,HB,stable,2025-01-23,True,0.4882,0.6654,C,C,False
SKU-03184,Volumizing Shampoo,Health & Beauty,Haircare,970718367395,EA,12,1.46,8.0,3.9,8.6,0.1553,HB,stable,2023-10-25,True,5.0785,6.9218,A,A,False
SKU-03185,Strengthening Hair Oil,Health & Beauty,Haircare,924071784697,EA,12,0.57,8.7,4.7,11.9,0.2816,HB,stable,2022-06-27,True,0.5758,0.7848,C,B,True
SKU-03186,Repairing Shampoo,Health & Beauty,Haircare,853465898144,EA,24,0.76,5.5,4.4,6.1,0.0854,HB,stable,2022-04-25,True,0.3482,0.4746,C,C,False
SKU-03187,Strengthening Deep Hair Mask,Health & Beauty,Haircare,008070232194,EA,12,0.96,8.2,4.8,5.9,0.1344,HB,stable,2022-12-21,True,0.7611,1.0374,C,B,True
SKU-03188,Smoothing Shampoo,Health & Beauty,Haircare,636119272667,EA,48,0.88,6.4,2.4,9.6,0.0853,HB,stable,2024-01-10,True,1.0908,1.4867,B,B,False
SKU-03189,Smoothing Leave-In Conditioner,Health & Beauty,Haircare,662307666294,EA,24,0.88,6.5,4.5,11.7,0.198,HB,stable,2024-12-16,True,1.1381,1.5512,B,B,False
SKU-03190,Repairing Leave-In Conditioner,Health & Beauty,Haircare,236147856826,EA,24,1.04,8.3,2.9,9.1,0.1268,HB,stable,2022-10-08,True,0.3847,0.5244,C,C,False
SKU-03191,Color-Safe Conditioner,Health & Beauty,Haircare,354065270226,EA,48,0.65,7.3,3.1,10.0,0.131,HB,stable,2022-09-11,True,0.3336,0.4547,C,C,False
SKU-03192,Daily Scalp Serum,Health & Beauty,Haircare,422635579625,EA,12,0.5,7.0,4.7,5.0,0.0952,HB,stable,2023-12-10,True,0.9729,1.3261,B,B,False
SKU-03193,Color-Safe Leave-In Conditioner,Health & Beauty,Haircare,103087115469,EA,12,0.53,7.1,2.5,12.0,0.1233,HB,stable,2022-11-12,True,0.4933,0.6723,C,B,True
SKU-03194,Daily Hair Oil,Health & Beauty,Haircare,017128339771,EA,12,0.77,4.8,3.8,7.9,0.0834,HB,stable,2023-06-20,True,6.2965,8.582,A,A,False
SKU-03195,Moisturizing Deep Hair Mask,Health & Beauty,Haircare,385782254914,EA,6,1.21,5.3,3.8,5.0,0.0583,HB,stable,2024-03-22,True,0.7619,1.0384,C,B,True
SKU-03196,Color-Safe Scalp Serum,Health & Beauty,Haircare,762480580553,EA,24,1.68,3.0,4.1,5.7,0.0406,HB,stable,2023-02-19,True,0.3832,0.5223,C,C,False
SKU-03197,Strengthening Hair Oil,Health & Beauty,Haircare,829846202754,EA,12,1.19,3.2,4.0,11.8,0.0874,HB,stable,2022-11-05,True,2.4943,3.3996,B,A,True
SKU-03198,Strengthening Shampoo,Health & Beauty,Haircare,244918285570,EA,24,1.42,3.0,2.4,6.8,0.0283,HB,stable,2022-12-31,True,0.4583,0.6246,C,C,False
SKU-03199,Strengthening Scalp Serum,Health & Beauty,Haircare,876099071621,EA,12,0.54,3.6,2.8,11.4,0.0665,HB,stable,2024-05-12,True,0.5792,0.7895,C,B,True
SKU-03200,Repairing Dry Shampoo,Health & Beauty,Haircare,131568218739,EA,24,0.88,7.5,3.8,6.2,0.1023,HB,stable,2022-12-26,True,0.5676,0.7736,C,B,True
SKU-03201,Volumizing Leave-In Conditioner,Health & Beauty,Haircare,607111505752,EA,12,1.11,8.1,4.6,10.1,0.2178,HB,stable,2023-01-28,True,0.563,0.7674,C,B,True
SKU-03202,Volumizing Hair Oil,Health & Beauty,Haircare,407983003016,EA,6,1.47,6.7,2.2,6.4,0.0546,HB,stable,2023-05-26,True,0.9693,1.3211,B,B,False
SKU-03203,Daily Dry Shampoo,Health & Beauty,Haircare,234379557449,EA,12,1.99,5.0,2.1,10.2,0.062,HB,stable,2024-07-15,True,0.689,0.9391,C,B,True
SKU-03204,Smoothing Hair Oil,Health & Beauty,Haircare,885997499433,EA,48,0.43,4.6,2.1,7.3,0.0408,HB,stable,2024-11-22,True,1.1151,1.5199,B,B,False
SKU-03205,Strengthening Dry Shampoo,Health & Beauty,Haircare,610710855632,EA,24,1.2,5.3,2.3,11.5,0.0811,HB,stable,2025-02-22,True,7.2721,9.9116,A,A,False
SKU-03206,Moisturizing Conditioner,Health & Beauty,Haircare,608268612496,EA,24,1.35,7.2,2.9,7.0,0.0846,HB,stable,2022-10-25,True,0.6881,0.9379,C,B,True
SKU-03207,Color-Safe Hair Oil,Health & Beauty,Haircare,805874301553,EA,12,0.53,7.1,3.9,5.6,0.0897,HB,stable,2025-02-17,True,0.644,0.8778,C,B,True
SKU-03208,Moisturizing Deep Hair Mask,Health & Beauty,Haircare,719697950011,EA,24,0.86,5.3,3.7,7.2,0.0817,HB,stable,2022-05-12,True,1.5459,2.107,B,B,False
SKU-03209,Smoothing Leave-In Conditioner,Health & Beauty,Haircare,696309716862,EA,6,0.7,5.2,4.1,10.3,0.1271,HB,stable,2022-05-21,True,8.6053,11.7287,A,A,False
SKU-03210,Daily Hair Oil,Health & Beauty,Haircare,646017910202,EA,24,1.79,8.3,3.8,5.7,0.104,HB,stable,2022-11-12,True,0.3689,0.5028,C,C,False
SKU-03211,Color-Safe Conditioner,Health & Beauty,Haircare,351106946972,EA,24,1.04,6.7,2.6,6.7,0.0675,HB,stable,2024-02-13,True,0.7835,1.0679,B,B,False
SKU-03212,Color-Safe Shampoo,Health & Beauty,Haircare,045592714541,EA,12,1.88,9.2,3.5,5.0,0.0932,HB,stable,2022-08-02,True,0.4088,0.5572,C,C,False
SKU-03213,Color-Safe Leave-In Conditioner,Health & Beauty,Haircare,770172410711,EA,48,0.52,9.9,3.6,11.9,0.2454,HB,stable,2023-02-05,True,0.4768,0.6498,C,C,False
SKU-03214,Daily Conditioner,Health & Beauty,Haircare,175142953215,EA,24,1.78,5.9,4.0,11.2,0.153,HB,stable,2022-05-03,True,0.6297,0.8582,C,B,True
SKU-03215,Volumizing Conditioner,Health & Beauty,Haircare,025165048365,EA,12,1.13,4.8,2.4,11.2,0.0747,HB,stable,2023-07-25,True,0.6312,0.8603,C,B,True
SKU-03216,Volumizing Hair Oil,Health & Beauty,Haircare,698224667580,EA,12,0.51,5.9,4.2,7.1,0.1018,HB,stable,2023-09-29,True,1.6408,2.2364,B,B,False
SKU-03217,Strengthening Leave-In Conditioner,Health & Beauty,Haircare,140188590943,EA,24,1.95,5.8,2.3,4.2,0.0324,HB,stable,2023-12-06,True,0.8174,1.1141,B,B,False
SKU-03218,Moisturizing Shampoo,Health & Beauty,Haircare,505837396328,EA,12,0.9,3.9,3.7,5.5,0.0459,HB,stable,2024-02-10,True,1.2008,1.6366,B,B,False
SKU-03219,Color-Safe Leave-In Conditioner,Health & Beauty,Haircare,772369505799,EA,24,0.52,6.2,3.7,7.5,0.0996,HB,stable,2023-08-13,True,0.991,1.3507,B,B,False
SKU-03220,Moisturizing Conditioner,Health & Beauty,Haircare,465034300289,EA,48,1.81,7.8,2.0,9.4,0.0849,HB,stable,2022-05-17,True,0.6659,0.9076,C,B,True
SKU-03221,Repairing Scalp Serum,Health & Beauty,Haircare,338715949039,EA,24,1.5,5.6,3.2,4.3,0.0446,HB,stable,2024-06-24,True,0.4663,0.6355,C,C,False
SKU-03222,Smoothing Deep Hair Mask,Health & Beauty,Haircare,860540393718,EA,24,1.01,5.3,3.0,8.8,0.081,HB,stable,2024-11-16,True,0.3331,0.454,C,C,False
SKU-03223,Volumizing Leave-In Conditioner,Health & Beauty,Haircare,229833768767,EA,48,1.89,8.1,3.5,4.2,0.0689,HB,stable,2024-02-29,True,0.376,0.5125,C,C,False
SKU-03224,Repairing Leave-In Conditioner,Health & Beauty,Haircare,025377460131,EA,6,1.86,5.0,4.5,7.4,0.0964,HB,stable,2023-03-09,True,0.7286,0.993,C,B,True
SKU-03225,Color-Safe Leave-In Conditioner,Health & Beauty,Haircare,506435064074,EA,6,0.78,4.5,4.2,6.6,0.0722,HB,stable,2024-03-27,True,0.4305,0.5868,C,C,False
SKU-03226,Moisturizing Leave-In Conditioner,Health & Beauty,Haircare,416989430646,EA,12,1.12,3.3,2.9,9.1,0.0504,HB,stable,2024-11-07,True,0.5075,0.6917,C,B,True
SKU-03227,Volumizing Dry Shampoo,Health & Beauty,Haircare,359175891101,EA,12,1.02,9.9,2.4,8.6,0.1183,HB,stable,2024-07-26,True,0.5328,0.7262,C,B,True
SKU-03228,Strengthening Leave-In Conditioner,Health & Beauty,Haircare,299158835122,EA,12,1.6,7.0,3.5,10.3,0.146,HB,stable,2024-02-09,True,0.3389,0.4619,C,C,False
SKU-03229,Color-Safe Shampoo,Health & Beauty,Haircare,506978445290,EA,48,1.84,6.3,3.8,4.3,0.0596,HB,stable,2022-04-06,True,0.5155,0.7026,C,B,True
SKU-03230,Smoothing Leave-In Conditioner,Health & Beauty,Haircare,412753262058,EA,12,0.41,4.7,4.1,11.5,0.1282,HB,stable,2023-02-14,True,0.5092,0.694,C,B,True
SKU-03231,Repairing Hair Oil,Health & Beauty,Haircare,259008642626,EA,12,1.93,6.5,4.7,8.3,0.1467,HB,stable,2022-11-27,True,0.5778,0.7875,C,B,True
SKU-03232,Volumizing Dry Shampoo,Health & Beauty,Haircare,241718655163,EA,24,1.32,7.3,3.6,8.9,0.1354,HB,stable,2022-09-12,True,0.3177,0.433,C,C,False
SKU-03233,Smoothing Dry Shampoo,Health & Beauty,Haircare,698935599583,EA,24,1.87,4.9,4.8,6.2,0.0844,HB,stable,2022-10-17,True,0.4302,0.5864,C,C,False
SKU-03234,Moisturizing Leave-In Conditioner,Health & Beauty,Haircare,079888787619,EA,6,0.57,4.5,2.6,9.0,0.0609,HB,stable,2024-07-03,True,0.562,0.766,C,B,True
SKU-03235,Repairing Scalp Serum,Health & Beauty,Haircare,510954397416,EA,12,1.56,3.5,2.4,5.8,0.0282,HB,stable,2024-05-10,True,0.8821,1.2023,B,B,False
SKU-03236,Strengthening Leave-In Conditioner,Health & Beauty,Haircare,277892343133,EA,24,1.92,3.2,4.1,11.6,0.0881,HB,stable,2025-05-12,True,7.0088,9.5528,A,A,False
SKU-03237,Strengthening Leave-In Conditioner,Health & Beauty,Haircare,456107221459,EA,12,1.65,9.7,4.1,10.5,0.2417,HB,stable,2024-03-11,True,0.3966,0.5406,C,C,False
SKU-03238,Color-Safe Leave-In Conditioner,Health & Beauty,Haircare,864337182237,EA,6,0.86,3.2,4.1,5.7,0.0433,HB,stable,2024-11-24,True,0.3487,0.4753,C,C,False
SKU-03239,Strengthening Hair Oil,Health & Beauty,Haircare,482851973690,EA,6,0.63,6.0,3.0,11.9,0.124,HB,stable,2022-11-05,True,0.4506,0.6142,C,C,False
SKU-03240,Daily Hair Oil,Health & Beauty,Haircare,282986117440,EA,12,1.77,9.4,4.8,4.9,0.1279,HB,stable,2025-05-17,True,0.3802,0.5182,C,C,False
SKU-03241,Color-Safe Hair Oil,Health & Beauty,Haircare,664424945987,EA,6,1.87,9.8,4.8,6.0,0.1633,HB,stable,2022-09-04,True,0.5011,0.683,C,B,True
SKU-03242,Volumizing Conditioner,Health & Beauty,Haircare,988160781515,EA,12,0.46,5.9,3.8,9.3,0.1207,HB,stable,2022-07-15,True,0.7886,1.0749,B,B,False
SKU-03243,Repairing Shampoo,Health & Beauty,Haircare,145605703334,EA,6,1.6,8.1,2.6,9.0,0.1097,HB,stable,2023-10-14,True,0.3335,0.4545,C,C,False
SKU-03244,Repairing Shampoo,Health & Beauty,Haircare,061733412281,EA,6,0.56,9.3,3.0,7.9,0.1276,HB,stable,2024-08-09,True,0.8943,1.2189,B,B,False
SKU-03245,Moisturizing Shampoo,Health & Beauty,Haircare,909975350235,EA,12,1.37,6.8,2.5,9.5,0.0935,HB,stable,2024-01-09,True,0.6335,0.8635,C,B,True
SKU-03246,Repairing Leave-In Conditioner,Health & Beauty,Haircare,358559034049,EA,24,1.92,3.5,3.4,10.3,0.0709,HB,stable,2025-04-13,True,0.4319,0.5887,C,C,False
SKU-03247,Daily Conditioner,Health & Beauty,Haircare,886082725090,EA,48,1.68,4.0,2.1,6.8,0.0331,HB,stable,2022-06-24,True,0.3498,0.4768,C,C,False
SKU-03248,Strengthening Shampoo,Health & Beauty,Haircare,334369629436,EA,48,1.51,5.2,2.7,4.3,0.0349,HB,stable,2024-05-11,True,0.5596,0.7627,C,B,True
SKU-03249,Daily Deep Hair Mask,Health & Beauty,Haircare,936026079053,EA,24,1.65,8.1,2.1,10.8,0.1063,HB,stable,2022-07-09,True,0.4098,0.5585,C,C,False
SKU-03250,Volumizing Hair Oil,Health & Beauty,Haircare,365063155747,EA,12,1.47,6.7,3.5,8.9,0.1208,HB,stable,2023-06-13,True,21.2185,28.9201,A,A,False
SKU-03251,Repairing Scalp Serum,Health & Beauty,Haircare,383809225515,EA,24,1.34,5.6,4.5,11.3,0.1648,HB,stable,2023-11-01,True,4.1638,5.6752,A,A,False
SKU-03252,Daily Leave-In Conditioner,Health & Beauty,Haircare,813401309406,EA,24,1.76,5.3,2.5,6.2,0.0475,HB,stable,2023-06-11,True,1.1716,1.5969,B,B,False
SKU-03253,Moisturizing Deep Hair Mask,Health & Beauty,Haircare,684825623856,EA,24,0.55,9.8,2.4,9.3,0.1266,HB,stable,2022-11-08,True,0.5149,0.7018,C,B,True
SKU-03254,Moisturizing Dry Shampoo,Health & Beauty,Haircare,792451565614,EA,48,1.04,9.4,4.8,9.9,0.2585,HB,stable,2024-07-21,True,0.4516,0.6155,C,C,False
SKU-03255,Daily Conditioner,Health & Beauty,Haircare,913821153990,EA,48,1.4,4.3,4.3,11.3,0.1209,HB,stable,2025-02-05,True,0.6552,0.893,C,B,True
SKU-03256,Smoothing Scalp Serum,Health & Beauty,Haircare,406168756376,EA,12,1.93,4.1,3.0,7.7,0.0548,HB,stable,2024-05-07,True,0.6186,0.8431,C,B,True
SKU-03257,Color-Safe Deep Hair Mask,Health & Beauty,Haircare,958886338421,EA,24,1.1,10.0,4.3,8.4,0.209,HB,stable,2022-04-25,True,0.4724,0.6438,C,C,False
SKU-03258,Smoothing Deep Hair Mask,Health & Beauty,Haircare,230778591347,EA,12,1.44,5.8,3.1,11.3,0.1176,HB,stable,2024-05-04,True,0.4286,0.5842,C,C,False
SKU-03259,Smoothing Leave-In Conditioner,Health & Beauty,Haircare,088230181393,EA,24,1.91,3.1,3.7,8.1,0.0538,HB,stable,2025-01-18,True,0.3207,0.4371,C,C,False
SKU-03260,Smoothing Conditioner,Health & Beauty,Haircare,289421565600,EA,12,1.87,7.4,4.1,11.2,0.1966,HB,stable,2022-07-04,True,0.452,0.616,C,C,False
SKU-03261,Daily Leave-In Conditioner,Health & Beauty,Haircare,318315097453,EA,12,0.94,6.0,3.5,11.3,0.1373,HB,stable,2022-05-24,True,0.8846,1.2057,B,B,False
SKU-03262,Daily Dry Shampoo,Health & Beauty,Haircare,143014094725,EA,6,1.46,4.1,2.5,9.2,0.0546,HB,stable,2024-10-05,True,1.0459,1.4255,B,B,False
SKU-03263,Volumizing Shampoo,Health & Beauty,Haircare,873043523887,EA,12,0.94,10.0,4.0,6.2,0.1435,HB,stable,2023-10-17,True,0.3428,0.4672,C,C,False
SKU-03264,Color-Safe Shampoo,Health & Beauty,Haircare,082802815731,EA,24,1.05,9.0,2.6,4.6,0.0623,HB,stable,2023-05-25,True,0.4032,0.5496,C,C,False
SKU-03265,Daily Hair Oil,Health & Beauty,Haircare,292794197491,EA,24,1.52,7.4,3.3,10.5,0.1484,HB,stable,2024-10-20,True,0.8257,1.1254,B,B,False
SKU-03266,Color-Safe Deep Hair Mask,Health & Beauty,Haircare,741841352960,EA,12,0.96,4.2,4.3,4.1,0.0429,HB,stable,2024-04-07,True,0.7787,1.0614,B,B,False
SKU-03267,Volumizing Hair Oil,Health & Beauty,Haircare,963639610777,EA,12,0.46,7.8,3.3,11.6,0.1728,HB,stable,2023-03-26,True,0.5467,0.7452,C,B,True
SKU-03268,Repairing Hair Oil,Health & Beauty,Haircare,675875595180,EA,12,1.42,3.9,4.4,9.1,0.0904,HB,stable,2024-04-30,True,0.4717,0.6429,C,C,False
SKU-03269,Volumizing Scalp Serum,Health & Beauty,Haircare,695784891768,EA,24,0.75,6.9,2.8,9.5,0.1062,HB,stable,2024-09-24,True,0.4828,0.6581,C,C,False
SKU-03270,Strengthening Scalp Serum,Health & Beauty,Haircare,979024764333,EA,24,1.5,3.5,2.7,4.1,0.0224,HB,stable,2022-08-10,True,1.7463,2.3801,B,B,False
SKU-03271,Volumizing Dry Shampoo,Health & Beauty,Haircare,608449929287,EA,24,1.84,9.0,4.2,6.2,0.1356,HB,stable,2023-06-29,True,0.3473,0.4734,C,C,False
SKU-03272,Repairing Conditioner,Health & Beauty,Haircare,838400234110,EA,48,1.05,9.0,3.7,11.4,0.2197,HB,stable,2024-07-26,True,0.6691,0.9119,C,B,True
SKU-03273,Strengthening Leave-In Conditioner,Health & Beauty,Haircare,919079149821,EA,12,1.19,4.7,2.3,7.6,0.0475,HB,stable,2023-11-28,True,0.3247,0.4426,C,C,False
SKU-03274,Smoothing Hair Oil,Health & Beauty,Haircare,059267366434,EA,6,0.54,5.9,4.5,11.1,0.1705,HB,stable,2023-10-22,True,0.343,0.4675,C,C,False
SKU-03275,Smoothing Leave-In Conditioner,Health & Beauty,Haircare,241443062471,EA,24,0.94,6.6,2.2,8.6,0.0723,HB,stable,2024-03-09,True,0.6191,0.8438,C,B,True
SKU-03276,Moisturizing Dry Shampoo,Health & Beauty,Haircare,638273500905,EA,12,0.52,5.7,3.6,7.1,0.0843,HB,stable,2023-05-08,True,2.6253,3.5782,B,A,True
SKU-03277,Repairing Deep Hair Mask,Health & Beauty,Haircare,874329112869,EA,24,0.69,9.5,3.7,7.3,0.1485,HB,stable,2023-10-24,True,1.7581,2.3963,B,B,False
SKU-03278,Daily Leave-In Conditioner,Health & Beauty,Haircare,330405263213,EA,6,1.8,3.5,3.9,6.8,0.0537,HB,stable,2024-08-03,True,3.2003,4.3619,A,A,False
SKU-03279,Moisturizing Deep Hair Mask,Health & Beauty,Haircare,099502256430,EA,48,1.41,3.7,3.3,11.8,0.0834,HB,stable,2022-03-21,True,0.3968,0.5408,C,C,False
SKU-03280,Smoothing Leave-In Conditioner,Health & Beauty,Haircare,374207682701,EA,24,0.92,5.8,3.5,11.0,0.1292,HB,stable,2023-08-30,True,0.4254,0.5798,C,C,False
SKU-03281,Daily Scalp Serum,Health & Beauty,Haircare,163172754223,EA,24,1.74,4.4,3.6,9.4,0.0862,HB,stable,2024-01-22,True,0.5741,0.7825,C,B,True
SKU-03282,Strengthening Hair Oil,Health & Beauty,Haircare,328205644836,EA,48,0.42,6.6,5.0,7.3,0.1394,HB,stable,2024-02-10,True,1.1735,1.5994,B,B,False
SKU-03283,Volumizing Scalp Serum,Health & Beauty,Haircare,629585381279,EA,12,1.02,6.8,2.8,7.4,0.0815,HB,stable,2023-09-03,True,0.4996,0.681,C,B,True
SKU-03284,Repairing Leave-In Conditioner,Health & Beauty,Haircare,107379140898,EA,48,1.56,7.3,4.5,9.3,0.1768,HB,stable,2024-04-27,True,0.4567,0.6224,C,C,False
SKU-03285,Color-Safe Shampoo,Health & Beauty,Haircare,288421267796,EA,24,1.77,5.6,2.1,9.6,0.0653,HB,stable,2024-03-31,True,1.1298,1.5399,B,B,False
SKU-03286,Smoothing Deep Hair Mask,Health & Beauty,Haircare,212498158742,EA,24,0.99,6.8,2.6,10.8,0.1105,HB,stable,2023-12-17,True,1.3005,1.7726,B,B,False
SKU-03287,Volumizing Hair Oil,Health & Beauty,Haircare,310845010451,EA,24,1.54,9.2,3.9,5.9,0.1225,HB,stable,2025-01-18,True,0.3945,0.5377,C,C,False
SKU-03288,Strengthening Conditioner,Health & Beauty,Haircare,693807295138,EA,24,1.87,6.8,2.7,11.1,0.1179,HB,stable,2024-03-28,True,0.5063,0.6901,C,B,True
SKU-03289,Smoothing Leave-In Conditioner,Health & Beauty,Haircare,888118071077,EA,6,0.45,3.2,2.6,10.2,0.0491,HB,stable,2025-04-07,True,0.505,0.6883,C,B,True
SKU-03290,Smoothing Conditioner,Health & Beauty,Haircare,832537290498,EA,24,0.82,6.7,4.7,4.8,0.0875,HB,stable,2023-05-31,True,0.8673,1.1821,B,B,False
SKU-03291,Strengthening Leave-In Conditioner,Health & Beauty,Haircare,421239395427,EA,48,0.73,7.1,2.9,9.6,0.1144,HB,stable,2022-03-29,True,0.4214,0.5743,C,C,False
SKU-03292,Moisturizing Hair Oil,Health & Beauty,Haircare,517762248800,EA,6,0.54,7.2,2.8,10.4,0.1213,HB,stable,2022-06-01,True,0.4632,0.6313,C,C,False
SKU-03293,Smoothing Conditioner,Health & Beauty,Haircare,268545068462,EA,48,0.75,6.5,4.2,5.0,0.079,HB,stable,2024-10-18,True,0.5391,0.7348,C,B,True
SKU-03294,Smoothing Scalp Serum,Health & Beauty,Haircare,579501285988,EA,12,1.9,5.8,2.8,4.4,0.0414,HB,stable,2023-08-04,True,1.2063,1.6442,B,B,False
SKU-03295,Strengthening Scalp Serum,Health & Beauty,Haircare,221415971088,EA,12,1.0,4.1,3.1,8.9,0.0655,HB,stable,2023-12-05,True,0.5073,0.6915,C,B,True
SKU-03296,Repairing Hair Oil,Health & Beauty,Haircare,287913810007,EA,12,1.33,9.6,2.5,11.1,0.1542,HB,stable,2024-12-13,True,0.4036,0.5501,C,C,False
SKU-03297,Strengthening Hair Oil,Health & Beauty,Haircare,570205611431,EA,24,0.89,9.9,3.3,5.8,0.1097,HB,stable,2022-11-29,True,5.7157,7.7903,A,A,False
SKU-03298,Volumizing Shampoo,Health & Beauty,Haircare,553902354915,EA,12,0.98,5.2,5.0,10.6,0.1595,HB,stable,2024-05-26,True,1.0885,1.4836,B,B,False
SKU-03299,Daily Scalp Serum,Health & Beauty,Haircare,200043736447,EA,24,1.7,4.0,2.5,9.8,0.0567,HB,stable,2023-07-26,True,0.4815,0.6563,C,C,False
SKU-03300,Repairing Scalp Serum,Health & Beauty,Haircare,244209641422,EA,48,1.54,3.3,2.9,11.7,0.0648,HB,stable,2023-04-15,True,0.3936,0.5365,C,C,False
SKU-03301,Strengthening Scalp Serum,Health & Beauty,Haircare,300098397123,EA,24,0.73,7.3,4.3,9.2,0.1671,HB,stable,2023-04-17,True,0.6156,0.8391,C,B,True
SKU-03302,Repairing Hair Oil,Health & Beauty,Haircare,972833347193,EA,48,1.74,9.4,4.1,5.2,0.116,HB,stable,2022-08-08,True,3.0672,4.1805,A,A,False
SKU-03303,Color-Safe Scalp Serum,Health & Beauty,Haircare,758056333729,EA,12,0.54,8.3,2.3,6.3,0.0696,HB,stable,2024-01-20,True,0.4949,0.6745,C,B,True
SKU-03304,Moisturizing Dry Shampoo,Health & Beauty,Haircare,185286322776,EA,12,0.45,8.9,2.8,5.2,0.075,HB,stable,2023-10-04,True,0.8732,1.1901,B,B,False
SKU-03305,Strengthening Deep Hair Mask,Health & Beauty,Haircare,683777743536,EA,48,1.29,4.6,2.1,10.4,0.0581,HB,stable,2025-04-21,True,3.8151,5.1999,A,A,False
SKU-03306,Repairing Leave-In Conditioner,Health & Beauty,Haircare,231799096808,EA,12,1.08,4.6,3.1,10.0,0.0825,HB,stable,2024-02-16,True,0.555,0.7564,C,B,True
SKU-03307,Volumizing Leave-In Conditioner,Health & Beauty,Haircare,045897915505,EA,6,1.57,7.7,4.9,8.6,0.1878,HB,stable,2023-05-13,True,5.1978,7.0844,A,A,False
SKU-03308,Smoothing Dry Shampoo,Health & Beauty,Haircare,605395781664,EA,12,1.91,7.2,4.6,6.9,0.1323,HB,stable,2023-11-28,True,0.5403,0.7364,C,B,True
SKU-03309,Color-Safe Shampoo,Health & Beauty,Haircare,174350557100,EA,48,1.99,4.0,2.6,9.0,0.0542,HB,stable,2024-04-13,True,1.6102,2.1946,B,B,False
SKU-03310,Volumizing Deep Hair Mask,Health & Beauty,Haircare,541450979009,EA,48,0.62,6.1,4.3,4.4,0.0668,HB,stable,2023-05-04,True,1.9006,2.5904,B,B,False
SKU-03311,Smoothing Hair Oil,Health & Beauty,Haircare,134667260949,EA,48,0.86,9.5,3.2,6.1,0.1073,HB,stable,2024-10-03,True,0.4345,0.5922,C,C,False
SKU-03312,Daily Hair Oil,Health & Beauty,Haircare,325431088124,EA,24,1.86,3.7,4.9,6.1,0.064,HB,stable,2022-06-25,True,0.9149,1.247,B,B,False
SKU-03313,Smoothing Shampoo,Health & Beauty,Haircare,932171920622,EA,6,1.42,7.3,5.0,4.2,0.0887,HB,stable,2023-04-05,True,1.0117,1.3789,B,B,False
SKU-03314,Smoothing Leave-In Conditioner,Health & Beauty,Haircare,278408653623,EA,24,1.58,5.8,3.6,5.1,0.0616,HB,stable,2024-03-13,True,0.3644,0.4967,C,C,False
SKU-03315,Repairing Scalp Serum,Health & Beauty,Haircare,706959324105,EA,6,1.1,7.5,3.5,10.4,0.158,HB,stable,2025-03-07,True,0.3966,0.5405,C,C,False
SKU-03316,Strengthening Conditioner,Health & Beauty,Haircare,797151018958,EA,12,0.77,6.6,3.8,5.6,0.0813,HB,stable,2025-04-13,True,1.4342,1.9548,B,B,False
SKU-03317,Daily Conditioner,Health & Beauty,Haircare,981455200969,EA,48,1.56,3.5,2.2,4.6,0.0205,HB,stable,2024-08-19,True,1.0382,1.415,B,B,False
SKU-03318,Color-Safe Leave-In Conditioner,Health & Beauty,Haircare,725356842068,EA,12,1.45,7.8,4.9,7.9,0.1747,HB,stable,2022-08-14,True,0.3305,0.4505,C,C,False
SKU-03319,Color-Safe Deep Hair Mask,Health & Beauty,Haircare,615434692033,EA,6,1.17,6.7,3.5,8.2,0.1113,HB,stable,2023-10-19,True,0.3666,0.4996,C,C,False
SKU-03320,Volumizing Conditioner,Health & Beauty,Haircare,428556258680,EA,24,1.76,6.2,2.9,8.3,0.0864,HB,stable,2023-04-12,True,1.7268,2.3536,B,B,False
SKU-03321,Volumizing Hair Oil,Health & Beauty,Haircare,375349321100,EA,24,1.95,6.4,4.4,8.4,0.1369,HB,stable,2023-08-27,True,0.3354,0.4571,C,C,False
SKU-03322,Strengthening Conditioner,Health & Beauty,Haircare,410712648383,EA,6,1.39,7.5,2.5,9.2,0.0998,HB,stable,2023-01-29,True,1.1508,1.5685,B,B,False
SKU-03323,Strengthening Leave-In Conditioner,Health & Beauty,Haircare,067407960459,EA,12,2.0,6.7,3.2,6.3,0.0782,HB,stable,2025-05-08,True,0.455,0.6202,C,C,False
SKU-03324,Moisturizing Deep Hair Mask,Health & Beauty,Haircare,263168538306,EA,24,1.5,5.9,2.4,4.7,0.0385,HB,stable,2024-09-06,True,2.801,3.8177,A,A,False
SKU-03325,Strengthening Hair Oil,Health & Beauty,Haircare,744618632700,EA,24,0.41,6.1,3.6,7.6,0.0966,HB,stable,2023-11-07,True,1.0551,1.4381,B,B,False
SKU-03326,Daily Shampoo,Health & Beauty,Haircare,224283041256,EA,24,1.0,6.3,2.3,5.1,0.0428,HB,stable,2024-03-08,True,0.643,0.8764,C,B,True
SKU-03327,Strengthening Hair Oil,Health & Beauty,Haircare,876265441887,EA,24,0.5,4.7,3.7,8.9,0.0896,HB,stable,2024-12-18,True,2.6845,3.6589,A,A,False
SKU-03328,Smoothing Conditioner,Health & Beauty,Haircare,243500079191,EA,6,1.93,5.5,4.9,6.3,0.0983,HB,stable,2024-06-16,True,4.087,5.5704,A,A,False
SKU-03329,Color-Safe Scalp Serum,Health & Beauty,Haircare,929499874622,EA,24,1.94,9.8,3.5,8.3,0.1648,HB,stable,2022-12-11,True,0.368,0.5016,C,C,False
SKU-03330,Strengthening Hair Oil,Health & Beauty,Haircare,296500501598,EA,12,1.95,9.9,3.8,5.3,0.1154,HB,stable,2022-05-16,True,0.5976,0.8145,C,B,True
SKU-03331,Volumizing Shampoo,Health & Beauty,Haircare,603077098849,EA,48,1.91,7.1,4.9,5.2,0.1047,HB,stable,2023-08-19,True,1.412,1.9245,B,B,False
SKU-03332,Moisturizing Deep Hair Mask,Health & Beauty,Haircare,546082885594,EA,12,1.62,5.4,4.3,10.0,0.1344,HB,stable,2022-05-09,True,0.3558,0.4849,C,C,False
SKU-03333,Color-Safe Conditioner,Health & Beauty,Haircare,944724734078,EA,24,0.99,5.3,4.3,6.8,0.0897,HB,stable,2023-09-13,True,0.5574,0.7597,C,B,True
SKU-03334,Moisturizing Shampoo,Health & Beauty,Haircare,045715668742,EA,48,1.76,7.3,2.6,6.9,0.0758,HB,stable,2022-07-25,True,0.5065,0.6904,C,B,True
SKU-03335,Daily Leave-In Conditioner,Health & Beauty,Haircare,079318061613,EA,12,1.13,7.6,2.7,5.9,0.0701,HB,stable,2022-06-30,True,1.4599,1.9898,B,B,False
SKU-03336,Repairing Dry Shampoo,Health & Beauty,Haircare,817259840993,EA,6,1.91,4.8,3.5,11.3,0.1099,HB,stable,2023-09-12,True,0.4385,0.5977,C,C,False
SKU-03337,Color-Safe Conditioner,Health & Beauty,Haircare,492389879164,EA,24,1.13,6.2,4.8,9.6,0.1653,HB,stable,2024-08-04,True,2.0221,2.7561,B,A,True
SKU-03338,Strengthening Leave-In Conditioner,Health & Beauty,Haircare,518208568575,EA,6,0.78,9.5,4.9,4.1,0.1104,HB,stable,2022-05-05,True,0.9154,1.2477,B,B,False
SKU-03339,Color-Safe Conditioner,Health & Beauty,Haircare,076888724698,EA,24,0.84,3.9,3.8,11.8,0.1012,HB,stable,2025-01-23,True,0.4392,0.5986,C,C,False
SKU-03340,Moisturizing Shampoo,Health & Beauty,Haircare,236675915258,EA,48,1.44,4.9,4.5,5.8,0.074,HB,stable,2022-03-22,True,3.0431,4.1477,A,A,False
SKU-03341,Volumizing Scalp Serum,Health & Beauty,Haircare,447221101623,EA,24,1.51,3.1,4.2,9.1,0.0686,HB,stable,2023-09-23,True,1.3954,1.9019,B,B,False
SKU-03342,Color-Safe Deep Hair Mask,Health & Beauty,Haircare,619095340404,EA,6,1.24,7.3,3.8,8.2,0.1316,HB,stable,2025-01-09,True,0.5701,0.777,C,B,True
SKU-03343,Strengthening Dry Shampoo,Health & Beauty,Haircare,619843768444,EA,12,0.69,7.6,3.5,8.9,0.137,HB,stable,2022-11-23,True,0.6465,0.8811,C,B,True
SKU-03344,Volumizing Leave-In Conditioner,Health & Beauty,Haircare,791774706831,EA,6,0.58,3.5,2.3,12.0,0.0559,HB,stable,2024-07-06,True,0.6503,0.8863,C,B,True
SKU-03345,Strengthening Scalp Serum,Health & Beauty,Haircare,384683764847,EA,6,1.75,4.8,4.5,10.3,0.1288,HB,stable,2022-08-17,True,0.7927,1.0804,B,B,False
SKU-03346,Smoothing Leave-In Conditioner,Health & Beauty,Haircare,191990853548,EA,12,1.97,7.8,4.8,6.2,0.1343,HB,stable,2024-12-25,True,0.7018,0.9566,C,B,True
SKU-03347,Smoothing Leave-In Conditioner,Health & Beauty,Haircare,859428913282,EA,24,1.24,6.5,3.2,11.9,0.1432,HB,stable,2022-05-25,True,0.6708,0.9143,C,B,True
SKU-03348,Strengthening Shampoo,Health & Beauty,Haircare,854512816966,EA,24,1.81,7.2,3.0,7.7,0.0963,HB,stable,2024-12-03,True,1.7522,2.3882,B,B,False
SKU-03349,Smoothing Scalp Serum,Health & Beauty,Haircare,299019675271,EA,6,1.98,5.9,4.2,5.4,0.0774,HB,stable,2022-09-15,True,0.3394,0.4626,C,C,False
SKU-03350,Smoothing Hair Oil,Health & Beauty,Haircare,850590737099,EA,24,0.46,3.8,4.0,4.6,0.0405,HB,stable,2024-09-12,True,0.6289,0.8572,C,B,True
SKU-03351,Strengthening Scalp Serum,Health & Beauty,Haircare,718576077027,EA,12,1.5,7.7,4.3,6.7,0.1284,HB,stable,2025-01-10,True,0.3387,0.4616,C,C,False
SKU-03352,Repairing Leave-In Conditioner,Health & Beauty,Haircare,961230174800,EA,24,1.24,6.9,2.4,11.7,0.1121,HB,stable,2024-07-24,True,0.3197,0.4357,C,C,False
SKU-03353,Strengthening Scalp Serum,Health & Beauty,Haircare,152113005079,EA,12,1.43,5.9,3.0,7.4,0.0758,HB,stable,2025-03-18,True,0.3803,0.5183,C,C,False
SKU-03354,Repairing Shampoo,Health & Beauty,Haircare,517696576163,EA,6,0.47,9.2,4.9,10.8,0.2818,HB,stable,2024-07-02,True,0.731,0.9963,C,B,True
SKU-03355,Moisturizing Shampoo,Health & Beauty,Haircare,085926018892,EA,48,1.45,5.4,3.5,9.0,0.0984,HB,stable,2025-03-20,True,0.396,0.5398,C,C,False
SKU-03356,Moisturizing Shampoo,Health & Beauty,Haircare,604667250498,EA,24,1.1,7.8,2.4,6.4,0.0693,HB,stable,2024-01-17,True,20.3809,27.7785,A,A,False
SKU-03357,Color-Safe Leave-In Conditioner,Health & Beauty,Haircare,600844694554,EA,24,1.11,7.0,4.1,10.2,0.1694,HB,stable,2024-10-05,True,16.1348,21.9913,A,A,False
SKU-03358,Strengthening Dry Shampoo,Health & Beauty,Haircare,544868895392,EA,12,1.15,6.5,4.7,11.1,0.1962,HB,stable,2022-05-13,True,1.6584,2.2603,B,B,False
SKU-03359,Volumizing Shampoo,Health & Beauty,Haircare,122265050500,EA,24,1.34,6.3,3.2,4.7,0.0548,HB,stable,2025-05-10,True,0.3206,0.4369,C,C,False
SKU-03360,Daily Dry Shampoo,Health & Beauty,Haircare,139536205711,EA,24,1.14,4.4,4.7,7.4,0.0886,HB,stable,2024-02-24,True,0.392,0.5343,C,C,False
SKU-03361,Daily Scalp Serum,Health & Beauty,Haircare,852156344584,EA,24,0.97,7.0,4.1,10.4,0.1727,HB,stable,2024-01-20,True,5.3783,7.3304,A,A,False
SKU-03362,Repairing Leave-In Conditioner,Health & Beauty,Haircare,846270525291,EA,24,1.52,6.7,4.6,9.9,0.1766,HB,stable,2023-03-31,True,0.9816,1.3379,B,B,False
SKU-03363,Strengthening Shampoo,Health & Beauty,Haircare,437938486668,EA,48,0.92,3.2,3.3,10.3,0.0629,HB,stable,2024-02-21,True,0.4883,0.6656,C,B,True
SKU-03364,Smoothing Dry Shampoo,Health & Beauty,Haircare,754031549868,EA,12,1.51,4.6,2.6,11.5,0.0796,HB,stable,2025-01-09,True,9.8659,13.4469,A,A,False
SKU-03365,Volumizing Scalp Serum,Health & Beauty,Haircare,574540722357,EA,24,0.5,3.9,4.0,8.3,0.0749,HB,stable,2023-06-23,True,0.46,0.627,C,C,False
SKU-03366,Color-Safe Leave-In Conditioner,Health & Beauty,Haircare,331012119285,EA,12,1.91,4.0,4.8,5.8,0.0644,HB,stable,2022-11-20,True,0.3453,0.4706,C,C,False
SKU-03367,Strengthening Scalp Serum,Health & Beauty,Haircare,701984948560,EA,48,1.59,8.8,4.2,11.8,0.2524,HB,stable,2024-10-21,True,1.6763,2.2848,B,B,False
SKU-03368,Repairing Dry Shampoo,Health & Beauty,Haircare,725633229347,EA,12,1.11,8.4,4.6,5.2,0.1163,HB,stable,2024-10-01,True,0.3211,0.4376,C,C,False
SKU-03369,Volumizing Shampoo,Health & Beauty,Haircare,657822517039,EA,24,0.5,3.0,3.6,6.0,0.0375,HB,stable,2023-09-25,True,55.3194,75.3987,A,A,False
SKU-03370,Repairing Shampoo,Health & Beauty,Haircare,728569568769,EA,48,1.68,9.0,5.0,10.9,0.2839,HB,stable,2023-06-04,True,0.421,0.5738,C,C,False
SKU-03371,Strengthening Hair Oil,Health & Beauty,Haircare,166909828810,EA,24,1.51,7.1,3.0,6.0,0.074,HB,stable,2023-07-02,True,0.3581,0.4881,C,C,False
SKU-03372,Smoothing Dry Shampoo,Health & Beauty,Haircare,530732303870,EA,12,1.89,9.7,3.8,9.0,0.192,HB,stable,2023-04-05,True,0.4343,0.5919,C,C,False
SKU-03373,Volumizing Scalp Serum,Health & Beauty,Haircare,923605243847,EA,6,1.1,3.3,2.5,4.8,0.0229,HB,stable,2023-03-15,True,0.374,0.5097,C,C,False
SKU-03374,Smoothing Leave-In Conditioner,Health & Beauty,Haircare,020784699003,EA,12,1.36,7.9,2.7,6.1,0.0753,HB,stable,2024-11-21,True,1.2624,1.7206,B,B,False
SKU-03375,Moisturizing Scalp Serum,Health & Beauty,Haircare,204718968267,EA,24,1.71,6.4,3.9,8.8,0.1271,HB,stable,2023-02-22,True,3.5608,4.8533,A,A,False
SKU-03376,Daily Hair Oil,Health & Beauty,Haircare,324712823620,EA,24,1.86,3.8,4.7,11.1,0.1147,HB,stable,2025-01-29,True,1.9386,2.6423,B,A,True
SKU-03377,Daily Hair Oil,Health & Beauty,Haircare,807019145694,EA,24,1.46,9.7,2.1,4.2,0.0495,HB,stable,2022-03-12,True,0.3938,0.5368,C,C,False
SKU-03378,Smoothing Dry Shampoo,Health & Beauty,Haircare,046823061604,EA,12,1.17,9.6,3.9,11.6,0.2513,HB,stable,2023-10-13,True,41.8634,57.0585,A,A,False
SKU-03379,Color-Safe Shampoo,Health & Beauty,Haircare,376700235518,EA,24,0.67,9.3,3.4,5.2,0.0952,HB,stable,2024-05-23,True,0.6946,0.9467,C,B,True
SKU-03380,Daily Hair Oil,Health & Beauty,Haircare,579863415591,EA,24,0.88,8.2,2.7,11.2,0.1435,HB,stable,2024-07-14,True,0.319,0.4348,C,C,False
SKU-03381,Daily Dry Shampoo,Health & Beauty,Haircare,220633368757,EA,12,1.04,6.2,3.0,6.3,0.0678,HB,stable,2022-06-17,True,1.036,1.4121,B,B,False
SKU-03382,Strengthening Hair Oil,Health & Beauty,Haircare,572049588842,EA,48,1.93,4.0,3.0,10.3,0.0715,HB,stable,2023-10-13,True,4.6796,6.3781,A,A,False
SKU-03383,Smoothing Leave-In Conditioner,Health & Beauty,Haircare,882576620999,EA,6,1.1,5.5,2.7,5.1,0.0438,HB,stable,2023-03-28,True,0.5512,0.7513,C,B,True
SKU-03384,Moisturizing Hair Oil,Health & Beauty,Haircare,794083439366,EA,24,0.91,4.6,3.8,10.7,0.1082,HB,stable,2023-08-20,True,0.8337,1.1363,B,B,False
SKU-03385,Smoothing Conditioner,Health & Beauty,Haircare,883868056267,EA,6,1.83,4.6,3.2,8.3,0.0707,HB,stable,2022-05-01,True,0.3103,0.4229,C,C,False
SKU-03386,Strengthening Shampoo,Health & Beauty,Haircare,656191361492,EA,24,0.86,4.4,2.1,9.3,0.0497,HB,stable,2023-06-13,True,6.6478,9.0608,A,A,False
SKU-03387,Volumizing Hair Oil,Health & Beauty,Haircare,317191978841,EA,24,0.48,3.1,2.8,6.3,0.0316,HB,stable,2023-04-14,True,0.3952,0.5387,C,C,False
SKU-03388,Daily Leave-In Conditioner,Health & Beauty,Haircare,843141834661,EA,6,0.77,9.2,2.8,5.0,0.0745,HB,stable,2024-06-23,True,0.3676,0.501,C,C,False
SKU-03389,Volumizing Shampoo,Health & Beauty,Haircare,009862014858,EA,48,1.77,4.9,2.5,8.3,0.0588,HB,stable,2023-01-13,True,0.5524,0.7529,C,B,True
SKU-03390,Daily Scalp Serum,Health & Beauty,Haircare,991648816968,EA,24,0.78,6.7,4.9,7.8,0.1482,HB,stable,2022-11-15,True,1.8095,2.4663,B,B,False
SKU-03391,Smoothing Deep Hair Mask,Health & Beauty,Haircare,187765252800,EA,24,1.91,8.5,3.7,9.2,0.1674,HB,stable,2023-02-01,True,0.4329,0.59,C,C,False
SKU-03392,Moisturizing Shampoo,Health & Beauty,Haircare,211637362563,EA,48,1.31,8.9,2.6,8.2,0.1098,HB,stable,2023-05-04,True,0.3492,0.4759,C,C,False
SKU-03393,Volumizing Dry Shampoo,Health & Beauty,Haircare,776505990810,EA,6,1.84,8.0,2.1,8.1,0.0788,HB,stable,2023-10-02,True,0.4953,0.6751,C,B,True
SKU-03394,Volumizing Leave-In Conditioner,Health & Beauty,Haircare,456412095330,EA,12,1.4,9.0,2.8,5.1,0.0744,HB,stable,2025-03-14,True,1.6356,2.2293,B,B,False
SKU-03395,Volumizing Shampoo,Health & Beauty,Haircare,252445090924,EA,6,0.72,3.8,3.2,4.6,0.0324,HB,stable,2024-03-18,True,0.6142,0.8371,C,B,True
SKU-03396,Daily Deep Hair Mask,Health & Beauty,Haircare,316408659797,EA,12,1.49,5.6,4.3,8.8,0.1226,HB,stable,2023-11-04,True,0.4528,0.6171,C,C,False
SKU-03397,Smoothing Hair Oil,Health & Beauty,Haircare,814927317797,EA,12,0.87,7.2,2.3,8.8,0.0843,HB,stable,2023-01-20,True,0.8897,1.2126,B,B,False
SKU-03398,Moisturizing Shampoo,Health & Beauty,Haircare,057258193373,EA,12,0.94,6.7,3.8,7.0,0.1031,HB,stable,2024-09-11,True,0.3213,0.4379,C,C,False
SKU-03399,Moisturizing Dry Shampoo,Health & Beauty,Haircare,730764232824,EA,24,1.78,4.1,4.4,10.7,0.1117,HB,stable,2025-03-18,True,0.3598,0.4904,C,C,False
SKU-03400,Repairing Deep Hair Mask,Health & Beauty,Haircare,360214124648,EA,24,1.42,7.6,3.9,6.9,0.1184,HB,stable,2025-01-27,True,0.7676,1.0462,B,B,False
SKU-03401,Daily Conditioner,Health & Beauty,Haircare,751421071188,EA,24,0.44,8.3,3.0,6.6,0.0951,HB,stable,2022-12-09,True,0.4125,0.5622,C,C,False
SKU-03402,Color-Safe Leave-In Conditioner,Health & Beauty,Haircare,276376462774,EA,24,0.67,8.3,4.0,11.9,0.2286,HB,stable,2022-09-26,True,0.3536,0.482,C,C,False
SKU-03403,Moisturizing Conditioner,Health & Beauty,Haircare,623917444952,EA,6,0.86,9.7,2.9,4.3,0.07,HB,stable,2024-08-21,True,0.3522,0.48,C,C,False
SKU-03404,Repairing Shampoo,Health & Beauty,Haircare,710332554561,EA,12,0.61,6.1,3.5,5.2,0.0642,HB,stable,2025-05-06,True,0.9644,1.3145,B,B,False
SKU-03405,Daily Hair Oil,Health & Beauty,Haircare,597773980525,EA,24,1.43,8.4,3.5,8.6,0.1463,HB,stable,2023-03-04,True,1.4951,2.0378,B,B,False
SKU-03406,Repairing Leave-In Conditioner,Health & Beauty,Haircare,401752449841,EA,24,1.09,9.2,2.5,7.4,0.0985,HB,stable,2025-05-19,True,0.6396,0.8717,C,B,True
SKU-03407,Daily Scalp Serum,Health & Beauty,Haircare,723287737472,EA,24,1.32,6.1,2.2,6.4,0.0497,HB,stable,2022-05-05,True,0.3182,0.4337,C,C,False
SKU-03408,Volumizing Dry Shampoo,Health & Beauty,Haircare,602425834477,EA,12,1.64,6.0,4.2,6.5,0.0948,HB,stable,2022-07-09,True,0.3825,0.5214,C,C,False
SKU-03409,Color-Safe Leave-In Conditioner,Health & Beauty,Haircare,237741181202,EA,48,1.83,7.0,3.9,8.3,0.1311,HB,stable,2024-07-05,True,0.6561,0.8942,C,B,True
SKU-03410,Repairing Dry Shampoo,Health & Beauty,Haircare,665579838321,EA,24,1.7,4.9,3.8,6.7,0.0722,HB,stable,2023-11-26,True,0.3167,0.4317,C,C,False
SKU-03411,Repairing Dry Shampoo,Health & Beauty,Haircare,380649454600,EA,24,1.74,4.5,4.9,4.1,0.0523,HB,stable,2024-02-15,True,0.6787,0.9251,C,B,True
SKU-03412,Daily Dry Shampoo,Health & Beauty,Haircare,530660267960,EA,12,1.63,3.8,4.3,6.5,0.0615,HB,stable,2024-07-29,True,1.211,1.6506,B,B,False
SKU-03413,Volumizing Leave-In Conditioner,Health & Beauty,Haircare,439140537569,EA,48,0.42,6.6,4.2,11.4,0.1829,HB,stable,2024-09-10,True,0.4587,0.6252,C,C,False
SKU-03414,Moisturizing Leave-In Conditioner,Health & Beauty,Haircare,286413726206,EA,24,1.65,6.4,4.6,10.9,0.1857,HB,stable,2022-04-22,True,0.5181,0.7061,C,B,True
SKU-03415,Smoothing Shampoo,Health & Beauty,Haircare,329070388309,EA,48,1.37,5.9,2.7,9.2,0.0848,HB,stable,2023-10-18,True,0.5797,0.7901,C,B,True
SKU-03416,Volumizing Shampoo,Health & Beauty,Haircare,626104517683,EA,24,1.51,8.8,4.6,5.3,0.1242,HB,stable,2022-04-20,True,1.9858,2.7066,B,A,True
SKU-03417,Volumizing Conditioner,Health & Beauty,Haircare,009499308427,EA,12,1.71,8.1,4.1,4.3,0.0826,HB,stable,2024-05-12,True,0.4272,0.5822,C,C,False
SKU-03418,Repairing Hair Oil,Health & Beauty,Haircare,114498908969,EA,24,1.89,9.5,2.2,8.9,0.1076,HB,stable,2023-03-29,True,4.2091,5.7369,A,A,False
SKU-03419,Smoothing Conditioner,Health & Beauty,Haircare,503036607346,EA,6,0.97,4.8,3.3,5.4,0.0495,HB,stable,2024-10-29,True,0.4222,0.5754,C,C,False
SKU-03420,Volumizing Dry Shampoo,Health & Beauty,Haircare,914471930756,EA,48,0.93,3.2,2.3,5.8,0.0247,HB,stable,2024-02-28,True,0.4396,0.5991,C,C,False
SKU-03421,Daily Conditioner,Health & Beauty,Haircare,704425899921,EA,12,1.89,8.5,3.8,7.5,0.1402,HB,stable,2022-04-02,True,0.3254,0.4435,C,C,False
SKU-03422,Daily Deep Hair Mask,Health & Beauty,Haircare,133871477828,EA,48,1.61,7.8,4.7,6.6,0.14,HB,stable,2024-09-07,True,0.4255,0.58,C,C,False
SKU-03423,Repairing Conditioner,Health & Beauty,Haircare,264805550486,EA,6,1.49,3.6,4.6,7.9,0.0757,HB,stable,2023-02-02,True,0.4367,0.5952,C,C,False
SKU-03424,Strengthening Dry Shampoo,Health & Beauty,Haircare,907795608673,EA,6,1.69,3.2,3.0,7.5,0.0417,HB,stable,2023-01-22,True,5.6738,7.7332,A,A,False
SKU-03425,Color-Safe Shampoo,Health & Beauty,Haircare,378670851467,EA,24,0.69,3.0,2.3,7.5,0.0299,HB,stable,2024-07-25,True,1.7384,2.3694,B,B,False
SKU-03426,Daily Deep Hair Mask,Health & Beauty,Haircare,405198460585,EA,48,1.55,7.4,3.9,7.2,0.1202,HB,stable,2025-02-20,True,0.73,0.9949,C,B,True
SKU-03427,Repairing Scalp Serum,Health & Beauty,Haircare,108643880843,EA,12,0.96,7.3,2.4,11.4,0.1156,HB,stable,2023-11-28,True,0.3517,0.4793,C,C,False
SKU-03428,Strengthening Conditioner,Health & Beauty,Haircare,339278699013,EA,24,1.93,7.3,2.0,10.2,0.0862,HB,stable,2024-06-28,True,1.5854,2.1609,B,B,False
SKU-03429,Color-Safe Scalp Serum,Health & Beauty,Haircare,902591513247,EA,24,1.84,9.1,4.7,4.3,0.1064,HB,stable,2023-03-28,True,0.3564,0.4857,C,C,False
SKU-03430,Moisturizing Deep Hair Mask,Health & Beauty,Haircare,737667115825,EA,48,1.66,3.4,4.3,7.9,0.0668,HB,stable,2023-05-27,True,2.2127,3.0159,B,A,True
SKU-03431,Strengthening Scalp Serum,Health & Beauty,Haircare,657879473726,EA,6,1.81,8.0,3.8,6.7,0.1179,HB,stable,2022-12-06,True,0.4681,0.638,C,C,False
SKU-03432,Strengthening Conditioner,Health & Beauty,Haircare,351908385857,EA,24,0.79,6.0,3.7,8.4,0.1079,HB,stable,2023-03-19,True,0.318,0.4334,C,C,False
SKU-03433,Daily Conditioner,Health & Beauty,Haircare,114583278860,EA,24,0.81,9.0,2.8,9.8,0.1429,HB,stable,2025-01-08,True,0.4423,0.6028,C,C,False
SKU-03434,Moisturizing Leave-In Conditioner,Health & Beauty,Haircare,179047596367,EA,24,1.88,4.7,4.2,10.5,0.1199,HB,stable,2024-07-02,True,0.4245,0.5786,C,C,False
SKU-03435,Strengthening Deep Hair Mask,Health & Beauty,Haircare,790522510840,EA,48,2.0,4.5,2.9,5.3,0.04,HB,stable,2023-04-30,True,0.4824,0.6575,C,C,False
SKU-03436,Strengthening Leave-In Conditioner,Health & Beauty,Haircare,500460444525,EA,12,1.38,8.4,4.0,10.7,0.2081,HB,stable,2022-06-05,True,1.2362,1.6849,B,B,False
SKU-03437,Strengthening Conditioner,Health & Beauty,Haircare,296026246396,EA,12,1.87,5.2,4.1,9.7,0.1197,HB,stable,2024-06-28,True,0.8021,1.0933,B,B,False
SKU-03438,Strengthening Deep Hair Mask,Health & Beauty,Haircare,657616897451,EA,24,0.46,8.4,2.3,6.6,0.0738,HB,stable,2024-12-11,True,0.5068,0.6908,C,B,True
SKU-03439,Daily Leave-In Conditioner,Health & Beauty,Haircare,548807073572,EA,6,1.22,5.7,4.7,8.1,0.1256,HB,stable,2023-07-28,True,1.0962,1.4941,B,B,False
SKU-03440,Strengthening Hair Oil,Health & Beauty,Haircare,101058721577,EA,24,0.59,6.8,4.6,8.1,0.1466,HB,stable,2024-07-29,True,0.3863,0.5265,C,C,False
SKU-03441,Daily Dry Shampoo,Health & Beauty,Haircare,321218053845,EA,12,1.58,3.5,4.2,4.5,0.0383,HB,stable,2022-10-20,True,0.8933,1.2175,B,B,False
SKU-03442,Volumizing Scalp Serum,Health & Beauty,Haircare,494950598126,EA,12,1.28,6.1,4.0,6.3,0.089,HB,stable,2022-10-01,True,0.3244,0.4422,C,C,False
SKU-03443,Smoothing Conditioner,Health & Beauty,Haircare,149772309936,EA,12,0.79,3.8,4.3,7.5,0.0709,HB,stable,2023-04-20,True,1.3647,1.8601,B,B,False
SKU-03444,Repairing Hair Oil,Health & Beauty,Haircare,231732536596,EA,12,0.93,10.0,2.7,5.4,0.0844,HB,stable,2024-11-28,True,5.3229,7.2549,A,A,False
SKU-03445,Color-Safe Scalp Serum,Health & Beauty,Haircare,998610934005,EA,12,1.45,5.7,3.0,4.6,0.0455,HB,stable,2023-02-22,True,0.771,1.0509,B,B,False
SKU-03446,Moisturizing Dry Shampoo,Health & Beauty,Haircare,719178245702,EA,6,0.49,9.5,3.1,5.9,0.1006,HB,stable,2024-05-14,True,8.8511,12.0638,A,A,False
SKU-03447,Volumizing Shampoo,Health & Beauty,Haircare,894600679347,EA,6,1.06,6.2,2.3,4.4,0.0363,HB,stable,2022-05-06,True,0.4903,0.6683,C,B,True
SKU-03448,Repairing Shampoo,Health & Beauty,Haircare,566721915273,EA,6,0.44,9.8,2.5,6.4,0.0907,HB,stable,2024-05-14,True,0.3923,0.5347,C,C,False
SKU-03449,Daily Shampoo,Health & Beauty,Haircare,514025963620,EA,24,0.67,9.8,4.4,11.8,0.2945,HB,stable,2022-09-07,True,0.5872,0.8003,C,B,True
SKU-03450,Strengthening Dry Shampoo,Health & Beauty,Haircare,321905209231,EA,24,1.18,5.6,3.5,4.3,0.0488,HB,stable,2022-06-05,True,0.379,0.5166,C,C,False
SKU-03451,Color-Safe Shampoo,Health & Beauty,Haircare,483478498421,EA,6,1.69,6.8,4.9,7.0,0.135,HB,stable,2024-10-08,True,2.0274,2.7633,B,A,True
SKU-03452,Repairing Leave-In Conditioner,Health & Beauty,Haircare,503990615079,EA,6,0.86,4.6,3.2,8.1,0.069,HB,stable,2024-01-27,True,0.528,0.7196,C,B,True
SKU-03453,Moisturizing Deep Hair Mask,Health & Beauty,Haircare,351323315554,EA,24,0.71,3.8,3.1,11.8,0.0804,HB,stable,2023-01-20,True,1.149,1.5661,B,B,False
SKU-03454,Repairing Hair Oil,Health & Beauty,Haircare,440728698339,EA,48,0.71,4.0,3.7,9.9,0.0848,HB,stable,2023-02-12,True,0.7082,0.9653,C,B,True
SKU-03455,Repairing Conditioner,Health & Beauty,Haircare,773944193189,EA,12,1.4,6.9,2.1,8.5,0.0713,HB,stable,2023-07-02,True,0.4512,0.615,C,C,False
SKU-03456,Smoothing Hair Oil,Health & Beauty,Haircare,349831054528,EA,24,1.46,7.0,4.9,4.4,0.0873,HB,stable,2022-06-12,True,0.8881,1.2105,B,B,False
SKU-03457,Volumizing Deep Hair Mask,Health & Beauty,Haircare,621215508741,EA,6,0.81,7.9,3.6,9.3,0.1531,HB,stable,2022-05-28,True,0.5769,0.7863,C,B,True
SKU-03458,Moisturizing Shampoo,Health & Beauty,Haircare,173684081744,EA,12,1.78,7.4,4.7,11.9,0.2395,HB,stable,2023-10-14,True,0.3672,0.5005,C,C,False
SKU-03459,Color-Safe Conditioner,Health & Beauty,Haircare,315941578445,EA,12,0.77,8.5,4.6,4.1,0.0928,HB,stable,2025-01-15,True,2.8473,3.8808,A,A,False
SKU-03460,Color-Safe Shampoo,Health & Beauty,Haircare,191844541176,EA,12,0.62,7.0,3.1,10.4,0.1306,HB,stable,2023-12-15,True,3.0135,4.1073,A,A,False
SKU-03461,Smoothing Shampoo,Health & Beauty,Haircare,163813362149,EA,24,1.77,7.6,2.5,7.3,0.0803,HB,stable,2023-07-19,True,1.449,1.9749,B,B,False
SKU-03462,Volumizing Dry Shampoo,Health & Beauty,Haircare,014562782714,EA,48,1.63,5.8,4.8,9.8,0.1579,HB,stable,2024-06-02,True,1.5038,2.0497,B,B,False
SKU-03463,Strengthening Deep Hair Mask,Health & Beauty,Haircare,329339275054,EA,24,1.76,9.0,3.5,9.7,0.1768,HB,stable,2024-02-13,True,0.3287,0.448,C,C,False
SKU-03464,Daily Hair Oil,Health & Beauty,Haircare,481123867344,EA,6,0.77,10.0,2.4,6.5,0.0903,HB,stable,2023-08-17,True,9.6208,13.1128,A,A,False
SKU-03465,Smoothing Scalp Serum,Health & Beauty,Haircare,568322358449,EA,12,1.92,9.1,2.3,8.6,0.1042,HB,stable,2024-11-11,True,21.8161,29.7347,A,A,False
SKU-03466,Moisturizing Dry Shampoo,Health & Beauty,Haircare,871812567723,EA,24,0.47,9.3,4.7,7.3,0.1847,HB,stable,2022-05-11,True,1.3683,1.865,B,B,False
SKU-03467,Repairing Leave-In Conditioner,Health & Beauty,Haircare,555127063152,EA,12,1.95,6.4,2.2,11.4,0.0929,HB,stable,2022-08-14,True,1.1779,1.6054,B,B,False
SKU-03468,Daily Hair Oil,Health & Beauty,Haircare,450316700838,EA,24,1.95,5.8,2.4,6.8,0.0548,HB,stable,2022-11-17,True,0.4236,0.5773,C,C,False
SKU-03469,Repairing Dry Shampoo,Health & Beauty,Haircare,873808428602,EA,12,0.89,7.4,3.1,7.1,0.0943,HB,stable,2023-05-17,True,0.4446,0.606,C,C,False
SKU-03470,Repairing Dry Shampoo,Health & Beauty,Haircare,585775358382,EA,12,0.99,8.5,4.8,6.3,0.1487,HB,stable,2025-02-13,True,0.8629,1.1761,B,B,False
SKU-03471,Moisturizing Shampoo,Health & Beauty,Haircare,467137723730,EA,12,1.54,4.6,3.5,11.1,0.1034,HB,stable,2024-12-07,True,0.3496,0.4765,C,C,False
SKU-03472,Volumizing Deep Hair Mask,Health & Beauty,Haircare,639891902882,EA,48,1.89,5.0,2.5,5.7,0.0412,HB,stable,2025-02-21,True,0.8473,1.1549,B,B,False
SKU-03473,Smoothing Scalp Serum,Health & Beauty,Haircare,361547993668,EA,24,0.44,9.3,3.6,8.9,0.1724,HB,stable,2025-05-10,True,1.0494,1.4303,B,B,False
SKU-03474,Volumizing Deep Hair Mask,Health & Beauty,Haircare,015258203670,EA,48,1.17,7.2,2.6,5.3,0.0574,HB,stable,2023-06-27,True,0.8806,1.2002,B,B,False
SKU-03475,Smoothing Leave-In Conditioner,Health & Beauty,Haircare,937629466565,EA,24,0.8,4.1,3.4,5.8,0.0468,HB,stable,2023-11-16,True,0.3273,0.4461,C,C,False
SKU-03476,Strengthening Hair Oil,Health & Beauty,Haircare,638106476722,EA,12,1.3,7.0,3.5,10.3,0.146,HB,stable,2023-04-25,True,1.1289,1.5387,B,B,False
SKU-03477,Daily Dry Shampoo,Health & Beauty,Haircare,871387815041,EA,12,2.0,3.7,3.6,6.4,0.0493,HB,stable,2024-07-21,True,0.6151,0.8384,C,B,True
SKU-03478,Daily Hair Oil,Health & Beauty,Haircare,433530991540,EA,12,1.76,4.1,2.1,10.8,0.0538,HB,stable,2023-05-11,True,2.1878,2.9819,B,A,True
SKU-03479,Color-Safe Scalp Serum,Health & Beauty,Haircare,668197100641,EA,12,0.98,5.5,3.2,8.1,0.0825,HB,stable,2023-12-16,True,0.9236,1.2589,B,B,False
SKU-03480,Daily Conditioner,Health & Beauty,Haircare,387979238017,EA,12,1.3,7.5,4.4,8.1,0.1547,HB,stable,2024-07-31,True,0.6993,0.9531,C,B,True
SKU-03481,Repairing Shampoo,Health & Beauty,Haircare,680671256518,EA,12,1.63,3.0,4.3,4.6,0.0343,HB,stable,2023-09-07,True,0.705,0.9609,C,B,True
SKU-03482,Strengthening Dry Shampoo,Health & Beauty,Haircare,094658879242,EA,24,1.28,5.2,4.2,4.4,0.0556,HB,stable,2024-06-30,True,0.4809,0.6554,C,C,False
SKU-03483,Strengthening Conditioner,Health & Beauty,Haircare,455451448298,EA,24,0.76,3.1,4.5,8.3,0.067,HB,stable,2023-02-21,True,0.5373,0.7323,C,B,True
SKU-03484,Strengthening Conditioner,Health & Beauty,Haircare,103108186610,EA,6,0.66,7.9,3.6,4.7,0.0774,HB,stable,2024-05-15,True,0.5231,0.713,C,B,True
SKU-03485,Volumizing Scalp Serum,Health & Beauty,Haircare,703512660746,EA,12,1.04,5.0,3.7,4.5,0.0482,HB,stable,2022-03-21,True,0.3637,0.4957,C,C,False
SKU-03486,Daily Leave-In Conditioner,Health & Beauty,Haircare,830443456369,EA,24,1.43,8.4,3.9,10.4,0.1972,HB,stable,2023-06-16,True,0.607,0.8273,C,B,True
SKU-03487,Repairing Shampoo,Health & Beauty,Haircare,164078490866,EA,24,0.94,6.6,4.3,10.4,0.1708,HB,stable,2025-04-20,True,0.4613,0.6287,C,C,False
SKU-03488,Strengthening Leave-In Conditioner,Health & Beauty,Haircare,045706601688,EA,24,1.92,3.5,2.4,9.0,0.0438,HB,stable,2022-08-28,True,2.2191,3.0246,B,A,True
SKU-03489,Repairing Leave-In Conditioner,Health & Beauty,Haircare,163432475794,EA,24,0.65,5.4,2.4,10.0,0.075,HB,stable,2024-12-27,True,1.5903,2.1675,B,B,False
SKU-03490,Smoothing Conditioner,Health & Beauty,Haircare,724391937185,EA,48,1.14,9.3,3.8,10.0,0.2045,HB,stable,2024-02-16,True,0.6343,0.8645,C,B,True
SKU-03491,Strengthening Dry Shampoo,Health & Beauty,Haircare,224606460852,EA,24,1.74,5.7,2.6,4.7,0.0403,HB,stable,2023-11-18,True,0.3516,0.4792,C,C,False
SKU-03492,Color-Safe Leave-In Conditioner,Health & Beauty,Haircare,884323182736,EA,48,0.67,4.5,3.1,9.7,0.0783,HB,stable,2024-01-31,True,0.3376,0.4602,C,C,False
SKU-03493,Color-Safe Conditioner,Health & Beauty,Haircare,405625307491,EA,6,0.95,8.1,2.3,8.3,0.0895,HB,stable,2022-10-31,True,1.3528,1.8438,B,B,False
SKU-03494,Color-Safe Deep Hair Mask,Health & Beauty,Haircare,689763505914,EA,48,1.86,5.2,2.1,11.2,0.0708,HB,stable,2024-03-30,True,0.3539,0.4824,C,C,False
SKU-03495,Smoothing Scalp Serum,Health & Beauty,Haircare,250140550540,EA,12,1.64,7.7,2.1,11.7,0.1095,HB,stable,2023-08-23,True,0.4302,0.5863,C,C,False
SKU-03496,Daily Deep Hair Mask,Health & Beauty,Haircare,585371219990,EA,48,1.09,6.1,4.9,6.4,0.1107,HB,stable,2024-09-07,True,70.4066,95.962,A,A,False
SKU-03497,Repairing Scalp Serum,Health & Beauty,Haircare,855808297301,EA,6,0.94,7.6,3.1,4.2,0.0573,HB,stable,2025-03-01,True,0.3379,0.4606,C,C,False
SKU-03498,Daily Leave-In Conditioner,Health & Beauty,Haircare,743473344221,EA,24,1.79,8.2,3.9,8.0,0.1481,HB,stable,2024-09-16,True,0.8886,1.2112,B,B,False
SKU-03499,Smoothing Conditioner,Health & Beauty,Haircare,315100903780,EA,48,1.95,9.9,4.3,10.7,0.2636,HB,stable,2022-05-07,True,0.355,0.4838,C,C,False
SKU-03500,Repairing Leave-In Conditioner,Health & Beauty,Haircare,651024357782,EA,48,1.45,4.2,4.5,10.6,0.1159,HB,stable,2022-08-04,True,1.627,2.2176,B,B,False
SKU-03501,Smoothing Shampoo,Health & Beauty,Haircare,417788431189,EA,24,0.8,10.0,2.3,10.7,0.1424,HB,stable,2022-04-11,True,0.4145,0.5649,C,C,False
SKU-03502,Repairing Scalp Serum,Health & Beauty,Haircare,472160993656,EA,12,1.61,5.7,2.4,7.3,0.0578,HB,stable,2022-05-09,True,0.778,1.0604,B,B,False
SKU-03503,Smoothing Deep Hair Mask,Health & Beauty,Haircare,205363819230,EA,24,1.23,5.2,4.7,11.9,0.1683,HB,stable,2023-02-27,True,0.4564,0.622,C,C,False
SKU-03504,Smoothing Shampoo,Health & Beauty,Haircare,780637881897,EA,12,0.57,9.2,3.8,6.8,0.1376,HB,stable,2023-01-19,True,0.7366,1.0039,C,B,True
SKU-03505,Strengthening Shampoo,Health & Beauty,Haircare,553234445435,EA,12,1.0,7.6,3.7,11.7,0.1904,HB,stable,2022-05-08,True,0.6086,0.8295,C,B,True
SKU-03506,Moisturizing Leave-In Conditioner,Health & Beauty,Haircare,521938711562,EA,6,0.85,9.8,4.3,5.5,0.1341,HB,stable,2023-05-16,True,2.0819,2.8376,B,A,True
SKU-03507,Volumizing Shampoo,Health & Beauty,Haircare,025708062967,EA,24,0.68,5.5,3.2,8.3,0.0845,HB,stable,2025-03-31,True,0.3115,0.4246,C,C,False
SKU-03508,Volumizing Dry Shampoo,Health & Beauty,Haircare,001248386474,EA,6,0.54,7.6,4.2,11.7,0.2161,HB,stable,2022-08-27,True,0.4346,0.5924,C,C,False
SKU-03509,Moisturizing Shampoo,Health & Beauty,Haircare,221904208586,EA,12,1.14,8.5,4.8,6.1,0.144,HB,stable,2024-08-08,True,0.9128,1.2441,B,B,False
SKU-03510,Strengthening Deep Hair Mask,Health & Beauty,Haircare,358835082063,EA,12,1.56,4.6,2.4,6.0,0.0383,HB,stable,2023-12-29,True,4.0443,5.5122,A,A,False
SKU-03511,Daily Scalp Serum,Health & Beauty,Haircare,496879524066,EA,6,1.68,7.3,4.4,6.7,0.1245,HB,stable,2023-10-23,True,0.5498,0.7494,C,B,True
SKU-03512,Smoothing Hair Oil,Health & Beauty,Haircare,955169912580,EA,12,1.65,3.7,3.8,5.6,0.0456,HB,stable,2024-11-19,True,1.563,2.1303,B,B,False
SKU-03513,Moisturizing Scalp Serum,Health & Beauty,Haircare,270817607431,EA,6,1.2,3.3,3.6,5.5,0.0378,HB,stable,2024-01-29,True,0.3178,0.4331,C,C,False
SKU-03514,Strengthening Dry Shampoo,Health & Beauty,Haircare,640259013791,EA,24,1.74,3.3,2.8,10.6,0.0567,HB,stable,2022-04-21,True,0.5538,0.7548,C,B,True
SKU-03515,Strengthening Conditioner,Health & Beauty,Haircare,081631158075,EA,24,1.66,4.9,5.0,4.9,0.0695,HB,stable,2023-07-10,True,3.2886,4.4823,A,A,False
SKU-03516,Color-Safe Scalp Serum,Health & Beauty,Haircare,761179789977,EA,24,1.05,8.8,4.8,8.3,0.2029,HB,stable,2024-05-09,True,1.013,1.3807,B,B,False
SKU-03517,Daily Leave-In Conditioner,Health & Beauty,Haircare,038786728723,EA,24,0.75,6.6,2.2,8.4,0.0706,HB,stable,2024-08-04,True,1.5646,2.1325,B,B,False
SKU-03518,Strengthening Dry Shampoo,Health & Beauty,Haircare,109354389103,EA,6,1.07,4.1,3.0,6.1,0.0434,HB,stable,2025-04-17,True,0.4122,0.5618,C,C,False
SKU-03519,Strengthening Shampoo,Health & Beauty,Haircare,070939913194,EA,48,0.52,5.5,3.5,10.0,0.1114,HB,stable,2023-07-02,True,1.5583,2.1239,B,B,False
SKU-03520,Color-Safe Shampoo,Health & Beauty,Haircare,898934018343,EA,48,1.36,6.4,4.9,8.1,0.147,HB,stable,2022-07-17,True,0.8359,1.1393,B,B,False
SKU-03521,Daily Conditioner,Health & Beauty,Haircare,157753217260,EA,12,1.94,4.2,2.1,10.6,0.0541,HB,stable,2024-02-25,True,0.4614,0.6289,C,C,False
SKU-03522,Smoothing Leave-In Conditioner,Health & Beauty,Haircare,988136225810,EA,48,0.56,6.2,4.4,4.4,0.0695,HB,stable,2024-01-14,True,4.9017,6.6809,A,A,False
SKU-03523,Moisturizing Leave-In Conditioner,Health & Beauty,Haircare,336018997138,EA,24,1.94,3.8,4.3,9.8,0.0927,HB,stable,2022-09-20,True,0.9112,1.2419,B,B,False
SKU-03524,Color-Safe Leave-In Conditioner,Health & Beauty,Haircare,693762163222,EA,6,1.32,8.5,2.1,8.0,0.0826,HB,stable,2024-10-12,True,1.0091,1.3754,B,B,False
SKU-03525,Daily Leave-In Conditioner,Health & Beauty,Haircare,583451090015,EA,12,0.7,6.5,2.9,10.2,0.1113,HB,stable,2024-09-07,True,1.7424,2.3748,B,B,False
SKU-03526,Repairing Conditioner,Health & Beauty,Haircare,193717491268,EA,48,1.9,5.3,4.9,11.8,0.1773,HB,stable,2025-01-09,True,1.2769,1.7404,B,B,False
SKU-03527,Strengthening Leave-In Conditioner,Health & Beauty,Haircare,353686618516,EA,12,0.98,5.8,5.0,6.6,0.1108,HB,stable,2022-06-30,True,1.1249,1.5332,B,B,False
SKU-03528,Smoothing Dry Shampoo,Health & Beauty,Haircare,948728407822,EA,24,1.93,4.6,2.6,9.5,0.0658,HB,stable,2022-04-13,True,0.4298,0.5858,C,C,False
SKU-03529,Strengthening Dry Shampoo,Health & Beauty,Haircare,700739485661,EA,24,1.09,9.0,2.6,8.2,0.111,HB,stable,2022-03-27,True,0.4968,0.6771,C,B,True
SKU-03530,Moisturizing Dry Shampoo,Health & Beauty,Haircare,533350651229,EA,48,0.95,7.4,2.8,10.6,0.1271,HB,stable,2022-11-17,True,0.3927,0.5353,C,C,False
SKU-03531,Color-Safe Conditioner,Health & Beauty,Haircare,996343434468,EA,24,1.92,5.7,4.0,7.6,0.1003,HB,stable,2024-09-21,True,0.4018,0.5476,C,C,False
SKU-03532,Strengthening Hair Oil,Health & Beauty,Haircare,773944972636,EA,6,1.44,5.1,2.2,11.6,0.0753,HB,stable,2025-04-04,True,0.3165,0.4314,C,C,False
SKU-03533,Daily Conditioner,Health & Beauty,Haircare,566147214833,EA,6,0.51,4.4,4.2,10.4,0.1112,HB,stable,2023-01-22,True,0.7167,0.9769,C,B,True
SKU-03534,Volumizing Shampoo,Health & Beauty,Haircare,307510991454,EA,48,0.67,5.2,3.5,8.0,0.0843,HB,stable,2023-07-16,True,3.0855,4.2055,A,A,False
SKU-03535,Repairing Hair Oil,Health & Beauty,Haircare,040092094120,EA,24,1.65,3.5,4.1,11.3,0.0938,HB,stable,2022-05-23,True,1.1603,1.5814,B,B,False
SKU-03536,Volumizing Dry Shampoo,Health & Beauty,Haircare,089221493734,EA,12,1.78,6.2,2.0,8.7,0.0624,HB,stable,2022-06-28,True,0.492,0.6706,C,B,True
SKU-03537,Repairing Shampoo,Health & Beauty,Haircare,364403561652,EA,48,1.37,9.6,2.3,7.5,0.0958,HB,stable,2023-12-19,True,0.3633,0.4951,C,C,False
SKU-03538,Color-Safe Scalp Serum,Health & Beauty,Haircare,219858667551,EA,24,1.53,7.4,3.4,6.1,0.0888,HB,stable,2023-12-16,True,0.4818,0.6567,C,C,False
SKU-03539,Color-Safe Conditioner,Health & Beauty,Haircare,891558360872,EA,6,1.17,6.2,2.7,5.0,0.0484,HB,stable,2025-01-17,True,4.8556,6.6181,A,A,False
SKU-03540,Repairing Shampoo,Health & Beauty,Haircare,619189751350,EA,24,1.38,6.8,2.3,8.9,0.0806,HB,stable,2022-06-14,True,0.9766,1.3311,B,B,False
SKU-03541,Repairing Leave-In Conditioner,Health & Beauty,Haircare,815532720603,EA,6,1.91,4.8,3.3,9.2,0.0843,HB,stable,2023-08-17,True,0.5948,0.8107,C,B,True
SKU-03542,Volumizing Hair Oil,Health & Beauty,Haircare,550478061001,EA,6,0.82,6.4,4.8,7.9,0.1404,HB,stable,2023-07-15,True,0.4827,0.6579,C,C,False
SKU-03543,Daily Hair Oil,Health & Beauty,Haircare,747653964729,EA,24,1.62,3.8,3.5,9.1,0.07,HB,stable,2023-05-05,True,1.0742,1.4641,B,B,False
SKU-03544,Smoothing Hair Oil,Health & Beauty,Haircare,434166845135,EA,12,0.96,8.0,4.4,7.3,0.1487,HB,stable,2022-03-20,True,4.0762,5.5557,A,A,False
SKU-03545,Moisturizing Deep Hair Mask,Health & Beauty,Haircare,332184534435,EA,12,0.48,6.6,4.8,11.7,0.2145,HB,stable,2022-12-05,True,0.4705,0.6413,C,C,False
SKU-03546,Repairing Scalp Serum,Health & Beauty,Haircare,519897238266,EA,12,1.41,9.2,4.2,8.1,0.1811,HB,stable,2025-02-12,True,0.3999,0.545,C,C,False
SKU-03547,Repairing Deep Hair Mask,Health & Beauty,Haircare,447802605050,EA,24,1.66,4.6,3.8,6.4,0.0647,HB,stable,2023-12-01,True,0.3949,0.5382,C,C,False
SKU-03548,Volumizing Shampoo,Health & Beauty,Haircare,822889969784,EA,48,0.53,5.9,4.1,11.0,0.154,HB,stable,2025-02-23,True,0.3845,0.524,C,C,False
SKU-03549,Strengthening Leave-In Conditioner,Health & Beauty,Haircare,802439002638,EA,6,1.94,9.6,3.0,5.6,0.0933,HB,stable,2024-03-03,True,0.5097,0.6947,C,B,True
SKU-03550,Daily Scalp Serum,Health & Beauty,Haircare,800653086529,EA,6,1.38,6.1,2.2,8.0,0.0621,HB,stable,2023-01-09,True,0.3594,0.4899,C,C,False
SKU-03551,Volumizing Deep Hair Mask,Health & Beauty,Haircare,479630805080,EA,24,1.56,5.1,3.3,10.0,0.0974,HB,stable,2022-11-29,True,0.3403,0.4638,C,C,False
SKU-03552,Strengthening Dry Shampoo,Health & Beauty,Haircare,902248763060,EA,12,1.28,6.5,2.3,10.2,0.0882,HB,stable,2024-02-01,True,0.5707,0.7779,C,B,True
SKU-03553,Smoothing Shampoo,Health & Beauty,Haircare,850728610021,EA,24,1.37,4.7,3.8,6.9,0.0713,HB,stable,2024-11-09,True,1.3239,1.8044,B,B,False
SKU-03554,Color-Safe Dry Shampoo,Health & Beauty,Haircare,172357552600,EA,6,0.92,3.2,4.5,10.8,0.09,HB,stable,2022-08-02,True,19.1228,26.0638,A,A,False
SKU-03555,Smoothing Scalp Serum,Health & Beauty,Haircare,096668094598,EA,12,0.96,4.9,3.2,6.0,0.0544,HB,stable,2022-06-27,True,0.3936,0.5364,C,C,False
SKU-03556,Moisturizing Deep Hair Mask,Health & Beauty,Haircare,674318267316,EA,12,0.64,4.9,3.2,9.0,0.0817,HB,stable,2022-08-29,True,0.5832,0.7949,C,B,True
SKU-03557,Moisturizing Dry Shampoo,Health & Beauty,Haircare,010822629846,EA,12,0.94,5.7,4.1,7.4,0.1001,HB,stable,2024-01-03,True,1.187,1.6178,B,B,False
SKU-03558,Color-Safe Deep Hair Mask,Health & Beauty,Haircare,204047380752,EA,12,1.01,4.3,2.2,11.3,0.0619,HB,stable,2024-07-09,True,1.2655,1.7248,B,B,False
SKU-03559,Repairing Deep Hair Mask,Health & Beauty,Haircare,178973738087,EA,48,1.94,7.9,4.5,7.6,0.1564,HB,stable,2024-08-13,True,0.5892,0.803,C,B,True
SKU-03560,Moisturizing Shampoo,Health & Beauty,Haircare,295135367656,EA,12,0.81,7.4,4.2,7.3,0.1313,HB,stable,2023-05-11,True,0.45,0.6134,C,C,False
SKU-03561,Repairing Leave-In Conditioner,Health & Beauty,Haircare,257724264023,EA,24,1.67,8.7,4.9,11.5,0.2837,HB,stable,2022-06-16,True,1.5936,2.172,B,B,False
SKU-03562,Volumizing Scalp Serum,Health & Beauty,Haircare,384196373502,EA,12,1.48,3.1,3.6,6.9,0.0446,HB,stable,2022-11-05,True,0.7641,1.0415,C,B,True
SKU-03563,Repairing Shampoo,Health & Beauty,Haircare,931384442869,EA,6,1.67,5.5,2.8,9.3,0.0829,HB,stable,2023-02-07,True,0.5059,0.6895,C,B,True
SKU-03564,Moisturizing Scalp Serum,Health & Beauty,Haircare,551904515553,EA,48,0.54,5.4,2.6,9.3,0.0756,HB,stable,2024-10-25,True,0.5887,0.8024,C,B,True
SKU-03565,Color-Safe Conditioner,Health & Beauty,Haircare,083862644869,EA,48,0.99,4.7,2.6,7.9,0.0559,HB,stable,2022-08-31,True,1.4159,1.9298,B,B,False
SKU-03566,Moisturizing Dry Shampoo,Health & Beauty,Haircare,102939442653,EA,24,1.19,9.1,4.1,4.9,0.1058,HB,stable,2023-02-21,True,0.8165,1.1129,B,B,False
SKU-03567,Daily Conditioner,Health & Beauty,Haircare,993831222230,EA,12,1.11,5.4,3.3,7.6,0.0784,HB,stable,2023-09-09,True,0.3181,0.4335,C,C,False
SKU-03568,Color-Safe Shampoo,Health & Beauty,Haircare,115773863421,EA,6,1.17,3.9,5.0,10.1,0.114,HB,stable,2023-11-30,True,2.7367,3.73,A,A,False
SKU-03569,Color-Safe Shampoo,Health & Beauty,Haircare,582871112789,EA,6,1.94,8.2,3.9,10.7,0.198,HB,stable,2023-08-02,True,0.4218,0.5749,C,C,False
SKU-03570,Volumizing Hair Oil,Health & Beauty,Haircare,189517538624,EA,12,1.94,7.6,2.3,11.4,0.1153,HB,stable,2023-09-13,True,0.4281,0.5835,C,C,False
SKU-03571,Strengthening Deep Hair Mask,Health & Beauty,Haircare,650425553077,EA,48,1.42,3.4,2.3,4.7,0.0213,HB,stable,2023-02-22,True,1.0258,1.3981,B,B,False
SKU-03572,Volumizing Scalp Serum,Health & Beauty,Haircare,877057196868,EA,48,1.5,3.2,4.0,8.0,0.0593,HB,stable,2025-02-22,True,1.0639,1.45,B,B,False
SKU-03573,Color-Safe Deep Hair Mask,Health & Beauty,Haircare,675989729928,EA,24,1.25,4.7,3.6,9.7,0.095,HB,stable,2023-01-26,True,2.0488,2.7925,B,A,True
SKU-03574,Repairing Deep Hair Mask,Health & Beauty,Haircare,322015468138,EA,12,0.81,4.3,3.3,4.3,0.0353,HB,stable,2025-01-28,True,0.4588,0.6253,C,C,False
SKU-03575,Color-Safe Conditioner,Health & Beauty,Haircare,570362449169,EA,48,1.03,6.5,3.7,6.6,0.0919,HB,stable,2023-08-17,True,0.3203,0.4366,C,C,False
SKU-03576,Daily Hair Oil,Health & Beauty,Haircare,897552175972,EA,48,0.63,8.6,4.2,7.4,0.1547,HB,stable,2025-05-14,True,0.4684,0.6384,C,C,False
SKU-03577,Repairing Shampoo,Health & Beauty,Haircare,310888810550,EA,48,1.37,8.1,2.8,11.7,0.1536,HB,stable,2023-05-01,True,0.4721,0.6435,C,C,False
SKU-03578,Color-Safe Leave-In Conditioner,Health & Beauty,Haircare,810035890723,EA,48,1.27,8.4,3.5,6.8,0.1157,HB,stable,2022-03-28,True,1.5291,2.0841,B,B,False
SKU-03579,Smoothing Scalp Serum,Health & Beauty,Haircare,683488070161,EA,12,0.69,10.0,2.7,5.3,0.0828,HB,stable,2023-12-16,True,0.4363,0.5947,C,C,False
SKU-03580,Volumizing Conditioner,Health & Beauty,Haircare,057064708866,EA,24,1.3,6.0,2.6,5.7,0.0515,HB,stable,2024-11-15,True,0.4812,0.6558,C,C,False
SKU-03581,Repairing Leave-In Conditioner,Health & Beauty,Haircare,939801361284,EA,24,1.63,6.4,3.5,6.0,0.0778,HB,stable,2023-09-06,True,1.9218,2.6193,B,A,True
SKU-03582,Color-Safe Shampoo,Health & Beauty,Haircare,790688796098,EA,12,0.59,3.5,3.5,7.3,0.0518,HB,stable,2022-04-26,True,1.0523,1.4342,B,B,False
SKU-03583,Repairing Hair Oil,Health & Beauty,Haircare,821034868002,EA,12,1.12,7.5,3.0,4.8,0.0625,HB,stable,2025-02-24,True,0.7044,0.9601,C,B,True
SKU-03584,Strengthening Conditioner,Health & Beauty,Haircare,787898848238,EA,12,1.95,8.6,2.1,10.5,0.1097,HB,stable,2022-09-18,True,6.764,9.2191,A,A,False
SKU-03585,Moisturizing Conditioner,Health & Beauty,Haircare,368004727025,EA,24,0.84,7.1,3.7,7.9,0.1201,HB,stable,2024-03-21,True,5.9347,8.0888,A,A,False
SKU-03586,Repairing Shampoo,Health & Beauty,Haircare,604776351623,EA,24,1.09,3.8,3.5,6.2,0.0477,HB,stable,2024-12-29,True,0.8054,1.0978,B,B,False
SKU-03587,Volumizing Scalp Serum,Health & Beauty,Haircare,398249065555,EA,12,0.97,8.5,3.8,10.3,0.1925,HB,stable,2023-11-20,True,2.5064,3.4161,B,A,True
SKU-03588,Color-Safe Leave-In Conditioner,Health & Beauty,Haircare,207089922965,EA,48,0.52,3.4,3.0,5.6,0.0331,HB,stable,2024-10-09,True,0.3453,0.4707,C,C,False
SKU-03589,Repairing Shampoo,Health & Beauty,Haircare,989335953619,EA,24,0.63,4.4,3.1,5.6,0.0442,HB,stable,2023-12-20,True,1.0624,1.448,B,B,False
SKU-03590,Volumizing Leave-In Conditioner,Health & Beauty,Haircare,072435630648,EA,24,0.92,9.8,5.0,10.2,0.2892,HB,stable,2024-03-10,True,3.1872,4.344,A,A,False
SKU-03591,Volumizing Scalp Serum,Health & Beauty,Haircare,275062803064,EA,24,1.26,8.4,2.6,8.9,0.1125,HB,stable,2023-02-22,True,0.9342,1.2733,B,B,False
SKU-03592,Strengthening Deep Hair Mask,Health & Beauty,Haircare,234761286549,EA,48,1.01,7.3,2.6,10.7,0.1175,HB,stable,2024-02-02,True,11.3893,15.5233,A,A,False
SKU-03593,Moisturizing Scalp Serum,Health & Beauty,Haircare,318783972435,EA,12,1.8,5.9,2.3,9.5,0.0746,HB,stable,2023-01-13,True,0.5049,0.6881,C,B,True
SKU-03594,Color-Safe Dry Shampoo,Health & Beauty,Haircare,684321673539,EA,48,1.46,7.6,4.0,8.7,0.1531,HB,stable,2022-04-18,True,0.4776,0.651,C,C,False
SKU-03595,Color-Safe Hair Oil,Health & Beauty,Haircare,901767402868,EA,6,1.79,6.8,4.3,6.7,0.1134,HB,stable,2024-05-11,True,1.8462,2.5163,B,B,False
SKU-03596,Strengthening Leave-In Conditioner,Health & Beauty,Haircare,156817662816,EA,6,0.43,9.1,2.2,5.9,0.0684,HB,stable,2023-05-06,True,0.4336,0.591,C,C,False
SKU-03597,Volumizing Deep Hair Mask,Health & Beauty,Haircare,443210658241,EA,48,0.67,6.1,3.4,4.1,0.0492,HB,stable,2022-11-13,True,1.1646,1.5873,B,B,False
SKU-03598,Smoothing Hair Oil,Health & Beauty,Haircare,579281448481,EA,48,1.7,7.6,2.6,9.1,0.1041,HB,stable,2024-10-09,True,1.0177,1.3871,B,B,False
SKU-03599,Smoothing Scalp Serum,Health & Beauty,Haircare,306713378726,EA,12,1.2,6.7,3.6,11.9,0.1661,HB,stable,2023-05-14,True,0.3552,0.4841,C,C,False
SKU-03600,Daily Leave-In Conditioner,Health & Beauty,Haircare,886521896925,EA,12,1.46,8.2,2.4,6.9,0.0786,HB,stable,2023-09-06,True,12.593,17.1639,A,A,False
SKU-03601,Strengthening Hair Oil,Health & Beauty,Haircare,333853191360,EA,12,0.87,6.6,4.9,6.0,0.1123,HB,stable,2022-05-02,True,0.4412,0.6013,C,C,False
SKU-03602,Smoothing Scalp Serum,Health & Beauty,Haircare,925879006377,EA,12,0.78,7.9,2.1,10.0,0.096,HB,stable,2022-03-13,True,2.6614,3.6274,A,A,False
SKU-03603,Volumizing Shampoo,Health & Beauty,Haircare,937547562265,EA,12,0.98,10.0,4.7,9.8,0.2666,HB,stable,2022-09-18,True,0.3305,0.4504,C,C,False
SKU-03604,Moisturizing Hair Oil,Health & Beauty,Haircare,702446975093,EA,24,1.16,7.0,3.0,5.3,0.0644,HB,stable,2022-10-19,True,0.6481,0.8833,C,B,True
SKU-03605,Moisturizing Conditioner,Health & Beauty,Haircare,779986221832,EA,24,0.58,10.0,3.9,11.5,0.2595,HB,stable,2023-07-30,True,1.7229,2.3483,B,B,False
SKU-03606,Volumizing Deep Hair Mask,Health & Beauty,Haircare,123938235103,EA,24,1.0,8.6,4.3,10.9,0.2333,HB,stable,2025-01-17,True,1.3744,1.8733,B,B,False
SKU-03607,Daily Shampoo,Health & Beauty,Haircare,844832859983,EA,24,1.38,3.8,3.3,9.3,0.0675,HB,stable,2023-11-15,True,1.011,1.378,B,B,False
SKU-03608,Smoothing Leave-In Conditioner,Health & Beauty,Haircare,422736491537,EA,48,1.89,6.5,4.6,11.5,0.199,HB,stable,2024-04-12,True,6.6194,9.0221,A,A,False
SKU-03609,Volumizing Shampoo,Health & Beauty,Haircare,107966004549,EA,12,1.37,8.5,4.9,6.0,0.1446,HB,stable,2022-03-27,True,0.5558,0.7575,C,B,True
SKU-03610,Strengthening Hair Oil,Health & Beauty,Haircare,178294828133,EA,12,0.92,8.5,3.4,7.2,0.1204,HB,stable,2022-04-25,True,0.8995,1.226,B,B,False
SKU-03611,Repairing Scalp Serum,Health & Beauty,Haircare,167923256101,EA,12,1.07,7.8,2.9,10.9,0.1427,HB,stable,2023-07-07,True,0.558,0.7605,C,B,True
SKU-03612,Daily Leave-In Conditioner,Health & Beauty,Haircare,646795796718,EA,48,1.69,4.4,4.1,9.4,0.0981,HB,stable,2024-03-25,True,0.3917,0.5339,C,C,False
SKU-03613,Moisturizing Scalp Serum,Health & Beauty,Haircare,585335271821,EA,48,1.7,9.9,2.5,8.1,0.116,HB,stable,2024-02-19,True,2.2002,2.9988,B,A,True
SKU-03614,Color-Safe Deep Hair Mask,Health & Beauty,Haircare,487999496003,EA,24,1.03,4.1,2.3,10.0,0.0546,HB,stable,2025-02-14,True,0.3464,0.4721,C,C,False
SKU-03615,Repairing Scalp Serum,Health & Beauty,Haircare,654158139419,EA,6,1.48,9.8,2.1,8.2,0.0977,HB,stable,2024-08-05,True,1.6637,2.2676,B,B,False
SKU-03616,Moisturizing Hair Oil,Health & Beauty,Haircare,645241088249,EA,24,1.02,8.4,3.4,8.8,0.1454,HB,stable,2025-05-10,True,0.4877,0.6647,C,C,False
SKU-03617,Color-Safe Conditioner,Health & Beauty,Haircare,278698318925,EA,24,1.81,9.6,2.2,9.0,0.11,HB,stable,2024-04-14,True,0.3281,0.4472,C,C,False
SKU-03618,Daily Conditioner,Health & Beauty,Haircare,681314598947,EA,12,1.24,5.4,3.4,5.3,0.0563,HB,stable,2025-04-16,True,1.2614,1.7192,B,B,False
SKU-03619,Strengthening Dry Shampoo,Health & Beauty,Haircare,506165449388,EA,48,1.85,4.3,3.3,11.2,0.092,HB,stable,2022-07-10,True,0.3178,0.4332,C,C,False
SKU-03620,Volumizing Conditioner,Health & Beauty,Haircare,528490019177,EA,48,1.99,3.9,4.0,11.0,0.0993,HB,stable,2023-05-24,True,1.5171,2.0677,B,B,False
SKU-03621,Repairing Hair Oil,Health & Beauty,Haircare,498427934118,EA,12,0.46,7.2,2.2,5.6,0.0513,HB,stable,2024-11-11,True,0.9603,1.3088,B,B,False
SKU-03622,Moisturizing Hair Oil,Health & Beauty,Haircare,296132767155,EA,24,0.96,7.9,3.8,11.4,0.198,HB,stable,2024-03-11,True,0.4077,0.5557,C,C,False
SKU-03623,Repairing Leave-In Conditioner,Health & Beauty,Haircare,592111327331,EA,24,1.82,9.4,2.8,4.8,0.0731,HB,stable,2024-05-09,True,0.9348,1.2741,B,B,False
SKU-03624,Volumizing Leave-In Conditioner,Health & Beauty,Haircare,568419336135,EA,24,0.44,8.6,2.8,10.5,0.1463,HB,stable,2024-12-09,True,0.535,0.7292,C,B,True
SKU-03625,Smoothing Scalp Serum,Health & Beauty,Haircare,145500924513,EA,24,0.84,9.4,4.7,7.7,0.1969,HB,stable,2024-09-14,True,0.757,1.0318,C,B,True
SKU-03626,Volumizing Scalp Serum,Health & Beauty,Haircare,874552266665,EA,24,1.44,7.0,3.0,11.5,0.1398,HB,stable,2023-05-06,True,0.334,0.4552,C,C,False
SKU-03627,Strengthening Hair Oil,Health & Beauty,Haircare,058880096897,EA,12,0.66,5.3,4.7,5.1,0.0735,HB,stable,2023-02-12,True,0.4209,0.5737,C,C,False
SKU-03628,Smoothing Shampoo,Health & Beauty,Haircare,481597115288,EA,48,1.79,4.2,4.1,6.7,0.0668,HB,stable,2024-02-14,True,0.5292,0.7213,C,B,True
SKU-03629,Strengthening Leave-In Conditioner,Health & Beauty,Haircare,837941935988,EA,12,1.24,8.1,2.5,6.4,0.075,HB,stable,2023-03-29,True,0.3566,0.4861,C,C,False
SKU-03630,Daily Dry Shampoo,Health & Beauty,Haircare,261777281741,EA,48,1.28,8.9,4.8,11.4,0.2818,HB,stable,2022-12-15,True,4.3879,5.9806,A,A,False
SKU-03631,Volumizing Conditioner,Health & Beauty,Haircare,753286896091,EA,24,1.02,4.4,2.3,5.9,0.0346,HB,stable,2024-08-05,True,0.6173,0.8414,C,B,True
SKU-03632,Smoothing Dry Shampoo,Health & Beauty,Haircare,812797336426,EA,12,1.69,4.9,2.6,5.2,0.0383,HB,stable,2022-04-07,True,0.472,0.6433,C,C,False
SKU-03633,Strengthening Leave-In Conditioner,Health & Beauty,Haircare,908751640785,EA,6,1.59,8.6,4.9,7.0,0.1707,HB,stable,2024-03-18,True,0.4581,0.6244,C,C,False
SKU-03634,Volumizing Conditioner,Health & Beauty,Haircare,806994386924,EA,12,1.22,4.7,2.2,7.3,0.0437,HB,stable,2024-01-16,True,0.3148,0.429,C,C,False
SKU-03635,Moisturizing Conditioner,Health & Beauty,Haircare,575826444555,EA,48,1.83,3.2,3.5,6.1,0.0395,HB,stable,2023-05-09,True,26.706,36.3994,A,A,False
SKU-03636,Color-Safe Shampoo,Health & Beauty,Haircare,666983149921,EA,24,1.88,4.7,2.6,5.5,0.0389,HB,stable,2022-07-27,True,0.3365,0.4586,C,C,False
SKU-03637,Repairing Conditioner,Health & Beauty,Haircare,320111903916,EA,12,1.93,8.6,3.0,9.2,0.1374,HB,stable,2024-05-11,True,0.5301,0.7225,C,B,True
SKU-03638,Volumizing Scalp Serum,Health & Beauty,Haircare,053881786644,EA,6,1.33,7.3,2.5,6.3,0.0665,HB,stable,2024-12-04,True,1.6237,2.213,B,B,False
SKU-03639,Moisturizing Dry Shampoo,Health & Beauty,Haircare,440063217922,EA,24,1.28,5.5,2.6,11.0,0.091,HB,stable,2023-10-07,True,0.3894,0.5308,C,C,False
SKU-03640,Volumizing Shampoo,Health & Beauty,Haircare,786650731333,EA,12,1.59,4.1,3.3,9.2,0.072,HB,stable,2022-05-16,True,5.2153,7.1083,A,A,False
SKU-03641,Smoothing Shampoo,Health & Beauty,Haircare,748138223506,EA,24,0.46,5.1,3.5,4.7,0.0486,HB,stable,2024-05-29,True,0.3337,0.4548,C,C,False
SKU-03642,Color-Safe Scalp Serum,Health & Beauty,Haircare,741594578004,EA,6,0.96,6.6,4.4,7.6,0.1277,HB,stable,2022-06-07,True,2.3541,3.2085,B,A,True
SKU-03643,Daily Deep Hair Mask,Health & Beauty,Haircare,449111607774,EA,12,1.39,6.4,4.3,7.1,0.1131,HB,stable,2022-05-18,True,0.5756,0.7845,C,B,True
SKU-03644,Strengthening Leave-In Conditioner,Health & Beauty,Haircare,356161251502,EA,24,0.68,4.7,3.9,4.4,0.0467,HB,stable,2024-07-08,True,3.7779,5.1492,A,A,False
SKU-03645,Volumizing Conditioner,Health & Beauty,Haircare,017331227901,EA,24,0.85,4.0,4.9,9.5,0.1078,HB,stable,2022-07-27,True,6.7936,9.2595,A,A,False
SKU-03646,Repairing Scalp Serum,Health & Beauty,Haircare,788805508140,EA,24,1.75,8.2,3.5,6.1,0.1013,HB,stable,2024-10-23,True,0.5526,0.7532,C,B,True
SKU-03647,Color-Safe Shampoo,Health & Beauty,Haircare,275694783379,EA,6,1.21,9.0,4.0,8.8,0.1833,HB,stable,2025-01-06,True,0.7955,1.0843,B,B,False
SKU-03648,Daily Scalp Serum,Health & Beauty,Haircare,303713248835,EA,24,1.42,6.5,3.3,7.4,0.0919,HB,stable,2022-08-29,True,9.6809,13.1948,A,A,False
SKU-03649,Strengthening Shampoo,Health & Beauty,Haircare,179845724325,EA,12,0.62,5.0,2.7,11.1,0.0867,HB,stable,2025-04-29,True,1.2675,1.7276,B,B,False
SKU-03650,Repairing Shampoo,Health & Beauty,Haircare,449082052774,EA,24,1.42,9.0,3.0,9.4,0.1469,HB,stable,2024-10-16,True,1.0285,1.4018,B,B,False
SKU-03651,Repairing Deep Hair Mask,Health & Beauty,Haircare,528783505587,EA,48,0.5,8.0,3.1,9.2,0.132,HB,stable,2022-05-26,True,0.4124,0.5621,C,C,False
SKU-03652,Repairing Deep Hair Mask,Health & Beauty,Haircare,659136495163,EA,12,1.95,6.2,3.8,8.5,0.1159,HB,stable,2025-02-20,True,0.4519,0.6159,C,C,False
SKU-03653,Strengthening Scalp Serum,Health & Beauty,Haircare,089207675523,EA,24,1.04,6.4,3.1,7.8,0.0896,HB,stable,2022-05-22,True,0.4688,0.639,C,C,False
SKU-03654,Volumizing Deep Hair Mask,Health & Beauty,Haircare,915446955653,EA,24,0.98,3.3,2.4,11.1,0.0509,HB,stable,2023-04-08,True,0.3323,0.4529,C,C,False
SKU-03655,Moisturizing Conditioner,Health & Beauty,Haircare,716571542034,EA,6,0.41,4.8,2.4,7.6,0.0507,HB,stable,2022-10-19,True,0.3813,0.5197,C,C,False
SKU-03656,Moisturizing Shampoo,Health & Beauty,Haircare,732317423956,EA,48,0.91,7.9,3.3,5.9,0.089,HB,stable,2024-02-07,True,0.6761,0.9215,C,B,True
SKU-03657,Moisturizing Leave-In Conditioner,Health & Beauty,Haircare,652088937529,EA,12,2.0,4.5,4.3,6.2,0.0694,HB,stable,2025-04-16,True,0.3767,0.5134,C,C,False
SKU-03658,Strengthening Deep Hair Mask,Health & Beauty,Haircare,688873572947,EA,24,1.95,6.7,4.3,7.8,0.13,HB,stable,2022-04-28,True,0.5173,0.7051,C,B,True
SKU-03659,Volumizing Deep Hair Mask,Health & Beauty,Haircare,504102272728,EA,24,1.58,5.3,4.5,9.3,0.1284,HB,stable,2025-03-04,True,0.4647,0.6334,C,C,False
SKU-03660,Color-Safe Deep Hair Mask,Health & Beauty,Haircare,184217265977,EA,12,0.52,5.1,4.0,10.7,0.1263,HB,stable,2023-09-11,True,1.1465,1.5627,B,B,False
SKU-03661,Daily Shampoo,Health & Beauty,Haircare,083258819799,EA,24,1.65,5.2,4.4,10.2,0.1351,HB,stable,2025-04-10,True,1.1457,1.5615,B,B,False
SKU-03662,Color-Safe Conditioner,Health & Beauty,Haircare,395926143660,EA,24,1.4,7.6,4.4,4.8,0.0929,HB,stable,2022-12-22,True,0.396,0.5397,C,C,False
SKU-03663,Repairing Scalp Serum,Health & Beauty,Haircare,950600630436,EA,48,0.51,5.3,2.4,9.8,0.0721,HB,stable,2025-01-22,True,0.3409,0.4646,C,C,False
SKU-03664,Repairing Deep Hair Mask,Health & Beauty,Haircare,612182626707,EA,24,1.44,5.8,4.7,7.6,0.1199,HB,stable,2025-02-21,True,0.9365,1.2764,B,B,False
SKU-03665,Repairing Shampoo,Health & Beauty,Haircare,134762611796,EA,12,1.76,3.7,4.4,4.9,0.0462,HB,stable,2022-07-14,True,0.6473,0.8822,C,B,True
SKU-03666,Moisturizing Leave-In Conditioner,Health & Beauty,Haircare,306156174317,EA,6,1.43,3.5,3.9,10.6,0.0837,HB,stable,2024-11-07,True,0.4193,0.5715,C,C,False
SKU-03667,Moisturizing Leave-In Conditioner,Health & Beauty,Haircare,461338995677,EA,24,1.11,8.2,2.6,6.8,0.0839,HB,stable,2022-06-26,True,0.4977,0.6784,C,B,True
SKU-03668,Daily Hair Oil,Health & Beauty,Haircare,825005927006,EA,12,1.52,8.4,2.2,10.6,0.1134,HB,stable,2025-01-26,True,0.8969,1.2224,B,B,False
SKU-03669,Smoothing Conditioner,Health & Beauty,Haircare,158086926461,EA,12,1.82,9.8,4.2,6.3,0.1501,HB,stable,2022-03-24,True,0.3828,0.5217,C,C,False
SKU-03670,Repairing Deep Hair Mask,Health & Beauty,Haircare,090151508536,EA,24,0.73,5.9,2.8,8.3,0.0793,HB,stable,2022-10-03,True,0.5395,0.7353,C,B,True
SKU-03671,Strengthening Hair Oil,Health & Beauty,Haircare,667387469380,EA,24,1.74,3.7,4.7,10.6,0.1067,HB,stable,2023-06-28,True,2.2546,3.073,B,A,True
SKU-03672,Repairing Leave-In Conditioner,Health & Beauty,Haircare,127346603774,EA,12,1.32,4.1,4.7,5.3,0.0591,HB,stable,2024-10-19,True,0.5084,0.6929,C,B,True
SKU-03673,Smoothing Dry Shampoo,Health & Beauty,Haircare,945599171054,EA,12,0.58,5.9,3.3,5.1,0.0575,HB,stable,2025-04-26,True,0.3172,0.4323,C,C,False
SKU-03674,Daily Dry Shampoo,Health & Beauty,Haircare,083573923137,EA,12,1.22,5.4,4.7,7.9,0.116,HB,stable,2022-07-23,True,0.699,0.9527,C,B,True
SKU-03675,Repairing Conditioner,Health & Beauty,Haircare,684142969340,EA,6,0.92,6.5,2.9,7.6,0.0829,HB,stable,2024-03-09,True,0.7638,1.041,C,B,True
SKU-03676,Strengthening Deep Hair Mask,Health & Beauty,Haircare,578594213224,EA,12,1.48,9.9,4.7,8.5,0.2289,HB,stable,2022-03-25,True,0.6411,0.8738,C,B,True
SKU-03677,Volumizing Dry Shampoo,Health & Beauty,Haircare,290305701820,EA,6,1.37,9.6,2.8,4.6,0.0716,HB,stable,2022-06-26,True,0.9122,1.2433,B,B,False
SKU-03678,Color-Safe Shampoo,Health & Beauty,Haircare,629592926025,EA,24,0.66,4.3,4.5,7.1,0.0795,HB,stable,2024-12-21,True,4.5291,6.173,A,A,False
SKU-03679,Moisturizing Conditioner,Health & Beauty,Haircare,557624063184,EA,6,1.74,8.3,2.9,8.3,0.1156,HB,stable,2025-02-01,True,0.6409,0.8735,C,B,True
SKU-03680,Strengthening Leave-In Conditioner,Health & Beauty,Haircare,803032862681,EA,24,1.91,5.8,3.9,7.9,0.1034,HB,stable,2023-10-28,True,1.549,2.1112,B,B,False
SKU-03681,Daily Shampoo,Health & Beauty,Haircare,241487475401,EA,24,0.99,7.0,3.0,11.2,0.1361,HB,stable,2025-02-11,True,0.3507,0.478,C,C,False
SKU-03682,Moisturizing Dry Shampoo,Health & Beauty,Haircare,601635973692,EA,24,0.92,8.1,4.0,6.3,0.1181,HB,stable,2023-01-15,True,0.4844,0.6602,C,C,False
SKU-03683,Strengthening Hair Oil,Health & Beauty,Haircare,615212175792,EA,12,1.18,7.0,3.1,10.3,0.1293,HB,stable,2024-12-04,True,0.4323,0.5892,C,C,False
SKU-03684,Volumizing Conditioner,Health & Beauty,Haircare,775804080417,EA,12,0.45,7.8,3.6,9.6,0.156,HB,stable,2023-08-16,True,0.3329,0.4537,C,C,False
SKU-03685,Strengthening Scalp Serum,Health & Beauty,Haircare,591005827897,EA,12,1.87,5.6,4.1,8.8,0.1169,HB,stable,2023-04-08,True,1.0587,1.443,B,B,False
SKU-03686,Moisturizing Shampoo,Health & Beauty,Haircare,487552361057,EA,48,1.17,7.8,3.7,6.3,0.1052,HB,stable,2023-11-18,True,0.3205,0.4368,C,C,False
SKU-03687,Daily Dry Shampoo,Health & Beauty,Haircare,576436157200,EA,24,1.41,4.1,4.2,9.8,0.0977,HB,stable,2024-01-24,True,0.6225,0.8485,C,B,True
SKU-03688,Repairing Deep Hair Mask,Health & Beauty,Haircare,231014231178,EA,24,1.7,5.3,4.2,9.1,0.1172,HB,stable,2022-04-30,True,0.6586,0.8976,C,B,True
SKU-03689,Strengthening Scalp Serum,Health & Beauty,Haircare,695904798360,EA,6,0.59,4.6,3.9,11.6,0.1204,HB,stable,2023-02-17,True,0.4885,0.6658,C,B,True
SKU-03690,Smoothing Conditioner,Health & Beauty,Haircare,235277746113,EA,12,1.29,8.6,3.9,10.6,0.2057,HB,stable,2022-10-28,True,2.1603,2.9444,B,A,True
SKU-03691,Daily Leave-In Conditioner,Health & Beauty,Haircare,128555395029,EA,12,1.88,8.3,4.2,10.5,0.2118,HB,stable,2023-01-23,True,0.8063,1.099,B,B,False
SKU-03692,Volumizing Shampoo,Health & Beauty,Haircare,345705573388,EA,24,0.44,6.6,2.2,8.8,0.0739,HB,stable,2022-08-12,True,2.9902,4.0756,A,A,False
SKU-03693,Volumizing Conditioner,Health & Beauty,Haircare,385018726507,EA,6,1.45,4.8,5.0,10.5,0.1458,HB,stable,2024-01-27,True,0.7372,1.0048,C,B,True
SKU-03694,Color-Safe Dry Shampoo,Health & Beauty,Haircare,214415490474,EA,12,0.79,6.5,2.9,8.9,0.0971,HB,stable,2022-03-21,True,4.5963,6.2646,A,A,False
SKU-03695,Strengthening Deep Hair Mask,Health & Beauty,Haircare,068879512298,EA,24,1.88,7.7,3.6,6.2,0.0995,HB,stable,2022-08-18,True,0.4465,0.6086,C,C,False
SKU-03696,Smoothing Hair Oil,Health & Beauty,Haircare,632233154195,EA,6,1.55,3.7,4.1,7.8,0.0685,HB,stable,2025-03-26,True,0.3472,0.4732,C,C,False
SKU-03697,Smoothing Dry Shampoo,Health & Beauty,Haircare,367124329930,EA,12,1.06,9.7,4.2,4.5,0.1061,HB,stable,2022-07-26,True,0.5941,0.8098,C,B,True
SKU-03698,Repairing Deep Hair Mask,Health & Beauty,Haircare,861702901862,EA,12,1.52,5.5,4.6,7.3,0.1069,HB,stable,2022-05-27,True,0.4671,0.6367,C,C,False
SKU-03699,Color-Safe Leave-In Conditioner,Health & Beauty,Haircare,292236726112,EA,24,0.9,5.9,3.3,7.7,0.0868,HB,stable,2023-08-14,True,0.3346,0.4561,C,C,False
SKU-03700,Strengthening Shampoo,Health & Beauty,Haircare,882056236528,EA,48,1.37,4.8,5.0,6.9,0.0958,HB,stable,2023-01-24,True,0.3493,0.4761,C,C,False
SKU-03701,Color-Safe Shampoo,Health & Beauty,Haircare,162940661875,EA,6,0.98,8.1,3.2,4.5,0.0675,HB,stable,2023-11-01,True,1.0065,1.3718,B,B,False
SKU-03702,Color-Safe Scalp Serum,Health & Beauty,Haircare,432415025736,EA,48,0.78,4.4,3.2,9.1,0.0741,HB,stable,2023-06-29,True,1.8752,2.5559,B,B,False
SKU-03703,Daily Dry Shampoo,Health & Beauty,Haircare,174712272312,EA,48,1.16,5.6,3.6,10.1,0.1178,HB,stable,2024-12-30,True,0.6842,0.9325,C,B,True
SKU-03704,Smoothing Shampoo,Health & Beauty,Haircare,483506102685,EA,24,1.73,7.4,4.5,8.5,0.1638,HB,stable,2024-08-11,True,1.5321,2.0882,B,B,False
SKU-03705,Volumizing Dry Shampoo,Health & Beauty,Haircare,053945875646,EA,12,0.58,5.4,2.2,8.8,0.0605,HB,stable,2024-05-20,True,6.5633,8.9456,A,A,False
SKU-03706,Repairing Leave-In Conditioner,Health & Beauty,Haircare,053906327506,EA,12,1.06,3.8,4.0,6.4,0.0563,HB,stable,2022-08-31,True,0.3114,0.4244,C,C,False
SKU-03707,Volumizing Deep Hair Mask,Health & Beauty,Haircare,024033841280,EA,6,1.67,5.2,4.8,5.2,0.0751,HB,stable,2025-05-09,True,0.5726,0.7805,C,B,True
SKU-03708,Moisturizing Dry Shampoo,Health & Beauty,Haircare,764089549438,EA,48,1.88,8.1,4.1,10.3,0.198,HB,stable,2024-09-24,True,0.6853,0.9341,C,B,True
SKU-03709,Moisturizing Hair Oil,Health & Beauty,Haircare,997818429816,EA,48,0.9,9.0,3.6,7.4,0.1387,HB,stable,2023-03-04,True,0.6414,0.8742,C,B,True
SKU-03710,Strengthening Conditioner,Health & Beauty,Haircare,854612541568,EA,24,0.48,6.9,2.7,11.4,0.1229,HB,stable,2023-06-06,True,1.9935,2.7171,B,A,True
SKU-03711,Strengthening Hair Oil,Health & Beauty,Haircare,347032362530,EA,48,0.58,6.2,2.9,8.3,0.0864,HB,stable,2023-06-22,True,0.6668,0.9088,C,B,True
SKU-03712,Color-Safe Scalp Serum,Health & Beauty,Haircare,271149353789,EA,12,1.21,4.1,2.0,6.7,0.0318,HB,stable,2024-07-18,True,1.3446,1.8326,B,B,False
SKU-03713,Strengthening Dry Shampoo,Health & Beauty,Haircare,600877863568,EA,24,1.33,5.4,2.3,10.3,0.074,HB,stable,2025-03-17,True,2.116,2.8841,B,A,True
SKU-03714,Smoothing Dry Shampoo,Health & Beauty,Haircare,135157856907,EA,48,1.58,4.3,2.1,6.5,0.034,HB,stable,2022-09-28,True,1.1699,1.5945,B,B,False
SKU-03715,Moisturizing Conditioner,Health & Beauty,Haircare,748378355833,EA,24,1.84,8.6,2.4,5.5,0.0657,HB,stable,2022-06-26,True,0.43,0.5861,C,C,False
SKU-03716,Color-Safe Hair Oil,Health & Beauty,Haircare,876378968875,EA,12,0.51,6.1,4.7,7.6,0.1261,HB,stable,2023-05-06,True,1.2532,1.7081,B,B,False
SKU-03717,Daily Scalp Serum,Health & Beauty,Haircare,078300463617,EA,12,1.25,7.0,4.1,5.0,0.083,HB,stable,2022-03-10,True,0.6749,0.9199,C,B,True
SKU-03718,Daily Hair Oil,Health & Beauty,Haircare,967199949026,EA,24,1.14,9.8,3.7,6.9,0.1448,HB,stable,2025-01-01,True,0.3776,0.5147,C,C,False
SKU-03719,Color-Safe Scalp Serum,Health & Beauty,Haircare,757409896904,EA,12,0.54,3.2,4.6,4.3,0.0366,HB,stable,2023-11-15,True,0.9532,1.2992,B,B,False
SKU-03720,Daily Deep Hair Mask,Health & Beauty,Haircare,008311604941,EA,24,1.72,3.8,2.3,11.4,0.0577,HB,stable,2024-01-02,True,1.704,2.3225,B,B,False
SKU-03721,Volumizing Conditioner,Health & Beauty,Haircare,154531947948,EA,12,0.81,6.4,4.3,9.3,0.1481,HB,stable,2025-03-07,True,0.4555,0.6209,C,C,False
SKU-03722,Moisturizing Conditioner,Health & Beauty,Haircare,299063294536,EA,12,1.74,8.8,4.4,10.5,0.2353,HB,stable,2024-03-24,True,0.7145,0.9738,C,B,True
SKU-03723,Daily Conditioner,Health & Beauty,Haircare,423912393229,EA,12,0.74,9.8,3.1,8.5,0.1494,HB,stable,2024-03-18,True,1.2603,1.7178,B,B,False
SKU-03724,Daily Leave-In Conditioner,Health & Beauty,Haircare,777653710846,EA,48,1.8,7.2,2.3,6.4,0.0613,HB,stable,2023-03-16,True,0.4289,0.5846,C,C,False
SKU-03725,Moisturizing Hair Oil,Health & Beauty,Haircare,295314934386,EA,24,1.17,5.5,3.1,4.2,0.0414,HB,stable,2023-03-29,True,1.1088,1.5112,B,B,False
SKU-03726,Daily Scalp Serum,Health & Beauty,Haircare,897114398790,EA,24,1.7,3.5,4.6,11.7,0.109,HB,stable,2022-08-07,True,1.3341,1.8184,B,B,False
SKU-03727,Daily Leave-In Conditioner,Health & Beauty,Haircare,270377524198,EA,24,1.74,8.5,3.2,9.1,0.1432,HB,stable,2024-04-19,True,516.3148,703.7213,A,A,False
SKU-03728,Strengthening Dry Shampoo,Health & Beauty,Haircare,031610303295,EA,12,0.49,8.8,4.4,10.4,0.233,HB,stable,2023-06-19,True,0.4058,0.5531,C,C,False
SKU-03729,Repairing Deep Hair Mask,Health & Beauty,Haircare,185625946792,EA,48,0.61,9.1,4.9,5.0,0.129,HB,stable,2023-06-09,True,1.2196,1.6623,B,B,False
SKU-03730,Smoothing Conditioner,Health & Beauty,Haircare,876682983317,EA,12,0.82,3.6,3.7,6.1,0.047,HB,stable,2024-07-13,True,0.4019,0.5478,C,C,False
SKU-03731,Repairing Leave-In Conditioner,Health & Beauty,Haircare,534792580061,EA,48,0.71,9.0,4.8,6.8,0.17,HB,stable,2024-12-31,True,0.3136,0.4274,C,C,False
SKU-03732,Repairing Dry Shampoo,Health & Beauty,Haircare,207246757127,EA,24,0.91,9.1,3.9,4.9,0.1006,HB,stable,2023-05-13,True,0.5384,0.7338,C,B,True
SKU-03733,Moisturizing Conditioner,Health & Beauty,Haircare,797043952575,EA,12,1.97,6.9,3.0,5.0,0.0599,HB,stable,2023-02-02,True,0.5067,0.6906,C,B,True
SKU-03734,Volumizing Shampoo,Health & Beauty,Haircare,806943949315,EA,12,0.61,8.0,4.7,4.2,0.0914,HB,stable,2023-02-09,True,7.341,10.0055,A,A,False
SKU-03735,Daily Conditioner,Health & Beauty,Haircare,333636289011,EA,12,1.62,5.5,2.8,8.4,0.0749,HB,stable,2022-11-13,True,2.5476,3.4723,B,A,True
SKU-03736,Repairing Shampoo,Health & Beauty,Haircare,146765636274,EA,24,1.33,3.4,4.8,9.2,0.0869,HB,stable,2023-11-12,True,0.5137,0.7002,C,B,True
SKU-03737,Strengthening Conditioner,Health & Beauty,Haircare,009877850431,EA,48,1.54,6.3,2.1,9.5,0.0727,HB,stable,2023-04-16,True,0.3407,0.4643,C,C,False
SKU-03738,Repairing Conditioner,Health & Beauty,Haircare,716004174224,EA,24,0.58,7.2,2.6,8.8,0.0953,HB,stable,2022-10-30,True,0.5215,0.7108,C,B,True
SKU-03739,Repairing Hair Oil,Health & Beauty,Haircare,214980819217,EA,24,1.28,7.2,2.7,5.0,0.0563,HB,stable,2024-02-11,True,0.4657,0.6347,C,C,False
SKU-03740,Smoothing Shampoo,Health & Beauty,Haircare,843949901506,EA,6,1.67,5.9,4.4,11.2,0.1683,HB,stable,2022-09-08,True,0.4895,0.6672,C,B,True
SKU-03741,Strengthening Conditioner,Health & Beauty,Haircare,304672475761,EA,12,1.48,7.8,2.9,10.6,0.1388,HB,stable,2022-11-05,True,1.4449,1.9694,B,B,False
SKU-03742,Smoothing Conditioner,Health & Beauty,Haircare,113832563020,EA,6,1.74,3.4,3.3,5.5,0.0357,HB,stable,2023-06-08,True,0.8213,1.1194,B,B,False
SKU-03743,Daily Shampoo,Health & Beauty,Haircare,578656223785,EA,24,0.99,9.2,2.2,9.0,0.1054,HB,stable,2022-11-11,True,0.3263,0.4447,C,C,False
SKU-03744,Moisturizing Leave-In Conditioner,Health & Beauty,Haircare,112030801028,EA,24,0.59,3.9,3.2,7.1,0.0513,HB,stable,2022-05-24,True,2.956,4.0289,A,A,False
SKU-03745,Repairing Leave-In Conditioner,Health & Beauty,Haircare,596200834300,EA,24,1.08,4.3,3.0,10.5,0.0784,HB,stable,2023-03-16,True,1.9783,2.6963,B,A,True
SKU-03746,Daily Deep Hair Mask,Health & Beauty,Haircare,816752932192,EA,6,0.6,3.6,4.2,10.2,0.0892,HB,stable,2025-04-06,True,1.6391,2.234,B,B,False
SKU-03747,Repairing Shampoo,Health & Beauty,Haircare,930348500605,EA,48,1.48,9.0,2.1,6.0,0.0656,HB,stable,2022-09-13,True,0.4693,0.6397,C,C,False
SKU-03748,Strengthening Dry Shampoo,Health & Beauty,Haircare,554541500570,EA,12,0.89,3.7,2.4,9.0,0.0462,HB,stable,2022-05-30,True,1.5413,2.1007,B,B,False
SKU-03749,Repairing Leave-In Conditioner,Health & Beauty,Haircare,990513863082,EA,24,1.69,4.3,3.8,5.1,0.0482,HB,stable,2024-08-21,True,0.3842,0.5237,C,C,False
SKU-03750,Volumizing Scalp Serum,Health & Beauty,Haircare,688028960698,EA,24,0.95,3.6,4.9,7.7,0.0786,HB,stable,2023-09-14,True,0.8928,1.2168,B,B,False
SKU-03751,Natural Body Lotion,Health & Beauty,Personal Care,892855978874,EA,12,1.02,7.4,1.4,2.4,0.0144,HB,stable,2025-01-27,True,0.3261,0.4445,C,C,False
SKU-03752,Advanced Body Wash,Health & Beauty,Personal Care,376775922576,EA,48,0.82,4.1,1.1,8.7,0.0227,HB,stable,2023-06-23,True,0.3219,0.4388,C,C,False
SKU-03753,Soothing Micellar Cleanser,Health & Beauty,Personal Care,051933806909,EA,24,0.37,6.9,1.9,4.8,0.0364,HB,stable,2024-10-02,True,0.3641,0.4963,C,C,False
SKU-03754,Daily Micellar Cleanser,Health & Beauty,Personal Care,717800063890,EA,24,1.28,7.5,1.0,7.3,0.0317,HB,stable,2022-12-18,True,0.3327,0.4534,C,C,False
SKU-03755,Advanced Deodorant,Health & Beauty,Personal Care,276820355868,EA,24,0.35,2.5,3.8,8.5,0.0467,HB,stable,2024-03-18,True,0.5578,0.7602,C,B,True
SKU-03756,Soothing Body Lotion,Health & Beauty,Personal Care,024531676935,EA,12,0.62,6.2,1.2,7.5,0.0323,HB,stable,2022-05-05,True,9.4448,12.873,A,A,False
SKU-03757,Sensitive Body Lotion,Health & Beauty,Personal Care,827611982482,EA,24,0.72,3.7,3.5,2.3,0.0172,HB,stable,2024-03-13,True,0.3796,0.5174,C,C,False
SKU-03758,Daily Hand Cream,Health & Beauty,Personal Care,716246638585,EA,12,0.57,6.2,1.3,8.0,0.0373,HB,stable,2024-07-22,True,0.6181,0.8424,C,B,True
SKU-03759,Soothing Micellar Cleanser,Health & Beauty,Personal Care,039850603476,EA,12,0.89,7.6,1.0,6.2,0.0273,HB,stable,2025-05-14,True,0.6164,0.8401,C,B,True
SKU-03760,Natural Body Wash,Health & Beauty,Personal Care,275716977128,EA,12,1.25,4.0,3.8,8.3,0.073,HB,stable,2023-07-30,True,0.3558,0.485,C,C,False
SKU-03761,Soothing Sugar Scrub,Health & Beauty,Personal Care,642327521988,EA,24,1.22,5.0,2.9,4.4,0.0369,HB,stable,2022-08-17,True,0.4292,0.585,C,C,False
SKU-03762,Soothing Lip Balm,Health & Beauty,Personal Care,918010013349,EA,24,1.39,4.6,3.7,5.1,0.0502,HB,stable,2024-08-12,True,0.7191,0.9801,C,B,True
SKU-03763,Soothing Body Lotion,Health & Beauty,Personal Care,797144438244,EA,24,1.39,6.9,3.6,7.5,0.1078,HB,stable,2023-11-06,True,0.6211,0.8465,C,B,True
SKU-03764,Soothing Sugar Scrub,Health & Beauty,Personal Care,063309069069,EA,12,1.48,3.6,3.7,3.2,0.0247,HB,stable,2024-06-12,True,2.2481,3.0641,B,A,True
SKU-03765,Natural Hand Cream,Health & Beauty,Personal Care,664786702414,EA,6,1.41,2.1,1.7,3.9,0.0081,HB,stable,2024-03-28,True,0.3295,0.4491,C,C,False
SKU-03766,Sensitive Micellar Cleanser,Health & Beauty,Personal Care,920918477875,EA,12,0.75,4.9,2.7,6.4,0.049,HB,stable,2022-05-02,True,0.5566,0.7586,C,B,True
SKU-03767,Fresh Deodorant,Health & Beauty,Personal Care,045876839995,EA,6,0.68,4.5,3.4,8.1,0.0717,HB,stable,2022-09-01,True,0.5958,0.812,C,B,True
SKU-03768,Advanced Body Lotion,Health & Beauty,Personal Care,481747790643,EA,24,1.26,2.6,3.6,3.1,0.0168,HB,stable,2023-06-27,True,6.7054,9.1392,A,A,False
SKU-03769,Sensitive Hand Cream,Health & Beauty,Personal Care,185658843957,EA,6,1.1,4.2,1.8,5.4,0.0236,HB,stable,2024-04-02,True,0.3239,0.4414,C,C,False
SKU-03770,Soothing Micellar Cleanser,Health & Beauty,Personal Care,281992557790,EA,24,0.78,8.0,3.9,4.9,0.0885,HB,stable,2022-10-22,True,0.5274,0.7188,C,B,True
SKU-03771,Fresh Deodorant,Health & Beauty,Personal Care,223492905832,EA,24,0.47,4.9,2.1,7.2,0.0429,HB,stable,2024-08-23,True,0.4228,0.5763,C,C,False
SKU-03772,Fresh Deodorant,Health & Beauty,Personal Care,679042631851,EA,12,0.26,5.0,1.8,6.0,0.0312,HB,stable,2023-01-02,True,1.7845,2.4322,B,B,False
SKU-03773,Soothing Sugar Scrub,Health & Beauty,Personal Care,099266079496,EA,24,1.44,2.5,2.0,7.4,0.0214,HB,stable,2023-08-18,True,0.4422,0.6027,C,C,False
SKU-03774,Fresh Body Lotion,Health & Beauty,Personal Care,718540863598,EA,12,1.42,5.2,2.5,6.7,0.0504,HB,stable,2022-10-31,True,9.7418,13.2778,A,A,False
SKU-03775,Sensitive Lip Balm,Health & Beauty,Personal Care,607158894491,EA,48,0.76,6.0,1.9,4.7,0.031,HB,stable,2025-02-07,True,0.4821,0.6571,C,C,False
SKU-03776,Daily Lip Balm,Health & Beauty,Personal Care,434536808607,EA,12,0.26,7.3,2.3,8.2,0.0797,HB,stable,2025-04-26,True,0.7537,1.0273,C,B,True
SKU-03777,Sensitive Lip Balm,Health & Beauty,Personal Care,114767487059,EA,24,0.28,5.1,3.9,8.8,0.1013,HB,stable,2022-10-03,True,0.7279,0.9921,C,B,True
SKU-03778,Sensitive Micellar Cleanser,Health & Beauty,Personal Care,381739947968,EA,24,0.99,2.4,1.7,4.4,0.0104,HB,stable,2025-04-30,True,1.1542,1.5731,B,B,False
SKU-03779,Sensitive Deodorant,Health & Beauty,Personal Care,770306893230,EA,12,0.51,6.8,3.0,3.6,0.0425,HB,stable,2023-04-10,True,0.8634,1.1768,B,B,False
SKU-03780,Natural Lip Balm,Health & Beauty,Personal Care,582682826361,EA,24,1.15,3.9,2.4,5.5,0.0298,HB,stable,2024-12-15,True,1.2352,1.6835,B,B,False
SKU-03781,Soothing Deodorant,Health & Beauty,Personal Care,851778734673,EA,12,1.26,7.0,1.8,8.0,0.0583,HB,stable,2022-06-30,True,0.3757,0.512,C,C,False
SKU-03782,Soothing Body Lotion,Health & Beauty,Personal Care,036772636043,EA,24,0.59,5.8,1.6,4.6,0.0247,HB,stable,2024-07-07,True,0.4184,0.5703,C,C,False
SKU-03783,Daily Body Lotion,Health & Beauty,Personal Care,504860187490,EA,24,0.91,4.4,3.9,5.8,0.0576,HB,stable,2022-04-04,True,0.3718,0.5068,C,C,False
SKU-03784,Sensitive Deodorant,Health & Beauty,Personal Care,438317706462,EA,12,0.84,7.1,2.3,5.2,0.0491,HB,stable,2023-08-09,True,0.9291,1.2664,B,B,False
SKU-03785,Fresh Sugar Scrub,Health & Beauty,Personal Care,191264234673,EA,12,0.48,4.1,2.6,7.2,0.0444,HB,stable,2025-01-28,True,1.0878,1.4826,B,B,False
SKU-03786,Natural Deodorant,Health & Beauty,Personal Care,385590337387,EA,48,1.0,2.2,1.1,8.2,0.0115,HB,stable,2022-10-15,True,0.4979,0.6786,C,B,True
SKU-03787,Daily Deodorant,Health & Beauty,Personal Care,035737210868,EA,24,0.66,4.5,1.7,7.1,0.0314,HB,stable,2023-07-09,True,16.4781,22.4592,A,A,False
SKU-03788,Daily Lip Balm,Health & Beauty,Personal Care,226844843985,EA,6,0.31,3.0,1.3,5.2,0.0117,HB,stable,2024-02-23,True,0.7997,1.0899,B,B,False
SKU-03789,Sensitive Lip Balm,Health & Beauty,Personal Care,362726327975,EA,48,1.48,4.8,2.7,4.7,0.0353,HB,stable,2022-09-28,True,0.9231,1.2581,B,B,False
SKU-03790,Soothing Lip Balm,Health & Beauty,Personal Care,917710633252,EA,6,0.21,5.1,3.8,6.8,0.0763,HB,stable,2025-04-03,True,7.171,9.7739,A,A,False
SKU-03791,Daily Sugar Scrub,Health & Beauty,Personal Care,644938097836,EA,24,1.0,6.5,1.9,6.1,0.0436,HB,stable,2025-02-27,True,0.9829,1.3396,B,B,False
SKU-03792,Natural Deodorant,Health & Beauty,Personal Care,858239913160,EA,6,1.32,6.6,1.8,3.9,0.0268,HB,stable,2023-08-14,True,0.6435,0.8771,C,B,True
SKU-03793,Soothing Micellar Cleanser,Health & Beauty,Personal Care,031131247556,EA,12,1.16,5.5,1.6,8.5,0.0433,HB,stable,2025-02-25,True,0.9462,1.2897,B,B,False
SKU-03794,Daily Hand Cream,Health & Beauty,Personal Care,969904412914,EA,12,1.33,4.0,1.8,6.8,0.0283,HB,stable,2023-04-09,True,0.3815,0.52,C,C,False
SKU-03795,Daily Lip Balm,Health & Beauty,Personal Care,992805852047,EA,48,0.26,4.0,4.0,8.8,0.0815,HB,stable,2022-12-27,True,0.5751,0.7839,C,B,True
SKU-03796,Fresh Body Wash,Health & Beauty,Personal Care,190440792696,EA,12,1.12,4.3,1.8,7.7,0.0345,HB,stable,2022-05-13,True,0.5233,0.7132,C,B,True
SKU-03797,Daily Micellar Cleanser,Health & Beauty,Personal Care,527217825934,EA,24,1.07,5.7,3.1,5.4,0.0552,HB,stable,2023-05-11,True,2.1335,2.9079,B,A,True
SKU-03798,Daily Micellar Cleanser,Health & Beauty,Personal Care,405458161737,EA,6,0.26,4.7,2.2,7.3,0.0437,HB,stable,2023-04-08,True,1.162,1.5838,B,B,False
SKU-03799,Soothing Body Wash,Health & Beauty,Personal Care,350866931864,EA,6,0.71,4.4,1.2,3.4,0.0104,HB,stable,2024-07-21,True,0.4658,0.6349,C,C,False
SKU-03800,Sensitive Deodorant,Health & Beauty,Personal Care,175633666112,EA,12,0.3,7.0,2.8,6.1,0.0692,HB,stable,2023-09-01,True,0.4084,0.5566,C,C,False
SKU-03801,Daily Body Lotion,Health & Beauty,Personal Care,641631285472,EA,6,0.29,6.9,1.1,4.6,0.0202,HB,stable,2025-01-26,True,0.5031,0.6857,C,B,True
SKU-03802,Sensitive Sugar Scrub,Health & Beauty,Personal Care,659371078803,EA,12,1.4,4.4,2.1,3.3,0.0176,HB,stable,2024-06-20,True,1.5186,2.0698,B,B,False
SKU-03803,Natural Body Wash,Health & Beauty,Personal Care,269490797104,EA,24,0.69,7.5,2.8,3.2,0.0389,HB,stable,2023-04-13,True,14.2105,19.3685,A,A,False
SKU-03804,Daily Micellar Cleanser,Health & Beauty,Personal Care,888120194654,EA,6,0.96,2.0,2.8,7.1,0.023,HB,stable,2023-01-24,True,0.8581,1.1696,B,B,False
SKU-03805,Daily Hand Cream,Health & Beauty,Personal Care,656893310328,EA,12,0.4,7.8,3.0,8.1,0.1097,HB,stable,2023-02-25,True,0.4741,0.6462,C,C,False
SKU-03806,Soothing Micellar Cleanser,Health & Beauty,Personal Care,651782151362,EA,12,0.79,3.4,2.8,6.2,0.0342,HB,stable,2024-04-27,True,0.3244,0.4421,C,C,False
SKU-03807,Advanced Micellar Cleanser,Health & Beauty,Personal Care,943837069290,EA,6,1.24,2.7,1.8,5.7,0.016,HB,stable,2024-05-19,True,0.5245,0.7149,C,B,True
SKU-03808,Soothing Body Wash,Health & Beauty,Personal Care,074467422943,EA,24,0.98,2.6,3.5,8.9,0.0469,HB,stable,2023-03-06,True,1.1398,1.5535,B,B,False
SKU-03809,Sensitive Deodorant,Health & Beauty,Personal Care,643161587096,EA,24,0.22,5.8,1.9,2.7,0.0172,HB,stable,2025-03-12,True,0.7741,1.0551,B,B,False
SKU-03810,Fresh Micellar Cleanser,Health & Beauty,Personal Care,969541491861,EA,12,1.13,7.9,2.3,8.8,0.0925,HB,stable,2025-04-18,True,0.7098,0.9675,C,B,True
SKU-03811,Natural Lip Balm,Health & Beauty,Personal Care,280452659987,EA,12,0.67,3.0,2.0,8.7,0.0302,HB,stable,2022-08-10,True,1.4018,1.9106,B,B,False
SKU-03812,Sensitive Body Lotion,Health & Beauty,Personal Care,462717628258,EA,6,1.19,5.0,1.4,7.7,0.0312,HB,stable,2024-01-31,True,1.6202,2.2083,B,B,False
SKU-03813,Advanced Lip Balm,Health & Beauty,Personal Care,559649626967,EA,24,0.43,5.9,1.9,6.5,0.0422,HB,stable,2022-08-25,True,0.7623,1.039,C,B,True
SKU-03814,Sensitive Deodorant,Health & Beauty,Personal Care,365030397916,EA,12,1.24,2.1,2.5,2.7,0.0082,HB,stable,2023-11-30,True,0.3402,0.4637,C,C,False
SKU-03815,Daily Hand Cream,Health & Beauty,Personal Care,298087152510,EA,24,1.28,7.8,1.2,2.7,0.0146,HB,stable,2023-01-20,True,0.5222,0.7118,C,B,True
SKU-03816,Soothing Body Lotion,Health & Beauty,Personal Care,610259601201,EA,6,0.98,7.6,2.4,8.4,0.0887,HB,stable,2023-02-11,True,0.8204,1.1182,B,B,False
SKU-03817,Soothing Hand Cream,Health & Beauty,Personal Care,036905236243,EA,12,1.21,7.4,1.4,4.3,0.0258,HB,stable,2023-02-08,True,0.3578,0.4877,C,C,False
SKU-03818,Daily Body Wash,Health & Beauty,Personal Care,765761260836,EA,24,0.91,5.7,2.4,2.2,0.0174,HB,stable,2023-03-31,True,4.1415,5.6448,A,A,False
SKU-03819,Daily Body Wash,Health & Beauty,Personal Care,024607500949,EA,24,1.11,3.9,1.5,5.3,0.0179,HB,stable,2024-12-18,True,3.6618,4.9909,A,A,False
SKU-03820,Natural Body Lotion,Health & Beauty,Personal Care,078986580202,EA,12,0.82,3.3,3.9,6.0,0.0447,HB,stable,2023-12-22,True,0.6848,0.9333,C,B,True
SKU-03821,Daily Hand Cream,Health & Beauty,Personal Care,311690005388,EA,24,1.35,2.2,2.3,7.8,0.0228,HB,stable,2025-04-03,True,12.3915,16.8893,A,A,False
SKU-03822,Fresh Deodorant,Health & Beauty,Personal Care,853938604695,EA,6,0.67,6.4,2.1,5.4,0.042,HB,stable,2024-04-02,True,0.6677,0.91,C,B,True
SKU-03823,Daily Deodorant,Health & Beauty,Personal Care,015614448909,EA,6,0.84,7.3,3.3,6.0,0.0836,HB,stable,2022-05-04,True,103.263,140.7443,A,A,False
SKU-03824,Daily Deodorant,Health & Beauty,Personal Care,143241183367,EA,48,1.16,5.6,2.0,8.6,0.0557,HB,stable,2023-05-18,True,2.6387,3.5965,B,A,True
SKU-03825,Fresh Lip Balm,Health & Beauty,Personal Care,414662636921,EA,48,0.57,7.1,3.5,3.2,0.046,HB,stable,2023-11-18,True,24.5864,33.5105,A,A,False
SKU-03826,Sensitive Body Lotion,Health & Beauty,Personal Care,775825783175,EA,6,0.58,4.1,2.1,3.8,0.0189,HB,stable,2022-09-25,True,2.2096,3.0116,B,A,True
SKU-03827,Soothing Body Lotion,Health & Beauty,Personal Care,608053481092,EA,12,1.01,7.9,2.8,8.7,0.1114,HB,stable,2022-03-26,True,1.6602,2.2628,B,B,False
SKU-03828,Sensitive Sugar Scrub,Health & Beauty,Personal Care,399731657419,EA,48,1.03,4.4,1.2,7.3,0.0223,HB,stable,2022-12-12,True,0.6022,0.8208,C,B,True
SKU-03829,Fresh Sugar Scrub,Health & Beauty,Personal Care,262107219727,EA,12,1.24,4.5,1.1,7.3,0.0209,HB,stable,2025-05-13,True,0.9269,1.2634,B,B,False
SKU-03830,Soothing Micellar Cleanser,Health & Beauty,Personal Care,090307351843,EA,6,1.21,4.4,2.5,8.8,0.056,HB,stable,2023-11-18,True,11.5593,15.755,A,A,False
SKU-03831,Daily Lip Balm,Health & Beauty,Personal Care,157321506882,EA,6,0.35,7.6,3.7,3.9,0.0635,HB,stable,2023-09-26,True,2.0038,2.7311,B,A,True
SKU-03832,Sensitive Body Wash,Health & Beauty,Personal Care,383202776035,EA,48,1.37,2.1,2.6,8.7,0.0275,HB,stable,2024-08-21,True,1.5112,2.0597,B,B,False
SKU-03833,Sensitive Body Wash,Health & Beauty,Personal Care,601689862079,EA,12,1.29,4.3,2.2,7.6,0.0416,HB,stable,2024-12-22,True,0.3367,0.4589,C,C,False
SKU-03834,Advanced Body Lotion,Health & Beauty,Personal Care,727472070505,EA,6,0.68,3.1,3.2,3.9,0.0224,HB,stable,2024-11-13,True,0.5244,0.7147,C,B,True
SKU-03835,Daily Hand Cream,Health & Beauty,Personal Care,696670614471,EA,48,1.39,4.1,2.1,3.7,0.0184,HB,stable,2023-06-14,True,0.5319,0.725,C,B,True
SKU-03836,Advanced Body Wash,Health & Beauty,Personal Care,918378189718,EA,12,0.6,4.1,3.4,5.7,0.046,HB,stable,2025-02-03,True,1.0184,1.388,B,B,False
SKU-03837,Advanced Body Wash,Health & Beauty,Personal Care,008452488827,EA,12,0.36,2.1,1.4,7.8,0.0133,HB,stable,2024-03-05,True,0.3925,0.5349,C,C,False
SKU-03838,Daily Hand Cream,Health & Beauty,Personal Care,130749637222,EA,24,1.4,7.4,3.0,6.3,0.0809,HB,stable,2022-03-28,True,2.0142,2.7453,B,A,True
SKU-03839,Sensitive Deodorant,Health & Beauty,Personal Care,354134641583,EA,24,0.9,7.8,2.9,4.1,0.0537,HB,stable,2023-12-06,True,0.5071,0.6911,C,B,True
SKU-03840,Fresh Hand Cream,Health & Beauty,Personal Care,968151278975,EA,12,1.34,3.1,3.8,5.8,0.0395,HB,stable,2024-11-06,True,2.8578,3.8951,A,A,False
SKU-03841,Advanced Hand Cream,Health & Beauty,Personal Care,640981617775,EA,6,1.24,7.5,3.0,3.3,0.043,HB,stable,2024-09-24,True,0.37,0.5043,C,C,False
SKU-03842,Sensitive Sugar Scrub,Health & Beauty,Personal Care,989662101920,EA,24,1.0,7.6,3.6,2.0,0.0317,HB,stable,2024-10-17,True,1.4369,1.9584,B,B,False
SKU-03843,Fresh Deodorant,Health & Beauty,Personal Care,577867602805,EA,24,1.07,6.5,1.8,7.2,0.0488,HB,stable,2024-01-03,True,0.3597,0.4903,C,C,False
SKU-03844,Soothing Sugar Scrub,Health & Beauty,Personal Care,816650166673,EA,12,0.23,5.5,1.5,5.8,0.0277,HB,stable,2022-06-13,True,0.511,0.6965,C,B,True
SKU-03845,Advanced Hand Cream,Health & Beauty,Personal Care,582409316815,EA,12,0.88,6.5,2.3,7.5,0.0649,HB,stable,2024-12-11,True,1.9707,2.686,B,A,True
SKU-03846,Advanced Body Lotion,Health & Beauty,Personal Care,960249286713,EA,12,1.01,2.8,3.7,7.7,0.0462,HB,stable,2023-11-02,True,0.7397,1.0082,C,B,True
SKU-03847,Daily Body Lotion,Health & Beauty,Personal Care,629426185980,EA,48,0.64,7.1,1.9,3.7,0.0289,HB,stable,2025-03-27,True,0.6583,0.8972,C,B,True
SKU-03848,Fresh Sugar Scrub,Health & Beauty,Personal Care,328945343261,EA,12,0.67,6.9,3.7,3.2,0.0473,HB,stable,2025-01-15,True,0.4149,0.5655,C,C,False
SKU-03849,Advanced Body Lotion,Health & Beauty,Personal Care,016010812912,EA,24,1.08,6.3,2.1,6.2,0.0475,HB,stable,2024-12-16,True,0.6055,0.8253,C,B,True
SKU-03850,Soothing Micellar Cleanser,Health & Beauty,Personal Care,713016442187,EA,12,1.23,4.2,1.6,3.5,0.0136,HB,stable,2025-04-29,True,9.9291,13.5331,A,A,False
SKU-03851,Daily Micellar Cleanser,Health & Beauty,Personal Care,216094787400,EA,12,0.76,2.8,1.1,5.9,0.0105,HB,stable,2024-05-30,True,0.3545,0.4832,C,C,False
SKU-03852,Daily Micellar Cleanser,Health & Beauty,Personal Care,092882579348,EA,12,0.78,3.7,2.0,5.5,0.0236,HB,stable,2023-05-30,True,1.0006,1.3638,B,B,False
SKU-03853,Sensitive Micellar Cleanser,Health & Beauty,Personal Care,862560145041,EA,24,1.08,4.2,3.1,6.0,0.0452,HB,stable,2023-11-12,True,1.3149,1.7922,B,B,False
SKU-03854,Soothing Deodorant,Health & Beauty,Personal Care,690407542190,EA,6,0.73,2.3,1.4,5.3,0.0099,HB,stable,2024-03-08,True,8.7511,11.9275,A,A,False
SKU-03855,Advanced Deodorant,Health & Beauty,Personal Care,778663990362,EA,24,1.4,3.9,2.1,6.8,0.0322,HB,stable,2022-09-08,True,2.8265,3.8525,A,A,False
SKU-03856,Fresh Lip Balm,Health & Beauty,Personal Care,217897931217,EA,12,1.42,7.7,2.6,8.1,0.0938,HB,stable,2024-01-04,True,0.324,0.4416,C,C,False
SKU-03857,Soothing Micellar Cleanser,Health & Beauty,Personal Care,876774901742,EA,24,1.47,7.1,3.4,4.3,0.0601,HB,stable,2024-12-17,True,0.6361,0.867,C,B,True
SKU-03858,Fresh Micellar Cleanser,Health & Beauty,Personal Care,156815051244,EA,6,0.26,4.0,2.5,2.3,0.0133,HB,stable,2023-06-19,True,0.7118,0.9702,C,B,True
SKU-03859,Daily Body Wash,Health & Beauty,Personal Care,270999799218,EA,12,1.32,7.3,2.4,3.3,0.0335,HB,stable,2025-03-22,True,0.573,0.781,C,B,True
SKU-03860,Natural Lip Balm,Health & Beauty,Personal Care,003012757305,EA,48,0.22,6.0,1.4,4.7,0.0228,HB,stable,2023-04-23,True,2.7464,3.7432,A,A,False
SKU-03861,Soothing Body Lotion,Health & Beauty,Personal Care,495925471129,EA,48,0.2,7.1,1.2,8.1,0.0399,HB,stable,2025-04-24,True,0.4552,0.6204,C,C,False
SKU-03862,Sensitive Body Wash,Health & Beauty,Personal Care,038157598057,EA,24,0.92,4.8,3.4,7.2,0.068,HB,stable,2023-09-26,True,0.8046,1.0967,B,B,False
SKU-03863,Advanced Deodorant,Health & Beauty,Personal Care,589245528781,EA,24,0.61,2.1,3.2,2.9,0.0113,HB,stable,2024-04-15,True,0.3111,0.424,C,C,False
SKU-03864,Sensitive Micellar Cleanser,Health & Beauty,Personal Care,104250126055,EA,12,0.86,5.5,2.7,2.6,0.0223,HB,stable,2025-01-19,True,0.7344,1.001,C,B,True
SKU-03865,Fresh Body Lotion,Health & Beauty,Personal Care,004532154945,EA,48,0.74,6.6,3.3,5.9,0.0744,HB,stable,2022-05-17,True,1.144,1.5592,B,B,False
SKU-03866,Advanced Lip Balm,Health & Beauty,Personal Care,908994798847,EA,12,0.47,3.6,1.4,2.5,0.0073,HB,stable,2022-06-13,True,0.3599,0.4905,C,C,False
SKU-03867,Fresh Lip Balm,Health & Beauty,Personal Care,562989415072,EA,12,0.54,7.1,3.0,6.2,0.0764,HB,stable,2022-10-17,True,0.342,0.4661,C,C,False
SKU-03868,Soothing Lip Balm,Health & Beauty,Personal Care,580503582285,EA,24,0.33,6.0,2.2,8.4,0.0642,HB,stable,2022-05-27,True,2.1394,2.916,B,A,True
SKU-03869,Natural Micellar Cleanser,Health & Beauty,Personal Care,590799680062,EA,24,0.98,7.6,2.3,6.4,0.0647,HB,stable,2023-01-05,True,0.4428,0.6035,C,C,False
SKU-03870,Soothing Body Lotion,Health & Beauty,Personal Care,861435598511,EA,12,1.36,6.8,1.9,6.3,0.0471,HB,stable,2023-10-10,True,0.3557,0.4848,C,C,False
SKU-03871,Sensitive Micellar Cleanser,Health & Beauty,Personal Care,581754656513,EA,48,0.43,6.1,3.7,6.7,0.0875,HB,stable,2025-02-02,True,0.4462,0.6082,C,C,False
SKU-03872,Soothing Deodorant,Health & Beauty,Personal Care,892357041260,EA,48,1.11,2.3,1.6,5.2,0.0111,HB,stable,2025-02-07,True,0.3753,0.5115,C,C,False
SKU-03873,Fresh Lip Balm,Health & Beauty,Personal Care,022008439517,EA,24,0.74,4.4,2.9,2.4,0.0177,HB,stable,2024-07-12,True,0.6696,0.9127,C,B,True
SKU-03874,Natural Lip Balm,Health & Beauty,Personal Care,034253821970,EA,48,0.38,5.5,3.7,8.2,0.0966,HB,stable,2024-10-10,True,0.5254,0.7161,C,B,True
SKU-03875,Natural Hand Cream,Health & Beauty,Personal Care,133171393646,EA,24,0.24,7.1,2.4,3.6,0.0355,HB,stable,2023-11-15,True,0.6717,0.9155,C,B,True
SKU-03876,Fresh Hand Cream,Health & Beauty,Personal Care,654302980970,EA,12,0.84,6.6,1.2,6.7,0.0307,HB,stable,2024-11-04,True,1.889,2.5746,B,B,False
SKU-03877,Natural Micellar Cleanser,Health & Beauty,Personal Care,188111806825,EA,6,1.07,6.6,2.5,8.5,0.0812,HB,stable,2022-05-16,True,0.49,0.6679,C,B,True
SKU-03878,Sensitive Lip Balm,Health & Beauty,Personal Care,698489431635,EA,48,1.15,6.4,1.4,2.8,0.0145,HB,stable,2025-03-03,True,3.2136,4.38,A,A,False
SKU-03879,Daily Hand Cream,Health & Beauty,Personal Care,178738242494,EA,24,0.87,7.5,2.4,5.3,0.0552,HB,stable,2022-04-14,True,0.3098,0.4222,C,C,False
SKU-03880,Soothing Lip Balm,Health & Beauty,Personal Care,015134464063,EA,6,1.41,5.7,1.9,8.3,0.052,HB,stable,2022-11-16,True,1.0801,1.4722,B,B,False
SKU-03881,Natural Hand Cream,Health & Beauty,Personal Care,118029163415,EA,12,1.06,2.5,1.6,7.1,0.0164,HB,stable,2023-03-29,True,140.8131,191.924,A,A,False
SKU-03882,Soothing Micellar Cleanser,Health & Beauty,Personal Care,149347879814,EA,24,0.84,5.9,3.1,3.3,0.0349,HB,stable,2023-07-18,True,10.7566,14.6609,A,A,False
SKU-03883,Soothing Deodorant,Health & Beauty,Personal Care,358817055486,EA,48,1.12,3.9,3.9,4.7,0.0414,HB,stable,2023-12-29,True,4.8104,6.5564,A,A,False
SKU-03884,Soothing Body Wash,Health & Beauty,Personal Care,500792941293,EA,48,0.97,6.8,1.4,6.9,0.038,HB,stable,2023-05-17,True,0.4382,0.5972,C,C,False
SKU-03885,Sensitive Body Lotion,Health & Beauty,Personal Care,239548127358,EA,24,0.76,4.9,4.0,2.9,0.0329,HB,stable,2023-09-09,True,0.5445,0.7421,C,B,True
SKU-03886,Daily Deodorant,Health & Beauty,Personal Care,919450757929,EA,12,1.31,2.4,1.9,5.9,0.0156,HB,stable,2024-05-13,True,0.4836,0.6591,C,C,False
SKU-03887,Daily Body Lotion,Health & Beauty,Personal Care,982364381437,EA,48,0.2,7.5,2.7,6.1,0.0715,HB,stable,2022-06-28,True,1.1406,1.5546,B,B,False
SKU-03888,Natural Lip Balm,Health & Beauty,Personal Care,936247595747,EA,24,0.71,7.3,2.0,8.5,0.0718,HB,stable,2022-04-09,True,1.0264,1.399,B,B,False
SKU-03889,Sensitive Body Wash,Health & Beauty,Personal Care,221981338080,EA,24,0.92,7.3,1.1,2.9,0.0135,HB,stable,2023-07-10,True,0.4696,0.6401,C,C,False
SKU-03890,Daily Body Lotion,Health & Beauty,Personal Care,839854118393,EA,12,0.33,7.4,3.7,6.4,0.1014,HB,stable,2023-07-13,True,0.5283,0.72,C,B,True
SKU-03891,Advanced Micellar Cleanser,Health & Beauty,Personal Care,644732405714,EA,12,0.72,6.9,2.9,3.8,0.044,HB,stable,2024-12-27,True,1.0251,1.3972,B,B,False
SKU-03892,Sensitive Body Lotion,Health & Beauty,Personal Care,640038155922,EA,24,0.82,5.4,1.1,7.5,0.0258,HB,stable,2024-01-25,True,1.5397,2.0986,B,B,False
SKU-03893,Fresh Deodorant,Health & Beauty,Personal Care,475017458282,EA,12,1.06,7.5,3.4,6.5,0.0959,HB,stable,2024-06-18,True,0.7859,1.0711,B,B,False
SKU-03894,Natural Lip Balm,Health & Beauty,Personal Care,756156212409,EA,24,0.36,3.6,1.2,6.7,0.0168,HB,stable,2022-12-13,True,0.446,0.6079,C,C,False
SKU-03895,Sensitive Deodorant,Health & Beauty,Personal Care,434439579637,EA,6,0.96,5.5,1.2,5.0,0.0191,HB,stable,2023-01-18,True,2.194,2.9903,B,A,True
SKU-03896,Sensitive Body Wash,Health & Beauty,Personal Care,109563804649,EA,6,0.79,7.2,2.9,7.2,0.087,HB,stable,2023-01-15,True,0.3514,0.4789,C,C,False
SKU-03897,Soothing Deodorant,Health & Beauty,Personal Care,307063916108,EA,48,0.3,2.3,2.0,3.7,0.0098,HB,stable,2022-03-16,True,0.3156,0.4302,C,C,False
SKU-03898,Daily Sugar Scrub,Health & Beauty,Personal Care,175618341957,EA,24,1.25,3.4,1.5,6.0,0.0177,HB,stable,2025-03-23,True,0.5349,0.729,C,B,True
SKU-03899,Soothing Deodorant,Health & Beauty,Personal Care,765568229933,EA,24,0.67,5.4,1.7,4.8,0.0255,HB,stable,2022-06-10,True,0.7842,1.0689,B,B,False
SKU-03900,Fresh Sugar Scrub,Health & Beauty,Personal Care,989574060126,EA,24,0.52,5.0,3.8,3.9,0.0429,HB,stable,2024-10-27,True,0.5693,0.7759,C,B,True
SKU-03901,Daily Sugar Scrub,Health & Beauty,Personal Care,461166999134,EA,24,1.12,5.7,1.4,2.7,0.0125,HB,stable,2022-06-05,True,0.8677,1.1827,B,B,False
SKU-03902,Fresh Body Lotion,Health & Beauty,Personal Care,277302243194,EA,12,1.42,2.2,3.4,3.7,0.016,HB,stable,2024-02-15,True,1.1585,1.579,B,B,False
SKU-03903,Daily Sugar Scrub,Health & Beauty,Personal Care,592460565382,EA,24,1.45,5.3,3.1,3.2,0.0304,HB,stable,2024-05-16,True,0.68,0.9268,C,B,True
SKU-03904,Daily Sugar Scrub,Health & Beauty,Personal Care,018114111052,EA,12,0.79,3.7,3.3,3.3,0.0233,HB,stable,2022-04-01,True,0.3416,0.4656,C,C,False
SKU-03905,Natural Body Wash,Health & Beauty,Personal Care,614856040537,EA,24,0.21,2.4,2.7,5.5,0.0206,HB,stable,2025-01-27,True,1.034,1.4093,B,B,False
SKU-03906,Fresh Micellar Cleanser,Health & Beauty,Personal Care,463896220789,EA,48,1.41,2.7,2.4,3.7,0.0139,HB,stable,2024-11-14,True,1.3216,1.8013,B,B,False
SKU-03907,Natural Micellar Cleanser,Health & Beauty,Personal Care,007537328568,EA,12,0.53,5.2,3.2,2.9,0.0279,HB,stable,2025-04-18,True,0.5029,0.6854,C,B,True
SKU-03908,Sensitive Body Wash,Health & Beauty,Personal Care,082522349396,EA,24,0.64,3.8,3.2,6.7,0.0471,HB,stable,2022-05-01,True,3.473,4.7336,A,A,False
SKU-03909,Sensitive Body Lotion,Health & Beauty,Personal Care,973759697578,EA,12,0.8,5.8,1.5,6.0,0.0302,HB,stable,2023-01-10,True,0.3201,0.4363,C,C,False
SKU-03910,Sensitive Body Wash,Health & Beauty,Personal Care,157381800894,EA,12,0.88,2.2,3.9,8.8,0.0437,HB,stable,2023-08-02,True,4.8862,6.6598,A,A,False
SKU-03911,Sensitive Body Wash,Health & Beauty,Personal Care,644300586873,EA,48,0.59,5.7,3.3,8.3,0.0903,HB,stable,2024-09-21,True,0.7687,1.0477,B,B,False
SKU-03912,Daily Hand Cream,Health & Beauty,Personal Care,399546703051,EA,48,1.08,6.5,3.2,2.5,0.0301,HB,stable,2024-02-19,True,0.5561,0.758,C,B,True
SKU-03913,Fresh Deodorant,Health & Beauty,Personal Care,502626880512,EA,48,1.43,6.4,4.0,6.8,0.1007,HB,stable,2023-01-15,True,0.7721,1.0524,B,B,False
SKU-03914,Sensitive Lip Balm,Health & Beauty,Personal Care,287387221323,EA,12,1.18,5.1,1.3,4.9,0.0188,HB,stable,2024-12-14,True,0.5826,0.794,C,B,True
SKU-03915,Soothing Deodorant,Health & Beauty,Personal Care,170584177315,EA,24,0.66,6.3,2.2,4.1,0.0329,HB,stable,2025-04-14,True,1.1306,1.541,B,B,False
SKU-03916,Soothing Hand Cream,Health & Beauty,Personal Care,370773327132,EA,12,0.64,3.4,3.7,2.1,0.0153,HB,stable,2022-06-17,True,0.3282,0.4473,C,C,False
SKU-03917,Soothing Body Lotion,Health & Beauty,Personal Care,638340992580,EA,24,0.26,4.7,1.8,6.9,0.0338,HB,stable,2022-12-24,True,0.4389,0.5982,C,C,False
SKU-03918,Fresh Lip Balm,Health & Beauty,Personal Care,387865451101,EA,12,1.21,4.8,3.9,3.6,0.039,HB,stable,2024-01-13,True,0.955,1.3016,B,B,False
SKU-03919,Soothing Body Lotion,Health & Beauty,Personal Care,020339615190,EA,12,1.39,3.3,2.4,2.4,0.011,HB,stable,2023-09-19,True,0.6123,0.8345,C,B,True
SKU-03920,Fresh Micellar Cleanser,Health & Beauty,Personal Care,607837535533,EA,12,0.88,3.2,1.7,4.2,0.0132,HB,stable,2025-04-20,True,2.7512,3.7498,A,A,False
SKU-03921,Soothing Sugar Scrub,Health & Beauty,Personal Care,027314171177,EA,12,0.97,6.3,2.0,3.7,0.027,HB,stable,2022-04-19,True,0.5239,0.714,C,B,True
SKU-03922,Daily Body Lotion,Health & Beauty,Personal Care,480884678507,EA,6,0.43,5.0,2.1,6.2,0.0377,HB,stable,2022-07-22,True,0.3364,0.4585,C,C,False
SKU-03923,Daily Deodorant,Health & Beauty,Personal Care,109576382890,EA,24,1.13,2.4,1.7,7.5,0.0177,HB,stable,2023-03-18,True,0.3104,0.423,C,C,False
SKU-03924,Daily Sugar Scrub,Health & Beauty,Personal Care,631341172214,EA,6,1.23,2.6,2.5,6.5,0.0245,HB,stable,2023-09-25,True,0.3976,0.5419,C,C,False
SKU-03925,Daily Hand Cream,Health & Beauty,Personal Care,231444702330,EA,12,0.31,4.6,1.5,3.6,0.0144,HB,stable,2024-08-01,True,0.4624,0.6302,C,C,False
SKU-03926,Sensitive Hand Cream,Health & Beauty,Personal Care,617750731441,EA,12,0.31,3.0,2.5,8.5,0.0369,HB,stable,2023-05-07,True,0.4076,0.5556,C,C,False
SKU-03927,Sensitive Body Wash,Health & Beauty,Personal Care,018337440614,EA,12,0.39,6.8,2.8,7.2,0.0793,HB,stable,2023-03-27,True,0.3203,0.4366,C,C,False
SKU-03928,Fresh Micellar Cleanser,Health & Beauty,Personal Care,800047967916,EA,24,1.03,3.8,3.6,7.1,0.0562,HB,stable,2024-09-20,True,0.3127,0.4262,C,C,False
SKU-03929,Fresh Sugar Scrub,Health & Beauty,Personal Care,374957262515,EA,12,0.25,5.2,2.5,8.6,0.0647,HB,stable,2023-10-06,True,0.3539,0.4823,C,C,False
SKU-03930,Fresh Hand Cream,Health & Beauty,Personal Care,248292452130,EA,24,1.29,3.4,3.7,5.9,0.043,HB,stable,2024-07-22,True,0.8649,1.1788,B,B,False
SKU-03931,Soothing Micellar Cleanser,Health & Beauty,Personal Care,296359696635,EA,24,0.6,7.6,2.7,4.8,0.057,HB,stable,2022-10-03,True,0.3905,0.5322,C,C,False
SKU-03932,Advanced Hand Cream,Health & Beauty,Personal Care,110880241393,EA,24,0.62,4.2,1.6,3.8,0.0148,HB,stable,2022-09-07,True,7.7062,10.5033,A,A,False
SKU-03933,Natural Body Lotion,Health & Beauty,Personal Care,236482625997,EA,24,1.27,6.0,3.1,7.6,0.0818,HB,stable,2023-12-09,True,0.3878,0.5285,C,C,False
SKU-03934,Soothing Deodorant,Health & Beauty,Personal Care,277641506215,EA,12,0.25,6.5,3.8,8.5,0.1215,HB,stable,2022-06-18,True,1.6782,2.2873,B,B,False
SKU-03935,Fresh Deodorant,Health & Beauty,Personal Care,355857984586,EA,6,1.33,3.8,2.1,4.2,0.0194,HB,stable,2022-05-01,True,0.3825,0.5213,C,C,False
SKU-03936,Advanced Body Wash,Health & Beauty,Personal Care,519487414323,EA,12,1.08,3.0,2.0,2.5,0.0087,HB,stable,2022-09-12,True,0.4831,0.6585,C,C,False
SKU-03937,Natural Lip Balm,Health & Beauty,Personal Care,302784553640,EA,12,0.44,2.2,2.9,5.7,0.021,HB,stable,2024-11-01,True,0.3789,0.5164,C,C,False
SKU-03938,Sensitive Sugar Scrub,Health & Beauty,Personal Care,449805593494,EA,24,0.8,3.0,1.3,4.3,0.0097,HB,stable,2024-05-22,True,7.376,10.0532,A,A,False
SKU-03939,Sensitive Lip Balm,Health & Beauty,Personal Care,730097327868,EA,48,0.31,3.0,1.2,6.9,0.0144,HB,stable,2024-05-31,True,0.5418,0.7384,C,B,True
SKU-03940,Natural Body Wash,Health & Beauty,Personal Care,204532837087,EA,12,0.51,8.0,3.5,8.5,0.1377,HB,stable,2023-09-14,True,0.5142,0.7009,C,B,True
SKU-03941,Sensitive Lip Balm,Health & Beauty,Personal Care,894651476581,EA,24,1.23,2.7,4.0,4.4,0.0275,HB,stable,2024-10-14,True,1.5774,2.1499,B,B,False
SKU-03942,Sensitive Micellar Cleanser,Health & Beauty,Personal Care,034276445378,EA,12,1.44,8.0,2.7,3.3,0.0413,HB,stable,2022-04-20,True,1.1176,1.5232,B,B,False
SKU-03943,Soothing Hand Cream,Health & Beauty,Personal Care,745030279367,EA,24,0.46,4.5,2.6,3.7,0.0251,HB,stable,2025-02-13,True,0.3658,0.4986,C,C,False
SKU-03944,Natural Micellar Cleanser,Health & Beauty,Personal Care,357982112309,EA,12,1.07,5.9,3.5,3.4,0.0406,HB,stable,2024-11-18,True,1.0137,1.3817,B,B,False
SKU-03945,Daily Micellar Cleanser,Health & Beauty,Personal Care,057094608546,EA,24,0.36,8.0,2.2,3.0,0.0306,HB,stable,2025-05-17,True,8.9535,12.2033,A,A,False
SKU-03946,Soothing Lip Balm,Health & Beauty,Personal Care,298285882747,EA,6,0.87,7.7,2.2,8.7,0.0853,HB,stable,2024-07-20,True,3.3239,4.5304,A,A,False
SKU-03947,Fresh Body Lotion,Health & Beauty,Personal Care,939586095436,EA,48,1.39,3.4,2.9,8.2,0.0468,HB,stable,2024-12-07,True,0.3925,0.535,C,C,False
SKU-03948,Soothing Sugar Scrub,Health & Beauty,Personal Care,208172689054,EA,48,0.28,2.1,2.4,5.8,0.0169,HB,stable,2022-11-10,True,0.6269,0.8544,C,B,True
SKU-03949,Fresh Micellar Cleanser,Health & Beauty,Personal Care,916702438174,EA,12,1.33,6.2,1.8,2.8,0.0181,HB,stable,2024-04-25,True,1.0939,1.4909,B,B,False
SKU-03950,Fresh Deodorant,Health & Beauty,Personal Care,259695017684,EA,48,0.66,2.2,2.4,2.8,0.0086,HB,stable,2024-03-27,True,0.4133,0.5633,C,C,False
SKU-03951,Daily Micellar Cleanser,Health & Beauty,Personal Care,908612871032,EA,24,0.39,8.0,2.2,5.2,0.053,HB,stable,2022-12-31,True,0.3887,0.5298,C,C,False
SKU-03952,Advanced Sugar Scrub,Health & Beauty,Personal Care,037673057716,EA,24,0.71,2.2,3.4,8.8,0.0381,HB,stable,2024-05-18,True,0.4462,0.6081,C,C,False
SKU-03953,Fresh Deodorant,Health & Beauty,Personal Care,910307310834,EA,12,0.45,5.3,3.0,6.0,0.0552,HB,stable,2022-11-08,True,0.8409,1.1461,B,B,False
SKU-03954,Advanced Body Wash,Health & Beauty,Personal Care,814923874118,EA,24,0.64,4.2,3.9,6.0,0.0569,HB,stable,2022-04-25,True,0.749,1.0209,C,B,True
SKU-03955,Daily Body Wash,Health & Beauty,Personal Care,845641496753,EA,12,0.7,2.9,2.7,3.1,0.014,HB,stable,2024-01-21,True,0.5085,0.6931,C,B,True
SKU-03956,Advanced Hand Cream,Health & Beauty,Personal Care,722591531592,EA,12,1.3,4.9,4.0,2.4,0.0272,HB,stable,2024-11-10,True,0.4847,0.6606,C,C,False
SKU-03957,Advanced Body Wash,Health & Beauty,Personal Care,794180393732,EA,12,0.55,2.5,1.6,2.4,0.0056,HB,stable,2022-07-28,True,0.3561,0.4854,C,C,False
SKU-03958,Sensitive Body Lotion,Health & Beauty,Personal Care,797488214729,EA,48,1.33,6.4,2.8,6.1,0.0633,HB,stable,2025-05-10,True,0.3203,0.4365,C,C,False
SKU-03959,Sensitive Hand Cream,Health & Beauty,Personal Care,695046862282,EA,6,0.54,6.7,3.2,7.1,0.0881,HB,stable,2023-04-22,True,0.3762,0.5128,C,C,False
SKU-03960,Daily Body Wash,Health & Beauty,Personal Care,535275668824,EA,24,1.05,5.6,2.4,6.8,0.0529,HB,stable,2022-12-09,True,0.4373,0.596,C,C,False
SKU-03961,Sensitive Hand Cream,Health & Beauty,Personal Care,330795946871,EA,48,1.39,4.6,2.6,8.4,0.0581,HB,stable,2025-04-10,True,1.2187,1.661,B,B,False
SKU-03962,Daily Micellar Cleanser,Health & Beauty,Personal Care,222475020352,EA,6,0.47,7.3,2.0,6.8,0.0575,HB,stable,2025-01-24,True,0.3965,0.5404,C,C,False
SKU-03963,Advanced Deodorant,Health & Beauty,Personal Care,540916192508,EA,12,0.76,5.4,1.3,4.5,0.0183,HB,stable,2025-01-29,True,0.6685,0.9112,C,B,True
SKU-03964,Natural Deodorant,Health & Beauty,Personal Care,473066976081,EA,24,0.93,4.1,3.2,8.1,0.0615,HB,stable,2023-03-18,True,3.7234,5.0749,A,A,False
SKU-03965,Soothing Body Wash,Health & Beauty,Personal Care,033958857759,EA,12,0.61,2.4,3.7,8.7,0.0447,HB,stable,2023-01-22,True,0.5044,0.6875,C,B,True
SKU-03966,Sensitive Body Lotion,Health & Beauty,Personal Care,606413008881,EA,24,0.64,3.2,2.3,3.3,0.0141,HB,stable,2023-05-15,True,0.4325,0.5895,C,C,False
SKU-03967,Daily Hand Cream,Health & Beauty,Personal Care,969598818380,EA,6,0.94,7.9,1.8,3.6,0.0296,HB,stable,2023-01-28,True,0.8161,1.1123,B,B,False
SKU-03968,Natural Body Wash,Health & Beauty,Personal Care,002268259424,EA,6,0.62,3.4,2.8,3.8,0.0209,HB,stable,2022-03-12,True,4.5691,6.2276,A,A,False
SKU-03969,Natural Micellar Cleanser,Health & Beauty,Personal Care,698647652059,EA,48,0.24,3.0,3.6,5.7,0.0356,HB,stable,2023-09-18,True,1.8331,2.4984,B,B,False
SKU-03970,Fresh Body Wash,Health & Beauty,Personal Care,502208455320,EA,24,0.21,3.3,2.1,4.0,0.016,HB,stable,2022-12-24,True,7.5192,10.2484,A,A,False
SKU-03971,Daily Body Lotion,Health & Beauty,Personal Care,521339489644,EA,24,1.13,2.0,4.0,3.9,0.0181,HB,stable,2024-05-04,True,0.481,0.6556,C,C,False
SKU-03972,Daily Body Lotion,Health & Beauty,Personal Care,745901807379,EA,24,0.64,4.0,3.6,6.8,0.0567,HB,stable,2025-04-23,True,0.3523,0.4802,C,C,False
SKU-03973,Daily Body Lotion,Health & Beauty,Personal Care,865826303192,EA,48,0.31,4.0,4.0,4.4,0.0407,HB,stable,2022-11-02,True,1.421,1.9368,B,B,False
SKU-03974,Advanced Lip Balm,Health & Beauty,Personal Care,844309238055,EA,24,1.24,3.0,2.1,3.0,0.0109,HB,stable,2022-06-25,True,0.3609,0.4919,C,C,False
SKU-03975,Natural Deodorant,Health & Beauty,Personal Care,656885930770,EA,12,0.68,6.9,2.3,6.0,0.0551,HB,stable,2024-07-07,True,0.6608,0.9007,C,B,True
SKU-03976,Advanced Micellar Cleanser,Health & Beauty,Personal Care,649099320128,EA,24,0.57,5.4,3.5,5.9,0.0645,HB,stable,2022-07-15,True,0.7138,0.9729,C,B,True
SKU-03977,Fresh Sugar Scrub,Health & Beauty,Personal Care,997314506041,EA,6,0.59,5.3,3.4,2.2,0.0229,HB,stable,2024-05-11,True,0.6495,0.8852,C,B,True
SKU-03978,Advanced Deodorant,Health & Beauty,Personal Care,024615731663,EA,24,1.4,5.1,2.0,5.2,0.0307,HB,stable,2022-10-21,True,0.3183,0.4339,C,C,False
SKU-03979,Soothing Sugar Scrub,Health & Beauty,Personal Care,794859378933,EA,6,0.98,3.2,1.5,3.8,0.0106,HB,stable,2023-05-27,True,2.8111,3.8315,A,A,False
SKU-03980,Daily Body Lotion,Health & Beauty,Personal Care,873860149766,EA,48,0.71,7.2,4.0,7.2,0.12,HB,stable,2023-08-28,True,0.4807,0.6552,C,C,False
SKU-03981,Fresh Sugar Scrub,Health & Beauty,Personal Care,761071848131,EA,12,0.7,3.3,3.8,7.1,0.0515,HB,stable,2025-02-15,True,0.7923,1.0799,B,B,False
SKU-03982,Natural Body Wash,Health & Beauty,Personal Care,858954387162,EA,48,0.58,2.1,3.2,6.2,0.0241,HB,stable,2024-05-02,True,0.433,0.5902,C,C,False
SKU-03983,Natural Micellar Cleanser,Health & Beauty,Personal Care,325581459265,EA,48,1.49,7.4,2.3,7.9,0.0778,HB,stable,2024-01-06,True,0.6936,0.9454,C,B,True
SKU-03984,Sensitive Body Wash,Health & Beauty,Personal Care,815521949365,EA,12,0.93,3.0,2.5,4.2,0.0182,HB,stable,2023-11-02,True,0.4087,0.557,C,C,False
SKU-03985,Natural Micellar Cleanser,Health & Beauty,Personal Care,109077833212,EA,12,0.37,3.7,2.7,7.8,0.0451,HB,stable,2022-04-12,True,4.4383,6.0492,A,A,False
SKU-03986,Fresh Lip Balm,Health & Beauty,Personal Care,215904367822,EA,12,0.86,3.0,2.2,3.8,0.0145,HB,stable,2024-12-23,True,0.4424,0.603,C,C,False
SKU-03987,Natural Micellar Cleanser,Health & Beauty,Personal Care,804004219749,EA,6,0.54,6.3,2.1,5.4,0.0413,HB,stable,2022-06-03,True,0.6845,0.9329,C,B,True
SKU-03988,Daily Body Lotion,Health & Beauty,Personal Care,696672376207,EA,48,0.81,3.7,2.5,2.7,0.0145,HB,stable,2024-02-06,True,0.6446,0.8786,C,B,True
SKU-03989,Sensitive Deodorant,Health & Beauty,Personal Care,326824894882,EA,12,1.32,7.9,2.0,5.9,0.0539,HB,stable,2025-01-02,True,0.9096,1.2397,B,B,False
SKU-03990,Soothing Lip Balm,Health & Beauty,Personal Care,757562315167,EA,48,1.01,3.9,1.8,5.8,0.0236,HB,stable,2023-11-21,True,2.3293,3.1747,B,A,True
SKU-03991,Daily Sugar Scrub,Health & Beauty,Personal Care,476227714129,EA,6,0.81,7.9,3.8,2.5,0.0434,HB,stable,2023-08-07,True,2.3904,3.258,B,A,True
SKU-03992,Daily Sugar Scrub,Health & Beauty,Personal Care,533796644525,EA,12,0.65,7.3,1.9,2.4,0.0193,HB,stable,2024-03-09,True,1.9757,2.6928,B,A,True
SKU-03993,Sensitive Deodorant,Health & Beauty,Personal Care,733386001594,EA,12,0.31,2.9,3.2,7.7,0.0414,HB,stable,2023-12-21,True,4.4767,6.1016,A,A,False
SKU-03994,Soothing Sugar Scrub,Health & Beauty,Personal Care,436767955524,EA,24,0.2,7.7,1.5,2.8,0.0187,HB,stable,2025-04-22,True,10.0581,13.7089,A,A,False
SKU-03995,Sensitive Micellar Cleanser,Health & Beauty,Personal Care,796526496294,EA,24,0.56,4.3,2.7,6.6,0.0443,HB,stable,2023-01-29,True,3.227,4.3983,A,A,False
SKU-03996,Soothing Deodorant,Health & Beauty,Personal Care,517882104175,EA,12,0.93,7.4,2.7,8.5,0.0983,HB,stable,2024-06-15,True,0.506,0.6897,C,B,True
SKU-03997,Natural Hand Cream,Health & Beauty,Personal Care,151817448818,EA,12,0.39,5.8,2.5,4.7,0.0394,HB,stable,2024-03-07,True,0.5671,0.773,C,B,True
SKU-03998,Soothing Hand Cream,Health & Beauty,Personal Care,702441554837,EA,24,0.39,2.7,2.9,8.6,0.039,HB,stable,2022-04-11,True,0.5114,0.697,C,B,True
SKU-03999,Soothing Hand Cream,Health & Beauty,Personal Care,992271813810,EA,24,0.83,6.0,3.7,6.9,0.0886,HB,stable,2022-10-17,True,3.0917,4.2139,A,A,False
SKU-04000,Advanced Lip Balm,Health & Beauty,Personal Care,814659609258,EA,24,0.8,6.1,3.2,5.0,0.0565,HB,stable,2025-03-01,True,0.6823,0.93,C,B,True
SKU-04001,Sensitive Body Lotion,Health & Beauty,Personal Care,596771943846,EA,12,0.21,7.3,3.3,3.8,0.053,HB,stable,2023-07-06,True,2.6985,3.678,A,A,False
SKU-04002,Advanced Body Lotion,Health & Beauty,Personal Care,481291403834,EA,48,0.74,3.5,2.8,3.1,0.0176,HB,stable,2024-02-10,True,0.358,0.4879,C,C,False
SKU-04003,Natural Micellar Cleanser,Health & Beauty,Personal Care,117824057198,EA,48,0.88,5.5,3.6,4.4,0.0504,HB,stable,2022-05-20,True,0.3357,0.4575,C,C,False
SKU-04004,Fresh Body Wash,Health & Beauty,Personal Care,542475226259,EA,24,0.78,2.1,1.1,4.1,0.0055,HB,stable,2024-06-27,True,0.465,0.6338,C,C,False
SKU-04005,Soothing Micellar Cleanser,Health & Beauty,Personal Care,494863806470,EA,12,1.43,5.4,1.2,6.2,0.0232,HB,stable,2024-06-07,True,0.4248,0.579,C,C,False
SKU-04006,Soothing Lip Balm,Health & Beauty,Personal Care,018137146481,EA,24,1.39,5.9,3.4,5.8,0.0673,HB,stable,2024-03-24,True,1.4237,1.9404,B,B,False
SKU-04007,Sensitive Deodorant,Health & Beauty,Personal Care,589825033480,EA,12,0.37,3.2,3.7,7.0,0.048,HB,stable,2022-10-08,True,0.6388,0.8706,C,B,True
SKU-04008,Natural Hand Cream,Health & Beauty,Personal Care,401399006955,EA,24,1.24,5.0,2.1,3.2,0.0194,HB,stable,2023-12-23,True,0.3741,0.5099,C,C,False
SKU-04009,Daily Deodorant,Health & Beauty,Personal Care,041260728796,EA,12,0.36,2.4,2.6,6.2,0.0224,HB,stable,2024-11-18,True,1.1611,1.5826,B,B,False
SKU-04010,Natural Sugar Scrub,Health & Beauty,Personal Care,370017775121,EA,6,1.23,2.9,3.4,5.6,0.032,HB,stable,2022-12-28,True,0.4237,0.5775,C,C,False
SKU-04011,Fresh Body Wash,Health & Beauty,Personal Care,978150410873,EA,12,0.74,5.9,1.0,3.3,0.0113,HB,stable,2023-09-09,True,0.3914,0.5334,C,C,False
SKU-04012,Daily Deodorant,Health & Beauty,Personal Care,210987981880,EA,48,0.95,4.2,1.3,3.8,0.012,HB,stable,2022-12-27,True,0.8253,1.1248,B,B,False
SKU-04013,Advanced Hand Cream,Health & Beauty,Personal Care,060378220378,EA,12,0.83,6.6,3.9,4.5,0.067,HB,stable,2025-01-24,True,0.471,0.6419,C,C,False
SKU-04014,Daily Lip Balm,Health & Beauty,Personal Care,903484493705,EA,24,0.84,5.5,2.7,2.8,0.0241,HB,stable,2024-09-18,True,0.3792,0.5168,C,C,False
SKU-04015,Daily Lip Balm,Health & Beauty,Personal Care,395251167483,EA,12,1.37,3.2,3.8,8.6,0.0605,HB,stable,2023-08-10,True,7.2044,9.8194,A,A,False
SKU-04016,Advanced Deodorant,Health & Beauty,Personal Care,409677080795,EA,24,1.1,4.0,2.0,6.3,0.0292,HB,stable,2022-08-03,True,0.3491,0.4758,C,C,False
SKU-04017,Advanced Deodorant,Health & Beauty,Personal Care,801025315327,EA,12,0.84,6.7,1.2,7.0,0.0326,HB,stable,2023-08-17,True,0.3322,0.4528,C,C,False
SKU-04018,Daily Body Lotion,Health & Beauty,Personal Care,129023778024,EA,24,1.15,6.7,2.4,8.9,0.0828,HB,stable,2023-07-23,True,0.707,0.9636,C,B,True
SKU-04019,Natural Body Lotion,Health & Beauty,Personal Care,363801974221,EA,48,1.25,7.1,1.7,3.9,0.0272,HB,stable,2024-04-22,True,0.8544,1.1645,B,B,False
SKU-04020,Advanced Body Wash,Health & Beauty,Personal Care,249278608967,EA,6,1.23,6.5,2.4,7.0,0.0632,HB,stable,2023-01-26,True,0.5602,0.7635,C,B,True
SKU-04021,Daily Deodorant,Health & Beauty,Personal Care,621636627135,EA,48,0.94,6.9,1.1,6.1,0.0268,HB,stable,2022-05-17,True,0.5386,0.7341,C,B,True
SKU-04022,Soothing Micellar Cleanser,Health & Beauty,Personal Care,578464528892,EA,48,1.06,4.9,3.8,7.7,0.083,HB,stable,2023-02-18,True,2.2913,3.123,B,A,True
SKU-04023,Fresh Body Lotion,Health & Beauty,Personal Care,469280032515,EA,48,1.34,5.3,1.5,2.2,0.0101,HB,stable,2024-11-07,True,0.4834,0.6589,C,C,False
SKU-04024,Fresh Body Lotion,Health & Beauty,Personal Care,701521110646,EA,12,0.99,4.5,2.4,8.1,0.0506,HB,stable,2023-06-12,True,0.3363,0.4583,C,C,False
SKU-04025,Fresh Sugar Scrub,Health & Beauty,Personal Care,066694598447,EA,24,1.4,6.8,1.6,6.5,0.0409,HB,stable,2023-11-05,True,18.662,25.4357,A,A,False
SKU-04026,Sensitive Body Wash,Health & Beauty,Personal Care,853106184843,EA,6,1.22,4.4,1.0,5.5,0.014,HB,stable,2024-01-28,True,0.4804,0.6548,C,C,False
SKU-04027,Natural Lip Balm,Health & Beauty,Personal Care,007477601691,EA,24,1.32,8.0,1.2,2.4,0.0133,HB,stable,2025-04-13,True,2.6706,3.6399,A,A,False
SKU-04028,Daily Body Lotion,Health & Beauty,Personal Care,735938055925,EA,24,0.97,5.6,1.8,4.3,0.0251,HB,stable,2025-01-23,True,1.0757,1.4661,B,B,False
SKU-04029,Advanced Lip Balm,Health & Beauty,Personal Care,853927487963,EA,48,0.83,7.4,3.0,8.7,0.1118,HB,stable,2023-05-18,True,0.3099,0.4224,C,C,False
SKU-04030,Fresh Micellar Cleanser,Health & Beauty,Personal Care,742114304995,EA,24,0.53,7.1,2.8,3.2,0.0368,HB,stable,2022-03-19,True,0.3324,0.4531,C,C,False
SKU-04031,Natural Sugar Scrub,Health & Beauty,Personal Care,703821628777,EA,6,0.43,4.3,3.8,6.8,0.0643,HB,stable,2023-04-10,True,0.4285,0.584,C,C,False
SKU-04032,Sensitive Lip Balm,Health & Beauty,Personal Care,404678596712,EA,24,0.21,3.5,2.0,4.8,0.0194,HB,stable,2023-10-01,True,0.5294,0.7215,C,B,True
SKU-04033,Advanced Hand Cream,Health & Beauty,Personal Care,064904953628,EA,24,1.39,2.4,1.7,3.9,0.0092,HB,stable,2024-06-20,True,0.4845,0.6604,C,C,False
SKU-04034,Natural Body Lotion,Health & Beauty,Personal Care,818959103021,EA,12,1.01,7.6,3.8,4.7,0.0786,HB,stable,2023-04-26,True,2.9673,4.0444,A,A,False
SKU-04035,Advanced Body Wash,Health & Beauty,Personal Care,899404790121,EA,12,0.59,3.4,3.4,3.7,0.0248,HB,stable,2023-12-31,True,0.5416,0.7382,C,B,True
SKU-04036,Soothing Lip Balm,Health & Beauty,Personal Care,909125794233,EA,12,0.96,5.0,3.9,9.0,0.1016,HB,stable,2024-08-24,True,1.3576,1.8503,B,B,False
SKU-04037,Natural Lip Balm,Health & Beauty,Personal Care,762355605010,EA,24,1.46,2.9,2.7,2.2,0.01,HB,stable,2022-09-17,True,15.0383,20.4967,A,A,False
SKU-04038,Advanced Sugar Scrub,Health & Beauty,Personal Care,601853868659,EA,48,1.14,2.8,1.9,5.1,0.0157,HB,stable,2023-01-04,True,0.4352,0.5932,C,C,False
SKU-04039,Daily Hand Cream,Health & Beauty,Personal Care,431922873290,EA,24,0.24,2.9,2.3,2.7,0.0104,HB,stable,2025-01-26,True,0.3782,0.5155,C,C,False
SKU-04040,Soothing Body Wash,Health & Beauty,Personal Care,914019218228,EA,24,0.34,3.8,3.9,6.3,0.054,HB,stable,2023-08-11,True,2.0875,2.8452,B,A,True
SKU-04041,Soothing Micellar Cleanser,Health & Beauty,Personal Care,801885409503,EA,48,0.49,6.0,2.1,6.1,0.0445,HB,stable,2022-06-27,True,774.4722,1055.582,A,A,False
SKU-04042,Sensitive Sugar Scrub,Health & Beauty,Personal Care,337707335495,EA,24,0.38,4.0,3.3,3.6,0.0275,HB,stable,2022-07-18,True,1.3261,1.8075,B,B,False
SKU-04043,Natural Body Wash,Health & Beauty,Personal Care,942624541106,EA,48,1.06,5.6,3.4,4.1,0.0452,HB,stable,2023-05-03,True,0.8727,1.1894,B,B,False
SKU-04044,Sensitive Micellar Cleanser,Health & Beauty,Personal Care,172574499420,EA,12,1.31,2.5,3.7,2.6,0.0139,HB,stable,2023-09-20,True,0.6519,0.8885,C,B,True
SKU-04045,Daily Body Lotion,Health & Beauty,Personal Care,038655583225,EA,12,0.89,6.5,2.1,2.5,0.0197,HB,stable,2022-04-06,True,0.3434,0.468,C,C,False
SKU-04046,Fresh Deodorant,Health & Beauty,Personal Care,056380372178,EA,12,0.61,4.6,4.0,3.0,0.0319,HB,stable,2024-01-19,True,0.4778,0.6512,C,C,False
SKU-04047,Natural Lip Balm,Health & Beauty,Personal Care,823215920910,EA,24,0.39,3.5,3.5,4.6,0.0326,HB,stable,2024-11-20,True,0.601,0.8192,C,B,True
SKU-04048,Daily Deodorant,Health & Beauty,Personal Care,967858014046,EA,12,0.76,3.2,3.3,8.4,0.0513,HB,stable,2022-03-29,True,0.5228,0.7125,C,B,True
SKU-04049,Fresh Micellar Cleanser,Health & Beauty,Personal Care,264957119664,EA,24,1.28,5.7,1.3,7.5,0.0322,HB,stable,2024-01-14,True,0.8131,1.1082,B,B,False
SKU-04050,Fresh Sugar Scrub,Health & Beauty,Personal Care,819316667534,EA,24,1.02,7.4,3.3,2.2,0.0311,HB,stable,2022-11-10,True,0.7799,1.063,B,B,False
SKU-04051,Daily Body Lotion,Health & Beauty,Personal Care,021621547900,EA,24,0.32,5.6,3.4,3.9,0.043,HB,stable,2022-06-23,True,0.3112,0.4242,C,C,False
SKU-04052,Fresh Lip Balm,Health & Beauty,Personal Care,494339178906,EA,24,0.45,4.9,1.4,7.0,0.0278,HB,stable,2023-03-16,True,1.0817,1.4743,B,B,False
SKU-04053,Soothing Hand Cream,Health & Beauty,Personal Care,618662143896,EA,24,1.43,6.4,3.5,4.0,0.0519,HB,stable,2022-05-13,True,1.186,1.6165,B,B,False
SKU-04054,Fresh Body Wash,Health & Beauty,Personal Care,249903329706,EA,24,0.66,3.7,1.6,8.8,0.0301,HB,stable,2023-09-16,True,1.8159,2.475,B,B,False
SKU-04055,Daily Deodorant,Health & Beauty,Personal Care,300084781669,EA,48,0.77,4.8,3.5,3.1,0.0301,HB,stable,2023-06-08,True,1.0292,1.4028,B,B,False
SKU-04056,Soothing Body Wash,Health & Beauty,Personal Care,242449414006,EA,12,0.86,5.5,3.6,2.1,0.0241,HB,stable,2023-05-21,True,4.4638,6.084,A,A,False
SKU-04057,Fresh Micellar Cleanser,Health & Beauty,Personal Care,447157336654,EA,6,0.62,5.2,2.8,4.5,0.0379,HB,stable,2024-11-13,True,1.1232,1.5309,B,B,False
SKU-04058,Fresh Deodorant,Health & Beauty,Personal Care,984725264302,EA,12,1.11,4.5,1.6,8.5,0.0354,HB,stable,2023-06-29,True,1.12,1.5265,B,B,False
SKU-04059,Fresh Body Lotion,Health & Beauty,Personal Care,535487109317,EA,12,1.16,5.0,3.7,4.7,0.0503,HB,stable,2023-08-11,True,1.3942,1.9002,B,B,False
SKU-04060,Daily Body Lotion,Health & Beauty,Personal Care,779194223912,EA,24,0.6,5.9,3.7,5.5,0.0695,HB,stable,2022-05-09,True,0.5197,0.7084,C,B,True
SKU-04061,Advanced Hand Cream,Health & Beauty,Personal Care,724347277940,EA,24,0.73,5.0,2.6,3.7,0.0278,HB,stable,2022-12-15,True,0.4611,0.6285,C,C,False
SKU-04062,Fresh Deodorant,Health & Beauty,Personal Care,753493341186,EA,12,0.45,5.1,1.6,8.6,0.0406,HB,stable,2023-07-24,True,1.2101,1.6493,B,B,False
SKU-04063,Soothing Sugar Scrub,Health & Beauty,Personal Care,420170536616,EA,24,0.33,2.6,1.9,5.3,0.0152,HB,stable,2024-06-25,True,0.4029,0.5491,C,C,False
SKU-04064,Fresh Body Wash,Health & Beauty,Personal Care,368584241220,EA,6,0.77,5.8,2.1,8.9,0.0627,HB,stable,2022-09-14,True,0.8975,1.2232,B,B,False
SKU-04065,Advanced Lip Balm,Health & Beauty,Personal Care,970429698527,EA,24,1.38,7.8,2.2,8.6,0.0854,HB,stable,2022-11-25,True,0.3168,0.4318,C,C,False
SKU-04066,Daily Hand Cream,Health & Beauty,Personal Care,107143430260,EA,12,0.99,4.5,1.4,9.0,0.0328,HB,stable,2022-07-04,True,0.5914,0.8061,C,B,True
SKU-04067,Sensitive Lip Balm,Health & Beauty,Personal Care,235239862889,EA,24,0.87,7.8,3.6,5.5,0.0894,HB,stable,2024-09-01,True,0.6594,0.8988,C,B,True
SKU-04068,Sensitive Sugar Scrub,Health & Beauty,Personal Care,255311672762,EA,12,1.4,6.8,2.4,8.6,0.0812,HB,stable,2024-03-12,True,1.1577,1.5779,B,B,False
SKU-04069,Sensitive Body Lotion,Health & Beauty,Personal Care,305180292582,EA,12,0.27,5.3,2.8,7.9,0.0678,HB,stable,2025-04-29,True,0.7393,1.0077,C,B,True
SKU-04070,Natural Body Wash,Health & Beauty,Personal Care,321446822211,EA,24,0.33,6.3,2.4,7.1,0.0621,HB,stable,2023-02-09,True,0.4787,0.6524,C,C,False
SKU-04071,Natural Micellar Cleanser,Health & Beauty,Personal Care,581781583344,EA,12,0.96,4.7,2.7,3.2,0.0235,HB,stable,2023-09-08,True,0.9451,1.2881,B,B,False
SKU-04072,Fresh Body Wash,Health & Beauty,Personal Care,696841151440,EA,48,1.23,3.0,1.8,8.6,0.0269,HB,stable,2025-02-22,True,0.4544,0.6193,C,C,False
SKU-04073,Advanced Micellar Cleanser,Health & Beauty,Personal Care,159762071143,EA,48,1.31,2.5,1.8,3.1,0.0081,HB,stable,2024-08-10,True,1.7804,2.4266,B,B,False
SKU-04074,Fresh Lip Balm,Health & Beauty,Personal Care,692684091747,EA,24,0.79,7.9,3.2,3.4,0.0497,HB,stable,2024-09-28,True,0.3137,0.4275,C,C,False
SKU-04075,Sensitive Body Wash,Health & Beauty,Personal Care,578983935281,EA,48,0.37,7.2,3.0,7.7,0.0963,HB,stable,2023-11-04,True,0.3784,0.5157,C,C,False
SKU-04076,Sensitive Micellar Cleanser,Health & Beauty,Personal Care,540513660524,EA,24,0.85,2.7,2.8,4.5,0.0197,HB,stable,2024-01-28,True,0.3958,0.5395,C,C,False
SKU-04077,Daily Micellar Cleanser,Health & Beauty,Personal Care,028877636609,EA,24,0.23,6.6,3.9,2.9,0.0432,HB,stable,2024-09-06,True,0.4215,0.5745,C,C,False
SKU-04078,Soothing Lip Balm,Health & Beauty,Personal Care,397735268681,EA,24,1.08,6.9,1.3,8.5,0.0441,HB,stable,2024-06-10,True,1.8011,2.4548,B,B,False
SKU-04079,Advanced Body Lotion,Health & Beauty,Personal Care,234685945611,EA,12,0.33,4.2,3.2,8.2,0.0638,HB,stable,2025-02-23,True,4.0337,5.4978,A,A,False
SKU-04080,Soothing Deodorant,Health & Beauty,Personal Care,859634627070,EA,6,0.65,7.8,3.9,6.4,0.1127,HB,stable,2022-04-10,True,0.7947,1.0832,B,B,False
SKU-04081,Daily Deodorant,Health & Beauty,Personal Care,860781910560,EA,6,1.17,6.1,3.5,6.2,0.0766,HB,stable,2023-04-11,True,4.2788,5.8319,A,A,False
SKU-04082,Daily Body Lotion,Health & Beauty,Personal Care,498913087813,EA,24,1.28,7.0,2.0,3.4,0.0275,HB,stable,2024-03-23,True,5.146,7.0138,A,A,False
SKU-04083,Fresh Body Wash,Health & Beauty,Personal Care,480034380160,EA,12,1.41,6.5,2.9,8.7,0.0949,HB,stable,2022-08-20,True,0.8638,1.1774,B,B,False
SKU-04084,Advanced Micellar Cleanser,Health & Beauty,Personal Care,222189282496,EA,24,1.21,3.0,1.5,7.8,0.0203,HB,stable,2024-01-04,True,0.5427,0.7397,C,B,True
SKU-04085,Soothing Lip Balm,Health & Beauty,Personal Care,443522046628,EA,12,0.56,7.9,2.6,6.5,0.0773,HB,stable,2022-10-26,True,0.4226,0.576,C,C,False
SKU-04086,Fresh Hand Cream,Health & Beauty,Personal Care,785763578131,EA,12,0.21,5.2,2.1,6.2,0.0392,HB,stable,2024-08-31,True,1.1726,1.5982,B,B,False
SKU-04087,Sensitive Sugar Scrub,Health & Beauty,Personal Care,317572132551,EA,12,0.72,5.1,2.2,6.4,0.0416,HB,stable,2024-02-22,True,0.4628,0.6308,C,C,False
SKU-04088,Advanced Deodorant,Health & Beauty,Personal Care,678129511982,EA,24,1.19,3.7,3.3,3.6,0.0254,HB,stable,2023-02-11,True,1.9807,2.6997,B,A,True
SKU-04089,Daily Body Wash,Health & Beauty,Personal Care,841534960076,EA,12,0.6,2.5,1.1,3.0,0.0048,HB,stable,2022-11-15,True,2.4983,3.4051,B,A,True
SKU-04090,Fresh Body Lotion,Health & Beauty,Personal Care,881605233585,EA,48,0.5,6.8,1.8,5.1,0.0361,HB,stable,2022-04-11,True,1.7763,2.4211,B,B,False
SKU-04091,Advanced Deodorant,Health & Beauty,Personal Care,579198062060,EA,12,1.27,2.7,2.2,6.1,0.021,HB,stable,2023-03-11,True,2.0904,2.8491,B,A,True
SKU-04092,Sensitive Body Lotion,Health & Beauty,Personal Care,134601075258,EA,24,1.18,3.9,1.5,3.5,0.0118,HB,stable,2022-06-05,True,3.5773,4.8757,A,A,False
SKU-04093,Fresh Lip Balm,Health & Beauty,Personal Care,136884314929,EA,12,0.41,7.5,3.1,8.2,0.1103,HB,stable,2024-12-26,True,1.4966,2.0398,B,B,False
SKU-04094,Fresh Hand Cream,Health & Beauty,Personal Care,215474670456,EA,6,0.79,7.9,2.6,5.5,0.0654,HB,stable,2025-01-23,True,0.4173,0.5687,C,C,False
SKU-04095,Soothing Micellar Cleanser,Health & Beauty,Personal Care,572138801078,EA,48,1.19,2.0,2.9,7.8,0.0262,HB,stable,2024-10-20,True,0.9354,1.2749,B,B,False
SKU-04096,Sensitive Sugar Scrub,Health & Beauty,Personal Care,650494848868,EA,6,0.78,7.6,1.6,7.5,0.0528,HB,stable,2024-03-11,True,0.5321,0.7252,C,B,True
SKU-04097,Fresh Body Lotion,Health & Beauty,Personal Care,639375322589,EA,12,1.11,5.2,3.2,2.4,0.0231,HB,stable,2025-04-01,True,0.4153,0.566,C,C,False
SKU-04098,Soothing Hand Cream,Health & Beauty,Personal Care,398379202812,EA,48,0.85,2.8,2.7,3.7,0.0162,HB,stable,2024-09-28,True,0.4455,0.6072,C,C,False
SKU-04099,Fresh Micellar Cleanser,Health & Beauty,Personal Care,644169867827,EA,6,1.35,3.8,2.8,7.2,0.0443,HB,stable,2022-11-28,True,0.3151,0.4295,C,C,False
SKU-04100,Daily Hand Cream,Health & Beauty,Personal Care,772861824136,EA,48,0.97,2.0,3.6,7.8,0.0325,HB,stable,2023-12-26,True,0.3577,0.4875,C,C,False
SKU-04101,Natural Deodorant,Health & Beauty,Personal Care,224174920413,EA,24,0.33,5.5,2.0,5.4,0.0344,HB,stable,2022-05-17,True,0.3334,0.4544,C,C,False
SKU-04102,Daily Sugar Scrub,Health & Beauty,Personal Care,444760294477,EA,24,0.44,3.7,3.4,4.1,0.0298,HB,stable,2022-06-09,True,0.3404,0.464,C,C,False
SKU-04103,Soothing Hand Cream,Health & Beauty,Personal Care,758763448612,EA,12,1.34,3.3,2.7,4.9,0.0253,HB,stable,2023-06-12,True,0.3892,0.5304,C,C,False
SKU-04104,Natural Deodorant,Health & Beauty,Personal Care,214645345678,EA,12,0.39,5.7,1.4,7.4,0.0342,HB,stable,2025-01-01,True,2.7659,3.7699,A,A,False
SKU-04105,Advanced Sugar Scrub,Health & Beauty,Personal Care,768194258116,EA,24,1.08,4.5,3.0,8.1,0.0633,HB,stable,2023-02-07,True,0.4562,0.6218,C,C,False
SKU-04106,Soothing Sugar Scrub,Health & Beauty,Personal Care,528505243881,EA,12,1.19,2.7,3.1,4.6,0.0223,HB,stable,2024-01-31,True,0.6154,0.8388,C,B,True
SKU-04107,Soothing Sugar Scrub,Health & Beauty,Personal Care,659454136175,EA,24,0.55,2.3,2.0,7.0,0.0186,HB,stable,2022-10-10,True,0.3822,0.5209,C,C,False
SKU-04108,Advanced Body Wash,Health & Beauty,Personal Care,987181497159,EA,12,1.23,3.4,2.3,5.9,0.0267,HB,stable,2023-06-21,True,1.0631,1.449,B,B,False
SKU-04109,Sensitive Lip Balm,Health & Beauty,Personal Care,646070173286,EA,12,0.85,3.1,3.6,3.2,0.0207,HB,stable,2023-01-26,True,2.6477,3.6088,B,A,True
SKU-04110,Sensitive Lip Balm,Health & Beauty,Personal Care,821568870013,EA,24,0.84,5.9,1.7,7.7,0.0447,HB,stable,2022-08-28,True,0.5876,0.8009,C,B,True
SKU-04111,Advanced Body Wash,Health & Beauty,Personal Care,795168246710,EA,24,1.31,5.8,1.3,4.8,0.0209,HB,stable,2025-05-09,True,0.3189,0.4346,C,C,False
SKU-04112,Soothing Lip Balm,Health & Beauty,Personal Care,198308010194,EA,12,0.59,7.2,3.0,6.3,0.0788,HB,stable,2022-04-25,True,0.4324,0.5894,C,C,False
SKU-04113,Advanced Hand Cream,Health & Beauty,Personal Care,679593314641,EA,12,1.11,2.7,3.9,7.4,0.0451,HB,stable,2023-07-01,True,1.2322,1.6795,B,B,False
SKU-04114,Soothing Body Wash,Health & Beauty,Personal Care,143052306154,EA,24,0.9,5.6,3.5,4.9,0.0556,HB,stable,2024-01-31,True,0.9209,1.2552,B,B,False
SKU-04115,Fresh Micellar Cleanser,Health & Beauty,Personal Care,605637762251,EA,12,1.42,2.7,1.4,7.3,0.016,HB,stable,2022-03-15,True,0.6338,0.8638,C,B,True
SKU-04116,Sensitive Sugar Scrub,Health & Beauty,Personal Care,679169198121,EA,6,1.32,6.4,1.6,5.0,0.0296,HB,stable,2024-03-22,True,24.983,34.051,A,A,False
SKU-04117,Fresh Sugar Scrub,Health & Beauty,Personal Care,617204254940,EA,24,0.79,4.6,3.1,5.3,0.0437,HB,stable,2022-10-23,True,0.6089,0.8299,C,B,True
SKU-04118,Natural Body Wash,Health & Beauty,Personal Care,841731031546,EA,12,0.6,6.4,1.8,4.7,0.0313,HB,stable,2025-02-21,True,3.7688,5.1367,A,A,False
SKU-04119,Daily Deodorant,Health & Beauty,Personal Care,124599271796,EA,24,0.32,6.3,2.1,3.2,0.0245,HB,stable,2024-03-13,True,0.8182,1.1152,B,B,False
SKU-04120,Soothing Deodorant,Health & Beauty,Personal Care,767938482874,EA,48,1.45,2.5,3.4,3.8,0.0187,HB,stable,2024-02-17,True,1.7502,2.3855,B,B,False
SKU-04121,Fresh Sugar Scrub,Health & Beauty,Personal Care,789740268768,EA,12,0.87,3.7,2.4,2.9,0.0149,HB,stable,2024-05-01,True,2.8952,3.9461,A,A,False
SKU-04122,Natural Micellar Cleanser,Health & Beauty,Personal Care,209271137067,EA,6,1.02,3.7,3.5,8.1,0.0607,HB,stable,2024-01-03,True,1.2972,1.7681,B,B,False
SKU-04123,Sensitive Hand Cream,Health & Beauty,Personal Care,073612704741,EA,24,0.89,6.5,3.1,4.2,0.049,HB,stable,2025-01-10,True,0.6817,0.9292,C,B,True
SKU-04124,Fresh Deodorant,Health & Beauty,Personal Care,124834990566,EA,48,0.75,7.5,3.2,7.6,0.1056,HB,stable,2022-06-16,True,0.4653,0.6342,C,C,False
SKU-04125,Advanced Deodorant,Health & Beauty,Personal Care,303341557571,EA,6,1.43,2.1,1.7,6.3,0.013,HB,stable,2023-09-02,True,0.4189,0.571,C,C,False
SKU-04126,Sensitive Sugar Scrub,Health & Beauty,Personal Care,690576019311,EA,12,0.72,7.9,1.2,7.9,0.0433,HB,stable,2023-07-09,True,0.8363,1.1399,B,B,False
SKU-04127,Natural Body Wash,Health & Beauty,Personal Care,947574253075,EA,24,1.42,2.2,2.5,7.1,0.0226,HB,stable,2023-10-01,True,0.4057,0.553,C,C,False
SKU-04128,Advanced Micellar Cleanser,Health & Beauty,Personal Care,359447635434,EA,6,0.44,5.2,2.4,6.2,0.0448,HB,stable,2023-10-31,True,0.5921,0.807,C,B,True
SKU-04129,Advanced Body Wash,Health & Beauty,Personal Care,412799566330,EA,6,1.24,6.3,1.1,5.5,0.0221,HB,stable,2024-04-27,True,0.5492,0.7486,C,B,True
SKU-04130,Advanced Body Lotion,Health & Beauty,Personal Care,437006328200,EA,48,0.88,7.3,2.5,8.9,0.094,HB,stable,2023-09-08,True,1.4263,1.944,B,B,False
SKU-04131,Natural Micellar Cleanser,Health & Beauty,Personal Care,034026602420,EA,6,0.52,8.0,3.5,7.0,0.1134,HB,stable,2023-08-06,True,5.7582,7.8482,A,A,False
SKU-04132,Daily Sugar Scrub,Health & Beauty,Personal Care,728407412842,EA,24,0.93,5.2,3.1,3.6,0.0336,HB,stable,2024-12-23,True,1.1389,1.5523,B,B,False
SKU-04133,Fresh Sugar Scrub,Health & Beauty,Personal Care,147311235717,EA,48,0.98,3.7,2.2,2.4,0.0113,HB,stable,2024-03-26,True,3.9921,5.4411,A,A,False
SKU-04134,Fresh Lip Balm,Health & Beauty,Personal Care,157099343188,EA,24,1.47,2.8,3.6,8.9,0.0519,HB,stable,2024-01-08,True,0.35,0.4771,C,C,False
SKU-04135,Fresh Body Lotion,Health & Beauty,Personal Care,684116458362,EA,24,0.85,5.4,3.7,5.5,0.0636,HB,stable,2025-03-01,True,0.3247,0.4425,C,C,False
SKU-04136,Advanced Micellar Cleanser,Health & Beauty,Personal Care,585698758917,EA,6,0.54,6.1,1.8,7.1,0.0451,HB,stable,2024-05-09,True,0.4051,0.5522,C,C,False
SKU-04137,Natural Lip Balm,Health & Beauty,Personal Care,058809232403,EA,12,1.14,6.0,3.3,4.2,0.0481,HB,stable,2023-02-02,True,0.4525,0.6168,C,C,False
SKU-04138,Natural Micellar Cleanser,Health & Beauty,Personal Care,805515961575,EA,6,0.25,7.7,2.6,3.9,0.0452,HB,stable,2024-05-31,True,1.2908,1.7593,B,B,False
SKU-04139,Advanced Body Wash,Health & Beauty,Personal Care,013640304283,EA,24,0.45,3.5,2.1,7.4,0.0315,HB,stable,2024-10-11,True,0.7804,1.0636,B,B,False
SKU-04140,Sensitive Lip Balm,Health & Beauty,Personal Care,124607523067,EA,48,1.35,3.8,2.4,9.0,0.0475,HB,stable,2024-06-17,True,1.325,1.806,B,B,False
SKU-04141,Fresh Body Lotion,Health & Beauty,Personal Care,989861894635,EA,6,0.62,4.5,1.1,8.0,0.0229,HB,stable,2023-01-27,True,2.8421,3.8737,A,A,False
SKU-04142,Sensitive Hand Cream,Health & Beauty,Personal Care,807044457707,EA,12,1.18,4.5,2.8,6.1,0.0445,HB,stable,2023-07-06,True,0.3682,0.5018,C,C,False
SKU-04143,Natural Deodorant,Health & Beauty,Personal Care,941861778441,EA,12,0.57,5.7,1.8,7.7,0.0457,HB,stable,2023-08-06,True,0.524,0.7142,C,B,True
SKU-04144,Natural Lip Balm,Health & Beauty,Personal Care,339370135325,EA,12,0.48,3.8,2.4,4.6,0.0243,HB,stable,2023-11-06,True,0.3194,0.4354,C,C,False
SKU-04145,Fresh Body Lotion,Health & Beauty,Personal Care,460691930424,EA,12,0.42,5.5,1.1,4.3,0.0151,HB,stable,2023-03-12,True,0.6369,0.8681,C,B,True
SKU-04146,Soothing Sugar Scrub,Health & Beauty,Personal Care,093028517313,EA,24,1.16,2.2,3.2,8.1,0.033,HB,stable,2024-06-06,True,0.8985,1.2246,B,B,False
SKU-04147,Soothing Lip Balm,Health & Beauty,Personal Care,761592154660,EA,24,0.58,3.0,3.0,6.1,0.0318,HB,stable,2022-03-23,True,0.3999,0.5451,C,C,False
SKU-04148,Soothing Body Lotion,Health & Beauty,Personal Care,661721313209,EA,24,0.95,5.8,2.7,6.8,0.0616,HB,stable,2024-03-30,True,0.6027,0.8215,C,B,True
SKU-04149,Soothing Hand Cream,Health & Beauty,Personal Care,363138090765,EA,6,0.61,3.4,2.4,8.3,0.0392,HB,stable,2023-03-28,True,0.3854,0.5253,C,C,False
SKU-04150,Daily Body Wash,Health & Beauty,Personal Care,718390271990,EA,48,1.16,7.2,3.0,5.7,0.0713,HB,stable,2023-12-23,True,0.4074,0.5553,C,C,False
SKU-04151,Daily Body Wash,Health & Beauty,Personal Care,821676674271,EA,6,1.11,2.2,2.3,7.6,0.0223,HB,stable,2025-05-02,True,2.1694,2.9568,B,A,True
SKU-04152,Soothing Body Wash,Health & Beauty,Personal Care,284833727087,EA,24,0.82,3.1,3.0,5.8,0.0312,HB,stable,2023-10-19,True,1.3171,1.7952,B,B,False
SKU-04153,Natural Lip Balm,Health & Beauty,Personal Care,248217279556,EA,6,0.64,6.2,1.8,5.3,0.0342,HB,stable,2025-02-06,True,0.4701,0.6407,C,C,False
SKU-04154,Daily Lip Balm,Health & Beauty,Personal Care,156374772088,EA,48,0.76,5.6,2.2,7.0,0.0499,HB,stable,2025-03-15,True,2.9116,3.9684,A,A,False
SKU-04155,Soothing Micellar Cleanser,Health & Beauty,Personal Care,038036362197,EA,12,0.37,6.9,2.1,5.2,0.0436,HB,stable,2025-01-25,True,0.5236,0.7137,C,B,True
SKU-04156,Natural Hand Cream,Health & Beauty,Personal Care,982998378127,EA,24,1.21,6.2,3.7,7.7,0.1022,HB,stable,2023-05-12,True,0.8418,1.1474,B,B,False
SKU-04157,Daily Sugar Scrub,Health & Beauty,Personal Care,627486523203,EA,48,1.45,6.3,1.8,3.1,0.0203,HB,stable,2022-10-20,True,2.1277,2.9,B,A,True
SKU-04158,Fresh Hand Cream,Health & Beauty,Personal Care,961801780680,EA,6,0.68,2.5,2.6,2.0,0.0075,HB,stable,2024-08-28,True,0.4539,0.6186,C,C,False
SKU-04159,Natural Micellar Cleanser,Health & Beauty,Personal Care,322985555608,EA,24,0.5,3.2,2.0,8.4,0.0311,HB,stable,2022-04-27,True,0.5653,0.7705,C,B,True
SKU-04160,Daily Sugar Scrub,Health & Beauty,Personal Care,616750186794,EA,48,0.2,4.4,1.5,3.1,0.0118,HB,stable,2024-01-10,True,0.3129,0.4265,C,C,False
SKU-04161,Advanced Micellar Cleanser,Health & Beauty,Personal Care,411542332726,EA,24,1.08,2.1,2.2,3.3,0.0088,HB,stable,2024-04-30,True,2.1483,2.9281,B,A,True
SKU-04162,Fresh Deodorant,Health & Beauty,Personal Care,773018029308,EA,24,0.26,2.2,2.5,5.0,0.0159,HB,stable,2022-09-14,True,1.3708,1.8683,B,B,False
SKU-04163,Sensitive Micellar Cleanser,Health & Beauty,Personal Care,923184374582,EA,24,0.87,2.5,2.8,7.3,0.0296,HB,stable,2022-08-09,True,0.8178,1.1147,B,B,False
SKU-04164,Fresh Hand Cream,Health & Beauty,Personal Care,566754932893,EA,48,1.33,5.9,1.2,3.6,0.0147,HB,stable,2022-06-14,True,2.1218,2.892,B,A,True
SKU-04165,Fresh Body Wash,Health & Beauty,Personal Care,193774654017,EA,48,0.89,5.7,1.4,3.9,0.018,HB,stable,2025-02-27,True,2.7808,3.7902,A,A,False
SKU-04166,Sensitive Micellar Cleanser,Health & Beauty,Personal Care,795719951339,EA,6,0.7,4.5,2.8,4.9,0.0357,HB,stable,2025-02-15,True,3.9615,5.3994,A,A,False
SKU-04167,Fresh Body Wash,Health & Beauty,Personal Care,961700435389,EA,48,1.41,2.6,3.4,7.5,0.0384,HB,stable,2023-11-16,True,0.3566,0.486,C,C,False
SKU-04168,Advanced Micellar Cleanser,Health & Beauty,Personal Care,094116846748,EA,12,0.26,3.6,3.5,8.2,0.0598,HB,stable,2024-07-20,True,0.3603,0.4911,C,C,False
SKU-04169,Fresh Lip Balm,Health & Beauty,Personal Care,631282656699,EA,12,0.85,4.0,2.4,4.0,0.0222,HB,stable,2024-02-20,True,1.0025,1.3664,B,B,False
SKU-04170,Soothing Sugar Scrub,Health & Beauty,Personal Care,895780112206,EA,24,1.05,7.8,2.4,7.5,0.0812,HB,stable,2023-03-28,True,0.3991,0.544,C,C,False
SKU-04171,Soothing Lip Balm,Health & Beauty,Personal Care,222285807674,EA,24,0.38,4.7,2.3,6.8,0.0425,HB,stable,2023-09-02,True,0.3562,0.4855,C,C,False
SKU-04172,Daily Body Lotion,Health & Beauty,Personal Care,173207841697,EA,24,1.24,3.1,1.6,8.3,0.0238,HB,stable,2025-03-30,True,0.3381,0.4608,C,C,False
SKU-04173,Sensitive Hand Cream,Health & Beauty,Personal Care,298578329307,EA,12,0.99,4.0,2.5,4.5,0.026,HB,stable,2024-08-20,True,0.512,0.6979,C,B,True
SKU-04174,Advanced Body Lotion,Health & Beauty,Personal Care,040319716786,EA,24,1.5,6.0,3.7,2.7,0.0347,HB,stable,2022-08-29,True,0.3164,0.4313,C,C,False
SKU-04175,Soothing Body Lotion,Health & Beauty,Personal Care,258682582458,EA,24,1.47,6.8,1.8,7.8,0.0552,HB,stable,2024-01-08,True,0.5247,0.7152,C,B,True
SKU-04176,Advanced Micellar Cleanser,Health & Beauty,Personal Care,275185778514,EA,24,1.0,2.6,1.3,8.7,0.017,HB,stable,2022-09-17,True,0.6915,0.9425,C,B,True
SKU-04177,Fresh Sugar Scrub,Health & Beauty,Personal Care,623139284957,EA,12,0.27,5.8,2.4,6.5,0.0524,HB,stable,2025-03-07,True,1.6745,2.2823,B,B,False
SKU-04178,Sensitive Body Wash,Health & Beauty,Personal Care,310161074933,EA,6,1.02,4.3,2.0,3.7,0.0184,HB,stable,2025-01-17,True,0.6294,0.8578,C,B,True
SKU-04179,Fresh Body Wash,Health & Beauty,Personal Care,128716922995,EA,12,0.49,6.5,2.0,6.6,0.0497,HB,stable,2024-09-06,True,0.5795,0.7898,C,B,True
SKU-04180,Daily Body Wash,Health & Beauty,Personal Care,986746510078,EA,24,0.94,4.5,3.8,4.2,0.0416,HB,stable,2023-07-24,True,3.0194,4.1153,A,A,False
SKU-04181,Sensitive Micellar Cleanser,Health & Beauty,Personal Care,670328226542,EA,48,1.45,5.1,2.8,9.0,0.0744,HB,stable,2022-03-15,True,0.4568,0.6226,C,C,False
SKU-04182,Advanced Micellar Cleanser,Health & Beauty,Personal Care,929368608056,EA,12,1.41,7.2,2.2,7.1,0.0651,HB,stable,2022-11-27,True,0.3498,0.4767,C,C,False
SKU-04183,Natural Micellar Cleanser,Health & Beauty,Personal Care,288574906337,EA,24,0.7,6.0,3.7,2.7,0.0347,HB,stable,2023-08-26,True,22.4485,30.5966,A,A,False
SKU-04184,Soothing Hand Cream,Health & Beauty,Personal Care,406912772072,EA,24,0.43,3.4,3.5,5.0,0.0344,HB,stable,2024-04-22,True,0.8497,1.1581,B,B,False
SKU-04185,Advanced Body Lotion,Health & Beauty,Personal Care,287585254158,EA,48,1.32,6.5,1.9,7.5,0.0536,HB,stable,2023-02-05,True,7.0728,9.64,A,A,False
SKU-04186,Sensitive Hand Cream,Health & Beauty,Personal Care,398678587215,EA,6,1.3,6.9,3.4,7.5,0.1018,HB,stable,2023-01-19,True,0.7984,1.0882,B,B,False
SKU-04187,Fresh Deodorant,Health & Beauty,Personal Care,341347263210,EA,12,0.33,5.2,1.0,3.7,0.0111,HB,stable,2024-07-27,True,7.3063,9.9583,A,A,False
SKU-04188,Natural Lip Balm,Health & Beauty,Personal Care,148989774260,EA,12,0.87,6.6,2.8,2.4,0.0257,HB,stable,2023-12-05,True,0.3792,0.5169,C,C,False
SKU-04189,Sensitive Hand Cream,Health & Beauty,Personal Care,276998344618,EA,24,0.69,6.1,1.2,8.5,0.036,HB,stable,2024-09-25,True,0.4573,0.6233,C,C,False
SKU-04190,Soothing Lip Balm,Health & Beauty,Personal Care,424486283277,EA,6,0.21,3.8,2.3,6.4,0.0324,HB,stable,2022-05-19,True,0.4603,0.6274,C,C,False
SKU-04191,Daily Micellar Cleanser,Health & Beauty,Personal Care,083038913805,EA,24,0.73,5.3,1.0,7.0,0.0215,HB,stable,2024-03-14,True,0.6688,0.9116,C,B,True
SKU-04192,Natural Lip Balm,Health & Beauty,Personal Care,115981646555,EA,6,1.42,5.7,1.1,7.4,0.0269,HB,stable,2023-09-06,True,1.4081,1.9192,B,B,False
SKU-04193,Sensitive Sugar Scrub,Health & Beauty,Personal Care,309877379248,EA,12,0.77,6.3,1.5,7.5,0.041,HB,stable,2023-03-05,True,0.9439,1.2865,B,B,False
SKU-04194,Fresh Sugar Scrub,Health & Beauty,Personal Care,394402084327,EA,24,1.46,2.1,3.4,6.4,0.0264,HB,stable,2024-04-28,True,0.3359,0.4578,C,C,False
SKU-04195,Sensitive Lip Balm,Health & Beauty,Personal Care,903088837115,EA,48,1.43,5.2,2.0,7.8,0.0469,HB,stable,2024-07-28,True,0.3194,0.4353,C,C,False
SKU-04196,Advanced Hand Cream,Health & Beauty,Personal Care,889386097609,EA,48,1.48,6.9,3.7,7.8,0.1152,HB,stable,2022-08-13,True,9.2751,12.6417,A,A,False
SKU-04197,Sensitive Lip Balm,Health & Beauty,Personal Care,595530236155,EA,24,0.29,5.0,1.8,8.1,0.0422,HB,stable,2022-03-26,True,0.3249,0.4428,C,C,False
SKU-04198,Sensitive Body Wash,Health & Beauty,Personal Care,016222129095,EA,24,0.65,6.4,3.5,7.8,0.1011,HB,stable,2023-01-06,True,0.3256,0.4438,C,C,False
SKU-04199,Soothing Micellar Cleanser,Health & Beauty,Personal Care,928264865381,EA,24,0.54,5.8,2.6,2.7,0.0236,HB,stable,2024-07-11,True,0.4079,0.556,C,C,False
SKU-04200,Sensitive Hand Cream,Health & Beauty,Personal Care,366211450728,EA,24,0.25,6.5,3.1,6.7,0.0781,HB,stable,2023-01-22,True,0.9585,1.3064,B,B,False
SKU-04201,Daily Sugar Scrub,Health & Beauty,Personal Care,707105444397,EA,24,1.06,6.9,3.3,8.6,0.1133,HB,stable,2023-09-03,True,0.4454,0.607,C,C,False
SKU-04202,Natural Micellar Cleanser,Health & Beauty,Personal Care,924285292123,EA,12,0.88,2.3,2.4,6.3,0.0201,HB,stable,2025-03-14,True,0.6887,0.9387,C,B,True
SKU-04203,Fresh Micellar Cleanser,Health & Beauty,Personal Care,398305994581,EA,12,0.62,6.2,2.0,4.8,0.0344,HB,stable,2024-12-05,True,0.6656,0.9072,C,B,True
SKU-04204,Soothing Body Lotion,Health & Beauty,Personal Care,515249943225,EA,48,1.37,7.3,1.8,6.4,0.0487,HB,stable,2022-08-30,True,0.8231,1.1218,B,B,False
SKU-04205,Natural Deodorant,Health & Beauty,Personal Care,294655292344,EA,12,1.28,6.0,3.4,7.5,0.0885,HB,stable,2022-08-20,True,0.4938,0.673,C,B,True
SKU-04206,Advanced Deodorant,Health & Beauty,Personal Care,953400322314,EA,6,1.47,4.5,2.8,7.9,0.0576,HB,stable,2022-11-25,True,1.0396,1.4169,B,B,False
SKU-04207,Daily Body Wash,Health & Beauty,Personal Care,594288830985,EA,24,0.42,2.4,2.8,2.1,0.0082,HB,stable,2022-04-21,True,1.68,2.2898,B,B,False
SKU-04208,Daily Lip Balm,Health & Beauty,Personal Care,125755762211,EA,24,0.81,6.3,1.2,5.1,0.0223,HB,stable,2023-03-17,True,0.4016,0.5474,C,C,False
SKU-04209,Daily Sugar Scrub,Health & Beauty,Personal Care,264036556747,EA,48,0.77,4.5,3.9,2.8,0.0284,HB,stable,2024-12-18,True,1.7783,2.4238,B,B,False
SKU-04210,Natural Deodorant,Health & Beauty,Personal Care,554475030939,EA,12,0.56,3.5,2.8,3.8,0.0216,HB,stable,2024-04-06,True,0.3774,0.5144,C,C,False
SKU-04211,Daily Hand Cream,Health & Beauty,Personal Care,534898369607,EA,24,1.39,6.8,1.7,5.9,0.0395,HB,stable,2023-10-20,True,13.353,18.1997,A,A,False
SKU-04212,Soothing Hand Cream,Health & Beauty,Personal Care,012144064323,EA,6,0.81,5.4,3.5,6.5,0.0711,HB,stable,2022-07-09,True,1.0573,1.4411,B,B,False
SKU-04213,Daily Hand Cream,Health & Beauty,Personal Care,460264663407,EA,12,1.33,4.9,3.2,5.2,0.0472,HB,stable,2024-07-13,True,0.5162,0.7035,C,B,True
SKU-04214,Fresh Body Wash,Health & Beauty,Personal Care,246227538982,EA,48,0.22,7.5,2.1,3.8,0.0346,HB,stable,2024-03-24,True,0.3332,0.4542,C,C,False
SKU-04215,Soothing Sugar Scrub,Health & Beauty,Personal Care,409758249536,EA,48,0.9,2.0,1.0,3.6,0.0042,HB,stable,2025-01-30,True,1.9076,2.6,B,B,False
SKU-04216,Sensitive Lip Balm,Health & Beauty,Personal Care,523598132393,EA,24,0.81,7.8,1.6,2.6,0.0188,HB,stable,2022-09-11,True,3.0612,4.1723,A,A,False
SKU-04217,Soothing Sugar Scrub,Health & Beauty,Personal Care,691490391972,EA,12,0.81,4.0,1.5,2.9,0.0101,HB,stable,2024-05-17,True,6.0037,8.1828,A,A,False
SKU-04218,Advanced Deodorant,Health & Beauty,Personal Care,572303976850,EA,24,1.45,2.1,2.0,5.0,0.0122,HB,stable,2024-12-06,True,1.3307,1.8137,B,B,False
SKU-04219,Sensitive Sugar Scrub,Health & Beauty,Personal Care,286393619245,EA,24,1.06,3.9,3.0,3.2,0.0217,HB,stable,2023-07-11,True,0.4162,0.5672,C,C,False
SKU-04220,Sensitive Body Lotion,Health & Beauty,Personal Care,600755822679,EA,48,1.27,5.8,2.3,7.6,0.0587,HB,stable,2024-04-11,True,0.4476,0.61,C,C,False
SKU-04221,Sensitive Hand Cream,Health & Beauty,Personal Care,822277039512,EA,12,1.03,4.6,2.2,4.2,0.0246,HB,stable,2024-09-15,True,0.8187,1.1158,B,B,False
SKU-04222,Sensitive Sugar Scrub,Health & Beauty,Personal Care,563260423442,EA,6,0.96,5.5,2.5,6.9,0.0549,HB,stable,2023-11-04,True,1.1934,1.6265,B,B,False
SKU-04223,Fresh Micellar Cleanser,Health & Beauty,Personal Care,483996495105,EA,12,0.25,4.9,2.1,8.7,0.0518,HB,stable,2023-01-03,True,0.4266,0.5814,C,C,False
SKU-04224,Advanced Sugar Scrub,Health & Beauty,Personal Care,656280919744,EA,12,0.83,3.3,3.0,8.8,0.0504,HB,stable,2024-09-19,True,1.3422,1.8294,B,B,False
SKU-04225,Daily Body Lotion,Health & Beauty,Personal Care,171908717399,EA,48,1.32,4.6,3.4,7.7,0.0697,HB,stable,2023-04-15,True,1.4329,1.953,B,B,False
SKU-04226,Daily Deodorant,Health & Beauty,Personal Care,729898899771,EA,12,0.78,7.2,2.9,4.6,0.0556,HB,stable,2024-02-22,True,0.3119,0.4251,C,C,False
SKU-04227,Soothing Body Wash,Health & Beauty,Personal Care,547837525004,EA,48,0.63,3.5,3.4,2.9,0.02,HB,stable,2023-06-27,True,0.8958,1.221,B,B,False
SKU-04228,Soothing Hand Cream,Health & Beauty,Personal Care,147860341435,EA,12,1.31,5.2,1.8,6.8,0.0368,HB,stable,2024-03-28,True,0.7935,1.0815,B,B,False
SKU-04229,Daily Body Wash,Health & Beauty,Personal Care,017235210099,EA,24,0.72,6.4,1.5,3.7,0.0206,HB,stable,2023-12-06,True,0.7009,0.9553,C,B,True
SKU-04230,Fresh Hand Cream,Health & Beauty,Personal Care,851151826272,EA,24,1.28,6.4,1.5,5.6,0.0311,HB,stable,2024-07-30,True,0.3536,0.4819,C,C,False
SKU-04231,Daily Body Wash,Health & Beauty,Personal Care,663704937323,EA,12,0.91,3.8,3.3,2.4,0.0174,HB,stable,2025-01-04,True,1.8775,2.559,B,B,False
SKU-04232,Sensitive Body Lotion,Health & Beauty,Personal Care,899257819747,EA,12,0.96,5.7,2.2,8.7,0.0631,HB,stable,2024-03-30,True,0.4722,0.6436,C,C,False
SKU-04233,Advanced Deodorant,Health & Beauty,Personal Care,782472751615,EA,12,0.7,5.5,1.8,6.0,0.0344,HB,stable,2025-04-24,True,1.3115,1.7876,B,B,False
SKU-04234,Daily Body Wash,Health & Beauty,Personal Care,786807786267,EA,48,1.07,2.2,2.3,4.9,0.0143,HB,stable,2022-12-27,True,0.3969,0.5409,C,C,False
SKU-04235,Fresh Micellar Cleanser,Health & Beauty,Personal Care,578191594963,EA,48,1.21,6.8,1.5,3.8,0.0224,HB,stable,2025-05-11,True,1.2844,1.7506,B,B,False
SKU-04236,Advanced Micellar Cleanser,Health & Beauty,Personal Care,988310263098,EA,12,0.72,2.2,1.4,3.6,0.0064,HB,stable,2024-08-07,True,1.1322,1.5432,B,B,False
SKU-04237,Sensitive Lip Balm,Health & Beauty,Personal Care,894859865029,EA,48,0.51,4.4,1.3,2.2,0.0073,HB,stable,2023-02-12,True,0.3647,0.4971,C,C,False
SKU-04238,Daily Lip Balm,Health & Beauty,Personal Care,184947180573,EA,48,0.74,6.4,2.7,6.7,0.067,HB,stable,2023-03-30,True,0.3699,0.5041,C,C,False
SKU-04239,Daily Lip Balm,Health & Beauty,Personal Care,639768018751,EA,12,0.92,2.3,2.7,4.9,0.0176,HB,stable,2023-07-17,True,0.4306,0.5869,C,C,False
SKU-04240,Daily Lip Balm,Health & Beauty,Personal Care,682123379056,EA,12,1.3,7.4,1.9,7.7,0.0627,HB,stable,2024-01-22,True,0.5013,0.6832,C,B,True
SKU-04241,Soothing Body Wash,Health & Beauty,Personal Care,881674071120,EA,48,0.87,4.5,1.6,4.4,0.0183,HB,stable,2023-08-19,True,0.3108,0.4236,C,C,False
SKU-04242,Sensitive Sugar Scrub,Health & Beauty,Personal Care,722356487238,EA,24,0.21,2.9,3.2,8.3,0.0446,HB,stable,2022-04-09,True,0.4837,0.6593,C,C,False
SKU-04243,Fresh Lip Balm,Health & Beauty,Personal Care,323876065645,EA,12,0.31,3.3,3.2,2.3,0.0141,HB,stable,2022-12-06,True,0.5172,0.7049,C,B,True
SKU-04244,Advanced Sugar Scrub,Health & Beauty,Personal Care,877423944431,EA,12,1.32,6.8,2.4,7.4,0.0699,HB,stable,2024-09-08,True,0.3272,0.446,C,C,False
SKU-04245,Fresh Micellar Cleanser,Health & Beauty,Personal Care,165724972787,EA,24,0.33,2.4,2.7,6.9,0.0259,HB,stable,2022-12-07,True,10.3956,14.1689,A,A,False
SKU-04246,Sensitive Deodorant,Health & Beauty,Personal Care,122474497770,EA,24,0.5,5.4,3.3,2.7,0.0278,HB,stable,2023-11-24,True,2.4903,3.3942,B,A,True
SKU-04247,Advanced Body Wash,Health & Beauty,Personal Care,793451001766,EA,6,1.19,6.0,2.6,2.6,0.0235,HB,stable,2024-07-31,True,2.9447,4.0136,A,A,False
SKU-04248,Sensitive Sugar Scrub,Health & Beauty,Personal Care,633119214041,EA,12,0.89,7.7,2.5,4.7,0.0524,HB,stable,2024-10-20,True,0.86,1.1722,B,B,False
SKU-04249,Natural Sugar Scrub,Health & Beauty,Personal Care,247989096197,EA,24,0.75,7.5,1.4,3.0,0.0182,HB,stable,2023-04-25,True,0.8441,1.1505,B,B,False
SKU-04250,Natural Micellar Cleanser,Health & Beauty,Personal Care,226335114176,EA,48,0.24,6.0,3.1,6.6,0.071,HB,stable,2024-11-09,True,0.3779,0.515,C,C,False
SKU-04251,Daily Body Wash,Health & Beauty,Personal Care,371740958041,EA,24,0.22,3.1,1.2,4.0,0.0086,HB,stable,2022-11-16,True,0.4445,0.6058,C,C,False
SKU-04252,Advanced Body Lotion,Health & Beauty,Personal Care,171535989649,EA,24,1.46,3.6,3.3,4.4,0.0302,HB,stable,2024-03-23,True,0.6266,0.854,C,B,True
SKU-04253,Fresh Hand Cream,Health & Beauty,Personal Care,897513106202,EA,6,1.44,7.0,2.5,5.5,0.0557,HB,stable,2024-12-22,True,0.7784,1.0609,B,B,False
SKU-04254,Natural Hand Cream,Health & Beauty,Personal Care,610544491677,EA,6,1.07,4.4,1.3,4.3,0.0142,HB,stable,2024-04-24,True,0.418,0.5697,C,C,False
SKU-04255,Daily Deodorant,Health & Beauty,Personal Care,098829057295,EA,6,1.18,6.4,4.0,6.6,0.0978,HB,stable,2022-06-08,True,1.1961,1.6302,B,B,False
SKU-04256,Natural Sugar Scrub,Health & Beauty,Personal Care,243674837413,EA,48,1.46,7.7,2.3,7.6,0.0779,HB,stable,2024-01-12,True,0.3769,0.5137,C,C,False
SKU-04257,Advanced Body Wash,Health & Beauty,Personal Care,307232989716,EA,12,1.08,3.2,3.0,2.5,0.0139,HB,stable,2023-02-15,True,0.3995,0.5445,C,C,False
SKU-04258,Sensitive Hand Cream,Health & Beauty,Personal Care,084429286369,EA,6,1.06,7.0,2.6,2.1,0.0221,HB,stable,2025-03-14,True,0.5471,0.7457,C,B,True
SKU-04259,Daily Hand Cream,Health & Beauty,Personal Care,429004647326,EA,12,1.06,6.1,3.5,5.3,0.0655,HB,stable,2023-09-08,True,0.7066,0.9631,C,B,True
SKU-04260,Daily Hand Cream,Health & Beauty,Personal Care,140491327821,EA,48,0.35,2.3,3.7,7.2,0.0355,HB,stable,2025-01-19,True,0.3933,0.5361,C,C,False
SKU-04261,Natural Micellar Cleanser,Health & Beauty,Personal Care,597834828549,EA,12,0.93,7.0,2.1,6.5,0.0553,HB,stable,2023-03-17,True,1.2372,1.6862,B,B,False
SKU-04262,Sensitive Deodorant,Health & Beauty,Personal Care,693076639405,EA,24,1.44,5.5,1.1,5.1,0.0179,HB,stable,2024-01-26,True,0.7615,1.0379,C,B,True
SKU-04263,Advanced Body Wash,Health & Beauty,Personal Care,731182554300,EA,12,1.4,3.8,3.3,2.6,0.0189,HB,stable,2022-08-15,True,0.5127,0.6988,C,B,True
SKU-04264,Sensitive Body Wash,Health & Beauty,Personal Care,247904059332,EA,48,1.08,7.7,3.4,5.9,0.0894,HB,stable,2022-09-05,True,0.9675,1.3187,B,B,False
SKU-04265,Advanced Deodorant,Health & Beauty,Personal Care,690613452112,EA,24,0.52,2.9,3.2,7.9,0.0424,HB,stable,2022-07-08,True,0.7161,0.976,C,B,True
SKU-04266,Sensitive Body Wash,Health & Beauty,Personal Care,835302044367,EA,24,1.3,3.7,2.1,8.7,0.0391,HB,stable,2024-04-11,True,1.4395,1.962,B,B,False
SKU-04267,Soothing Sugar Scrub,Health & Beauty,Personal Care,047470095367,EA,48,0.8,3.9,2.0,3.8,0.0172,HB,stable,2022-06-25,True,1.3611,1.8552,B,B,False
SKU-04268,Sensitive Body Lotion,Health & Beauty,Personal Care,259370600587,EA,12,0.21,2.7,1.6,8.2,0.0205,HB,stable,2024-02-25,True,0.3208,0.4372,C,C,False
SKU-04269,Advanced Lip Balm,Health & Beauty,Personal Care,076823218300,EA,12,0.57,6.8,3.6,4.7,0.0666,HB,stable,2025-04-10,True,0.3502,0.4773,C,C,False
SKU-04270,Sensitive Body Wash,Health & Beauty,Personal Care,491629890239,EA,24,1.27,7.1,2.9,8.0,0.0953,HB,stable,2022-03-27,True,0.4794,0.6534,C,C,False
SKU-04271,Advanced Sugar Scrub,Health & Beauty,Personal Care,766086242146,EA,24,0.56,5.8,1.7,4.8,0.0274,HB,stable,2022-05-15,True,1.9265,2.6258,B,A,True
SKU-04272,Natural Sugar Scrub,Health & Beauty,Personal Care,649246127761,EA,12,0.2,4.6,1.4,3.4,0.0127,HB,stable,2022-06-25,True,0.4287,0.5843,C,C,False
SKU-04273,Advanced Lip Balm,Health & Beauty,Personal Care,894554774286,EA,12,0.72,2.3,1.3,5.7,0.0099,HB,stable,2024-09-08,True,1.2738,1.7362,B,B,False
SKU-04274,Soothing Micellar Cleanser,Health & Beauty,Personal Care,275606656147,EA,6,1.3,7.3,1.6,3.0,0.0203,HB,stable,2024-11-13,True,1.1273,1.5365,B,B,False
SKU-04275,Fresh Lip Balm,Health & Beauty,Personal Care,243428156808,EA,12,0.91,4.1,2.0,7.8,0.037,HB,stable,2023-02-28,True,0.323,0.4403,C,C,False
SKU-04276,Natural Lip Balm,Health & Beauty,Personal Care,737220831211,EA,6,0.39,2.7,2.3,2.4,0.0086,HB,stable,2023-01-18,True,0.7911,1.0782,B,B,False
SKU-04277,Sensitive Body Lotion,Health & Beauty,Personal Care,578464665700,EA,48,1.39,5.7,3.8,3.2,0.0401,HB,stable,2024-02-22,True,5.0952,6.9446,A,A,False
SKU-04278,Sensitive Deodorant,Health & Beauty,Personal Care,904494025707,EA,12,1.19,5.2,2.0,2.3,0.0138,HB,stable,2024-10-13,True,3.7596,5.1242,A,A,False
SKU-04279,Soothing Micellar Cleanser,Health & Beauty,Personal Care,864941312045,EA,24,0.44,7.2,3.8,8.9,0.1409,HB,stable,2024-09-05,True,3.6106,4.9211,A,A,False
SKU-04280,Soothing Body Lotion,Health & Beauty,Personal Care,270320422582,EA,6,0.94,2.0,2.6,8.2,0.0247,HB,stable,2022-11-25,True,1.1998,1.6353,B,B,False
SKU-04281,Fresh Body Wash,Health & Beauty,Personal Care,789087846467,EA,12,1.42,3.1,1.0,2.6,0.0047,HB,stable,2024-05-12,True,0.9627,1.3121,B,B,False
SKU-04282,Natural Micellar Cleanser,Health & Beauty,Personal Care,015526817592,EA,24,1.25,2.6,3.2,8.3,0.04,HB,stable,2022-12-22,True,0.3315,0.4518,C,C,False
SKU-04283,Natural Body Lotion,Health & Beauty,Personal Care,528062786362,EA,6,0.94,4.5,3.2,7.1,0.0592,HB,stable,2024-03-16,True,0.4109,0.56,C,C,False
SKU-04284,Sensitive Micellar Cleanser,Health & Beauty,Personal Care,429776369189,EA,6,0.7,4.7,2.4,4.1,0.0268,HB,stable,2025-02-09,True,0.3189,0.4347,C,C,False
SKU-04285,Sensitive Sugar Scrub,Health & Beauty,Personal Care,178579076936,EA,48,1.09,6.5,1.8,2.5,0.0169,HB,stable,2023-10-17,True,0.9393,1.2803,B,B,False
SKU-04286,Fresh Lip Balm,Health & Beauty,Personal Care,113946640953,EA,12,1.43,6.9,1.1,6.1,0.0268,HB,stable,2023-12-19,True,0.6079,0.8286,C,B,True
SKU-04287,Fresh Lip Balm,Health & Beauty,Personal Care,401993739103,EA,12,0.72,2.8,1.4,6.1,0.0138,HB,stable,2023-03-05,True,0.5132,0.6995,C,B,True
SKU-04288,Natural Sugar Scrub,Health & Beauty,Personal Care,657140075703,EA,6,1.44,3.2,1.5,3.0,0.0083,HB,stable,2023-07-11,True,0.6566,0.8949,C,B,True
SKU-04289,Advanced Micellar Cleanser,Health & Beauty,Personal Care,447357142713,EA,24,1.17,2.3,2.9,4.0,0.0154,HB,stable,2023-08-27,True,0.3751,0.5112,C,C,False
SKU-04290,Advanced Hand Cream,Health & Beauty,Personal Care,690636989978,EA,24,1.38,4.6,2.7,6.7,0.0482,HB,stable,2024-12-26,True,1.4808,2.0183,B,B,False
SKU-04291,Daily Hand Cream,Health & Beauty,Personal Care,312672384380,EA,24,1.08,4.0,2.2,6.5,0.0331,HB,stable,2023-06-21,True,0.5823,0.7937,C,B,True
SKU-04292,Fresh Lip Balm,Health & Beauty,Personal Care,506072924512,EA,48,1.17,5.7,3.3,7.6,0.0827,HB,stable,2024-03-21,True,8.5577,11.6639,A,A,False
SKU-04293,Sensitive Hand Cream,Health & Beauty,Personal Care,023310542599,EA,48,0.79,5.6,4.0,6.8,0.0881,HB,stable,2024-07-12,True,0.3702,0.5046,C,C,False
SKU-04294,Advanced Body Lotion,Health & Beauty,Personal Care,834430352250,EA,24,0.52,2.1,2.7,9.0,0.0295,HB,stable,2023-03-13,True,3.1806,4.335,A,A,False
SKU-04295,Soothing Micellar Cleanser,Health & Beauty,Personal Care,860246756331,EA,24,0.39,2.6,1.7,3.0,0.0077,HB,stable,2023-03-26,True,1.8798,2.5621,B,B,False
SKU-04296,Daily Lip Balm,Health & Beauty,Personal Care,556855290832,EA,12,0.88,6.3,2.5,7.6,0.0693,HB,stable,2023-01-21,True,0.5129,0.6991,C,B,True
SKU-04297,Sensitive Body Wash,Health & Beauty,Personal Care,301899940176,EA,48,0.37,7.5,2.0,5.3,0.046,HB,stable,2024-06-08,True,7.138,9.7289,A,A,False
SKU-04298,Natural Body Lotion,Health & Beauty,Personal Care,599509138520,EA,12,1.45,3.9,2.7,2.3,0.014,HB,stable,2022-12-02,True,0.7407,1.0096,C,B,True
SKU-04299,Natural Lip Balm,Health & Beauty,Personal Care,679855469044,EA,12,0.42,4.6,3.0,2.6,0.0208,HB,stable,2022-09-10,True,0.527,0.7183,C,B,True
SKU-04300,Advanced Hand Cream,Health & Beauty,Personal Care,439569575529,EA,12,0.32,7.9,2.5,2.1,0.024,HB,stable,2024-06-10,True,0.8658,1.1801,B,B,False
SKU-04301,Soothing Hand Cream,Health & Beauty,Personal Care,674245087287,EA,24,0.69,6.6,2.8,3.5,0.0374,HB,stable,2022-08-18,True,1.2593,1.7164,B,B,False
SKU-04302,Advanced Lip Balm,Health & Beauty,Personal Care,933031257835,EA,6,0.61,3.2,3.6,5.3,0.0353,HB,stable,2024-07-02,True,0.941,1.2826,B,B,False
SKU-04303,Daily Body Wash,Health & Beauty,Personal Care,538428929528,EA,6,1.41,4.2,1.5,8.6,0.0314,HB,stable,2024-07-26,True,0.541,0.7374,C,B,True
SKU-04304,Sensitive Micellar Cleanser,Health & Beauty,Personal Care,051512117748,EA,48,1.36,3.1,3.6,4.8,0.031,HB,stable,2024-12-12,True,8.1955,11.1702,A,A,False
SKU-04305,Advanced Lip Balm,Health & Beauty,Personal Care,071550222325,EA,6,1.18,4.0,2.8,5.7,0.0369,HB,stable,2024-11-04,True,0.8761,1.1941,B,B,False
SKU-04306,Sensitive Body Lotion,Health & Beauty,Personal Care,090150630606,EA,24,0.64,2.4,2.0,5.6,0.0156,HB,stable,2024-04-12,True,1.579,2.1521,B,B,False
SKU-04307,Sensitive Body Wash,Health & Beauty,Personal Care,233857009061,EA,24,0.25,7.5,2.5,7.4,0.0803,HB,stable,2022-10-02,True,0.8391,1.1436,B,B,False
SKU-04308,Sensitive Sugar Scrub,Health & Beauty,Personal Care,541423305148,EA,48,0.55,4.4,2.7,6.6,0.0454,HB,stable,2022-04-07,True,44.2556,60.319,A,A,False
SKU-04309,Advanced Body Lotion,Health & Beauty,Personal Care,205937396864,EA,6,1.27,3.8,1.5,5.6,0.0185,HB,stable,2024-05-19,True,0.4868,0.6635,C,C,False
SKU-04310,Sensitive Micellar Cleanser,Health & Beauty,Personal Care,159491053093,EA,12,1.28,5.5,3.6,4.3,0.0493,HB,stable,2023-09-05,True,0.7021,0.957,C,B,True
SKU-04311,Advanced Body Wash,Health & Beauty,Personal Care,208644875553,EA,24,0.39,6.5,1.6,7.1,0.0427,HB,stable,2023-04-06,True,0.9711,1.3236,B,B,False
SKU-04312,Daily Body Lotion,Health & Beauty,Personal Care,761970211476,EA,48,0.7,4.1,2.3,7.0,0.0382,HB,stable,2025-02-06,True,0.412,0.5616,C,C,False
SKU-04313,Soothing Body Wash,Health & Beauty,Personal Care,126002916352,EA,48,0.58,7.9,2.0,4.7,0.043,HB,stable,2024-02-04,True,0.6589,0.898,C,B,True
SKU-04314,Soothing Body Lotion,Health & Beauty,Personal Care,979885530836,EA,48,0.55,7.5,1.9,3.3,0.0272,HB,stable,2024-03-02,True,0.6189,0.8435,C,B,True
SKU-04315,Sensitive Lip Balm,Health & Beauty,Personal Care,220938501025,EA,6,0.71,2.0,1.2,2.9,0.004,HB,stable,2024-03-07,True,0.4494,0.6125,C,C,False
SKU-04316,Natural Micellar Cleanser,Health & Beauty,Personal Care,788474174302,EA,12,1.24,7.8,2.5,3.2,0.0361,HB,stable,2023-01-05,True,0.8038,1.0956,B,B,False
SKU-04317,Advanced Deodorant,Health & Beauty,Personal Care,678969310911,EA,24,0.44,2.2,2.5,2.2,0.007,HB,stable,2024-04-02,True,0.5874,0.8006,C,B,True
SKU-04318,Natural Body Wash,Health & Beauty,Personal Care,771307235174,EA,24,0.31,6.9,1.7,6.7,0.0455,HB,stable,2023-02-10,True,0.3321,0.4527,C,C,False
SKU-04319,Fresh Body Lotion,Health & Beauty,Personal Care,910364449205,EA,12,0.25,6.8,1.8,6.8,0.0482,HB,stable,2024-07-01,True,0.3449,0.4701,C,C,False
SKU-04320,Natural Deodorant,Health & Beauty,Personal Care,034266630219,EA,48,0.42,2.8,3.7,2.9,0.0174,HB,stable,2022-03-12,True,0.3781,0.5154,C,C,False
SKU-04321,Natural Deodorant,Health & Beauty,Personal Care,226723361527,EA,24,0.37,6.2,3.7,8.8,0.1168,HB,stable,2022-06-19,True,0.4916,0.67,C,B,True
SKU-04322,Daily Hand Cream,Health & Beauty,Personal Care,251726675100,EA,6,0.35,3.3,2.8,4.5,0.0241,HB,stable,2022-08-06,True,0.6341,0.8642,C,B,True
SKU-04323,Advanced Sugar Scrub,Health & Beauty,Personal Care,617780503312,EA,48,0.79,5.8,1.2,7.0,0.0282,HB,stable,2022-03-27,True,0.9669,1.3178,B,B,False
SKU-04324,Natural Micellar Cleanser,Health & Beauty,Personal Care,307609231899,EA,6,0.79,4.8,1.1,5.4,0.0165,HB,stable,2022-04-15,True,4.3146,5.8807,A,A,False
SKU-04325,Soothing Body Wash,Health & Beauty,Personal Care,166263536014,EA,24,1.17,7.2,2.1,6.1,0.0534,HB,stable,2022-11-17,True,0.3279,0.4469,C,C,False
SKU-04326,Natural Sugar Scrub,Health & Beauty,Personal Care,401129281533,EA,24,1.04,5.8,2.8,2.2,0.0207,HB,stable,2022-04-20,True,1.4422,1.9657,B,B,False
SKU-04327,Fresh Sugar Scrub,Health & Beauty,Personal Care,792809372956,EA,12,0.29,2.6,2.9,5.8,0.0253,HB,stable,2023-09-14,True,0.5489,0.7481,C,B,True
SKU-04328,Fresh Body Lotion,Health & Beauty,Personal Care,430626835655,EA,12,0.95,7.4,1.3,6.0,0.0334,HB,stable,2024-10-14,True,1548.9445,2111.164,A,A,False
SKU-04329,Advanced Deodorant,Health & Beauty,Personal Care,002231179065,EA,24,1.03,2.2,3.5,8.3,0.037,HB,stable,2024-02-22,True,0.3349,0.4564,C,C,False
SKU-04330,Sensitive Body Wash,Health & Beauty,Personal Care,873434107283,EA,24,1.18,5.8,2.6,5.5,0.048,HB,stable,2023-07-14,True,0.9717,1.3244,B,B,False
SKU-04331,Fresh Lip Balm,Health & Beauty,Personal Care,571325249390,EA,12,1.08,7.8,1.8,5.8,0.0471,HB,stable,2025-04-23,True,0.3798,0.5177,C,C,False
SKU-04332,Daily Body Lotion,Health & Beauty,Personal Care,561900475101,EA,48,0.58,7.5,1.6,2.4,0.0167,HB,stable,2022-05-22,True,0.3429,0.4674,C,C,False
SKU-04333,Fresh Body Wash,Health & Beauty,Personal Care,104397455651,EA,24,1.11,5.4,1.5,5.9,0.0277,HB,stable,2022-12-16,True,0.6983,0.9518,C,B,True
SKU-04334,Daily Lip Balm,Health & Beauty,Personal Care,655548230532,EA,24,1.44,7.4,1.3,2.7,0.015,HB,stable,2022-05-10,True,0.5005,0.6821,C,B,True
SKU-04335,Sensitive Hand Cream,Health & Beauty,Personal Care,974342744903,EA,24,0.36,7.4,3.7,2.4,0.038,HB,stable,2024-08-11,True,0.4081,0.5562,C,C,False
SKU-04336,Advanced Hand Cream,Health & Beauty,Personal Care,005556678208,EA,6,0.88,4.5,1.1,3.3,0.0095,HB,stable,2024-01-27,True,0.3519,0.4796,C,C,False
SKU-04337,Fresh Deodorant,Health & Beauty,Personal Care,702015781670,EA,12,0.26,7.6,3.1,5.9,0.0804,HB,stable,2023-05-06,True,0.3743,0.5101,C,C,False
SKU-04338,Natural Body Wash,Health & Beauty,Personal Care,478191850585,EA,6,0.65,2.7,3.4,6.0,0.0319,HB,stable,2023-01-02,True,0.3437,0.4684,C,C,False
SKU-04339,Advanced Body Wash,Health & Beauty,Personal Care,758533591129,EA,24,1.06,6.1,1.5,4.9,0.0259,HB,stable,2022-11-18,True,0.7718,1.0519,B,B,False
SKU-04340,Soothing Micellar Cleanser,Health & Beauty,Personal Care,598273764075,EA,24,0.98,2.8,2.7,2.6,0.0114,HB,stable,2023-02-05,True,0.9376,1.2779,B,B,False
SKU-04341,Natural Body Wash,Health & Beauty,Personal Care,546224230244,EA,24,0.47,2.9,2.5,5.8,0.0243,HB,stable,2024-02-14,True,1.3695,1.8666,B,B,False
SKU-04342,Fresh Body Lotion,Health & Beauty,Personal Care,728849590582,EA,24,0.77,2.0,3.1,2.3,0.0083,HB,stable,2022-09-18,True,0.5277,0.7193,C,B,True
SKU-04343,Sensitive Micellar Cleanser,Health & Beauty,Personal Care,904186991490,EA,48,1.05,7.9,2.6,5.7,0.0678,HB,stable,2024-02-09,True,0.5163,0.7037,C,B,True
SKU-04344,Fresh Body Wash,Health & Beauty,Personal Care,942527337825,EA,12,0.36,7.8,1.4,2.8,0.0177,HB,stable,2025-03-27,True,0.34,0.4634,C,C,False
SKU-04345,Natural Hand Cream,Health & Beauty,Personal Care,101050375621,EA,6,0.24,4.8,2.3,5.2,0.0332,HB,stable,2024-01-03,True,6.3742,8.6879,A,A,False
SKU-04346,Daily Body Lotion,Health & Beauty,Personal Care,920169975709,EA,24,1.43,2.4,1.6,4.7,0.0104,HB,stable,2024-10-15,True,3.2405,4.4167,A,A,False
SKU-04347,Soothing Body Wash,Health & Beauty,Personal Care,887303668533,EA,48,1.36,7.9,2.8,8.3,0.1062,HB,stable,2025-03-27,True,28.1626,38.3848,A,A,False
SKU-04348,Daily Lip Balm,Health & Beauty,Personal Care,717924693113,EA,24,0.23,2.6,2.2,2.2,0.0073,HB,stable,2023-03-28,True,0.8235,1.1224,B,B,False
SKU-04349,Daily Micellar Cleanser,Health & Beauty,Personal Care,639855110147,EA,6,1.49,6.2,3.7,2.3,0.0305,HB,stable,2024-11-18,True,0.547,0.7455,C,B,True
SKU-04350,Fresh Sugar Scrub,Health & Beauty,Personal Care,911661676543,EA,6,0.85,3.1,1.6,4.8,0.0138,HB,stable,2023-06-03,True,1.4435,1.9675,B,B,False
SKU-04351,Advanced Body Lotion,Health & Beauty,Personal Care,017773628060,EA,24,0.73,2.5,1.9,5.7,0.0157,HB,stable,2024-08-17,True,0.4652,0.634,C,C,False
SKU-04352,Advanced Micellar Cleanser,Health & Beauty,Personal Care,396537949284,EA,12,0.68,2.9,2.6,3.4,0.0148,HB,stable,2024-01-25,True,1.0354,1.4112,B,B,False
SKU-04353,Advanced Lip Balm,Health & Beauty,Personal Care,275017376850,EA,6,1.01,7.5,1.7,2.7,0.0199,HB,stable,2024-09-25,True,32.2697,43.9826,A,A,False
SKU-04354,Daily Hand Cream,Health & Beauty,Personal Care,840125438442,EA,12,0.92,4.0,3.5,5.2,0.0421,HB,stable,2023-06-09,True,0.9779,1.3328,B,B,False
SKU-04355,Advanced Lip Balm,Health & Beauty,Personal Care,971222672543,EA,12,1.29,2.1,1.7,6.7,0.0138,HB,stable,2025-03-18,True,0.6869,0.9362,C,B,True
SKU-04356,Natural Body Wash,Health & Beauty,Personal Care,545212378839,EA,48,1.05,3.8,2.7,7.1,0.0422,HB,stable,2022-10-25,True,0.3773,0.5143,C,C,False
SKU-04357,Fresh Body Lotion,Health & Beauty,Personal Care,548561344393,EA,24,0.98,7.2,2.2,8.2,0.0752,HB,stable,2023-06-22,True,0.6401,0.8724,C,B,True
SKU-04358,Soothing Lip Balm,Health & Beauty,Personal Care,453329811832,EA,12,1.35,7.0,2.0,7.1,0.0575,HB,stable,2022-07-12,True,0.3857,0.5257,C,C,False
SKU-04359,Fresh Micellar Cleanser,Health & Beauty,Personal Care,212706522323,EA,12,1.14,4.8,1.2,3.3,0.011,HB,stable,2023-04-19,True,2.5227,3.4384,B,A,True
SKU-04360,Soothing Body Wash,Health & Beauty,Personal Care,635579410345,EA,12,0.63,6.6,3.1,3.7,0.0438,HB,stable,2024-05-07,True,0.3145,0.4287,C,C,False
SKU-04361,Advanced Hand Cream,Health & Beauty,Personal Care,183904423302,EA,12,0.58,4.6,1.6,6.2,0.0264,HB,stable,2023-06-21,True,0.7324,0.9982,C,B,True
SKU-04362,Daily Body Wash,Health & Beauty,Personal Care,962976026486,EA,6,0.38,3.9,1.5,3.4,0.0115,HB,stable,2022-08-11,True,1.1568,1.5767,B,B,False
SKU-04363,Sensitive Body Wash,Health & Beauty,Personal Care,535968028733,EA,24,1.13,2.9,2.8,3.4,0.016,HB,stable,2025-05-12,True,0.7387,1.0068,C,B,True
SKU-04364,Daily Deodorant,Health & Beauty,Personal Care,204549672533,EA,6,1.31,6.9,1.9,7.4,0.0561,HB,stable,2023-01-12,True,0.6645,0.9057,C,B,True
SKU-04365,Daily Body Lotion,Health & Beauty,Personal Care,054216435982,EA,12,1.47,3.2,1.1,4.6,0.0094,HB,stable,2022-10-25,True,0.7158,0.9756,C,B,True
SKU-04366,Soothing Sugar Scrub,Health & Beauty,Personal Care,741570232596,EA,24,1.45,5.0,1.6,8.2,0.038,HB,stable,2022-05-05,True,0.5052,0.6886,C,B,True
SKU-04367,Fresh Deodorant,Health & Beauty,Personal Care,110390900071,EA,6,0.96,3.6,2.7,2.5,0.0141,HB,stable,2022-09-29,True,0.4757,0.6484,C,C,False
SKU-04368,Sensitive Body Wash,Health & Beauty,Personal Care,626304048062,EA,24,0.66,7.4,3.7,8.0,0.1268,HB,stable,2023-05-27,True,0.5894,0.8033,C,B,True
SKU-04369,Sensitive Sugar Scrub,Health & Beauty,Personal Care,663768358383,EA,6,1.08,4.2,1.9,6.1,0.0282,HB,stable,2025-04-11,True,0.4093,0.5579,C,C,False
SKU-04370,Advanced Micellar Cleanser,Health & Beauty,Personal Care,620511533580,EA,12,0.74,7.2,2.9,6.2,0.0749,HB,stable,2024-05-22,True,64.5394,87.9652,A,A,False
SKU-04371,Natural Body Wash,Health & Beauty,Personal Care,522023428748,EA,12,0.32,3.0,2.1,6.8,0.0248,HB,stable,2023-03-28,True,0.4441,0.6053,C,C,False
SKU-04372,Soothing Micellar Cleanser,Health & Beauty,Personal Care,344427075479,EA,12,1.0,6.4,2.1,6.6,0.0513,HB,stable,2023-08-27,True,0.3657,0.4985,C,C,False
SKU-04373,Daily Body Lotion,Health & Beauty,Personal Care,360395436659,EA,24,0.83,5.0,3.3,8.8,0.084,HB,stable,2022-08-14,True,0.8275,1.1278,B,B,False
SKU-04374,Daily Body Wash,Health & Beauty,Personal Care,393268446619,EA,12,0.81,4.1,2.4,4.2,0.0239,HB,stable,2023-06-29,True,0.4766,0.6496,C,C,False
SKU-04375,Daily Body Lotion,Health & Beauty,Personal Care,231683919708,EA,6,1.0,2.2,1.4,5.8,0.0103,HB,stable,2022-04-15,True,2.5645,3.4953,B,A,True
SKU-04376,Daily Body Lotion,Health & Beauty,Personal Care,951958022484,EA,24,0.46,3.9,1.8,8.5,0.0345,HB,stable,2023-10-30,True,0.4315,0.5881,C,C,False
SKU-04377,Advanced Sugar Scrub,Health & Beauty,Personal Care,972255868499,EA,48,1.5,3.0,3.3,3.6,0.0206,HB,stable,2023-02-16,True,0.3646,0.497,C,C,False
SKU-04378,Natural Micellar Cleanser,Health & Beauty,Personal Care,021148398167,EA,24,0.4,4.2,1.9,4.1,0.0189,HB,stable,2024-08-28,True,0.4863,0.6628,C,C,False
SKU-04379,Fresh Body Lotion,Health & Beauty,Personal Care,170408302571,EA,12,0.88,3.2,1.8,4.9,0.0163,HB,stable,2025-01-04,True,0.3232,0.4405,C,C,False
SKU-04380,Soothing Deodorant,Health & Beauty,Personal Care,469012150061,EA,12,0.6,2.6,3.3,5.6,0.0278,HB,stable,2025-04-26,True,0.4112,0.5604,C,C,False
SKU-04381,Sensitive Hand Cream,Health & Beauty,Personal Care,086182693895,EA,24,1.38,4.6,1.1,5.2,0.0152,HB,stable,2024-10-16,True,0.3703,0.5047,C,C,False
SKU-04382,Fresh Body Wash,Health & Beauty,Personal Care,907187660375,EA,12,0.49,7.2,3.0,4.5,0.0563,HB,stable,2022-12-20,True,0.4861,0.6626,C,C,False
SKU-04383,Sensitive Body Lotion,Health & Beauty,Personal Care,158257854155,EA,48,1.04,3.4,3.9,2.2,0.0169,HB,stable,2023-09-21,True,0.8663,1.1807,B,B,False
SKU-04384,Sensitive Micellar Cleanser,Health & Beauty,Personal Care,615472677507,EA,48,0.75,2.3,1.6,8.8,0.0187,HB,stable,2023-05-07,True,0.3773,0.5142,C,C,False
SKU-04385,Natural Micellar Cleanser,Health & Beauty,Personal Care,065476767889,EA,24,0.85,7.8,3.1,6.8,0.0952,HB,stable,2023-11-03,True,0.6616,0.9018,C,B,True
SKU-04386,Fresh Sugar Scrub,Health & Beauty,Personal Care,992697205613,EA,12,0.98,3.7,3.5,7.0,0.0525,HB,stable,2023-10-05,True,0.3179,0.4333,C,C,False
SKU-04387,Fresh Sugar Scrub,Health & Beauty,Personal Care,325780922331,EA,12,0.62,3.7,3.5,5.9,0.0442,HB,stable,2022-09-09,True,0.6572,0.8957,C,B,True
SKU-04388,Daily Hand Cream,Health & Beauty,Personal Care,860725141280,EA,12,1.08,6.0,2.8,4.6,0.0447,HB,stable,2025-04-03,True,0.3656,0.4983,C,C,False
SKU-04389,Natural Deodorant,Health & Beauty,Personal Care,148641299367,EA,12,1.13,4.1,3.1,5.6,0.0412,HB,stable,2024-08-04,True,0.6949,0.9471,C,B,True
SKU-04390,Natural Lip Balm,Health & Beauty,Personal Care,249865306209,EA,12,0.81,5.0,1.9,4.4,0.0242,HB,stable,2025-02-05,True,2.5105,3.4217,B,A,True
SKU-04391,Soothing Lip Balm,Health & Beauty,Personal Care,998592766019,EA,12,1.04,3.3,2.3,4.5,0.0198,HB,stable,2024-04-14,True,0.9101,1.2404,B,B,False
SKU-04392,Advanced Body Lotion,Health & Beauty,Personal Care,990844465039,EA,6,1.35,6.9,1.6,8.7,0.0556,HB,stable,2024-09-04,True,4.0548,5.5266,A,A,False
SKU-04393,Soothing Lip Balm,Health & Beauty,Personal Care,880795905954,EA,12,1.13,6.8,3.9,7.8,0.1197,HB,stable,2022-11-01,True,0.8577,1.169,B,B,False
SKU-04394,Sensitive Body Wash,Health & Beauty,Personal Care,325541147571,EA,48,0.69,4.7,2.4,8.9,0.0581,HB,stable,2023-02-25,True,0.5119,0.6977,C,B,True
SKU-04395,Advanced Micellar Cleanser,Health & Beauty,Personal Care,967637378647,EA,6,1.28,6.9,3.2,3.0,0.0383,HB,stable,2022-08-28,True,1.7059,2.3251,B,B,False
SKU-04396,Advanced Sugar Scrub,Health & Beauty,Personal Care,962231575084,EA,24,0.94,2.9,3.4,6.6,0.0377,HB,stable,2023-10-04,True,1.8201,2.4808,B,B,False
SKU-04397,Daily Body Lotion,Health & Beauty,Personal Care,292559940860,EA,6,0.22,5.6,1.4,3.7,0.0168,HB,stable,2024-06-15,True,0.5618,0.7657,C,B,True
SKU-04398,Natural Micellar Cleanser,Health & Beauty,Personal Care,352502794641,EA,48,0.57,2.4,3.9,5.5,0.0298,HB,stable,2023-11-28,True,0.6162,0.8398,C,B,True
SKU-04399,Sensitive Sugar Scrub,Health & Beauty,Personal Care,996010487574,EA,24,0.2,6.0,2.6,8.3,0.0749,HB,stable,2023-07-24,True,1.9362,2.639,B,A,True
SKU-04400,Soothing Sugar Scrub,Health & Beauty,Personal Care,530299152560,EA,48,0.81,5.7,3.8,6.2,0.0777,HB,stable,2022-06-12,True,0.4082,0.5564,C,C,False
SKU-04401,Sensitive Sugar Scrub,Health & Beauty,Personal Care,126339942877,EA,12,0.81,8.0,1.5,4.3,0.0299,HB,stable,2024-06-07,True,0.4187,0.5707,C,C,False
SKU-04402,Daily Body Wash,Health & Beauty,Personal Care,289519262404,EA,24,0.95,7.1,2.8,3.9,0.0449,HB,stable,2022-07-27,True,0.3137,0.4276,C,C,False
SKU-04403,Fresh Body Wash,Health & Beauty,Personal Care,735354519469,EA,6,1.47,4.5,1.5,2.3,0.009,HB,stable,2024-08-22,True,0.7002,0.9544,C,B,True
SKU-04404,Sensitive Body Wash,Health & Beauty,Personal Care,826840438093,EA,12,1.09,2.2,2.9,8.6,0.0318,HB,stable,2024-05-24,True,0.4707,0.6415,C,C,False
SKU-04405,Soothing Deodorant,Health & Beauty,Personal Care,626416181825,EA,48,1.1,3.8,3.5,4.0,0.0308,HB,stable,2022-04-03,True,1.2035,1.6404,B,B,False
SKU-04406,Fresh Micellar Cleanser,Health & Beauty,Personal Care,535554307304,EA,24,0.59,8.0,2.2,3.8,0.0387,HB,stable,2023-04-06,True,0.4487,0.6116,C,C,False
SKU-04407,Fresh Deodorant,Health & Beauty,Personal Care,962887178468,EA,24,1.44,7.7,2.5,6.0,0.0668,HB,stable,2023-04-07,True,0.3222,0.4391,C,C,False
SKU-04408,Fresh Body Wash,Health & Beauty,Personal Care,360609793441,EA,24,0.41,5.6,1.9,3.4,0.0209,HB,stable,2024-12-08,True,1.662,2.2652,B,B,False
SKU-04409,Advanced Deodorant,Health & Beauty,Personal Care,701648779461,EA,6,1.47,4.4,2.0,6.3,0.0321,HB,stable,2024-08-12,True,0.6511,0.8874,C,B,True
SKU-04410,Natural Micellar Cleanser,Health & Beauty,Personal Care,935402241740,EA,12,0.55,4.3,1.4,6.0,0.0209,HB,stable,2023-10-03,True,0.4139,0.5642,C,C,False
SKU-04411,Natural Hand Cream,Health & Beauty,Personal Care,375809283638,EA,24,1.0,6.0,3.8,7.5,0.099,HB,stable,2024-05-05,True,7.4112,10.1013,A,A,False
SKU-04412,Advanced Micellar Cleanser,Health & Beauty,Personal Care,776497051438,EA,24,1.44,3.0,1.7,3.1,0.0091,HB,stable,2024-01-02,True,0.694,0.9459,C,B,True
SKU-04413,Advanced Sugar Scrub,Health & Beauty,Personal Care,814597201047,EA,24,1.0,7.2,1.6,4.8,0.032,HB,stable,2023-02-11,True,0.3142,0.4282,C,C,False
SKU-04414,Fresh Sugar Scrub,Health & Beauty,Personal Care,653618052113,EA,24,0.72,4.2,1.8,2.4,0.0105,HB,stable,2022-11-15,True,0.6134,0.8361,C,B,True
SKU-04415,Sensitive Micellar Cleanser,Health & Beauty,Personal Care,088390955724,EA,12,1.0,6.6,2.2,2.5,0.021,HB,stable,2023-06-03,True,0.4404,0.6003,C,C,False
SKU-04416,Natural Body Wash,Health & Beauty,Personal Care,701537720299,EA,24,0.74,6.9,3.4,7.0,0.095,HB,stable,2022-09-10,True,0.8464,1.1536,B,B,False
SKU-04417,Sensitive Deodorant,Health & Beauty,Personal Care,974854444891,EA,24,1.48,5.0,1.4,2.1,0.0085,HB,stable,2025-03-08,True,0.6443,0.8782,C,B,True
SKU-04418,Advanced Lip Balm,Health & Beauty,Personal Care,588476967901,EA,12,1.46,5.3,3.3,8.7,0.0881,HB,stable,2023-02-28,True,0.7919,1.0793,B,B,False
SKU-04419,Fresh Micellar Cleanser,Health & Beauty,Personal Care,609035009503,EA,12,1.32,4.2,3.1,3.7,0.0279,HB,stable,2025-05-13,True,0.3675,0.5009,C,C,False
SKU-04420,Natural Hand Cream,Health & Beauty,Personal Care,382736973524,EA,24,0.49,6.4,2.1,7.1,0.0552,HB,stable,2025-03-10,True,3.1741,4.3262,A,A,False
SKU-04421,Sensitive Micellar Cleanser,Health & Beauty,Personal Care,255023632756,EA,12,1.47,7.0,3.0,6.5,0.079,HB,stable,2024-02-11,True,0.7184,0.9792,C,B,True
SKU-04422,Fresh Deodorant,Health & Beauty,Personal Care,234485517364,EA,24,0.63,7.1,3.4,7.7,0.1076,HB,stable,2023-03-29,True,0.7695,1.0488,B,B,False
SKU-04423,Daily Body Lotion,Health & Beauty,Personal Care,165882754466,EA,48,0.78,2.9,2.3,5.7,0.022,HB,stable,2022-08-03,True,1.0646,1.451,B,B,False
SKU-04424,Fresh Deodorant,Health & Beauty,Personal Care,777156052923,EA,48,0.82,7.1,1.0,8.4,0.0345,HB,stable,2023-06-09,True,3.2541,4.4352,A,A,False
SKU-04425,Soothing Body Lotion,Health & Beauty,Personal Care,458929981108,EA,48,0.88,3.3,3.4,7.2,0.0467,HB,stable,2024-05-29,True,7.4829,10.1989,A,A,False
SKU-04426,Natural Sugar Scrub,Health & Beauty,Personal Care,088051535704,EA,12,0.94,7.8,1.7,3.4,0.0261,HB,stable,2024-02-16,True,2.1816,2.9735,B,A,True
SKU-04427,Daily Deodorant,Health & Beauty,Personal Care,783249726839,EA,48,1.39,6.5,2.9,4.4,0.048,HB,stable,2024-08-29,True,0.5019,0.6841,C,B,True
SKU-04428,Fresh Body Wash,Health & Beauty,Personal Care,905164111793,EA,12,0.5,2.5,2.0,5.5,0.0159,HB,stable,2025-03-28,True,0.4349,0.5927,C,C,False
SKU-04429,Soothing Body Wash,Health & Beauty,Personal Care,122415365966,EA,48,0.4,3.8,1.4,3.5,0.0108,HB,stable,2024-10-01,True,0.4297,0.5856,C,C,False
SKU-04430,Sensitive Body Wash,Health & Beauty,Personal Care,871103274958,EA,6,0.78,6.4,2.7,3.2,0.032,HB,stable,2022-04-13,True,0.5458,0.7439,C,B,True
SKU-04431,Fresh Deodorant,Health & Beauty,Personal Care,171033295152,EA,48,0.72,4.6,1.5,5.3,0.0212,HB,stable,2022-05-23,True,0.3681,0.5017,C,C,False
SKU-04432,Advanced Body Wash,Health & Beauty,Personal Care,718034979594,EA,6,0.65,7.0,1.9,3.8,0.0292,HB,stable,2024-09-24,True,0.4431,0.6039,C,C,False
SKU-04433,Fresh Sugar Scrub,Health & Beauty,Personal Care,891282752448,EA,24,1.09,3.5,1.1,8.8,0.0196,HB,stable,2024-01-08,True,0.559,0.7619,C,B,True
SKU-04434,Natural Lip Balm,Health & Beauty,Personal Care,058962760098,EA,12,0.38,5.3,1.3,5.1,0.0203,HB,stable,2024-05-15,True,0.3538,0.4822,C,C,False
SKU-04435,Advanced Body Lotion,Health & Beauty,Personal Care,365347897296,EA,24,0.51,2.6,3.4,2.4,0.0123,HB,stable,2024-03-14,True,49.966,68.1021,A,A,False
SKU-04436,Daily Hand Cream,Health & Beauty,Personal Care,536093168978,EA,12,0.86,2.5,1.6,7.6,0.0176,HB,stable,2022-12-18,True,1.2402,1.6903,B,B,False
SKU-04437,Daily Body Lotion,Health & Beauty,Personal Care,095065972048,EA,24,1.41,6.0,2.6,5.8,0.0524,HB,stable,2022-09-07,True,0.7545,1.0283,C,B,True
SKU-04438,Fresh Deodorant,Health & Beauty,Personal Care,809075678755,EA,48,0.88,7.0,1.4,8.6,0.0488,HB,stable,2022-11-17,True,0.3771,0.514,C,C,False
SKU-04439,Sensitive Lip Balm,Health & Beauty,Personal Care,787853496130,EA,48,0.99,7.1,1.3,8.9,0.0475,HB,stable,2024-02-10,True,0.4056,0.5528,C,C,False
SKU-04440,Natural Lip Balm,Health & Beauty,Personal Care,855116411682,EA,24,1.41,7.8,2.5,7.3,0.0824,HB,stable,2024-07-17,True,0.3302,0.45,C,C,False
SKU-04441,Natural Body Lotion,Health & Beauty,Personal Care,426790972363,EA,12,1.08,4.8,3.5,6.8,0.0661,HB,stable,2023-09-18,True,3.1166,4.2478,A,A,False
SKU-04442,Daily Lip Balm,Health & Beauty,Personal Care,626627350168,EA,24,1.38,3.5,4.0,6.1,0.0494,HB,stable,2022-10-17,True,0.5288,0.7208,C,B,True
SKU-04443,Advanced Body Lotion,Health & Beauty,Personal Care,565136019851,EA,12,1.19,6.5,2.1,5.4,0.0427,HB,stable,2022-11-30,True,0.3974,0.5416,C,C,False
SKU-04444,Daily Body Wash,Health & Beauty,Personal Care,109673177756,EA,12,0.49,7.6,3.0,5.0,0.066,HB,stable,2024-07-12,True,0.3371,0.4594,C,C,False
SKU-04445,Soothing Lip Balm,Health & Beauty,Personal Care,455454356801,EA,6,0.42,5.0,2.4,6.7,0.0465,HB,stable,2025-04-30,True,1.3599,1.8535,B,B,False
SKU-04446,Soothing Lip Balm,Health & Beauty,Personal Care,974900710046,EA,12,0.49,3.9,2.8,7.9,0.0499,HB,stable,2024-01-08,True,1.1449,1.5604,B,B,False
SKU-04447,Sensitive Body Lotion,Health & Beauty,Personal Care,832404068618,EA,24,0.6,3.9,3.7,2.5,0.0209,HB,stable,2022-09-07,True,0.3262,0.4446,C,C,False
SKU-04448,Sensitive Lip Balm,Health & Beauty,Personal Care,041096490941,EA,12,0.72,7.2,2.9,8.0,0.0967,HB,stable,2023-10-27,True,1.2206,1.6636,B,B,False
SKU-04449,Sensitive Hand Cream,Health & Beauty,Personal Care,242130744559,EA,24,1.33,4.5,2.6,9.0,0.0609,HB,stable,2022-11-07,True,0.4635,0.6317,C,C,False
SKU-04450,Advanced Hand Cream,Health & Beauty,Personal Care,753543745996,EA,48,0.28,6.9,1.2,2.1,0.0101,HB,stable,2024-04-16,True,0.3861,0.5263,C,C,False
SKU-04451,Natural Lip Balm,Health & Beauty,Personal Care,921093851201,EA,24,1.41,3.0,1.5,3.6,0.0094,HB,stable,2023-04-21,True,0.8135,1.1088,B,B,False
SKU-04452,Natural Lip Balm,Health & Beauty,Personal Care,997286978582,EA,6,0.75,5.9,1.7,7.3,0.0424,HB,stable,2024-09-13,True,0.495,0.6747,C,B,True
SKU-04453,Daily Sugar Scrub,Health & Beauty,Personal Care,109374962115,EA,6,1.04,4.9,3.5,2.6,0.0258,HB,stable,2022-10-13,True,1.0151,1.3835,B,B,False
SKU-04454,Daily Sugar Scrub,Health & Beauty,Personal Care,853099804240,EA,24,1.38,7.4,2.6,8.3,0.0924,HB,stable,2023-08-24,True,0.5196,0.7082,C,B,True
SKU-04455,Sensitive Body Wash,Health & Beauty,Personal Care,623050426958,EA,12,0.94,5.8,1.4,2.1,0.0099,HB,stable,2024-03-24,True,0.5109,0.6963,C,B,True
SKU-04456,Sensitive Body Wash,Health & Beauty,Personal Care,983190727519,EA,48,0.69,7.6,3.0,7.9,0.1042,HB,stable,2024-05-25,True,0.4897,0.6675,C,B,True
SKU-04457,Daily Body Wash,Health & Beauty,Personal Care,056627357095,EA,6,1.31,6.0,3.0,7.0,0.0729,HB,stable,2023-06-23,True,258.1574,351.8607,A,A,False
SKU-04458,Natural Body Lotion,Health & Beauty,Personal Care,886463865565,EA,24,1.34,2.0,1.1,4.6,0.0059,HB,stable,2024-01-06,True,0.6699,0.9131,C,B,True
SKU-04459,Sensitive Body Wash,Health & Beauty,Personal Care,206373662788,EA,12,1.14,2.1,1.0,6.8,0.0083,HB,stable,2024-06-28,True,2.7222,3.7103,A,A,False
SKU-04460,Natural Body Wash,Health & Beauty,Personal Care,002436643510,EA,24,0.41,7.9,1.1,7.7,0.0387,HB,stable,2024-11-22,True,0.3341,0.4554,C,C,False
SKU-04461,Advanced Deodorant,Health & Beauty,Personal Care,994323402770,EA,48,0.92,7.0,2.6,5.5,0.0579,HB,stable,2024-12-13,True,6.271,8.5472,A,A,False
SKU-04462,Natural Sugar Scrub,Health & Beauty,Personal Care,244421408366,EA,6,0.27,3.2,2.3,2.3,0.0098,HB,stable,2023-06-11,True,0.3902,0.5318,C,C,False
SKU-04463,Soothing Lip Balm,Health & Beauty,Personal Care,899589213616,EA,12,0.36,2.6,1.6,8.1,0.0195,HB,stable,2023-12-13,True,2.0462,2.7889,B,A,True
SKU-04464,Fresh Lip Balm,Health & Beauty,Personal Care,506361415054,EA,6,1.16,4.8,3.6,3.0,0.03,HB,stable,2023-01-10,True,0.3408,0.4645,C,C,False
SKU-04465,Daily Deodorant,Health & Beauty,Personal Care,035254910389,EA,24,0.92,4.1,1.0,5.6,0.0133,HB,stable,2023-06-07,True,0.514,0.7005,C,B,True
SKU-04466,Soothing Micellar Cleanser,Health & Beauty,Personal Care,084985419641,EA,48,1.49,5.8,1.3,6.7,0.0292,HB,stable,2025-03-17,True,0.7005,0.9548,C,B,True
SKU-04467,Soothing Body Lotion,Health & Beauty,Personal Care,165668326597,EA,12,0.48,2.6,2.3,8.6,0.0298,HB,stable,2024-05-31,True,0.5206,0.7096,C,B,True
SKU-04468,Fresh Deodorant,Health & Beauty,Personal Care,462639575166,EA,6,0.7,6.2,3.4,4.5,0.0549,HB,stable,2022-04-27,True,0.3847,0.5243,C,C,False
SKU-04469,Sensitive Micellar Cleanser,Health & Beauty,Personal Care,459423578549,EA,24,0.69,6.6,2.6,5.1,0.0506,HB,stable,2025-05-11,True,0.5647,0.7697,C,B,True
SKU-04470,Sensitive Body Lotion,Health & Beauty,Personal Care,773501292380,EA,12,1.2,2.9,3.3,8.1,0.0449,HB,stable,2025-05-19,True,0.8373,1.1412,B,B,False
SKU-04471,Soothing Body Lotion,Health & Beauty,Personal Care,163956539989,EA,6,1.16,7.0,3.4,5.9,0.0813,HB,stable,2023-05-18,True,1.6965,2.3123,B,B,False
SKU-04472,Soothing Hand Cream,Health & Beauty,Personal Care,190757945032,EA,24,0.94,7.6,3.3,2.8,0.0406,HB,stable,2024-04-29,True,0.3369,0.4592,C,C,False
SKU-04473,Advanced Sugar Scrub,Health & Beauty,Personal Care,522767737202,EA,24,0.79,6.2,2.4,4.6,0.0396,HB,stable,2023-04-07,True,2.9281,3.9909,A,A,False
SKU-04474,Daily Body Wash,Health & Beauty,Personal Care,648233426001,EA,12,1.2,6.7,3.6,7.3,0.1019,HB,stable,2025-05-07,True,0.3926,0.5351,C,C,False
SKU-04475,Sensitive Hand Cream,Health & Beauty,Personal Care,122509133869,EA,48,0.46,7.0,2.6,4.7,0.0495,HB,stable,2022-11-13,True,5.532,7.5399,A,A,False
SKU-04476,Soothing Hand Cream,Health & Beauty,Personal Care,192600516329,EA,12,0.97,3.8,1.1,7.2,0.0174,HB,stable,2025-02-11,True,0.4607,0.6279,C,C,False
SKU-04477,Fresh Sugar Scrub,Health & Beauty,Personal Care,507522006517,EA,48,0.61,5.3,1.3,2.8,0.0112,HB,stable,2023-03-31,True,5.8895,8.0272,A,A,False
SKU-04478,Advanced Micellar Cleanser,Health & Beauty,Personal Care,418783524038,EA,24,1.09,5.3,3.3,2.4,0.0243,HB,stable,2022-09-14,True,0.3136,0.4274,C,C,False
SKU-04479,Soothing Deodorant,Health & Beauty,Personal Care,627207194023,EA,12,0.28,3.8,1.6,3.4,0.012,HB,stable,2023-04-02,True,0.6147,0.8378,C,B,True
SKU-04480,Sensitive Body Lotion,Health & Beauty,Personal Care,018017438814,EA,48,0.6,3.1,1.5,6.2,0.0167,HB,stable,2024-12-18,True,2.3469,3.1987,B,A,True
SKU-04481,Soothing Body Wash,Health & Beauty,Personal Care,931909365251,EA,24,0.45,7.3,1.4,4.2,0.0248,HB,stable,2025-03-12,True,1.1372,1.55,B,B,False
SKU-04482,Sensitive Deodorant,Health & Beauty,Personal Care,679015713462,EA,12,0.28,7.6,2.8,3.4,0.0419,HB,stable,2024-12-13,True,0.353,0.4811,C,C,False
SKU-04483,Advanced Lip Balm,Health & Beauty,Personal Care,927392609447,EA,12,1.4,7.5,2.5,7.5,0.0814,HB,stable,2023-01-01,True,0.5937,0.8092,C,B,True
SKU-04484,Sensitive Body Wash,Health & Beauty,Personal Care,611499253774,EA,12,0.78,4.7,2.8,8.5,0.0647,HB,stable,2022-06-09,True,1.2129,1.6532,B,B,False
SKU-04485,Soothing Lip Balm,Health & Beauty,Personal Care,728204140860,EA,48,1.36,4.7,1.0,6.0,0.0163,HB,stable,2024-06-10,True,0.38,0.5179,C,C,False
SKU-04486,Fresh Body Lotion,Health & Beauty,Personal Care,321892842911,EA,12,1.02,5.7,2.0,3.2,0.0211,HB,stable,2022-08-07,True,10.8318,14.7634,A,A,False
SKU-04487,Daily Deodorant,Health & Beauty,Personal Care,585193014461,EA,6,1.17,4.9,3.8,2.5,0.0269,HB,stable,2024-07-27,True,0.3123,0.4256,C,C,False
SKU-04488,Advanced Body Wash,Health & Beauty,Personal Care,066676719277,EA,12,0.28,3.8,1.5,6.8,0.0224,HB,stable,2023-11-04,True,0.6101,0.8315,C,B,True
SKU-04489,Sensitive Sugar Scrub,Health & Beauty,Personal Care,767905378679,EA,24,1.02,2.3,2.2,5.1,0.0149,HB,stable,2022-10-16,True,9.0582,12.346,A,A,False
SKU-04490,Daily Hand Cream,Health & Beauty,Personal Care,740762689508,EA,12,0.52,3.3,3.7,6.2,0.0438,HB,stable,2023-04-29,True,0.6013,0.8196,C,B,True
SKU-04491,Advanced Lip Balm,Health & Beauty,Personal Care,126457861957,EA,24,0.54,7.8,2.2,7.4,0.0735,HB,stable,2024-05-07,True,0.3385,0.4613,C,C,False
SKU-04492,Natural Body Wash,Health & Beauty,Personal Care,567736530842,EA,12,1.32,7.5,3.9,8.3,0.1405,HB,stable,2024-01-03,True,0.6918,0.9429,C,B,True
SKU-04493,Fresh Micellar Cleanser,Health & Beauty,Personal Care,256546716542,EA,24,0.65,3.0,3.4,5.3,0.0313,HB,stable,2022-04-11,True,1.8662,2.5436,B,B,False
SKU-04494,Sensitive Lip Balm,Health & Beauty,Personal Care,396623054120,EA,6,0.28,7.6,1.2,2.8,0.0148,HB,stable,2025-03-25,True,0.31,0.4225,C,C,False
SKU-04495,Daily Body Wash,Health & Beauty,Personal Care,937321391123,EA,12,0.55,3.1,2.2,8.1,0.032,HB,stable,2022-05-11,True,0.3528,0.4809,C,C,False
SKU-04496,Daily Hand Cream,Health & Beauty,Personal Care,533559496653,EA,24,0.79,4.0,3.1,2.2,0.0158,HB,stable,2023-08-17,True,0.3269,0.4456,C,C,False
SKU-04497,Soothing Body Lotion,Health & Beauty,Personal Care,193296880229,EA,24,1.41,6.0,1.4,8.8,0.0428,HB,stable,2024-10-23,True,1.0078,1.3736,B,B,False
SKU-04498,Sensitive Hand Cream,Health & Beauty,Personal Care,388668143977,EA,6,0.66,7.7,3.8,2.2,0.0373,HB,stable,2022-12-15,True,0.706,0.9622,C,B,True
SKU-04499,Natural Deodorant,Health & Beauty,Personal Care,197545733754,EA,12,0.76,4.4,1.6,2.4,0.0098,HB,stable,2022-10-18,True,1.4823,2.0203,B,B,False
SKU-04500,Sensitive Micellar Cleanser,Health & Beauty,Personal Care,663704572937,EA,12,0.3,3.5,1.9,2.2,0.0085,HB,stable,2023-03-26,True,0.7415,1.0106,C,B,True
SKU-04501,Daily Multivitamin,Health & Beauty,Wellness & Supplements,602412443853,EA,24,1.29,5.2,4.2,5.5,0.0695,HB,surge,2024-05-10,True,0.7333,0.4543,C,C,False
SKU-04502,Premium Magnesium,Health & Beauty,Wellness & Supplements,201466748901,EA,12,1.28,5.0,4.1,7.6,0.0902,HB,surge,2023-12-08,True,1.0184,0.631,B,C,True
SKU-04503,Essential Omega-3,Health & Beauty,Wellness & Supplements,445955246547,EA,12,0.94,6.6,3.7,7.1,0.1003,HB,surge,2025-04-14,True,0.6842,0.4238,C,C,False
SKU-04504,Complete Whey Protein,Health & Beauty,Wellness & Supplements,094521053496,EA,24,0.84,3.9,4.7,7.5,0.0796,HB,surge,2023-05-07,True,2.0381,1.2627,B,B,False
SKU-04505,Essential Omega-3,Health & Beauty,Wellness & Supplements,089227316523,EA,12,1.75,7.0,3.1,8.6,0.108,HB,surge,2024-08-28,True,6.8427,4.2393,A,A,False
SKU-04506,Ultra Omega-3,Health & Beauty,Wellness & Supplements,557078194329,EA,24,1.72,4.6,3.7,7.6,0.0749,HB,surge,2022-03-13,True,0.846,0.5241,B,C,True
SKU-04507,Essential Whey Protein,Health & Beauty,Wellness & Supplements,012792578217,EA,6,1.32,6.7,6.1,9.0,0.2129,HB,surge,2022-07-11,True,0.7443,0.4612,C,C,False
SKU-04508,Premium Omega-3,Health & Beauty,Wellness & Supplements,892757789594,EA,6,1.4,4.7,3.6,5.4,0.0529,HB,surge,2024-04-09,True,1.9517,1.2091,B,B,False
SKU-04509,Complete Multivitamin,Health & Beauty,Wellness & Supplements,954596567156,EA,12,0.36,6.2,6.5,6.1,0.1423,HB,surge,2022-12-23,True,0.8119,0.503,B,C,True
SKU-04510,Pure Omega-3,Health & Beauty,Wellness & Supplements,793533598234,EA,24,0.34,5.5,4.7,9.3,0.1391,HB,surge,2024-04-03,True,0.8909,0.5519,B,C,True
SKU-04511,Premium Collagen Peptides,Health & Beauty,Wellness & Supplements,276611443923,EA,6,0.64,6.6,4.0,8.8,0.1344,HB,surge,2025-04-28,True,1.3474,0.8348,B,B,False
SKU-04512,Premium Probiotic 50B,Health & Beauty,Wellness & Supplements,034215498746,EA,48,1.9,5.8,5.3,6.2,0.1103,HB,surge,2023-07-25,True,2.3056,1.4284,B,B,False
SKU-04513,Pure Collagen Peptides,Health & Beauty,Wellness & Supplements,324532754897,EA,24,1.85,5.0,6.4,7.5,0.1389,HB,surge,2024-07-09,True,1.0905,0.6756,B,B,False
SKU-04514,Pure Magnesium,Health & Beauty,Wellness & Supplements,762881060657,EA,6,1.9,3.5,5.6,5.9,0.0669,HB,surge,2022-04-13,True,1.4134,0.8756,B,B,False
SKU-04515,Pure Probiotic 50B,Health & Beauty,Wellness & Supplements,381717038409,EA,24,1.36,3.5,5.8,7.3,0.0858,HB,surge,2023-12-28,True,2.3501,1.456,B,B,False
SKU-04516,Complete Multivitamin,Health & Beauty,Wellness & Supplements,900915417728,EA,24,1.59,5.7,3.5,8.6,0.0993,HB,surge,2024-09-24,True,1.8652,1.1555,B,B,False
SKU-04517,Premium Collagen Peptides,Health & Beauty,Wellness & Supplements,159568685167,EA,12,0.39,5.1,5.6,5.0,0.0826,HB,surge,2023-10-11,True,0.6877,0.4261,C,C,False
SKU-04518,Ultra Collagen Peptides,Health & Beauty,Wellness & Supplements,123006298682,EA,24,1.33,3.6,6.0,9.2,0.115,HB,surge,2022-08-04,True,0.7468,0.4627,C,C,False
SKU-04519,Essential Multivitamin,Health & Beauty,Wellness & Supplements,751857792516,EA,12,1.48,5.0,3.2,4.4,0.0407,HB,surge,2023-05-19,True,0.7115,0.4408,C,C,False
SKU-04520,Advanced Whey Protein,Health & Beauty,Wellness & Supplements,191821818795,EA,48,1.14,3.0,6.4,4.4,0.0489,HB,surge,2023-04-23,True,3.354,2.0779,A,B,True
SKU-04521,Pure Vitamin C Gummies,Health & Beauty,Wellness & Supplements,992716581958,EA,24,0.94,6.5,5.2,7.4,0.1447,HB,surge,2022-10-21,True,0.9255,0.5734,B,C,True
SKU-04522,Essential Vitamin C Gummies,Health & Beauty,Wellness & Supplements,069685412633,EA,24,0.72,6.5,6.5,7.6,0.1858,HB,surge,2023-09-02,True,1.2792,0.7925,B,B,False
SKU-04523,Premium Whey Protein,Health & Beauty,Wellness & Supplements,793280163547,EA,12,2.28,3.4,6.8,7.4,0.099,HB,surge,2023-06-18,True,7.0261,4.3529,A,A,False
SKU-04524,Daily Vitamin C Gummies,Health & Beauty,Wellness & Supplements,685365860233,EA,48,1.43,6.6,4.3,5.6,0.092,HB,surge,2025-04-04,True,3.5095,2.1742,A,B,True
SKU-04525,Ultra Collagen Peptides,Health & Beauty,Wellness & Supplements,389186549100,EA,48,0.91,4.3,3.1,8.9,0.0687,HB,surge,2023-04-06,True,1.0901,0.6754,B,B,False
SKU-04526,Essential Whey Protein,Health & Beauty,Wellness & Supplements,784116128543,EA,12,0.48,6.6,6.2,8.3,0.1965,HB,surge,2024-12-29,True,0.9804,0.6074,B,C,True
SKU-04527,Premium Vitamin C Gummies,Health & Beauty,Wellness & Supplements,914250352808,EA,6,1.92,4.2,3.5,9.3,0.0791,HB,surge,2023-01-02,True,0.7888,0.4887,B,C,True
SKU-04528,Essential Multivitamin,Health & Beauty,Wellness & Supplements,828600259897,EA,6,1.34,6.6,6.1,9.3,0.2167,HB,surge,2022-11-25,True,106.4899,65.9739,A,A,False
SKU-04529,Advanced Whey Protein,Health & Beauty,Wellness & Supplements,908397152066,EA,24,1.0,4.6,6.9,5.6,0.1029,HB,surge,2023-01-12,True,1.0415,0.6452,B,C,True
SKU-04530,Essential Multivitamin,Health & Beauty,Wellness & Supplements,830128797105,EA,24,1.63,3.7,3.8,6.4,0.0521,HB,surge,2024-01-05,True,0.7299,0.4522,C,C,False
SKU-04531,Premium Collagen Peptides,Health & Beauty,Wellness & Supplements,916705708362,EA,6,1.2,5.3,4.8,6.7,0.0986,HB,surge,2024-02-20,True,0.707,0.438,C,C,False
SKU-04532,Essential Probiotic 50B,Health & Beauty,Wellness & Supplements,936718442458,EA,12,0.56,5.4,5.3,7.6,0.1259,HB,surge,2023-06-13,True,0.9235,0.5721,B,C,True
SKU-04533,Complete Probiotic 50B,Health & Beauty,Wellness & Supplements,976694909927,EA,12,1.42,5.9,4.2,4.2,0.0602,HB,surge,2024-02-25,True,3.0951,1.9175,A,B,True
SKU-04534,Advanced Omega-3,Health & Beauty,Wellness & Supplements,795719937059,EA,6,0.74,5.2,3.1,6.7,0.0625,HB,surge,2022-08-13,True,1.0527,0.6522,B,C,True
SKU-04535,Essential Omega-3,Health & Beauty,Wellness & Supplements,895611919047,EA,6,1.54,3.9,6.0,4.1,0.0555,HB,surge,2024-12-23,True,0.8581,0.5316,B,C,True
SKU-04536,Premium Whey Protein,Health & Beauty,Wellness & Supplements,927293695442,EA,6,1.44,4.4,5.2,8.2,0.1086,HB,surge,2023-09-22,True,0.7174,0.4445,C,C,False
SKU-04537,Ultra Whey Protein,Health & Beauty,Wellness & Supplements,264622818088,EA,48,0.7,6.1,4.3,9.9,0.1503,HB,surge,2022-04-01,True,1.3337,0.8263,B,B,False
SKU-04538,Premium Omega-3,Health & Beauty,Wellness & Supplements,798995553662,EA,48,0.77,7.0,5.5,8.7,0.1938,HB,surge,2024-02-22,True,87.3764,54.1324,A,A,False
SKU-04539,Advanced Multivitamin,Health & Beauty,Wellness & Supplements,455159677043,EA,24,2.12,3.4,4.8,5.9,0.0557,HB,surge,2025-04-01,True,0.8769,0.5433,B,C,True
SKU-04540,Ultra Probiotic 50B,Health & Beauty,Wellness & Supplements,624349189046,EA,12,0.57,4.7,4.3,7.1,0.083,HB,surge,2024-12-06,True,0.7415,0.4593,C,C,False
SKU-04541,Essential Omega-3,Health & Beauty,Wellness & Supplements,481107311046,EA,12,2.04,6.3,5.6,8.0,0.1633,HB,surge,2024-07-07,True,2.2824,1.414,B,B,False
SKU-04542,Pure Probiotic 50B,Health & Beauty,Wellness & Supplements,242219203514,EA,48,0.4,3.3,6.9,5.3,0.0698,HB,surge,2023-03-04,True,26.8321,16.6233,A,A,False
SKU-04543,Daily Whey Protein,Health & Beauty,Wellness & Supplements,041862787050,EA,24,2.28,3.0,3.1,6.3,0.0339,HB,surge,2023-01-01,True,1.4294,0.8856,B,B,False
SKU-04544,Pure Whey Protein,Health & Beauty,Wellness & Supplements,086160687135,EA,6,1.98,3.4,7.0,4.5,0.062,HB,surge,2022-09-27,True,0.7076,0.4384,C,C,False
SKU-04545,Ultra Magnesium,Health & Beauty,Wellness & Supplements,804234535714,EA,24,0.64,6.0,5.1,5.5,0.0974,HB,surge,2024-03-03,True,0.9487,0.5877,B,C,True
SKU-04546,Pure Omega-3,Health & Beauty,Wellness & Supplements,097854069125,EA,24,2.09,4.9,6.9,7.4,0.1448,HB,surge,2024-01-11,True,1.1176,0.6924,B,B,False
SKU-04547,Premium Multivitamin,Health & Beauty,Wellness & Supplements,571941443529,EA,12,1.36,3.7,6.5,4.5,0.0626,HB,surge,2022-08-13,True,2.1858,1.3542,B,B,False
SKU-04548,Daily Whey Protein,Health & Beauty,Wellness & Supplements,650731678032,EA,24,1.21,6.9,4.3,6.0,0.103,HB,surge,2022-04-07,True,2.91,1.8029,A,B,True
SKU-04549,Essential Vitamin C Gummies,Health & Beauty,Wellness & Supplements,715409320017,EA,12,1.74,4.9,5.9,6.6,0.1104,HB,surge,2023-12-07,True,0.7261,0.4499,C,C,False
SKU-04550,Complete Collagen Peptides,Health & Beauty,Wellness & Supplements,425544817575,EA,24,1.04,5.0,6.7,5.5,0.1066,HB,surge,2023-06-13,True,0.7404,0.4587,C,C,False
SKU-04551,Advanced Probiotic 50B,Health & Beauty,Wellness & Supplements,165326833877,EA,24,1.21,4.2,4.3,9.0,0.0941,HB,surge,2025-01-23,True,2.441,1.5123,B,B,False
SKU-04552,Premium Probiotic 50B,Health & Beauty,Wellness & Supplements,011674703040,EA,24,0.42,3.1,3.1,7.0,0.0389,HB,surge,2023-09-05,True,1.0002,0.6197,B,C,True
SKU-04553,Ultra Collagen Peptides,Health & Beauty,Wellness & Supplements,142463805756,EA,24,1.59,4.4,3.3,9.6,0.0807,HB,surge,2024-11-10,True,3.7571,2.3276,A,B,True
SKU-04554,Advanced Omega-3,Health & Beauty,Wellness & Supplements,843832257319,EA,6,0.89,5.2,4.5,10.0,0.1354,HB,surge,2023-08-16,True,1.7795,1.1024,B,B,False
SKU-04555,Complete Omega-3,Health & Beauty,Wellness & Supplements,829704554356,EA,48,1.74,3.3,5.0,7.5,0.0716,HB,surge,2025-01-21,True,3.7654,2.3328,A,B,True
SKU-04556,Daily Magnesium,Health & Beauty,Wellness & Supplements,083210079952,EA,48,1.41,6.6,3.9,9.2,0.137,HB,surge,2022-06-18,True,1.0179,0.6306,B,C,True
SKU-04557,Premium Multivitamin,Health & Beauty,Wellness & Supplements,271133795267,EA,6,0.76,4.4,6.5,5.8,0.096,HB,surge,2022-06-11,True,3.264,2.0222,A,B,True
SKU-04558,Complete Multivitamin,Health & Beauty,Wellness & Supplements,464436570287,EA,24,2.03,6.8,6.8,4.7,0.1258,HB,surge,2024-01-29,True,7.9248,4.9097,A,A,False
SKU-04559,Advanced Omega-3,Health & Beauty,Wellness & Supplements,759827885779,EA,12,1.74,4.7,4.4,8.2,0.0981,HB,surge,2024-11-19,True,0.7462,0.4623,C,C,False
SKU-04560,Pure Probiotic 50B,Health & Beauty,Wellness & Supplements,673516111912,EA,48,1.71,3.3,5.0,9.2,0.0878,HB,surge,2024-11-07,True,1.4979,0.928,B,B,False
SKU-04561,Daily Multivitamin,Health & Beauty,Wellness & Supplements,932030501561,EA,24,0.61,6.7,4.8,7.2,0.134,HB,surge,2024-02-06,True,0.6905,0.4278,C,C,False
SKU-04562,Complete Omega-3,Health & Beauty,Wellness & Supplements,643119192151,EA,12,1.31,5.1,6.6,4.3,0.0838,HB,surge,2025-01-13,True,1.6227,1.0053,B,B,False
SKU-04563,Daily Whey Protein,Health & Beauty,Wellness & Supplements,114312441833,EA,24,0.52,3.6,3.6,5.0,0.0375,HB,surge,2024-06-20,True,28.3973,17.593,A,A,False
SKU-04564,Premium Collagen Peptides,Health & Beauty,Wellness & Supplements,421597255833,EA,12,2.31,4.3,3.5,7.7,0.0671,HB,surge,2024-11-05,True,0.8937,0.5537,B,C,True
SKU-04565,Pure Multivitamin,Health & Beauty,Wellness & Supplements,630982090096,EA,24,1.17,4.6,5.9,8.1,0.1272,HB,surge,2023-05-27,True,2.5679,1.5909,B,B,False
SKU-04566,Daily Omega-3,Health & Beauty,Wellness & Supplements,182115374332,EA,24,1.59,6.1,5.4,7.7,0.1468,HB,surge,2024-12-22,True,2.1609,1.3387,B,B,False
SKU-04567,Advanced Omega-3,Health & Beauty,Wellness & Supplements,844279677142,EA,12,0.88,5.7,5.5,5.0,0.0907,HB,surge,2022-08-27,True,1.0808,0.6696,B,B,False
SKU-04568,Premium Magnesium,Health & Beauty,Wellness & Supplements,996811762872,EA,24,1.53,4.4,5.4,6.3,0.0866,HB,surge,2022-08-06,True,0.9123,0.5652,B,C,True
SKU-04569,Pure Probiotic 50B,Health & Beauty,Wellness & Supplements,927546479216,EA,48,1.22,4.2,6.9,8.1,0.1358,HB,surge,2022-09-03,True,0.7627,0.4725,C,C,False
SKU-04570,Essential Magnesium,Health & Beauty,Wellness & Supplements,377369086802,EA,12,2.07,4.2,6.9,4.1,0.0688,HB,surge,2022-11-02,True,0.8958,0.555,B,C,True
SKU-04571,Ultra Vitamin C Gummies,Health & Beauty,Wellness & Supplements,462125913049,EA,6,1.03,4.8,6.6,8.3,0.1522,HB,surge,2023-06-28,True,3.005,1.8617,A,B,True
SKU-04572,Daily Collagen Peptides,Health & Beauty,Wellness & Supplements,583151626791,EA,48,0.31,4.9,4.1,4.9,0.057,HB,surge,2024-05-11,True,1.8252,1.1308,B,B,False
SKU-04573,Premium Vitamin C Gummies,Health & Beauty,Wellness & Supplements,052870117024,EA,12,2.29,5.3,3.7,9.2,0.1044,HB,surge,2024-02-23,True,1.118,0.6926,B,B,False
SKU-04574,Essential Vitamin C Gummies,Health & Beauty,Wellness & Supplements,316508997184,EA,48,1.22,4.5,4.7,6.3,0.0771,HB,surge,2024-08-12,True,1.1206,0.6942,B,B,False
SKU-04575,Complete Probiotic 50B,Health & Beauty,Wellness & Supplements,536395663741,EA,12,1.55,4.4,6.5,9.6,0.1589,HB,surge,2025-03-23,True,0.6911,0.4281,C,C,False
SKU-04576,Daily Omega-3,Health & Beauty,Wellness & Supplements,910167541072,EA,48,1.79,4.9,5.7,5.8,0.0937,HB,surge,2022-08-18,True,3.68,2.2799,A,B,True
SKU-04577,Advanced Multivitamin,Health & Beauty,Wellness & Supplements,296386945606,EA,24,1.36,6.4,6.8,4.4,0.1108,HB,surge,2024-12-17,True,0.783,0.4851,B,C,True
SKU-04578,Complete Omega-3,Health & Beauty,Wellness & Supplements,267280197436,EA,24,1.25,3.8,3.5,7.6,0.0585,HB,surge,2025-02-22,True,0.9624,0.5962,B,C,True
SKU-04579,Advanced Magnesium,Health & Beauty,Wellness & Supplements,219146460585,EA,48,1.66,6.1,3.2,7.1,0.0802,HB,surge,2023-11-19,True,0.8851,0.5484,B,C,True
SKU-04580,Essential Collagen Peptides,Health & Beauty,Wellness & Supplements,098283359767,EA,48,1.36,4.3,4.0,5.6,0.0557,HB,surge,2023-01-28,True,3.3214,2.0577,A,B,True
SKU-04581,Complete Whey Protein,Health & Beauty,Wellness & Supplements,697873518656,EA,24,0.97,3.7,6.3,9.2,0.1241,HB,surge,2024-08-04,True,0.7465,0.4625,C,C,False
SKU-04582,Complete Multivitamin,Health & Beauty,Wellness & Supplements,237207572248,EA,24,1.66,7.0,3.7,6.3,0.0944,HB,surge,2024-01-09,True,4.5255,2.8037,A,A,False
SKU-04583,Premium Omega-3,Health & Beauty,Wellness & Supplements,150688772970,EA,24,1.51,5.7,6.5,5.4,0.1158,HB,surge,2024-01-10,True,1.1961,0.741,B,B,False
SKU-04584,Ultra Omega-3,Health & Beauty,Wellness & Supplements,109660601758,EA,12,0.97,5.0,6.2,7.0,0.1256,HB,surge,2024-05-14,True,1.5901,0.9851,B,B,False
SKU-04585,Advanced Probiotic 50B,Health & Beauty,Wellness & Supplements,602837326261,EA,24,1.55,5.2,3.2,7.3,0.0703,HB,surge,2022-05-03,True,2.3714,1.4691,B,B,False
SKU-04586,Complete Collagen Peptides,Health & Beauty,Wellness & Supplements,957264641332,EA,6,2.16,6.4,4.9,8.9,0.1615,HB,surge,2024-02-11,True,1.2054,0.7468,B,B,False
SKU-04587,Premium Magnesium,Health & Beauty,Wellness & Supplements,556379243332,EA,12,1.62,3.8,3.6,8.1,0.0641,HB,surge,2024-05-08,True,1.4029,0.8691,B,B,False
SKU-04588,Ultra Vitamin C Gummies,Health & Beauty,Wellness & Supplements,229167082458,EA,48,0.9,6.5,6.6,6.5,0.1614,HB,surge,2024-08-05,True,0.7563,0.4685,C,C,False
SKU-04589,Essential Magnesium,Health & Beauty,Wellness & Supplements,964720424685,EA,24,1.64,3.3,5.3,7.8,0.0789,HB,surge,2022-05-07,True,1.8806,1.1651,B,B,False
SKU-04590,Advanced Omega-3,Health & Beauty,Wellness & Supplements,009301027805,EA,24,2.03,4.9,5.1,8.0,0.1157,HB,surge,2022-08-19,True,0.7947,0.4923,B,C,True
SKU-04591,Advanced Whey Protein,Health & Beauty,Wellness & Supplements,029743139997,EA,24,2.26,6.2,6.0,5.0,0.1076,HB,surge,2025-01-17,True,1.5976,0.9898,B,B,False
SKU-04592,Ultra Vitamin C Gummies,Health & Beauty,Wellness & Supplements,303716241785,EA,12,1.89,6.2,6.7,8.1,0.1947,HB,surge,2022-05-27,True,1.3443,0.8328,B,B,False
SKU-04593,Premium Omega-3,Health & Beauty,Wellness & Supplements,133245000781,EA,48,2.35,3.9,4.8,5.2,0.0563,HB,surge,2024-07-05,True,1.4771,0.9151,B,B,False
SKU-04594,Daily Omega-3,Health & Beauty,Wellness & Supplements,148950914814,EA,24,0.68,4.4,3.3,9.2,0.0773,HB,surge,2025-03-13,True,0.9807,0.6075,B,C,True
SKU-04595,Ultra Collagen Peptides,Health & Beauty,Wellness & Supplements,080637040615,EA,12,0.4,6.6,4.0,6.5,0.0993,HB,surge,2024-11-03,True,2.0296,1.2574,B,B,False
SKU-04596,Complete Probiotic 50B,Health & Beauty,Wellness & Supplements,844626347062,EA,6,1.56,6.7,4.4,7.0,0.1194,HB,surge,2024-05-19,True,0.7801,0.4833,B,C,True
SKU-04597,Advanced Whey Protein,Health & Beauty,Wellness & Supplements,745786477267,EA,12,1.91,4.6,4.5,6.7,0.0803,HB,surge,2024-06-09,True,1.2782,0.7919,B,B,False
SKU-04598,Pure Magnesium,Health & Beauty,Wellness & Supplements,507652186323,EA,12,0.3,5.6,3.0,4.6,0.0447,HB,surge,2023-09-27,True,5.3834,3.3352,A,A,False
SKU-04599,Complete Multivitamin,Health & Beauty,Wellness & Supplements,951975727710,EA,48,2.01,5.8,3.8,8.6,0.1097,HB,surge,2023-01-25,True,0.6966,0.4316,C,C,False
SKU-04600,Advanced Probiotic 50B,Health & Beauty,Wellness & Supplements,901467010118,EA,24,1.49,3.7,3.1,4.3,0.0285,HB,surge,2024-08-28,True,1.5998,0.9912,B,B,False
SKU-04601,Complete Collagen Peptides,Health & Beauty,Wellness & Supplements,312303910396,EA,24,2.12,3.4,6.3,8.4,0.1041,HB,surge,2023-01-18,True,0.7934,0.4915,B,C,True
SKU-04602,Premium Probiotic 50B,Health & Beauty,Wellness & Supplements,818390500369,EA,6,0.75,5.9,4.1,4.3,0.0602,HB,surge,2023-05-09,True,0.8108,0.5023,B,C,True
SKU-04603,Essential Collagen Peptides,Health & Beauty,Wellness & Supplements,525194126717,EA,48,2.36,3.1,6.5,4.8,0.056,HB,surge,2024-06-16,True,0.8504,0.5269,B,C,True
SKU-04604,Premium Whey Protein,Health & Beauty,Wellness & Supplements,121031335818,EA,24,2.06,3.7,3.2,5.0,0.0343,HB,surge,2022-03-16,True,11.1,6.8768,A,A,False
SKU-04605,Premium Whey Protein,Health & Beauty,Wellness & Supplements,923789836921,EA,24,0.52,3.0,5.3,7.6,0.0699,HB,surge,2023-11-12,True,4.7003,2.912,A,A,False
SKU-04606,Complete Whey Protein,Health & Beauty,Wellness & Supplements,318456730529,EA,48,0.73,5.3,3.3,7.0,0.0709,HB,surge,2022-08-01,True,2.7863,1.7262,A,B,True
SKU-04607,Complete Whey Protein,Health & Beauty,Wellness & Supplements,196209848765,EA,6,2.49,3.7,5.0,8.7,0.0931,HB,surge,2024-06-07,True,1.9584,1.2133,B,B,False
SKU-04608,Daily Probiotic 50B,Health & Beauty,Wellness & Supplements,846615511244,EA,12,0.54,3.6,5.6,7.3,0.0852,HB,surge,2024-02-11,True,179.3515,111.1139,A,A,False
SKU-04609,Daily Magnesium,Health & Beauty,Wellness & Supplements,173144699889,EA,24,2.29,6.8,5.1,5.6,0.1124,HB,surge,2025-01-27,True,1.6399,1.016,B,B,False
SKU-04610,Complete Multivitamin,Health & Beauty,Wellness & Supplements,336844020987,EA,12,1.32,6.1,3.6,8.6,0.1093,HB,surge,2023-11-27,True,1.2986,0.8046,B,B,False
SKU-04611,Pure Vitamin C Gummies,Health & Beauty,Wellness & Supplements,884586499207,EA,6,2.41,5.4,5.3,6.2,0.1027,HB,surge,2022-10-16,True,0.6956,0.4309,C,C,False
SKU-04612,Ultra Omega-3,Health & Beauty,Wellness & Supplements,017080636665,EA,48,0.44,5.9,6.3,7.2,0.1549,HB,surge,2023-10-03,True,0.809,0.5012,B,C,True
SKU-04613,Pure Vitamin C Gummies,Health & Beauty,Wellness & Supplements,178229689986,EA,48,1.22,5.7,6.5,9.0,0.193,HB,surge,2024-04-27,True,0.7771,0.4815,B,C,True
SKU-04614,Ultra Probiotic 50B,Health & Beauty,Wellness & Supplements,397484266210,EA,12,1.29,4.3,4.4,6.6,0.0723,HB,surge,2023-01-19,True,1.4694,0.9104,B,B,False
SKU-04615,Premium Vitamin C Gummies,Health & Beauty,Wellness & Supplements,223589521465,EA,6,1.03,3.9,5.1,5.0,0.0576,HB,surge,2023-02-07,True,0.8332,0.5162,B,C,True
SKU-04616,Ultra Probiotic 50B,Health & Beauty,Wellness & Supplements,288218461564,EA,24,1.45,5.9,6.5,5.7,0.1265,HB,surge,2023-08-22,True,0.8487,0.5258,B,C,True
SKU-04617,Ultra Omega-3,Health & Beauty,Wellness & Supplements,338318232529,EA,12,0.82,5.0,5.4,6.3,0.0984,HB,surge,2025-04-16,True,0.7035,0.4358,C,C,False
SKU-04618,Daily Magnesium,Health & Beauty,Wellness & Supplements,404557948832,EA,24,0.78,6.7,5.9,6.3,0.1441,HB,surge,2023-10-20,True,0.7266,0.4501,C,C,False
SKU-04619,Pure Whey Protein,Health & Beauty,Wellness & Supplements,562333606579,EA,12,0.5,5.1,6.4,4.9,0.0926,HB,surge,2024-12-01,True,0.8942,0.554,B,C,True
SKU-04620,Advanced Whey Protein,Health & Beauty,Wellness & Supplements,098636509448,EA,24,0.82,3.9,5.2,5.1,0.0599,HB,surge,2023-10-06,True,0.8812,0.5459,B,C,True
SKU-04621,Essential Multivitamin,Health & Beauty,Wellness & Supplements,085295267461,EA,12,1.92,5.7,6.7,6.2,0.137,HB,surge,2023-12-30,True,0.728,0.451,C,C,False
SKU-04622,Complete Magnesium,Health & Beauty,Wellness & Supplements,935016433548,EA,12,0.73,4.9,3.1,6.9,0.0607,HB,surge,2022-08-14,True,0.7269,0.4503,C,C,False
SKU-04623,Pure Magnesium,Health & Beauty,Wellness & Supplements,522169304361,EA,24,1.41,4.9,5.1,6.3,0.0911,HB,surge,2025-03-12,True,8.8282,5.4693,A,A,False
SKU-04624,Ultra Whey Protein,Health & Beauty,Wellness & Supplements,867865525884,EA,12,0.68,4.8,5.2,9.4,0.1358,HB,surge,2022-12-01,True,2.5149,1.5581,B,B,False
SKU-04625,Pure Multivitamin,Health & Beauty,Wellness & Supplements,562808680828,EA,12,0.31,4.8,4.4,5.8,0.0709,HB,surge,2023-03-02,True,1.3126,0.8132,B,B,False
SKU-04626,Daily Multivitamin,Health & Beauty,Wellness & Supplements,523408964134,EA,12,1.97,3.9,6.8,7.0,0.1074,HB,surge,2022-12-20,True,0.7912,0.4902,B,C,True
SKU-04627,Premium Magnesium,Health & Beauty,Wellness & Supplements,928304863999,EA,24,1.83,3.8,6.0,8.0,0.1056,HB,surge,2023-03-07,True,1.4569,0.9026,B,B,False
SKU-04628,Essential Multivitamin,Health & Beauty,Wellness & Supplements,960981833593,EA,24,1.21,3.3,5.4,6.9,0.0712,HB,surge,2024-10-28,True,0.9313,0.577,B,C,True
SKU-04629,Premium Probiotic 50B,Health & Beauty,Wellness & Supplements,441128610229,EA,12,1.62,3.2,4.5,9.8,0.0817,HB,surge,2022-11-27,True,1.5343,0.9505,B,B,False
SKU-04630,Daily Magnesium,Health & Beauty,Wellness & Supplements,755651627005,EA,24,1.01,5.6,5.0,9.4,0.1523,HB,surge,2023-08-02,True,1.3348,0.8269,B,B,False
SKU-04631,Premium Probiotic 50B,Health & Beauty,Wellness & Supplements,482875094664,EA,6,0.98,3.9,4.8,4.6,0.0498,HB,surge,2023-06-20,True,1.184,0.7336,B,B,False
SKU-04632,Complete Collagen Peptides,Health & Beauty,Wellness & Supplements,880184449192,EA,48,0.49,3.9,5.2,4.7,0.0552,HB,surge,2023-11-02,True,0.9476,0.5871,B,C,True
SKU-04633,Premium Magnesium,Health & Beauty,Wellness & Supplements,486853269924,EA,24,0.53,3.7,3.1,7.0,0.0465,HB,surge,2022-06-17,True,3.4808,2.1564,A,B,True
SKU-04634,Daily Multivitamin,Health & Beauty,Wellness & Supplements,113052302124,EA,12,2.01,3.7,4.8,9.6,0.0987,HB,surge,2022-12-09,True,1.2849,0.7961,B,B,False
SKU-04635,Essential Probiotic 50B,Health & Beauty,Wellness & Supplements,497530917569,EA,12,0.77,6.4,7.0,6.8,0.1763,HB,surge,2025-01-26,True,1.4378,0.8908,B,B,False
SKU-04636,Essential Probiotic 50B,Health & Beauty,Wellness & Supplements,318072620836,EA,6,1.56,6.2,6.9,9.4,0.2327,HB,surge,2022-05-15,True,0.72,0.4461,C,C,False
SKU-04637,Essential Collagen Peptides,Health & Beauty,Wellness & Supplements,576667786092,EA,24,1.22,4.6,4.1,6.6,0.072,HB,surge,2023-04-17,True,8.6053,5.3312,A,A,False
SKU-04638,Daily Collagen Peptides,Health & Beauty,Wellness & Supplements,186316011103,EA,24,1.28,3.5,3.3,9.7,0.0648,HB,surge,2024-06-26,True,0.7727,0.4787,B,C,True
SKU-04639,Advanced Probiotic 50B,Health & Beauty,Wellness & Supplements,603563426248,EA,48,2.45,3.1,5.2,9.1,0.0849,HB,surge,2023-11-25,True,7.9805,4.9442,A,A,False
SKU-04640,Advanced Probiotic 50B,Health & Beauty,Wellness & Supplements,093721405404,EA,24,0.4,4.6,6.3,8.1,0.1358,HB,surge,2023-08-20,True,0.8326,0.5158,B,C,True
SKU-04641,Essential Whey Protein,Health & Beauty,Wellness & Supplements,276476994194,EA,48,1.78,4.0,7.0,7.0,0.1134,HB,surge,2023-02-26,True,0.8605,0.5331,B,C,True
SKU-04642,Advanced Vitamin C Gummies,Health & Beauty,Wellness & Supplements,367006956222,EA,48,2.19,5.5,3.9,7.9,0.0981,HB,surge,2022-12-05,True,0.8756,0.5424,B,C,True
SKU-04643,Essential Collagen Peptides,Health & Beauty,Wellness & Supplements,519985521110,EA,24,0.44,4.1,5.8,5.3,0.0729,HB,surge,2022-12-26,True,5.461,3.3833,A,A,False
SKU-04644,Pure Vitamin C Gummies,Health & Beauty,Wellness & Supplements,882689636100,EA,24,1.09,3.8,6.6,8.2,0.119,HB,surge,2025-04-12,True,4.4256,2.7418,A,A,False
SKU-04645,Premium Collagen Peptides,Health & Beauty,Wellness & Supplements,667347496761,EA,12,2.18,5.5,3.2,4.6,0.0469,HB,surge,2023-04-22,True,1.1626,0.7203,B,B,False
SKU-04646,Premium Collagen Peptides,Health & Beauty,Wellness & Supplements,458462805871,EA,48,1.61,6.4,3.8,8.3,0.1168,HB,surge,2024-03-06,True,2.0516,1.271,B,B,False
SKU-04647,Daily Magnesium,Health & Beauty,Wellness & Supplements,256034051851,EA,24,1.39,4.3,5.6,6.0,0.0836,HB,surge,2024-04-20,True,2.4083,1.492,B,B,False
SKU-04648,Complete Probiotic 50B,Health & Beauty,Wellness & Supplements,833259272357,EA,48,0.87,3.6,4.5,9.5,0.0891,HB,surge,2023-05-05,True,1.3244,0.8205,B,B,False
SKU-04649,Essential Vitamin C Gummies,Health & Beauty,Wellness & Supplements,790691790404,EA,48,2.18,3.4,5.2,8.2,0.0839,HB,surge,2024-07-29,True,0.9104,0.564,B,C,True
SKU-04650,Daily Multivitamin,Health & Beauty,Wellness & Supplements,615791928979,EA,24,2.09,5.1,6.9,7.1,0.1446,HB,surge,2022-11-25,True,1.1666,0.7228,B,B,False
SKU-04651,Daily Vitamin C Gummies,Health & Beauty,Wellness & Supplements,544443154058,EA,12,0.76,6.0,5.4,6.7,0.1256,HB,surge,2022-07-07,True,2.1074,1.3056,B,B,False
SKU-04652,Ultra Multivitamin,Health & Beauty,Wellness & Supplements,888398810965,EA,24,1.16,6.8,6.1,9.1,0.2184,HB,surge,2023-03-01,True,0.6848,0.4243,C,C,False
SKU-04653,Ultra Multivitamin,Health & Beauty,Wellness & Supplements,047249389568,EA,24,0.97,3.1,3.7,4.9,0.0325,HB,surge,2023-07-07,True,0.7551,0.4678,C,C,False
SKU-04654,Advanced Vitamin C Gummies,Health & Beauty,Wellness & Supplements,774740808809,EA,24,2.32,6.0,5.9,5.6,0.1147,HB,surge,2023-06-14,True,0.8225,0.5096,B,C,True
SKU-04655,Daily Whey Protein,Health & Beauty,Wellness & Supplements,419315066924,EA,24,0.68,4.7,3.1,8.9,0.075,HB,surge,2024-10-10,True,0.8545,0.5294,B,C,True
SKU-04656,Daily Magnesium,Health & Beauty,Wellness & Supplements,748452692745,EA,24,0.54,5.6,3.5,7.9,0.0896,HB,surge,2024-01-12,True,1.1074,0.6861,B,B,False
SKU-04657,Ultra Whey Protein,Health & Beauty,Wellness & Supplements,806965511193,EA,48,1.09,4.6,6.4,6.5,0.1107,HB,surge,2023-06-05,True,2.2273,1.3798,B,B,False
SKU-04658,Complete Multivitamin,Health & Beauty,Wellness & Supplements,945751092207,EA,24,2.37,3.2,4.4,5.5,0.0448,HB,surge,2023-05-04,True,0.7431,0.4603,C,C,False
SKU-04659,Daily Omega-3,Health & Beauty,Wellness & Supplements,259780861886,EA,48,1.51,6.4,5.4,8.7,0.174,HB,surge,2022-10-07,True,1.7185,1.0646,B,B,False
SKU-04660,Complete Whey Protein,Health & Beauty,Wellness & Supplements,901172686949,EA,24,2.48,3.6,5.8,9.4,0.1136,HB,surge,2023-11-14,True,0.8424,0.5219,B,C,True
SKU-04661,Advanced Magnesium,Health & Beauty,Wellness & Supplements,153129286945,EA,6,1.77,3.4,6.9,9.7,0.1317,HB,surge,2024-04-09,True,1.0589,0.656,B,C,True
SKU-04662,Advanced Magnesium,Health & Beauty,Wellness & Supplements,066952052765,EA,24,1.13,5.0,6.6,4.8,0.0917,HB,surge,2023-09-12,True,0.886,0.5489,B,C,True
SKU-04663,Pure Probiotic 50B,Health & Beauty,Wellness & Supplements,916070173344,EA,24,1.99,3.7,5.9,9.5,0.12,HB,surge,2023-01-20,True,1.1451,0.7094,B,B,False
SKU-04664,Premium Magnesium,Health & Beauty,Wellness & Supplements,889544323726,EA,12,1.45,5.4,6.4,6.7,0.134,HB,surge,2022-10-19,True,18.7235,11.5998,A,A,False
SKU-04665,Ultra Collagen Peptides,Health & Beauty,Wellness & Supplements,935175624033,EA,12,1.5,6.5,4.1,8.4,0.1295,HB,surge,2022-04-04,True,5.0187,3.1092,A,A,False
SKU-04666,Complete Magnesium,Health & Beauty,Wellness & Supplements,826719842570,EA,6,2.27,6.9,3.1,4.9,0.0607,HB,surge,2023-05-16,True,0.8446,0.5232,B,C,True
SKU-04667,Essential Probiotic 50B,Health & Beauty,Wellness & Supplements,047308267225,EA,12,2.28,5.6,5.6,6.9,0.1252,HB,surge,2025-01-06,True,3.5313,2.1877,A,B,True
SKU-04668,Daily Whey Protein,Health & Beauty,Wellness & Supplements,391344989209,EA,6,0.4,3.5,6.5,5.5,0.0724,HB,surge,2023-04-18,True,1.3658,0.8462,B,B,False
SKU-04669,Advanced Collagen Peptides,Health & Beauty,Wellness & Supplements,589357608964,EA,24,0.44,6.8,4.1,5.4,0.0871,HB,surge,2024-10-25,True,0.7363,0.4562,C,C,False
SKU-04670,Daily Vitamin C Gummies,Health & Beauty,Wellness & Supplements,362205637420,EA,48,2.46,6.0,6.2,7.0,0.1507,HB,surge,2022-10-16,True,51.6315,31.9873,A,A,False
SKU-04671,Advanced Magnesium,Health & Beauty,Wellness & Supplements,138291980564,EA,48,0.78,4.9,5.6,4.2,0.0667,HB,surge,2024-12-17,True,1.3914,0.8621,B,B,False
SKU-04672,Essential Collagen Peptides,Health & Beauty,Wellness & Supplements,769040375201,EA,12,1.43,4.1,3.5,7.2,0.0598,HB,surge,2022-04-22,True,0.8961,0.5551,B,C,True
SKU-04673,Advanced Vitamin C Gummies,Health & Beauty,Wellness & Supplements,243532628922,EA,48,0.7,5.7,6.3,6.0,0.1247,HB,surge,2022-10-14,True,1.4402,0.8923,B,B,False
SKU-04674,Ultra Collagen Peptides,Health & Beauty,Wellness & Supplements,854408383281,EA,24,1.48,5.6,4.8,7.5,0.1167,HB,surge,2022-10-15,True,2.2673,1.4046,B,B,False
SKU-04675,Essential Probiotic 50B,Health & Beauty,Wellness & Supplements,512007930943,EA,24,0.77,6.5,3.4,4.5,0.0576,HB,surge,2023-02-19,True,1.855,1.1492,B,B,False
SKU-04676,Advanced Whey Protein,Health & Beauty,Wellness & Supplements,851384506309,EA,12,1.8,4.3,6.6,6.4,0.1051,HB,surge,2022-09-22,True,0.7724,0.4785,B,C,True
SKU-04677,Complete Omega-3,Health & Beauty,Wellness & Supplements,357974754470,EA,48,2.24,5.9,5.6,9.4,0.1797,HB,surge,2024-10-01,True,1.0142,0.6283,B,C,True
SKU-04678,Premium Collagen Peptides,Health & Beauty,Wellness & Supplements,894722927860,EA,48,2.34,5.4,3.2,9.8,0.098,HB,surge,2024-08-17,True,0.7325,0.4538,C,C,False
SKU-04679,Daily Probiotic 50B,Health & Beauty,Wellness & Supplements,587942845689,EA,12,0.67,5.9,4.5,9.5,0.146,HB,surge,2024-04-13,True,0.8093,0.5013,B,C,True
SKU-04680,Complete Omega-3,Health & Beauty,Wellness & Supplements,148344716621,EA,24,1.02,5.5,5.7,5.1,0.0925,HB,surge,2025-04-22,True,0.7768,0.4812,B,C,True
SKU-04681,Essential Omega-3,Health & Beauty,Wellness & Supplements,150021965011,EA,24,1.39,3.2,5.7,7.6,0.0802,HB,surge,2022-12-10,True,2.2688,1.4056,B,B,False
SKU-04682,Complete Whey Protein,Health & Beauty,Wellness & Supplements,181701820426,EA,24,0.67,5.0,3.4,5.4,0.0531,HB,surge,2023-07-10,True,0.8261,0.5118,B,C,True
SKU-04683,Essential Magnesium,Health & Beauty,Wellness & Supplements,898272139151,EA,12,0.93,6.8,6.3,7.9,0.1959,HB,surge,2022-06-23,True,1.0166,0.6298,B,C,True
SKU-04684,Daily Whey Protein,Health & Beauty,Wellness & Supplements,701416761699,EA,6,2.19,5.2,5.6,5.4,0.091,HB,surge,2024-09-19,True,1.6953,1.0503,B,B,False
SKU-04685,Complete Magnesium,Health & Beauty,Wellness & Supplements,546954930264,EA,48,0.88,3.3,6.7,6.7,0.0857,HB,surge,2023-03-11,True,1.1336,0.7023,B,B,False
SKU-04686,Complete Vitamin C Gummies,Health & Beauty,Wellness & Supplements,189290736852,EA,48,2.31,3.8,5.8,4.0,0.051,HB,surge,2024-06-19,True,0.7556,0.4681,C,C,False
SKU-04687,Daily Omega-3,Health & Beauty,Wellness & Supplements,607404027443,EA,48,0.67,6.9,4.7,9.7,0.182,HB,surge,2024-08-06,True,4.746,2.9403,A,A,False
SKU-04688,Complete Multivitamin,Health & Beauty,Wellness & Supplements,788626628740,EA,24,1.1,5.5,4.9,6.5,0.1014,HB,surge,2024-09-14,True,3.1582,1.9566,A,B,True
SKU-04689,Ultra Whey Protein,Health & Beauty,Wellness & Supplements,618214805850,EA,12,1.21,6.6,3.1,6.7,0.0793,HB,surge,2023-07-07,True,1.0035,0.6217,B,C,True
SKU-04690,Daily Probiotic 50B,Health & Beauty,Wellness & Supplements,902082078820,EA,12,0.66,3.4,4.9,6.1,0.0588,HB,surge,2024-11-02,True,1.3625,0.8441,B,B,False
SKU-04691,Premium Multivitamin,Health & Beauty,Wellness & Supplements,152634862073,EA,6,1.05,5.6,4.1,5.3,0.0704,HB,surge,2023-06-08,True,1.2547,0.7773,B,B,False
SKU-04692,Essential Collagen Peptides,Health & Beauty,Wellness & Supplements,689248385598,EA,48,1.73,3.8,4.3,5.4,0.0511,HB,surge,2025-02-21,True,0.8456,0.5239,B,C,True
SKU-04693,Essential Probiotic 50B,Health & Beauty,Wellness & Supplements,340011047685,EA,6,0.58,4.6,5.8,9.8,0.1513,HB,surge,2022-07-31,True,1.3198,0.8176,B,B,False
SKU-04694,Complete Multivitamin,Health & Beauty,Wellness & Supplements,477524611956,EA,12,0.88,5.2,3.6,7.9,0.0856,HB,surge,2022-10-11,True,0.8311,0.5149,B,C,True
SKU-04695,Premium Vitamin C Gummies,Health & Beauty,Wellness & Supplements,442334936006,EA,24,0.35,4.0,4.9,7.2,0.0817,HB,surge,2022-12-01,True,1.3239,0.8202,B,B,False
SKU-04696,Complete Collagen Peptides,Health & Beauty,Wellness & Supplements,074512407371,EA,6,0.98,6.9,6.9,7.4,0.2039,HB,surge,2022-06-07,True,1.033,0.6399,B,C,True
SKU-04697,Complete Omega-3,Health & Beauty,Wellness & Supplements,076169253001,EA,24,2.44,5.1,5.3,9.6,0.1502,HB,surge,2022-11-01,True,1.8775,1.1632,B,B,False
SKU-04698,Daily Vitamin C Gummies,Health & Beauty,Wellness & Supplements,933560557976,EA,48,0.58,6.4,6.1,4.2,0.0949,HB,surge,2023-10-22,True,0.8154,0.5052,B,C,True
SKU-04699,Premium Probiotic 50B,Health & Beauty,Wellness & Supplements,701692153819,EA,12,2.21,6.9,6.6,4.2,0.1107,HB,surge,2024-04-26,True,1.1599,0.7186,B,B,False
SKU-04700,Pure Magnesium,Health & Beauty,Wellness & Supplements,902725183111,EA,24,2.17,5.0,5.6,4.8,0.0778,HB,surge,2025-03-09,True,0.7503,0.4648,C,C,False
SKU-04701,Ultra Vitamin C Gummies,Health & Beauty,Wellness & Supplements,103220797172,EA,12,1.73,5.5,4.7,4.8,0.0718,HB,surge,2022-10-30,True,1.3746,0.8516,B,B,False
SKU-04702,Premium Collagen Peptides,Health & Beauty,Wellness & Supplements,603147188217,EA,24,2.49,5.5,4.0,6.7,0.0853,HB,surge,2023-05-03,True,1.8281,1.1326,B,B,False
SKU-04703,Ultra Whey Protein,Health & Beauty,Wellness & Supplements,229116395141,EA,12,1.42,4.2,6.9,5.5,0.0922,HB,surge,2022-06-28,True,1.2492,0.7739,B,B,False
SKU-04704,Ultra Multivitamin,Health & Beauty,Wellness & Supplements,941225037435,EA,6,1.75,6.9,5.8,8.6,0.1992,HB,surge,2025-04-20,True,0.8391,0.5199,B,C,True
SKU-04705,Advanced Collagen Peptides,Health & Beauty,Wellness & Supplements,952350049487,EA,48,1.64,4.4,6.2,4.3,0.0679,HB,surge,2024-11-25,True,1.3869,0.8592,B,B,False
SKU-04706,Advanced Omega-3,Health & Beauty,Wellness & Supplements,902052632369,EA,12,2.13,3.2,5.1,7.9,0.0746,HB,surge,2024-11-07,True,0.7117,0.4409,C,C,False
SKU-04707,Essential Collagen Peptides,Health & Beauty,Wellness & Supplements,898225278708,EA,12,2.26,6.8,3.7,8.6,0.1252,HB,surge,2024-04-09,True,4.649,2.8802,A,A,False
SKU-04708,Ultra Omega-3,Health & Beauty,Wellness & Supplements,949408364679,EA,48,0.57,5.7,4.4,7.9,0.1147,HB,surge,2024-07-10,True,3.1465,1.9494,A,B,True
SKU-04709,Complete Collagen Peptides,Health & Beauty,Wellness & Supplements,691448839628,EA,12,1.81,4.4,5.4,8.9,0.1224,HB,surge,2023-03-12,True,1.6305,1.0101,B,B,False
SKU-04710,Pure Magnesium,Health & Beauty,Wellness & Supplements,267519345208,EA,24,1.85,6.4,4.0,8.5,0.1259,HB,surge,2024-10-17,True,48.6811,30.1595,A,A,False
SKU-04711,Advanced Omega-3,Health & Beauty,Wellness & Supplements,595460074748,EA,12,1.94,6.7,6.3,7.8,0.1905,HB,surge,2024-02-01,True,0.7373,0.4568,C,C,False
SKU-04712,Pure Magnesium,Health & Beauty,Wellness & Supplements,855122432418,EA,24,0.62,3.4,4.4,8.8,0.0762,HB,surge,2022-03-17,True,0.7114,0.4407,C,C,False
SKU-04713,Essential Omega-3,Health & Beauty,Wellness & Supplements,368373085634,EA,24,1.62,4.6,3.7,7.1,0.0699,HB,surge,2023-08-08,True,0.9126,0.5654,B,C,True
SKU-04714,Complete Multivitamin,Health & Beauty,Wellness & Supplements,921534852972,EA,6,1.41,3.7,6.5,4.5,0.0626,HB,surge,2024-11-26,True,0.8849,0.5482,B,C,True
SKU-04715,Pure Collagen Peptides,Health & Beauty,Wellness & Supplements,022617795376,EA,12,0.57,3.2,6.2,6.7,0.0769,HB,surge,2024-07-09,True,0.7936,0.4917,B,C,True
SKU-04716,Complete Whey Protein,Health & Beauty,Wellness & Supplements,064594671957,EA,6,2.2,6.6,5.5,8.0,0.1681,HB,surge,2024-05-24,True,1.7693,1.0961,B,B,False
SKU-04717,Complete Probiotic 50B,Health & Beauty,Wellness & Supplements,411550739960,EA,6,1.4,5.4,3.3,7.0,0.0722,HB,surge,2024-07-05,True,11.6701,7.23,A,A,False
SKU-04718,Essential Vitamin C Gummies,Health & Beauty,Wellness & Supplements,287112681064,EA,6,1.12,5.4,6.9,7.8,0.1682,HB,surge,2023-12-09,True,0.7886,0.4886,B,C,True
SKU-04719,Ultra Collagen Peptides,Health & Beauty,Wellness & Supplements,226194807375,EA,24,2.38,4.8,6.6,7.5,0.1375,HB,surge,2023-08-07,True,5.5955,3.4666,A,A,False
SKU-04720,Ultra Magnesium,Health & Beauty,Wellness & Supplements,167836427758,EA,24,1.28,6.9,3.6,10.0,0.1438,HB,surge,2022-12-24,True,2.6072,1.6153,B,B,False
SKU-04721,Essential Probiotic 50B,Health & Beauty,Wellness & Supplements,281658563439,EA,24,2.22,3.3,6.8,9.6,0.1247,HB,surge,2024-09-21,True,0.7806,0.4837,B,C,True
SKU-04722,Premium Vitamin C Gummies,Health & Beauty,Wellness & Supplements,569167435731,EA,6,2.17,4.8,4.2,7.0,0.0817,HB,surge,2025-03-17,True,1.2306,0.7624,B,B,False
SKU-04723,Essential Omega-3,Health & Beauty,Wellness & Supplements,475752594760,EA,6,0.66,3.7,6.0,7.0,0.0899,HB,surge,2023-07-22,True,1.8744,1.1613,B,B,False
SKU-04724,Ultra Probiotic 50B,Health & Beauty,Wellness & Supplements,837415476101,EA,24,1.21,4.8,4.5,7.0,0.0875,HB,surge,2023-10-17,True,1.0943,0.678,B,B,False
SKU-04725,Premium Probiotic 50B,Health & Beauty,Wellness & Supplements,968474650616,EA,6,1.34,5.3,5.5,5.6,0.0945,HB,surge,2022-09-23,True,0.9265,0.574,B,C,True
SKU-04726,Ultra Magnesium,Health & Beauty,Wellness & Supplements,988459099403,EA,6,1.4,6.8,6.8,6.0,0.1606,HB,surge,2023-03-11,True,0.921,0.5706,B,C,True
SKU-04727,Complete Multivitamin,Health & Beauty,Wellness & Supplements,331726660867,EA,24,1.11,5.6,4.7,7.0,0.1066,HB,surge,2023-10-03,True,2.925,1.8122,A,B,True
SKU-04728,Daily Multivitamin,Health & Beauty,Wellness & Supplements,377213167633,EA,12,0.86,4.5,5.2,5.4,0.0731,HB,surge,2022-12-19,True,2.2948,1.4217,B,B,False
SKU-04729,Pure Collagen Peptides,Health & Beauty,Wellness & Supplements,047777069452,EA,24,2.28,3.7,6.7,7.2,0.1033,HB,surge,2024-03-26,True,2.6601,1.6481,A,B,True
SKU-04730,Advanced Vitamin C Gummies,Health & Beauty,Wellness & Supplements,467617692880,EA,48,1.56,5.3,6.7,6.7,0.1377,HB,surge,2022-10-15,True,1.4047,0.8702,B,B,False
SKU-04731,Daily Collagen Peptides,Health & Beauty,Wellness & Supplements,153878718121,EA,6,2.5,3.2,5.4,7.6,0.076,HB,surge,2022-07-19,True,2.5993,1.6103,B,B,False
SKU-04732,Daily Whey Protein,Health & Beauty,Wellness & Supplements,122854948391,EA,24,0.52,5.6,5.7,5.3,0.0979,HB,surge,2023-12-25,True,1.257,0.7787,B,B,False
SKU-04733,Essential Whey Protein,Health & Beauty,Wellness & Supplements,221198151877,EA,12,0.89,4.2,3.8,7.8,0.072,HB,surge,2024-03-12,True,46.0497,28.5292,A,A,False
SKU-04734,Premium Magnesium,Health & Beauty,Wellness & Supplements,713942592575,EA,48,1.54,6.9,4.4,5.4,0.0949,HB,surge,2024-02-08,True,1.1556,0.7159,B,B,False
SKU-04735,Advanced Magnesium,Health & Beauty,Wellness & Supplements,759466744890,EA,48,1.17,4.3,5.9,8.4,0.1233,HB,surge,2022-06-30,True,0.8166,0.5059,B,C,True
SKU-04736,Pure Collagen Peptides,Health & Beauty,Wellness & Supplements,327453025258,EA,12,1.45,5.0,4.6,7.2,0.0958,HB,surge,2022-08-31,True,1.2957,0.8027,B,B,False
SKU-04737,Pure Vitamin C Gummies,Health & Beauty,Wellness & Supplements,272817770183,EA,24,1.37,3.9,4.8,9.6,0.104,HB,surge,2022-09-21,True,3.7283,2.3098,A,B,True
SKU-04738,Daily Vitamin C Gummies,Health & Beauty,Wellness & Supplements,115540211267,EA,24,0.69,3.3,6.4,8.7,0.1063,HB,surge,2024-05-30,True,2.4133,1.4952,B,B,False
SKU-04739,Essential Whey Protein,Health & Beauty,Wellness & Supplements,976993550030,EA,24,2.08,3.1,3.0,5.8,0.0312,HB,surge,2025-05-03,True,0.9745,0.6037,B,C,True
SKU-04740,Pure Whey Protein,Health & Beauty,Wellness & Supplements,586743517190,EA,6,0.51,6.5,5.6,9.4,0.198,HB,surge,2024-10-26,True,0.8575,0.5312,B,C,True
SKU-04741,Daily Multivitamin,Health & Beauty,Wellness & Supplements,343251551897,EA,48,0.34,5.8,4.6,7.2,0.1112,HB,surge,2022-05-28,True,0.8243,0.5107,B,C,True
SKU-04742,Ultra Omega-3,Health & Beauty,Wellness & Supplements,620805248414,EA,6,1.08,6.4,5.9,9.7,0.212,HB,surge,2022-07-30,True,1.5336,0.9501,B,B,False
SKU-04743,Daily Multivitamin,Health & Beauty,Wellness & Supplements,539630861422,EA,12,2.38,5.7,3.8,6.5,0.0815,HB,surge,2025-03-08,True,1.2351,0.7652,B,B,False
SKU-04744,Pure Collagen Peptides,Health & Beauty,Wellness & Supplements,407702134661,EA,12,0.42,6.6,5.3,7.3,0.1478,HB,surge,2022-11-01,True,1.4427,0.8938,B,B,False
SKU-04745,Daily Whey Protein,Health & Beauty,Wellness & Supplements,878338076392,EA,12,2.14,5.1,4.5,5.5,0.073,HB,surge,2024-03-29,True,7.5726,4.6915,A,A,False
SKU-04746,Pure Omega-3,Health & Beauty,Wellness & Supplements,323384996611,EA,24,1.05,6.8,5.5,7.9,0.171,HB,surge,2022-03-19,True,1.3909,0.8617,B,B,False
SKU-04747,Ultra Collagen Peptides,Health & Beauty,Wellness & Supplements,394890468763,EA,6,0.89,5.5,6.5,7.7,0.1593,HB,surge,2022-06-22,True,1.1276,0.6986,B,B,False
SKU-04748,Pure Multivitamin,Health & Beauty,Wellness & Supplements,626586414592,EA,12,2.06,4.5,3.9,5.3,0.0538,HB,surge,2022-06-21,True,1.2888,0.7985,B,B,False
SKU-04749,Advanced Omega-3,Health & Beauty,Wellness & Supplements,527840431673,EA,12,2.18,3.5,4.0,9.7,0.0786,HB,surge,2022-11-08,True,0.715,0.443,C,C,False
SKU-04750,Daily Collagen Peptides,Health & Beauty,Wellness & Supplements,876074342387,EA,24,2.46,5.1,4.9,8.2,0.1186,HB,surge,2022-07-19,True,3.3806,2.0944,A,B,True
SKU-04751,Complete Whey Protein,Health & Beauty,Wellness & Supplements,106564381713,EA,6,2.16,5.5,6.2,5.4,0.1066,HB,surge,2025-05-01,True,0.7675,0.4755,C,C,False
SKU-04752,Advanced Collagen Peptides,Health & Beauty,Wellness & Supplements,027797534060,EA,24,0.9,4.4,5.7,9.4,0.1364,HB,surge,2023-05-28,True,1.6937,1.0493,B,B,False
SKU-04753,Ultra Probiotic 50B,Health & Beauty,Wellness & Supplements,622038048893,EA,12,2.16,5.5,6.1,7.0,0.1359,HB,surge,2024-07-03,True,0.7451,0.4617,C,C,False
SKU-04754,Advanced Vitamin C Gummies,Health & Beauty,Wellness & Supplements,908595000476,EA,24,1.77,5.4,5.8,4.5,0.0816,HB,surge,2023-08-26,True,5.7659,3.5722,A,A,False
SKU-04755,Premium Whey Protein,Health & Beauty,Wellness & Supplements,709286305072,EA,48,0.71,6.7,3.1,5.6,0.0673,HB,surge,2025-04-19,True,4.5557,2.8224,A,A,False
SKU-04756,Complete Collagen Peptides,Health & Beauty,Wellness & Supplements,146065718093,EA,6,1.16,3.9,4.3,9.0,0.0873,HB,surge,2024-07-07,True,1.0088,0.625,B,C,True
SKU-04757,Premium Vitamin C Gummies,Health & Beauty,Wellness & Supplements,104836176425,EA,24,0.55,4.2,4.9,5.5,0.0655,HB,surge,2023-02-19,True,1.8184,1.1266,B,B,False
SKU-04758,Advanced Collagen Peptides,Health & Beauty,Wellness & Supplements,234175083543,EA,12,1.08,6.3,6.1,5.7,0.1268,HB,surge,2024-01-28,True,0.9223,0.5714,B,C,True
SKU-04759,Advanced Whey Protein,Health & Beauty,Wellness & Supplements,775696769937,EA,24,1.82,5.1,5.2,7.7,0.1182,HB,surge,2023-08-21,True,1.0723,0.6643,B,C,True
SKU-04760,Pure Probiotic 50B,Health & Beauty,Wellness & Supplements,697223749639,EA,24,2.28,6.6,4.4,8.8,0.1479,HB,surge,2024-05-29,True,0.8675,0.5375,B,C,True
SKU-04761,Pure Magnesium,Health & Beauty,Wellness & Supplements,158291837266,EA,12,1.96,6.1,5.8,7.5,0.1536,HB,surge,2022-08-27,True,1.1551,0.7156,B,B,False
SKU-04762,Advanced Multivitamin,Health & Beauty,Wellness & Supplements,010218247131,EA,24,0.65,5.6,3.5,6.3,0.0715,HB,surge,2022-09-07,True,1.9144,1.186,B,B,False
SKU-04763,Ultra Multivitamin,Health & Beauty,Wellness & Supplements,144748618472,EA,24,1.2,6.7,5.2,7.0,0.1411,HB,surge,2022-07-04,True,2.0455,1.2672,B,B,False
SKU-04764,Essential Collagen Peptides,Health & Beauty,Wellness & Supplements,999460076066,EA,24,1.92,4.2,4.6,6.5,0.0727,HB,surge,2023-09-29,True,1.3132,0.8136,B,B,False
SKU-04765,Daily Vitamin C Gummies,Health & Beauty,Wellness & Supplements,597446254540,EA,24,1.98,5.2,3.7,9.4,0.1047,HB,surge,2023-10-22,True,2.9326,1.8168,A,B,True
SKU-04766,Daily Magnesium,Health & Beauty,Wellness & Supplements,175190409468,EA,12,0.8,6.2,6.4,4.1,0.0941,HB,surge,2024-05-22,True,0.9875,0.6118,B,C,True
SKU-04767,Advanced Multivitamin,Health & Beauty,Wellness & Supplements,161524113643,EA,24,2.33,4.7,3.8,6.8,0.0703,HB,surge,2022-04-12,True,1.228,0.7608,B,B,False
SKU-04768,Premium Magnesium,Health & Beauty,Wellness & Supplements,710742542407,EA,48,1.18,3.9,6.4,5.3,0.0766,HB,surge,2023-07-20,True,57.7573,35.7824,A,A,False
SKU-04769,Complete Probiotic 50B,Health & Beauty,Wellness & Supplements,474834564401,EA,6,1.93,6.9,5.8,5.7,0.132,HB,surge,2023-01-20,True,1.3137,0.8139,B,B,False
SKU-04770,Ultra Magnesium,Health & Beauty,Wellness & Supplements,675996998161,EA,12,1.28,4.4,4.9,7.5,0.0936,HB,surge,2022-11-09,True,4.7928,2.9693,A,A,False
SKU-04771,Daily Omega-3,Health & Beauty,Wellness & Supplements,861204060673,EA,12,1.69,6.4,5.7,4.1,0.0866,HB,surge,2023-02-07,True,2.6133,1.619,B,B,False
SKU-04772,Advanced Collagen Peptides,Health & Beauty,Wellness & Supplements,745204406253,EA,6,2.38,3.9,3.5,4.8,0.0379,HB,surge,2022-05-25,True,1.214,0.7521,B,B,False
SKU-04773,Essential Collagen Peptides,Health & Beauty,Wellness & Supplements,945862715457,EA,6,0.95,3.2,4.2,9.6,0.0747,HB,surge,2022-09-06,True,0.7252,0.4493,C,C,False
SKU-04774,Essential Probiotic 50B,Health & Beauty,Wellness & Supplements,681457057110,EA,48,0.83,6.9,5.0,7.0,0.1398,HB,surge,2022-05-24,True,8.0181,4.9674,A,A,False
SKU-04775,Complete Vitamin C Gummies,Health & Beauty,Wellness & Supplements,421654038670,EA,12,2.21,6.9,5.7,7.9,0.1798,HB,surge,2023-10-10,True,63.1052,39.0956,A,A,False
SKU-04776,Pure Vitamin C Gummies,Health & Beauty,Wellness & Supplements,450160282144,EA,6,1.97,6.3,5.0,6.1,0.1112,HB,surge,2024-01-26,True,1.1,0.6815,B,B,False
SKU-04777,Ultra Magnesium,Health & Beauty,Wellness & Supplements,821311058069,EA,12,2.46,5.8,6.1,8.0,0.1638,HB,surge,2024-10-04,True,1.6713,1.0354,B,B,False
SKU-04778,Complete Probiotic 50B,Health & Beauty,Wellness & Supplements,592277476282,EA,24,0.77,4.9,4.3,5.0,0.061,HB,surge,2023-09-04,True,17.4753,10.8265,A,A,False
SKU-04779,Premium Omega-3,Health & Beauty,Wellness & Supplements,162493467939,EA,12,2.19,6.0,4.2,4.3,0.0627,HB,surge,2023-04-04,True,4.8063,2.9777,A,A,False
SKU-04780,Ultra Probiotic 50B,Health & Beauty,Wellness & Supplements,660819453342,EA,48,2.41,4.6,3.4,6.7,0.0606,HB,surge,2023-06-11,True,1.4913,0.9239,B,B,False
SKU-04781,Pure Vitamin C Gummies,Health & Beauty,Wellness & Supplements,106522789827,EA,12,1.82,5.5,3.8,6.7,0.081,HB,surge,2025-01-10,True,0.694,0.43,C,C,False
SKU-04782,Pure Multivitamin,Health & Beauty,Wellness & Supplements,336929996035,EA,24,1.28,3.7,3.2,6.4,0.0439,HB,surge,2025-04-30,True,43.1352,26.7236,A,A,False
SKU-04783,Complete Whey Protein,Health & Beauty,Wellness & Supplements,717352914830,EA,12,1.63,5.0,4.7,4.3,0.0585,HB,surge,2024-09-09,True,1.524,0.9442,B,B,False
SKU-04784,Essential Whey Protein,Health & Beauty,Wellness & Supplements,718668243155,EA,12,2.32,6.5,4.4,8.8,0.1456,HB,surge,2022-12-28,True,2.2994,1.4245,B,B,False
SKU-04785,Pure Multivitamin,Health & Beauty,Wellness & Supplements,221261833467,EA,24,2.2,4.5,4.1,8.1,0.0865,HB,surge,2025-01-15,True,0.7194,0.4457,C,C,False
SKU-04786,Ultra Multivitamin,Health & Beauty,Wellness & Supplements,785209687318,EA,48,1.24,5.6,5.2,8.7,0.1466,HB,surge,2023-09-27,True,4.63,2.8684,A,A,False
SKU-04787,Advanced Magnesium,Health & Beauty,Wellness & Supplements,371059812398,EA,48,2.08,6.0,6.8,5.3,0.1251,HB,surge,2023-11-10,True,1.1071,0.6859,B,B,False
SKU-04788,Ultra Omega-3,Health & Beauty,Wellness & Supplements,486447248907,EA,48,1.76,4.4,5.2,9.1,0.1205,HB,surge,2024-01-03,True,1.2997,0.8052,B,B,False
SKU-04789,Daily Multivitamin,Health & Beauty,Wellness & Supplements,617487166252,EA,24,1.4,3.7,6.8,5.5,0.0801,HB,surge,2024-08-19,True,1.4606,0.9049,B,B,False
SKU-04790,Complete Vitamin C Gummies,Health & Beauty,Wellness & Supplements,437358665000,EA,12,1.63,6.8,6.6,7.0,0.1818,HB,surge,2023-11-05,True,0.8007,0.496,B,C,True
SKU-04791,Daily Probiotic 50B,Health & Beauty,Wellness & Supplements,780351322660,EA,24,1.47,6.8,3.6,8.8,0.1247,HB,surge,2022-07-20,True,0.805,0.4987,B,C,True
SKU-04792,Ultra Omega-3,Health & Beauty,Wellness & Supplements,974550226445,EA,48,1.96,6.2,6.0,4.8,0.1033,HB,surge,2024-10-22,True,1.3485,0.8354,B,B,False
SKU-04793,Daily Vitamin C Gummies,Health & Beauty,Wellness & Supplements,342499349252,EA,24,1.46,6.8,4.4,4.9,0.0848,HB,surge,2025-04-11,True,4.7329,2.9322,A,A,False
SKU-04794,Pure Omega-3,Health & Beauty,Wellness & Supplements,779251349305,EA,12,1.93,4.1,6.2,7.3,0.1074,HB,surge,2022-12-28,True,1.4563,0.9022,B,B,False
SKU-04795,Pure Omega-3,Health & Beauty,Wellness & Supplements,299220191087,EA,24,2.3,5.4,3.9,5.8,0.0707,HB,surge,2024-12-02,True,2.0199,1.2514,B,B,False
SKU-04796,Complete Collagen Peptides,Health & Beauty,Wellness & Supplements,037755441495,EA,24,1.77,3.7,6.6,4.3,0.0608,HB,surge,2022-03-14,True,0.8515,0.5275,B,C,True
SKU-04797,Premium Multivitamin,Health & Beauty,Wellness & Supplements,392253205657,EA,24,1.78,4.9,4.3,7.0,0.0854,HB,surge,2023-05-13,True,0.7038,0.436,C,C,False
SKU-04798,Pure Magnesium,Health & Beauty,Wellness & Supplements,208597843407,EA,48,2.09,6.1,6.9,6.7,0.1632,HB,surge,2025-05-02,True,1.5879,0.9838,B,B,False
SKU-04799,Advanced Omega-3,Health & Beauty,Wellness & Supplements,313494740735,EA,12,1.75,5.8,6.9,8.4,0.1945,HB,surge,2023-01-17,True,1.0726,0.6645,B,C,True
SKU-04800,Daily Probiotic 50B,Health & Beauty,Wellness & Supplements,207108092960,EA,24,1.94,5.8,6.0,5.3,0.1067,HB,surge,2022-03-14,True,3.6445,2.2579,A,B,True
SKU-04801,Ultra Vitamin C Gummies,Health & Beauty,Wellness & Supplements,448945237121,EA,12,2.25,3.8,5.2,9.9,0.1132,HB,surge,2023-02-15,True,1.0702,0.6631,B,C,True
SKU-04802,Pure Probiotic 50B,Health & Beauty,Wellness & Supplements,231969286331,EA,24,1.02,4.6,6.7,5.2,0.0927,HB,surge,2022-11-10,True,1.007,0.6239,B,C,True
SKU-04803,Ultra Probiotic 50B,Health & Beauty,Wellness & Supplements,972881722438,EA,12,2.15,5.9,4.3,7.9,0.116,HB,surge,2022-07-11,True,2.5641,1.5885,B,B,False
SKU-04804,Premium Whey Protein,Health & Beauty,Wellness & Supplements,075458455820,EA,48,0.91,5.0,5.4,5.0,0.0781,HB,surge,2023-12-25,True,1.7333,1.0738,B,B,False
SKU-04805,Ultra Multivitamin,Health & Beauty,Wellness & Supplements,246802129177,EA,24,1.22,3.8,5.2,8.5,0.0972,HB,surge,2024-11-29,True,1.4953,0.9264,B,B,False
SKU-04806,Ultra Collagen Peptides,Health & Beauty,Wellness & Supplements,448794806601,EA,48,0.63,3.0,4.6,6.6,0.0527,HB,surge,2025-04-22,True,1.6494,1.0219,B,B,False
SKU-04807,Daily Probiotic 50B,Health & Beauty,Wellness & Supplements,289346857723,EA,48,2.01,4.0,6.0,7.9,0.1097,HB,surge,2023-06-20,True,13.9659,8.6523,A,A,False
SKU-04808,Complete Omega-3,Health & Beauty,Wellness & Supplements,263657708266,EA,24,1.49,3.2,3.1,9.4,0.054,HB,surge,2023-02-01,True,0.9795,0.6068,B,C,True
SKU-04809,Essential Multivitamin,Health & Beauty,Wellness & Supplements,445560812703,EA,24,1.69,4.6,5.4,8.2,0.1179,HB,surge,2022-11-23,True,31.5526,19.5478,A,A,False
SKU-04810,Daily Omega-3,Health & Beauty,Wellness & Supplements,912416325328,EA,24,1.78,4.5,6.1,4.8,0.0762,HB,surge,2022-07-04,True,3.0345,1.8799,A,B,True
SKU-04811,Complete Omega-3,Health & Beauty,Wellness & Supplements,422260183620,EA,12,2.31,3.1,6.2,8.6,0.0957,HB,surge,2024-08-31,True,3.2057,1.986,A,B,True
SKU-04812,Advanced Omega-3,Health & Beauty,Wellness & Supplements,498263897335,EA,48,2.13,5.4,6.4,4.9,0.098,HB,surge,2024-04-14,True,0.7407,0.4588,C,C,False
SKU-04813,Pure Multivitamin,Health & Beauty,Wellness & Supplements,698988084680,EA,12,1.93,4.2,4.8,4.5,0.0525,HB,surge,2025-02-28,True,11.9149,7.3817,A,A,False
SKU-04814,Advanced Vitamin C Gummies,Health & Beauty,Wellness & Supplements,495043669621,EA,6,2.03,5.1,4.1,4.2,0.0508,HB,surge,2023-05-27,True,39.6241,24.5484,A,A,False
SKU-04815,Ultra Magnesium,Health & Beauty,Wellness & Supplements,876191846030,EA,24,1.04,3.7,5.5,9.4,0.1107,HB,surge,2024-07-31,True,1.0358,0.6417,B,C,True
SKU-04816,Essential Omega-3,Health & Beauty,Wellness & Supplements,004513306370,EA,6,0.53,5.2,3.2,5.5,0.053,HB,surge,2022-09-29,True,1.5193,0.9412,B,B,False
SKU-04817,Pure Collagen Peptides,Health & Beauty,Wellness & Supplements,252404531013,EA,48,1.1,5.7,5.8,7.3,0.1397,HB,surge,2023-11-27,True,0.6855,0.4247,C,C,False
SKU-04818,Daily Vitamin C Gummies,Health & Beauty,Wellness & Supplements,660884957269,EA,24,0.59,6.6,3.0,5.3,0.0607,HB,surge,2023-04-29,True,0.8477,0.5252,B,C,True
SKU-04819,Complete Multivitamin,Health & Beauty,Wellness & Supplements,049799032606,EA,12,0.59,5.9,3.5,6.4,0.0765,HB,surge,2024-10-18,True,0.8647,0.5357,B,C,True
SKU-04820,Pure Probiotic 50B,Health & Beauty,Wellness & Supplements,360862017660,EA,6,1.71,6.5,5.2,6.9,0.135,HB,surge,2022-09-29,True,0.8867,0.5494,B,C,True
SKU-04821,Ultra Collagen Peptides,Health & Beauty,Wellness & Supplements,348478529669,EA,24,0.96,3.4,6.1,5.3,0.0636,HB,surge,2023-06-20,True,1.0957,0.6788,B,B,False
SKU-04822,Pure Magnesium,Health & Beauty,Wellness & Supplements,756597263642,EA,12,0.61,4.1,5.1,5.9,0.0714,HB,surge,2024-01-12,True,0.799,0.495,B,C,True
SKU-04823,Pure Multivitamin,Health & Beauty,Wellness & Supplements,164474001381,EA,24,2.12,6.0,3.7,4.4,0.0565,HB,surge,2025-04-11,True,0.9869,0.6114,B,C,True
SKU-04824,Premium Multivitamin,Health & Beauty,Wellness & Supplements,423079008906,EA,12,1.18,6.3,6.6,5.4,0.1299,HB,surge,2022-11-13,True,5.3496,3.3142,A,A,False
SKU-04825,Complete Probiotic 50B,Health & Beauty,Wellness & Supplements,764846994485,EA,24,0.78,5.4,3.4,8.0,0.085,HB,surge,2025-02-22,True,1.5132,0.9375,B,B,False
SKU-04826,Essential Probiotic 50B,Health & Beauty,Wellness & Supplements,020216140943,EA,12,0.54,3.7,3.5,4.8,0.036,HB,surge,2025-03-08,True,1.368,0.8475,B,B,False
SKU-04827,Daily Probiotic 50B,Health & Beauty,Wellness & Supplements,384919835113,EA,12,2.16,6.4,4.5,4.4,0.0733,HB,surge,2023-07-06,True,0.8375,0.5188,B,C,True
SKU-04828,Complete Vitamin C Gummies,Health & Beauty,Wellness & Supplements,512559294266,EA,48,0.4,4.1,6.8,4.3,0.0694,HB,surge,2022-04-18,True,1.0501,0.6506,B,C,True
SKU-04829,Premium Collagen Peptides,Health & Beauty,Wellness & Supplements,540421477351,EA,12,1.69,3.9,5.8,7.1,0.0929,HB,surge,2023-12-23,True,1.8601,1.1524,B,B,False
SKU-04830,Daily Multivitamin,Health & Beauty,Wellness & Supplements,262585931485,EA,24,1.71,5.2,6.3,9.1,0.1725,HB,surge,2022-10-27,True,0.907,0.5619,B,C,True
SKU-04831,Daily Whey Protein,Health & Beauty,Wellness & Supplements,825975623790,EA,12,1.94,3.8,6.9,9.8,0.1487,HB,surge,2023-03-09,True,0.9903,0.6135,B,C,True
SKU-04832,Ultra Vitamin C Gummies,Health & Beauty,Wellness & Supplements,949517189534,EA,24,2.14,4.4,4.3,5.6,0.0613,HB,surge,2024-03-09,True,1.013,0.6276,B,C,True
SKU-04833,Essential Omega-3,Health & Beauty,Wellness & Supplements,767094474785,EA,24,1.61,3.6,4.9,7.1,0.0725,HB,surge,2022-08-05,True,2.0466,1.268,B,B,False
SKU-04834,Complete Whey Protein,Health & Beauty,Wellness & Supplements,584085080171,EA,12,1.96,6.2,6.2,8.4,0.1869,HB,surge,2024-02-07,True,0.8203,0.5082,B,C,True
SKU-04835,Premium Magnesium,Health & Beauty,Wellness & Supplements,587228648074,EA,12,1.54,5.9,5.2,5.3,0.0941,HB,surge,2023-04-17,True,0.8939,0.5538,B,C,True
SKU-04836,Pure Vitamin C Gummies,Health & Beauty,Wellness & Supplements,420406909046,EA,24,2.24,5.3,7.0,6.3,0.1353,HB,surge,2024-02-27,True,1.6044,0.994,B,B,False
SKU-04837,Daily Multivitamin,Health & Beauty,Wellness & Supplements,599062006971,EA,12,2.02,4.1,4.7,7.1,0.0792,HB,surge,2022-10-01,True,1.1548,0.7154,B,B,False
SKU-04838,Daily Magnesium,Health & Beauty,Wellness & Supplements,091046694148,EA,6,1.44,6.1,4.2,6.9,0.1023,HB,surge,2024-07-02,True,0.7419,0.4596,C,C,False
SKU-04839,Pure Magnesium,Health & Beauty,Wellness & Supplements,543661925160,EA,12,0.74,3.7,5.9,4.2,0.0531,HB,surge,2023-12-04,True,1.032,0.6394,B,C,True
SKU-04840,Advanced Probiotic 50B,Health & Beauty,Wellness & Supplements,972932413394,EA,24,1.39,6.8,5.9,9.8,0.2275,HB,surge,2022-09-30,True,2.3485,1.455,B,B,False
SKU-04841,Ultra Magnesium,Health & Beauty,Wellness & Supplements,564137967174,EA,24,1.49,6.8,4.2,7.5,0.124,HB,surge,2023-05-03,True,7.6234,4.723,A,A,False
SKU-04842,Complete Collagen Peptides,Health & Beauty,Wellness & Supplements,237024114639,EA,12,1.91,4.7,5.9,5.6,0.0899,HB,surge,2022-03-09,True,3.8635,2.3936,A,B,True
SKU-04843,Essential Collagen Peptides,Health & Beauty,Wellness & Supplements,230141881282,EA,12,1.12,5.9,6.8,7.1,0.1648,HB,surge,2022-12-30,True,0.7841,0.4858,B,C,True
SKU-04844,Daily Probiotic 50B,Health & Beauty,Wellness & Supplements,629587607079,EA,24,2.14,3.8,5.8,6.7,0.0855,HB,surge,2022-04-20,True,1.5589,0.9658,B,B,False
SKU-04845,Complete Multivitamin,Health & Beauty,Wellness & Supplements,623681512702,EA,24,1.46,3.6,3.3,4.9,0.0337,HB,surge,2024-09-11,True,1.4282,0.8848,B,B,False
SKU-04846,Complete Magnesium,Health & Beauty,Wellness & Supplements,720416529839,EA,12,1.58,3.3,5.5,4.1,0.0431,HB,surge,2023-11-06,True,8.2113,5.0871,A,A,False
SKU-04847,Complete Collagen Peptides,Health & Beauty,Wellness & Supplements,527302808227,EA,48,0.9,3.4,6.8,4.8,0.0642,HB,surge,2024-09-23,True,1.1911,0.7379,B,B,False
SKU-04848,Advanced Whey Protein,Health & Beauty,Wellness & Supplements,867601863759,EA,12,1.98,4.7,3.3,9.0,0.0808,HB,surge,2023-03-29,True,0.9906,0.6137,B,C,True
SKU-04849,Essential Whey Protein,Health & Beauty,Wellness & Supplements,877300119138,EA,12,1.25,6.3,3.2,6.5,0.0758,HB,surge,2023-01-29,True,0.8035,0.4978,B,C,True
SKU-04850,Ultra Vitamin C Gummies,Health & Beauty,Wellness & Supplements,939746590780,EA,24,1.98,6.6,4.2,8.5,0.1364,HB,surge,2023-02-23,True,0.7355,0.4557,C,C,False
SKU-04851,Daily Whey Protein,Health & Beauty,Wellness & Supplements,475241833131,EA,6,0.52,5.2,3.6,7.0,0.0758,HB,surge,2023-02-26,True,3.3941,2.1028,A,B,True
SKU-04852,Daily Probiotic 50B,Health & Beauty,Wellness & Supplements,098324741192,EA,24,1.85,5.1,4.0,7.2,0.085,HB,surge,2023-03-05,True,0.7793,0.4828,B,C,True
SKU-04853,Premium Omega-3,Health & Beauty,Wellness & Supplements,756263851608,EA,12,0.66,5.4,4.5,5.8,0.0816,HB,surge,2022-09-30,True,2.5242,1.5638,B,B,False
SKU-04854,Advanced Omega-3,Health & Beauty,Wellness & Supplements,711087855006,EA,24,1.4,3.3,3.8,4.0,0.029,HB,surge,2022-10-12,True,1.6704,1.0349,B,B,False
SKU-04855,Complete Multivitamin,Health & Beauty,Wellness & Supplements,301545888008,EA,48,0.36,3.5,4.9,4.3,0.0427,HB,surge,2025-04-30,True,0.9323,0.5776,B,C,True
SKU-04856,Advanced Vitamin C Gummies,Health & Beauty,Wellness & Supplements,512286308628,EA,24,0.96,3.2,4.0,8.9,0.0659,HB,surge,2025-03-01,True,0.7619,0.472,C,C,False
SKU-04857,Daily Probiotic 50B,Health & Beauty,Wellness & Supplements,089694772741,EA,6,0.31,4.6,6.4,9.6,0.1636,HB,surge,2023-02-04,True,1.1158,0.6913,B,B,False
SKU-04858,Daily Vitamin C Gummies,Health & Beauty,Wellness & Supplements,491165882679,EA,12,2.04,6.6,5.9,8.4,0.1893,HB,surge,2025-03-23,True,0.7973,0.494,B,C,True
SKU-04859,Complete Collagen Peptides,Health & Beauty,Wellness & Supplements,148227361054,EA,48,0.77,3.9,3.3,7.7,0.0573,HB,surge,2023-01-30,True,2.4219,1.5005,B,B,False
SKU-04860,Pure Magnesium,Health & Beauty,Wellness & Supplements,826721383222,EA,24,0.53,6.2,5.5,8.3,0.1638,HB,surge,2023-03-29,True,30.6998,19.0195,A,A,False
SKU-04861,Pure Probiotic 50B,Health & Beauty,Wellness & Supplements,446342750530,EA,24,1.03,4.2,3.3,8.9,0.0714,HB,surge,2025-02-10,True,0.8406,0.5208,B,C,True
SKU-04862,Ultra Multivitamin,Health & Beauty,Wellness & Supplements,013096027241,EA,48,1.65,4.1,6.9,5.5,0.09,HB,surge,2025-03-21,True,1.1714,0.7257,B,B,False
SKU-04863,Pure Multivitamin,Health & Beauty,Wellness & Supplements,337926296004,EA,12,0.81,4.6,5.6,4.6,0.0686,HB,surge,2024-08-25,True,3.1818,1.9712,A,B,True
SKU-04864,Pure Collagen Peptides,Health & Beauty,Wellness & Supplements,658895074660,EA,12,2.37,6.6,5.3,5.8,0.1174,HB,surge,2022-12-17,True,0.9043,0.5603,B,C,True
SKU-04865,Advanced Magnesium,Health & Beauty,Wellness & Supplements,720027379935,EA,24,0.76,6.5,4.2,7.4,0.1169,HB,surge,2024-10-13,True,89.6757,55.5569,A,A,False
SKU-04866,Daily Multivitamin,Health & Beauty,Wellness & Supplements,224960075535,EA,24,0.68,4.6,4.3,6.4,0.0733,HB,surge,2023-06-04,True,2.4946,1.5455,B,B,False
SKU-04867,Daily Vitamin C Gummies,Health & Beauty,Wellness & Supplements,184467037764,EA,12,2.29,5.7,4.1,5.6,0.0757,HB,surge,2023-10-23,True,0.8829,0.5469,B,C,True
SKU-04868,Complete Vitamin C Gummies,Health & Beauty,Wellness & Supplements,103206508455,EA,48,2.34,5.0,3.9,7.2,0.0813,HB,surge,2024-08-29,True,0.7267,0.4502,C,C,False
SKU-04869,Premium Multivitamin,Health & Beauty,Wellness & Supplements,920948897059,EA,24,0.78,5.7,6.9,5.8,0.132,HB,surge,2022-09-14,True,2.3229,1.4391,B,B,False
SKU-04870,Premium Omega-3,Health & Beauty,Wellness & Supplements,263109195891,EA,24,0.96,5.5,3.7,6.5,0.0765,HB,surge,2023-03-31,True,1.0563,0.6544,B,C,True
SKU-04871,Ultra Collagen Peptides,Health & Beauty,Wellness & Supplements,067608240781,EA,6,2.26,3.6,5.6,5.2,0.0607,HB,surge,2023-05-01,True,4.249,2.6324,A,A,False
SKU-04872,Advanced Omega-3,Health & Beauty,Wellness & Supplements,356943173628,EA,24,2.23,5.9,6.5,7.8,0.1731,HB,surge,2023-10-17,True,2.0092,1.2448,B,B,False
SKU-04873,Advanced Probiotic 50B,Health & Beauty,Wellness & Supplements,652186839587,EA,48,1.39,3.1,6.7,6.3,0.0757,HB,surge,2023-06-08,True,8.944,5.5411,A,A,False
SKU-04874,Complete Whey Protein,Health & Beauty,Wellness & Supplements,732889487834,EA,24,0.37,6.2,5.2,5.4,0.1008,HB,surge,2024-01-20,True,2.1971,1.3612,B,B,False
SKU-04875,Essential Multivitamin,Health & Beauty,Wellness & Supplements,513332913461,EA,24,2.1,4.6,5.8,7.7,0.1189,HB,surge,2025-02-27,True,7.8881,4.887,A,A,False
SKU-04876,Essential Multivitamin,Health & Beauty,Wellness & Supplements,162676094665,EA,48,0.76,5.5,6.2,6.8,0.1342,HB,surge,2022-08-11,True,3.4561,2.1411,A,B,True
SKU-04877,Daily Omega-3,Health & Beauty,Wellness & Supplements,560716713558,EA,48,1.67,4.8,6.0,5.3,0.0883,HB,surge,2024-02-05,True,1.3752,0.852,B,B,False
SKU-04878,Ultra Vitamin C Gummies,Health & Beauty,Wellness & Supplements,261995345874,EA,24,2.34,3.2,5.7,5.4,0.057,HB,surge,2023-07-31,True,100.2258,62.0931,A,A,False
SKU-04879,Complete Collagen Peptides,Health & Beauty,Wellness & Supplements,329092889955,EA,6,0.98,5.2,5.9,7.1,0.1261,HB,surge,2022-09-24,True,2.4031,1.4888,B,B,False
SKU-04880,Essential Magnesium,Health & Beauty,Wellness & Supplements,525465003347,EA,48,0.4,6.4,4.1,5.1,0.0774,HB,surge,2022-12-26,True,1.7841,1.1053,B,B,False
SKU-04881,Premium Magnesium,Health & Beauty,Wellness & Supplements,342504449758,EA,24,0.82,4.0,5.7,7.7,0.1016,HB,surge,2023-05-04,True,9.0389,5.5999,A,A,False
SKU-04882,Advanced Whey Protein,Health & Beauty,Wellness & Supplements,253784030231,EA,6,0.89,6.9,3.4,9.7,0.1317,HB,surge,2024-05-21,True,1.2063,0.7473,B,B,False
SKU-04883,Essential Omega-3,Health & Beauty,Wellness & Supplements,077296460720,EA,24,0.86,5.1,6.4,4.5,0.085,HB,surge,2025-05-20,True,1.3177,0.8164,B,B,False
SKU-04884,Premium Magnesium,Health & Beauty,Wellness & Supplements,532424019341,EA,48,0.67,6.9,4.4,7.8,0.137,HB,surge,2024-06-28,True,1.5909,0.9856,B,B,False
SKU-04885,Ultra Omega-3,Health & Beauty,Wellness & Supplements,520732186383,EA,12,1.22,6.2,3.8,5.2,0.0709,HB,surge,2024-03-05,True,1.2333,0.7641,B,B,False
SKU-04886,Pure Collagen Peptides,Health & Beauty,Wellness & Supplements,566898045754,EA,24,1.29,4.7,4.6,10.0,0.1251,HB,surge,2023-06-26,True,0.8771,0.5434,B,C,True
SKU-04887,Advanced Probiotic 50B,Health & Beauty,Wellness & Supplements,295081608683,EA,48,1.92,5.3,5.0,4.1,0.0629,HB,surge,2022-07-11,True,4.7793,2.961,A,A,False
SKU-04888,Premium Omega-3,Health & Beauty,Wellness & Supplements,462143972669,EA,24,1.6,6.1,3.6,6.5,0.0826,HB,surge,2023-08-07,True,0.7129,0.4417,C,C,False
SKU-04889,Essential Probiotic 50B,Health & Beauty,Wellness & Supplements,601217806243,EA,6,0.76,6.5,6.8,6.9,0.1765,HB,surge,2022-11-11,True,8.627,5.3447,A,A,False
SKU-04890,Ultra Multivitamin,Health & Beauty,Wellness & Supplements,633141518174,EA,12,1.26,5.1,5.7,8.7,0.1464,HB,surge,2024-10-19,True,6.1958,3.8385,A,A,False
SKU-04891,Daily Omega-3,Health & Beauty,Wellness & Supplements,536788901877,EA,12,2.02,3.0,6.8,4.1,0.0484,HB,surge,2023-11-30,True,2.5954,1.6079,B,B,False
SKU-04892,Complete Collagen Peptides,Health & Beauty,Wellness & Supplements,202580511056,EA,12,1.68,4.5,4.2,4.2,0.0459,HB,surge,2023-03-31,True,5.7954,3.5904,A,A,False
SKU-04893,Ultra Whey Protein,Health & Beauty,Wellness & Supplements,336540419814,EA,24,1.96,6.9,6.9,5.2,0.1433,HB,surge,2023-11-01,True,0.9673,0.5993,B,C,True
SKU-04894,Premium Multivitamin,Health & Beauty,Wellness & Supplements,825681096293,EA,24,1.92,6.2,6.5,9.4,0.2192,HB,surge,2022-05-29,True,6.6556,4.1234,A,A,False
SKU-04895,Advanced Vitamin C Gummies,Health & Beauty,Wellness & Supplements,355611179319,EA,12,1.69,4.2,3.3,6.9,0.0553,HB,surge,2023-04-18,True,1.7945,1.1117,B,B,False
SKU-04896,Pure Probiotic 50B,Health & Beauty,Wellness & Supplements,858967493799,EA,48,2.32,3.1,6.6,9.3,0.1101,HB,surge,2024-10-03,True,6.3576,3.9387,A,A,False
SKU-04897,Advanced Omega-3,Health & Beauty,Wellness & Supplements,340199570080,EA,24,0.73,5.0,5.9,5.6,0.0956,HB,surge,2022-03-16,True,2.0945,1.2976,B,B,False
SKU-04898,Essential Probiotic 50B,Health & Beauty,Wellness & Supplements,805699418657,EA,6,1.17,5.4,6.8,9.7,0.2061,HB,surge,2025-02-22,True,1.3254,0.8211,B,B,False
SKU-04899,Advanced Multivitamin,Health & Beauty,Wellness & Supplements,631569494827,EA,12,1.15,3.8,3.2,4.6,0.0324,HB,surge,2025-04-04,True,1.272,0.788,B,B,False
SKU-04900,Premium Collagen Peptides,Health & Beauty,Wellness & Supplements,778936672927,EA,48,1.19,6.1,6.9,6.8,0.1656,HB,surge,2024-12-18,True,2.0116,1.2463,B,B,False
SKU-04901,Pure Magnesium,Health & Beauty,Wellness & Supplements,302998526880,EA,24,2.45,6.2,4.1,9.9,0.1456,HB,surge,2022-05-03,True,0.8355,0.5176,B,C,True
SKU-04902,Advanced Multivitamin,Health & Beauty,Wellness & Supplements,552751708693,EA,12,1.63,5.1,7.0,4.2,0.0868,HB,surge,2023-11-05,True,0.849,0.526,B,C,True
SKU-04903,Advanced Collagen Peptides,Health & Beauty,Wellness & Supplements,213721399003,EA,6,1.67,4.5,3.9,5.4,0.0548,HB,surge,2022-10-25,True,0.8044,0.4984,B,C,True
SKU-04904,Complete Collagen Peptides,Health & Beauty,Wellness & Supplements,822026530939,EA,24,0.5,5.4,4.2,9.8,0.1286,HB,surge,2022-11-03,True,2.304,1.4274,B,B,False
SKU-04905,Pure Whey Protein,Health & Beauty,Wellness & Supplements,411434973532,EA,12,0.58,5.6,3.4,4.2,0.0463,HB,surge,2024-12-09,True,0.6923,0.4289,C,C,False
SKU-04906,Daily Multivitamin,Health & Beauty,Wellness & Supplements,581248191961,EA,48,1.55,5.7,3.9,7.8,0.1003,HB,surge,2025-03-25,True,1.0252,0.6351,B,C,True
SKU-04907,Complete Magnesium,Health & Beauty,Wellness & Supplements,855120972452,EA,6,1.9,4.5,3.7,6.7,0.0646,HB,surge,2022-04-30,True,4.397,2.7241,A,A,False
SKU-04908,Daily Omega-3,Health & Beauty,Wellness & Supplements,776830265279,EA,6,1.97,4.6,4.1,8.4,0.0917,HB,surge,2025-04-22,True,2.0728,1.2842,B,B,False
SKU-04909,Premium Probiotic 50B,Health & Beauty,Wellness & Supplements,943945250864,EA,24,1.37,5.8,6.0,7.8,0.1571,HB,surge,2023-06-10,True,1.0472,0.6488,B,C,True
SKU-04910,Complete Omega-3,Health & Beauty,Wellness & Supplements,400436801503,EA,24,1.02,3.8,4.8,6.0,0.0633,HB,surge,2025-04-04,True,0.7605,0.4711,C,C,False
SKU-04911,Pure Multivitamin,Health & Beauty,Wellness & Supplements,065972158555,EA,12,0.51,5.9,5.2,9.7,0.1722,HB,surge,2022-07-07,True,6.3222,3.9168,A,A,False
SKU-04912,Daily Omega-3,Health & Beauty,Wellness & Supplements,703581573448,EA,24,1.46,4.1,5.8,5.6,0.0771,HB,surge,2024-02-03,True,1.1198,0.6938,B,B,False
SKU-04913,Pure Probiotic 50B,Health & Beauty,Wellness & Supplements,935203893675,EA,24,1.17,4.7,5.9,4.9,0.0786,HB,surge,2024-12-22,True,0.8601,0.5329,B,C,True
SKU-04914,Complete Whey Protein,Health & Beauty,Wellness & Supplements,536138056539,EA,24,1.57,6.2,4.4,9.4,0.1484,HB,surge,2022-09-30,True,1.5206,0.9421,B,B,False
SKU-04915,Daily Magnesium,Health & Beauty,Wellness & Supplements,539138401892,EA,12,2.48,5.8,5.3,7.2,0.1281,HB,surge,2024-08-14,True,1.3342,0.8266,B,B,False
SKU-04916,Complete Whey Protein,Health & Beauty,Wellness & Supplements,361410437009,EA,12,0.32,4.4,3.4,5.1,0.0442,HB,surge,2022-08-19,True,0.975,0.6041,B,C,True
SKU-04917,Complete Multivitamin,Health & Beauty,Wellness & Supplements,216642775351,EA,6,1.08,4.0,3.4,8.2,0.0645,HB,surge,2024-07-01,True,6.1511,3.8108,A,A,False
SKU-04918,Advanced Vitamin C Gummies,Health & Beauty,Wellness & Supplements,167036777168,EA,24,1.82,5.7,5.4,5.9,0.1051,HB,surge,2022-06-28,True,2.8326,1.7549,A,B,True
SKU-04919,Complete Vitamin C Gummies,Health & Beauty,Wellness & Supplements,236572439981,EA,6,2.41,3.1,6.6,4.4,0.0521,HB,surge,2023-08-30,True,1.4276,0.8844,B,B,False
SKU-04920,Essential Whey Protein,Health & Beauty,Wellness & Supplements,226490695104,EA,24,2.12,4.0,6.7,9.9,0.1535,HB,surge,2023-03-26,True,0.7024,0.4352,C,C,False
SKU-04921,Ultra Multivitamin,Health & Beauty,Wellness & Supplements,874517603190,EA,24,1.73,5.6,3.1,8.4,0.0844,HB,surge,2024-05-20,True,1.3022,0.8067,B,B,False
SKU-04922,Essential Omega-3,Health & Beauty,Wellness & Supplements,553853044087,EA,12,0.75,3.7,4.7,7.7,0.0775,HB,surge,2023-06-17,True,1.0221,0.6332,B,C,True
SKU-04923,Daily Probiotic 50B,Health & Beauty,Wellness & Supplements,001793294253,EA,12,0.58,3.8,3.7,6.4,0.0521,HB,surge,2022-06-09,True,0.7305,0.4526,C,C,False
SKU-04924,Pure Omega-3,Health & Beauty,Wellness & Supplements,280110228224,EA,6,0.67,6.4,3.6,7.0,0.0933,HB,surge,2023-01-02,True,2.696,1.6702,A,B,True
SKU-04925,Daily Probiotic 50B,Health & Beauty,Wellness & Supplements,696841615782,EA,48,0.41,5.3,5.9,8.8,0.1592,HB,surge,2024-08-05,True,1.5391,0.9536,B,B,False
SKU-04926,Pure Omega-3,Health & Beauty,Wellness & Supplements,029009721590,EA,48,2.17,4.8,4.6,6.8,0.0869,HB,surge,2024-11-28,True,1.5857,0.9824,B,B,False
SKU-04927,Pure Omega-3,Health & Beauty,Wellness & Supplements,145693513211,EA,6,0.52,3.2,5.6,4.1,0.0425,HB,surge,2024-06-10,True,0.7759,0.4807,B,C,True
SKU-04928,Pure Magnesium,Health & Beauty,Wellness & Supplements,466094391793,EA,12,1.08,4.6,3.9,5.4,0.0561,HB,surge,2023-08-19,True,50.8609,31.5099,A,A,False
SKU-04929,Ultra Vitamin C Gummies,Health & Beauty,Wellness & Supplements,583175537460,EA,48,2.46,5.9,5.4,7.4,0.1364,HB,surge,2022-11-05,True,1.0193,0.6315,B,C,True
SKU-04930,Pure Multivitamin,Health & Beauty,Wellness & Supplements,630425424766,EA,6,0.71,5.3,6.7,5.5,0.113,HB,surge,2025-02-01,True,1.1994,0.7431,B,B,False
SKU-04931,Premium Collagen Peptides,Health & Beauty,Wellness & Supplements,543013653520,EA,12,1.42,4.4,4.4,9.9,0.1109,HB,surge,2024-11-06,True,1.3464,0.8341,B,B,False
SKU-04932,Pure Probiotic 50B,Health & Beauty,Wellness & Supplements,266211840641,EA,6,1.99,3.0,3.9,9.9,0.067,HB,surge,2022-12-28,True,19.3618,11.9953,A,A,False
SKU-04933,Complete Magnesium,Health & Beauty,Wellness & Supplements,261253900094,EA,48,0.39,3.8,5.4,8.2,0.0974,HB,surge,2023-08-25,True,0.7663,0.4747,C,C,False
SKU-04934,Complete Magnesium,Health & Beauty,Wellness & Supplements,012882545044,EA,6,2.11,6.9,5.4,8.9,0.1919,HB,surge,2023-04-20,True,2.1139,1.3097,B,B,False
SKU-04935,Essential Collagen Peptides,Health & Beauty,Wellness & Supplements,723732615234,EA,24,0.85,6.2,6.7,7.4,0.1779,HB,surge,2024-08-30,True,1.2267,0.76,B,B,False
SKU-04936,Pure Multivitamin,Health & Beauty,Wellness & Supplements,383118066273,EA,24,1.04,4.6,6.0,9.1,0.1453,HB,surge,2024-04-12,True,1.4576,0.903,B,B,False
SKU-04937,Pure Multivitamin,Health & Beauty,Wellness & Supplements,177795145740,EA,48,1.26,6.4,4.6,4.3,0.0733,HB,surge,2023-07-08,True,1.1014,0.6823,B,B,False
SKU-04938,Ultra Whey Protein,Health & Beauty,Wellness & Supplements,921526607155,EA,6,2.39,6.2,4.1,9.5,0.1398,HB,surge,2024-10-22,True,9.3361,5.784,A,A,False
SKU-04939,Essential Collagen Peptides,Health & Beauty,Wellness & Supplements,294963016619,EA,12,1.22,5.8,5.5,9.2,0.1698,HB,surge,2022-12-03,True,1.7973,1.1135,B,B,False
SKU-04940,Premium Magnesium,Health & Beauty,Wellness & Supplements,519683625295,EA,12,1.83,6.2,4.6,7.0,0.1155,HB,surge,2023-08-29,True,7.6577,4.7442,A,A,False
SKU-04941,Ultra Whey Protein,Health & Beauty,Wellness & Supplements,128397468085,EA,48,2.12,6.7,4.2,6.0,0.0977,HB,surge,2022-09-03,True,0.6973,0.432,C,C,False
SKU-04942,Complete Probiotic 50B,Health & Beauty,Wellness & Supplements,534180122095,EA,12,0.43,6.6,4.0,6.0,0.0917,HB,surge,2024-12-15,True,9.6809,5.9976,A,A,False
SKU-04943,Essential Probiotic 50B,Health & Beauty,Wellness & Supplements,753831270409,EA,12,0.51,5.3,5.4,8.0,0.1325,HB,surge,2024-08-20,True,0.7077,0.4385,C,C,False
SKU-04944,Pure Probiotic 50B,Health & Beauty,Wellness & Supplements,221173850403,EA,24,2.39,6.5,3.7,6.6,0.0919,HB,surge,2024-05-03,True,0.7603,0.471,C,C,False
SKU-04945,Premium Vitamin C Gummies,Health & Beauty,Wellness & Supplements,687779330140,EA,24,0.65,3.9,5.1,5.0,0.0576,HB,surge,2024-04-07,True,0.8075,0.5003,B,C,True
SKU-04946,Complete Whey Protein,Health & Beauty,Wellness & Supplements,635462379530,EA,48,2.33,5.4,6.8,9.5,0.2019,HB,surge,2022-06-12,True,3.0425,1.885,A,B,True
SKU-04947,Essential Vitamin C Gummies,Health & Beauty,Wellness & Supplements,268152413136,EA,12,2.03,6.7,4.0,8.5,0.1318,HB,surge,2022-08-12,True,1.3796,0.8547,B,B,False
SKU-04948,Advanced Multivitamin,Health & Beauty,Wellness & Supplements,124809596417,EA,24,2.47,3.9,5.7,4.5,0.0579,HB,surge,2024-03-16,True,0.8209,0.5086,B,C,True
SKU-04949,Premium Magnesium,Health & Beauty,Wellness & Supplements,739840889940,EA,12,1.84,3.6,3.5,9.9,0.0722,HB,surge,2024-02-21,True,0.9037,0.5598,B,C,True
SKU-04950,Essential Omega-3,Health & Beauty,Wellness & Supplements,012012719930,EA,12,2.08,3.0,4.2,5.5,0.0401,HB,surge,2024-12-21,True,0.8622,0.5342,B,C,True
SKU-04951,Daily Vitamin C Gummies,Health & Beauty,Wellness & Supplements,332998828417,EA,48,2.08,6.0,4.9,6.3,0.1072,HB,surge,2022-09-29,True,0.857,0.531,B,C,True
SKU-04952,Pure Probiotic 50B,Health & Beauty,Wellness & Supplements,356508951858,EA,24,0.57,6.8,6.3,7.0,0.1735,HB,surge,2023-02-20,True,5.0335,3.1184,A,A,False
SKU-04953,Premium Omega-3,Health & Beauty,Wellness & Supplements,665590764199,EA,12,0.4,4.8,4.0,4.3,0.0478,HB,surge,2023-02-26,True,0.7457,0.462,C,C,False
SKU-04954,Ultra Whey Protein,Health & Beauty,Wellness & Supplements,336188791743,EA,24,0.31,6.5,3.3,4.1,0.0509,HB,surge,2024-06-14,True,1.2533,0.7764,B,B,False
SKU-04955,Daily Probiotic 50B,Health & Beauty,Wellness & Supplements,822736292974,EA,24,1.05,3.3,6.6,5.5,0.0693,HB,surge,2022-06-09,True,2.9658,1.8374,A,B,True
SKU-04956,Premium Omega-3,Health & Beauty,Wellness & Supplements,616873492584,EA,6,2.4,6.4,6.7,7.6,0.1886,HB,surge,2022-09-22,True,0.6936,0.4297,C,C,False
SKU-04957,Premium Collagen Peptides,Health & Beauty,Wellness & Supplements,081973368007,EA,12,1.15,3.4,6.1,5.7,0.0684,HB,surge,2023-12-01,True,1.5274,0.9463,B,B,False
SKU-04958,Premium Magnesium,Health & Beauty,Wellness & Supplements,448976665187,EA,12,0.88,6.5,4.6,8.9,0.154,HB,surge,2023-09-21,True,0.7842,0.4859,B,C,True
SKU-04959,Essential Magnesium,Health & Beauty,Wellness & Supplements,382707494164,EA,6,1.88,6.5,5.8,7.0,0.1527,HB,surge,2024-12-28,True,15.0783,9.3414,A,A,False
SKU-04960,Pure Probiotic 50B,Health & Beauty,Wellness & Supplements,867193450625,EA,24,1.95,4.7,5.9,4.7,0.0754,HB,surge,2023-01-18,True,1.6096,0.9972,B,B,False
SKU-04961,Daily Multivitamin,Health & Beauty,Wellness & Supplements,387982315789,EA,12,0.68,5.6,4.5,4.9,0.0715,HB,surge,2024-01-18,True,0.7134,0.4419,C,C,False
SKU-04962,Premium Probiotic 50B,Health & Beauty,Wellness & Supplements,564566919005,EA,12,2.04,3.6,3.9,4.8,0.039,HB,surge,2023-09-10,True,1.7098,1.0593,B,B,False
SKU-04963,Essential Omega-3,Health & Beauty,Wellness & Supplements,370388048427,EA,24,1.23,5.7,4.7,9.1,0.1411,HB,surge,2022-04-29,True,1.0055,0.6229,B,C,True
SKU-04964,Pure Omega-3,Health & Beauty,Wellness & Supplements,788309825937,EA,12,0.37,3.7,6.2,6.7,0.0889,HB,surge,2022-04-08,True,0.7622,0.4722,C,C,False
SKU-04965,Pure Vitamin C Gummies,Health & Beauty,Wellness & Supplements,324581374741,EA,48,0.66,4.4,3.8,9.0,0.0871,HB,surge,2023-03-11,True,4.0664,2.5193,A,B,True
SKU-04966,Complete Whey Protein,Health & Beauty,Wellness & Supplements,132598399444,EA,12,0.66,6.8,6.5,5.2,0.133,HB,surge,2024-11-19,True,0.8433,0.5224,B,C,True
SKU-04967,Daily Whey Protein,Health & Beauty,Wellness & Supplements,525584878616,EA,24,1.07,7.0,6.7,6.5,0.1764,HB,surge,2024-03-10,True,3.1178,1.9315,A,B,True
SKU-04968,Daily Whey Protein,Health & Beauty,Wellness & Supplements,187201600743,EA,12,1.66,5.8,5.6,8.2,0.1541,HB,surge,2023-10-08,True,2.3964,1.4846,B,B,False
SKU-04969,Daily Omega-3,Health & Beauty,Wellness & Supplements,740308988743,EA,6,0.46,6.7,5.4,4.7,0.0984,HB,surge,2022-05-14,True,0.7938,0.4918,B,C,True
SKU-04970,Complete Collagen Peptides,Health & Beauty,Wellness & Supplements,914228760996,EA,12,0.91,5.6,5.1,6.6,0.1091,HB,surge,2025-03-11,True,1.1089,0.687,B,B,False
SKU-04971,Pure Probiotic 50B,Health & Beauty,Wellness & Supplements,846766512839,EA,24,0.56,5.9,4.0,5.5,0.0751,HB,surge,2022-11-07,True,1.1169,0.692,B,B,False
SKU-04972,Advanced Whey Protein,Health & Beauty,Wellness & Supplements,169974703295,EA,48,0.72,6.2,5.1,4.2,0.0769,HB,surge,2022-11-08,True,4.2331,2.6226,A,A,False
SKU-04973,Daily Probiotic 50B,Health & Beauty,Wellness & Supplements,091189138544,EA,12,0.71,3.9,6.7,9.3,0.1406,HB,surge,2022-04-03,True,1.5179,0.9404,B,B,False
SKU-04974,Daily Omega-3,Health & Beauty,Wellness & Supplements,138342444206,EA,6,0.88,6.8,6.8,9.5,0.2542,HB,surge,2022-08-10,True,1.7907,1.1094,B,B,False
SKU-04975,Ultra Probiotic 50B,Health & Beauty,Wellness & Supplements,495033210733,EA,12,2.39,4.8,4.7,7.1,0.0927,HB,surge,2022-04-19,True,3.0263,1.8749,A,B,True
SKU-04976,Premium Multivitamin,Health & Beauty,Wellness & Supplements,733324660065,EA,6,2.45,6.5,5.0,9.6,0.1806,HB,surge,2022-04-17,True,1.5843,0.9815,B,B,False
SKU-04977,Complete Vitamin C Gummies,Health & Beauty,Wellness & Supplements,204493414032,EA,12,0.45,3.3,6.8,9.0,0.1169,HB,surge,2023-04-19,True,0.8735,0.5412,B,C,True
SKU-04978,Premium Magnesium,Health & Beauty,Wellness & Supplements,653729327197,EA,12,0.97,4.2,4.1,4.6,0.0458,HB,surge,2024-05-08,True,1.4784,0.9159,B,B,False
SKU-04979,Pure Omega-3,Health & Beauty,Wellness & Supplements,347400017630,EA,12,1.42,5.8,4.7,6.2,0.0978,HB,surge,2024-07-02,True,0.693,0.4294,C,C,False
SKU-04980,Premium Magnesium,Health & Beauty,Wellness & Supplements,906849918011,EA,48,1.27,4.8,3.2,9.3,0.0827,HB,surge,2022-08-28,True,1.9777,1.2253,B,B,False
SKU-04981,Complete Vitamin C Gummies,Health & Beauty,Wellness & Supplements,658914243767,EA,24,2.44,5.4,6.8,8.6,0.1827,HB,surge,2024-04-02,True,1.3056,0.8089,B,B,False
SKU-04982,Advanced Collagen Peptides,Health & Beauty,Wellness & Supplements,147121819836,EA,12,1.35,3.9,3.5,6.1,0.0482,HB,surge,2024-12-02,True,3.2208,1.9954,A,B,True
SKU-04983,Advanced Vitamin C Gummies,Health & Beauty,Wellness & Supplements,645237111989,EA,12,1.75,4.9,5.3,9.0,0.1353,HB,surge,2024-04-13,True,4.2437,2.6291,A,A,False
SKU-04984,Pure Probiotic 50B,Health & Beauty,Wellness & Supplements,319405135094,EA,24,2.0,6.7,6.7,4.7,0.1221,HB,surge,2024-06-27,True,9.0871,5.6298,A,A,False
SKU-04985,Essential Multivitamin,Health & Beauty,Wellness & Supplements,531223727066,EA,24,1.28,4.1,4.7,7.5,0.0836,HB,surge,2023-05-11,True,1.1078,0.6863,B,B,False
SKU-04986,Advanced Multivitamin,Health & Beauty,Wellness & Supplements,046556256654,EA,12,1.0,6.8,6.2,9.4,0.2293,HB,surge,2024-12-17,True,2.2157,1.3727,B,B,False
SKU-04987,Essential Multivitamin,Health & Beauty,Wellness & Supplements,344675613271,EA,48,2.09,4.5,5.4,6.2,0.0872,HB,surge,2023-07-18,True,1.3719,0.8499,B,B,False
SKU-04988,Advanced Collagen Peptides,Health & Beauty,Wellness & Supplements,206344543197,EA,24,1.17,4.0,3.2,8.6,0.0637,HB,surge,2024-08-29,True,0.8271,0.5124,B,C,True
SKU-04989,Ultra Magnesium,Health & Beauty,Wellness & Supplements,392321837470,EA,24,1.68,4.5,5.1,6.7,0.089,HB,surge,2022-06-12,True,0.9141,0.5663,B,C,True
SKU-04990,Complete Probiotic 50B,Health & Beauty,Wellness & Supplements,064074524116,EA,24,0.74,6.7,4.6,7.3,0.1302,HB,surge,2024-11-09,True,3.5571,2.2037,A,B,True
SKU-04991,Premium Multivitamin,Health & Beauty,Wellness & Supplements,401811642872,EA,12,1.58,4.6,6.9,9.4,0.1727,HB,surge,2023-01-14,True,2.7131,1.6809,A,B,True
SKU-04992,Ultra Collagen Peptides,Health & Beauty,Wellness & Supplements,908696167454,EA,12,0.83,6.5,4.8,5.2,0.0939,HB,surge,2023-05-28,True,4.5496,2.8186,A,A,False
SKU-04993,Advanced Multivitamin,Health & Beauty,Wellness & Supplements,444038639084,EA,24,0.37,4.0,4.0,8.7,0.0806,HB,surge,2022-05-07,True,1.9858,1.2303,B,B,False
SKU-04994,Essential Omega-3,Health & Beauty,Wellness & Supplements,882853440216,EA,12,2.06,5.4,6.0,7.1,0.1331,HB,surge,2024-12-12,True,2.6294,1.629,B,B,False
SKU-04995,Premium Multivitamin,Health & Beauty,Wellness & Supplements,106977375305,EA,12,1.34,6.9,4.9,4.4,0.0861,HB,surge,2023-08-07,True,1.1986,0.7426,B,B,False
SKU-04996,Essential Magnesium,Health & Beauty,Wellness & Supplements,965074134863,EA,48,1.99,5.0,4.2,7.2,0.0875,HB,surge,2023-05-17,True,2.5261,1.565,B,B,False
SKU-04997,Pure Magnesium,Health & Beauty,Wellness & Supplements,302716656467,EA,24,1.3,6.3,6.7,4.5,0.1099,HB,surge,2023-02-18,True,1.1898,0.7371,B,B,False
SKU-04998,Premium Probiotic 50B,Health & Beauty,Wellness & Supplements,225937356772,EA,6,1.22,4.3,6.8,6.4,0.1083,HB,surge,2023-08-08,True,2.9026,1.7983,A,B,True
SKU-04999,Essential Multivitamin,Health & Beauty,Wellness & Supplements,023451954790,EA,24,0.9,6.5,3.5,5.3,0.0698,HB,surge,2022-07-18,True,1.5032,0.9313,B,B,False
SKU-05000,Ultra Vitamin C Gummies,Health & Beauty,Wellness & Supplements,731475064798,EA,48,2.17,3.2,3.3,7.4,0.0452,HB,surge,2023-06-12,True,0.9388,0.5816,B,C,True
